ISO-10303-21;
HEADER;
FILE_DESCRIPTION (( 'STEP AP214' ),
    '1' );
FILE_NAME ('30关节-20260520.STEP',
    '2026-05-21T08:45:40',
    ( '' ),
    ( '' ),
    'SwSTEP 2.0',
    'SolidWorks 2024',
    '' );
FILE_SCHEMA (( 'AUTOMOTIVE_DESIGN' ));
ENDSEC;

DATA;
#1 = CARTESIAN_POINT ( 'NONE',  ( 17.67269594614331396, -16.04203427539591331, 25.35068205729319502 ) ) ;
#2 = CARTESIAN_POINT ( 'NONE',  ( 20.51000000000000156, 0.000000000000000000, 0.000000000000000000 ) ) ;
#3 = EDGE_LOOP ( 'NONE', ( #603, #444, #2987 ) ) ;
#4 = ADVANCED_FACE ( 'NONE', ( #2121 ), #379, .T. ) ;
#5 = FACE_OUTER_BOUND ( 'NONE', #3439, .T. ) ;
#6 = CARTESIAN_POINT ( 'NONE',  ( 19.12377164955424291, 29.11619170381109711, -7.228632440432353867 ) ) ;
#7 = CARTESIAN_POINT ( 'NONE',  ( 2.000000000000000000, -19.09188309203661404, -19.09188309203694800 ) ) ;
#8 =( NAMED_UNIT ( * ) SI_UNIT ( $, .STERADIAN. ) SOLID_ANGLE_UNIT ( ) );
#9 = DIRECTION ( 'NONE',  ( 0.000000000000000000, 0.000000000000000000, -1.000000000000000000 ) ) ;
#10 = VERTEX_POINT ( 'NONE', #1723 ) ;
#11 = EDGE_CURVE ( 'NONE', #1144, #1226, #2069, .T. ) ;
#12 = DIRECTION ( 'NONE',  ( -0.000000000000000000, -0.8660254037844450359, -0.4999999999999893419 ) ) ;
#13 =( NAMED_UNIT ( * ) PLANE_ANGLE_UNIT ( ) SI_UNIT ( $, .RADIAN. ) );
#14 = CARTESIAN_POINT ( 'NONE',  ( 5.400000000000000355, 19.48557158514994114, 11.24999999999988809 ) ) ;
#15 = AXIS2_PLACEMENT_3D ( 'NONE', #3045, #3485, #5189 ) ;
#16 = DIRECTION ( 'NONE',  ( -1.000000000000000000, -0.000000000000000000, -0.000000000000000000 ) ) ;
#17 = CARTESIAN_POINT ( 'NONE',  ( 4.399244568688848389, -8.502916798369886564, -28.77001984550733837 ) ) ;
#18 = DIRECTION ( 'NONE',  ( 0.000000000000000000, 0.000000000000000000, 1.000000000000000000 ) ) ;
#19 = ORIENTED_EDGE ( 'NONE', *, *, #3508, .F. ) ;
#20 = DIRECTION ( 'NONE',  ( 0.000000000000000000, 0.000000000000000000, 1.000000000000000000 ) ) ;
#21 = VERTEX_POINT ( 'NONE', #1666 ) ;
#22 = VERTEX_POINT ( 'NONE', #3331 ) ;
#23 = VERTEX_POINT ( 'NONE', #4355 ) ;
#24 = DIRECTION ( 'NONE',  ( 0.000000000000000000, -0.9996573249755553725, -0.02617694830794341579 ) ) ;
#25 = MECHANICAL_DESIGN_GEOMETRIC_PRESENTATION_REPRESENTATION (  '', ( #299 ), #4515 ) ;
#26 = CIRCLE ( 'NONE', #3199, 30.00000000000000000 ) ;
#27 = ADVANCED_FACE ( 'NONE', ( #999 ), #1006, .F. ) ;
#28 = DIRECTION ( 'NONE',  ( -1.000000000000000000, 0.000000000000000000, 0.000000000000000000 ) ) ;
#29 = CARTESIAN_POINT ( 'NONE',  ( 16.74994205371400113, -14.85915614036033006, 26.06208114175164070 ) ) ;
#30 = CARTESIAN_POINT ( 'NONE',  ( 20.51000000000000156, 0.000000000000000000, 0.000000000000000000 ) ) ;
#31 = STYLED_ITEM ( 'NONE', ( #1710 ), #476 ) ;
#32 = ORIENTED_EDGE ( 'NONE', *, *, #2603, .T. ) ;
#33 = DIRECTION ( 'NONE',  ( -1.000000000000000000, -0.000000000000000000, -0.000000000000000000 ) ) ;
#34 = SURFACE_STYLE_FILL_AREA ( #890 ) ;
#35 = CIRCLE ( 'NONE', #1289, 1.249999999999997558 ) ;
#36 = VECTOR ( 'NONE', #4549, 1000.000000000000000 ) ;
#37 = EDGE_CURVE ( 'NONE', #5318, #795, #3010, .T. ) ;
#38 = CARTESIAN_POINT ( 'NONE',  ( 20.51000000000000156, 0.000000000000000000, 0.000000000000000000 ) ) ;
#39 = DIRECTION ( 'NONE',  ( 0.000000000000000000, 0.000000000000000000, -1.000000000000000000 ) ) ;
#40 = DIRECTION ( 'NONE',  ( -1.000000000000000000, -0.000000000000000000, -0.000000000000000000 ) ) ;
#41 = VERTEX_POINT ( 'NONE', #2283 ) ;
#42 = CARTESIAN_POINT ( 'NONE',  ( 18.76794308089884566, 26.46635652257827687, 14.12604845931466357 ) ) ;
#43 = VECTOR ( 'NONE', #655, 1000.000000000000114 ) ;
#44 = CARTESIAN_POINT ( 'NONE',  ( 6.000000000000000000, 19.09188309203674905, 20.34188309203681300 ) ) ;
#45 = EDGE_CURVE ( 'NONE', #277, #1239, #5109, .T. ) ;
#46 = VECTOR ( 'NONE', #244, 1000.000000000000114 ) ;
#47 = CARTESIAN_POINT ( 'NONE',  ( 16.75005810453914989, -25.89899831405393371, -15.14161421287327869 ) ) ;
#48 = DIRECTION ( 'NONE',  ( 0.000000000000000000, -0.2588190451025206840, -0.9659258262890683122 ) ) ;
#49 = VERTEX_POINT ( 'NONE', #529 ) ;
#50 = DIRECTION ( 'NONE',  ( -1.000000000000000000, -0.000000000000000000, -0.000000000000000000 ) ) ;
#51 = VERTEX_POINT ( 'NONE', #148 ) ;
#52 = CIRCLE ( 'NONE', #3038, 0.9999999999851386656 ) ;
#53 = VECTOR ( 'NONE', #2120, 1000.000000000000000 ) ;
#54 = ORIENTED_EDGE ( 'NONE', *, *, #910, .T. ) ;
#55 = ORIENTED_EDGE ( 'NONE', *, *, #3343, .T. ) ;
#56 = FILL_AREA_STYLE ('',( #1707 ) ) ;
#57 = DIRECTION ( 'NONE',  ( 1.000000000000000000, 0.000000000000000000, 0.000000000000000000 ) ) ;
#58 = PRESENTATION_LAYER_ASSIGNMENT (  '', '', ( #5155 ) ) ;
#59 = DIRECTION ( 'NONE',  ( -1.000000000000000000, -0.000000000000000000, -0.000000000000000000 ) ) ;
#60 = ORIENTED_EDGE ( 'NONE', *, *, #2348, .T. ) ;
#61 = DIRECTION ( 'NONE',  ( 1.000000000000000000, -0.000000000000000000, -0.000000000000000000 ) ) ;
#62 = DIRECTION ( 'NONE',  ( -0.000000000000000000, -0.4999999999999980571, 0.8660254037844397068 ) ) ;
#63 = EDGE_CURVE ( 'NONE', #2124, #258, #4310, .T. ) ;
#64 = ORIENTED_EDGE ( 'NONE', *, *, #3401, .F. ) ;
#65 = CARTESIAN_POINT ( 'NONE',  ( 18.16313538995434484, 26.58319957161912583, 13.90444175562143592 ) ) ;
#66 = CIRCLE ( 'NONE', #4640, 5.500000000000000000 ) ;
#67 = CYLINDRICAL_SURFACE ( 'NONE', #411, 1.249999999999987788 ) ;
#68 = ADVANCED_FACE ( 'NONE', ( #1029 ), #2326, .F. ) ;
#69 = VECTOR ( 'NONE', #2443, 1000.000000000000000 ) ;
#70 = CARTESIAN_POINT ( 'NONE',  ( 17.83555482864288777, -26.57940978748109018, -13.91169403962744511 ) ) ;
#71 = DIRECTION ( 'NONE',  ( -0.000000000000000000, -0.9659258262890682012, 0.2588190451025211836 ) ) ;
#72 = ORIENTED_EDGE ( 'NONE', *, *, #2939, .T. ) ;
#73 = SURFACE_STYLE_FILL_AREA ( #927 ) ;
#74 = EDGE_LOOP ( 'NONE', ( #785, #532 ) ) ;
#75 = EDGE_CURVE ( 'NONE', #5139, #401, #2762, .T. ) ;
#76 = AXIS2_PLACEMENT_3D ( 'NONE', #14, #1665, #410 ) ;
#77 = ORIENTED_EDGE ( 'NONE', *, *, #2409, .T. ) ;
#78 = ORIENTED_EDGE ( 'NONE', *, *, #3279, .F. ) ;
#79 = DIRECTION ( 'NONE',  ( 0.000000000000000000, 1.000000000000000000, 1.051347561198065126E-14 ) ) ;
#80 = FILL_AREA_STYLE_COLOUR ( '', #4157 ) ;
#81 = DIRECTION ( 'NONE',  ( -1.000000000000000000, -0.000000000000000000, -0.000000000000000000 ) ) ;
#82 = ORIENTED_EDGE ( 'NONE', *, *, #3744, .T. ) ;
#83 = CARTESIAN_POINT ( 'NONE',  ( 18.94215203197031627, 29.18051865685101731, -6.964241951367500683 ) ) ;
#84 = CARTESIAN_POINT ( 'NONE',  ( 18.00000000000000000, -18.83512088488561886, -10.87446211310752986 ) ) ;
#85 = CARTESIAN_POINT ( 'NONE',  ( 17.23125683152127863, -6.795298926851159216, -29.22049328400320789 ) ) ;
#86 = ORIENTED_EDGE ( 'NONE', *, *, #3266, .T. ) ;
#87 = CARTESIAN_POINT ( 'NONE',  ( 5.400000000000000355, -19.48557158515001930, -11.24999999999974953 ) ) ;
#88 = B_SPLINE_CURVE_WITH_KNOTS ( 'NONE', 3,
 ( #1724, #4725, #5448, #468, #924, #950, #3789, #3433, #1804, #871, #2647, #4697, #17, #3817, #3355, #899, #5028, #2566, #442, #1339 ),
 .UNSPECIFIED., .F., .F.,
 ( 4, 2, 2, 2, 2, 2, 2, 2, 2, 4 ),
 ( 0.000000000000000000, 0.0004885617222700068107, 0.0009771234445400136213, 0.001465685166810020432, 0.001954246889080027243, 0.002442808611350034270, 0.002931370333620040864, 0.003419932055890047458, 0.003664212917025050972, 0.003908493778160054485 ),
 .UNSPECIFIED. ) ;
#89 = EDGE_CURVE ( 'NONE', #944, #3032, #4687, .T. ) ;
#90 = CARTESIAN_POINT ( 'NONE',  ( 18.99489523551410031, -15.65438196607710886, 25.59189206774586012 ) ) ;
#91 = CARTESIAN_POINT ( 'NONE',  ( 0.000000000000000000, -19.09188309203688050, 17.44188309203668297 ) ) ;
#92 = CARTESIAN_POINT ( 'NONE',  ( 5.400000000000000355, -4.616021231945641290, -22.05685489788213616 ) ) ;
#93 = ORIENTED_EDGE ( 'NONE', *, *, #4950, .F. ) ;
#94 = ORIENTED_EDGE ( 'NONE', *, *, #2577, .F. ) ;
#95 = CARTESIAN_POINT ( 'NONE',  ( 0.000000000000000000, 2.828099884462937892E-13, -27.00000000000000000 ) ) ;
#96 = EDGE_CURVE ( 'NONE', #2207, #2814, #5314, .T. ) ;
#97 = ORIENTED_EDGE ( 'NONE', *, *, #2137, .T. ) ;
#98 = CARTESIAN_POINT ( 'NONE',  ( 6.000000000000000000, 19.09188309203701550, -20.34188309203654654 ) ) ;
#99 = ORIENTED_EDGE ( 'NONE', *, *, #945, .T. ) ;
#100 = UNCERTAINTY_MEASURE_WITH_UNIT (LENGTH_MEASURE( 1.000000000000000082E-05 ), #5091, 'distance_accuracy_value', 'NONE');
#101 = FACE_OUTER_BOUND ( 'NONE', #2052, .T. ) ;
#102 = CARTESIAN_POINT ( 'NONE',  ( 20.50000000000000355, 3.673940397442059178E-15, -30.00000000000000000 ) ) ;
#103 = CARTESIAN_POINT ( 'NONE',  ( 5.400000000000000355, -11.24999999999995737, 19.48557158514990206 ) ) ;
#104 = VERTEX_POINT ( 'NONE', #1589 ) ;
#105 = DIRECTION ( 'NONE',  ( -0.000000000000000000, -0.2588190451025312866, -0.9659258262890656477 ) ) ;
#106 = AXIS2_PLACEMENT_3D ( 'NONE', #2697, #731, #1121 ) ;
#107 = AXIS2_PLACEMENT_3D ( 'NONE', #2249, #4765, #5156 ) ;
#108 = CARTESIAN_POINT ( 'NONE',  ( 18.99858092218255123, 28.76933636670532479, -8.505207679680392374 ) ) ;
#109 =( NAMED_UNIT ( * ) PLANE_ANGLE_UNIT ( ) SI_UNIT ( $, .RADIAN. ) );
#110 = CARTESIAN_POINT ( 'NONE',  ( 4.307533581528498523, 7.155478935029357501, 29.13454576337065305 ) ) ;
#111 = DIRECTION ( 'NONE',  ( 0.000000000000000000, 0.000000000000000000, 1.000000000000000000 ) ) ;
#112 = ORIENTED_EDGE ( 'NONE', *, *, #2167, .F. ) ;
#113 = DIRECTION ( 'NONE',  ( -1.000000000000000000, -0.000000000000000000, 0.000000000000000000 ) ) ;
#114 = CARTESIAN_POINT ( 'NONE',  ( 18.00000000000000355, -8.971978635937263746, -28.65425098229379941 ) ) ;
#115 = AXIS2_PLACEMENT_3D ( 'NONE', #2085, #3289, #1985 ) ;
#116 = COLOUR_RGB ( '',1.000000000000000000, 1.000000000000000000, 1.000000000000000000 ) ;
#117 = CARTESIAN_POINT ( 'NONE',  ( 17.67269594614331396, 29.26907041057564740, -6.582207970256630958 ) ) ;
#118 = AXIS2_PLACEMENT_3D ( 'NONE', #1166, #5355, #3638 ) ;
#119 = DIRECTION ( 'NONE',  ( 1.000000000000000000, 0.000000000000000000, 0.000000000000000000 ) ) ;
#120 = CARTESIAN_POINT ( 'NONE',  ( 6.394895235514096221, -7.026880781000045317, -29.16552006799477326 ) ) ;
#121 = ORIENTED_EDGE ( 'NONE', *, *, #1104, .F. ) ;
#122 = FACE_BOUND ( 'NONE', #4345, .T. ) ;
#123 = ORIENTED_EDGE ( 'NONE', *, *, #1519, .F. ) ;
#124 = CARTESIAN_POINT ( 'NONE',  ( 5.234799946600722009, -16.06950526508273569, 25.33319957161904412 ) ) ;
#125 = EDGE_CURVE ( 'NONE', #5454, #5256, #3922, .T. ) ;
#126 = AXIS2_PLACEMENT_3D ( 'NONE', #703, #2700, #5254 ) ;
#127 = CARTESIAN_POINT ( 'NONE',  ( 6.000000000000000000, -19.09188309203688050, 17.84188309203668155 ) ) ;
#128 = EDGE_LOOP ( 'NONE', ( #664, #2572, #241, #1812 ) ) ;
#129 = CARTESIAN_POINT ( 'NONE',  ( 2.000000000000000000, -9.426999614876460059E-14, 27.00000000000000000 ) ) ;
#130 = ADVANCED_FACE ( 'NONE', ( #1062 ), #1461, .F. ) ;
#131 = MECHANICAL_DESIGN_GEOMETRIC_PRESENTATION_REPRESENTATION (  '', ( #3745 ), #1579 ) ;
#132 = VERTEX_POINT ( 'NONE', #2310 ) ;
#133 = CARTESIAN_POINT ( 'NONE',  ( 5.400000000000000355, 18.86057158514995535, 12.33253175473042873 ) ) ;
#134 = CYLINDRICAL_SURFACE ( 'NONE', #3389, 1.649999999999998579 ) ;
#135 = ORIENTED_EDGE ( 'NONE', *, *, #4845, .F. ) ;
#136 = CARTESIAN_POINT ( 'NONE',  ( 17.99999999999937117, -8.965235628720551020, -28.62908573673842483 ) ) ;
#137 = CIRCLE ( 'NONE', #1314, 1.249999999999986233 ) ;
#138 = CARTESIAN_POINT ( 'NONE',  ( 0.000000000000000000, -9.411691529887117535E-14, 25.75000000000000355 ) ) ;
#139 = ADVANCED_FACE ( 'NONE', ( #3977 ), #3569, .F. ) ;
#140 = AXIS2_PLACEMENT_3D ( 'NONE', #979, #1782, #1310 ) ;
#141 = DIRECTION ( 'NONE',  ( 0.000000000000000000, -0.2588190451025206840, -0.9659258262890683122 ) ) ;
#142 = CARTESIAN_POINT ( 'NONE',  ( 5.075368782764495101, 8.926900041063300151, 28.64106686839571836 ) ) ;
#143 = DIRECTION ( 'NONE',  ( 0.000000000000000000, 0.7193398003386599626, 0.6946583704589881503 ) ) ;
#144 = EDGE_LOOP ( 'NONE', ( #5195, #1884, #1733, #5105 ) ) ;
#145 = CARTESIAN_POINT ( 'NONE',  ( 18.16516251803440340, 25.33319957161907610, 16.06950526508262556 ) ) ;
#146 = COLOUR_RGB ( '',1.000000000000000000, 1.000000000000000000, 1.000000000000000000 ) ;
#147 = AXIS2_PLACEMENT_3D ( 'NONE', #2988, #2527, #2558 ) ;
#148 = CARTESIAN_POINT ( 'NONE',  ( 6.000000000000000000, 2.828099884462937892E-13, -25.75000000000000355 ) ) ;
#149 = CARTESIAN_POINT ( 'NONE',  ( 20.50000000000000355, 0.000000000000000000, 0.000000000000000000 ) ) ;
#150 = DIRECTION ( 'NONE',  ( -1.000000000000000000, 0.000000000000000000, 0.000000000000000000 ) ) ;
#151 = ORIENTED_EDGE ( 'NONE', *, *, #1947, .F. ) ;
#152 = DIRECTION ( 'NONE',  ( -1.000000000000000000, -0.000000000000000000, -0.000000000000000000 ) ) ;
#153 = DIRECTION ( 'NONE',  ( -1.000000000000000000, -0.000000000000000000, -0.000000000000000000 ) ) ;
#154 = VERTEX_POINT ( 'NONE', #4162 ) ;
#155 = CARTESIAN_POINT ( 'NONE',  ( 5.072695946143315204, -16.04203427539591331, 25.35068205729319502 ) ) ;
#156 = B_SPLINE_CURVE_WITH_KNOTS ( 'NONE', 3,
 ( #713, #253, #4430, #3584, #2740, #163, #3612, #4872, #1890, #4844, #3987, #2384, #2319, #5230, #738, #278, #4049, #682, #2821, #2352 ),
 .UNSPECIFIED., .F., .F.,
 ( 4, 2, 2, 2, 2, 2, 2, 2, 2, 4 ),
 ( 0.003908493778160051883, 0.004396944493550047905, 0.004885395208940043060, 0.005373845924330039082, 0.005862296639720035105, 0.006350747355110031127, 0.006594972712805029572, 0.006839198070500028016, 0.007327648785890029243, 0.007816099501280029602 ),
 .UNSPECIFIED. ) ;
#157 = AXIS2_PLACEMENT_3D ( 'NONE', #4303, #3190, #3133 ) ;
#158 = DIRECTION ( 'NONE',  ( -1.000000000000000000, -0.000000000000000000, -0.000000000000000000 ) ) ;
#159 = DIRECTION ( 'NONE',  ( 0.000000000000000000, 0.4999999999999884537, -0.8660254037844452579 ) ) ;
#160 = ORIENTED_EDGE ( 'NONE', *, *, #2847, .T. ) ;
#161 = EDGE_CURVE ( 'NONE', #2320, #862, #3784, .T. ) ;
#162 = CIRCLE ( 'NONE', #717, 30.00000000000000000 ) ;
#163 = CARTESIAN_POINT ( 'NONE',  ( 6.398580922182548925, 28.76933636670533190, -8.505207679680395927 ) ) ;
#164 = AXIS2_PLACEMENT_3D ( 'NONE', #3221, #2066, #1180 ) ;
#165 = CYLINDRICAL_SURFACE ( 'NONE', #3743, 1.249999999999986899 ) ;
#166 = VERTEX_POINT ( 'NONE', #5023 ) ;
#167 = EDGE_CURVE ( 'NONE', #588, #2269, #2560, .T. ) ;
#168 = DIRECTION ( 'NONE',  ( 0.000000000000000000, 0.9659258262890653146, -0.2588190451025315642 ) ) ;
#169 = DIRECTION ( 'NONE',  ( 1.049727191138611054E-16, -0.2756373558170102100, 0.9612616959383156745 ) ) ;
#170 = ORIENTED_EDGE ( 'NONE', *, *, #4409, .T. ) ;
#171 = CARTESIAN_POINT ( 'NONE',  ( 18.32755770351809943, -8.933972823511826533, -28.63892475580437491 ) ) ;
#172 = ADVANCED_FACE ( 'NONE', ( #4562 ), #4142, .T. ) ;
#173 = CARTESIAN_POINT ( 'NONE',  ( 16.78232671260638398, 14.71654727397540796, -26.14280303197462274 ) ) ;
#174 = DIRECTION ( 'NONE',  ( -1.000000000000000000, -0.000000000000000000, -0.000000000000000000 ) ) ;
#175 = ORIENTED_EDGE ( 'NONE', *, *, #1580, .T. ) ;
#176 = DIRECTION ( 'NONE',  ( 0.000000000000000000, 0.000000000000000000, 1.000000000000000000 ) ) ;
#177 = CARTESIAN_POINT ( 'NONE',  ( 18.99489523551409675, -25.59189206774602710, -15.65438196607684596 ) ) ;
#178 = EDGE_CURVE ( 'NONE', #944, #1943, #4607, .T. ) ;
#179 = CARTESIAN_POINT ( 'NONE',  ( 18.94215203197031272, -15.70927991116407796, 25.55820533043573661 ) ) ;
#180 =( LENGTH_UNIT ( ) NAMED_UNIT ( * ) SI_UNIT ( .MILLI., .METRE. ) );
#181 = CARTESIAN_POINT ( 'NONE',  ( 20.50000000000000000, 0.000000000000000000, 0.000000000000000000 ) ) ;
#182 = VERTEX_POINT ( 'NONE', #3375 ) ;
#183 = DIRECTION ( 'NONE',  ( -0.000000000000000000, 0.9659258262890682012, -0.2588190451025211836 ) ) ;
#184 = CARTESIAN_POINT ( 'NONE',  ( 2.000000000000000000, -27.00000000000000000, 1.249999999999997558 ) ) ;
#185 = ORIENTED_EDGE ( 'NONE', *, *, #3000, .T. ) ;
#186 = CARTESIAN_POINT ( 'NONE',  ( 18.00000000000000355, -21.73333109150403786, 5.823428514806733958 ) ) ;
#187 = CARTESIAN_POINT ( 'NONE',  ( 18.00000000000000355, -21.73333109150403786, 5.823428514806733958 ) ) ;
#188 =( LENGTH_UNIT ( ) NAMED_UNIT ( * ) SI_UNIT ( .MILLI., .METRE. ) );
#189 = ORIENTED_EDGE ( 'NONE', *, *, #3438, .T. ) ;
#190 = CARTESIAN_POINT ( 'NONE',  ( 0.000000000000000000, 0.000000000000000000, 0.000000000000000000 ) ) ;
#191 = ORIENTED_EDGE ( 'NONE', *, *, #2877, .T. ) ;
#192 = PRODUCT ( '30\X2\51738282\X0\-20260520', '30\X2\51738282\X0\-20260520', '', ( #2145 ) ) ;
#193 = FACE_OUTER_BOUND ( 'NONE', #1367, .T. ) ;
#194 = CARTESIAN_POINT ( 'NONE',  ( 2.000000000000000000, 2.828099884462937892E-13, -27.00000000000000000 ) ) ;
#195 = ORIENTED_EDGE ( 'NONE', *, *, #4071, .F. ) ;
#196 = FACE_OUTER_BOUND ( 'NONE', #2881, .T. ) ;
#197 = PRESENTATION_STYLE_ASSIGNMENT (( #2686 ) ) ;
#198 = EDGE_CURVE ( 'NONE', #1534, #3824, #4154, .T. ) ;
#199 = CARTESIAN_POINT ( 'NONE',  ( 5.400000000000000355, 20.11057158514993048, 10.16746824526934567 ) ) ;
#200 = LINE ( 'NONE', #4411, #2976 ) ;
#201 = DIRECTION ( 'NONE',  ( 1.000000000000000000, -0.000000000000000000, -0.000000000000000000 ) ) ;
#202 = ORIENTED_EDGE ( 'NONE', *, *, #2711, .F. ) ;
#203 = CARTESIAN_POINT ( 'NONE',  ( 2.000000000000000000, -19.09188309203661404, -19.09188309203694800 ) ) ;
#204 = CARTESIAN_POINT ( 'NONE',  ( 2.000000000000000000, -19.09188309203661404, -20.74188309203694658 ) ) ;
#205 = EDGE_CURVE ( 'NONE', #5043, #1343, #386, .T. ) ;
#206 = AXIS2_PLACEMENT_3D ( 'NONE', #971, #4636, #5104 ) ;
#207 = CIRCLE ( 'NONE', #4957, 1.650000000000000799 ) ;
#208 = CYLINDRICAL_SURFACE ( 'NONE', #1500, 1.249999999999997558 ) ;
#209 = CARTESIAN_POINT ( 'NONE',  ( 18.00000000000000355, 14.99999999999975664, -25.98076211353329867 ) ) ;
#210 = VERTEX_POINT ( 'NONE', #4944 ) ;
#211 = CARTESIAN_POINT ( 'NONE',  ( 2.000000000000000000, -19.09188309203661404, -17.44188309203694942 ) ) ;
#212 = ORIENTED_EDGE ( 'NONE', *, *, #4849, .T. ) ;
#213 = PRESENTATION_LAYER_ASSIGNMENT (  '', '', ( #31 ) ) ;
#214 = CARTESIAN_POINT ( 'NONE',  ( 4.769921447851371177, 29.24125428821119499, -6.704699256127343965 ) ) ;
#215 = EDGE_CURVE ( 'NONE', #3165, #1670, #1814, .T. ) ;
#216 = AXIS2_PLACEMENT_3D ( 'NONE', #724, #2012, #4058 ) ;
#217 = COLOUR_RGB ( '',1.000000000000000000, 1.000000000000000000, 1.000000000000000000 ) ;
#218 = CARTESIAN_POINT ( 'NONE',  ( 18.00000000000000355, 21.40980728512588982, -7.030835797668055775 ) ) ;
#219 = ORIENTED_EDGE ( 'NONE', *, *, #215, .F. ) ;
#220 = CARTESIAN_POINT ( 'NONE',  ( 6.000000000000000000, 27.00000000000000000, 0.000000000000000000 ) ) ;
#221 =( NAMED_UNIT ( * ) PLANE_ANGLE_UNIT ( ) SI_UNIT ( $, .RADIAN. ) );
#222 = COLOUR_RGB ( '',1.000000000000000000, 1.000000000000000000, 1.000000000000000000 ) ;
#223 = CIRCLE ( 'NONE', #1654, 1.249999999999988010 ) ;
#224 = EDGE_LOOP ( 'NONE', ( #4947, #4980 ) ) ;
#225 = DIRECTION ( 'NONE',  ( -0.5150380749100550437, 0.000000000000000000, 0.8571673007021117785 ) ) ;
#226 = SURFACE_STYLE_USAGE ( .BOTH. , #1407 ) ;
#227 = ORIENTED_EDGE ( 'NONE', *, *, #631, .F. ) ;
#228 = CARTESIAN_POINT ( 'NONE',  ( 19.21780806232715477, -7.449205826730899815, -29.06083821431850467 ) ) ;
#229 = CARTESIAN_POINT ( 'NONE',  ( 72.00000000000000000, -29.97172216767898689, -1.302255851766383143 ) ) ;
#230 = LINE ( 'NONE', #1929, #3460 ) ;
#231 = STYLED_ITEM ( 'NONE', ( #2200 ), #2777 ) ;
#232 = CARTESIAN_POINT ( 'NONE',  ( 4.631256831521278094, 6.795298926850956711, 29.22049328400325763 ) ) ;
#233 = SURFACE_STYLE_USAGE ( .BOTH. , #3095 ) ;
#234 = EDGE_LOOP ( 'NONE', ( #2198, #4637, #4169 ) ) ;
#235 = EDGE_CURVE ( 'NONE', #3012, #2245, #207, .T. ) ;
#236 = DIRECTION ( 'NONE',  ( 0.000000000000000000, -0.7071067811865444641, -0.7071067811865506814 ) ) ;
#237 = DIRECTION ( 'NONE',  ( -0.000000000000000000, -0.9659258262890682012, 0.2588190451025211836 ) ) ;
#238 = AXIS2_PLACEMENT_3D ( 'NONE', #2008, #4468, #3642 ) ;
#239 = DIRECTION ( 'NONE',  ( 0.000000000000000000, 0.000000000000000000, 1.000000000000000000 ) ) ;
#240 = FILL_AREA_STYLE ('',( #3603 ) ) ;
#241 = ORIENTED_EDGE ( 'NONE', *, *, #1206, .T. ) ;
#242 = EDGE_CURVE ( 'NONE', #2323, #3819, #3021, .T. ) ;
#243 = CARTESIAN_POINT ( 'NONE',  ( 6.617170022213131553, -28.89143605349325838, 8.081322561084981260 ) ) ;
#244 = DIRECTION ( 'NONE',  ( 1.049727191138611054E-16, 0.8746197071393986278, -0.4848096202463317295 ) ) ;
#245 = PRESENTATION_LAYER_ASSIGNMENT (  '', '', ( #2626 ) ) ;
#246 = ORIENTED_EDGE ( 'NONE', *, *, #652, .T. ) ;
#247 = CARTESIAN_POINT ( 'NONE',  ( 18.00000000000000355, 8.971978635937063018, 28.65425098229386336 ) ) ;
#248 = COLOUR_RGB ( '',1.000000000000000000, 1.000000000000000000, 1.000000000000000000 ) ;
#249 = FACE_OUTER_BOUND ( 'NONE', #537, .T. ) ;
#250 = DIRECTION ( 'NONE',  ( -0.000000000000000000, 0.8660254037844414832, 0.4999999999999950595 ) ) ;
#251 = VERTEX_POINT ( 'NONE', #1199 ) ;
#252 = EDGE_CURVE ( 'NONE', #2113, #1973, #1898, .T. ) ;
#253 = CARTESIAN_POINT ( 'NONE',  ( 5.563135389954342536, 28.62908573674055646, -8.965235628713761784 ) ) ;
#254 = PRESENTATION_LAYER_ASSIGNMENT (  '', '', ( #5360 ) ) ;
#255 = PRESENTATION_STYLE_ASSIGNMENT (( #870 ) ) ;
#256 = CIRCLE ( 'NONE', #2630, 1.649999999999998357 ) ;
#257 = AXIS2_PLACEMENT_3D ( 'NONE', #5299, #772, #802 ) ;
#258 = VERTEX_POINT ( 'NONE', #4533 ) ;
#259 = CARTESIAN_POINT ( 'NONE',  ( 6.649862690764980044, -14.85630543597512165, 26.06371760246263136 ) ) ;
#260 = FILL_AREA_STYLE_COLOUR ( '', #853 ) ;
#261 = FILL_AREA_STYLE ('',( #3286 ) ) ;
#262 = CARTESIAN_POINT ( 'NONE',  ( 16.74994205371400113, -28.93568437672515259, 7.921664237608061931 ) ) ;
#263 = DIRECTION ( 'NONE',  ( -1.000000000000000000, -0.000000000000000000, -0.000000000000000000 ) ) ;
#264 = CYLINDRICAL_SURFACE ( 'NONE', #1503, 1.249999999999986899 ) ;
#265 = DIRECTION ( 'NONE',  ( -0.000000000000000000, 0.9659258262890682012, -0.2588190451025211836 ) ) ;
#266 = ORIENTED_EDGE ( 'NONE', *, *, #1650, .F. ) ;
#267 = DIRECTION ( 'NONE',  ( -0.000000000000000000, 0.9659258262890680902, -0.2588190451025211281 ) ) ;
#268 = CARTESIAN_POINT ( 'NONE',  ( 6.000000000000000000, -9.426999614876460059E-14, 27.00000000000000000 ) ) ;
#269 = DIRECTION ( 'NONE',  ( -1.000000000000000000, 0.000000000000000000, 0.000000000000000000 ) ) ;
#270 = FACE_BOUND ( 'NONE', #1892, .T. ) ;
#271 = ORIENTED_EDGE ( 'NONE', *, *, #1870, .F. ) ;
#272 = LINE ( 'NONE', #5285, #1163 ) ;
#273 = SURFACE_STYLE_USAGE ( .BOTH. , #4043 ) ;
#274 =( NAMED_UNIT ( * ) SI_UNIT ( $, .STERADIAN. ) SOLID_ANGLE_UNIT ( ) );
#275 = ADVANCED_FACE ( 'NONE', ( #4634, #3702 ), #782, .T. ) ;
#276 = FILL_AREA_STYLE ('',( #1477 ) ) ;
#277 = VERTEX_POINT ( 'NONE', #4971 ) ;
#278 = CARTESIAN_POINT ( 'NONE',  ( 6.169222716098293091, 29.22041247673530862, -6.795648228794758161 ) ) ;
#279 = CARTESIAN_POINT ( 'NONE',  ( 5.400000000000000355, -28.65425098229389533, 8.971978635936965318 ) ) ;
#280 = EDGE_CURVE ( 'NONE', #3281, #615, #814, .T. ) ;
#281 = EDGE_LOOP ( 'NONE', ( #5032, #3986, #5333 ) ) ;
#282 = CARTESIAN_POINT ( 'NONE',  ( 6.000000000000000000, 27.00000000000000000, 0.000000000000000000 ) ) ;
#283 = SURFACE_STYLE_USAGE ( .BOTH. , #721 ) ;
#284 = UNCERTAINTY_MEASURE_WITH_UNIT (LENGTH_MEASURE( 1.000000000000000082E-05 ), #683, 'distance_accuracy_value', 'NONE');
#285 = CARTESIAN_POINT ( 'NONE',  ( 2.000000000000000000, -27.00000000000000000, -1.249999999999997558 ) ) ;
#286 = ADVANCED_FACE ( 'NONE', ( #3727 ), #5414, .F. ) ;
#287 = DIRECTION ( 'NONE',  ( 0.000000000000000000, 0.000000000000000000, 1.000000000000000000 ) ) ;
#288 = FACE_BOUND ( 'NONE', #3445, .T. ) ;
#289 = CARTESIAN_POINT ( 'NONE',  ( 5.400000000000000355, 6.557164070214419382, 29.30129859505016654 ) ) ;
#290 = B_SPLINE_CURVE_WITH_KNOTS ( 'NONE', 3,
 ( #3926, #124, #155, #5168, #1425, #3081, #1007, #5196, #1638, #3656, #3223, #2458, #3275, #4124, #676, #734, #2402, #1153, #4453, #1944 ),
 .UNSPECIFIED., .F., .F.,
 ( 4, 2, 2, 2, 2, 2, 2, 2, 2, 4 ),
 ( 0.000000000000000000, 0.0004885617222700064854, 0.0009771234445400129708, 0.001465685166810019348, 0.001954246889080025942, 0.002442808611350032535, 0.002931370333620038696, 0.003419932055890045289, 0.003664212917025050104, 0.003908493778160055353 ),
 .UNSPECIFIED. ) ;
#291 = EDGE_LOOP ( 'NONE', ( #3308, #2483, #2517, #2919 ) ) ;
#292 = PRESENTATION_STYLE_ASSIGNMENT (( #3291 ) ) ;
#293 = DIRECTION ( 'NONE',  ( -0.000000000000000000, -0.8660254037844448138, -0.4999999999999892308 ) ) ;
#294 = FILL_AREA_STYLE_COLOUR ( '', #884 ) ;
#295 = DIRECTION ( 'NONE',  ( -0.000000000000000000, -0.9659258262890682012, 0.2588190451025211836 ) ) ;
#296 = ORIENTED_EDGE ( 'NONE', *, *, #2264, .F. ) ;
#297 = LINE ( 'NONE', #1994, #4568 ) ;
#298 = LINE ( 'NONE', #3191, #4881 ) ;
#299 = STYLED_ITEM ( 'NONE', ( #1883 ), #1237 ) ;
#300 = CARTESIAN_POINT ( 'NONE',  ( 5.400000000000000355, 16.08253175473030083, -25.35576211353331644 ) ) ;
#301 = SURFACE_STYLE_FILL_AREA ( #3984 ) ;
#302 = ORIENTED_EDGE ( 'NONE', *, *, #3608, .T. ) ;
#303 = DIRECTION ( 'NONE',  ( -1.000000000000000000, 0.000000000000000000, -0.000000000000000000 ) ) ;
#304 = EDGE_CURVE ( 'NONE', #741, #1427, #4321, .T. ) ;
#305 = AXIS2_PLACEMENT_3D ( 'NONE', #1222, #5332, #2393 ) ;
#306 = ORIENTED_EDGE ( 'NONE', *, *, #235, .T. ) ;
#307 = CARTESIAN_POINT ( 'NONE',  ( 6.169222716098289538, 15.85670286622818992, -25.46720075650679149 ) ) ;
#308 = EDGE_CURVE ( 'NONE', #1889, #3558, #2769, .T. ) ;
#309 =( NAMED_UNIT ( * ) PLANE_ANGLE_UNIT ( ) SI_UNIT ( $, .RADIAN. ) );
#310 = VECTOR ( 'NONE', #4327, 1000.000000000000000 ) ;
#311 = DIRECTION ( 'NONE',  ( 0.000000000000000000, -0.7071067811865439090, -0.7071067811865512365 ) ) ;
#312 = DIRECTION ( 'NONE',  ( 0.000000000000000000, 0.000000000000000000, 1.000000000000000000 ) ) ;
#313 = VERTEX_POINT ( 'NONE', #3915 ) ;
#314 = EDGE_CURVE ( 'NONE', #2997, #104, #26, .T. ) ;
#315 = CARTESIAN_POINT ( 'NONE',  ( 5.075368782764495101, 26.56456415707032548, 13.94002104904959793 ) ) ;
#316 = PRESENTATION_LAYER_ASSIGNMENT (  '', '', ( #3036 ) ) ;
#317 = FACE_BOUND ( 'NONE', #1769, .T. ) ;
#318 = CIRCLE ( 'NONE', #3399, 4.499999999999999112 ) ;
#319 = CARTESIAN_POINT ( 'NONE',  ( 4.149942053713996160, -26.06208114175178991, -14.85915614036004584 ) ) ;
#320 =( NAMED_UNIT ( * ) SI_UNIT ( $, .STERADIAN. ) SOLID_ANGLE_UNIT ( ) );
#321 = DIRECTION ( 'NONE',  ( 0.000000000000000000, 0.000000000000000000, -1.000000000000000000 ) ) ;
#322 = ORIENTED_EDGE ( 'NONE', *, *, #5079, .T. ) ;
#323 =( NAMED_UNIT ( * ) PLANE_ANGLE_UNIT ( ) SI_UNIT ( $, .RADIAN. ) );
#324 = COLOUR_RGB ( '',1.000000000000000000, 1.000000000000000000, 1.000000000000000000 ) ;
#325 = COLOUR_RGB ( '',1.000000000000000000, 1.000000000000000000, 1.000000000000000000 ) ;
#326 = DIRECTION ( 'NONE',  ( 0.000000000000000000, 0.8660254037844433705, 0.4999999999999917288 ) ) ;
#327 = CARTESIAN_POINT ( 'NONE',  ( 83.79999999999999716, 1.977889662261882897, 10.91274266551904759 ) ) ;
#328 = VERTEX_POINT ( 'NONE', #84 ) ;
#329 = CARTESIAN_POINT ( 'NONE',  ( 72.00000000000000000, 7.108577143973916545E-14, 9.999999999999348077 ) ) ;
#330 = ORIENTED_EDGE ( 'NONE', *, *, #1554, .F. ) ;
#331 = CYLINDRICAL_SURFACE ( 'NONE', #955, 1.249999999999988898 ) ;
#332 = MANIFOLD_SOLID_BREP ( '阵列(圆周)3', #1271 ) ;
#333 = ORIENTED_EDGE ( 'NONE', *, *, #1005, .F. ) ;
#334 = CIRCLE ( 'NONE', #2459, 1.249999999999997558 ) ;
#335 = CARTESIAN_POINT ( 'NONE',  ( 18.00000000000000355, 12.33253175473036123, -18.86057158514999799 ) ) ;
#336 = AXIS2_PLACEMENT_3D ( 'NONE', #4681, #1741, #482 ) ;
#337 = SURFACE_STYLE_FILL_AREA ( #4550 ) ;
#338 = UNCERTAINTY_MEASURE_WITH_UNIT (LENGTH_MEASURE( 1.000000000000000082E-05 ), #4287, 'distance_accuracy_value', 'NONE');
#339 =( LENGTH_UNIT ( ) NAMED_UNIT ( * ) SI_UNIT ( .MILLI., .METRE. ) );
#340 = CIRCLE ( 'NONE', #803, 1.649999999999999689 ) ;
#341 = CIRCLE ( 'NONE', #2466, 4.500000000000000000 ) ;
#342 = ADVANCED_FACE ( 'NONE', ( #490 ), #1436, .F. ) ;
#343 = CARTESIAN_POINT ( 'NONE',  ( 6.523771649554245933, -25.69967161342729511, -15.47684157875722732 ) ) ;
#344 = CARTESIAN_POINT ( 'NONE',  ( 18.00000000000000355, -5.823428514806961331, -21.73333109150397746 ) ) ;
#345 = ORIENTED_EDGE ( 'NONE', *, *, #4322, .T. ) ;
#346 = VECTOR ( 'NONE', #1127, 1000.000000000000114 ) ;
#347 = DIRECTION ( 'NONE',  ( 0.000000000000000000, -0.4999999999999949485, 0.8660254037844414832 ) ) ;
#348 = SURFACE_STYLE_USAGE ( .BOTH. , #4969 ) ;
#349 = ADVANCED_FACE ( 'NONE', ( #4470 ), #3725, .F. ) ;
#350 = DIRECTION ( 'NONE',  ( 0.000000000000000000, 0.000000000000000000, 1.000000000000000000 ) ) ;
#351 = SURFACE_STYLE_USAGE ( .BOTH. , #783 ) ;
#352 = DIRECTION ( 'NONE',  ( 1.000000000000000000, 0.000000000000000000, 0.000000000000000000 ) ) ;
#353 = SURFACE_STYLE_FILL_AREA ( #4065 ) ;
#354 = CYLINDRICAL_SURFACE ( 'NONE', #2729, 1.249999999999987121 ) ;
#355 = EDGE_CURVE ( 'NONE', #1264, #1304, #230, .T. ) ;
#356 = CARTESIAN_POINT ( 'NONE',  ( 19.25013644778999478, 15.14189720965909736, -25.89884428618432466 ) ) ;
#357 = ORIENTED_EDGE ( 'NONE', *, *, #5322, .F. ) ;
#358 = CARTESIAN_POINT ( 'NONE',  ( 86.50000000000000000, -19.81969897660377811, 12.62654079614884850 ) ) ;
#359 = ORIENTED_EDGE ( 'NONE', *, *, #1870, .T. ) ;
#360 = B_SPLINE_CURVE_WITH_KNOTS ( 'NONE', 3,
 ( #1701, #3334, #2407, #3691, #3280, #4617, #2484, #1186, #1597, #4171, #3358, #1282, #4511, #3660, #3741, #2943, #2028, #5374, #2896, #762 ),
 .UNSPECIFIED., .F., .F.,
 ( 4, 2, 2, 2, 2, 2, 2, 2, 2, 4 ),
 ( 0.000000000000000000, 0.0004885617222700062686, 0.0009771234445400125371, 0.001465685166810018697, 0.001954246889080025074, 0.002442808611350031234, 0.002931370333620037395, 0.003419932055890043988, 0.003664212917025048370, 0.003908493778160053618 ),
 .UNSPECIFIED. ) ;
#361 = ORIENTED_EDGE ( 'NONE', *, *, #198, .T. ) ;
#362 = CARTESIAN_POINT ( 'NONE',  ( 2.000000000000000000, 27.00000000000000000, -1.249999999999997558 ) ) ;
#363 = CARTESIAN_POINT ( 'NONE',  ( 5.400000000000000355, -7.764571353075943705, -28.97777478867196166 ) ) ;
#364 = SURFACE_STYLE_FILL_AREA ( #261 ) ;
#365 = CARTESIAN_POINT ( 'NONE',  ( 17.83555482864288422, 13.91169403962753748, -26.57940978748104044 ) ) ;
#366 = DIRECTION ( 'NONE',  ( -1.000000000000000000, -0.000000000000000000, 0.000000000000000000 ) ) ;
#367 = CYLINDRICAL_SURFACE ( 'NONE', #3643, 1.649999999999998579 ) ;
#368 = ORIENTED_EDGE ( 'NONE', *, *, #2127, .T. ) ;
#369 = CARTESIAN_POINT ( 'NONE',  ( 6.000000000000000000, -19.09188309203688050, 20.34188309203667799 ) ) ;
#370 = CARTESIAN_POINT ( 'NONE',  ( 2.000000000000000000, 27.00000000000000000, 0.000000000000000000 ) ) ;
#371 = ADVANCED_FACE ( 'NONE', ( #634 ), #4870, .F. ) ;
#372 = ORIENTED_EDGE ( 'NONE', *, *, #3283, .F. ) ;
#373 = DIRECTION ( 'NONE',  ( -0.5150380749100550437, 1.049727191138617956E-16, -0.8571673007021117785 ) ) ;
#374 = DIRECTION ( 'NONE',  ( 0.000000000000000000, -0.8660254037844402619, -0.4999999999999970024 ) ) ;
#375 = ORIENTED_EDGE ( 'NONE', *, *, #2910, .F. ) ;
#376 =( NAMED_UNIT ( * ) SI_UNIT ( $, .STERADIAN. ) SOLID_ANGLE_UNIT ( ) );
#377 = EDGE_CURVE ( 'NONE', #3150, #4429, #3154, .T. ) ;
#378 = CARTESIAN_POINT ( 'NONE',  ( 4.182326712606378116, -28.89192367621396329, 8.079582930052831458 ) ) ;
#379 = CYLINDRICAL_SURFACE ( 'NONE', #3276, 30.00000000000000000 ) ;
#380 = FACE_OUTER_BOUND ( 'NONE', #1618, .T. ) ;
#381 = CARTESIAN_POINT ( 'NONE',  ( 19.21780806232715477, 15.28173181377406031, -25.81649972284550287 ) ) ;
#382 = ORIENTED_EDGE ( 'NONE', *, *, #75, .T. ) ;
#383 = CARTESIAN_POINT ( 'NONE',  ( 17.67536878276450096, 26.56456415707032548, 13.94002104904959616 ) ) ;
#384 = AXIS2_PLACEMENT_3D ( 'NONE', #3548, #250, #3658 ) ;
#385 = ORIENTED_EDGE ( 'NONE', *, *, #5338, .T. ) ;
#386 = CIRCLE ( 'NONE', #4425, 0.9999999999991850963 ) ;
#387 = ADVANCED_FACE ( 'NONE', ( #746 ), #2858, .F. ) ;
#388 = MECHANICAL_DESIGN_GEOMETRIC_PRESENTATION_REPRESENTATION (  '', ( #3982 ), #2504 ) ;
#389 = AXIS2_PLACEMENT_3D ( 'NONE', #3645, #4913, #5301 ) ;
#390 = ORIENTED_EDGE ( 'NONE', *, *, #4262, .F. ) ;
#391 = CARTESIAN_POINT ( 'NONE',  ( 6.000000000000000000, 19.09188309203674905, 19.09188309203681655 ) ) ;
#392 = SURFACE_STYLE_USAGE ( .BOTH. , #2082 ) ;
#393 = UNCERTAINTY_MEASURE_WITH_UNIT (LENGTH_MEASURE( 1.000000000000000082E-05 ), #1342, 'distance_accuracy_value', 'NONE');
#394 = FACE_OUTER_BOUND ( 'NONE', #3390, .T. ) ;
#395 = CIRCLE ( 'NONE', #2940, 1.249999999999988010 ) ;
#396 = VECTOR ( 'NONE', #2357, 999.9999999999998863 ) ;
#397 = CIRCLE ( 'NONE', #118, 30.00000000000000000 ) ;
#398 = VECTOR ( 'NONE', #1047, 1000.000000000000000 ) ;
#399 = CARTESIAN_POINT ( 'NONE',  ( 2.000000000000000000, -19.09188309203688050, 20.74188309203668013 ) ) ;
#400 = DIRECTION ( 'NONE',  ( 0.000000000000000000, 0.000000000000000000, 1.000000000000000000 ) ) ;
#401 = VERTEX_POINT ( 'NONE', #5210 ) ;
#402 = DIRECTION ( 'NONE',  ( -0.000000000000000000, 0.4999999999999921174, -0.8660254037844431485 ) ) ;
#403 = DIRECTION ( 'NONE',  ( -0.000000000000000000, -0.4999999999999980571, 0.8660254037844397068 ) ) ;
#404 = EDGE_CURVE ( 'NONE', #3819, #2323, #4965, .T. ) ;
#405 = DIRECTION ( 'NONE',  ( -0.5150380749100550437, 1.049727191138617956E-16, -0.8571673007021117785 ) ) ;
#406 = MECHANICAL_DESIGN_GEOMETRIC_PRESENTATION_REPRESENTATION (  '', ( #4539 ), #2694 ) ;
#407 = DIRECTION ( 'NONE',  ( 0.000000000000000000, -0.4999999999999937828, 0.8660254037844421493 ) ) ;
#408 = EDGE_LOOP ( 'NONE', ( #1986, #963 ) ) ;
#409 = FACE_OUTER_BOUND ( 'NONE', #3441, .T. ) ;
#410 = DIRECTION ( 'NONE',  ( 0.000000000000000000, -0.4999999999999943934, 0.8660254037844418162 ) ) ;
#411 = AXIS2_PLACEMENT_3D ( 'NONE', #1306, #2965, #4641 ) ;
#412 = ADVANCED_FACE ( 'NONE', ( #1169, #4441 ), #3238, .T. ) ;
#413 = FILL_AREA_STYLE_COLOUR ( '', #4553 ) ;
#414 = FILL_AREA_STYLE ('',( #2123 ) ) ;
#415 = ORIENTED_EDGE ( 'NONE', *, *, #4381, .F. ) ;
#416 = CARTESIAN_POINT ( 'NONE',  ( 0.000000000000000000, 0.000000000000000000, 0.000000000000000000 ) ) ;
#417 = EDGE_LOOP ( 'NONE', ( #5252, #1270 ) ) ;
#418 = VECTOR ( 'NONE', #4899, 999.9999999999998863 ) ;
#419 = EDGE_CURVE ( 'NONE', #4747, #1479, #5330, .T. ) ;
#420 = VERTEX_POINT ( 'NONE', #199 ) ;
#421 = VERTEX_POINT ( 'NONE', #2829 ) ;
#422 = DIRECTION ( 'NONE',  ( 0.000000000000000000, 0.000000000000000000, 1.000000000000000000 ) ) ;
#423 = CARTESIAN_POINT ( 'NONE',  ( 18.00000000000000355, -5.823428514806961331, -21.73333109150397746 ) ) ;
#424 = SURFACE_STYLE_USAGE ( .BOTH. , #1763 ) ;
#425 = AXIS2_PLACEMENT_3D ( 'NONE', #1634, #2812, #1200 ) ;
#426 = MECHANICAL_DESIGN_GEOMETRIC_PRESENTATION_REPRESENTATION (  '', ( #4996 ), #607 ) ;
#427 = CARTESIAN_POINT ( 'NONE',  ( 0.000000000000000000, 19.09188309203701550, -20.74188309203654867 ) ) ;
#428 = DIRECTION ( 'NONE',  ( 0.000000000000000000, 0.4999999999999890643, -0.8660254037844449249 ) ) ;
#429 = ORIENTED_EDGE ( 'NONE', *, *, #1413, .F. ) ;
#430 = DIRECTION ( 'NONE',  ( 0.000000000000000000, 0.000000000000000000, 1.000000000000000000 ) ) ;
#431 = B_SPLINE_CURVE_WITH_KNOTS ( 'NONE', 3,
 ( #2867, #4591, #2918, #5348, #3255, #2435, #5031, #820, #4930, #1671, #1261, #4543, #4097, #4147, #5451, #2844, #383, #841, #791, #2076 ),
 .UNSPECIFIED., .F., .F.,
 ( 4, 2, 2, 2, 2, 2, 2, 2, 2, 4 ),
 ( 0.000000000000000000, 0.0004885617222700063770, 0.0009771234445400127540, 0.001465685166810019131, 0.001954246889080025508, 0.002442808611350032102, 0.002931370333620038262, 0.003419932055890044422, 0.003664212917025044900, 0.003908493778160044944 ),
 .UNSPECIFIED. ) ;
#432 = CARTESIAN_POINT ( 'NONE',  ( 5.565162518034412642, 25.33319957161908320, 16.06950526508263621 ) ) ;
#433 =( GEOMETRIC_REPRESENTATION_CONTEXT ( 3 ) GLOBAL_UNCERTAINTY_ASSIGNED_CONTEXT ( ( #451 ) ) GLOBAL_UNIT_ASSIGNED_CONTEXT ( ( #339, #1865, #2736 ) ) REPRESENTATION_CONTEXT ( 'NONE', 'WORKASPACE' ) );
#434 = PRODUCT_DEFINITION_FORMATION_WITH_SPECIFIED_SOURCE ( '浠', '', #192, .NOT_KNOWN. ) ;
#435 = DIRECTION ( 'NONE',  ( 0.000000000000000000, 0.8660254037844433705, 0.4999999999999917288 ) ) ;
#436 = CARTESIAN_POINT ( 'NONE',  ( 17.37019887523396378, -8.814353391658997339, -28.67596758313034044 ) ) ;
#437 = DIRECTION ( 'NONE',  ( 1.000000000000000000, 0.000000000000000000, 0.000000000000000000 ) ) ;
#438 = ORIENTED_EDGE ( 'NONE', *, *, #3531, .F. ) ;
#439 = CARTESIAN_POINT ( 'NONE',  ( 19.25013644778999478, 7.606310222675641164, 29.02018661663505483 ) ) ;
#440 = DIRECTION ( 'NONE',  ( -0.000000000000000000, 0.4999999999999921174, -0.8660254037844431485 ) ) ;
#441 = CARTESIAN_POINT ( 'NONE',  ( 4.399244568688846613, -28.77001984550742719, 8.502916798369588136 ) ) ;
#442 = CARTESIAN_POINT ( 'NONE',  ( 5.318413767684621263, -8.965235628713861260, -28.62908573674052803 ) ) ;
#443 = CARTESIAN_POINT ( 'NONE',  ( 83.79999999999999716, 7.108577143973916545E-14, 3.271072094737702939E-14 ) ) ;
#444 = ORIENTED_EDGE ( 'NONE', *, *, #2302, .T. ) ;
#445 = CARTESIAN_POINT ( 'NONE',  ( 18.00000000000000355, -29.27613334949689161, 6.550421062990980481 ) ) ;
#446 = EDGE_LOOP ( 'NONE', ( #1999, #3960, #5118 ) ) ;
#447 = B_SPLINE_CURVE_WITH_KNOTS ( 'NONE', 3,
 ( #1013, #4025, #654, #3616, #2772, #4343, #2270, #1575, #259, #1979, #2713, #4821, #4053, #1956, #2682, #2297, #1893, #3233, #3178, #3526 ),
 .UNSPECIFIED., .F., .F.,
 ( 4, 2, 2, 2, 2, 2, 2, 2, 2, 4 ),
 ( 0.003908493778160055353, 0.004396944493550047038, 0.004885395208940037856, 0.005373845924330029541, 0.005862296639720021227, 0.006350747355110012912, 0.006594972712805012224, 0.006839198070500015006, 0.007327648785890025773, 0.007816099501280036541 ),
 .UNSPECIFIED. ) ;
#448 = EDGE_CURVE ( 'NONE', #182, #2291, #660, .T. ) ;
#449 = ORIENTED_EDGE ( 'NONE', *, *, #3092, .T. ) ;
#450 = CARTESIAN_POINT ( 'NONE',  ( 2.000000000000000000, -19.09188309203688050, 17.84188309203668155 ) ) ;
#451 = UNCERTAINTY_MEASURE_WITH_UNIT (LENGTH_MEASURE( 1.000000000000000082E-05 ), #339, 'distance_accuracy_value', 'NONE');
#452 = DIRECTION ( 'NONE',  ( -0.000000000000000000, -0.4999999999999980571, 0.8660254037844397068 ) ) ;
#453 = EDGE_CURVE ( 'NONE', #2032, #5373, #1464, .T. ) ;
#454 = CARTESIAN_POINT ( 'NONE',  ( 18.00000000000000355, 19.48557158514994114, 11.24999999999988809 ) ) ;
#455 = DIRECTION ( 'NONE',  ( -0.000000000000000000, 0.2588190451025245142, 0.9659258262890673130 ) ) ;
#456 = DIRECTION ( 'NONE',  ( -0.000000000000000000, -0.2588190451025312866, -0.9659258262890656477 ) ) ;
#457 = EDGE_LOOP ( 'NONE', ( #904, #2118 ) ) ;
#458 = CARTESIAN_POINT ( 'NONE',  ( 5.400000000000000355, 11.24999999999981881, -19.48557158514998022 ) ) ;
#459 = SURFACE_SIDE_STYLE ('',( #34 ) ) ;
#460 = EDGE_CURVE ( 'NONE', #549, #470, #2872, .T. ) ;
#461 = EDGE_LOOP ( 'NONE', ( #1520, #1787, #2225, #5222 ) ) ;
#462 = DIRECTION ( 'NONE',  ( -0.000000000000000000, -0.4999999999999980571, 0.8660254037844397068 ) ) ;
#463 = PRESENTATION_STYLE_ASSIGNMENT (( #2117 ) ) ;
#464 = FILL_AREA_STYLE ('',( #3404 ) ) ;
#465 = ORIENTED_EDGE ( 'NONE', *, *, #5427, .F. ) ;
#466 = DIRECTION ( 'NONE',  ( -0.000000000000000000, 0.9659258262890682012, -0.2588190451025211836 ) ) ;
#467 = DIRECTION ( 'NONE',  ( -0.000000000000000000, 0.2588190451025245142, 0.9659258262890673130 ) ) ;
#468 = CARTESIAN_POINT ( 'NONE',  ( 4.769921447851371177, -6.704699256127648610, -29.24125428821112749 ) ) ;
#469 = CARTESIAN_POINT ( 'NONE',  ( 6.000000000000000000, 19.09188309203674905, 19.09188309203681655 ) ) ;
#470 = VERTEX_POINT ( 'NONE', #3316 ) ;
#471 = DIRECTION ( 'NONE',  ( -0.000000000000000000, 0.8660254037844414832, 0.4999999999999950595 ) ) ;
#472 = EDGE_LOOP ( 'NONE', ( #1836, #3966, #2103 ) ) ;
#473 = ORIENTED_EDGE ( 'NONE', *, *, #2719, .F. ) ;
#474 = CARTESIAN_POINT ( 'NONE',  ( 5.400000000000000355, 21.73333109150403786, -5.823428514806733958 ) ) ;
#475 = VERTEX_POINT ( 'NONE', #5040 ) ;
#476 = ADVANCED_FACE ( 'NONE', ( #4990 ), #4579, .F. ) ;
#477 = DIRECTION ( 'NONE',  ( -1.000000000000000000, -0.000000000000000000, -0.000000000000000000 ) ) ;
#478 = DIRECTION ( 'NONE',  ( 0.000000000000000000, 0.000000000000000000, 1.000000000000000000 ) ) ;
#479 = EDGE_CURVE ( 'NONE', #2334, #3632, #2604, .T. ) ;
#480 = FACE_OUTER_BOUND ( 'NONE', #4690, .T. ) ;
#481 = AXIS2_PLACEMENT_3D ( 'NONE', #4746, #3888, #111 ) ;
#482 = DIRECTION ( 'NONE',  ( 0.000000000000000000, 0.000000000000000000, 1.000000000000000000 ) ) ;
#483 = CARTESIAN_POINT ( 'NONE',  ( 5.400000000000000355, -5.823428514806961331, -21.73333109150397746 ) ) ;
#484 = EDGE_LOOP ( 'NONE', ( #1703, #3450, #3582 ) ) ;
#485 = CARTESIAN_POINT ( 'NONE',  ( 18.00000000000000355, 5.823428514806810341, 21.73333109150401654 ) ) ;
#486 = PRESENTATION_STYLE_ASSIGNMENT (( #2139 ) ) ;
#487 =( GEOMETRIC_REPRESENTATION_CONTEXT ( 3 ) GLOBAL_UNCERTAINTY_ASSIGNED_CONTEXT ( ( #2489 ) ) GLOBAL_UNIT_ASSIGNED_CONTEXT ( ( #1325, #3882, #4289 ) ) REPRESENTATION_CONTEXT ( 'NONE', 'WORKASPACE' ) );
#488 = CIRCLE ( 'NONE', #575, 29.75000000000000000 ) ;
#489 = ADVANCED_FACE ( 'NONE', ( #480 ), #4311, .T. ) ;
#490 = FACE_OUTER_BOUND ( 'NONE', #2574, .T. ) ;
#491 = LINE ( 'NONE', #2499, #609 ) ;
#492 = CARTESIAN_POINT ( 'NONE',  ( 72.00000000000000000, 0.000000000000000000, 0.000000000000000000 ) ) ;
#493 = VERTEX_POINT ( 'NONE', #4680 ) ;
#494 = CARTESIAN_POINT ( 'NONE',  ( 19.24986269076497436, 7.924837142475983143, 28.93482577678907219 ) ) ;
#495 = PRESENTATION_LAYER_ASSIGNMENT (  '', '', ( #2864 ) ) ;
#496 = CARTESIAN_POINT ( 'NONE',  ( 4.997436999927916013, -28.64810676417896929, 8.904322796465301337 ) ) ;
#497 = AXIS2_PLACEMENT_3D ( 'NONE', #4908, #3259, #4076 ) ;
#498 = CARTESIAN_POINT ( 'NONE',  ( 86.50000000000000000, -19.81969897660377811, 8.926540796148758616 ) ) ;
#499 = CARTESIAN_POINT ( 'NONE',  ( 16.78287268560915990, -25.81551106758150382, -15.28339045981499389 ) ) ;
#500 = CARTESIAN_POINT ( 'NONE',  ( 14.90000000000000036, 1.714505518806294441E-15, -13.99999999999999822 ) ) ;
#501 = EDGE_LOOP ( 'NONE', ( #2485, #888, #2955, #4621 ) ) ;
#502 = LINE ( 'NONE', #557, #804 ) ;
#503 = VERTEX_POINT ( 'NONE', #102 ) ;
#504 = CIRCLE ( 'NONE', #864, 1.249999999999997558 ) ;
#505 = CONICAL_SURFACE ( 'NONE', #4349, 1.249999999999986899, 1.029744258676642321 ) ;
#506 = ORIENTED_EDGE ( 'NONE', *, *, #4143, .T. ) ;
#507 = ORIENTED_EDGE ( 'NONE', *, *, #2159, .T. ) ;
#508 = ORIENTED_EDGE ( 'NONE', *, *, #4087, .F. ) ;
#509 = AXIS2_PLACEMENT_3D ( 'NONE', #4029, #688, #3593 ) ;
#510 = DIRECTION ( 'NONE',  ( 0.000000000000000000, 0.000000000000000000, -1.000000000000000000 ) ) ;
#511 =( GEOMETRIC_REPRESENTATION_CONTEXT ( 3 ) GLOBAL_UNCERTAINTY_ASSIGNED_CONTEXT ( ( #3260 ) ) GLOBAL_UNIT_ASSIGNED_CONTEXT ( ( #2841, #5345, #4951 ) ) REPRESENTATION_CONTEXT ( 'NONE', 'WORKASPACE' ) );
#512 = CARTESIAN_POINT ( 'NONE',  ( 16.78232671260638398, -14.71654727397558560, 26.14280303197451616 ) ) ;
#513 = CYLINDRICAL_SURFACE ( 'NONE', #935, 1.249999999999987121 ) ;
#514 = ORIENTED_EDGE ( 'NONE', *, *, #2693, .F. ) ;
#515 = LINE ( 'NONE', #4235, #4715 ) ;
#516 = ADVANCED_FACE ( 'NONE', ( #5148 ), #563, .T. ) ;
#517 =( GEOMETRIC_REPRESENTATION_CONTEXT ( 3 ) GLOBAL_UNCERTAINTY_ASSIGNED_CONTEXT ( ( #5014 ) ) GLOBAL_UNIT_ASSIGNED_CONTEXT ( ( #5370, #2889, #376 ) ) REPRESENTATION_CONTEXT ( 'NONE', 'WORKASPACE' ) );
#518 = PRESENTATION_LAYER_ASSIGNMENT (  '', '', ( #2890 ) ) ;
#519 = CARTESIAN_POINT ( 'NONE',  ( 20.51000000000000156, 0.000000000000000000, 25.00000000000000000 ) ) ;
#520 = DIRECTION ( 'NONE',  ( -0.000000000000000000, -0.2588190451025312311, -0.9659258262890654256 ) ) ;
#521 = VERTEX_POINT ( 'NONE', #133 ) ;
#522 = AXIS2_PLACEMENT_3D ( 'NONE', #4629, #33, #1744 ) ;
#523 = DIRECTION ( 'NONE',  ( 0.000000000000000000, 0.000000000000000000, 1.000000000000000000 ) ) ;
#524 = AXIS2_PLACEMENT_3D ( 'NONE', #4627, #886, #2555 ) ;
#525 = DIRECTION ( 'NONE',  ( 0.000000000000000000, -0.9659258262890675351, 0.2588190451025234595 ) ) ;
#526 = ADVANCED_FACE ( 'NONE', ( #2984 ), #1845, .F. ) ;
#527 = CONICAL_SURFACE ( 'NONE', #2548, 1.249999999999988010, 1.029744258676642543 ) ;
#528 = AXIS2_PLACEMENT_3D ( 'NONE', #651, #1922, #1570 ) ;
#529 = CARTESIAN_POINT ( 'NONE',  ( 0.000000000000000000, -27.00000000000000000, -1.649999999999999689 ) ) ;
#530 = DIRECTION ( 'NONE',  ( -0.000000000000000000, 0.4999999999999922284, -0.8660254037844433705 ) ) ;
#531 = CARTESIAN_POINT ( 'NONE',  ( 6.491617939385585956, 8.372067598227227236, 28.80852887080672176 ) ) ;
#532 = ORIENTED_EDGE ( 'NONE', *, *, #2274, .T. ) ;
#533 = DIRECTION ( 'NONE',  ( 0.000000000000000000, -0.7071067811865487940, 0.7071067811865463515 ) ) ;
#534 = ORIENTED_EDGE ( 'NONE', *, *, #874, .F. ) ;
#535 = CIRCLE ( 'NONE', #4126, 25.00000000000000000 ) ;
#536 = CARTESIAN_POINT ( 'NONE',  ( 5.400000000000000355, 28.97777478867204337, -7.764571353075640836 ) ) ;
#537 = EDGE_LOOP ( 'NONE', ( #99, #3368 ) ) ;
#538 = FACE_OUTER_BOUND ( 'NONE', #3459, .T. ) ;
#539 = VERTEX_POINT ( 'NONE', #1767 ) ;
#540 = CARTESIAN_POINT ( 'NONE',  ( 6.000000000000000000, -9.411691529887117535E-14, 25.75000000000000355 ) ) ;
#541 = CARTESIAN_POINT ( 'NONE',  ( 0.000000000000000000, -19.09188309203661404, -19.09188309203694800 ) ) ;
#542 = DIRECTION ( 'NONE',  ( -1.000000000000000000, -0.000000000000000000, -0.000000000000000000 ) ) ;
#543 = VERTEX_POINT ( 'NONE', #911 ) ;
#544 = DIRECTION ( 'NONE',  ( 0.000000000000000000, 0.9659258262890653146, -0.2588190451025315642 ) ) ;
#545 = CARTESIAN_POINT ( 'NONE',  ( 19.25013644778999833, 29.02018661663509036, -7.606310222675541688 ) ) ;
#546 = DIRECTION ( 'NONE',  ( 0.000000000000000000, 0.000000000000000000, 1.000000000000000000 ) ) ;
#547 = CARTESIAN_POINT ( 'NONE',  ( 5.234799946600722009, 6.550421062991081733, 29.27613334949686674 ) ) ;
#548 = DIRECTION ( 'NONE',  ( -0.000000000000000000, -0.4999999999999980571, 0.8660254037844397068 ) ) ;
#549 = VERTEX_POINT ( 'NONE', #1350 ) ;
#550 = EDGE_CURVE ( 'NONE', #23, #938, #5177, .T. ) ;
#551 = CARTESIAN_POINT ( 'NONE',  ( 19.21717002221312853, 8.081322561085086065, 28.89143605349321930 ) ) ;
#552 = DIRECTION ( 'NONE',  ( -1.000000000000000000, -0.000000000000000000, -0.000000000000000000 ) ) ;
#553 = CARTESIAN_POINT ( 'NONE',  ( 18.62842449204815765, -14.04373456311297552, 26.50994909653163134 ) ) ;
#554 = DIRECTION ( 'NONE',  ( 0.000000000000000000, -0.7071067811865485719, 0.7071067811865463515 ) ) ;
#555 = CARTESIAN_POINT ( 'NONE',  ( 18.62993683877107287, 15.93568411320997846, -25.41766864831415162 ) ) ;
#556 = ADVANCED_FACE ( 'NONE', ( #934 ), #1020, .F. ) ;
#557 = CARTESIAN_POINT ( 'NONE',  ( 0.000000000000000000, -27.00000000000000000, -1.249999999999997558 ) ) ;
#558 = ORIENTED_EDGE ( 'NONE', *, *, #3850, .F. ) ;
#559 = DIRECTION ( 'NONE',  ( 0.000000000000000000, -0.2588190451025206840, -0.9659258262890683122 ) ) ;
#560 = EDGE_LOOP ( 'NONE', ( #2837, #4489, #1601, #2420 ) ) ;
#561 = EDGE_CURVE ( 'NONE', #1239, #4701, #1644, .T. ) ;
#562 = LINE ( 'NONE', #1011, #3827 ) ;
#563 = CYLINDRICAL_SURFACE ( 'NONE', #937, 29.75000000000000000 ) ;
#564 = DIRECTION ( 'NONE',  ( 0.000000000000000000, -0.9659258262890675351, 0.2588190451025234595 ) ) ;
#565 = ORIENTED_EDGE ( 'NONE', *, *, #1848, .T. ) ;
#566 = CARTESIAN_POINT ( 'NONE',  ( 5.400000000000000355, -5.823428514806961331, -21.73333109150397746 ) ) ;
#567 = AXIS2_PLACEMENT_3D ( 'NONE', #2509, #4570, #3356 ) ;
#568 = CARTESIAN_POINT ( 'NONE',  ( 16.90755888607466062, -28.80891878407226159, 8.370729509935360468 ) ) ;
#569 = DIRECTION ( 'NONE',  ( -1.000000000000000000, 0.000000000000000000, 0.000000000000000000 ) ) ;
#570 = FACE_OUTER_BOUND ( 'NONE', #2180, .T. ) ;
#571 = EDGE_LOOP ( 'NONE', ( #1249, #1789 ) ) ;
#572 = DIRECTION ( 'NONE',  ( -0.5150380749100550437, 0.000000000000000000, 0.8571673007021117785 ) ) ;
#573 = CARTESIAN_POINT ( 'NONE',  ( 18.32755770351810654, -26.56805066716211883, -13.93350513427898107 ) ) ;
#574 = CIRCLE ( 'NONE', #2070, 1.249999999999997558 ) ;
#575 = AXIS2_PLACEMENT_3D ( 'NONE', #1678, #4906, #1652 ) ;
#576 = EDGE_CURVE ( 'NONE', #4174, #3412, #447, .T. ) ;
#577 = CARTESIAN_POINT ( 'NONE',  ( 18.76922271609829096, -15.85670286622836400, 25.46720075650667425 ) ) ;
#578 = SURFACE_SIDE_STYLE ('',( #2668 ) ) ;
#579 = CARTESIAN_POINT ( 'NONE',  ( 6.029936838771068786, -6.704775563878185629, -29.24123616247314672 ) ) ;
#580 = DIRECTION ( 'NONE',  ( 0.000000000000000000, 0.000000000000000000, 1.000000000000000000 ) ) ;
#581 =( NAMED_UNIT ( * ) SI_UNIT ( $, .STERADIAN. ) SOLID_ANGLE_UNIT ( ) );
#582 = ORIENTED_EDGE ( 'NONE', *, *, #1109, .T. ) ;
#583 = CARTESIAN_POINT ( 'NONE',  ( 4.150058104539148474, 29.02009542183988700, -7.606619245772840543 ) ) ;
#584 = CIRCLE ( 'NONE', #861, 1.249999999999997558 ) ;
#585 = EDGE_CURVE ( 'NONE', #5455, #2643, #1457, .T. ) ;
#586 = DIRECTION ( 'NONE',  ( 0.000000000000000000, 0.000000000000000000, 1.000000000000000000 ) ) ;
#587 = SURFACE_STYLE_USAGE ( .BOTH. , #1009 ) ;
#588 = VERTEX_POINT ( 'NONE', #4434 ) ;
#589 = AXIS2_PLACEMENT_3D ( 'NONE', #590, #4708, #3907 ) ;
#590 = CARTESIAN_POINT ( 'NONE',  ( 0.000000000000000000, -9.426999614876460059E-14, 27.00000000000000000 ) ) ;
#591 = ADVANCED_FACE ( 'NONE', ( #5270 ), #4780, .F. ) ;
#592 = AXIS2_PLACEMENT_3D ( 'NONE', #4415, #3098, #2369 ) ;
#593 = CARTESIAN_POINT ( 'NONE',  ( 6.000000000000000000, 19.09188309203701550, -17.84188309203655010 ) ) ;
#594 = CARTESIAN_POINT ( 'NONE',  ( 2.000000000000000000, -27.00000000000000000, 1.649999999999999689 ) ) ;
#595 = ORIENTED_EDGE ( 'NONE', *, *, #11, .F. ) ;
#596 = DIRECTION ( 'NONE',  ( 0.000000000000000000, 0.000000000000000000, 1.000000000000000000 ) ) ;
#597 = CIRCLE ( 'NONE', #509, 1.000000000000000888 ) ;
#598 =( LENGTH_UNIT ( ) NAMED_UNIT ( * ) SI_UNIT ( .MILLI., .METRE. ) );
#599 = EDGE_CURVE ( 'NONE', #5375, #1100, #1731, .T. ) ;
#600 = MECHANICAL_DESIGN_GEOMETRIC_PRESENTATION_REPRESENTATION (  '', ( #2626 ), #4022 ) ;
#601 = CARTESIAN_POINT ( 'NONE',  ( 19.09161793938559271, -28.80852887080675728, 8.372067598227122431 ) ) ;
#602 = CARTESIAN_POINT ( 'NONE',  ( 84.79999999999999716, -19.81969897660377811, 7.126540796148848500 ) ) ;
#603 = ORIENTED_EDGE ( 'NONE', *, *, #4006, .F. ) ;
#604 = CARTESIAN_POINT ( 'NONE',  ( 2.000000000000000000, 27.00000000000000000, 0.000000000000000000 ) ) ;
#605 = CARTESIAN_POINT ( 'NONE',  ( 19.21780806232715477, -25.81649972284556327, -15.28173181377396972 ) ) ;
#606 = PRESENTATION_LAYER_ASSIGNMENT (  '', '', ( #2968 ) ) ;
#607 =( GEOMETRIC_REPRESENTATION_CONTEXT ( 3 ) GLOBAL_UNCERTAINTY_ASSIGNED_CONTEXT ( ( #5458 ) ) GLOBAL_UNIT_ASSIGNED_CONTEXT ( ( #2395, #5381, #2476 ) ) REPRESENTATION_CONTEXT ( 'NONE', 'WORKASPACE' ) );
#608 = CARTESIAN_POINT ( 'NONE',  ( 18.76794308089884211, -14.12604845931475595, 26.46635652257822002 ) ) ;
#609 = VECTOR ( 'NONE', #893, 1000.000000000000000 ) ;
#610 = DIRECTION ( 'NONE',  ( -1.000000000000000000, -0.000000000000000000, -0.000000000000000000 ) ) ;
#611 = CYLINDRICAL_SURFACE ( 'NONE', #2937, 1.249999999999987121 ) ;
#612 = ORIENTED_EDGE ( 'NONE', *, *, #4645, .T. ) ;
#613 = PRESENTATION_STYLE_ASSIGNMENT (( #5193 ) ) ;
#614 = DIRECTION ( 'NONE',  ( 1.000000000000000000, 0.000000000000000000, 0.000000000000000000 ) ) ;
#615 = VERTEX_POINT ( 'NONE', #1925 ) ;
#616 = CARTESIAN_POINT ( 'NONE',  ( 5.400000000000000355, 29.27613334949689161, -6.550421062990979593 ) ) ;
#617 = AXIS2_PLACEMENT_3D ( 'NONE', #5238, #4794, #1433 ) ;
#618 = AXIS2_PLACEMENT_3D ( 'NONE', #3605, #4776, #4804 ) ;
#619 = CARTESIAN_POINT ( 'NONE',  ( 6.000000000000000000, 27.00000000000000000, 0.000000000000000000 ) ) ;
#620 = DIRECTION ( 'NONE',  ( -1.000000000000000000, 0.000000000000000000, 0.000000000000000000 ) ) ;
#621 = ORIENTED_EDGE ( 'NONE', *, *, #4079, .F. ) ;
#622 = PRESENTATION_LAYER_ASSIGNMENT (  '', '', ( #1331 ) ) ;
#623 = DIRECTION ( 'NONE',  ( -0.000000000000000000, 0.4999999999999921174, -0.8660254037844431485 ) ) ;
#624 = AXIS2_PLACEMENT_3D ( 'NONE', #4588, #2502, #2564 ) ;
#625 = EDGE_CURVE ( 'NONE', #615, #3990, #1900, .T. ) ;
#626 = CARTESIAN_POINT ( 'NONE',  ( 2.000000000000000000, -9.426999614876460059E-14, 27.00000000000000000 ) ) ;
#627 = ORIENTED_EDGE ( 'NONE', *, *, #3670, .T. ) ;
#628 = CARTESIAN_POINT ( 'NONE',  ( 0.000000000000000000, 27.00000000000000000, 1.249999999999997558 ) ) ;
#629 = CARTESIAN_POINT ( 'NONE',  ( 5.400000000000000355, 8.971978635937064794, 28.65425098229386336 ) ) ;
#630 = ORIENTED_EDGE ( 'NONE', *, *, #3963, .F. ) ;
#631 = EDGE_CURVE ( 'NONE', #5234, #3249, #5297, .T. ) ;
#632 = CARTESIAN_POINT ( 'NONE',  ( 5.400000000000000355, 10.16746824526927639, -20.11057158514996246 ) ) ;
#633 =( NAMED_UNIT ( * ) SI_UNIT ( $, .STERADIAN. ) SOLID_ANGLE_UNIT ( ) );
#634 = FACE_OUTER_BOUND ( 'NONE', #2077, .T. ) ;
#635 = CARTESIAN_POINT ( 'NONE',  ( 0.000000000000000000, -19.09188309203688050, 19.09188309203668155 ) ) ;
#636 =( NAMED_UNIT ( * ) PLANE_ANGLE_UNIT ( ) SI_UNIT ( $, .RADIAN. ) );
#637 = ORIENTED_EDGE ( 'NONE', *, *, #4652, .T. ) ;
#638 = ADVANCED_FACE ( 'NONE', ( #1521 ), #1126, .F. ) ;
#639 = CARTESIAN_POINT ( 'NONE',  ( 85.70000000000008811, -19.81969897660377811, 17.12654079614884850 ) ) ;
#640 = CARTESIAN_POINT ( 'NONE',  ( 14.80000000000000071, 0.000000000000000000, 30.00000000000000000 ) ) ;
#641 = DIRECTION ( 'NONE',  ( -1.000000000000000000, -0.000000000000000000, -0.000000000000000000 ) ) ;
#642 = DIRECTION ( 'NONE',  ( 0.000000000000000000, 0.000000000000000000, 1.000000000000000000 ) ) ;
#643 = CARTESIAN_POINT ( 'NONE',  ( 6.394895235514098886, 7.026880780999843701, 29.16552006799482299 ) ) ;
#644 = ORIENTED_EDGE ( 'NONE', *, *, #3462, .T. ) ;
#645 = LINE ( 'NONE', #2344, #2637 ) ;
#646 = FACE_OUTER_BOUND ( 'NONE', #3077, .T. ) ;
#647 = ORIENTED_EDGE ( 'NONE', *, *, #1610, .T. ) ;
#648 = DIRECTION ( 'NONE',  ( -0.000000000000000000, -0.9659258262890680902, 0.2588190451025211281 ) ) ;
#649 = DIRECTION ( 'NONE',  ( -0.000000000000000000, 0.4999999999999922284, -0.8660254037844433705 ) ) ;
#650 = EDGE_LOOP ( 'NONE', ( #1861, #1211 ) ) ;
#651 = CARTESIAN_POINT ( 'NONE',  ( 83.79999999999999716, -10.97177648454116472, -0.7874774747481696480 ) ) ;
#652 = EDGE_CURVE ( 'NONE', #328, #539, #3965, .T. ) ;
#653 = ORIENTED_EDGE ( 'NONE', *, *, #3508, .T. ) ;
#654 = CARTESIAN_POINT ( 'NONE',  ( 5.727557703518106003, -13.93350513427925819, 26.56805066716198382 ) ) ;
#655 = DIRECTION ( 'NONE',  ( -0.000000000000000000, 0.2588190451025244587, 0.9659258262890672020 ) ) ;
#656 = ORIENTED_EDGE ( 'NONE', *, *, #5209, .T. ) ;
#657 = LINE ( 'NONE', #3529, #1510 ) ;
#658 = DIRECTION ( 'NONE',  ( 1.049727191138611054E-16, 0.2756373558170102100, -0.9612616959383156745 ) ) ;
#659 = EDGE_CURVE ( 'NONE', #210, #10, #2786, .T. ) ;
#660 = LINE ( 'NONE', #1548, #4432 ) ;
#661 = VECTOR ( 'NONE', #3164, 1000.000000000000114 ) ;
#662 = CARTESIAN_POINT ( 'NONE',  ( 4.399244568688848389, 8.502916798369689388, 28.77001984550739166 ) ) ;
#663 = DIRECTION ( 'NONE',  ( 0.000000000000000000, 0.000000000000000000, 1.000000000000000000 ) ) ;
#664 = ORIENTED_EDGE ( 'NONE', *, *, #5046, .F. ) ;
#665 = CARTESIAN_POINT ( 'NONE',  ( 86.50000000000000000, -19.81969897660377811, 12.62654079614884850 ) ) ;
#666 = CARTESIAN_POINT ( 'NONE',  ( 5.400000000000000355, 28.65425098229389533, -8.971978635936965318 ) ) ;
#667 = AXIS2_PLACEMENT_3D ( 'NONE', #3945, #4348, #141 ) ;
#668 = ADVANCED_FACE ( 'NONE', ( #4877, #1136 ), #2799, .T. ) ;
#669 = DIRECTION ( 'NONE',  ( -1.000000000000000000, -0.000000000000000000, -0.000000000000000000 ) ) ;
#670 = DIRECTION ( 'NONE',  ( 0.000000000000000000, 0.000000000000000000, 1.000000000000000000 ) ) ;
#671 = ORIENTED_EDGE ( 'NONE', *, *, #2531, .F. ) ;
#672 = CARTESIAN_POINT ( 'NONE',  ( 6.342152031970309523, -29.18051865685101731, 6.964241951367500683 ) ) ;
#673 = CARTESIAN_POINT ( 'NONE',  ( 84.79999999999999716, -19.81969897660377811, 12.62654079614884850 ) ) ;
#674 = VECTOR ( 'NONE', #4885, 1000.000000000000114 ) ;
#675 = ORIENTED_EDGE ( 'NONE', *, *, #4958, .T. ) ;
#676 = CARTESIAN_POINT ( 'NONE',  ( 4.770198875233970348, -14.04428208010059187, 26.50966019013367969 ) ) ;
#677 = CONICAL_SURFACE ( 'NONE', #3908, 1.249999999999997558, 1.029744258676653423 ) ;
#678 = CIRCLE ( 'NONE', #5226, 1.249999999999997558 ) ;
#679 = FACE_BOUND ( 'NONE', #3386, .T. ) ;
#680 = FACE_OUTER_BOUND ( 'NONE', #560, .T. ) ;
#681 = EDGE_LOOP ( 'NONE', ( #3591, #1515, #3861, #2823 ) ) ;
#682 = CARTESIAN_POINT ( 'NONE',  ( 5.729237241684785431, 29.26892376723209210, -6.582857220042174440 ) ) ;
#683 =( LENGTH_UNIT ( ) NAMED_UNIT ( * ) SI_UNIT ( .MILLI., .METRE. ) );
#684 = EDGE_LOOP ( 'NONE', ( #2871, #2039, #1677, #2622 ) ) ;
#685 = DIRECTION ( 'NONE',  ( 1.049727191138610684E-16, 0.2756373558170105986, -0.9612616959383154525 ) ) ;
#686 = SURFACE_STYLE_FILL_AREA ( #3527 ) ;
#687 = CARTESIAN_POINT ( 'NONE',  ( 2.000000000000000000, 2.828099884462937892E-13, -25.35000000000000142 ) ) ;
#688 = DIRECTION ( 'NONE',  ( 0.000000000000000000, 1.000000000000000000, -1.224646799147353207E-16 ) ) ;
#689 = VECTOR ( 'NONE', #3513, 1000.000000000000000 ) ;
#690 = DIRECTION ( 'NONE',  ( -1.000000000000000000, 0.000000000000000000, 0.000000000000000000 ) ) ;
#691 = PRESENTATION_LAYER_ASSIGNMENT (  '', '', ( #4896 ) ) ;
#692 = CARTESIAN_POINT ( 'NONE',  ( 83.79999999999999716, -9.974342258674420592, -0.7158886134074701202 ) ) ;
#693 = CARTESIAN_POINT ( 'NONE',  ( 17.99999999999937117, -8.965235628720551020, -28.62908573673842483 ) ) ;
#694 = ORIENTED_EDGE ( 'NONE', *, *, #2847, .F. ) ;
#695 = CARTESIAN_POINT ( 'NONE',  ( 0.000000000000000000, -19.09188309203688050, 19.09188309203668155 ) ) ;
#696 = CARTESIAN_POINT ( 'NONE',  ( 0.000000000000000000, 19.09188309203674905, 17.84188309203682010 ) ) ;
#697 = EDGE_CURVE ( 'NONE', #3990, #2654, #2387, .T. ) ;
#698 = VECTOR ( 'NONE', #3723, 1000.000000000000000 ) ;
#699 = CARTESIAN_POINT ( 'NONE',  ( 17.83555482864288422, 28.63153409387711790, -8.957427707450579035 ) ) ;
#700 = CARTESIAN_POINT ( 'NONE',  ( 6.169222716098289538, 6.795648228794858525, 29.22041247673528019 ) ) ;
#701 = ORIENTED_EDGE ( 'NONE', *, *, #1650, .T. ) ;
#702 = SURFACE_STYLE_FILL_AREA ( #3103 ) ;
#703 = CARTESIAN_POINT ( 'NONE',  ( 2.000000000000000000, 2.828099884462937892E-13, -27.00000000000000000 ) ) ;
#704 = CIRCLE ( 'NONE', #2093, 1.649999999999998801 ) ;
#705 = ORIENTED_EDGE ( 'NONE', *, *, #125, .F. ) ;
#706 = EDGE_CURVE ( 'NONE', #3466, #5385, #678, .T. ) ;
#707 = FACE_OUTER_BOUND ( 'NONE', #829, .T. ) ;
#708 = AXIS2_PLACEMENT_3D ( 'NONE', #3180, #3121, #1524 ) ;
#709 = PRESENTATION_LAYER_ASSIGNMENT (  '', '', ( #5350 ) ) ;
#710 = DIRECTION ( 'NONE',  ( -1.000000000000000000, -0.000000000000000000, -0.000000000000000000 ) ) ;
#711 = DIRECTION ( 'NONE',  ( -1.000000000000000000, -0.000000000000000000, -0.000000000000000000 ) ) ;
#712 = ORIENTED_EDGE ( 'NONE', *, *, #4920, .T. ) ;
#713 = CARTESIAN_POINT ( 'NONE',  ( 5.399999999999369749, 28.62908573673852075, -8.965235628720250816 ) ) ;
#714 = ADVANCED_FACE ( 'NONE', ( #193, #3554 ), #5235, .T. ) ;
#715 = AXIS2_PLACEMENT_3D ( 'NONE', #4306, #4331, #3490 ) ;
#716 = AXIS2_PLACEMENT_3D ( 'NONE', #3829, #3395, #3317 ) ;
#717 = AXIS2_PLACEMENT_3D ( 'NONE', #1204, #4977, #2347 ) ;
#718 = AXIS2_PLACEMENT_3D ( 'NONE', #3049, #981, #5059 ) ;
#719 = ORIENTED_EDGE ( 'NONE', *, *, #697, .T. ) ;
#720 = DIRECTION ( 'NONE',  ( -0.000000000000000000, -0.2588190451025312866, -0.9659258262890656477 ) ) ;
#721 = SURFACE_SIDE_STYLE ('',( #337 ) ) ;
#722 = DIRECTION ( 'NONE',  ( -1.000000000000000000, -0.000000000000000000, -0.000000000000000000 ) ) ;
#723 = CARTESIAN_POINT ( 'NONE',  ( 17.23258250940868308, 14.12539689480232319, -26.46671113975432021 ) ) ;
#724 = CARTESIAN_POINT ( 'NONE',  ( 2.000000000000000000, 27.00000000000000000, 0.000000000000000000 ) ) ;
#725 = ORIENTED_EDGE ( 'NONE', *, *, #796, .F. ) ;
#726 = CARTESIAN_POINT ( 'NONE',  ( 4.182872685609155816, 25.81551106758140079, 15.28339045981516620 ) ) ;
#727 = CARTESIAN_POINT ( 'NONE',  ( 20.51000000000000156, 0.000000000000000000, 30.00000000000000000 ) ) ;
#728 = ADVANCED_FACE ( 'NONE', ( #1191 ), #3557, .F. ) ;
#729 = SURFACE_SIDE_STYLE ('',( #3187 ) ) ;
#730 = LINE ( 'NONE', #4504, #3491 ) ;
#731 = DIRECTION ( 'NONE',  ( 1.000000000000000000, 0.000000000000000000, 0.000000000000000000 ) ) ;
#732 = ORIENTED_EDGE ( 'NONE', *, *, #4271, .F. ) ;
#733 = FILL_AREA_STYLE ('',( #2792 ) ) ;
#734 = CARTESIAN_POINT ( 'NONE',  ( 4.997436999927914236, -13.96096352985252764, 26.55357759236175141 ) ) ;
#735 = EDGE_CURVE ( 'NONE', #258, #2124, #488, .T. ) ;
#736 = SURFACE_SIDE_STYLE ('',( #2508 ) ) ;
#737 = ORIENTED_EDGE ( 'NONE', *, *, #2599, .T. ) ;
#738 = CARTESIAN_POINT ( 'NONE',  ( 6.342152031970309523, 29.18051865685101731, -6.964241951367500683 ) ) ;
#739 = DIRECTION ( 'NONE',  ( 0.000000000000000000, 0.000000000000000000, -1.000000000000000000 ) ) ;
#740 = ADVANCED_FACE ( 'NONE', ( #1706 ), #2942, .F. ) ;
#741 = VERTEX_POINT ( 'NONE', #5456 ) ;
#742 = FILL_AREA_STYLE_COLOUR ( '', #116 ) ;
#743 = CARTESIAN_POINT ( 'NONE',  ( 6.000000000000000000, -19.09188309203661404, -19.09188309203694800 ) ) ;
#744 = UNCERTAINTY_MEASURE_WITH_UNIT (LENGTH_MEASURE( 1.000000000000000082E-05 ), #3775, 'distance_accuracy_value', 'NONE');
#745 = PRESENTATION_STYLE_ASSIGNMENT (( #3667 ) ) ;
#746 = FACE_OUTER_BOUND ( 'NONE', #5034, .T. ) ;
#747 =( NAMED_UNIT ( * ) SI_UNIT ( $, .STERADIAN. ) SOLID_ANGLE_UNIT ( ) );
#748 = DIRECTION ( 'NONE',  ( 0.000000000000000000, 0.000000000000000000, 1.000000000000000000 ) ) ;
#749 = EDGE_LOOP ( 'NONE', ( #989, #2771, #3428, #5452 ) ) ;
#750 = LINE ( 'NONE', #4530, #4189 ) ;
#751 = CARTESIAN_POINT ( 'NONE',  ( 18.00000000000000355, -25.33319957161919689, -16.06950526508246213 ) ) ;
#752 = DIRECTION ( 'NONE',  ( -0.000000000000000000, -0.4999999999999980571, 0.8660254037844397068 ) ) ;
#753 = LINE ( 'NONE', #2427, #3458 ) ;
#754 = ORIENTED_EDGE ( 'NONE', *, *, #2531, .T. ) ;
#755 = DIRECTION ( 'NONE',  ( 0.000000000000000000, -1.000000000000000000, -4.205390244792260029E-15 ) ) ;
#756 = PRESENTATION_LAYER_ASSIGNMENT (  '', '', ( #2236 ) ) ;
#757 = EDGE_CURVE ( 'NONE', #1276, #4204, #1639, .T. ) ;
#758 = FACE_OUTER_BOUND ( 'NONE', #1940, .T. ) ;
#759 = CARTESIAN_POINT ( 'NONE',  ( 18.76794308089884566, 14.12604845931457298, -26.46635652257832305 ) ) ;
#760 = VECTOR ( 'NONE', #5068, 1000.000000000000000 ) ;
#761 = ORIENTED_EDGE ( 'NONE', *, *, #3687, .F. ) ;
#762 = CARTESIAN_POINT ( 'NONE',  ( 5.399999999999369749, 13.90444175561530926, -26.58319957162232683 ) ) ;
#763 = VERTEX_POINT ( 'NONE', #335 ) ;
#764 = DIRECTION ( 'NONE',  ( 1.049727191138611054E-16, 0.9612616959383165627, 0.2756373558170071569 ) ) ;
#765 = EDGE_CURVE ( 'NONE', #2405, #154, #3385, .T. ) ;
#766 = AXIS2_PLACEMENT_3D ( 'NONE', #4499, #4111, #2880 ) ;
#767 =( GEOMETRIC_REPRESENTATION_CONTEXT ( 3 ) GLOBAL_UNCERTAINTY_ASSIGNED_CONTEXT ( ( #5356 ) ) GLOBAL_UNIT_ASSIGNED_CONTEXT ( ( #930, #5198, #1452 ) ) REPRESENTATION_CONTEXT ( 'NONE', 'WORKASPACE' ) );
#768 = VERTEX_POINT ( 'NONE', #362 ) ;
#769 = CARTESIAN_POINT ( 'NONE',  ( 6.650136447789994243, 15.14189720965909736, -25.89884428618431755 ) ) ;
#770 = AXIS2_PLACEMENT_3D ( 'NONE', #1380, #2188, #3031 ) ;
#771 = SURFACE_STYLE_USAGE ( .BOTH. , #4986 ) ;
#772 = DIRECTION ( 'NONE',  ( -1.000000000000000000, -0.000000000000000000, -0.000000000000000000 ) ) ;
#773 = EDGE_CURVE ( 'NONE', #1359, #49, #1027, .T. ) ;
#774 = COLOUR_RGB ( '',1.000000000000000000, 1.000000000000000000, 1.000000000000000000 ) ;
#775 = CARTESIAN_POINT ( 'NONE',  ( 6.029936838771067897, -25.41766864831421202, -15.93568411320988787 ) ) ;
#776 = DIRECTION ( 'NONE',  ( 0.000000000000000000, 0.4999999999999890643, -0.8660254037844449249 ) ) ;
#777 = ORIENTED_EDGE ( 'NONE', *, *, #1206, .F. ) ;
#778 = CIRCLE ( 'NONE', #4254, 1.649999999999999689 ) ;
#779 = DIRECTION ( 'NONE',  ( -1.000000000000000000, -0.000000000000000000, -0.000000000000000000 ) ) ;
#780 = ADVANCED_FACE ( 'NONE', ( #4960, #1265, #4985, #2922, #3695 ), #4595, .T. ) ;
#781 = STYLED_ITEM ( 'NONE', ( #1161 ), #2652 ) ;
#782 = PLANE ( 'NONE',  #4516 ) ;
#783 = SURFACE_SIDE_STYLE ('',( #1612 ) ) ;
#784 = SURFACE_STYLE_USAGE ( .BOTH. , #2500 ) ;
#785 = ORIENTED_EDGE ( 'NONE', *, *, #3770, .T. ) ;
#786 = MECHANICAL_DESIGN_GEOMETRIC_PRESENTATION_REPRESENTATION (  '', ( #2360 ), #3484 ) ;
#787 = CARTESIAN_POINT ( 'NONE',  ( 2.000000000000000000, -19.09188309203688050, 17.44188309203668297 ) ) ;
#788 =( GEOMETRIC_REPRESENTATION_CONTEXT ( 3 ) GLOBAL_UNCERTAINTY_ASSIGNED_CONTEXT ( ( #2006 ) ) GLOBAL_UNIT_ASSIGNED_CONTEXT ( ( #3547, #1513, #3171 ) ) REPRESENTATION_CONTEXT ( 'NONE', 'WORKASPACE' ) );
#789 = CARTESIAN_POINT ( 'NONE',  ( 18.32755770351809943, 13.93350513427907345, -26.56805066716208330 ) ) ;
#790 = ORIENTED_EDGE ( 'NONE', *, *, #4673, .T. ) ;
#791 = CARTESIAN_POINT ( 'NONE',  ( 17.91841376768462624, 26.58319957161902991, 13.90444175562161533 ) ) ;
#792 = ORIENTED_EDGE ( 'NONE', *, *, #3736, .T. ) ;
#793 = PRESENTATION_LAYER_ASSIGNMENT (  '', '', ( #2640 ) ) ;
#794 = MECHANICAL_DESIGN_GEOMETRIC_PRESENTATION_REPRESENTATION (  '', ( #2968 ), #1322 ) ;
#795 = VERTEX_POINT ( 'NONE', #1623 ) ;
#796 = EDGE_CURVE ( 'NONE', #2743, #4823, #1165, .T. ) ;
#797 = VECTOR ( 'NONE', #1714, 1000.000000000000000 ) ;
#798 = CARTESIAN_POINT ( 'NONE',  ( 6.394895235514096221, 15.65438196607692589, -25.59189206774597025 ) ) ;
#799 = STYLED_ITEM ( 'NONE', ( #1627 ), #3879 ) ;
#800 = DIRECTION ( 'NONE',  ( 0.000000000000000000, 0.000000000000000000, 1.000000000000000000 ) ) ;
#801 = UNCERTAINTY_MEASURE_WITH_UNIT (LENGTH_MEASURE( 1.000000000000000082E-05 ), #180, 'distance_accuracy_value', 'NONE');
#802 = DIRECTION ( 'NONE',  ( 0.000000000000000000, 0.000000000000000000, 1.000000000000000000 ) ) ;
#803 = AXIS2_PLACEMENT_3D ( 'NONE', #4538, #4507, #755 ) ;
#804 = VECTOR ( 'NONE', #4649, 1000.000000000000000 ) ;
#805 = ADVANCED_FACE ( 'NONE', ( #2053 ), #3083, .F. ) ;
#806 = DIRECTION ( 'NONE',  ( 0.000000000000000000, -0.4999999999999943934, 0.8660254037844418162 ) ) ;
#807 = FACE_OUTER_BOUND ( 'NONE', #1164, .T. ) ;
#808 = ORIENTED_EDGE ( 'NONE', *, *, #3401, .T. ) ;
#809 = CARTESIAN_POINT ( 'NONE',  ( 14.90000000000000036, 0.000000000000000000, 0.000000000000000000 ) ) ;
#810 = AXIS2_PLACEMENT_3D ( 'NONE', #665, #1090, #176 ) ;
#811 = FACE_OUTER_BOUND ( 'NONE', #1885, .T. ) ;
#812 = ORIENTED_EDGE ( 'NONE', *, *, #3537, .F. ) ;
#813 = EDGE_CURVE ( 'NONE', #503, #23, #3644, .T. ) ;
#814 = LINE ( 'NONE', #2478, #1729 ) ;
#815 = FACE_OUTER_BOUND ( 'NONE', #5033, .T. ) ;
#816 = APPLICATION_PROTOCOL_DEFINITION ( 'draft international standard', 'automotive_design', 1998, #4302 ) ;
#817 = CYLINDRICAL_SURFACE ( 'NONE', #3668, 1.249999999999987788 ) ;
#818 = FACE_OUTER_BOUND ( 'NONE', #4628, .T. ) ;
#819 = ORIENTED_EDGE ( 'NONE', *, *, #3776, .F. ) ;
#820 = CARTESIAN_POINT ( 'NONE',  ( 16.78287268560915990, 25.81551106758140079, 15.28339045981517508 ) ) ;
#821 = ORIENTED_EDGE ( 'NONE', *, *, #235, .F. ) ;
#822 = ORIENTED_EDGE ( 'NONE', *, *, #448, .T. ) ;
#823 = CARTESIAN_POINT ( 'NONE',  ( 6.523771649554243268, 15.47684157875732325, -25.69967161342724893 ) ) ;
#824 = CARTESIAN_POINT ( 'NONE',  ( 5.400000000000000355, 5.823428514806810341, 21.73333109150401654 ) ) ;
#825 = EDGE_CURVE ( 'NONE', #5455, #5150, #5117, .T. ) ;
#826 = FILL_AREA_STYLE_COLOUR ( '', #2073 ) ;
#827 = LINE ( 'NONE', #399, #4997 ) ;
#828 = DIRECTION ( 'NONE',  ( -1.000000000000000000, -0.000000000000000000, -0.000000000000000000 ) ) ;
#829 = EDGE_LOOP ( 'NONE', ( #2128, #4023, #1432 ) ) ;
#830 = DIRECTION ( 'NONE',  ( -1.000000000000000000, -0.000000000000000000, -0.000000000000000000 ) ) ;
#831 = FACE_OUTER_BOUND ( 'NONE', #4337, .T. ) ;
#832 = ADVANCED_FACE ( 'NONE', ( #4756 ), #2183, .F. ) ;
#833 = B_SPLINE_CURVE_WITH_KNOTS ( 'NONE', 3,
 ( #1507, #4358, #1123, #5253, #2791, #3166, #4394, #243, #1447, #4837, #1862, #3574, #1535, #4421, #672, #2312, #3541, #1002, #4012, #1941 ),
 .UNSPECIFIED., .F., .F.,
 ( 4, 2, 2, 2, 2, 2, 2, 2, 2, 4 ),
 ( 0.003908493778160051883, 0.004396944493550047905, 0.004885395208940043060, 0.005373845924330039082, 0.005862296639720035105, 0.006350747355110031127, 0.006594972712805029572, 0.006839198070500028016, 0.007327648785890029243, 0.007816099501280029602 ),
 .UNSPECIFIED. ) ;
#834 = DIRECTION ( 'NONE',  ( 0.000000000000000000, -0.4999999999999949485, 0.8660254037844414832 ) ) ;
#835 = DIRECTION ( 'NONE',  ( -0.000000000000000000, 0.8660254037844414832, 0.4999999999999950595 ) ) ;
#836 = ORIENTED_EDGE ( 'NONE', *, *, #5289, .T. ) ;
#837 = ADVANCED_FACE ( 'NONE', ( #538 ), #2158, .F. ) ;
#838 = SURFACE_STYLE_USAGE ( .BOTH. , #1595 ) ;
#839 = SURFACE_SIDE_STYLE ('',( #4168 ) ) ;
#840 = ORIENTED_EDGE ( 'NONE', *, *, #3279, .T. ) ;
#841 = CARTESIAN_POINT ( 'NONE',  ( 17.83555482864288777, 26.57940978748099070, 13.91169403962763162 ) ) ;
#842 = AXIS2_PLACEMENT_3D ( 'NONE', #3189, #2758, #4774 ) ;
#843 = EDGE_LOOP ( 'NONE', ( #385, #3086 ) ) ;
#844 = VECTOR ( 'NONE', #863, 1000.000000000000227 ) ;
#845 = CONICAL_SURFACE ( 'NONE', #2239, 1.249999999999986899, 1.029744258676642099 ) ;
#846 = AXIS2_PLACEMENT_3D ( 'NONE', #3421, #1405, #1818 ) ;
#847 = VERTEX_POINT ( 'NONE', #3465 ) ;
#848 = ORIENTED_EDGE ( 'NONE', *, *, #3796, .T. ) ;
#849 = DIRECTION ( 'NONE',  ( 0.000000000000000000, 0.000000000000000000, 1.000000000000000000 ) ) ;
#850 = UNCERTAINTY_MEASURE_WITH_UNIT (LENGTH_MEASURE( 1.000000000000000082E-05 ), #3273, 'distance_accuracy_value', 'NONE');
#851 = CARTESIAN_POINT ( 'NONE',  ( 5.400000000000000355, -11.24999999999995737, 19.48557158514990206 ) ) ;
#852 = AXIS2_PLACEMENT_3D ( 'NONE', #2365, #1528, #4033 ) ;
#853 = COLOUR_RGB ( '',1.000000000000000000, 1.000000000000000000, 1.000000000000000000 ) ;
#854 = CIRCLE ( 'NONE', #1549, 1.249999999999997558 ) ;
#855 = FILL_AREA_STYLE ('',( #826 ) ) ;
#856 = DIRECTION ( 'NONE',  ( -1.000000000000000000, -0.000000000000000000, -0.000000000000000000 ) ) ;
#857 = CARTESIAN_POINT ( 'NONE',  ( 6.000000000000000000, -19.09188309203688050, 19.09188309203668155 ) ) ;
#858 = VERTEX_POINT ( 'NONE', #1760 ) ;
#859 = CYLINDRICAL_SURFACE ( 'NONE', #3760, 1.249999999999997558 ) ;
#860 = CARTESIAN_POINT ( 'NONE',  ( 6.169222716098290427, 25.46720075650674175, 15.85670286622828051 ) ) ;
#861 = AXIS2_PLACEMENT_3D ( 'NONE', #2816, #1067, #4862 ) ;
#862 = VERTEX_POINT ( 'NONE', #4675 ) ;
#863 = DIRECTION ( 'NONE',  ( -0.000000000000000000, -0.2588190451025312311, -0.9659258262890654256 ) ) ;
#864 = AXIS2_PLACEMENT_3D ( 'NONE', #4229, #4625, #478 ) ;
#865 = CARTESIAN_POINT ( 'NONE',  ( 16.74994205371400113, -7.921664237608360359, -28.93568437672507088 ) ) ;
#866 = FACE_OUTER_BOUND ( 'NONE', #3572, .T. ) ;
#867 = ORIENTED_EDGE ( 'NONE', *, *, #1542, .F. ) ;
#868 = EDGE_CURVE ( 'NONE', #2743, #421, #4252, .T. ) ;
#869 = CARTESIAN_POINT ( 'NONE',  ( 17.99999999999937117, 26.58319957162228064, 13.90444175561540341 ) ) ;
#870 = SURFACE_STYLE_USAGE ( .BOTH. , #1869 ) ;
#871 = CARTESIAN_POINT ( 'NONE',  ( 4.149942053713995271, -7.921664237608363912, -28.93568437672507088 ) ) ;
#872 = CYLINDRICAL_SURFACE ( 'NONE', #3372, 1.249999999999997558 ) ;
#873 = ORIENTED_EDGE ( 'NONE', *, *, #5392, .T. ) ;
#874 = EDGE_CURVE ( 'NONE', #166, #4968, #5095, .T. ) ;
#875 = DIRECTION ( 'NONE',  ( -0.000000000000000000, -0.8660254037844448138, -0.4999999999999892308 ) ) ;
#876 = MECHANICAL_DESIGN_GEOMETRIC_PRESENTATION_REPRESENTATION (  '', ( #1050 ), #4354 ) ;
#877 = ORIENTED_EDGE ( 'NONE', *, *, #1069, .F. ) ;
#878 = AXIS2_PLACEMENT_3D ( 'NONE', #5227, #3109, #586 ) ;
#879 = VERTEX_POINT ( 'NONE', #4785 ) ;
#880 = EDGE_LOOP ( 'NONE', ( #112, #5088, #1700 ) ) ;
#881 = ADVANCED_FACE ( 'NONE', ( #2381 ), #1290, .F. ) ;
#882 = DIRECTION ( 'NONE',  ( 0.000000000000000000, 0.000000000000000000, 1.000000000000000000 ) ) ;
#883 = DIRECTION ( 'NONE',  ( -0.000000000000000000, 0.2588190451025245142, 0.9659258262890673130 ) ) ;
#884 = COLOUR_RGB ( '',1.000000000000000000, 1.000000000000000000, 1.000000000000000000 ) ;
#885 = CIRCLE ( 'NONE', #4371, 1.249999999999997558 ) ;
#886 = DIRECTION ( 'NONE',  ( -1.000000000000000000, -0.000000000000000000, -0.000000000000000000 ) ) ;
#887 = CARTESIAN_POINT ( 'NONE',  ( 86.50000000000000000, -19.81969897660377811, 12.62654079614884850 ) ) ;
#888 = ORIENTED_EDGE ( 'NONE', *, *, #2296, .F. ) ;
#889 = CARTESIAN_POINT ( 'NONE',  ( 14.80000000000000071, 0.000000000000000000, 0.000000000000000000 ) ) ;
#890 = FILL_AREA_STYLE ('',( #4630 ) ) ;
#891 = CONICAL_SURFACE ( 'NONE', #3417, 1.249999999999988010, 1.029744258676642987 ) ;
#892 = ORIENTED_EDGE ( 'NONE', *, *, #63, .T. ) ;
#893 = DIRECTION ( 'NONE',  ( -1.000000000000000000, -0.000000000000000000, -0.000000000000000000 ) ) ;
#894 = SURFACE_STYLE_FILL_AREA ( #1303 ) ;
#895 = CARTESIAN_POINT ( 'NONE',  ( 18.00000000000000355, -19.48557158515001930, -11.24999999999974953 ) ) ;
#896 = DIRECTION ( 'NONE',  ( 0.000000000000000000, -0.7071067811865444641, -0.7071067811865506814 ) ) ;
#897 = DIRECTION ( 'NONE',  ( 0.000000000000000000, 0.000000000000000000, 1.000000000000000000 ) ) ;
#898 = EDGE_CURVE ( 'NONE', #1537, #521, #4488, .T. ) ;
#899 = CARTESIAN_POINT ( 'NONE',  ( 4.997436999927915124, -8.904322796465599765, -28.64810676417886981 ) ) ;
#900 = DIRECTION ( 'NONE',  ( 0.000000000000000000, 0.6946583704589811559, -0.7193398003386666240 ) ) ;
#901 = DIRECTION ( 'NONE',  ( -1.000000000000000000, 0.000000000000000000, 0.000000000000000000 ) ) ;
#902 = EDGE_LOOP ( 'NONE', ( #3683, #1596, #848, #2948 ) ) ;
#903 = EDGE_CURVE ( 'NONE', #1904, #2796, #4811, .T. ) ;
#904 = ORIENTED_EDGE ( 'NONE', *, *, #125, .T. ) ;
#905 = FILL_AREA_STYLE_COLOUR ( '', #4161 ) ;
#906 = EDGE_LOOP ( 'NONE', ( #3929, #1864, #3564, #2547 ) ) ;
#907 = ORIENTED_EDGE ( 'NONE', *, *, #796, .T. ) ;
#908 = DIRECTION ( 'NONE',  ( -1.000000000000000000, -0.000000000000000000, -0.000000000000000000 ) ) ;
#909 = PLANE ( 'NONE',  #1747 ) ;
#910 = EDGE_CURVE ( 'NONE', #1647, #1702, #5048, .T. ) ;
#911 = CARTESIAN_POINT ( 'NONE',  ( 0.000000000000000000, -19.09188309203688050, 20.74188309203668013 ) ) ;
#912 = FACE_OUTER_BOUND ( 'NONE', #650, .T. ) ;
#913 = FACE_OUTER_BOUND ( 'NONE', #3146, .T. ) ;
#914 = ORIENTED_EDGE ( 'NONE', *, *, #4808, .F. ) ;
#915 = DIRECTION ( 'NONE',  ( -1.000000000000000000, -0.000000000000000000, -0.000000000000000000 ) ) ;
#916 = CARTESIAN_POINT ( 'NONE',  ( 2.000000000000000000, -19.09188309203688050, 17.44188309203668297 ) ) ;
#917 = VECTOR ( 'NONE', #1362, 1000.000000000000000 ) ;
#918 = SURFACE_STYLE_FILL_AREA ( #2613 ) ;
#919 = PRESENTATION_STYLE_ASSIGNMENT (( #4663 ) ) ;
#920 = CYLINDRICAL_SURFACE ( 'NONE', #3686, 1.649999999999998579 ) ;
#921 = PRODUCT_DEFINITION_SHAPE ( 'NONE', 'NONE',  #2367 ) ;
#922 = CARTESIAN_POINT ( 'NONE',  ( 4.631256831521278094, -29.22049328400327894, 6.795298926850855459 ) ) ;
#923 = CARTESIAN_POINT ( 'NONE',  ( 19.21717002221312498, -14.71497236774350803, 26.14368833554162919 ) ) ;
#924 = CARTESIAN_POINT ( 'NONE',  ( 4.631256831521278094, -6.795298926851160104, -29.22049328400321500 ) ) ;
#925 = LINE ( 'NONE', #92, #1111 ) ;
#926 = EDGE_LOOP ( 'NONE', ( #701, #4676 ) ) ;
#927 = FILL_AREA_STYLE ('',( #3078 ) ) ;
#928 = VERTEX_POINT ( 'NONE', #1157 ) ;
#929 = ORIENTED_EDGE ( 'NONE', *, *, #4943, .F. ) ;
#930 =( LENGTH_UNIT ( ) NAMED_UNIT ( * ) SI_UNIT ( .MILLI., .METRE. ) );
#931 = ORIENTED_EDGE ( 'NONE', *, *, #3099, .F. ) ;
#932 = ADVANCED_FACE ( 'NONE', ( #1568, #3172, #3959, #3581, #680 ), #2317, .T. ) ;
#933 = COLOUR_RGB ( '',1.000000000000000000, 1.000000000000000000, 1.000000000000000000 ) ;
#934 = FACE_OUTER_BOUND ( 'NONE', #3489, .T. ) ;
#935 = AXIS2_PLACEMENT_3D ( 'NONE', #3444, #4658, #2927 ) ;
#936 = CARTESIAN_POINT ( 'NONE',  ( 18.00000000000000355, 5.823428514806810341, 21.73333109150401654 ) ) ;
#937 = AXIS2_PLACEMENT_3D ( 'NONE', #988, #1378, #1430 ) ;
#938 = VERTEX_POINT ( 'NONE', #3226 ) ;
#939 = ADVANCED_FACE ( 'NONE', ( #4842 ), #4366, .F. ) ;
#940 = FILL_AREA_STYLE_COLOUR ( '', #248 ) ;
#941 = CARTESIAN_POINT ( 'NONE',  ( 6.617808062327156016, 25.81649972284544603, 15.28173181377415091 ) ) ;
#942 = AXIS2_PLACEMENT_3D ( 'NONE', #3588, #4848, #2744 ) ;
#943 = LINE ( 'NONE', #3836, #2275 ) ;
#944 = VERTEX_POINT ( 'NONE', #5346 ) ;
#945 = EDGE_CURVE ( 'NONE', #2814, #2207, #3892, .T. ) ;
#946 = CARTESIAN_POINT ( 'NONE',  ( 2.000000000000000000, 19.09188309203674905, 19.09188309203681655 ) ) ;
#947 = FACE_OUTER_BOUND ( 'NONE', #3319, .T. ) ;
#948 = VECTOR ( 'NONE', #153, 1000.000000000000000 ) ;
#949 = CARTESIAN_POINT ( 'NONE',  ( 18.99858092218254768, -14.32890280943212957, 26.35708286083601593 ) ) ;
#950 = CARTESIAN_POINT ( 'NONE',  ( 4.400656764382942399, -7.019881541073407227, -29.16735466947659106 ) ) ;
#951 = CARTESIAN_POINT ( 'NONE',  ( 6.167943080898840691, 8.725915513464681084, 28.70316482736711095 ) ) ;
#952 = LINE ( 'NONE', #2649, #5084 ) ;
#953 = ORIENTED_EDGE ( 'NONE', *, *, #45, .F. ) ;
#954 = CIRCLE ( 'NONE', #1482, 1.249999999999986899 ) ;
#955 = AXIS2_PLACEMENT_3D ( 'NONE', #2822, #2385, #5349 ) ;
#956 = VERTEX_POINT ( 'NONE', #3141 ) ;
#957 = ORIENTED_EDGE ( 'NONE', *, *, #1817, .F. ) ;
#958 = ORIENTED_EDGE ( 'NONE', *, *, #5224, .F. ) ;
#959 = UNCERTAINTY_MEASURE_WITH_UNIT (LENGTH_MEASURE( 1.000000000000000082E-05 ), #3540, 'distance_accuracy_value', 'NONE');
#960 = FILL_AREA_STYLE_COLOUR ( '', #1831 ) ;
#961 = ADVANCED_FACE ( 'NONE', ( #1949 ), #2540, .T. ) ;
#962 = DIRECTION ( 'NONE',  ( 0.000000000000000000, 0.000000000000000000, 1.000000000000000000 ) ) ;
#963 = ORIENTED_EDGE ( 'NONE', *, *, #404, .T. ) ;
#964 = DIRECTION ( 'NONE',  ( -0.000000000000000000, -0.9659258262890680902, 0.2588190451025211281 ) ) ;
#965 = CARTESIAN_POINT ( 'NONE',  ( 2.000000000000000000, -19.09188309203661404, -17.84188309203695155 ) ) ;
#966 = CIRCLE ( 'NONE', #522, 1.249999999999997558 ) ;
#967 = AXIS2_PLACEMENT_3D ( 'NONE', #149, #3515, #642 ) ;
#968 = EDGE_CURVE ( 'NONE', #3990, #615, #854, .T. ) ;
#969 = SURFACE_STYLE_USAGE ( .BOTH. , #2687 ) ;
#970 = LINE ( 'NONE', #4717, #2809 ) ;
#971 = CARTESIAN_POINT ( 'NONE',  ( 83.79999999999999716, -10.97177648454116472, -0.7874774747481696480 ) ) ;
#972 = B_SPLINE_CURVE_WITH_KNOTS ( 'NONE', 3,
 ( #869, #65, #1695, #4639, #42, #3839, #1749, #3405, #5081, #3429, #3867, #1800, #3451, #1391, #1828, #2279, #2727, #2754, #145, #5245 ),
 .UNSPECIFIED., .F., .F.,
 ( 4, 2, 2, 2, 2, 2, 2, 2, 2, 4 ),
 ( 0.003908493778160044944, 0.004396944493550038364, 0.004885395208940030917, 0.005373845924330024337, 0.005862296639720017757, 0.006350747355110011177, 0.006594972712805010490, 0.006839198070500012404, 0.007327648785890015365, 0.007816099501280017459 ),
 .UNSPECIFIED. ) ;
#973 = ORIENTED_EDGE ( 'NONE', *, *, #2159, .F. ) ;
#974 = DIRECTION ( 'NONE',  ( -1.000000000000000000, -0.000000000000000000, -0.000000000000000000 ) ) ;
#975 = FILL_AREA_STYLE ('',( #3406 ) ) ;
#976 = EDGE_CURVE ( 'NONE', #21, #3659, #1669, .T. ) ;
#977 = AXIS2_PLACEMENT_3D ( 'NONE', #4861, #183, #1914 ) ;
#978 = CARTESIAN_POINT ( 'NONE',  ( 19.08541668974977767, -15.53832662272142784, 25.66252170213637740 ) ) ;
#979 = CARTESIAN_POINT ( 'NONE',  ( 2.000000000000000000, -19.09188309203688050, 19.09188309203668155 ) ) ;
#980 = CARTESIAN_POINT ( 'NONE',  ( 18.32923724168478330, 16.04147149396705530, -25.35103745371671380 ) ) ;
#981 = DIRECTION ( 'NONE',  ( -1.000000000000000000, -0.000000000000000000, -0.000000000000000000 ) ) ;
#982 = VERTEX_POINT ( 'NONE', #1209 ) ;
#983 =( GEOMETRIC_REPRESENTATION_CONTEXT ( 3 ) GLOBAL_UNCERTAINTY_ASSIGNED_CONTEXT ( ( #2600 ) ) GLOBAL_UNIT_ASSIGNED_CONTEXT ( ( #4424, #5388, #274 ) ) REPRESENTATION_CONTEXT ( 'NONE', 'WORKASPACE' ) );
#984 = CARTESIAN_POINT ( 'NONE',  ( 2.500000000000000000, 0.000000000000000000, 30.00000000000000000 ) ) ;
#985 = CARTESIAN_POINT ( 'NONE',  ( 16.90753358152849373, 7.155478935029355725, 29.13454576337065305 ) ) ;
#986 = EDGE_LOOP ( 'NONE', ( #712, #77 ) ) ;
#987 =( NAMED_UNIT ( * ) PLANE_ANGLE_UNIT ( ) SI_UNIT ( $, .RADIAN. ) );
#988 = CARTESIAN_POINT ( 'NONE',  ( 2.500000000000000000, 0.000000000000000000, 0.000000000000000000 ) ) ;
#989 = ORIENTED_EDGE ( 'NONE', *, *, #4233, .F. ) ;
#990 = CARTESIAN_POINT ( 'NONE',  ( 18.00000000000000355, 11.24999999999981881, -19.48557158514998022 ) ) ;
#991 = CARTESIAN_POINT ( 'NONE',  ( 16.78287268560915635, -29.06131196934031280, 7.447333902025929042 ) ) ;
#992 = EDGE_CURVE ( 'NONE', #1343, #3464, #2059, .T. ) ;
#993 = PRESENTATION_STYLE_ASSIGNMENT (( #1388 ) ) ;
#994 = CARTESIAN_POINT ( 'NONE',  ( 18.99489523551410031, -29.16552006799485142, 7.026880780999742449 ) ) ;
#995 = ORIENTED_EDGE ( 'NONE', *, *, #2108, .F. ) ;
#996 = CYLINDRICAL_SURFACE ( 'NONE', #4369, 1.649999999999998579 ) ;
#997 = LINE ( 'NONE', #3073, #2444 ) ;
#998 = ADVANCED_FACE ( 'NONE', ( #4541 ), #872, .F. ) ;
#999 = FACE_OUTER_BOUND ( 'NONE', #2861, .T. ) ;
#1000 = FILL_AREA_STYLE ('',( #2284 ) ) ;
#1001 = CARTESIAN_POINT ( 'NONE',  ( 6.491617939385586844, -8.372067598227424412, -28.80852887080666846 ) ) ;
#1002 = CARTESIAN_POINT ( 'NONE',  ( 5.729237241684785431, -29.26892376723209210, 6.582857220042174440 ) ) ;
#1003 = CARTESIAN_POINT ( 'NONE',  ( 6.000000000000000000, -19.09188309203688050, 19.09188309203668155 ) ) ;
#1004 = ORIENTED_EDGE ( 'NONE', *, *, #2670, .F. ) ;
#1005 = EDGE_CURVE ( 'NONE', #4701, #1239, #1824, .T. ) ;
#1006 = CONICAL_SURFACE ( 'NONE', #2406, 1.249999999999986233, 1.029744258676644098 ) ;
#1007 = CARTESIAN_POINT ( 'NONE',  ( 4.307533581528498523, -15.54154719847247712, 25.66092255366590891 ) ) ;
#1008 = DIRECTION ( 'NONE',  ( 0.000000000000000000, 0.7071067811865391350, 0.7071067811865558994 ) ) ;
#1009 = SURFACE_SIDE_STYLE ('',( #4336 ) ) ;
#1010 = EDGE_LOOP ( 'NONE', ( #2947, #5176, #3525, #3606 ) ) ;
#1011 = CARTESIAN_POINT ( 'NONE',  ( 5.400000000000000355, -20.11057158514999799, -10.16746824526920534 ) ) ;
#1012 = VERTEX_POINT ( 'NONE', #5390 ) ;
#1013 = CARTESIAN_POINT ( 'NONE',  ( 5.399999999999369749, -13.90444175561549756, 26.58319957162222735 ) ) ;
#1014 = ORIENTED_EDGE ( 'NONE', *, *, #3948, .F. ) ;
#1015 = DIRECTION ( 'NONE',  ( 0.000000000000000000, 0.2588190451025206840, 0.9659258262890683122 ) ) ;
#1016 = VECTOR ( 'NONE', #2970, 1000.000000000000000 ) ;
#1017 =( GEOMETRIC_REPRESENTATION_CONTEXT ( 3 ) GLOBAL_UNCERTAINTY_ASSIGNED_CONTEXT ( ( #2389 ) ) GLOBAL_UNIT_ASSIGNED_CONTEXT ( ( #5076, #3886, #2990 ) ) REPRESENTATION_CONTEXT ( 'NONE', 'WORKASPACE' ) );
#1018 = CARTESIAN_POINT ( 'NONE',  ( 5.400000000000000355, 21.40980728512588982, -7.030835797668056664 ) ) ;
#1019 = AXIS2_PLACEMENT_3D ( 'NONE', #4536, #1635, #1590 ) ;
#1020 = CONICAL_SURFACE ( 'NONE', #3641, 1.249999999999987343, 1.029744258676642765 ) ;
#1021 = DIRECTION ( 'NONE',  ( 0.000000000000000000, 0.000000000000000000, 1.000000000000000000 ) ) ;
#1022 =( LENGTH_UNIT ( ) NAMED_UNIT ( * ) SI_UNIT ( .MILLI., .METRE. ) );
#1023 = ORIENTED_EDGE ( 'NONE', *, *, #1028, .F. ) ;
#1024 = LINE ( 'NONE', #2690, #4462 ) ;
#1025 = CARTESIAN_POINT ( 'NONE',  ( 19.21717002221312853, -26.14368833554178906, -14.71497236774324158 ) ) ;
#1026 = CONICAL_SURFACE ( 'NONE', #4525, 1.249999999999986899, 1.029744258676644986 ) ;
#1027 = CIRCLE ( 'NONE', #4783, 1.649999999999999689 ) ;
#1028 = EDGE_CURVE ( 'NONE', #3558, #2798, #4095, .T. ) ;
#1029 = FACE_OUTER_BOUND ( 'NONE', #2510, .T. ) ;
#1030 = AXIS2_PLACEMENT_3D ( 'NONE', #3149, #4312, #564 ) ;
#1031 = DIRECTION ( 'NONE',  ( 0.000000000000000000, 0.000000000000000000, -1.000000000000000000 ) ) ;
#1032 = DIRECTION ( 'NONE',  ( 0.000000000000000000, 0.000000000000000000, -1.000000000000000000 ) ) ;
#1033 = ORIENTED_EDGE ( 'NONE', *, *, #1554, .T. ) ;
#1034 = CARTESIAN_POINT ( 'NONE',  ( 84.79999999999999716, -19.81969897660377811, 12.62654079614884850 ) ) ;
#1035 = CARTESIAN_POINT ( 'NONE',  ( 2.000000000000000000, 19.09188309203701550, -17.84188309203655010 ) ) ;
#1036 = ORIENTED_EDGE ( 'NONE', *, *, #3138, .T. ) ;
#1037 = CARTESIAN_POINT ( 'NONE',  ( 5.075368782764495101, 28.64106686839575389, -8.926900041063198898 ) ) ;
#1038 = AXIS2_PLACEMENT_3D ( 'NONE', #3250, #3628, #4359 ) ;
#1039 = ADVANCED_FACE ( 'NONE', ( #818 ), #1280, .F. ) ;
#1040 = DIRECTION ( 'NONE',  ( -1.000000000000000000, -0.000000000000000000, -0.000000000000000000 ) ) ;
#1041 = ORIENTED_EDGE ( 'NONE', *, *, #1588, .T. ) ;
#1042 = DIRECTION ( 'NONE',  ( -1.000000000000000000, -0.000000000000000000, -0.000000000000000000 ) ) ;
#1043 = VECTOR ( 'NONE', #1681, 1000.000000000000000 ) ;
#1044 = CIRCLE ( 'NONE', #3229, 1.249999999999997558 ) ;
#1045 = EDGE_CURVE ( 'NONE', #470, #549, #4832, .T. ) ;
#1046 = VERTEX_POINT ( 'NONE', #1783 ) ;
#1047 = DIRECTION ( 'NONE',  ( -1.000000000000000000, -0.000000000000000000, -0.000000000000000000 ) ) ;
#1048 = ORIENTED_EDGE ( 'NONE', *, *, #5294, .F. ) ;
#1049 = CARTESIAN_POINT ( 'NONE',  ( 18.00000000000000355, 29.27613334949689161, -6.550421062990980481 ) ) ;
#1050 = STYLED_ITEM ( 'NONE', ( #3755 ), #2963 ) ;
#1051 =( NAMED_UNIT ( * ) PLANE_ANGLE_UNIT ( ) SI_UNIT ( $, .RADIAN. ) );
#1052 = CIRCLE ( 'NONE', #1148, 1.650000000000001021 ) ;
#1053 = DIRECTION ( 'NONE',  ( 0.000000000000000000, -0.7071067811865485719, 0.7071067811865463515 ) ) ;
#1054 = CARTESIAN_POINT ( 'NONE',  ( 4.770198875233971236, 8.814353391658798387, 28.67596758313040084 ) ) ;
#1055 = DIRECTION ( 'NONE',  ( 1.000000000000000000, 0.000000000000000000, 0.000000000000000000 ) ) ;
#1056 = ORIENTED_EDGE ( 'NONE', *, *, #1790, .T. ) ;
#1057 = CYLINDRICAL_SURFACE ( 'NONE', #3600, 1.649999999999999689 ) ;
#1058 = CARTESIAN_POINT ( 'NONE',  ( 18.94215203197031627, -25.55820533043591425, -15.70927991116381683 ) ) ;
#1059 = AXIS2_PLACEMENT_3D ( 'NONE', #87, #12, #1335 ) ;
#1060 = COLOUR_RGB ( '',1.000000000000000000, 1.000000000000000000, 1.000000000000000000 ) ;
#1061 = AXIS2_PLACEMENT_3D ( 'NONE', #3804, #2956, #1795 ) ;
#1062 = FACE_OUTER_BOUND ( 'NONE', #1365, .T. ) ;
#1063 = AXIS2_PLACEMENT_3D ( 'NONE', #2364, #3288, #806 ) ;
#1064 = FACE_OUTER_BOUND ( 'NONE', #4762, .T. ) ;
#1065 = VERTEX_POINT ( 'NONE', #500 ) ;
#1066 = DIRECTION ( 'NONE',  ( -1.000000000000000000, -0.000000000000000000, -0.000000000000000000 ) ) ;
#1067 = DIRECTION ( 'NONE',  ( -1.000000000000000000, -0.000000000000000000, -0.000000000000000000 ) ) ;
#1068 = ORIENTED_EDGE ( 'NONE', *, *, #460, .T. ) ;
#1069 = EDGE_CURVE ( 'NONE', #1943, #1950, #2221, .T. ) ;
#1070 = VECTOR ( 'NONE', #3064, 999.9999999999998863 ) ;
#1071 = CIRCLE ( 'NONE', #2109, 1.249999999999986899 ) ;
#1072 = CARTESIAN_POINT ( 'NONE',  ( 5.400000000000000355, 4.616021231945488523, 22.05685489788216813 ) ) ;
#1073 = CARTESIAN_POINT ( 'NONE',  ( 16.90755888607466417, 8.370729509935461721, 28.80891878407222606 ) ) ;
#1074 = ORIENTED_EDGE ( 'NONE', *, *, #4817, .F. ) ;
#1075 = DIRECTION ( 'NONE',  ( 0.000000000000000000, 0.000000000000000000, 1.000000000000000000 ) ) ;
#1076 = VECTOR ( 'NONE', #1933, 1000.000000000000000 ) ;
#1077 = CARTESIAN_POINT ( 'NONE',  ( 18.00000000000000000, 10.87446211310759558, -18.83512088488558334 ) ) ;
#1078 = EDGE_CURVE ( 'NONE', #5262, #2512, #4325, .T. ) ;
#1079 = VERTEX_POINT ( 'NONE', #2258 ) ;
#1080 = DIRECTION ( 'NONE',  ( 0.000000000000000000, 0.4999999999999890643, -0.8660254037844449249 ) ) ;
#1081 = DIRECTION ( 'NONE',  ( -1.000000000000000000, -0.000000000000000000, -0.000000000000000000 ) ) ;
#1082 = ORIENTED_EDGE ( 'NONE', *, *, #3266, .F. ) ;
#1083 = DIRECTION ( 'NONE',  ( -0.000000000000000000, 0.9659258262890682012, -0.2588190451025211836 ) ) ;
#1084 = CARTESIAN_POINT ( 'NONE',  ( 17.36992144785137526, -29.24125428821119854, 6.704699256127343077 ) ) ;
#1085 = EDGE_CURVE ( 'NONE', #4812, #4791, #1811, .T. ) ;
#1086 = CARTESIAN_POINT ( 'NONE',  ( 72.00000000000000000, 3.673940397442059178E-15, -30.00000000000000000 ) ) ;
#1087 = CARTESIAN_POINT ( 'NONE',  ( 18.16516251803441406, -29.27613334949689161, 6.550421062990980481 ) ) ;
#1088 = CARTESIAN_POINT ( 'NONE',  ( 5.399999999999998579, 18.83512088488554426, 10.87446211310765953 ) ) ;
#1089 = EDGE_LOOP ( 'NONE', ( #4740, #3142 ) ) ;
#1090 = DIRECTION ( 'NONE',  ( -1.000000000000000000, 0.000000000000000000, 0.000000000000000000 ) ) ;
#1091 = DIRECTION ( 'NONE',  ( -0.000000000000000000, 0.9659258262890680902, -0.2588190451025211281 ) ) ;
#1092 = FILL_AREA_STYLE_COLOUR ( '', #2594 ) ;
#1093 = CARTESIAN_POINT ( 'NONE',  ( 6.485416689749776253, 7.158886994709840579, 29.13339924114534440 ) ) ;
#1094 = ORIENTED_EDGE ( 'NONE', *, *, #1471, .F. ) ;
#1095 = CARTESIAN_POINT ( 'NONE',  ( 6.000000000000000000, -19.09188309203661404, -17.84188309203695155 ) ) ;
#1096 = CARTESIAN_POINT ( 'NONE',  ( 0.000000000000000000, 0.000000000000000000, 4.500000000000000000 ) ) ;
#1097 = ORIENTED_EDGE ( 'NONE', *, *, #4988, .T. ) ;
#1098 = LINE ( 'NONE', #1072, #1492 ) ;
#1099 =( NAMED_UNIT ( * ) PLANE_ANGLE_UNIT ( ) SI_UNIT ( $, .RADIAN. ) );
#1100 = VERTEX_POINT ( 'NONE', #4647 ) ;
#1101 = CARTESIAN_POINT ( 'NONE',  ( 6.751075773784450895, -9.592353281619786834E-14, 27.00000000000000000 ) ) ;
#1102 = CARTESIAN_POINT ( 'NONE',  ( 0.000000000000000000, 19.09188309203674905, 20.74188309203681513 ) ) ;
#1103 = ORIENTED_EDGE ( 'NONE', *, *, #3712, .F. ) ;
#1104 = EDGE_CURVE ( 'NONE', #4632, #3032, #925, .T. ) ;
#1105 = CARTESIAN_POINT ( 'NONE',  ( 18.00000000000000355, -18.86057158515004062, -12.33253175473029550 ) ) ;
#1106 = DIRECTION ( 'NONE',  ( 0.000000000000000000, 0.000000000000000000, 1.000000000000000000 ) ) ;
#1107 =( NAMED_UNIT ( * ) SI_UNIT ( $, .STERADIAN. ) SOLID_ANGLE_UNIT ( ) );
#1108 = CARTESIAN_POINT ( 'NONE',  ( 17.37019887523397799, -28.67596758313043637, 8.814353391658700687 ) ) ;
#1109 = EDGE_CURVE ( 'NONE', #5385, #3466, #4320, .T. ) ;
#1110 = CARTESIAN_POINT ( 'NONE',  ( 17.37019887523397799, 14.04428208010040890, -26.50966019013378272 ) ) ;
#1111 = VECTOR ( 'NONE', #900, 1000.000000000000114 ) ;
#1112 = CARTESIAN_POINT ( 'NONE',  ( 2.000000000000000000, -19.09188309203688050, 20.74188309203668013 ) ) ;
#1113 = AXIS2_PLACEMENT_3D ( 'NONE', #268, #641, #1502 ) ;
#1114 = ORIENTED_EDGE ( 'NONE', *, *, #3025, .T. ) ;
#1115 = LINE ( 'NONE', #1497, #1499 ) ;
#1116 = SURFACE_SIDE_STYLE ('',( #2308 ) ) ;
#1117 =( GEOMETRIC_REPRESENTATION_CONTEXT ( 3 ) GLOBAL_UNCERTAINTY_ASSIGNED_CONTEXT ( ( #3857 ) ) GLOBAL_UNIT_ASSIGNED_CONTEXT ( ( #2952, #3030, #2241 ) ) REPRESENTATION_CONTEXT ( 'NONE', 'WORKASPACE' ) );
#1118 = EDGE_CURVE ( 'NONE', #3947, #3659, #2515, .T. ) ;
#1119 = CARTESIAN_POINT ( 'NONE',  ( 4.182872685609156704, -25.81551106758150027, -15.28339045981499034 ) ) ;
#1120 = CARTESIAN_POINT ( 'NONE',  ( 5.399999999999369749, -28.62908573673852075, 8.965235628720250816 ) ) ;
#1121 = DIRECTION ( 'NONE',  ( 0.000000000000000000, 0.000000000000000000, -1.000000000000000000 ) ) ;
#1122 = VERTEX_POINT ( 'NONE', #1755 ) ;
#1123 = CARTESIAN_POINT ( 'NONE',  ( 5.727557703518105114, -28.63892475580446728, 8.933972823511528105 ) ) ;
#1124 = AXIS2_PLACEMENT_3D ( 'NONE', #2724, #4386, #2305 ) ;
#1125 = ORIENTED_EDGE ( 'NONE', *, *, #3931, .F. ) ;
#1126 = CONICAL_SURFACE ( 'NONE', #942, 1.249999999999986899, 1.029744258676642321 ) ;
#1127 = DIRECTION ( 'NONE',  ( -0.000000000000000000, 0.2588190451025244587, 0.9659258262890672020 ) ) ;
#1128 = CONICAL_SURFACE ( 'NONE', #1910, 1.249999999999986233, 1.029744258676644764 ) ;
#1129 = PRESENTATION_LAYER_ASSIGNMENT (  '', '', ( #4864 ) ) ;
#1130 = CARTESIAN_POINT ( 'NONE',  ( 16.99924456868884448, 8.502916798369685836, 28.77001984550739166 ) ) ;
#1131 = ORIENTED_EDGE ( 'NONE', *, *, #5294, .T. ) ;
#1132 = DIRECTION ( 'NONE',  ( -0.000000000000000000, -0.8660254037844450359, -0.4999999999999893419 ) ) ;
#1133 = PRESENTATION_LAYER_ASSIGNMENT (  '', '', ( #4790 ) ) ;
#1134 = VECTOR ( 'NONE', #4789, 1000.000000000000227 ) ;
#1135 = ORIENTED_EDGE ( 'NONE', *, *, #3365, .F. ) ;
#1136 = FACE_OUTER_BOUND ( 'NONE', #2434, .T. ) ;
#1137 = FACE_OUTER_BOUND ( 'NONE', #4258, .T. ) ;
#1138 = VECTOR ( 'NONE', #1696, 1000.000000000000114 ) ;
#1139 = EDGE_CURVE ( 'NONE', #5385, #3636, #5086, .T. ) ;
#1140 = CARTESIAN_POINT ( 'NONE',  ( 16.74994205371400113, 14.85915614036014354, -26.06208114175175083 ) ) ;
#1141 = VECTOR ( 'NONE', #5154, 1000.000000000000000 ) ;
#1142 = CARTESIAN_POINT ( 'NONE',  ( 5.399999999999998579, -10.87446211310772881, 18.83512088488550518 ) ) ;
#1143 = LINE ( 'NONE', #2418, #674 ) ;
#1144 = VERTEX_POINT ( 'NONE', #2996 ) ;
#1145 = DIRECTION ( 'NONE',  ( 0.000000000000000000, 0.000000000000000000, -1.000000000000000000 ) ) ;
#1146 = FACE_OUTER_BOUND ( 'NONE', #4664, .T. ) ;
#1147 = EDGE_CURVE ( 'NONE', #4175, #1827, #1984, .T. ) ;
#1148 = AXIS2_PLACEMENT_3D ( 'NONE', #3082, #3630, #4335 ) ;
#1149 = DIRECTION ( 'NONE',  ( 0.000000000000000000, 0.000000000000000000, 1.000000000000000000 ) ) ;
#1150 = LINE ( 'NONE', #2398, #2496 ) ;
#1151 =( LENGTH_UNIT ( ) NAMED_UNIT ( * ) SI_UNIT ( .MILLI., .METRE. ) );
#1152 = COLOUR_RGB ( '',1.000000000000000000, 1.000000000000000000, 1.000000000000000000 ) ;
#1153 = CARTESIAN_POINT ( 'NONE',  ( 5.235554828642887237, -13.91169403962772932, 26.57940978748094807 ) ) ;
#1154 = EDGE_CURVE ( 'NONE', #2278, #1847, #3201, .T. ) ;
#1155 = CIRCLE ( 'NONE', #2720, 30.00000000000000000 ) ;
#1156 = CARTESIAN_POINT ( 'NONE',  ( 5.400000000000000355, -21.73333109150403786, 5.823428514806733958 ) ) ;
#1157 = CARTESIAN_POINT ( 'NONE',  ( 0.000000000000000000, 2.830120551681531236E-13, -28.64999999999999858 ) ) ;
#1158 = ORIENTED_EDGE ( 'NONE', *, *, #5145, .F. ) ;
#1159 = CARTESIAN_POINT ( 'NONE',  ( 18.00000000000000355, 21.73333109150403786, -5.823428514806733958 ) ) ;
#1160 = AXIS2_PLACEMENT_3D ( 'NONE', #186, #2651, #559 ) ;
#1161 = PRESENTATION_STYLE_ASSIGNMENT (( #4903 ) ) ;
#1162 = VECTOR ( 'NONE', #5263, 1000.000000000000000 ) ;
#1163 = VECTOR ( 'NONE', #2699, 1000.000000000000114 ) ;
#1164 = EDGE_LOOP ( 'NONE', ( #1622, #4582, #2455, #3157 ) ) ;
#1165 = LINE ( 'NONE', #3773, #36 ) ;
#1166 = CARTESIAN_POINT ( 'NONE',  ( 20.51000000000000156, 0.000000000000000000, 0.000000000000000000 ) ) ;
#1167 = SURFACE_SIDE_STYLE ('',( #4106 ) ) ;
#1168 = SURFACE_STYLE_USAGE ( .BOTH. , #4523 ) ;
#1169 = FACE_BOUND ( 'NONE', #5006, .T. ) ;
#1170 = CARTESIAN_POINT ( 'NONE',  ( 5.727557703518105114, -26.56805066716212593, -13.93350513427898107 ) ) ;
#1171 = DIRECTION ( 'NONE',  ( 1.000000000000000000, -0.000000000000000000, -0.000000000000000000 ) ) ;
#1172 = ORIENTED_EDGE ( 'NONE', *, *, #1947, .T. ) ;
#1173 = EDGE_CURVE ( 'NONE', #763, #549, #1150, .T. ) ;
#1174 = CARTESIAN_POINT ( 'NONE',  ( 4.632582509408684324, 26.46671113975427758, 14.12539689480241734 ) ) ;
#1175 = DIRECTION ( 'NONE',  ( 0.000000000000000000, 0.000000000000000000, 1.000000000000000000 ) ) ;
#1176 = CARTESIAN_POINT ( 'NONE',  ( 5.072695946143315204, -25.35068205729336910, -16.04203427539564686 ) ) ;
#1177 = DIRECTION ( 'NONE',  ( 0.000000000000000000, 0.000000000000000000, 1.000000000000000000 ) ) ;
#1178 = EDGE_LOOP ( 'NONE', ( #1569, #1543, #3746, #1867 ) ) ;
#1179 = EDGE_CURVE ( 'NONE', #2334, #313, #3806, .T. ) ;
#1180 = DIRECTION ( 'NONE',  ( 0.000000000000000000, 0.000000000000000000, 1.000000000000000000 ) ) ;
#1181 =( NAMED_UNIT ( * ) SI_UNIT ( $, .STERADIAN. ) SOLID_ANGLE_UNIT ( ) );
#1182 = CARTESIAN_POINT ( 'NONE',  ( 18.00000000000000355, -6.557164070214624552, -29.30129859505012391 ) ) ;
#1183 = CARTESIAN_POINT ( 'NONE',  ( 0.000000000000000000, -27.00000000000000000, 0.000000000000000000 ) ) ;
#1184 = ORIENTED_EDGE ( 'NONE', *, *, #2711, .T. ) ;
#1185 = EDGE_CURVE ( 'NONE', #1574, #277, #4153, .T. ) ;
#1186 = CARTESIAN_POINT ( 'NONE',  ( 4.182872685609158481, 15.28339045981508271, -25.81551106758146119 ) ) ;
#1187 = ORIENTED_EDGE ( 'NONE', *, *, #242, .F. ) ;
#1188 = CARTESIAN_POINT ( 'NONE',  ( 18.00000000000000355, -22.05685489788218590, 4.616021231945411252 ) ) ;
#1189 = ORIENTED_EDGE ( 'NONE', *, *, #735, .F. ) ;
#1190 = ADVANCED_FACE ( 'NONE', ( #270, #4392 ), #3102, .F. ) ;
#1191 = FACE_OUTER_BOUND ( 'NONE', #2928, .T. ) ;
#1192 = UNCERTAINTY_MEASURE_WITH_UNIT (LENGTH_MEASURE( 1.000000000000000082E-05 ), #598, 'distance_accuracy_value', 'NONE');
#1193 = DIRECTION ( 'NONE',  ( 0.000000000000000000, -0.8660254037844402619, -0.4999999999999970024 ) ) ;
#1194 = CARTESIAN_POINT ( 'NONE',  ( 5.400000000000000355, 12.33253175473036301, -18.86057158514999799 ) ) ;
#1195 = DIRECTION ( 'NONE',  ( -0.000000000000000000, -0.2588190451025312866, -0.9659258262890656477 ) ) ;
#1196 = VERTEX_POINT ( 'NONE', #2789 ) ;
#1197 = CARTESIAN_POINT ( 'NONE',  ( 0.000000000000000000, 2.828099884462937892E-13, -25.35000000000000142 ) ) ;
#1198 = DIRECTION ( 'NONE',  ( 0.000000000000000000, 0.000000000000000000, 1.000000000000000000 ) ) ;
#1199 = CARTESIAN_POINT ( 'NONE',  ( 84.79999999999999716, -19.81969897660377811, 8.126540796148850276 ) ) ;
#1200 = DIRECTION ( 'NONE',  ( 0.000000000000000000, -0.4999999999999943934, 0.8660254037844418162 ) ) ;
#1201 = DIRECTION ( 'NONE',  ( -0.000000000000000000, 0.4999999999999921174, -0.8660254037844431485 ) ) ;
#1202 = DIRECTION ( 'NONE',  ( -0.000000000000000000, 0.8660254037844414832, 0.4999999999999950595 ) ) ;
#1203 =( GEOMETRIC_REPRESENTATION_CONTEXT ( 3 ) GLOBAL_UNCERTAINTY_ASSIGNED_CONTEXT ( ( #4962 ) ) GLOBAL_UNIT_ASSIGNED_CONTEXT ( ( #188, #1099, #2764 ) ) REPRESENTATION_CONTEXT ( 'NONE', 'WORKASPACE' ) );
#1204 = CARTESIAN_POINT ( 'NONE',  ( 2.500000000000000000, 0.000000000000000000, 0.000000000000000000 ) ) ;
#1205 = AXIS2_PLACEMENT_3D ( 'NONE', #2174, #2229, #3895 ) ;
#1206 = EDGE_CURVE ( 'NONE', #4148, #41, #3198, .T. ) ;
#1207 = VECTOR ( 'NONE', #520, 1000.000000000000227 ) ;
#1208 = DIRECTION ( 'NONE',  ( -0.000000000000000000, 0.4999999999999921174, -0.8660254037844431485 ) ) ;
#1209 = CARTESIAN_POINT ( 'NONE',  ( 83.79999999999999716, -1.286789908596514457E-23, 29.99999999997018563 ) ) ;
#1210 = AXIS2_PLACEMENT_3D ( 'NONE', #3991, #720, #168 ) ;
#1211 = ORIENTED_EDGE ( 'NONE', *, *, #5359, .T. ) ;
#1212 = DIRECTION ( 'NONE',  ( 0.000000000000000000, -0.9659258262890675351, 0.2588190451025234595 ) ) ;
#1213 = ORIENTED_EDGE ( 'NONE', *, *, #4334, .F. ) ;
#1214 = AXIS2_PLACEMENT_3D ( 'NONE', #474, #2154, #3905 ) ;
#1215 = EDGE_CURVE ( 'NONE', #2798, #3632, #1860, .T. ) ;
#1216 = ORIENTED_EDGE ( 'NONE', *, *, #3670, .F. ) ;
#1217 =( GEOMETRIC_REPRESENTATION_CONTEXT ( 3 ) GLOBAL_UNCERTAINTY_ASSIGNED_CONTEXT ( ( #2875 ) ) GLOBAL_UNIT_ASSIGNED_CONTEXT ( ( #2874, #4134, #4054 ) ) REPRESENTATION_CONTEXT ( 'NONE', 'WORKASPACE' ) );
#1218 = PLANE ( 'NONE',  #1745 ) ;
#1219 = ADVANCED_FACE ( 'NONE', ( #5191 ), #1445, .F. ) ;
#1220 = MECHANICAL_DESIGN_GEOMETRIC_PRESENTATION_REPRESENTATION (  '', ( #2248 ), #1299 ) ;
#1221 = SURFACE_STYLE_USAGE ( .BOTH. , #4498 ) ;
#1222 = CARTESIAN_POINT ( 'NONE',  ( 83.79999999999999716, -28.97266476212737984, -1.258847323375807958 ) ) ;
#1223 = VERTEX_POINT ( 'NONE', #4356 ) ;
#1224 = SURFACE_SIDE_STYLE ('',( #4583 ) ) ;
#1225 = COLOUR_RGB ( '',1.000000000000000000, 1.000000000000000000, 1.000000000000000000 ) ;
#1226 = VERTEX_POINT ( 'NONE', #4010 ) ;
#1227 = ORIENTED_EDGE ( 'NONE', *, *, #4117, .F. ) ;
#1228 = DIRECTION ( 'NONE',  ( -1.000000000000000000, 0.000000000000000000, -0.000000000000000000 ) ) ;
#1229 = VECTOR ( 'NONE', #3065, 1000.000000000000000 ) ;
#1230 = CARTESIAN_POINT ( 'NONE',  ( 4.182872685609156704, -29.06131196934030925, 7.447333902025929042 ) ) ;
#1231 = B_SPLINE_CURVE_WITH_KNOTS ( 'NONE', 3,
 ( #1555, #3215, #4917, #3674, #1987, #3241, #2806, #726, #2856, #4060, #3649, #5334, #1585, #1174, #2421, #4085, #315, #2014, #5364, #2190 ),
 .UNSPECIFIED., .F., .F.,
 ( 4, 2, 2, 2, 2, 2, 2, 2, 2, 4 ),
 ( 2.602085213965210642E-18, 0.0004885617222700098464, 0.0009771234445400170908, 0.001465685166810024335, 0.001954246889080031579, 0.002442808611350038607, 0.002931370333620046068, 0.003419932055890053529, 0.003664212917025057043, 0.003908493778160060557 ),
 .UNSPECIFIED. ) ;
#1232 =( NAMED_UNIT ( * ) SI_UNIT ( $, .STERADIAN. ) SOLID_ANGLE_UNIT ( ) );
#1233 = DIRECTION ( 'NONE',  ( -1.000000000000000000, -0.000000000000000000, -0.000000000000000000 ) ) ;
#1234 = ORIENTED_EDGE ( 'NONE', *, *, #2264, .T. ) ;
#1235 = CYLINDRICAL_SURFACE ( 'NONE', #3160, 9.999999999999314326 ) ;
#1236 = ORIENTED_EDGE ( 'NONE', *, *, #631, .T. ) ;
#1237 = ADVANCED_FACE ( 'NONE', ( #3132 ), #611, .F. ) ;
#1238 = AXIS2_PLACEMENT_3D ( 'NONE', #4720, #466, #2993 ) ;
#1239 = VERTEX_POINT ( 'NONE', #2454 ) ;
#1240 = CARTESIAN_POINT ( 'NONE',  ( 5.727557703518105114, 13.93350513427907345, -26.56805066716208330 ) ) ;
#1241 =( LENGTH_UNIT ( ) NAMED_UNIT ( * ) SI_UNIT ( .MILLI., .METRE. ) );
#1242 = UNCERTAINTY_MEASURE_WITH_UNIT (LENGTH_MEASURE( 1.000000000000000082E-05 ), #3837, 'distance_accuracy_value', 'NONE');
#1243 = ADVANCED_FACE ( 'NONE', ( #5368, #4587 ), #5025, .T. ) ;
#1244 = DIRECTION ( 'NONE',  ( -1.000000000000000000, -0.000000000000000000, -0.000000000000000000 ) ) ;
#1245 = MECHANICAL_DESIGN_GEOMETRIC_PRESENTATION_REPRESENTATION (  '', ( #4030 ), #4818 ) ;
#1246 = AXIS2_PLACEMENT_3D ( 'NONE', #4070, #303, #2463 ) ;
#1247 = DIRECTION ( 'NONE',  ( 0.000000000000000000, 0.000000000000000000, 1.000000000000000000 ) ) ;
#1248 = CARTESIAN_POINT ( 'NONE',  ( 2.000000000000000000, -19.09188309203661404, -19.09188309203694800 ) ) ;
#1249 = ORIENTED_EDGE ( 'NONE', *, *, #1573, .T. ) ;
#1250 = ADVANCED_FACE ( 'NONE', ( #4608 ), #3717, .F. ) ;
#1251 = VECTOR ( 'NONE', #2839, 1000.000000000000227 ) ;
#1252 = CARTESIAN_POINT ( 'NONE',  ( 83.79999999999999716, -19.81969897660377811, 12.62654079614884850 ) ) ;
#1253 =( GEOMETRIC_REPRESENTATION_CONTEXT ( 3 ) GLOBAL_UNCERTAINTY_ASSIGNED_CONTEXT ( ( #850 ) ) GLOBAL_UNIT_ASSIGNED_CONTEXT ( ( #3273, #5387, #3684 ) ) REPRESENTATION_CONTEXT ( 'NONE', 'WORKASPACE' ) );
#1254 = CARTESIAN_POINT ( 'NONE',  ( 18.76794308089884211, 28.70316482736712871, -8.725915513464578055 ) ) ;
#1255 = FILL_AREA_STYLE ('',( #4999 ) ) ;
#1256 = FACE_OUTER_BOUND ( 'NONE', #3089, .T. ) ;
#1257 = CARTESIAN_POINT ( 'NONE',  ( 5.400000000000000355, -29.27613334949689161, 6.550421062990979593 ) ) ;
#1258 = CARTESIAN_POINT ( 'NONE',  ( 83.79999999999999716, -2.589595204938177631E-11, -2.547614896819538899E-11 ) ) ;
#1259 =( NAMED_UNIT ( * ) SI_UNIT ( $, .STERADIAN. ) SOLID_ANGLE_UNIT ( ) );
#1260 = ORIENTED_EDGE ( 'NONE', *, *, #280, .F. ) ;
#1261 = CARTESIAN_POINT ( 'NONE',  ( 16.78232671260639108, 26.14280303197457656, 14.71654727397549678 ) ) ;
#1262 = EDGE_LOOP ( 'NONE', ( #4042, #1453 ) ) ;
#1263 = ORIENTED_EDGE ( 'NONE', *, *, #4849, .F. ) ;
#1264 = VERTEX_POINT ( 'NONE', #4946 ) ;
#1265 = FACE_BOUND ( 'NONE', #457, .T. ) ;
#1266 = FACE_OUTER_BOUND ( 'NONE', #4205, .T. ) ;
#1267 = CARTESIAN_POINT ( 'NONE',  ( 5.400000000000000355, -25.35576211353336973, -16.08253175473021201 ) ) ;
#1268 = ADVANCED_FACE ( 'NONE', ( #866 ), #3206, .F. ) ;
#1269 = CARTESIAN_POINT ( 'NONE',  ( 18.00000000000000355, -22.05685489788218590, 4.616021231945410364 ) ) ;
#1270 = ORIENTED_EDGE ( 'NONE', *, *, #37, .T. ) ;
#1271 = CLOSED_SHELL ( 'NONE', ( #2208, #740, #2339, #130, #4293, #3783, #998, #5366, #3494, #2041, #3245, #1977, #3074, #349, #4603, #4855, #2571, #1039, #2979, #3941, #1512, #2328, #3272, #4686, #4882, #2234, #1802, #3573, #4208, #4, #489, #932, #2834, #3664, #286, #3678, #3347, #1237, #342, #2963, #3202, #27, #5087, #3634, #4051, #1268, #881, #1746, #1752, #3894, #3170, #3583, #2240, #939, #5248, #1546, #2652, #2065, #371, #2449, #2704, #2747, #3470, #4875, #5054, #4228, #4710, #780, #3310, #1190, #3976, #2513, #1368, #3879, #4787, #2584, #5372, #1777, #4454, #1243, #1316, #5188, #4141, #556, #387, #68, #5061, #4750, #4170, #2925, #3315, #5175, #2777, #1307, #1467, #139, #2036, #805, #412, #728, #1785, #638, #4889, #837, #3336, #591, #1842, #668, #516, #4305, #1274, #1375, #3808, #961, #4825, #4039, #1640, #2095, #4136, #3499, #172, #2131, #2403, #2994, #4679, #2972, #3614, #4068, #526, #714, #1219, #1907, #1970, #4508, #4743, #275, #4775, #3866, #1739, #3910, #2477, #4224, #5011, #1298, #832, #1278, #4490, #4546, #476, #3799, #4416, #1810, #4932, #1917, #1881, #1250, #3176 ) ) ;
#1272 =( NAMED_UNIT ( * ) PLANE_ANGLE_UNIT ( ) SI_UNIT ( $, .RADIAN. ) );
#1273 = CARTESIAN_POINT ( 'NONE',  ( 6.523771649554246821, 25.69967161342719564, 15.47684157875741029 ) ) ;
#1274 = ADVANCED_FACE ( 'NONE', ( #2480, #3758 ), #2043, .T. ) ;
#1275 = FILL_AREA_STYLE ('',( #4564 ) ) ;
#1276 = VERTEX_POINT ( 'NONE', #3351 ) ;
#1277 = CARTESIAN_POINT ( 'NONE',  ( 18.76794308089884566, 8.725915513464681084, 28.70316482736711095 ) ) ;
#1278 = ADVANCED_FACE ( 'NONE', ( #2860 ), #3898, .F. ) ;
#1279 = DIRECTION ( 'NONE',  ( 0.000000000000000000, 0.8660254037844433705, 0.4999999999999917288 ) ) ;
#1280 = CYLINDRICAL_SURFACE ( 'NONE', #4879, 1.649999999999999689 ) ;
#1281 = EDGE_LOOP ( 'NONE', ( #123, #1728, #3721 ) ) ;
#1282 = CARTESIAN_POINT ( 'NONE',  ( 4.307558886074662752, 14.45198223091613521, -26.28998143082377226 ) ) ;
#1283 = VERTEX_POINT ( 'NONE', #1257 ) ;
#1284 = AXIS2_PLACEMENT_3D ( 'NONE', #2498, #2932, #435 ) ;
#1285 = VERTEX_POINT ( 'NONE', #5384 ) ;
#1286 = ORIENTED_EDGE ( 'NONE', *, *, #3130, .F. ) ;
#1287 = UNCERTAINTY_MEASURE_WITH_UNIT (LENGTH_MEASURE( 1.000000000000000082E-05 ), #2773, 'distance_accuracy_value', 'NONE');
#1288 = CYLINDRICAL_SURFACE ( 'NONE', #4173, 1.249999999999997558 ) ;
#1289 = AXIS2_PLACEMENT_3D ( 'NONE', #5185, #3183, #2663 ) ;
#1290 = CONICAL_SURFACE ( 'NONE', #5405, 1.249999999999988010, 1.029744258676642543 ) ;
#1291 = B_SPLINE_CURVE_WITH_KNOTS ( 'NONE', 3,
 ( #136, #3942, #171, #1874, #2300, #3151, #4824, #2748, #2324, #3996, #228, #1958, #5357, #2827, #2876, #4880, #3261, #5401, #4850, #2035 ),
 .UNSPECIFIED., .F., .F.,
 ( 4, 2, 2, 2, 2, 2, 2, 2, 2, 4 ),
 ( 0.003908493778160049281, 0.004396944493550049640, 0.004885395208940049132, 0.005373845924330049491, 0.005862296639720048982, 0.006350747355110052811, 0.006594972712805051256, 0.006839198070500050568, 0.007327648785890039651, 0.007816099501280029602 ),
 .UNSPECIFIED. ) ;
#1292 = AXIS2_PLACEMENT_3D ( 'NONE', #3179, #2322, #3993 ) ;
#1293 = CYLINDRICAL_SURFACE ( 'NONE', #716, 1.649999999999998579 ) ;
#1294 = FILL_AREA_STYLE ('',( #4211 ) ) ;
#1295 = EDGE_LOOP ( 'NONE', ( #1932, #4904, #5397, #4361 ) ) ;
#1296 = DIRECTION ( 'NONE',  ( 0.000000000000000000, 0.000000000000000000, 1.000000000000000000 ) ) ;
#1297 = CARTESIAN_POINT ( 'NONE',  ( 6.650136447789996907, 25.89884428618427137, 15.14189720965918617 ) ) ;
#1298 = ADVANCED_FACE ( 'NONE', ( #3271 ), #2423, .F. ) ;
#1299 =( GEOMETRIC_REPRESENTATION_CONTEXT ( 3 ) GLOBAL_UNCERTAINTY_ASSIGNED_CONTEXT ( ( #4135 ) ) GLOBAL_UNIT_ASSIGNED_CONTEXT ( ( #1241, #5325, #2005 ) ) REPRESENTATION_CONTEXT ( 'NONE', 'WORKASPACE' ) );
#1300 = EDGE_LOOP ( 'NONE', ( #2633, #2999, #5291, #1074 ) ) ;
#1301 = DIRECTION ( 'NONE',  ( -1.000000000000000000, 0.000000000000000000, 0.000000000000000000 ) ) ;
#1302 =( GEOMETRIC_REPRESENTATION_CONTEXT ( 3 ) GLOBAL_UNCERTAINTY_ASSIGNED_CONTEXT ( ( #338 ) ) GLOBAL_UNIT_ASSIGNED_CONTEXT ( ( #4287, #987, #2742 ) ) REPRESENTATION_CONTEXT ( 'NONE', 'WORKASPACE' ) );
#1303 = FILL_AREA_STYLE ('',( #1748 ) ) ;
#1304 = VERTEX_POINT ( 'NONE', #1693 ) ;
#1305 = CARTESIAN_POINT ( 'NONE',  ( 19.21780806232715832, 7.449205826730698199, 29.06083821431856151 ) ) ;
#1306 = CARTESIAN_POINT ( 'NONE',  ( 5.400000000000000355, 7.764571353075742088, 28.97777478867201495 ) ) ;
#1307 = ADVANCED_FACE ( 'NONE', ( #815 ), #2063, .F. ) ;
#1308 = CARTESIAN_POINT ( 'NONE',  ( 4.400656764382942399, -29.16735466947667277, 7.019881541073100806 ) ) ;
#1309 = VECTOR ( 'NONE', #1880, 1000.000000000000000 ) ;
#1310 = DIRECTION ( 'NONE',  ( 0.000000000000000000, 0.000000000000000000, 1.000000000000000000 ) ) ;
#1311 = CARTESIAN_POINT ( 'NONE',  ( 5.563135389954343424, -8.965235628714058436, -28.62908573674046409 ) ) ;
#1312 = EDGE_LOOP ( 'NONE', ( #5064, #306 ) ) ;
#1313 = DIRECTION ( 'NONE',  ( -0.5150380749100554878, 1.049727191138617710E-16, -0.8571673007021115565 ) ) ;
#1314 = AXIS2_PLACEMENT_3D ( 'NONE', #2883, #403, #1586 ) ;
#1315 = ORIENTED_EDGE ( 'NONE', *, *, #4103, .F. ) ;
#1316 = ADVANCED_FACE ( 'NONE', ( #2090 ), #845, .F. ) ;
#1317 = CIRCLE ( 'NONE', #3235, 1.249999999999987121 ) ;
#1318 = EDGE_LOOP ( 'NONE', ( #160, #4250, #5438, #2021 ) ) ;
#1319 = ORIENTED_EDGE ( 'NONE', *, *, #1673, .T. ) ;
#1320 = LINE ( 'NONE', #4177, #948 ) ;
#1321 = DIRECTION ( 'NONE',  ( 0.000000000000000000, 0.000000000000000000, 1.000000000000000000 ) ) ;
#1322 =( GEOMETRIC_REPRESENTATION_CONTEXT ( 3 ) GLOBAL_UNCERTAINTY_ASSIGNED_CONTEXT ( ( #4178 ) ) GLOBAL_UNIT_ASSIGNED_CONTEXT ( ( #1992, #3653, #2886 ) ) REPRESENTATION_CONTEXT ( 'NONE', 'WORKASPACE' ) );
#1323 = CIRCLE ( 'NONE', #3594, 1.249999999999986899 ) ;
#1324 = FACE_BOUND ( 'NONE', #2486, .T. ) ;
#1325 =( LENGTH_UNIT ( ) NAMED_UNIT ( * ) SI_UNIT ( .MILLI., .METRE. ) );
#1326 = VERTEX_POINT ( 'NONE', #2836 ) ;
#1327 = FILL_AREA_STYLE ('',( #940 ) ) ;
#1328 = CARTESIAN_POINT ( 'NONE',  ( 19.24986269076498857, 28.93482577678910417, -7.924837142475883667 ) ) ;
#1329 = VECTOR ( 'NONE', #5180, 1000.000000000000000 ) ;
#1330 =( GEOMETRIC_REPRESENTATION_CONTEXT ( 3 ) GLOBAL_UNCERTAINTY_ASSIGNED_CONTEXT ( ( #1680 ) ) GLOBAL_UNIT_ASSIGNED_CONTEXT ( ( #5220, #3954, #1563 ) ) REPRESENTATION_CONTEXT ( 'NONE', 'WORKASPACE' ) );
#1331 = STYLED_ITEM ( 'NONE', ( #3708 ), #5372 ) ;
#1332 = AXIS2_PLACEMENT_3D ( 'NONE', #4326, #1066, #580 ) ;
#1333 = FILL_AREA_STYLE_COLOUR ( '', #1060 ) ;
#1334 = CARTESIAN_POINT ( 'NONE',  ( 0.000000000000000000, -9.426999614876460059E-14, 28.24999999999999645 ) ) ;
#1335 = DIRECTION ( 'NONE',  ( 0.000000000000000000, 0.4999999999999890643, -0.8660254037844449249 ) ) ;
#1336 = DIRECTION ( 'NONE',  ( -1.000000000000000000, -0.000000000000000000, -0.000000000000000000 ) ) ;
#1337 = EDGE_CURVE ( 'NONE', #2320, #588, #753, .T. ) ;
#1338 = CARTESIAN_POINT ( 'NONE',  ( 2.000000000000000000, -9.406792942690527876E-14, 25.35000000000000142 ) ) ;
#1339 = CARTESIAN_POINT ( 'NONE',  ( 5.399999999999369749, -8.965235628720552796, -28.62908573673842838 ) ) ;
#1340 = CARTESIAN_POINT ( 'NONE',  ( 0.000000000000000000, 19.09188309203674905, 20.34188309203681300 ) ) ;
#1341 = ORIENTED_EDGE ( 'NONE', *, *, #4925, .F. ) ;
#1342 =( LENGTH_UNIT ( ) NAMED_UNIT ( * ) SI_UNIT ( .MILLI., .METRE. ) );
#1343 = VERTEX_POINT ( 'NONE', #4718 ) ;
#1344 = EDGE_CURVE ( 'NONE', #3627, #182, #3814, .T. ) ;
#1345 = ORIENTED_EDGE ( 'NONE', *, *, #2075, .F. ) ;
#1346 = ORIENTED_EDGE ( 'NONE', *, *, #4015, .T. ) ;
#1347 = UNCERTAINTY_MEASURE_WITH_UNIT (LENGTH_MEASURE( 1.000000000000000082E-05 ), #1151, 'distance_accuracy_value', 'NONE');
#1348 = FACE_OUTER_BOUND ( 'NONE', #880, .T. ) ;
#1349 = EDGE_CURVE ( 'NONE', #2643, #2184, #3480, .T. ) ;
#1350 = CARTESIAN_POINT ( 'NONE',  ( 18.00000000000000355, 16.06950526508254740, -25.33319957161914004 ) ) ;
#1351 = CARTESIAN_POINT ( 'NONE',  ( 16.78287268560915635, -15.28339045981526745, 25.81551106758134750 ) ) ;
#1352 = FACE_OUTER_BOUND ( 'NONE', #684, .T. ) ;
#1353 = ORIENTED_EDGE ( 'NONE', *, *, #5260, .T. ) ;
#1354 = CARTESIAN_POINT ( 'NONE',  ( 5.400000000000000355, 19.48557158514994114, 11.24999999999988809 ) ) ;
#1355 = DIRECTION ( 'NONE',  ( -1.000000000000000000, -0.000000000000000000, -0.000000000000000000 ) ) ;
#1356 = SURFACE_STYLE_FILL_AREA ( #3093 ) ;
#1357 =( LENGTH_UNIT ( ) NAMED_UNIT ( * ) SI_UNIT ( .MILLI., .METRE. ) );
#1358 = DIRECTION ( 'NONE',  ( -1.000000000000000000, -0.000000000000000000, -0.000000000000000000 ) ) ;
#1359 = VERTEX_POINT ( 'NONE', #1389 ) ;
#1360 = DIRECTION ( 'NONE',  ( -1.000000000000000000, -0.000000000000000000, -0.000000000000000000 ) ) ;
#1361 = CARTESIAN_POINT ( 'NONE',  ( 0.000000000000000000, 0.000000000000000000, 29.75000000000000000 ) ) ;
#1362 = DIRECTION ( 'NONE',  ( -0.7071067811865486830, 8.659560562354918067E-17, -0.7071067811865464625 ) ) ;
#1363 = CARTESIAN_POINT ( 'NONE',  ( 6.000000000000000000, 19.09188309203674905, 17.84188309203682010 ) ) ;
#1364 = CARTESIAN_POINT ( 'NONE',  ( 5.399999999999369749, 8.965235628720353844, 28.62908573673849233 ) ) ;
#1365 = EDGE_LOOP ( 'NONE', ( #2126, #2252, #836 ) ) ;
#1366 = LINE ( 'NONE', #2623, #4736 ) ;
#1367 = EDGE_LOOP ( 'NONE', ( #1459, #5202 ) ) ;
#1368 = ADVANCED_FACE ( 'NONE', ( #5078 ), #2614, .F. ) ;
#1369 = COLOUR_RGB ( '',1.000000000000000000, 1.000000000000000000, 1.000000000000000000 ) ;
#1370 = ORIENTED_EDGE ( 'NONE', *, *, #4363, .T. ) ;
#1371 = FILL_AREA_STYLE ('',( #905 ) ) ;
#1372 = ORIENTED_EDGE ( 'NONE', *, *, #2910, .T. ) ;
#1373 = B_SPLINE_CURVE_WITH_KNOTS ( 'NONE', 3,
 ( #4261, #5101, #5045, #5074, #2559, #2115, #4685, #2989, #4714, #1297, #941, #1273, #4602, #2191, #2958, #860, #3400, #4214, #432, #2609 ),
 .UNSPECIFIED., .F., .F.,
 ( 4, 2, 2, 2, 2, 2, 2, 2, 2, 4 ),
 ( 0.003908493778160060557, 0.004396944493550056579, 0.004885395208940052601, 0.005373845924330048623, 0.005862296639720043778, 0.006350747355110040668, 0.006594972712805037378, 0.006839198070500037557, 0.007327648785890043120, 0.007816099501280048684 ),
 .UNSPECIFIED. ) ;
#1374 = CARTESIAN_POINT ( 'NONE',  ( 2.000000000000000000, -19.09188309203688050, 19.09188309203668155 ) ) ;
#1375 = ADVANCED_FACE ( 'NONE', ( #4266 ), #1416, .T. ) ;
#1376 = COLOUR_RGB ( '',1.000000000000000000, 1.000000000000000000, 1.000000000000000000 ) ;
#1377 = STYLED_ITEM ( 'NONE', ( #3037 ), #332 ) ;
#1378 = DIRECTION ( 'NONE',  ( -1.000000000000000000, -0.000000000000000000, -0.000000000000000000 ) ) ;
#1379 = VECTOR ( 'NONE', #2038, 1000.000000000000114 ) ;
#1380 = CARTESIAN_POINT ( 'NONE',  ( 0.000000000000000000, -27.00000000000000000, 0.000000000000000000 ) ) ;
#1381 = AXIS2_PLACEMENT_3D ( 'NONE', #2363, #5241, #287 ) ;
#1382 = VERTEX_POINT ( 'NONE', #2642 ) ;
#1383 = SURFACE_SIDE_STYLE ('',( #5439 ) ) ;
#1384 = CARTESIAN_POINT ( 'NONE',  ( 72.00000000000000000, 3.673940397442059178E-15, -30.00000000000000000 ) ) ;
#1385 = EDGE_CURVE ( 'NONE', #3040, #1904, #3380, .T. ) ;
#1386 = STYLED_ITEM ( 'NONE', ( #4344 ), #1881 ) ;
#1387 = AXIS2_PLACEMENT_3D ( 'NONE', #282, #3637, #3938 ) ;
#1388 = SURFACE_STYLE_USAGE ( .BOTH. , #5102 ) ;
#1389 = CARTESIAN_POINT ( 'NONE',  ( 0.000000000000000000, -27.00000000000000000, 1.649999999999999689 ) ) ;
#1390 = ORIENTED_EDGE ( 'NONE', *, *, #5329, .T. ) ;
#1391 = CARTESIAN_POINT ( 'NONE',  ( 18.99489523551410386, 25.59189206774592407, 15.65438196607702892 ) ) ;
#1392 = LINE ( 'NONE', #44, #53 ) ;
#1393 = VECTOR ( 'NONE', #1891, 1000.000000000000114 ) ;
#1394 = CARTESIAN_POINT ( 'NONE',  ( 16.78232671260638753, -26.14280303197467958, -14.71654727397531737 ) ) ;
#1395 = CARTESIAN_POINT ( 'NONE',  ( 18.99489523551410386, 15.65438196607693300, -25.59189206774598091 ) ) ;
#1396 = ORIENTED_EDGE ( 'NONE', *, *, #697, .F. ) ;
#1397 = CARTESIAN_POINT ( 'NONE',  ( 0.000000000000000000, -19.09188309203688050, 19.09188309203668155 ) ) ;
#1398 = ORIENTED_EDGE ( 'NONE', *, *, #4558, .T. ) ;
#1399 = PRESENTATION_LAYER_ASSIGNMENT (  '', '', ( #3745 ) ) ;
#1400 = COLOUR_RGB ( '',1.000000000000000000, 1.000000000000000000, 1.000000000000000000 ) ;
#1401 = DIRECTION ( 'NONE',  ( -1.000000000000000000, -0.000000000000000000, -0.000000000000000000 ) ) ;
#1402 = ORIENTED_EDGE ( 'NONE', *, *, #2017, .F. ) ;
#1403 = PRODUCT_RELATED_PRODUCT_CATEGORY ( 'part', '', ( #192 ) ) ;
#1404 = EDGE_CURVE ( 'NONE', #1326, #1285, #2224, .T. ) ;
#1405 = DIRECTION ( 'NONE',  ( -1.000000000000000000, -0.000000000000000000, -0.000000000000000000 ) ) ;
#1406 = AXIS2_PLACEMENT_3D ( 'NONE', #4127, #1208, #326 ) ;
#1407 = SURFACE_SIDE_STYLE ('',( #686 ) ) ;
#1408 = EDGE_LOOP ( 'NONE', ( #1620, #3622, #4863, #330 ) ) ;
#1409 = CARTESIAN_POINT ( 'NONE',  ( 83.79999999999999716, 0.8898558551679656148, 9.960329138989692410 ) ) ;
#1410 = CARTESIAN_POINT ( 'NONE',  ( 20.51000000000000156, 3.061616997868382254E-15, -25.00000000000000000 ) ) ;
#1411 = COLOUR_RGB ( '',1.000000000000000000, 1.000000000000000000, 1.000000000000000000 ) ;
#1412 = AXIS2_PLACEMENT_3D ( 'NONE', #1532, #4418, #2230 ) ;
#1413 = EDGE_CURVE ( 'NONE', #3694, #5072, #5125, .T. ) ;
#1414 = DIRECTION ( 'NONE',  ( -1.000000000000000000, 0.000000000000000000, 0.000000000000000000 ) ) ;
#1415 = CARTESIAN_POINT ( 'NONE',  ( 19.08541668974977412, -29.13339924114536927, 7.158886994709737550 ) ) ;
#1416 = CYLINDRICAL_SURFACE ( 'NONE', #206, 0.9999999999991850963 ) ;
#1417 = EDGE_LOOP ( 'NONE', ( #1131, #1562 ) ) ;
#1418 = AXIS2_PLACEMENT_3D ( 'NONE', #95, #3461, #5140 ) ;
#1419 = DIRECTION ( 'NONE',  ( -1.000000000000000000, -0.000000000000000000, -0.000000000000000000 ) ) ;
#1420 = CIRCLE ( 'NONE', #618, 1.000000000005586642 ) ;
#1421 = CARTESIAN_POINT ( 'NONE',  ( 0.000000000000000000, -19.09188309203661404, -19.09188309203694800 ) ) ;
#1422 = CARTESIAN_POINT ( 'NONE',  ( 6.398580922182549813, -8.505207679680696131, -28.76933636670524663 ) ) ;
#1423 = CARTESIAN_POINT ( 'NONE',  ( 83.79999999999999716, -28.94648781381982161, -2.258504648336733034 ) ) ;
#1424 = ORIENTED_EDGE ( 'NONE', *, *, #5322, .T. ) ;
#1425 = CARTESIAN_POINT ( 'NONE',  ( 4.631256831521276318, -15.85700699936874436, 25.46701090210062901 ) ) ;
#1426 = CARTESIAN_POINT ( 'NONE',  ( 0.000000000000000000, 19.09188309203701550, -19.09188309203655010 ) ) ;
#1427 = VERTEX_POINT ( 'NONE', #4187 ) ;
#1428 = FILL_AREA_STYLE_COLOUR ( '', #2794 ) ;
#1429 = EDGE_LOOP ( 'NONE', ( #506, #4215 ) ) ;
#1430 = DIRECTION ( 'NONE',  ( 0.000000000000000000, 0.000000000000000000, 1.000000000000000000 ) ) ;
#1431 = DIRECTION ( 'NONE',  ( 0.000000000000000000, 0.000000000000000000, 1.000000000000000000 ) ) ;
#1432 = ORIENTED_EDGE ( 'NONE', *, *, #3565, .T. ) ;
#1433 = DIRECTION ( 'NONE',  ( 0.000000000000000000, -0.9659258262890675351, 0.2588190451025234595 ) ) ;
#1434 = SURFACE_SIDE_STYLE ('',( #5208 ) ) ;
#1435 = EDGE_CURVE ( 'NONE', #3032, #1950, #1826, .T. ) ;
#1436 = CYLINDRICAL_SURFACE ( 'NONE', #2938, 1.249999999999987121 ) ;
#1437 = CARTESIAN_POINT ( 'NONE',  ( 2.000000000000000000, 2.828099884462937892E-13, -27.00000000000000000 ) ) ;
#1438 = FACE_OUTER_BOUND ( 'NONE', #4929, .T. ) ;
#1439 = ORIENTED_EDGE ( 'NONE', *, *, #1404, .F. ) ;
#1440 = CARTESIAN_POINT ( 'NONE',  ( 18.00000000000000355, -16.08253175473047847, 25.35576211353320275 ) ) ;
#1441 = B_SPLINE_CURVE_WITH_KNOTS ( 'NONE', 3,
 ( #4300, #2203, #4197, #2590, #2995, #5110, #2620, #499, #47, #2175, #1394, #3046, #3845, #3383, #3869, #4245, #5136, #70, #3409, #4275 ),
 .UNSPECIFIED., .F., .F.,
 ( 4, 2, 2, 2, 2, 2, 2, 2, 2, 4 ),
 ( 0.000000000000000000, 0.0004885617222700070275, 0.0009771234445400140550, 0.001465685166810021083, 0.001954246889080028110, 0.002442808611350035138, 0.002931370333620042165, 0.003419932055890049193, 0.003664212917025049671, 0.003908493778160050149 ),
 .UNSPECIFIED. ) ;
#1442 = LINE ( 'NONE', #666, #2878 ) ;
#1443 = EDGE_CURVE ( 'NONE', #3785, #4148, #4964, .T. ) ;
#1444 = CARTESIAN_POINT ( 'NONE',  ( 16.75005810453914634, 29.02009542183988344, -7.606619245772838767 ) ) ;
#1445 = CYLINDRICAL_SURFACE ( 'NONE', #842, 1.649999999999998579 ) ;
#1446 = ORIENTED_EDGE ( 'NONE', *, *, #5151, .T. ) ;
#1447 = CARTESIAN_POINT ( 'NONE',  ( 6.649862690764980044, -28.93482577678910062, 7.924837142475881890 ) ) ;
#1448 = CARTESIAN_POINT ( 'NONE',  ( 2.500000000000000000, 0.000000000000000000, 29.75000000000000000 ) ) ;
#1449 = ORIENTED_EDGE ( 'NONE', *, *, #198, .F. ) ;
#1450 = DIRECTION ( 'NONE',  ( -0.000000000000000000, 0.9659258262890682012, -0.2588190451025211836 ) ) ;
#1451 = DIRECTION ( 'NONE',  ( -1.000000000000000000, -0.000000000000000000, -0.000000000000000000 ) ) ;
#1452 =( NAMED_UNIT ( * ) SI_UNIT ( $, .STERADIAN. ) SOLID_ANGLE_UNIT ( ) );
#1453 = ORIENTED_EDGE ( 'NONE', *, *, #757, .T. ) ;
#1454 = DIRECTION ( 'NONE',  ( 0.000000000000000000, 0.01745240643730095256, 0.9998476951563909365 ) ) ;
#1455 = SURFACE_STYLE_FILL_AREA ( #3880 ) ;
#1456 = ORIENTED_EDGE ( 'NONE', *, *, #2877, .F. ) ;
#1457 = LINE ( 'NONE', #593, #2680 ) ;
#1458 = CARTESIAN_POINT ( 'NONE',  ( 5.400000000000000355, 4.616021231945486747, 22.05685489788217168 ) ) ;
#1459 = ORIENTED_EDGE ( 'NONE', *, *, #1085, .T. ) ;
#1460 = DIRECTION ( 'NONE',  ( 0.000000000000000000, 0.000000000000000000, -1.000000000000000000 ) ) ;
#1461 = CONICAL_SURFACE ( 'NONE', #1113, 1.249999999999997558, 1.029744258676652979 ) ;
#1462 = CARTESIAN_POINT ( 'NONE',  ( 14.80000000000000071, 3.673940397442059178E-15, -30.00000000000000000 ) ) ;
#1463 = AXIS2_PLACEMENT_3D ( 'NONE', #1775, #548, #2562 ) ;
#1464 = LINE ( 'NONE', #3211, #2330 ) ;
#1465 = CARTESIAN_POINT ( 'NONE',  ( 18.76922271609829096, -29.22041247673529440, 6.795648228794754608 ) ) ;
#1466 = ORIENTED_EDGE ( 'NONE', *, *, #2173, .T. ) ;
#1467 = ADVANCED_FACE ( 'NONE', ( #1719 ), #5052, .F. ) ;
#1468 = LINE ( 'NONE', #3566, #2983 ) ;
#1469 = SURFACE_STYLE_USAGE ( .BOTH. , #1116 ) ;
#1470 = VECTOR ( 'NONE', #3672, 1000.000000000000227 ) ;
#1471 = EDGE_CURVE ( 'NONE', #251, #3940, #4328, .T. ) ;
#1472 = CYLINDRICAL_SURFACE ( 'NONE', #1332, 1.249999999999997558 ) ;
#1473 = SURFACE_SIDE_STYLE ('',( #5286 ) ) ;
#1474 = VERTEX_POINT ( 'NONE', #693 ) ;
#1475 = DIRECTION ( 'NONE',  ( 0.000000000000000000, 0.000000000000000000, 1.000000000000000000 ) ) ;
#1476 = CIRCLE ( 'NONE', #3471, 4.500000000000000000 ) ;
#1477 = FILL_AREA_STYLE_COLOUR ( '', #3144 ) ;
#1478 = DIRECTION ( 'NONE',  ( 0.000000000000000000, 0.000000000000000000, 1.000000000000000000 ) ) ;
#1479 = VERTEX_POINT ( 'NONE', #2251 ) ;
#1480 = EDGE_CURVE ( 'NONE', #5234, #2581, #3156, .T. ) ;
#1481 = FACE_OUTER_BOUND ( 'NONE', #4378, .T. ) ;
#1482 = AXIS2_PLACEMENT_3D ( 'NONE', #824, #883, #2552 ) ;
#1483 = CARTESIAN_POINT ( 'NONE',  ( 5.400000000000000355, 29.27613334949689161, -6.550421062990979593 ) ) ;
#1484 = VECTOR ( 'NONE', #552, 1000.000000000000000 ) ;
#1485 = ORIENTED_EDGE ( 'NONE', *, *, #1790, .F. ) ;
#1486 = DIRECTION ( 'NONE',  ( 0.000000000000000000, 0.000000000000000000, 1.000000000000000000 ) ) ;
#1487 = CARTESIAN_POINT ( 'NONE',  ( 2.000000000000000000, 2.830120551681531236E-13, -28.64999999999999858 ) ) ;
#1488 = EDGE_LOOP ( 'NONE', ( #3576, #907, #97 ) ) ;
#1489 = DIRECTION ( 'NONE',  ( 1.000000000000000000, 0.000000000000000000, -0.000000000000000000 ) ) ;
#1490 = AXIS2_PLACEMENT_3D ( 'NONE', #2833, #293, #4140 ) ;
#1491 = DIRECTION ( 'NONE',  ( 0.000000000000000000, 0.000000000000000000, 1.000000000000000000 ) ) ;
#1492 = VECTOR ( 'NONE', #1538, 1000.000000000000000 ) ;
#1493 = CARTESIAN_POINT ( 'NONE',  ( 18.00000000000000355, -7.764571353075943705, -28.97777478867196166 ) ) ;
#1494 = CARTESIAN_POINT ( 'NONE',  ( 17.99999999999937117, -28.62908573673852075, 8.965235628720250816 ) ) ;
#1495 =( NAMED_UNIT ( * ) PLANE_ANGLE_UNIT ( ) SI_UNIT ( $, .RADIAN. ) );
#1496 = ORIENTED_EDGE ( 'NONE', *, *, #4524, .T. ) ;
#1497 = CARTESIAN_POINT ( 'NONE',  ( 6.000000000000000000, -19.09188309203661404, -17.84188309203695155 ) ) ;
#1498 = FILL_AREA_STYLE_COLOUR ( '', #4890 ) ;
#1499 = VECTOR ( 'NONE', #572, 1000.000000000000000 ) ;
#1500 = AXIS2_PLACEMENT_3D ( 'NONE', #1421, #610, #1882 ) ;
#1501 = CONICAL_SURFACE ( 'NONE', #5264, 1.249999999999987121, 1.029744258676644542 ) ;
#1502 = DIRECTION ( 'NONE',  ( 0.000000000000000000, 0.000000000000000000, 1.000000000000000000 ) ) ;
#1503 = AXIS2_PLACEMENT_3D ( 'NONE', #2011, #3671, #4210 ) ;
#1504 = DIRECTION ( 'NONE',  ( -1.000000000000000000, -0.000000000000000000, -0.000000000000000000 ) ) ;
#1505 = CARTESIAN_POINT ( 'NONE',  ( 72.00000000000000000, 7.108577143973916545E-14, 3.271072094737702939E-14 ) ) ;
#1506 = VERTEX_POINT ( 'NONE', #5303 ) ;
#1507 = CARTESIAN_POINT ( 'NONE',  ( 5.399999999999369749, -28.62908573673852075, 8.965235628720250816 ) ) ;
#1508 = LINE ( 'NONE', #3134, #3217 ) ;
#1509 = ORIENTED_EDGE ( 'NONE', *, *, #4656, .T. ) ;
#1510 = VECTOR ( 'NONE', #4346, 1000.000000000000000 ) ;
#1511 = COLOUR_RGB ( '',1.000000000000000000, 1.000000000000000000, 1.000000000000000000 ) ;
#1512 = ADVANCED_FACE ( 'NONE', ( #570 ), #1853, .F. ) ;
#1513 =( NAMED_UNIT ( * ) PLANE_ANGLE_UNIT ( ) SI_UNIT ( $, .RADIAN. ) );
#1514 = CARTESIAN_POINT ( 'NONE',  ( 18.00000000000000355, 25.35576211353325959, 16.08253175473038610 ) ) ;
#1515 = ORIENTED_EDGE ( 'NONE', *, *, #1085, .F. ) ;
#1516 = VECTOR ( 'NONE', #3301, 1000.000000000000000 ) ;
#1517 = DIRECTION ( 'NONE',  ( 0.000000000000000000, 0.000000000000000000, 1.000000000000000000 ) ) ;
#1518 = AXIS2_PLACEMENT_3D ( 'NONE', #4923, #4166, #2044 ) ;
#1519 = EDGE_CURVE ( 'NONE', #2013, #5262, #1551, .T. ) ;
#1520 = ORIENTED_EDGE ( 'NONE', *, *, #4404, .T. ) ;
#1521 = FACE_OUTER_BOUND ( 'NONE', #472, .T. ) ;
#1522 =( NAMED_UNIT ( * ) PLANE_ANGLE_UNIT ( ) SI_UNIT ( $, .RADIAN. ) );
#1523 = ORIENTED_EDGE ( 'NONE', *, *, #3687, .T. ) ;
#1524 = DIRECTION ( 'NONE',  ( 0.000000000000000000, 0.000000000000000000, 1.000000000000000000 ) ) ;
#1525 = FILL_AREA_STYLE ('',( #3505 ) ) ;
#1526 = EDGE_CURVE ( 'NONE', #5229, #2269, #35, .T. ) ;
#1527 = CARTESIAN_POINT ( 'NONE',  ( 6.649862690764979156, -26.06371760246278058, -14.85630543597484632 ) ) ;
#1528 = DIRECTION ( 'NONE',  ( -1.000000000000000000, -0.000000000000000000, -0.000000000000000000 ) ) ;
#1529 = ORIENTED_EDGE ( 'NONE', *, *, #3237, .F. ) ;
#1530 = DIRECTION ( 'NONE',  ( -1.000000000000000000, -0.000000000000000000, -0.000000000000000000 ) ) ;
#1531 = CARTESIAN_POINT ( 'NONE',  ( 5.075368782764495101, -26.56456415707042140, -13.94002104904941497 ) ) ;
#1532 = CARTESIAN_POINT ( 'NONE',  ( 14.80000000000000071, 0.000000000000000000, 0.000000000000000000 ) ) ;
#1533 =( NAMED_UNIT ( * ) SI_UNIT ( $, .STERADIAN. ) SOLID_ANGLE_UNIT ( ) );
#1534 = VERTEX_POINT ( 'NONE', #4828 ) ;
#1535 = CARTESIAN_POINT ( 'NONE',  ( 6.485416689749774477, -29.13339924114537283, 7.158886994709736662 ) ) ;
#1536 = DIRECTION ( 'NONE',  ( -1.000000000000000000, -0.000000000000000000, -0.000000000000000000 ) ) ;
#1537 = VERTEX_POINT ( 'NONE', #1088 ) ;
#1538 = DIRECTION ( 'NONE',  ( 0.000000000000000000, -0.6946583704589858188, 0.7193398003386622941 ) ) ;
#1539 = CARTESIAN_POINT ( 'NONE',  ( 5.400000000000000355, 18.86057158514995535, 12.33253175473043051 ) ) ;
#1540 = EDGE_LOOP ( 'NONE', ( #2314, #3742, #3411, #1396 ) ) ;
#1541 = CARTESIAN_POINT ( 'NONE',  ( 18.00000000000000355, -19.48557158515001930, -11.24999999999974953 ) ) ;
#1542 = EDGE_CURVE ( 'NONE', #3165, #3048, #5133, .T. ) ;
#1543 = ORIENTED_EDGE ( 'NONE', *, *, #3902, .F. ) ;
#1544 = CARTESIAN_POINT ( 'NONE',  ( 18.00000000000000355, 21.40980728512588982, -7.030835797668056664 ) ) ;
#1545 = FACE_OUTER_BOUND ( 'NONE', #4011, .T. ) ;
#1546 = ADVANCED_FACE ( 'NONE', ( #1438 ), #3125, .F. ) ;
#1547 = DIRECTION ( 'NONE',  ( 0.000000000000000000, 0.000000000000000000, 1.000000000000000000 ) ) ;
#1548 = CARTESIAN_POINT ( 'NONE',  ( 83.79999999999999716, 0.000000000000000000, 4.500000000000000000 ) ) ;
#1549 = AXIS2_PLACEMENT_3D ( 'NONE', #4952, #4198, #2072 ) ;
#1550 = CARTESIAN_POINT ( 'NONE',  ( 2.000000000000000000, -19.09188309203688050, 19.09188309203668155 ) ) ;
#1551 = LINE ( 'NONE', #3213, #4160 ) ;
#1552 = VECTOR ( 'NONE', #2911, 1000.000000000000000 ) ;
#1553 = ORIENTED_EDGE ( 'NONE', *, *, #3099, .T. ) ;
#1554 = EDGE_CURVE ( 'NONE', #5394, #3636, #5047, .T. ) ;
#1555 = CARTESIAN_POINT ( 'NONE',  ( 5.399999999999998579, 25.33319957161908675, 16.06950526508263621 ) ) ;
#1556 =( NAMED_UNIT ( * ) SI_UNIT ( $, .STERADIAN. ) SOLID_ANGLE_UNIT ( ) );
#1557 = AXIS2_PLACEMENT_3D ( 'NONE', #5416, #835, #407 ) ;
#1558 =( GEOMETRIC_REPRESENTATION_CONTEXT ( 3 ) GLOBAL_UNCERTAINTY_ASSIGNED_CONTEXT ( ( #2923 ) ) GLOBAL_UNIT_ASSIGNED_CONTEXT ( ( #4264, #3448, #1960 ) ) REPRESENTATION_CONTEXT ( 'NONE', 'WORKASPACE' ) );
#1559 = CARTESIAN_POINT ( 'NONE',  ( 4.997436999927916013, -26.55357759236190418, -13.96096352985224698 ) ) ;
#1560 = LINE ( 'NONE', #3681, #2538 ) ;
#1561 = CARTESIAN_POINT ( 'NONE',  ( 6.029936838771068786, 6.704775563877983124, 29.24123616247319646 ) ) ;
#1562 = ORIENTED_EDGE ( 'NONE', *, *, #4045, .T. ) ;
#1563 =( NAMED_UNIT ( * ) SI_UNIT ( $, .STERADIAN. ) SOLID_ANGLE_UNIT ( ) );
#1564 = CARTESIAN_POINT ( 'NONE',  ( 5.399999999999369749, 8.965235628720353844, 28.62908573673849233 ) ) ;
#1565 = CARTESIAN_POINT ( 'NONE',  ( 5.400000000000000355, -18.86057158515004062, -12.33253175473029550 ) ) ;
#1566 = AXIS2_PLACEMENT_3D ( 'NONE', #3410, #71, #48 ) ;
#1567 = CARTESIAN_POINT ( 'NONE',  ( 5.399999999999369749, 26.58319957162228064, 13.90444175561540341 ) ) ;
#1568 = FACE_BOUND ( 'NONE', #1704, .T. ) ;
#1569 = ORIENTED_EDGE ( 'NONE', *, *, #5434, .F. ) ;
#1570 = DIRECTION ( 'NONE',  ( 0.000000000000000000, 0.000000000000000000, -1.000000000000000000 ) ) ;
#1571 = CARTESIAN_POINT ( 'NONE',  ( 18.00000000000000355, 28.97777478867204337, -7.764571353075640836 ) ) ;
#1572 = CIRCLE ( 'NONE', #5233, 1.249999999999997558 ) ;
#1573 = EDGE_CURVE ( 'NONE', #3071, #2512, #2329, .T. ) ;
#1574 = VERTEX_POINT ( 'NONE', #2906 ) ;
#1575 = CARTESIAN_POINT ( 'NONE',  ( 6.617170022213132441, -14.71497236774351691, 26.14368833554163274 ) ) ;
#1576 = UNCERTAINTY_MEASURE_WITH_UNIT (LENGTH_MEASURE( 1.000000000000000082E-05 ), #1022, 'distance_accuracy_value', 'NONE');
#1577 = FILL_AREA_STYLE_COLOUR ( '', #2372 ) ;
#1578 = CARTESIAN_POINT ( 'NONE',  ( 0.000000000000000000, -9.426999614876460059E-14, 27.00000000000000000 ) ) ;
#1579 =( GEOMETRIC_REPRESENTATION_CONTEXT ( 3 ) GLOBAL_UNCERTAINTY_ASSIGNED_CONTEXT ( ( #5400 ) ) GLOBAL_UNIT_ASSIGNED_CONTEXT ( ( #3186, #3128, #1556 ) ) REPRESENTATION_CONTEXT ( 'NONE', 'WORKASPACE' ) );
#1580 = EDGE_CURVE ( 'NONE', #4199, #4175, #4083, .T. ) ;
#1581 = DIRECTION ( 'NONE',  ( 0.000000000000000000, 0.6946583704589809338, -0.7193398003386669570 ) ) ;
#1582 = MECHANICAL_DESIGN_GEOMETRIC_PRESENTATION_REPRESENTATION (  '', ( #4452 ), #5343 ) ;
#1583 = LINE ( 'NONE', #4528, #3118 ) ;
#1584 = EDGE_LOOP ( 'NONE', ( #2746, #246, #2805 ) ) ;
#1585 = CARTESIAN_POINT ( 'NONE',  ( 4.399244568688848389, 26.35594625562207227, 14.33100599963756672 ) ) ;
#1586 = DIRECTION ( 'NONE',  ( 0.000000000000000000, -0.8660254037844399289, -0.4999999999999976130 ) ) ;
#1587 = AXIS2_PLACEMENT_3D ( 'NONE', #1642, #4927, #4540 ) ;
#1588 = EDGE_CURVE ( 'NONE', #858, #1506, #4431, .T. ) ;
#1589 = CARTESIAN_POINT ( 'NONE',  ( 20.51000000000000156, 3.673940397442059178E-15, -30.00000000000000000 ) ) ;
#1590 = DIRECTION ( 'NONE',  ( 0.000000000000000000, 0.000000000000000000, 1.000000000000000000 ) ) ;
#1591 = EDGE_LOOP ( 'NONE', ( #3498, #3979 ) ) ;
#1592 = AXIS2_PLACEMENT_3D ( 'NONE', #4121, #269, #1965 ) ;
#1593 = DIRECTION ( 'NONE',  ( 0.000000000000000000, 0.8660254037844433705, 0.4999999999999917288 ) ) ;
#1594 = CONICAL_SURFACE ( 'NONE', #2975, 3.700000000000090328, 0.7853981633974466137 ) ;
#1595 = SURFACE_SIDE_STYLE ('',( #4569 ) ) ;
#1596 = ORIENTED_EDGE ( 'NONE', *, *, #2753, .F. ) ;
#1597 = CARTESIAN_POINT ( 'NONE',  ( 4.150058104539148474, 15.14161421287336751, -25.89899831405388042 ) ) ;
#1598 = CIRCLE ( 'NONE', #1418, 1.649999999999999689 ) ;
#1599 = CARTESIAN_POINT ( 'NONE',  ( 2.000000000000000000, 27.00000000000000000, 1.249999999999997558 ) ) ;
#1600 = CIRCLE ( 'NONE', #1246, 1.650000000000000799 ) ;
#1601 = ORIENTED_EDGE ( 'NONE', *, *, #5209, .F. ) ;
#1602 = SURFACE_SIDE_STYLE ('',( #3666 ) ) ;
#1603 = LINE ( 'NONE', #1624, #2340 ) ;
#1604 = CARTESIAN_POINT ( 'NONE',  ( 0.000000000000000000, 19.09188309203674905, 19.09188309203681655 ) ) ;
#1605 = FILL_AREA_STYLE ('',( #4938 ) ) ;
#1606 = DIRECTION ( 'NONE',  ( 0.000000000000000000, -0.8660254037844399289, -0.4999999999999976130 ) ) ;
#1607 = ORIENTED_EDGE ( 'NONE', *, *, #976, .T. ) ;
#1608 = CARTESIAN_POINT ( 'NONE',  ( 2.000000000000000000, 19.09188309203701550, -20.74188309203654867 ) ) ;
#1609 = CARTESIAN_POINT ( 'NONE',  ( 5.399999999999369749, 28.62908573673852075, -8.965235628720250816 ) ) ;
#1610 = EDGE_CURVE ( 'NONE', #1973, #1359, #4581, .T. ) ;
#1611 = CARTESIAN_POINT ( 'NONE',  ( 5.318413767684621263, -26.58319957161912583, -13.90444175562143059 ) ) ;
#1612 = SURFACE_STYLE_FILL_AREA ( #1662 ) ;
#1613 = DIRECTION ( 'NONE',  ( -1.000000000000000000, -0.000000000000000000, -0.000000000000000000 ) ) ;
#1614 = ORIENTED_EDGE ( 'NONE', *, *, #1045, .T. ) ;
#1615 = EDGE_CURVE ( 'NONE', #4529, #166, #1143, .T. ) ;
#1616 = CARTESIAN_POINT ( 'NONE',  ( 5.400000000000000355, -7.030835797668281373, -21.40980728512581521 ) ) ;
#1617 = DIRECTION ( 'NONE',  ( 0.000000000000000000, 0.000000000000000000, -1.000000000000000000 ) ) ;
#1618 = EDGE_LOOP ( 'NONE', ( #1158, #4542, #54 ) ) ;
#1619 = CYLINDRICAL_SURFACE ( 'NONE', #1684, 13.99999999999999822 ) ;
#1620 = ORIENTED_EDGE ( 'NONE', *, *, #2901, .F. ) ;
#1621 = EDGE_CURVE ( 'NONE', #3824, #1534, #2778, .T. ) ;
#1622 = ORIENTED_EDGE ( 'NONE', *, *, #5386, .F. ) ;
#1623 = CARTESIAN_POINT ( 'NONE',  ( 18.00000000000000355, -16.06950526508272858, 25.33319957161902991 ) ) ;
#1624 = CARTESIAN_POINT ( 'NONE',  ( 18.00000000000000355, 12.33253175473036301, -18.86057158514999799 ) ) ;
#1625 = UNCERTAINTY_MEASURE_WITH_UNIT (LENGTH_MEASURE( 1.000000000000000082E-05 ), #5282, 'distance_accuracy_value', 'NONE');
#1626 = DIRECTION ( 'NONE',  ( -0.000000000000000000, -0.4999999999999980571, 0.8660254037844397068 ) ) ;
#1627 = PRESENTATION_STYLE_ASSIGNMENT (( #1221 ) ) ;
#1628 = CARTESIAN_POINT ( 'NONE',  ( 0.000000000000000000, 0.000000000000000000, 13.99999999999999822 ) ) ;
#1629 = ORIENTED_EDGE ( 'NONE', *, *, #5420, .T. ) ;
#1630 = DIRECTION ( 'NONE',  ( -1.000000000000000000, -0.000000000000000000, -0.000000000000000000 ) ) ;
#1631 = CYLINDRICAL_SURFACE ( 'NONE', #5247, 4.500000000000000000 ) ;
#1632 = EDGE_CURVE ( 'NONE', #4953, #1223, #3699, .T. ) ;
#1633 = DIRECTION ( 'NONE',  ( 0.000000000000000000, 0.000000000000000000, -1.000000000000000000 ) ) ;
#1634 = CARTESIAN_POINT ( 'NONE',  ( 18.00000000000000355, 19.48557158514994114, 11.24999999999988809 ) ) ;
#1635 = DIRECTION ( 'NONE',  ( -1.000000000000000000, -0.000000000000000000, -0.000000000000000000 ) ) ;
#1636 = CYLINDRICAL_SURFACE ( 'NONE', #3944, 1.249999999999997558 ) ;
#1637 = PRESENTATION_LAYER_ASSIGNMENT (  '', '', ( #3982 ) ) ;
#1638 = CARTESIAN_POINT ( 'NONE',  ( 4.150058104539148474, -15.14161421287354692, 25.89899831405377739 ) ) ;
#1639 = B_SPLINE_CURVE_WITH_KNOTS ( 'NONE', 3,
 ( #5377, #4518, #1240, #2518, #5353, #2902, #3748, #2033, #4575, #769, #4133, #823, #2004, #798, #3714, #307, #4104, #4075, #2468, #2080 ),
 .UNSPECIFIED., .F., .F.,
 ( 4, 2, 2, 2, 2, 2, 2, 2, 2, 4 ),
 ( 0.003908493778160053618, 0.004396944493550049640, 0.004885395208940046530, 0.005373845924330042552, 0.005862296639720038574, 0.006350747355110035464, 0.006594972712805033041, 0.006839198070500031486, 0.007327648785890032712, 0.007816099501280033071 ),
 .UNSPECIFIED. ) ;
#1640 = ADVANCED_FACE ( 'NONE', ( #3646 ), #1686, .T. ) ;
#1641 = AXIS2_PLACEMENT_3D ( 'NONE', #3972, #201, #663 ) ;
#1642 = CARTESIAN_POINT ( 'NONE',  ( 0.000000000000000000, 0.000000000000000000, 0.000000000000000000 ) ) ;
#1643 = CARTESIAN_POINT ( 'NONE',  ( 19.21717002221313209, 14.71497236774333217, -26.14368833554174998 ) ) ;
#1644 = CIRCLE ( 'NONE', #4330, 4.499999999999999112 ) ;
#1645 = ORIENTED_EDGE ( 'NONE', *, *, #625, .T. ) ;
#1646 = CARTESIAN_POINT ( 'NONE',  ( 5.400000000000000355, 16.06950526508255095, -25.33319957161913649 ) ) ;
#1647 = VERTEX_POINT ( 'NONE', #4472 ) ;
#1648 = CIRCLE ( 'NONE', #1823, 1.249999999999988010 ) ;
#1649 = AXIS2_PLACEMENT_3D ( 'NONE', #3521, #1401, #2573 ) ;
#1650 = EDGE_CURVE ( 'NONE', #1079, #493, #3903, .T. ) ;
#1651 = ORIENTED_EDGE ( 'NONE', *, *, #4613, .F. ) ;
#1652 = DIRECTION ( 'NONE',  ( 0.000000000000000000, 0.000000000000000000, 1.000000000000000000 ) ) ;
#1653 = STYLED_ITEM ( 'NONE', ( #5432 ), #2208 ) ;
#1654 = AXIS2_PLACEMENT_3D ( 'NONE', #423, #2550, #1863 ) ;
#1655 = CARTESIAN_POINT ( 'NONE',  ( 16.90755888607466062, -14.45198223091631284, 26.28998143082366923 ) ) ;
#1656 = CARTESIAN_POINT ( 'NONE',  ( 0.000000000000000000, 0.000000000000000000, 0.000000000000000000 ) ) ;
#1657 = ORIENTED_EDGE ( 'NONE', *, *, #3106, .T. ) ;
#1658 = CYLINDRICAL_SURFACE ( 'NONE', #1674, 1.649999999999999689 ) ;
#1659 = CONICAL_SURFACE ( 'NONE', #4978, 1.249999999999986233, 1.029744258676644764 ) ;
#1660 = DIRECTION ( 'NONE',  ( 0.000000000000000000, 0.000000000000000000, 1.000000000000000000 ) ) ;
#1661 = DIRECTION ( 'NONE',  ( -1.000000000000000000, 0.000000000000000000, 0.000000000000000000 ) ) ;
#1662 = FILL_AREA_STYLE ('',( #294 ) ) ;
#1663 = SURFACE_SIDE_STYLE ('',( #5417 ) ) ;
#1664 = PRESENTATION_LAYER_ASSIGNMENT (  '', '', ( #1050 ) ) ;
#1665 = DIRECTION ( 'NONE',  ( -0.000000000000000000, 0.8660254037844414832, 0.4999999999999950595 ) ) ;
#1666 = CARTESIAN_POINT ( 'NONE',  ( 18.00000000000000000, -21.00784760410558150, 5.629035800236202647 ) ) ;
#1667 = AXIS2_PLACEMENT_3D ( 'NONE', #1258, #2025, #5315 ) ;
#1668 = CARTESIAN_POINT ( 'NONE',  ( 18.00000000000000355, 28.97777478867204337, -7.764571353075640836 ) ) ;
#1669 = LINE ( 'NONE', #5029, #3453 ) ;
#1670 = VERTEX_POINT ( 'NONE', #3318 ) ;
#1671 = CARTESIAN_POINT ( 'NONE',  ( 16.74994205371400469, 26.06208114175169754, 14.85915614036023236 ) ) ;
#1672 = VERTEX_POINT ( 'NONE', #4939 ) ;
#1673 = EDGE_CURVE ( 'NONE', #1993, #1847, #5408, .T. ) ;
#1674 = AXIS2_PLACEMENT_3D ( 'NONE', #4476, #2040, #2882 ) ;
#1675 = CIRCLE ( 'NONE', #4724, 0.9999999999955149210 ) ;
#1676 = ORIENTED_EDGE ( 'NONE', *, *, #5046, .T. ) ;
#1677 = ORIENTED_EDGE ( 'NONE', *, *, #4372, .T. ) ;
#1678 = CARTESIAN_POINT ( 'NONE',  ( 2.500000000000000000, 0.000000000000000000, 0.000000000000000000 ) ) ;
#1679 = DIRECTION ( 'NONE',  ( 1.049727191138612163E-16, 0.4848096202463298976, 0.8746197071393997380 ) ) ;
#1680 = UNCERTAINTY_MEASURE_WITH_UNIT (LENGTH_MEASURE( 1.000000000000000082E-05 ), #5220, 'distance_accuracy_value', 'NONE');
#1681 = DIRECTION ( 'NONE',  ( -0.000000000000000000, -0.4999999999999980571, 0.8660254037844397068 ) ) ;
#1682 = EDGE_CURVE ( 'NONE', #1382, #51, #1583, .T. ) ;
#1683 =( GEOMETRIC_REPRESENTATION_CONTEXT ( 3 ) GLOBAL_UNCERTAINTY_ASSIGNED_CONTEXT ( ( #3798 ) ) GLOBAL_UNIT_ASSIGNED_CONTEXT ( ( #3328, #2914, #4642 ) ) REPRESENTATION_CONTEXT ( 'NONE', 'WORKASPACE' ) );
#1684 = AXIS2_PLACEMENT_3D ( 'NONE', #416, #5424, #2099 ) ;
#1685 = CARTESIAN_POINT ( 'NONE',  ( 16.75005810453914634, -15.14161421287355047, 25.89899831405377384 ) ) ;
#1686 = CYLINDRICAL_SURFACE ( 'NONE', #305, 0.9999999999851386656 ) ;
#1687 = ORIENTED_EDGE ( 'NONE', *, *, #37, .F. ) ;
#1688 = CARTESIAN_POINT ( 'NONE',  ( 86.50000000000000000, -19.81969897660377811, 12.62654079614884850 ) ) ;
#1689 = LINE ( 'NONE', #2396, #698 ) ;
#1690 = EDGE_CURVE ( 'NONE', #2512, #3071, #3382, .T. ) ;
#1691 = DIRECTION ( 'NONE',  ( 0.000000000000000000, -0.8660254037844399289, -0.4999999999999976130 ) ) ;
#1692 = CARTESIAN_POINT ( 'NONE',  ( 17.00065676438294915, -7.019881541073407227, -29.16735466947658750 ) ) ;
#1693 = CARTESIAN_POINT ( 'NONE',  ( 0.000000000000000000, -9.426999614876460059E-14, 28.64999999999999858 ) ) ;
#1694 = ORIENTED_EDGE ( 'NONE', *, *, #3726, .T. ) ;
#1695 = CARTESIAN_POINT ( 'NONE',  ( 18.32755770351810298, 26.56805066716203001, 13.93350513427916404 ) ) ;
#1696 = DIRECTION ( 'NONE',  ( 0.000000000000000000, -0.7193398003386599626, -0.6946583704589881503 ) ) ;
#1697 = CARTESIAN_POINT ( 'NONE',  ( 5.235554828642886349, -28.63153409387711790, 8.957427707450582588 ) ) ;
#1698 = DIRECTION ( 'NONE',  ( -1.000000000000000000, 0.000000000000000000, 0.000000000000000000 ) ) ;
#1699 = DIRECTION ( 'NONE',  ( 1.049727191138610684E-16, -0.2756373558170105986, 0.9612616959383154525 ) ) ;
#1700 = ORIENTED_EDGE ( 'NONE', *, *, #2471, .T. ) ;
#1701 = CARTESIAN_POINT ( 'NONE',  ( 5.400000000000000355, 16.06950526508255095, -25.33319957161913649 ) ) ;
#1702 = VERTEX_POINT ( 'NONE', #3239 ) ;
#1703 = ORIENTED_EDGE ( 'NONE', *, *, #1876, .F. ) ;
#1704 = EDGE_LOOP ( 'NONE', ( #1068, #1614 ) ) ;
#1705 = EDGE_CURVE ( 'NONE', #1506, #858, #4873, .T. ) ;
#1706 = FACE_OUTER_BOUND ( 'NONE', #3906, .T. ) ;
#1707 = FILL_AREA_STYLE_COLOUR ( '', #774 ) ;
#1708 = CARTESIAN_POINT ( 'NONE',  ( 0.000000000000000000, -9.426999614876460059E-14, 27.00000000000000000 ) ) ;
#1709 = EDGE_CURVE ( 'NONE', #1479, #2884, #395, .T. ) ;
#1710 = PRESENTATION_STYLE_ASSIGNMENT (( #3777 ) ) ;
#1711 = FACE_BOUND ( 'NONE', #3956, .T. ) ;
#1712 = DIRECTION ( 'NONE',  ( -1.000000000000000000, 0.000000000000000000, 0.000000000000000000 ) ) ;
#1713 = EDGE_LOOP ( 'NONE', ( #2671, #4653 ) ) ;
#1714 = DIRECTION ( 'NONE',  ( -1.000000000000000000, -0.000000000000000000, -0.000000000000000000 ) ) ;
#1715 = FACE_OUTER_BOUND ( 'NONE', #4393, .T. ) ;
#1716 = EDGE_CURVE ( 'NONE', #768, #2654, #574, .T. ) ;
#1717 = CARTESIAN_POINT ( 'NONE',  ( 6.000000000000000000, -27.00000000000000000, -1.249999999999997558 ) ) ;
#1718 = FACE_OUTER_BOUND ( 'NONE', #4132, .T. ) ;
#1719 = FACE_OUTER_BOUND ( 'NONE', #1295, .T. ) ;
#1720 = ORIENTED_EDGE ( 'NONE', *, *, #4109, .T. ) ;
#1721 = CARTESIAN_POINT ( 'NONE',  ( 18.62993683877106932, 6.704775563877982236, 29.24123616247319291 ) ) ;
#1722 =( NAMED_UNIT ( * ) SI_UNIT ( $, .STERADIAN. ) SOLID_ANGLE_UNIT ( ) );
#1723 = CARTESIAN_POINT ( 'NONE',  ( 0.000000000000000000, -19.09188309203661404, -20.74188309203694658 ) ) ;
#1724 = CARTESIAN_POINT ( 'NONE',  ( 5.400000000000000355, -6.550421062991286014, -29.27613334949682411 ) ) ;
#1725 = DIRECTION ( 'NONE',  ( -1.000000000000000000, 0.000000000000000000, 0.000000000000000000 ) ) ;
#1726 = ORIENTED_EDGE ( 'NONE', *, *, #1404, .T. ) ;
#1727 = FACE_OUTER_BOUND ( 'NONE', #4188, .T. ) ;
#1728 = ORIENTED_EDGE ( 'NONE', *, *, #4633, .T. ) ;
#1729 = VECTOR ( 'NONE', #373, 1000.000000000000000 ) ;
#1730 = AXIS2_PLACEMENT_3D ( 'NONE', #4122, #1613, #1177 ) ;
#1731 = CIRCLE ( 'NONE', #4243, 1.249999999999986899 ) ;
#1732 = EDGE_LOOP ( 'NONE', ( #2978, #4172, #4433, #3874 ) ) ;
#1733 = ORIENTED_EDGE ( 'NONE', *, *, #2437, .T. ) ;
#1734 = CARTESIAN_POINT ( 'NONE',  ( 83.79999999999999716, -28.94648781381982161, -2.258504648336733034 ) ) ;
#1735 = PRODUCT_DEFINITION_CONTEXT ( 'detailed design', #4302, 'design' ) ;
#1736 =( NAMED_UNIT ( * ) PLANE_ANGLE_UNIT ( ) SI_UNIT ( $, .RADIAN. ) );
#1737 = PRESENTATION_LAYER_ASSIGNMENT (  '', '', ( #3293 ) ) ;
#1738 = AXIS2_PLACEMENT_3D ( 'NONE', #4869, #649, #4900 ) ;
#1739 = ADVANCED_FACE ( 'NONE', ( #807 ), #367, .F. ) ;
#1740 = VECTOR ( 'NONE', #2388, 1000.000000000000000 ) ;
#1741 = DIRECTION ( 'NONE',  ( -1.000000000000000000, -0.000000000000000000, -0.000000000000000000 ) ) ;
#1742 = LINE ( 'NONE', #3396, #3027 ) ;
#1743 = ORIENTED_EDGE ( 'NONE', *, *, #561, .T. ) ;
#1744 = DIRECTION ( 'NONE',  ( 0.000000000000000000, 0.000000000000000000, 1.000000000000000000 ) ) ;
#1745 = AXIS2_PLACEMENT_3D ( 'NONE', #1423, #5194, #24 ) ;
#1746 = ADVANCED_FACE ( 'NONE', ( #3264 ), #1026, .F. ) ;
#1747 = AXIS2_PLACEMENT_3D ( 'NONE', #3420, #57, #2576 ) ;
#1748 = FILL_AREA_STYLE_COLOUR ( '', #933 ) ;
#1749 = CARTESIAN_POINT ( 'NONE',  ( 19.09161793938558560, 26.29065189181453377, 14.45076034929718567 ) ) ;
#1750 = DIRECTION ( 'NONE',  ( -0.000000000000000000, -0.2588190451025312311, -0.9659258262890654256 ) ) ;
#1751 = CARTESIAN_POINT ( 'NONE',  ( 4.307533581528498523, -29.13454576337067081, 7.155478935029253584 ) ) ;
#1752 = ADVANCED_FACE ( 'NONE', ( #2474 ), #2057, .T. ) ;
#1753 = VECTOR ( 'NONE', #4846, 1000.000000000000000 ) ;
#1754 = DIRECTION ( 'NONE',  ( 0.000000000000000000, 0.000000000000000000, 1.000000000000000000 ) ) ;
#1755 = CARTESIAN_POINT ( 'NONE',  ( 84.79999999999999716, -19.81969897660377811, 17.12654079614884850 ) ) ;
#1756 = MECHANICAL_DESIGN_GEOMETRIC_PRESENTATION_REPRESENTATION (  '', ( #4896 ), #3050 ) ;
#1757 = ORIENTED_EDGE ( 'NONE', *, *, #1519, .T. ) ;
#1758 = AXIS2_PLACEMENT_3D ( 'NONE', #1604, #1981, #5327 ) ;
#1759 = ORIENTED_EDGE ( 'NONE', *, *, #5215, .T. ) ;
#1760 = CARTESIAN_POINT ( 'NONE',  ( 2.000000000000000000, 2.828099884462937892E-13, -25.75000000000000355 ) ) ;
#1761 = EDGE_LOOP ( 'NONE', ( #3855, #94 ) ) ;
#1762 = STYLED_ITEM ( 'NONE', ( #2092 ), #4454 ) ;
#1763 = SURFACE_SIDE_STYLE ('',( #2903 ) ) ;
#1764 = VECTOR ( 'NONE', #3703, 1000.000000000000000 ) ;
#1765 = AXIS2_PLACEMENT_3D ( 'NONE', #4660, #915, #2582 ) ;
#1766 = CIRCLE ( 'NONE', #5354, 1.649999999999999689 ) ;
#1767 = CARTESIAN_POINT ( 'NONE',  ( 18.00000000000000355, -18.86057158515004062, -12.33253175473029550 ) ) ;
#1768 = FACE_BOUND ( 'NONE', #1713, .T. ) ;
#1769 = EDGE_LOOP ( 'NONE', ( #1759, #3821 ) ) ;
#1770 = CYLINDRICAL_SURFACE ( 'NONE', #147, 1.649999999999998579 ) ;
#1771 = CARTESIAN_POINT ( 'NONE',  ( 18.00000000000000355, 20.11057158514993048, 10.16746824526934567 ) ) ;
#1772 = PRESENTATION_LAYER_ASSIGNMENT (  '', '', ( #4030 ) ) ;
#1773 = AXIS2_PLACEMENT_3D ( 'NONE', #220, #1042, #1075 ) ;
#1774 = DIRECTION ( 'NONE',  ( -1.000000000000000000, -0.000000000000000000, -0.000000000000000000 ) ) ;
#1775 = CARTESIAN_POINT ( 'NONE',  ( 18.00000000000000355, -14.99999999999993960, 25.98076211353319565 ) ) ;
#1776 = ORIENTED_EDGE ( 'NONE', *, *, #161, .F. ) ;
#1777 = ADVANCED_FACE ( 'NONE', ( #5098 ), #513, .F. ) ;
#1778 = CARTESIAN_POINT ( 'NONE',  ( 18.00000000000000355, 4.616021231945486747, 22.05685489788217168 ) ) ;
#1779 = DIRECTION ( 'NONE',  ( -0.000000000000000000, 0.8660254037844414832, 0.4999999999999950595 ) ) ;
#1780 = CARTESIAN_POINT ( 'NONE',  ( 5.318413767684621263, -28.62908573674061330, 8.965235628713561056 ) ) ;
#1781 = DIRECTION ( 'NONE',  ( 0.000000000000000000, -0.8660254037844399289, -0.4999999999999976130 ) ) ;
#1782 = DIRECTION ( 'NONE',  ( 1.000000000000000000, 0.000000000000000000, -0.000000000000000000 ) ) ;
#1783 = CARTESIAN_POINT ( 'NONE',  ( 5.399999999999998579, 25.33319957161908675, 16.06950526508263621 ) ) ;
#1784 = EDGE_LOOP ( 'NONE', ( #3853, #3973 ) ) ;
#1785 = ADVANCED_FACE ( 'NONE', ( #2580 ), #1128, .F. ) ;
#1786 = ORIENTED_EDGE ( 'NONE', *, *, #3796, .F. ) ;
#1787 = ORIENTED_EDGE ( 'NONE', *, *, #2292, .F. ) ;
#1788 = CARTESIAN_POINT ( 'NONE',  ( 17.83479994660072165, 6.550421062991082621, 29.27613334949686674 ) ) ;
#1789 = ORIENTED_EDGE ( 'NONE', *, *, #1690, .T. ) ;
#1790 = EDGE_CURVE ( 'NONE', #49, #1359, #3989, .T. ) ;
#1791 = UNCERTAINTY_MEASURE_WITH_UNIT (LENGTH_MEASURE( 1.000000000000000082E-05 ), #4596, 'distance_accuracy_value', 'NONE');
#1792 = FACE_OUTER_BOUND ( 'NONE', #4594, .T. ) ;
#1793 = DIRECTION ( 'NONE',  ( 0.000000000000000000, -0.8660254037844399289, -0.4999999999999976130 ) ) ;
#1794 = ORIENTED_EDGE ( 'NONE', *, *, #5289, .F. ) ;
#1795 = DIRECTION ( 'NONE',  ( 0.000000000000000000, 0.000000000000000000, 1.000000000000000000 ) ) ;
#1796 = CARTESIAN_POINT ( 'NONE',  ( 18.00000000000000355, 29.27613334949689161, -6.550421062990980481 ) ) ;
#1797 = CARTESIAN_POINT ( 'NONE',  ( 16.75005810453914989, -7.606619245773142524, -29.02009542183980884 ) ) ;
#1798 = SURFACE_SIDE_STYLE ('',( #2171 ) ) ;
#1799 = EDGE_LOOP ( 'NONE', ( #1844, #1913 ) ) ;
#1800 = CARTESIAN_POINT ( 'NONE',  ( 19.12377164955425002, 25.69967161342717787, 15.47684157875740674 ) ) ;
#1801 = LINE ( 'NONE', #5132, #1837 ) ;
#1802 = ADVANCED_FACE ( 'NONE', ( #1352 ), #3802, .T. ) ;
#1803 = CARTESIAN_POINT ( 'NONE',  ( 17.23125683152128218, 29.22049328400327894, -6.795298926850854571 ) ) ;
#1804 = CARTESIAN_POINT ( 'NONE',  ( 4.150058104539148474, -7.606619245773143412, -29.02009542183980884 ) ) ;
#1805 = DIRECTION ( 'NONE',  ( 0.000000000000000000, 0.000000000000000000, -1.000000000000000000 ) ) ;
#1806 = EDGE_LOOP ( 'NONE', ( #5116, #4482, #1319, #2752 ) ) ;
#1807 = CARTESIAN_POINT ( 'NONE',  ( 5.400000000000000355, -19.48557158515001930, -11.24999999999974953 ) ) ;
#1808 = ORIENTED_EDGE ( 'NONE', *, *, #903, .F. ) ;
#1809 = CARTESIAN_POINT ( 'NONE',  ( 18.00000000000000355, -20.11057158514999799, -10.16746824526920534 ) ) ;
#1810 = ADVANCED_FACE ( 'NONE', ( #2163 ), #677, .F. ) ;
#1811 = CIRCLE ( 'NONE', #5123, 1.650000000000001021 ) ;
#1812 = ORIENTED_EDGE ( 'NONE', *, *, #5079, .F. ) ;
#1813 = DIRECTION ( 'NONE',  ( -0.5150380749100550437, 1.049727191138617956E-16, -0.8571673007021117785 ) ) ;
#1814 = CIRCLE ( 'NONE', #2060, 0.9999999999851386656 ) ;
#1815 = ORIENTED_EDGE ( 'NONE', *, *, #2719, .T. ) ;
#1816 = AXIS2_PLACEMENT_3D ( 'NONE', #3704, #352, #321 ) ;
#1817 = EDGE_CURVE ( 'NONE', #4812, #1196, #2556, .T. ) ;
#1818 = DIRECTION ( 'NONE',  ( 0.000000000000000000, 0.000000000000000000, 1.000000000000000000 ) ) ;
#1819 = AXIS2_PLACEMENT_3D ( 'NONE', #602, #5278, #3621 ) ;
#1820 = ORIENTED_EDGE ( 'NONE', *, *, #2638, .F. ) ;
#1821 = DIRECTION ( 'NONE',  ( -0.000000000000000000, -0.2588190451025312866, -0.9659258262890656477 ) ) ;
#1822 = CARTESIAN_POINT ( 'NONE',  ( 18.76922271609829096, 29.22041247673529440, -6.795648228794754608 ) ) ;
#1823 = AXIS2_PLACEMENT_3D ( 'NONE', #483, #456, #2135 ) ;
#1824 = CIRCLE ( 'NONE', #567, 4.499999999999999112 ) ;
#1825 = CARTESIAN_POINT ( 'NONE',  ( 19.12377164955424291, -29.11619170381109711, 7.228632440432353867 ) ) ;
#1826 = LINE ( 'NONE', #2534, #1207 ) ;
#1827 = VERTEX_POINT ( 'NONE', #5018 ) ;
#1828 = CARTESIAN_POINT ( 'NONE',  ( 18.94215203197031272, 25.55820533043579701, 15.70927991116399092 ) ) ;
#1829 = MECHANICAL_DESIGN_GEOMETRIC_PRESENTATION_REPRESENTATION (  '', ( #4790 ), #4534 ) ;
#1830 = CARTESIAN_POINT ( 'NONE',  ( 2.000000000000000000, -19.09188309203688050, 19.09188309203668155 ) ) ;
#1831 = COLOUR_RGB ( '',1.000000000000000000, 1.000000000000000000, 1.000000000000000000 ) ;
#1832 = CARTESIAN_POINT ( 'NONE',  ( 16.90753358152849373, 29.13454576337067081, -7.155478935029253584 ) ) ;
#1833 = CARTESIAN_POINT ( 'NONE',  ( 72.00000000000000000, 0.9788414406843638504, 10.95636205288427334 ) ) ;
#1834 = CARTESIAN_POINT ( 'NONE',  ( 18.16516251803440696, 16.06950526508254740, -25.33319957161913294 ) ) ;
#1835 = FACE_OUTER_BOUND ( 'NONE', #408, .T. ) ;
#1836 = ORIENTED_EDGE ( 'NONE', *, *, #2665, .F. ) ;
#1837 = VECTOR ( 'NONE', #1336, 1000.000000000000000 ) ;
#1838 = CARTESIAN_POINT ( 'NONE',  ( 5.399999999999369749, -26.58319957162237301, -13.90444175561521689 ) ) ;
#1839 = COLOUR_RGB ( '',1.000000000000000000, 1.000000000000000000, 1.000000000000000000 ) ;
#1840 = CARTESIAN_POINT ( 'NONE',  ( 16.78287268560915990, 7.447333902026031183, 29.06131196934028083 ) ) ;
#1841 = EDGE_LOOP ( 'NONE', ( #2287, #2091, #1645 ) ) ;
#1842 = ADVANCED_FACE ( 'NONE', ( #4599 ), #5135, .F. ) ;
#1843 = LINE ( 'NONE', #2655, #1393 ) ;
#1844 = ORIENTED_EDGE ( 'NONE', *, *, #5267, .F. ) ;
#1845 = CYLINDRICAL_SURFACE ( 'NONE', #1990, 1.249999999999997558 ) ;
#1846 = FACE_BOUND ( 'NONE', #5112, .T. ) ;
#1847 = VERTEX_POINT ( 'NONE', #4181 ) ;
#1848 = EDGE_CURVE ( 'NONE', #3713, #4672, #3732, .T. ) ;
#1849 = CYLINDRICAL_SURFACE ( 'NONE', #708, 1.649999999999998579 ) ;
#1850 = CARTESIAN_POINT ( 'NONE',  ( 72.00000000000000000, -10.94559953623324411, -1.787134799722888356 ) ) ;
#1851 = AXIS2_PLACEMENT_3D ( 'NONE', #1159, #4491, #3113 ) ;
#1852 = CARTESIAN_POINT ( 'NONE',  ( 19.24986269076498857, -28.93482577678910417, 7.924837142475883667 ) ) ;
#1853 = CYLINDRICAL_SURFACE ( 'NONE', #852, 1.649999999999998579 ) ;
#1854 = ORIENTED_EDGE ( 'NONE', *, *, #910, .F. ) ;
#1855 = EDGE_CURVE ( 'NONE', #4672, #3713, #4611, .T. ) ;
#1856 = CARTESIAN_POINT ( 'NONE',  ( 18.00000000000000355, -19.48557158515001930, -11.24999999999974953 ) ) ;
#1857 = CONICAL_SURFACE ( 'NONE', #2380, 1.249999999999986899, 1.029744258676641655 ) ;
#1858 = CARTESIAN_POINT ( 'NONE',  ( 17.83479994660072165, 29.27613334949688806, -6.550421062990980481 ) ) ;
#1859 = PLANE ( 'NONE',  #3327 ) ;
#1860 = LINE ( 'NONE', #2342, #661 ) ;
#1861 = ORIENTED_EDGE ( 'NONE', *, *, #2503, .T. ) ;
#1862 = CARTESIAN_POINT ( 'NONE',  ( 6.617808062327157792, -29.06083821431858993, 7.449205826730597835 ) ) ;
#1863 = DIRECTION ( 'NONE',  ( 0.000000000000000000, 0.9659258262890653146, -0.2588190451025315642 ) ) ;
#1864 = ORIENTED_EDGE ( 'NONE', *, *, #479, .F. ) ;
#1865 =( NAMED_UNIT ( * ) PLANE_ANGLE_UNIT ( ) SI_UNIT ( $, .RADIAN. ) );
#1866 = PRESENTATION_STYLE_ASSIGNMENT (( #3958 ) ) ;
#1867 = ORIENTED_EDGE ( 'NONE', *, *, #4551, .F. ) ;
#1868 = DIRECTION ( 'NONE',  ( -1.000000000000000000, -0.000000000000000000, -0.000000000000000000 ) ) ;
#1869 = SURFACE_SIDE_STYLE ('',( #2267 ) ) ;
#1870 = EDGE_CURVE ( 'NONE', #3032, #944, #1648, .T. ) ;
#1871 = CARTESIAN_POINT ( 'NONE',  ( 6.000000000000000000, 19.09188309203674905, 19.09188309203681655 ) ) ;
#1872 = FILL_AREA_STYLE_COLOUR ( '', #222 ) ;
#1873 = ORIENTED_EDGE ( 'NONE', *, *, #4768, .F. ) ;
#1874 = CARTESIAN_POINT ( 'NONE',  ( 18.62842449204816475, -8.814944832306876421, -28.67578471782870508 ) ) ;
#1875 = LINE ( 'NONE', #1018, #5428 ) ;
#1876 = EDGE_CURVE ( 'NONE', #2232, #5269, #1742, .T. ) ;
#1877 = DIRECTION ( 'NONE',  ( 0.000000000000000000, 0.000000000000000000, 1.000000000000000000 ) ) ;
#1878 = EDGE_LOOP ( 'NONE', ( #296, #4767, #582 ) ) ;
#1879 = FACE_BOUND ( 'NONE', #2689, .T. ) ;
#1880 = DIRECTION ( 'NONE',  ( -1.000000000000000000, -0.000000000000000000, -0.000000000000000000 ) ) ;
#1881 = ADVANCED_FACE ( 'NONE', ( #913 ), #4231, .F. ) ;
#1882 = DIRECTION ( 'NONE',  ( 0.000000000000000000, 0.000000000000000000, 1.000000000000000000 ) ) ;
#1883 = PRESENTATION_STYLE_ASSIGNMENT (( #5283 ) ) ;
#1884 = ORIENTED_EDGE ( 'NONE', *, *, #599, .F. ) ;
#1885 = EDGE_LOOP ( 'NONE', ( #1315, #2917, #4922, #3359 ) ) ;
#1886 = CARTESIAN_POINT ( 'NONE',  ( 5.072695946143315204, 29.26907041057565095, -6.582207970256631846 ) ) ;
#1887 = FACE_OUTER_BOUND ( 'NONE', #4955, .T. ) ;
#1888 = DIRECTION ( 'NONE',  ( -0.000000000000000000, -0.2588190451025312866, -0.9659258262890656477 ) ) ;
#1889 = VERTEX_POINT ( 'NONE', #4027 ) ;
#1890 = CARTESIAN_POINT ( 'NONE',  ( 6.649862690764980044, 28.93482577678910062, -7.924837142475881890 ) ) ;
#1891 = DIRECTION ( 'NONE',  ( -0.000000000000000000, -0.9659258262890680902, 0.2588190451025211281 ) ) ;
#1892 = EDGE_LOOP ( 'NONE', ( #4059, #1509 ) ) ;
#1893 = CARTESIAN_POINT ( 'NONE',  ( 6.029936838771071450, -15.93568411321016143, 25.41766864831404149 ) ) ;
#1894 = CARTESIAN_POINT ( 'NONE',  ( 6.000000000000000000, -9.426999614876460059E-14, 27.00000000000000000 ) ) ;
#1895 = EDGE_LOOP ( 'NONE', ( #170, #819, #2716, #368 ) ) ;
#1896 = DIRECTION ( 'NONE',  ( -0.5150380749100550437, 0.000000000000000000, 0.8571673007021117785 ) ) ;
#1897 = AXIS2_PLACEMENT_3D ( 'NONE', #3864, #40, #9 ) ;
#1898 = CIRCLE ( 'NONE', #2497, 1.649999999999999689 ) ;
#1899 = STYLED_ITEM ( 'NONE', ( #3011 ), #1368 ) ;
#1900 = CIRCLE ( 'NONE', #1387, 1.249999999999997558 ) ;
#1901 = DIRECTION ( 'NONE',  ( 0.000000000000000000, 0.000000000000000000, -1.000000000000000000 ) ) ;
#1902 = CARTESIAN_POINT ( 'NONE',  ( 4.150058104539148474, 7.606619245772941795, 29.02009542183986923 ) ) ;
#1903 = CARTESIAN_POINT ( 'NONE',  ( 72.00000000000000000, 0.000000000000000000, 0.000000000000000000 ) ) ;
#1904 = VERTEX_POINT ( 'NONE', #4436 ) ;
#1905 = CARTESIAN_POINT ( 'NONE',  ( 18.00000000000000000, -5.629035800236422915, -21.00784760410552465 ) ) ;
#1906 = CARTESIAN_POINT ( 'NONE',  ( 18.00000000000000355, 29.30129859505018786, -6.557164070214318130 ) ) ;
#1907 = ADVANCED_FACE ( 'NONE', ( #2683, #1846 ), #3062, .T. ) ;
#1908 = VECTOR ( 'NONE', #4734, 1000.000000000000000 ) ;
#1909 = CARTESIAN_POINT ( 'NONE',  ( 17.59743699992791122, 28.64810676417896929, -8.904322796465301337 ) ) ;
#1910 = AXIS2_PLACEMENT_3D ( 'NONE', #103, #5120, #1793 ) ;
#1911 = FACE_OUTER_BOUND ( 'NONE', #4757, .T. ) ;
#1912 = DIRECTION ( 'NONE',  ( -0.000000000000000000, 0.4999999999999921174, -0.8660254037844431485 ) ) ;
#1913 = ORIENTED_EDGE ( 'NONE', *, *, #3431, .F. ) ;
#1914 = DIRECTION ( 'NONE',  ( 0.000000000000000000, 0.2588190451025206840, 0.9659258262890683122 ) ) ;
#1915 = CARTESIAN_POINT ( 'NONE',  ( 6.751075773784450895, -27.00000000000000000, 0.000000000000000000 ) ) ;
#1916 = ORIENTED_EDGE ( 'NONE', *, *, #404, .F. ) ;
#1917 = ADVANCED_FACE ( 'NONE', ( #4406 ), #2078, .F. ) ;
#1918 = CARTESIAN_POINT ( 'NONE',  ( 4.182326712606378116, 28.89192367621396329, -8.079582930052831458 ) ) ;
#1919 = TOROIDAL_SURFACE ( 'NONE', #2081, 5.500000000000000000, 1.000000000000000000 ) ;
#1920 = CARTESIAN_POINT ( 'NONE',  ( 17.83555482864289132, 8.957427707450680288, 28.63153409387708592 ) ) ;
#1921 = ORIENTED_EDGE ( 'NONE', *, *, #2840, .T. ) ;
#1922 = DIRECTION ( 'NONE',  ( 1.000000000000000000, 0.000000000000000000, 0.000000000000000000 ) ) ;
#1923 = CIRCLE ( 'NONE', #3568, 1.649999999999998357 ) ;
#1924 = ORIENTED_EDGE ( 'NONE', *, *, #419, .T. ) ;
#1925 = CARTESIAN_POINT ( 'NONE',  ( 6.000000000000000000, 27.00000000000000000, -1.249999999999997558 ) ) ;
#1926 = ORIENTED_EDGE ( 'NONE', *, *, #4652, .F. ) ;
#1927 = CARTESIAN_POINT ( 'NONE',  ( 6.000000000000000000, 27.00000000000000000, 1.249999999999997558 ) ) ;
#1928 = VECTOR ( 'NONE', #2071, 1000.000000000000227 ) ;
#1929 = CARTESIAN_POINT ( 'NONE',  ( 2.000000000000000000, -9.426999614876460059E-14, 28.64999999999999858 ) ) ;
#1930 = CARTESIAN_POINT ( 'NONE',  ( 18.94215203197031627, -29.18051865685101731, 6.964241951367500683 ) ) ;
#1931 = PRESENTATION_STYLE_ASSIGNMENT (( #233 ) ) ;
#1932 = ORIENTED_EDGE ( 'NONE', *, *, #2840, .F. ) ;
#1933 = DIRECTION ( 'NONE',  ( -0.000000000000000000, -0.4999999999999980571, 0.8660254037844397068 ) ) ;
#1934 = CARTESIAN_POINT ( 'NONE',  ( 18.76794308089884566, -26.46635652257837634, -14.12604845931447883 ) ) ;
#1935 = AXIS2_PLACEMENT_3D ( 'NONE', #2456, #1228, #4566 ) ;
#1936 = PRESENTATION_LAYER_ASSIGNMENT (  '', '', ( #5435 ) ) ;
#1937 = EDGE_CURVE ( 'NONE', #4701, #1122, #3473, .T. ) ;
#1938 = SURFACE_STYLE_FILL_AREA ( #4859 ) ;
#1939 =( NAMED_UNIT ( * ) PLANE_ANGLE_UNIT ( ) SI_UNIT ( $, .RADIAN. ) );
#1940 = EDGE_LOOP ( 'NONE', ( #1004, #64, #4279, #415 ) ) ;
#1941 = CARTESIAN_POINT ( 'NONE',  ( 5.400000000000000355, -29.27613334949689161, 6.550421062990979593 ) ) ;
#1942 = CARTESIAN_POINT ( 'NONE',  ( 18.00000000000000355, 20.11057158514993048, 10.16746824526934745 ) ) ;
#1943 = VERTEX_POINT ( 'NONE', #2657 ) ;
#1944 = CARTESIAN_POINT ( 'NONE',  ( 5.399999999999369749, -13.90444175561549756, 26.58319957162222735 ) ) ;
#1945 = CIRCLE ( 'NONE', #3856, 9.999999999999314326 ) ;
#1946 = VECTOR ( 'NONE', #2541, 1000.000000000000000 ) ;
#1947 = EDGE_CURVE ( 'NONE', #4735, #928, #5236, .T. ) ;
#1948 = DIRECTION ( 'NONE',  ( 0.000000000000000000, -0.2588190451025206840, -0.9659258262890683122 ) ) ;
#1949 = FACE_OUTER_BOUND ( 'NONE', #2382, .T. ) ;
#1950 = VERTEX_POINT ( 'NONE', #2715 ) ;
#1951 = LINE ( 'NONE', #5292, #4037 ) ;
#1952 = COLOUR_RGB ( '',1.000000000000000000, 1.000000000000000000, 1.000000000000000000 ) ;
#1953 =( NAMED_UNIT ( * ) SI_UNIT ( $, .STERADIAN. ) SOLID_ANGLE_UNIT ( ) );
#1954 = EDGE_CURVE ( 'NONE', #2448, #1993, #2785, .T. ) ;
#1955 = ORIENTED_EDGE ( 'NONE', *, *, #1705, .T. ) ;
#1956 = CARTESIAN_POINT ( 'NONE',  ( 6.394895235514096221, -15.65438196607711241, 25.59189206774586367 ) ) ;
#1957 = FILL_AREA_STYLE_COLOUR ( '', #5232 ) ;
#1958 = CARTESIAN_POINT ( 'NONE',  ( 19.12377164955424291, -7.228632440432660289, -29.11619170381101540 ) ) ;
#1959 = PRESENTATION_STYLE_ASSIGNMENT (( #1168 ) ) ;
#1960 =( NAMED_UNIT ( * ) SI_UNIT ( $, .STERADIAN. ) SOLID_ANGLE_UNIT ( ) );
#1961 = CARTESIAN_POINT ( 'NONE',  ( 18.00000000000000355, -12.33253175473049446, 18.86057158514990917 ) ) ;
#1962 = EDGE_LOOP ( 'NONE', ( #2002, #449, #4959 ) ) ;
#1963 = DIRECTION ( 'NONE',  ( 0.000000000000000000, 0.000000000000000000, 1.000000000000000000 ) ) ;
#1964 = CARTESIAN_POINT ( 'NONE',  ( 4.307558886074660087, -26.28998143082382200, -14.45198223091604461 ) ) ;
#1965 = DIRECTION ( 'NONE',  ( 0.000000000000000000, 0.000000000000000000, 1.000000000000000000 ) ) ;
#1966 = CARTESIAN_POINT ( 'NONE',  ( 6.649862690764980044, 7.924837142475983143, 28.93482577678907219 ) ) ;
#1967 = ORIENTED_EDGE ( 'NONE', *, *, #1104, .T. ) ;
#1968 = SURFACE_STYLE_FILL_AREA ( #733 ) ;
#1969 = CARTESIAN_POINT ( 'NONE',  ( 5.400000000000000355, 22.05685489788218590, -4.616021231945410364 ) ) ;
#1970 = ADVANCED_FACE ( 'NONE', ( #2243 ), #134, .F. ) ;
#1971 = FACE_OUTER_BOUND ( 'NONE', #1841, .T. ) ;
#1972 = FILL_AREA_STYLE_COLOUR ( '', #217 ) ;
#1973 = VERTEX_POINT ( 'NONE', #594 ) ;
#1974 = VECTOR ( 'NONE', #3737, 1000.000000000000000 ) ;
#1975 = CARTESIAN_POINT ( 'NONE',  ( 83.79999999999999716, 5.510910596163088569E-16, -4.500000000000000000 ) ) ;
#1976 = DIRECTION ( 'NONE',  ( -0.000000000000000000, -0.9659258262890680902, 0.2588190451025211281 ) ) ;
#1977 = ADVANCED_FACE ( 'NONE', ( #3088 ), #2337, .F. ) ;
#1978 = EDGE_LOOP ( 'NONE', ( #1260, #3256, #4020 ) ) ;
#1979 = CARTESIAN_POINT ( 'NONE',  ( 6.650136447789995131, -15.14189720965928032, 25.89884428618421808 ) ) ;
#1980 = CARTESIAN_POINT ( 'NONE',  ( 18.00000000000000000, 21.00784760410558150, -5.629035800236202647 ) ) ;
#1981 = DIRECTION ( 'NONE',  ( -1.000000000000000000, -0.000000000000000000, -0.000000000000000000 ) ) ;
#1982 = EDGE_CURVE ( 'NONE', #4144, #741, #2271, .T. ) ;
#1983 = DIRECTION ( 'NONE',  ( -0.000000000000000000, -0.2588190451025312866, -0.9659258262890656477 ) ) ;
#1984 = CIRCLE ( 'NONE', #5326, 13.99999999999999822 ) ;
#1985 = DIRECTION ( 'NONE',  ( 0.000000000000000000, 0.000000000000000000, 1.000000000000000000 ) ) ;
#1986 = ORIENTED_EDGE ( 'NONE', *, *, #242, .T. ) ;
#1987 = CARTESIAN_POINT ( 'NONE',  ( 4.631256831521273654, 25.46701090210068585, 15.85700699936864666 ) ) ;
#1988 = DIRECTION ( 'NONE',  ( 1.000000000000000000, 0.000000000000000000, 0.000000000000000000 ) ) ;
#1989 = AXIS2_PLACEMENT_3D ( 'NONE', #4443, #265, #4412 ) ;
#1990 = AXIS2_PLACEMENT_3D ( 'NONE', #3500, #5096, #2631 ) ;
#1991 = CARTESIAN_POINT ( 'NONE',  ( 4.400656764382942399, -25.58824011687932298, -15.66062843524069059 ) ) ;
#1992 =( LENGTH_UNIT ( ) NAMED_UNIT ( * ) SI_UNIT ( .MILLI., .METRE. ) );
#1993 = VERTEX_POINT ( 'NONE', #1458 ) ;
#1994 = CARTESIAN_POINT ( 'NONE',  ( 5.400000000000000355, 25.35576211353325959, 16.08253175473038965 ) ) ;
#1995 = COLOUR_RGB ( '',1.000000000000000000, 1.000000000000000000, 1.000000000000000000 ) ;
#1996 = AXIS2_PLACEMENT_3D ( 'NONE', #2674, #2653, #3823 ) ;
#1997 = VECTOR ( 'NONE', #4739, 1000.000000000000000 ) ;
#1998 = SURFACE_STYLE_USAGE ( .BOTH. , #736 ) ;
#1999 = ORIENTED_EDGE ( 'NONE', *, *, #976, .F. ) ;
#2000 = DIRECTION ( 'NONE',  ( -0.000000000000000000, 0.2588190451025245142, 0.9659258262890673130 ) ) ;
#2001 = DIRECTION ( 'NONE',  ( -1.000000000000000000, 0.000000000000000000, 0.000000000000000000 ) ) ;
#2002 = ORIENTED_EDGE ( 'NONE', *, *, #453, .F. ) ;
#2003 = EDGE_CURVE ( 'NONE', #2448, #2278, #4377, .T. ) ;
#2004 = CARTESIAN_POINT ( 'NONE',  ( 6.485416689749777142, 15.53832662272125376, -25.66252170213649109 ) ) ;
#2005 =( NAMED_UNIT ( * ) SI_UNIT ( $, .STERADIAN. ) SOLID_ANGLE_UNIT ( ) );
#2006 = UNCERTAINTY_MEASURE_WITH_UNIT (LENGTH_MEASURE( 1.000000000000000082E-05 ), #3547, 'distance_accuracy_value', 'NONE');
#2007 = CARTESIAN_POINT ( 'NONE',  ( 5.400000000000000355, -14.99999999999993960, 25.98076211353319565 ) ) ;
#2008 = CARTESIAN_POINT ( 'NONE',  ( 5.400000000000000355, -28.97777478867204337, 7.764571353075640836 ) ) ;
#2009 = AXIS2_PLACEMENT_3D ( 'NONE', #1830, #5107, #896 ) ;
#2010 = EDGE_CURVE ( 'NONE', #588, #862, #5404, .T. ) ;
#2011 = CARTESIAN_POINT ( 'NONE',  ( 18.00000000000000355, 7.764571353075742088, 28.97777478867201495 ) ) ;
#2012 = DIRECTION ( 'NONE',  ( -1.000000000000000000, 0.000000000000000000, 0.000000000000000000 ) ) ;
#2013 = VERTEX_POINT ( 'NONE', #2850 ) ;
#2014 = CARTESIAN_POINT ( 'NONE',  ( 5.235554828642886349, 26.57940978748099425, 13.91169403962763162 ) ) ;
#2015 = CARTESIAN_POINT ( 'NONE',  ( 5.400000000000000355, 21.40980728512588982, -7.030835797668055775 ) ) ;
#2016 = PRESENTATION_LAYER_ASSIGNMENT (  '', '', ( #5344 ) ) ;
#2017 = EDGE_CURVE ( 'NONE', #4144, #1427, #5298, .T. ) ;
#2018 = CARTESIAN_POINT ( 'NONE',  ( 4.770198875233971236, -26.50966019013382180, -14.04428208010030765 ) ) ;
#2019 = DIRECTION ( 'NONE',  ( 0.000000000000000000, -0.8660254037844402619, -0.4999999999999970024 ) ) ;
#2020 = DIRECTION ( 'NONE',  ( -1.000000000000000000, 0.000000000000000000, -0.000000000000000000 ) ) ;
#2021 = ORIENTED_EDGE ( 'NONE', *, *, #3776, .T. ) ;
#2022 = MECHANICAL_DESIGN_GEOMETRIC_PRESENTATION_REPRESENTATION (  '', ( #5435 ), #4631 ) ;
#2023 = CIRCLE ( 'NONE', #5080, 30.00000000000000000 ) ;
#2024 = AXIS2_PLACEMENT_3D ( 'NONE', #2187, #59, #1247 ) ;
#2025 = DIRECTION ( 'NONE',  ( 1.000000000000000000, 0.000000000000000000, 0.000000000000000000 ) ) ;
#2026 = DIRECTION ( 'NONE',  ( -1.000000000000000000, -0.000000000000000000, -0.000000000000000000 ) ) ;
#2027 = ORIENTED_EDGE ( 'NONE', *, *, #4494, .F. ) ;
#2028 = CARTESIAN_POINT ( 'NONE',  ( 5.075368782764494213, 13.94002104904950379, -26.56456415707037166 ) ) ;
#2029 = ORIENTED_EDGE ( 'NONE', *, *, #5338, .F. ) ;
#2030 = COLOUR_RGB ( '',1.000000000000000000, 1.000000000000000000, 1.000000000000000000 ) ;
#2031 = AXIS2_PLACEMENT_3D ( 'NONE', #3517, #2733, #2815 ) ;
#2032 = VERTEX_POINT ( 'NONE', #3204 ) ;
#2033 = CARTESIAN_POINT ( 'NONE',  ( 6.617170022213132441, 14.71497236774333217, -26.14368833554174998 ) ) ;
#2034 = PRESENTATION_STYLE_ASSIGNMENT (( #771 ) ) ;
#2035 = CARTESIAN_POINT ( 'NONE',  ( 18.00000000000000355, -6.550421062991286902, -29.27613334949682411 ) ) ;
#2036 = ADVANCED_FACE ( 'NONE', ( #1545 ), #2054, .F. ) ;
#2037 = CARTESIAN_POINT ( 'NONE',  ( 2.000000000000000000, 19.09188309203674905, 17.44188309203681797 ) ) ;
#2038 = DIRECTION ( 'NONE',  ( -0.000000000000000000, 0.2588190451025244587, 0.9659258262890672020 ) ) ;
#2039 = ORIENTED_EDGE ( 'NONE', *, *, #5182, .T. ) ;
#2040 = DIRECTION ( 'NONE',  ( -1.000000000000000000, -0.000000000000000000, -0.000000000000000000 ) ) ;
#2041 = ADVANCED_FACE ( 'NONE', ( #1137 ), #4878, .F. ) ;
#2042 = DIRECTION ( 'NONE',  ( 0.000000000000000000, 0.000000000000000000, -1.000000000000000000 ) ) ;
#2043 = PLANE ( 'NONE',  #1816 ) ;
#2044 = DIRECTION ( 'NONE',  ( 0.000000000000000000, 0.000000000000000000, 1.000000000000000000 ) ) ;
#2045 = LINE ( 'NONE', #1182, #1251 ) ;
#2046 = EDGE_CURVE ( 'NONE', #104, #2997, #397, .T. ) ;
#2047 =( LENGTH_UNIT ( ) NAMED_UNIT ( * ) SI_UNIT ( .MILLI., .METRE. ) );
#2048 = CARTESIAN_POINT ( 'NONE',  ( 83.79999999999999716, 0.9788414406843638504, 10.95636205288427334 ) ) ;
#2049 = ORIENTED_EDGE ( 'NONE', *, *, #2787, .T. ) ;
#2050 = CARTESIAN_POINT ( 'NONE',  ( 5.399999999999998579, -21.00784760410558150, 5.629035800236202647 ) ) ;
#2051 = VERTEX_POINT ( 'NONE', #2825 ) ;
#2052 = EDGE_LOOP ( 'NONE', ( #473, #4505, #2962, #2868 ) ) ;
#2053 = FACE_OUTER_BOUND ( 'NONE', #144, .T. ) ;
#2054 = CYLINDRICAL_SURFACE ( 'NONE', #2602, 1.249999999999988898 ) ;
#2055 = UNCERTAINTY_MEASURE_WITH_UNIT (LENGTH_MEASURE( 1.000000000000000082E-05 ), #1357, 'distance_accuracy_value', 'NONE');
#2056 = CARTESIAN_POINT ( 'NONE',  ( 6.167943080898840691, -26.46635652257837634, -14.12604845931447883 ) ) ;
#2057 = CYLINDRICAL_SURFACE ( 'NONE', #2595, 13.99999999999999822 ) ;
#2058 = EDGE_LOOP ( 'NONE', ( #3020, #2934, #873, #4886 ) ) ;
#2059 = CIRCLE ( 'NONE', #5216, 9.999999999999314326 ) ;
#2060 = AXIS2_PLACEMENT_3D ( 'NONE', #3349, #4185, #2042 ) ;
#2061 = DIRECTION ( 'NONE',  ( -1.000000000000000000, 0.000000000000000000, -0.000000000000000000 ) ) ;
#2062 = CARTESIAN_POINT ( 'NONE',  ( 17.83479994660072165, -6.550421062991287791, -29.27613334949682056 ) ) ;
#2063 = CYLINDRICAL_SURFACE ( 'NONE', #1557, 1.249999999999988898 ) ;
#2064 = ORIENTED_EDGE ( 'NONE', *, *, #3726, .F. ) ;
#2065 = ADVANCED_FACE ( 'NONE', ( #2800 ), #4465, .F. ) ;
#2066 = DIRECTION ( 'NONE',  ( -1.000000000000000000, -0.000000000000000000, -0.000000000000000000 ) ) ;
#2067 = CARTESIAN_POINT ( 'NONE',  ( 4.770198875233971236, -28.67596758313043281, 8.814353391658698911 ) ) ;
#2068 = MECHANICAL_DESIGN_GEOMETRIC_PRESENTATION_REPRESENTATION (  '', ( #1377 ), #1017 ) ;
#2069 = LINE ( 'NONE', #1338, #1974 ) ;
#2070 = AXIS2_PLACEMENT_3D ( 'NONE', #4556, #1171, #312 ) ;
#2071 = DIRECTION ( 'NONE',  ( -0.000000000000000000, 0.4999999999999921174, -0.8660254037844431485 ) ) ;
#2072 = DIRECTION ( 'NONE',  ( 0.000000000000000000, 0.000000000000000000, 1.000000000000000000 ) ) ;
#2073 = COLOUR_RGB ( '',1.000000000000000000, 1.000000000000000000, 1.000000000000000000 ) ;
#2074 = EDGE_LOOP ( 'NONE', ( #656, #3673 ) ) ;
#2075 = EDGE_CURVE ( 'NONE', #2563, #763, #1603, .T. ) ;
#2076 = CARTESIAN_POINT ( 'NONE',  ( 17.99999999999937117, 26.58319957162228064, 13.90444175561540341 ) ) ;
#2077 = EDGE_LOOP ( 'NONE', ( #1402, #2712, #2259 ) ) ;
#2078 = CONICAL_SURFACE ( 'NONE', #3299, 1.249999999999997558, 1.029744258676652979 ) ;
#2079 = ORIENTED_EDGE ( 'NONE', *, *, #3365, .T. ) ;
#2080 = CARTESIAN_POINT ( 'NONE',  ( 5.400000000000000355, 16.06950526508255095, -25.33319957161913649 ) ) ;
#2081 = AXIS2_PLACEMENT_3D ( 'NONE', #673, #2286, #5311 ) ;
#2082 = SURFACE_SIDE_STYLE ('',( #4227 ) ) ;
#2083 = CIRCLE ( 'NONE', #4709, 1.249999999999986233 ) ;
#2084 = FACE_OUTER_BOUND ( 'NONE', #1300, .T. ) ;
#2085 = CARTESIAN_POINT ( 'NONE',  ( 2.000000000000000000, 2.828099884462937892E-13, -27.00000000000000000 ) ) ;
#2086 = ORIENTED_EDGE ( 'NONE', *, *, #5427, .T. ) ;
#2087 = DIRECTION ( 'NONE',  ( 0.000000000000000000, -0.4999999999999943934, 0.8660254037844418162 ) ) ;
#2088 = FILL_AREA_STYLE_COLOUR ( '', #4547 ) ;
#2089 = VECTOR ( 'NONE', #5021, 1000.000000000000000 ) ;
#2090 = FACE_OUTER_BOUND ( 'NONE', #446, .T. ) ;
#2091 = ORIENTED_EDGE ( 'NONE', *, *, #280, .T. ) ;
#2092 = PRESENTATION_STYLE_ASSIGNMENT (( #5446 ) ) ;
#2093 = AXIS2_PLACEMENT_3D ( 'NONE', #5085, #1698, #554 ) ;
#2094 = SHAPE_DEFINITION_REPRESENTATION ( #921, #2656 ) ;
#2095 = ADVANCED_FACE ( 'NONE', ( #4961 ), #1218, .F. ) ;
#2096 = CIRCLE ( 'NONE', #1592, 30.00000000000000000 ) ;
#2097 = PRESENTATION_STYLE_ASSIGNMENT (( #838 ) ) ;
#2098 = EDGE_LOOP ( 'NONE', ( #2900, #867, #78, #438, #2843, #4839 ) ) ;
#2099 = DIRECTION ( 'NONE',  ( 0.000000000000000000, 0.000000000000000000, 1.000000000000000000 ) ) ;
#2100 = ORIENTED_EDGE ( 'NONE', *, *, #1621, .F. ) ;
#2101 = VECTOR ( 'NONE', #3974, 1000.000000000000000 ) ;
#2102 = EDGE_CURVE ( 'NONE', #2884, #1479, #223, .T. ) ;
#2103 = ORIENTED_EDGE ( 'NONE', *, *, #2415, .T. ) ;
#2104 = AXIS2_PLACEMENT_3D ( 'NONE', #3967, #1083, #1015 ) ;
#2105 = DIRECTION ( 'NONE',  ( 0.000000000000000000, 0.000000000000000000, -1.000000000000000000 ) ) ;
#2106 = CARTESIAN_POINT ( 'NONE',  ( 18.00000000000000355, 11.24999999999981881, -19.48557158514998022 ) ) ;
#2107 = CARTESIAN_POINT ( 'NONE',  ( 5.400000000000000355, -11.24999999999995737, 19.48557158514990206 ) ) ;
#2108 = EDGE_CURVE ( 'NONE', #2897, #763, #3309, .T. ) ;
#2109 = AXIS2_PLACEMENT_3D ( 'NONE', #1541, #1132, #3961 ) ;
#2110 = SURFACE_SIDE_STYLE ('',( #2523 ) ) ;
#2111 = FACE_BOUND ( 'NONE', #417, .T. ) ;
#2112 = DIRECTION ( 'NONE',  ( -1.000000000000000000, 0.000000000000000000, 0.000000000000000000 ) ) ;
#2113 = VERTEX_POINT ( 'NONE', #3104 ) ;
#2114 = DIRECTION ( 'NONE',  ( -1.000000000000000000, -0.000000000000000000, -0.000000000000000000 ) ) ;
#2115 = CARTESIAN_POINT ( 'NONE',  ( 6.398580922182547148, 26.35708286083606922, 14.32890280943203898 ) ) ;
#2116 = CARTESIAN_POINT ( 'NONE',  ( 5.400000000000000355, -8.971978635937265523, -28.65425098229379941 ) ) ;
#2117 = SURFACE_STYLE_USAGE ( .BOTH. , #2585 ) ;
#2118 = ORIENTED_EDGE ( 'NONE', *, *, #3842, .T. ) ;
#2119 = CARTESIAN_POINT ( 'NONE',  ( 6.000000000000000000, -19.09188309203661404, -19.09188309203694800 ) ) ;
#2120 = DIRECTION ( 'NONE',  ( -0.5150380749100550437, 0.000000000000000000, 0.8571673007021117785 ) ) ;
#2121 = FACE_OUTER_BOUND ( 'NONE', #5430, .T. ) ;
#2122 = DIRECTION ( 'NONE',  ( 0.000000000000000000, 0.2588190451025206840, 0.9659258262890683122 ) ) ;
#2123 = FILL_AREA_STYLE_COLOUR ( '', #3108 ) ;
#2124 = VERTEX_POINT ( 'NONE', #1448 ) ;
#2125 = PRESENTATION_STYLE_ASSIGNMENT (( #5166 ) ) ;
#2126 = ORIENTED_EDGE ( 'NONE', *, *, #5119, .F. ) ;
#2127 = EDGE_CURVE ( 'NONE', #3423, #1670, #3825, .T. ) ;
#2128 = ORIENTED_EDGE ( 'NONE', *, *, #1337, .F. ) ;
#2129 = ORIENTED_EDGE ( 'NONE', *, *, #2930, .F. ) ;
#2130 = CARTESIAN_POINT ( 'NONE',  ( 18.00000000000000355, -6.550421062991286902, -29.27613334949682411 ) ) ;
#2131 = ADVANCED_FACE ( 'NONE', ( #3797 ), #3362, .T. ) ;
#2132 = CARTESIAN_POINT ( 'NONE',  ( 83.79999999999999716, 2.763346537414359538, 28.90266278238160425 ) ) ;
#2133 = DIRECTION ( 'NONE',  ( -0.000000000000000000, 0.8660254037844414832, 0.4999999999999950595 ) ) ;
#2134 = CARTESIAN_POINT ( 'NONE',  ( 18.00000000000000355, -16.06950526508272858, 25.33319957161902991 ) ) ;
#2135 = DIRECTION ( 'NONE',  ( 0.000000000000000000, 0.9659258262890653146, -0.2588190451025315642 ) ) ;
#2136 = ORIENTED_EDGE ( 'NONE', *, *, #3545, .T. ) ;
#2137 = EDGE_CURVE ( 'NONE', #4823, #421, #5055, .T. ) ;
#2138 =( LENGTH_UNIT ( ) NAMED_UNIT ( * ) SI_UNIT ( .MILLI., .METRE. ) );
#2139 = SURFACE_STYLE_USAGE ( .BOTH. , #459 ) ;
#2140 =( NAMED_UNIT ( * ) PLANE_ANGLE_UNIT ( ) SI_UNIT ( $, .RADIAN. ) );
#2141 = SURFACE_STYLE_USAGE ( .BOTH. , #1798 ) ;
#2142 = ORIENTED_EDGE ( 'NONE', *, *, #5329, .F. ) ;
#2143 = DIRECTION ( 'NONE',  ( 0.000000000000000000, 0.000000000000000000, 1.000000000000000000 ) ) ;
#2144 = CARTESIAN_POINT ( 'NONE',  ( 83.79999999999999716, 7.108577143973916545E-14, 9.999999999999348077 ) ) ;
#2145 = PRODUCT_CONTEXT ( 'NONE', #4038, 'mechanical' ) ;
#2146 = CARTESIAN_POINT ( 'NONE',  ( 5.400000000000000355, -16.06950526508273214, 25.33319957161902991 ) ) ;
#2147 = CARTESIAN_POINT ( 'NONE',  ( 5.565162518034412642, -6.550421062991286014, -29.27613334949682056 ) ) ;
#2148 = EDGE_LOOP ( 'NONE', ( #929, #3360 ) ) ;
#2149 = DIRECTION ( 'NONE',  ( 0.000000000000000000, 0.4999999999999890643, -0.8660254037844449249 ) ) ;
#2150 = AXIS2_PLACEMENT_3D ( 'NONE', #2706, #620, #1478 ) ;
#2151 = ORIENTED_EDGE ( 'NONE', *, *, #1185, .T. ) ;
#2152 = STYLED_ITEM ( 'NONE', ( #4417 ), #139 ) ;
#2153 = ORIENTED_EDGE ( 'NONE', *, *, #178, .T. ) ;
#2154 = DIRECTION ( 'NONE',  ( -0.000000000000000000, 0.9659258262890682012, -0.2588190451025211836 ) ) ;
#2155 = ORIENTED_EDGE ( 'NONE', *, *, #252, .F. ) ;
#2156 = DIRECTION ( 'NONE',  ( 0.000000000000000000, 0.000000000000000000, 1.000000000000000000 ) ) ;
#2157 = DIRECTION ( 'NONE',  ( -1.000000000000000000, -0.000000000000000000, 0.000000000000000000 ) ) ;
#2158 = CONICAL_SURFACE ( 'NONE', #1214, 1.249999999999986899, 1.029744258676642543 ) ;
#2159 = EDGE_CURVE ( 'NONE', #10, #210, #2610, .T. ) ;
#2160 = VECTOR ( 'NONE', #3590, 1000.000000000000000 ) ;
#2161 = SURFACE_STYLE_FILL_AREA ( #2578 ) ;
#2162 = DIRECTION ( 'NONE',  ( 0.000000000000000000, 0.000000000000000000, 1.000000000000000000 ) ) ;
#2163 = FACE_OUTER_BOUND ( 'NONE', #1488, .T. ) ;
#2164 = ORIENTED_EDGE ( 'NONE', *, *, #773, .F. ) ;
#2165 = CARTESIAN_POINT ( 'NONE',  ( 72.00000000000000000, 0.000000000000000000, 30.00000000000000000 ) ) ;
#2166 = COLOUR_RGB ( '',0.6980392156862744724, 0.6980392156862744724, 0.6980392156862744724 ) ;
#2167 = EDGE_CURVE ( 'NONE', #3822, #2866, #3488, .T. ) ;
#2168 = FILL_AREA_STYLE_COLOUR ( '', #4073 ) ;
#2169 = COLOUR_RGB ( '',1.000000000000000000, 1.000000000000000000, 1.000000000000000000 ) ;
#2170 = CARTESIAN_POINT ( 'NONE',  ( 83.79999999999999716, -19.81969897660377811, 12.62654079614884850 ) ) ;
#2171 = SURFACE_STYLE_FILL_AREA ( #464 ) ;
#2172 = CARTESIAN_POINT ( 'NONE',  ( 18.62842449204816120, 8.814944832306673916, 28.67578471782876548 ) ) ;
#2173 = EDGE_CURVE ( 'NONE', #1012, #1534, #4777, .T. ) ;
#2174 = CARTESIAN_POINT ( 'NONE',  ( 18.00000000000000355, 11.24999999999981881, -19.48557158514998022 ) ) ;
#2175 = CARTESIAN_POINT ( 'NONE',  ( 16.74994205371400113, -26.06208114175179702, -14.85915614036005117 ) ) ;
#2176 = DIRECTION ( 'NONE',  ( -1.000000000000000000, -0.000000000000000000, -0.000000000000000000 ) ) ;
#2177 = ORIENTED_EDGE ( 'NONE', *, *, #2770, .T. ) ;
#2178 = CARTESIAN_POINT ( 'NONE',  ( 5.400000000000000355, -26.60576211353333065, -13.91746824526912008 ) ) ;
#2179 = AXIS2_PLACEMENT_3D ( 'NONE', #5411, #779, #1660 ) ;
#2180 = EDGE_LOOP ( 'NONE', ( #2410, #1657, #5363, #957 ) ) ;
#2181 = VECTOR ( 'NONE', #1040, 1000.000000000000000 ) ;
#2182 = ORIENTED_EDGE ( 'NONE', *, *, #561, .F. ) ;
#2183 = CYLINDRICAL_SURFACE ( 'NONE', #1649, 1.249999999999997558 ) ;
#2184 = VERTEX_POINT ( 'NONE', #1035 ) ;
#2185 = FILL_AREA_STYLE ('',( #3364 ) ) ;
#2186 = CIRCLE ( 'NONE', #2893, 1.249999999999997558 ) ;
#2187 = CARTESIAN_POINT ( 'NONE',  ( 14.90000000000000036, 0.000000000000000000, 0.000000000000000000 ) ) ;
#2188 = DIRECTION ( 'NONE',  ( -1.000000000000000000, 0.000000000000000000, 0.000000000000000000 ) ) ;
#2189 = ORIENTED_EDGE ( 'NONE', *, *, #1954, .T. ) ;
#2190 = CARTESIAN_POINT ( 'NONE',  ( 5.399999999999369749, 26.58319957162228064, 13.90444175561540341 ) ) ;
#2191 = CARTESIAN_POINT ( 'NONE',  ( 6.394895235514096221, 25.59189206774592051, 15.65438196607701826 ) ) ;
#2192 = EDGE_CURVE ( 'NONE', #3423, #5043, #3924, .T. ) ;
#2193 = VECTOR ( 'NONE', #3848, 1000.000000000000227 ) ;
#2194 = PRESENTATION_STYLE_ASSIGNMENT (( #4688 ) ) ;
#2195 = CIRCLE ( 'NONE', #624, 1.249999999999997558 ) ;
#2196 = DIRECTION ( 'NONE',  ( -1.000000000000000000, -0.000000000000000000, -0.000000000000000000 ) ) ;
#2197 = CARTESIAN_POINT ( 'NONE',  ( 0.000000000000000000, 19.09188309203701550, -17.84188309203655010 ) ) ;
#2198 = ORIENTED_EDGE ( 'NONE', *, *, #419, .F. ) ;
#2199 = DIRECTION ( 'NONE',  ( 0.000000000000000000, 0.000000000000000000, -1.000000000000000000 ) ) ;
#2200 = PRESENTATION_STYLE_ASSIGNMENT (( #4692 ) ) ;
#2201 = EDGE_CURVE ( 'NONE', #5199, #4793, #1320, .T. ) ;
#2202 = CARTESIAN_POINT ( 'NONE',  ( 18.32923724168478685, -16.04147149396723293, 25.35103745371660011 ) ) ;
#2203 = CARTESIAN_POINT ( 'NONE',  ( 17.83479994660072521, -25.33319957161919689, -16.06950526508246568 ) ) ;
#2204 = CARTESIAN_POINT ( 'NONE',  ( 6.617170022213133329, 8.081322561085086065, 28.89143605349321930 ) ) ;
#2205 = EDGE_LOOP ( 'NONE', ( #4407, #302, #2739, #3730 ) ) ;
#2206 = CYLINDRICAL_SURFACE ( 'NONE', #4563, 1.249999999999997558 ) ;
#2207 = VERTEX_POINT ( 'NONE', #4151 ) ;
#2208 = ADVANCED_FACE ( 'NONE', ( #1266 ), #4623, .F. ) ;
#2209 = LINE ( 'NONE', #1809, #5441 ) ;
#2210 = EDGE_LOOP ( 'NONE', ( #2151, #4221 ) ) ;
#2211 = CARTESIAN_POINT ( 'NONE',  ( 17.23125683152128218, 6.795298926850956711, 29.22049328400325763 ) ) ;
#2212 = EDGE_LOOP ( 'NONE', ( #2049, #3474 ) ) ;
#2213 = VERTEX_POINT ( 'NONE', #450 ) ;
#2214 = UNCERTAINTY_MEASURE_WITH_UNIT (LENGTH_MEASURE( 1.000000000000000082E-05 ), #2414, 'distance_accuracy_value', 'NONE');
#2215 = CARTESIAN_POINT ( 'NONE',  ( 83.79999999999999716, -29.97172216770186992, -1.302255851766537464 ) ) ;
#2216 = SURFACE_SIDE_STYLE ('',( #2161 ) ) ;
#2217 = CARTESIAN_POINT ( 'NONE',  ( 5.400000000000000355, -19.48557158515001930, -11.24999999999974953 ) ) ;
#2218 = VERTEX_POINT ( 'NONE', #2130 ) ;
#2219 = CARTESIAN_POINT ( 'NONE',  ( 2.000000000000000000, -9.426999614876460059E-14, 27.00000000000000000 ) ) ;
#2220 = CARTESIAN_POINT ( 'NONE',  ( 19.09161793938559271, 28.80852887080675728, -8.372067598227122431 ) ) ;
#2221 = B_SPLINE_CURVE_WITH_KNOTS ( 'NONE', 3,
 ( #4301, #1311, #2231, #4752, #3456, #1422, #1001, #3047, #3896, #4726, #3076, #5111, #5057, #120, #2648, #3434, #579, #2669, #2147, #3870 ),
 .UNSPECIFIED., .F., .F.,
 ( 4, 2, 2, 2, 2, 2, 2, 2, 2, 4 ),
 ( 0.003908493778160054485, 0.004396944493550048773, 0.004885395208940043060, 0.005373845924330038215, 0.005862296639720032503, 0.006350747355110029392, 0.006594972712805029572, 0.006839198070500030618, 0.007327648785890032712, 0.007816099501280034806 ),
 .UNSPECIFIED. ) ;
#2222 =( LENGTH_UNIT ( ) NAMED_UNIT ( * ) SI_UNIT ( .MILLI., .METRE. ) );
#2223 = CARTESIAN_POINT ( 'NONE',  ( 18.62842449204816475, -28.67578471782880456, 8.814944832306574440 ) ) ;
#2224 = LINE ( 'NONE', #1334, #3287 ) ;
#2225 = ORIENTED_EDGE ( 'NONE', *, *, #1179, .F. ) ;
#2226 = CARTESIAN_POINT ( 'NONE',  ( 19.12377164955425002, 7.228632440432458672, 29.11619170381107224 ) ) ;
#2227 = CARTESIAN_POINT ( 'NONE',  ( 6.000000000000000000, -19.09188309203661404, -19.09188309203694800 ) ) ;
#2228 = EDGE_CURVE ( 'NONE', #182, #3627, #1476, .T. ) ;
#2229 = DIRECTION ( 'NONE',  ( -0.000000000000000000, 0.4999999999999921174, -0.8660254037844431485 ) ) ;
#2230 = DIRECTION ( 'NONE',  ( 0.000000000000000000, 0.000000000000000000, -1.000000000000000000 ) ) ;
#2231 = CARTESIAN_POINT ( 'NONE',  ( 5.727557703518106891, -8.933972823511828310, -28.63892475580438202 ) ) ;
#2232 = VERTEX_POINT ( 'NONE', #4395 ) ;
#2233 = DIRECTION ( 'NONE',  ( 1.000000000000000000, -0.000000000000000000, -0.000000000000000000 ) ) ;
#2234 = ADVANCED_FACE ( 'NONE', ( #646 ), #1919, .F. ) ;
#2235 =( GEOMETRIC_REPRESENTATION_CONTEXT ( 3 ) GLOBAL_UNCERTAINTY_ASSIGNED_CONTEXT ( ( #4466 ) ) GLOBAL_UNIT_ASSIGNED_CONTEXT ( ( #2916, #5422, #1259 ) ) REPRESENTATION_CONTEXT ( 'NONE', 'WORKASPACE' ) );
#2236 = STYLED_ITEM ( 'NONE', ( #993 ), #286 ) ;
#2237 = ORIENTED_EDGE ( 'NONE', *, *, #2003, .T. ) ;
#2238 = DIRECTION ( 'NONE',  ( 0.000000000000000000, -0.8660254037844399289, -0.4999999999999976130 ) ) ;
#2239 = AXIS2_PLACEMENT_3D ( 'NONE', #5444, #295, #4921 ) ;
#2240 = ADVANCED_FACE ( 'NONE', ( #3167 ), #2313, .F. ) ;
#2241 =( NAMED_UNIT ( * ) SI_UNIT ( $, .STERADIAN. ) SOLID_ANGLE_UNIT ( ) );
#2242 = PRESENTATION_LAYER_ASSIGNMENT (  '', '', ( #4693 ) ) ;
#2243 = FACE_OUTER_BOUND ( 'NONE', #3023, .T. ) ;
#2244 = MECHANICAL_DESIGN_GEOMETRIC_PRESENTATION_REPRESENTATION (  '', ( #4526 ), #3904 ) ;
#2245 = VERTEX_POINT ( 'NONE', #211 ) ;
#2246 = CARTESIAN_POINT ( 'NONE',  ( 6.000000000000000000, -9.426999614876460059E-14, 28.24999999999999645 ) ) ;
#2247 = CARTESIAN_POINT ( 'NONE',  ( 17.67536878276450096, -28.64106686839575389, 8.926900041063198898 ) ) ;
#2248 = STYLED_ITEM ( 'NONE', ( #2469 ), #2065 ) ;
#2249 = CARTESIAN_POINT ( 'NONE',  ( 83.79999999999999716, 0.9788414406843638504, 10.95636205288427334 ) ) ;
#2250 = DIRECTION ( 'NONE',  ( 0.000000000000000000, 1.000000000000000000, 1.051347561198065126E-14 ) ) ;
#2251 = CARTESIAN_POINT ( 'NONE',  ( 18.00000000000000355, -4.616021231945642178, -22.05685489788213616 ) ) ;
#2252 = ORIENTED_EDGE ( 'NONE', *, *, #2545, .T. ) ;
#2253 = FACE_OUTER_BOUND ( 'NONE', #1584, .T. ) ;
#2254 = PRESENTATION_LAYER_ASSIGNMENT (  '', '', ( #4614 ) ) ;
#2255 = CARTESIAN_POINT ( 'NONE',  ( 18.62842449204816830, -26.50994909653178411, -14.04373456311270019 ) ) ;
#2256 = CARTESIAN_POINT ( 'NONE',  ( 18.00000000000000355, -16.06950526508272858, 25.33319957161902991 ) ) ;
#2257 = PRESENTATION_STYLE_ASSIGNMENT (( #3952 ) ) ;
#2258 = CARTESIAN_POINT ( 'NONE',  ( 2.000000000000000000, 27.00000000000000000, 1.649999999999999689 ) ) ;
#2259 = ORIENTED_EDGE ( 'NONE', *, *, #304, .T. ) ;
#2260 = CARTESIAN_POINT ( 'NONE',  ( 2.500000000000000000, 3.673940397442059178E-15, -30.00000000000000000 ) ) ;
#2261 = ORIENTED_EDGE ( 'NONE', *, *, #576, .F. ) ;
#2262 = AXIS2_PLACEMENT_3D ( 'NONE', #2227, #2645, #3014 ) ;
#2263 = CARTESIAN_POINT ( 'NONE',  ( 4.631256831521278094, 29.22049328400327894, -6.795298926850855459 ) ) ;
#2264 = EDGE_CURVE ( 'NONE', #879, #3466, #298, .T. ) ;
#2265 = PRESENTATION_STYLE_ASSIGNMENT (( #587 ) ) ;
#2266 = ORIENTED_EDGE ( 'NONE', *, *, #2075, .T. ) ;
#2267 = SURFACE_STYLE_FILL_AREA ( #3085 ) ;
#2268 = AXIS2_PLACEMENT_3D ( 'NONE', #1578, #3669, #5358 ) ;
#2269 = VERTEX_POINT ( 'NONE', #184 ) ;
#2270 = CARTESIAN_POINT ( 'NONE',  ( 6.491617939385587732, -14.45076034929727804, 26.29065189181449114 ) ) ;
#2271 = LINE ( 'NONE', #3939, #4339 ) ;
#2272 = ORIENTED_EDGE ( 'NONE', *, *, #2108, .T. ) ;
#2273 = LINE ( 'NONE', #2246, #3158 ) ;
#2274 = EDGE_CURVE ( 'NONE', #4735, #5199, #4090, .T. ) ;
#2275 = VECTOR ( 'NONE', #1774, 1000.000000000000000 ) ;
#2276 = CARTESIAN_POINT ( 'NONE',  ( 5.399999999999369749, 8.965235628720353844, 28.62908573673849233 ) ) ;
#2277 = DIRECTION ( 'NONE',  ( -0.5150380749100550437, 1.049727191138617956E-16, -0.8571673007021117785 ) ) ;
#2278 = VERTEX_POINT ( 'NONE', #1564 ) ;
#2279 = CARTESIAN_POINT ( 'NONE',  ( 18.76922271609829096, 25.46720075650674175, 15.85670286622827696 ) ) ;
#2280 = MECHANICAL_DESIGN_GEOMETRIC_PRESENTATION_REPRESENTATION (  '', ( #3247 ), #1330 ) ;
#2281 = CARTESIAN_POINT ( 'NONE',  ( 19.12377164955425002, -25.69967161342729511, -15.47684157875722732 ) ) ;
#2282 = AXIS2_PLACEMENT_3D ( 'NONE', #2119, #1360, #523 ) ;
#2283 = CARTESIAN_POINT ( 'NONE',  ( 72.00000000000000000, 0.8898558551679656148, 9.960329138989692410 ) ) ;
#2284 = FILL_AREA_STYLE_COLOUR ( '', #146 ) ;
#2285 = SURFACE_STYLE_FILL_AREA ( #240 ) ;
#2286 = DIRECTION ( 'NONE',  ( 1.000000000000000000, 0.000000000000000000, 0.000000000000000000 ) ) ;
#2287 = ORIENTED_EDGE ( 'NONE', *, *, #5022, .F. ) ;
#2288 = DIRECTION ( 'NONE',  ( 1.049727191138612656E-16, -0.8746197071393942979, 0.4848096202463397231 ) ) ;
#2289 = LINE ( 'NONE', #3140, #3840 ) ;
#2290 = DIRECTION ( 'NONE',  ( 0.000000000000000000, 0.000000000000000000, 1.000000000000000000 ) ) ;
#2291 = VERTEX_POINT ( 'NONE', #1096 ) ;
#2292 = EDGE_CURVE ( 'NONE', #313, #2306, #1508, .T. ) ;
#2293 = DIRECTION ( 'NONE',  ( 0.000000000000000000, -0.4999999999999943934, 0.8660254037844418162 ) ) ;
#2294 = SURFACE_STYLE_USAGE ( .BOTH. , #3114 ) ;
#2295 = EDGE_LOOP ( 'NONE', ( #4313, #1236, #2546 ) ) ;
#2296 = EDGE_CURVE ( 'NONE', #2643, #5150, #584, .T. ) ;
#2297 = CARTESIAN_POINT ( 'NONE',  ( 6.169222716098288650, -15.85670286622836400, 25.46720075650667781 ) ) ;
#2298 =( NAMED_UNIT ( * ) SI_UNIT ( $, .STERADIAN. ) SOLID_ANGLE_UNIT ( ) );
#2299 = ORIENTED_EDGE ( 'NONE', *, *, #1855, .F. ) ;
#2300 = CARTESIAN_POINT ( 'NONE',  ( 18.76794308089884566, -8.725915513464880036, -28.70316482736705055 ) ) ;
#2301 = CARTESIAN_POINT ( 'NONE',  ( 17.83479994660072165, -29.27613334949688806, 6.550421062990980481 ) ) ;
#2302 = EDGE_CURVE ( 'NONE', #2376, #3040, #4422, .T. ) ;
#2303 = CARTESIAN_POINT ( 'NONE',  ( 2.000000000000000000, 19.09188309203674905, 19.09188309203681655 ) ) ;
#2304 = CARTESIAN_POINT ( 'NONE',  ( 4.182872685609155816, 7.447333902026032959, 29.06131196934028083 ) ) ;
#2305 = DIRECTION ( 'NONE',  ( 0.000000000000000000, 0.8660254037844433705, 0.4999999999999917288 ) ) ;
#2306 = VERTEX_POINT ( 'NONE', #4066 ) ;
#2307 = FACE_BOUND ( 'NONE', #1262, .T. ) ;
#2308 = SURFACE_STYLE_FILL_AREA ( #5306 ) ;
#2309 = EDGE_CURVE ( 'NONE', #51, #4650, #1572, .T. ) ;
#2310 = CARTESIAN_POINT ( 'NONE',  ( 2.000000000000000000, -19.09188309203688050, 20.34188309203667799 ) ) ;
#2311 = DIRECTION ( 'NONE',  ( 1.000000000000000000, 0.000000000000000000, 0.000000000000000000 ) ) ;
#2312 = CARTESIAN_POINT ( 'NONE',  ( 6.169222716098293091, -29.22041247673530862, 6.795648228794758161 ) ) ;
#2313 = CYLINDRICAL_SURFACE ( 'NONE', #1038, 1.249999999999987788 ) ;
#2314 = ORIENTED_EDGE ( 'NONE', *, *, #625, .F. ) ;
#2315 = CARTESIAN_POINT ( 'NONE',  ( 18.00000000000000355, 7.030835797668129494, 21.40980728512586850 ) ) ;
#2316 = FACE_BOUND ( 'NONE', #3549, .T. ) ;
#2317 = CYLINDRICAL_SURFACE ( 'NONE', #2768, 30.00000000000000000 ) ;
#2318 = ORIENTED_EDGE ( 'NONE', *, *, #3707, .T. ) ;
#2319 = CARTESIAN_POINT ( 'NONE',  ( 6.485416689749774477, 29.13339924114537283, -7.158886994709736662 ) ) ;
#2320 = VERTEX_POINT ( 'NONE', #1915 ) ;
#2321 = DIRECTION ( 'NONE',  ( -0.000000000000000000, -0.8660254037844450359, -0.4999999999999893419 ) ) ;
#2322 = DIRECTION ( 'NONE',  ( -1.000000000000000000, -0.000000000000000000, -0.000000000000000000 ) ) ;
#2323 = VERTEX_POINT ( 'NONE', #2345 ) ;
#2324 = CARTESIAN_POINT ( 'NONE',  ( 19.24986269076498147, -7.924837142476185647, -28.93482577678901890 ) ) ;
#2325 = COLOUR_RGB ( '',1.000000000000000000, 1.000000000000000000, 1.000000000000000000 ) ;
#2326 = CONICAL_SURFACE ( 'NONE', #1205, 1.249999999999987121, 1.029744258676643875 ) ;
#2327 = CARTESIAN_POINT ( 'NONE',  ( 17.00065676438294915, -29.16735466947666922, 7.019881541073100806 ) ) ;
#2328 = ADVANCED_FACE ( 'NONE', ( #4013 ), #2601, .F. ) ;
#2329 = CIRCLE ( 'NONE', #5320, 1.249999999999997558 ) ;
#2330 = VECTOR ( 'NONE', #3970, 1000.000000000000000 ) ;
#2331 = CARTESIAN_POINT ( 'NONE',  ( 17.67269594614331396, 16.04203427539573568, -25.35068205729330870 ) ) ;
#2332 = CARTESIAN_POINT ( 'NONE',  ( 19.21717002221313564, -28.89143605349326549, 8.081322561084979483 ) ) ;
#2333 = FILL_AREA_STYLE ('',( #4316 ) ) ;
#2334 = VERTEX_POINT ( 'NONE', #2132 ) ;
#2335 = CARTESIAN_POINT ( 'NONE',  ( 2.000000000000000000, 19.09188309203674905, 20.74188309203681513 ) ) ;
#2336 = LINE ( 'NONE', #1906, #3402 ) ;
#2337 = CONICAL_SURFACE ( 'NONE', #3651, 1.249999999999997558, 1.029744258676652979 ) ;
#2338 = AXIS2_PLACEMENT_3D ( 'NONE', #3110, #3877, #159 ) ;
#2339 = ADVANCED_FACE ( 'NONE', ( #394 ), #1288, .F. ) ;
#2340 = VECTOR ( 'NONE', #3285, 1000.000000000000227 ) ;
#2341 = CARTESIAN_POINT ( 'NONE',  ( 20.51000000000000156, 0.000000000000000000, 0.000000000000000000 ) ) ;
#2342 = CARTESIAN_POINT ( 'NONE',  ( 72.00000000000000000, 1.977889662261882897, 10.91274266551904759 ) ) ;
#2343 = ORIENTED_EDGE ( 'NONE', *, *, #215, .T. ) ;
#2344 = CARTESIAN_POINT ( 'NONE',  ( 72.00000000000000000, 3.673940397442059178E-15, -30.00000000000000000 ) ) ;
#2345 = CARTESIAN_POINT ( 'NONE',  ( 2.000000000000000000, 19.09188309203674905, 20.74188309203681513 ) ) ;
#2346 = EDGE_LOOP ( 'NONE', ( #382, #4448 ) ) ;
#2347 = DIRECTION ( 'NONE',  ( 0.000000000000000000, 0.000000000000000000, 1.000000000000000000 ) ) ;
#2348 = EDGE_CURVE ( 'NONE', #1534, #5318, #5036, .T. ) ;
#2349 = FACE_BOUND ( 'NONE', #4654, .T. ) ;
#2350 = SURFACE_STYLE_USAGE ( .BOTH. , #4019 ) ;
#2351 = ORIENTED_EDGE ( 'NONE', *, *, #874, .T. ) ;
#2352 = CARTESIAN_POINT ( 'NONE',  ( 5.400000000000000355, 29.27613334949689161, -6.550421062990979593 ) ) ;
#2353 =( GEOMETRIC_REPRESENTATION_CONTEXT ( 3 ) GLOBAL_UNCERTAINTY_ASSIGNED_CONTEXT ( ( #4909 ) ) GLOBAL_UNIT_ASSIGNED_CONTEXT ( ( #2430, #323, #1181 ) ) REPRESENTATION_CONTEXT ( 'NONE', 'WORKASPACE' ) );
#2354 = CARTESIAN_POINT ( 'NONE',  ( 0.000000000000000000, 2.828099884462937892E-13, -25.75000000000000355 ) ) ;
#2355 = PRESENTATION_LAYER_ASSIGNMENT (  '', '', ( #781 ) ) ;
#2356 = ORIENTED_EDGE ( 'NONE', *, *, #3000, .F. ) ;
#2357 = DIRECTION ( 'NONE',  ( 0.000000000000000000, -0.01745240643730533447, -0.9998476951563909365 ) ) ;
#2358 = DIRECTION ( 'NONE',  ( -1.000000000000000000, 0.000000000000000000, 0.000000000000000000 ) ) ;
#2359 = SURFACE_STYLE_USAGE ( .BOTH. , #2774 ) ;
#2360 = STYLED_ITEM ( 'NONE', ( #486 ), #3074 ) ;
#2361 = LINE ( 'NONE', #1410, #1229 ) ;
#2362 = CIRCLE ( 'NONE', #1667, 29.99999999999566214 ) ;
#2363 = CARTESIAN_POINT ( 'NONE',  ( 6.000000000000000000, 19.09188309203701550, -19.09188309203655010 ) ) ;
#2364 = CARTESIAN_POINT ( 'NONE',  ( 18.00000000000000355, 19.48557158514994114, 11.24999999999988809 ) ) ;
#2365 = CARTESIAN_POINT ( 'NONE',  ( 2.000000000000000000, 19.09188309203701550, -19.09188309203655010 ) ) ;
#2366 = ORIENTED_EDGE ( 'NONE', *, *, #1610, .F. ) ;
#2367 = PRODUCT_DEFINITION ( '鏈', '', #434, #1735 ) ;
#2368 = CARTESIAN_POINT ( 'NONE',  ( 2.000000000000000000, 2.830120551681531236E-13, -28.64999999999999858 ) ) ;
#2369 = DIRECTION ( 'NONE',  ( 0.000000000000000000, 0.000000000000000000, -1.000000000000000000 ) ) ;
#2370 = AXIS2_PLACEMENT_3D ( 'NONE', #4445, #1419, #3535 ) ;
#2371 = AXIS2_PLACEMENT_3D ( 'NONE', #4834, #1504, #3486 ) ;
#2372 = COLOUR_RGB ( '',1.000000000000000000, 1.000000000000000000, 1.000000000000000000 ) ;
#2373 = CARTESIAN_POINT ( 'NONE',  ( 4.769921447851372953, -25.41762750741858667, -15.93575088776999138 ) ) ;
#2374 = COLOUR_RGB ( '',1.000000000000000000, 1.000000000000000000, 1.000000000000000000 ) ;
#2375 = DIRECTION ( 'NONE',  ( 0.000000000000000000, 0.8660254037844433705, 0.4999999999999917288 ) ) ;
#2376 = VERTEX_POINT ( 'NONE', #5460 ) ;
#2377 = EDGE_CURVE ( 'NONE', #3002, #5373, #5240, .T. ) ;
#2378 = SURFACE_SIDE_STYLE ('',( #702 ) ) ;
#2379 = FILL_AREA_STYLE ('',( #5313 ) ) ;
#2380 = AXIS2_PLACEMENT_3D ( 'NONE', #4954, #2000, #1212 ) ;
#2381 = FACE_OUTER_BOUND ( 'NONE', #234, .T. ) ;
#2382 = EDGE_LOOP ( 'NONE', ( #2136, #1023, #4423, #322 ) ) ;
#2383 = EDGE_CURVE ( 'NONE', #4793, #928, #4620, .T. ) ;
#2384 = CARTESIAN_POINT ( 'NONE',  ( 6.523771649554244156, 29.11619170381109711, -7.228632440432354755 ) ) ;
#2385 = DIRECTION ( 'NONE',  ( -0.000000000000000000, -0.2588190451025312866, -0.9659258262890656477 ) ) ;
#2386 = ORIENTED_EDGE ( 'NONE', *, *, #3302, .F. ) ;
#2387 = LINE ( 'NONE', #628, #398 ) ;
#2388 = DIRECTION ( 'NONE',  ( 0.000000000000000000, -0.7193398003386596296, -0.6946583704589884833 ) ) ;
#2389 = UNCERTAINTY_MEASURE_WITH_UNIT (LENGTH_MEASURE( 1.000000000000000082E-05 ), #5076, 'distance_accuracy_value', 'NONE');
#2390 = DIRECTION ( 'NONE',  ( 1.000000000000000000, -0.000000000000000000, -0.000000000000000000 ) ) ;
#2391 = CARTESIAN_POINT ( 'NONE',  ( 17.59743699992791122, 13.96096352985234823, -26.55357759236185089 ) ) ;
#2392 = CARTESIAN_POINT ( 'NONE',  ( 5.563135389954343424, -26.58319957161922531, -13.90444175562124940 ) ) ;
#2393 = DIRECTION ( 'NONE',  ( 0.000000000000000000, 0.000000000000000000, 1.000000000000000000 ) ) ;
#2394 = EDGE_LOOP ( 'NONE', ( #2530, #5351, #4184 ) ) ;
#2395 =( LENGTH_UNIT ( ) NAMED_UNIT ( * ) SI_UNIT ( .MILLI., .METRE. ) );
#2396 = CARTESIAN_POINT ( 'NONE',  ( 86.50000000000000000, -19.81969897660377811, 16.32654079614894016 ) ) ;
#2397 = CARTESIAN_POINT ( 'NONE',  ( 18.00000000000000355, -21.40980728512588982, 7.030835797668055775 ) ) ;
#2398 = CARTESIAN_POINT ( 'NONE',  ( 18.00000000000000355, 16.08253175473030083, -25.35576211353331644 ) ) ;
#2399 = ORIENTED_EDGE ( 'NONE', *, *, #1185, .F. ) ;
#2400 = DIRECTION ( 'NONE',  ( -0.000000000000000000, -0.8660254037844448138, -0.4999999999999892308 ) ) ;
#2401 = FILL_AREA_STYLE ('',( #3542 ) ) ;
#2402 = CARTESIAN_POINT ( 'NONE',  ( 5.075368782764495101, -13.94002104904969386, 26.56456415707027574 ) ) ;
#2403 = ADVANCED_FACE ( 'NONE', ( #4655 ), #909, .T. ) ;
#2404 = CARTESIAN_POINT ( 'NONE',  ( 17.23258250940868663, 8.726626991359546892, 28.70295485389200252 ) ) ;
#2405 = VERTEX_POINT ( 'NONE', #4577 ) ;
#2406 = AXIS2_PLACEMENT_3D ( 'NONE', #4723, #2619, #1781 ) ;
#2407 = CARTESIAN_POINT ( 'NONE',  ( 5.072695946143314316, 16.04203427539573923, -25.35068205729330515 ) ) ;
#2408 = CARTESIAN_POINT ( 'NONE',  ( 6.000000000000000000, 19.09188309203701550, -17.84188309203655010 ) ) ;
#2409 = EDGE_CURVE ( 'NONE', #2759, #2184, #504, .T. ) ;
#2410 = ORIENTED_EDGE ( 'NONE', *, *, #3210, .F. ) ;
#2411 = FILL_AREA_STYLE ('',( #742 ) ) ;
#2412 = SURFACE_STYLE_FILL_AREA ( #3715 ) ;
#2413 = CARTESIAN_POINT ( 'NONE',  ( 18.00000000000000355, -11.24999999999995737, 19.48557158514990206 ) ) ;
#2414 =( LENGTH_UNIT ( ) NAMED_UNIT ( * ) SI_UNIT ( .MILLI., .METRE. ) );
#2415 = EDGE_CURVE ( 'NONE', #1993, #2448, #954, .T. ) ;
#2416 = DIRECTION ( 'NONE',  ( -1.000000000000000000, -0.000000000000000000, -0.000000000000000000 ) ) ;
#2417 = PRESENTATION_LAYER_ASSIGNMENT (  '', '', ( #299 ) ) ;
#2418 = CARTESIAN_POINT ( 'NONE',  ( 18.00000000000000355, 6.557164070214420271, 29.30129859505016654 ) ) ;
#2419 = AXIS2_PLACEMENT_3D ( 'NONE', #3294, #462, #1691 ) ;
#2420 = ORIENTED_EDGE ( 'NONE', *, *, #550, .F. ) ;
#2421 = CARTESIAN_POINT ( 'NONE',  ( 4.770198875233971236, 26.50966019013372588, 14.04428208010049417 ) ) ;
#2422 = DIRECTION ( 'NONE',  ( 0.000000000000000000, 0.000000000000000000, -1.000000000000000000 ) ) ;
#2423 = CONICAL_SURFACE ( 'NONE', #1019, 1.249999999999997558, 1.029744258676653423 ) ;
#2424 = AXIS2_PLACEMENT_3D ( 'NONE', #2303, #690, #1053 ) ;
#2425 = DIRECTION ( 'NONE',  ( -0.000000000000000000, -0.2588190451025312866, -0.9659258262890656477 ) ) ;
#2426 = CARTESIAN_POINT ( 'NONE',  ( 18.00000000000000355, -6.550421062991286902, -29.27613334949682411 ) ) ;
#2427 = CARTESIAN_POINT ( 'NONE',  ( 6.000000000000000000, -27.00000000000000000, 1.249999999999997558 ) ) ;
#2428 = EDGE_LOOP ( 'NONE', ( #5063, #4860, #3831, #2356 ) ) ;
#2429 = FACE_OUTER_BOUND ( 'NONE', #5009, .T. ) ;
#2430 =( LENGTH_UNIT ( ) NAMED_UNIT ( * ) SI_UNIT ( .MILLI., .METRE. ) );
#2431 = AXIS2_PLACEMENT_3D ( 'NONE', #391, #5398, #4935 ) ;
#2432 = CARTESIAN_POINT ( 'NONE',  ( 2.000000000000000000, 19.09188309203674905, 17.84188309203682010 ) ) ;
#2433 = AXIS2_PLACEMENT_3D ( 'NONE', #2217, #2525, #428 ) ;
#2434 = EDGE_LOOP ( 'NONE', ( #3655, #2086 ) ) ;
#2435 = CARTESIAN_POINT ( 'NONE',  ( 17.00065676438294204, 25.58824011687920219, 15.66062843524086290 ) ) ;
#2436 = ORIENTED_EDGE ( 'NONE', *, *, #4514, .F. ) ;
#2437 = EDGE_CURVE ( 'NONE', #5375, #5454, #3344, .T. ) ;
#2438 = FILL_AREA_STYLE ('',( #3662 ) ) ;
#2439 = EDGE_LOOP ( 'NONE', ( #212, #3120 ) ) ;
#2440 = CARTESIAN_POINT ( 'NONE',  ( 0.000000000000000000, -27.00000000000000000, 0.000000000000000000 ) ) ;
#2441 = UNCERTAINTY_MEASURE_WITH_UNIT (LENGTH_MEASURE( 1.000000000000000082E-05 ), #2222, 'distance_accuracy_value', 'NONE');
#2442 = EDGE_CURVE ( 'NONE', #3018, #3876, #1923, .T. ) ;
#2443 = DIRECTION ( 'NONE',  ( 0.000000000000000000, -0.9998476951563910475, 0.01745240643729606758 ) ) ;
#2444 = VECTOR ( 'NONE', #3787, 1000.000000000000114 ) ;
#2445 = VECTOR ( 'NONE', #2755, 1000.000000000000000 ) ;
#2446 = DIRECTION ( 'NONE',  ( -1.000000000000000000, -0.000000000000000000, -0.000000000000000000 ) ) ;
#2447 = DIRECTION ( 'NONE',  ( -0.5150380749100554878, 0.000000000000000000, 0.8571673007021115565 ) ) ;
#2448 = VERTEX_POINT ( 'NONE', #5094 ) ;
#2449 = ADVANCED_FACE ( 'NONE', ( #1348 ), #1659, .F. ) ;
#2450 = CARTESIAN_POINT ( 'NONE',  ( 84.79999999999999716, -19.81969897660377811, 12.62654079614884850 ) ) ;
#2451 = CIRCLE ( 'NONE', #4626, 1.650000000000001021 ) ;
#2452 = DIRECTION ( 'NONE',  ( 0.000000000000000000, -0.7071067811865485719, 0.7071067811865463515 ) ) ;
#2453 = CARTESIAN_POINT ( 'NONE',  ( 5.400000000000000355, -14.99999999999993960, 25.98076211353319565 ) ) ;
#2454 = CARTESIAN_POINT ( 'NONE',  ( 85.70000000000008811, -19.81969897660377811, 8.126540796148850276 ) ) ;
#2455 = ORIENTED_EDGE ( 'NONE', *, *, #3969, .T. ) ;
#2456 = CARTESIAN_POINT ( 'NONE',  ( 2.000000000000000000, -19.09188309203661404, -19.09188309203694800 ) ) ;
#2457 = CIRCLE ( 'NONE', #3927, 29.99999999999566214 ) ;
#2458 = CARTESIAN_POINT ( 'NONE',  ( 4.307558886074661864, -14.45198223091632350, 26.28998143082366923 ) ) ;
#2459 = AXIS2_PLACEMENT_3D ( 'NONE', #4684, #61, #2608 ) ;
#2460 = CONICAL_SURFACE ( 'NONE', #1773, 1.249999999999997558, 1.029744258676653423 ) ;
#2461 = CARTESIAN_POINT ( 'NONE',  ( 18.62842449204816475, 14.04373456311279611, -26.50994909653173792 ) ) ;
#2462 = ORIENTED_EDGE ( 'NONE', *, *, #205, .T. ) ;
#2463 = DIRECTION ( 'NONE',  ( 0.000000000000000000, 0.7071067811865539010, -0.7071067811865413555 ) ) ;
#2464 = EDGE_LOOP ( 'NONE', ( #2684, #1353, #4223 ) ) ;
#2465 = VECTOR ( 'NONE', #722, 1000.000000000000000 ) ;
#2466 = AXIS2_PLACEMENT_3D ( 'NONE', #190, #3196, #2797 ) ;
#2467 = ORIENTED_EDGE ( 'NONE', *, *, #5182, .F. ) ;
#2468 = CARTESIAN_POINT ( 'NONE',  ( 5.565162518034412642, 16.06950526508255095, -25.33319957161913649 ) ) ;
#2469 = PRESENTATION_STYLE_ASSIGNMENT (( #283 ) ) ;
#2470 = FACE_OUTER_BOUND ( 'NONE', #3335, .T. ) ;
#2471 = EDGE_CURVE ( 'NONE', #1672, #2866, #2083, .T. ) ;
#2472 = CARTESIAN_POINT ( 'NONE',  ( 17.67536878276450096, 13.94002104904950556, -26.56456415707037166 ) ) ;
#2473 = CARTESIAN_POINT ( 'NONE',  ( 83.79999999999999716, 7.108577143973916545E-14, 3.271072094737702939E-14 ) ) ;
#2474 = FACE_OUTER_BOUND ( 'NONE', #2205, .T. ) ;
#2475 = VERTEX_POINT ( 'NONE', #2215 ) ;
#2476 =( NAMED_UNIT ( * ) SI_UNIT ( $, .STERADIAN. ) SOLID_ANGLE_UNIT ( ) );
#2477 = ADVANCED_FACE ( 'NONE', ( #5201 ), #3467, .F. ) ;
#2478 = CARTESIAN_POINT ( 'NONE',  ( 6.000000000000000000, 27.00000000000000000, -1.249999999999997558 ) ) ;
#2479 = CARTESIAN_POINT ( 'NONE',  ( 18.00000000000000355, -14.99999999999993960, 25.98076211353319565 ) ) ;
#2480 = FACE_BOUND ( 'NONE', #1784, .T. ) ;
#2481 = PRESENTATION_STYLE_ASSIGNMENT (( #2838 ) ) ;
#2482 = FILL_AREA_STYLE ('',( #413 ) ) ;
#2483 = ORIENTED_EDGE ( 'NONE', *, *, #4071, .T. ) ;
#2484 = CARTESIAN_POINT ( 'NONE',  ( 4.307533581528497635, 15.54154719847229593, -25.66092255366601194 ) ) ;
#2485 = ORIENTED_EDGE ( 'NONE', *, *, #3252, .F. ) ;
#2486 = EDGE_LOOP ( 'NONE', ( #1036, #792 ) ) ;
#2487 = DIRECTION ( 'NONE',  ( -0.000000000000000000, -0.9659258262890682012, 0.2588190451025211836 ) ) ;
#2488 = DIRECTION ( 'NONE',  ( 0.000000000000000000, 0.9659258262890653146, -0.2588190451025313976 ) ) ;
#2489 = UNCERTAINTY_MEASURE_WITH_UNIT (LENGTH_MEASURE( 1.000000000000000082E-05 ), #1325, 'distance_accuracy_value', 'NONE');
#2490 = DIRECTION ( 'NONE',  ( 0.000000000000000000, 0.000000000000000000, 1.000000000000000000 ) ) ;
#2491 = CARTESIAN_POINT ( 'NONE',  ( 2.000000000000000000, -9.426999614876460059E-14, 27.00000000000000000 ) ) ;
#2492 = DIRECTION ( 'NONE',  ( -1.000000000000000000, -0.000000000000000000, -0.000000000000000000 ) ) ;
#2493 = ORIENTED_EDGE ( 'NONE', *, *, #1069, .T. ) ;
#2494 = SURFACE_STYLE_FILL_AREA ( #3268 ) ;
#2495 = EDGE_CURVE ( 'NONE', #539, #3899, #3524, .T. ) ;
#2496 = VECTOR ( 'NONE', #3978, 1000.000000000000227 ) ;
#2497 = AXIS2_PLACEMENT_3D ( 'NONE', #2885, #1301, #3322 ) ;
#2498 = CARTESIAN_POINT ( 'NONE',  ( 5.400000000000000355, 14.99999999999975664, -25.98076211353329867 ) ) ;
#2499 = CARTESIAN_POINT ( 'NONE',  ( 2.000000000000000000, -19.09188309203661404, -17.44188309203694942 ) ) ;
#2500 = SURFACE_SIDE_STYLE ('',( #3296 ) ) ;
#2501 = ORIENTED_EDGE ( 'NONE', *, *, #3477, .F. ) ;
#2502 = DIRECTION ( 'NONE',  ( -1.000000000000000000, -0.000000000000000000, -0.000000000000000000 ) ) ;
#2503 = EDGE_CURVE ( 'NONE', #1264, #1144, #778, .T. ) ;
#2504 =( GEOMETRIC_REPRESENTATION_CONTEXT ( 3 ) GLOBAL_UNCERTAINTY_ASSIGNED_CONTEXT ( ( #1576 ) ) GLOBAL_UNIT_ASSIGNED_CONTEXT ( ( #1022, #1495, #2751 ) ) REPRESENTATION_CONTEXT ( 'NONE', 'WORKASPACE' ) );
#2505 = CARTESIAN_POINT ( 'NONE',  ( 0.000000000000000000, 0.000000000000000000, 0.000000000000000000 ) ) ;
#2506 = VECTOR ( 'NONE', #1581, 1000.000000000000000 ) ;
#2507 = VECTOR ( 'NONE', #828, 1000.000000000000000 ) ;
#2508 = SURFACE_STYLE_FILL_AREA ( #3688 ) ;
#2509 = CARTESIAN_POINT ( 'NONE',  ( 85.70000000000008811, -19.81969897660377811, 12.62654079614884850 ) ) ;
#2510 = EDGE_LOOP ( 'NONE', ( #4703, #2266, #5121 ) ) ;
#2511 = FACE_OUTER_BOUND ( 'NONE', #2516, .T. ) ;
#2512 = VERTEX_POINT ( 'NONE', #3988 ) ;
#2513 = ADVANCED_FACE ( 'NONE', ( #3551 ), #165, .F. ) ;
#2514 = AXIS2_PLACEMENT_3D ( 'NONE', #743, #5399, #800 ) ;
#2515 = CIRCLE ( 'NONE', #1566, 1.249999999999986899 ) ;
#2516 = EDGE_LOOP ( 'NONE', ( #4648, #3883, #175, #19 ) ) ;
#2517 = ORIENTED_EDGE ( 'NONE', *, *, #2638, .T. ) ;
#2518 = CARTESIAN_POINT ( 'NONE',  ( 6.028424492048161554, 14.04373456311279078, -26.50994909653173792 ) ) ;
#2519 = VECTOR ( 'NONE', #908, 1000.000000000000000 ) ;
#2520 = CARTESIAN_POINT ( 'NONE',  ( 0.000000000000000000, 19.09188309203674905, 19.09188309203681655 ) ) ;
#2521 = DIRECTION ( 'NONE',  ( -0.000000000000000000, -0.4999999999999980571, 0.8660254037844397068 ) ) ;
#2522 = AXIS2_PLACEMENT_3D ( 'NONE', #1374, #3026, #3933 ) ;
#2523 = SURFACE_STYLE_FILL_AREA ( #855 ) ;
#2524 = FACE_OUTER_BOUND ( 'NONE', #3665, .T. ) ;
#2525 = DIRECTION ( 'NONE',  ( -0.000000000000000000, -0.8660254037844448138, -0.4999999999999892308 ) ) ;
#2526 = EDGE_LOOP ( 'NONE', ( #2351, #4139 ) ) ;
#2527 = DIRECTION ( 'NONE',  ( -1.000000000000000000, -0.000000000000000000, -0.000000000000000000 ) ) ;
#2528 = AXIS2_PLACEMENT_3D ( 'NONE', #3354, #2001, #5027 ) ;
#2529 = CARTESIAN_POINT ( 'NONE',  ( 5.400000000000000355, -4.616021231945642178, -22.05685489788213616 ) ) ;
#2530 = ORIENTED_EDGE ( 'NONE', *, *, #4322, .F. ) ;
#2531 = EDGE_CURVE ( 'NONE', #847, #1100, #562, .T. ) ;
#2532 = DIRECTION ( 'NONE',  ( 1.000000000000000000, 0.000000000000000000, 0.000000000000000000 ) ) ;
#2533 = CARTESIAN_POINT ( 'NONE',  ( 16.78232671260638043, -8.079582930053131662, -28.89192367621388158 ) ) ;
#2534 = CARTESIAN_POINT ( 'NONE',  ( 5.400000000000000355, -6.557164070214622775, -29.30129859505012391 ) ) ;
#2535 = LINE ( 'NONE', #2644, #4651 ) ;
#2536 = CIRCLE ( 'NONE', #140, 1.249999999999997558 ) ;
#2537 = EDGE_CURVE ( 'NONE', #1427, #1283, #1843, .T. ) ;
#2538 = VECTOR ( 'NONE', #5367, 1000.000000000000114 ) ;
#2539 = CARTESIAN_POINT ( 'NONE',  ( 5.400000000000000355, 21.73333109150403786, -5.823428514806733958 ) ) ;
#2540 = CYLINDRICAL_SURFACE ( 'NONE', #4236, 0.9999999999955149210 ) ;
#2541 = DIRECTION ( 'NONE',  ( -0.000000000000000000, 0.8660254037844414832, 0.4999999999999950595 ) ) ;
#2542 = ORIENTED_EDGE ( 'NONE', *, *, #1173, .F. ) ;
#2543 = AXIS2_PLACEMENT_3D ( 'NONE', #5410, #3267, #4941 ) ;
#2544 = MECHANICAL_DESIGN_GEOMETRIC_PRESENTATION_REPRESENTATION (  '', ( #799 ), #3852 ) ;
#2545 = EDGE_CURVE ( 'NONE', #4014, #2051, #5174, .T. ) ;
#2546 = ORIENTED_EDGE ( 'NONE', *, *, #5016, .T. ) ;
#2547 = ORIENTED_EDGE ( 'NONE', *, *, #1028, .T. ) ;
#2548 = AXIS2_PLACEMENT_3D ( 'NONE', #4408, #1821, #544 ) ;
#2549 = COLOUR_RGB ( '',1.000000000000000000, 1.000000000000000000, 1.000000000000000000 ) ;
#2550 = DIRECTION ( 'NONE',  ( -0.000000000000000000, -0.2588190451025312866, -0.9659258262890656477 ) ) ;
#2551 = UNCERTAINTY_MEASURE_WITH_UNIT (LENGTH_MEASURE( 1.000000000000000082E-05 ), #3833, 'distance_accuracy_value', 'NONE');
#2552 = DIRECTION ( 'NONE',  ( 0.000000000000000000, -0.9659258262890675351, 0.2588190451025234595 ) ) ;
#2553 = VECTOR ( 'NONE', #4865, 1000.000000000000000 ) ;
#2554 = VECTOR ( 'NONE', #4691, 1000.000000000000114 ) ;
#2555 = DIRECTION ( 'NONE',  ( 0.000000000000000000, 0.000000000000000000, 1.000000000000000000 ) ) ;
#2556 = LINE ( 'NONE', #4682, #3468 ) ;
#2557 = VERTEX_POINT ( 'NONE', #1483 ) ;
#2558 = DIRECTION ( 'NONE',  ( 0.000000000000000000, 0.000000000000000000, 1.000000000000000000 ) ) ;
#2559 = CARTESIAN_POINT ( 'NONE',  ( 6.167943080898841579, 26.46635652257827331, 14.12604845931466180 ) ) ;
#2560 = LINE ( 'NONE', #3757, #1552 ) ;
#2561 = CARTESIAN_POINT ( 'NONE',  ( 20.50000000000000000, 0.000000000000000000, 25.00000000000000000 ) ) ;
#2562 = DIRECTION ( 'NONE',  ( 0.000000000000000000, -0.8660254037844402619, -0.4999999999999970024 ) ) ;
#2563 = VERTEX_POINT ( 'NONE', #1077 ) ;
#2564 = DIRECTION ( 'NONE',  ( 0.000000000000000000, 0.000000000000000000, 1.000000000000000000 ) ) ;
#2565 = CARTESIAN_POINT ( 'NONE',  ( 18.00000000000000355, 25.33319957161908675, 16.06950526508263621 ) ) ;
#2566 = CARTESIAN_POINT ( 'NONE',  ( 5.235554828642886349, -8.957427707450881016, -28.63153409387702908 ) ) ;
#2567 = DIRECTION ( 'NONE',  ( -1.000000000000000000, -0.000000000000000000, -0.000000000000000000 ) ) ;
#2568 = ORIENTED_EDGE ( 'NONE', *, *, #5145, .T. ) ;
#2569 = LINE ( 'NONE', #4671, #4374 ) ;
#2570 = ORIENTED_EDGE ( 'NONE', *, *, #4165, .F. ) ;
#2571 = ADVANCED_FACE ( 'NONE', ( #1792 ), #4338, .F. ) ;
#2572 = ORIENTED_EDGE ( 'NONE', *, *, #2677, .T. ) ;
#2573 = DIRECTION ( 'NONE',  ( 0.000000000000000000, 0.000000000000000000, 1.000000000000000000 ) ) ;
#2574 = EDGE_LOOP ( 'NONE', ( #3795, #2177, #1216, #3112 ) ) ;
#2575 = CARTESIAN_POINT ( 'NONE',  ( 83.79999999999999716, -28.94648781381982161, -2.258504648336733034 ) ) ;
#2576 = DIRECTION ( 'NONE',  ( 0.000000000000000000, 0.000000000000000000, -1.000000000000000000 ) ) ;
#2577 = EDGE_CURVE ( 'NONE', #1226, #1304, #5144, .T. ) ;
#2578 = FILL_AREA_STYLE ('',( #80 ) ) ;
#2579 = DIRECTION ( 'NONE',  ( 0.000000000000000000, -1.000000000000000000, -3.491481338843133355E-15 ) ) ;
#2580 = FACE_OUTER_BOUND ( 'NONE', #4806, .T. ) ;
#2581 = VERTEX_POINT ( 'NONE', #4309 ) ;
#2582 = DIRECTION ( 'NONE',  ( 0.000000000000000000, 0.000000000000000000, 1.000000000000000000 ) ) ;
#2583 = CARTESIAN_POINT ( 'NONE',  ( 18.62993683877106577, 29.24123616247321422, -6.704775563877880096 ) ) ;
#2584 = ADVANCED_FACE ( 'NONE', ( #101 ), #3496, .F. ) ;
#2585 = SURFACE_SIDE_STYLE ('',( #918 ) ) ;
#2586 = FACE_OUTER_BOUND ( 'NONE', #4759, .T. ) ;
#2587 = CARTESIAN_POINT ( 'NONE',  ( 2.000000000000000000, 19.09188309203701550, -20.34188309203654654 ) ) ;
#2588 = CARTESIAN_POINT ( 'NONE',  ( 4.307558886074662752, -28.80891878407225803, 8.370729509935364021 ) ) ;
#2589 = CARTESIAN_POINT ( 'NONE',  ( 19.24986269076497791, -14.85630543597512343, 26.06371760246262426 ) ) ;
#2590 = CARTESIAN_POINT ( 'NONE',  ( 17.36992144785137526, -25.41762750741858667, -15.93575088776999493 ) ) ;
#2591 = CARTESIAN_POINT ( 'NONE',  ( 18.76922271609829451, 15.85670286622818281, -25.46720075650679149 ) ) ;
#2592 = EDGE_LOOP ( 'NONE', ( #4002, #4729, #3297 ) ) ;
#2593 = EDGE_LOOP ( 'NONE', ( #3105, #345, #675 ) ) ;
#2594 = COLOUR_RGB ( '',1.000000000000000000, 1.000000000000000000, 1.000000000000000000 ) ;
#2595 = AXIS2_PLACEMENT_3D ( 'NONE', #1656, #81, #3860 ) ;
#2596 = EDGE_LOOP ( 'NONE', ( #4149, #1014 ) ) ;
#2597 =( NAMED_UNIT ( * ) PLANE_ANGLE_UNIT ( ) SI_UNIT ( $, .RADIAN. ) );
#2598 = ORIENTED_EDGE ( 'NONE', *, *, #4995, .F. ) ;
#2599 = EDGE_CURVE ( 'NONE', #2475, #3423, #52, .T. ) ;
#2600 = UNCERTAINTY_MEASURE_WITH_UNIT (LENGTH_MEASURE( 1.000000000000000082E-05 ), #4424, 'distance_accuracy_value', 'NONE');
#2601 = CYLINDRICAL_SURFACE ( 'NONE', #3311, 1.249999999999997558 ) ;
#2602 = AXIS2_PLACEMENT_3D ( 'NONE', #363, #4105, #2488 ) ;
#2603 = EDGE_CURVE ( 'NONE', #2213, #132, #1044, .T. ) ;
#2604 = LINE ( 'NONE', #4209, #760 ) ;
#2605 = CARTESIAN_POINT ( 'NONE',  ( 17.83555482864288422, -13.91169403962772577, 26.57940978748094452 ) ) ;
#2606 = SURFACE_SIDE_STYLE ('',( #2986 ) ) ;
#2607 = ORIENTED_EDGE ( 'NONE', *, *, #4233, .T. ) ;
#2608 = DIRECTION ( 'NONE',  ( 0.000000000000000000, 0.000000000000000000, 1.000000000000000000 ) ) ;
#2609 = CARTESIAN_POINT ( 'NONE',  ( 5.399999999999998579, 25.33319957161908675, 16.06950526508263621 ) ) ;
#2610 = CIRCLE ( 'NONE', #2691, 1.650000000000000799 ) ;
#2611 = EDGE_CURVE ( 'NONE', #21, #3947, #5447, .T. ) ;
#2612 = SURFACE_STYLE_FILL_AREA ( #1255 ) ;
#2613 = FILL_AREA_STYLE ('',( #1333 ) ) ;
#2614 = CYLINDRICAL_SURFACE ( 'NONE', #1463, 1.249999999999987788 ) ;
#2615 = ORIENTED_EDGE ( 'NONE', *, *, #4494, .T. ) ;
#2616 = DIRECTION ( 'NONE',  ( 1.000000000000000000, 0.000000000000000000, 0.000000000000000000 ) ) ;
#2617 = FACE_OUTER_BOUND ( 'NONE', #5010, .T. ) ;
#2618 = AXIS2_PLACEMENT_3D ( 'NONE', #1571, #3585, #2846 ) ;
#2619 = DIRECTION ( 'NONE',  ( -0.000000000000000000, -0.4999999999999980571, 0.8660254037844397068 ) ) ;
#2620 = CARTESIAN_POINT ( 'NONE',  ( 16.90753358152849373, -25.66092255366606878, -15.54154719847220534 ) ) ;
#2621 = CARTESIAN_POINT ( 'NONE',  ( 5.727557703518105114, 8.933972823511629358, 28.63892475580443531 ) ) ;
#2622 = ORIENTED_EDGE ( 'NONE', *, *, #1937, .F. ) ;
#2623 = CARTESIAN_POINT ( 'NONE',  ( 5.400000000000000355, 26.60576211353323473, 13.91746824526930482 ) ) ;
#2624 = VECTOR ( 'NONE', #4919, 1000.000000000000000 ) ;
#2625 = ORIENTED_EDGE ( 'NONE', *, *, #3969, .F. ) ;
#2626 = STYLED_ITEM ( 'NONE', ( #4979 ), #3347 ) ;
#2627 = EDGE_LOOP ( 'NONE', ( #595, #3055, #3306, #4609 ) ) ;
#2628 = ORIENTED_EDGE ( 'NONE', *, *, #5093, .F. ) ;
#2629 = PRESENTATION_LAYER_ASSIGNMENT (  '', '', ( #4996 ) ) ;
#2630 = AXIS2_PLACEMENT_3D ( 'NONE', #635, #3094, #3039 ) ;
#2631 = DIRECTION ( 'NONE',  ( 0.000000000000000000, 0.000000000000000000, 1.000000000000000000 ) ) ;
#2632 = DIRECTION ( 'NONE',  ( 0.000000000000000000, 0.000000000000000000, 1.000000000000000000 ) ) ;
#2633 = ORIENTED_EDGE ( 'NONE', *, *, #3067, .F. ) ;
#2634 = LINE ( 'NONE', #1927, #4561 ) ;
#2635 = CARTESIAN_POINT ( 'NONE',  ( 14.80000000000000071, 0.000000000000000000, 0.000000000000000000 ) ) ;
#2636 = AXIS2_PLACEMENT_3D ( 'NONE', #2413, #4552, #4936 ) ;
#2637 = VECTOR ( 'NONE', #152, 1000.000000000000000 ) ;
#2638 = EDGE_CURVE ( 'NONE', #5090, #2291, #3577, .T. ) ;
#2639 = SURFACE_SIDE_STYLE ('',( #3425 ) ) ;
#2640 = STYLED_ITEM ( 'NONE', ( #2481 ), #4490 ) ;
#2641 = DIRECTION ( 'NONE',  ( -1.000000000000000000, -0.000000000000000000, -0.000000000000000000 ) ) ;
#2642 = CARTESIAN_POINT ( 'NONE',  ( 6.751075773784450895, 2.811564517788604962E-13, -27.00000000000000000 ) ) ;
#2643 = VERTEX_POINT ( 'NONE', #2408 ) ;
#2644 = CARTESIAN_POINT ( 'NONE',  ( 5.400000000000000355, -16.08253175473047847, 25.35576211353320275 ) ) ;
#2645 = DIRECTION ( 'NONE',  ( -1.000000000000000000, -0.000000000000000000, -0.000000000000000000 ) ) ;
#2646 = EDGE_CURVE ( 'NONE', #51, #858, #3230, .T. ) ;
#2647 = CARTESIAN_POINT ( 'NONE',  ( 4.182326712606378116, -8.079582930053133438, -28.89192367621388158 ) ) ;
#2648 = CARTESIAN_POINT ( 'NONE',  ( 6.342152031970310411, -6.964241951367807104, -29.18051865685095336 ) ) ;
#2649 = CARTESIAN_POINT ( 'NONE',  ( 6.000000000000000000, 2.829630692961871892E-13, -28.24999999999999645 ) ) ;
#2650 = VERTEX_POINT ( 'NONE', #1102 ) ;
#2651 = DIRECTION ( 'NONE',  ( -0.000000000000000000, -0.9659258262890682012, 0.2588190451025211836 ) ) ;
#2652 = ADVANCED_FACE ( 'NONE', ( #3613 ), #331, .F. ) ;
#2653 = DIRECTION ( 'NONE',  ( -1.000000000000000000, 0.000000000000000000, 0.000000000000000000 ) ) ;
#2654 = VERTEX_POINT ( 'NONE', #1599 ) ;
#2655 = CARTESIAN_POINT ( 'NONE',  ( 5.400000000000000355, -29.30129859505018786, 6.557164070214317242 ) ) ;
#2656 = ADVANCED_BREP_SHAPE_REPRESENTATION ( '30\X2\51738282\X0\-20260520', ( #332, #4567 ), #1683 ) ;
#2657 = CARTESIAN_POINT ( 'NONE',  ( 5.399999999999369749, -8.965235628720552796, -28.62908573673842838 ) ) ;
#2658 = ORIENTED_EDGE ( 'NONE', *, *, #3443, .F. ) ;
#2659 = CARTESIAN_POINT ( 'NONE',  ( 83.79999999999999716, 7.108577143973916545E-14, 3.271072094737702939E-14 ) ) ;
#2660 = CARTESIAN_POINT ( 'NONE',  ( 16.75005810453914634, -29.02009542183988344, 7.606619245772838767 ) ) ;
#2661 =( NAMED_UNIT ( * ) SI_UNIT ( $, .STERADIAN. ) SOLID_ANGLE_UNIT ( ) );
#2662 = CARTESIAN_POINT ( 'NONE',  ( 5.318413767684621263, 8.965235628713660532, 28.62908573674058488 ) ) ;
#2663 = DIRECTION ( 'NONE',  ( 0.000000000000000000, 0.000000000000000000, 1.000000000000000000 ) ) ;
#2664 = ORIENTED_EDGE ( 'NONE', *, *, #2545, .F. ) ;
#2665 = EDGE_CURVE ( 'NONE', #4248, #2448, #4933, .T. ) ;
#2666 = DIRECTION ( 'NONE',  ( -1.000000000000000000, -0.000000000000000000, -0.000000000000000000 ) ) ;
#2667 = CARTESIAN_POINT ( 'NONE',  ( 18.00000000000000355, -28.97777478867204337, 7.764571353075640836 ) ) ;
#2668 = SURFACE_STYLE_FILL_AREA ( #1000 ) ;
#2669 = CARTESIAN_POINT ( 'NONE',  ( 5.729237241684783655, -6.582857220042482638, -29.26892376723203881 ) ) ;
#2670 = EDGE_CURVE ( 'NONE', #741, #3502, #4100, .T. ) ;
#2671 = ORIENTED_EDGE ( 'NONE', *, *, #3712, .T. ) ;
#2672 = AXIS2_PLACEMENT_3D ( 'NONE', #181, #150, #670 ) ;
#2673 = SURFACE_STYLE_FILL_AREA ( #276 ) ;
#2674 = CARTESIAN_POINT ( 'NONE',  ( 20.50000000000000355, 0.000000000000000000, 0.000000000000000000 ) ) ;
#2675 =( GEOMETRIC_REPRESENTATION_CONTEXT ( 3 ) GLOBAL_UNCERTAINTY_ASSIGNED_CONTEXT ( ( #2826 ) ) GLOBAL_UNIT_ASSIGNED_CONTEXT ( ( #3601, #2140, #4119 ) ) REPRESENTATION_CONTEXT ( 'NONE', 'WORKASPACE' ) );
#2676 = ORIENTED_EDGE ( 'NONE', *, *, #898, .T. ) ;
#2677 = EDGE_CURVE ( 'NONE', #3464, #4148, #3452, .T. ) ;
#2678 = DIRECTION ( 'NONE',  ( 0.000000000000000000, -1.000000000000000000, -4.205390244792260029E-15 ) ) ;
#2679 =( GEOMETRIC_REPRESENTATION_CONTEXT ( 3 ) GLOBAL_UNCERTAINTY_ASSIGNED_CONTEXT ( ( #1242 ) ) GLOBAL_UNIT_ASSIGNED_CONTEXT ( ( #3837, #3070, #5158 ) ) REPRESENTATION_CONTEXT ( 'NONE', 'WORKASPACE' ) );
#2680 = VECTOR ( 'NONE', #225, 1000.000000000000000 ) ;
#2681 = ORIENTED_EDGE ( 'NONE', *, *, #1443, .F. ) ;
#2682 = CARTESIAN_POINT ( 'NONE',  ( 6.342152031970309523, -15.70927991116408151, 25.55820533043573661 ) ) ;
#2683 = FACE_OUTER_BOUND ( 'NONE', #74, .T. ) ;
#2684 = ORIENTED_EDGE ( 'NONE', *, *, #652, .F. ) ;
#2685 = CARTESIAN_POINT ( 'NONE',  ( 18.00000000000000355, -28.65425098229389533, 8.971978635936963542 ) ) ;
#2686 = SURFACE_STYLE_USAGE ( .BOTH. , #1434 ) ;
#2687 = SURFACE_SIDE_STYLE ('',( #1356 ) ) ;
#2688 = CARTESIAN_POINT ( 'NONE',  ( 18.32755770351809943, -28.63892475580446373, 8.933972823511521000 ) ) ;
#2689 = EDGE_LOOP ( 'NONE', ( #1694, #2698 ) ) ;
#2690 = CARTESIAN_POINT ( 'NONE',  ( 20.51000000000000156, 0.000000000000000000, 25.00000000000000000 ) ) ;
#2691 = AXIS2_PLACEMENT_3D ( 'NONE', #5035, #5065, #3774 ) ;
#2692 = CARTESIAN_POINT ( 'NONE',  ( 19.24986269076497791, -26.06371760246278058, -14.85630543597484809 ) ) ;
#2693 = EDGE_CURVE ( 'NONE', #615, #768, #4721, .T. ) ;
#2694 =( GEOMETRIC_REPRESENTATION_CONTEXT ( 3 ) GLOBAL_UNCERTAINTY_ASSIGNED_CONTEXT ( ( #4286 ) ) GLOBAL_UNIT_ASSIGNED_CONTEXT ( ( #3693, #221, #1953 ) ) REPRESENTATION_CONTEXT ( 'NONE', 'WORKASPACE' ) );
#2695 = CARTESIAN_POINT ( 'NONE',  ( 18.16516251803441051, -16.06950526508272858, 25.33319957161902991 ) ) ;
#2696 = FILL_AREA_STYLE_COLOUR ( '', #1152 ) ;
#2697 = CARTESIAN_POINT ( 'NONE',  ( 83.79999999999999716, 1.764298315826923425, 28.94628216974726342 ) ) ;
#2698 = ORIENTED_EDGE ( 'NONE', *, *, #1154, .T. ) ;
#2699 = DIRECTION ( 'NONE',  ( 0.000000000000000000, 0.9996573249755553725, 0.02617694830794341579 ) ) ;
#2700 = DIRECTION ( 'NONE',  ( -1.000000000000000000, 0.000000000000000000, 0.000000000000000000 ) ) ;
#2701 = EDGE_LOOP ( 'NONE', ( #2855, #3096, #4829, #4232 ) ) ;
#2702 = COLOUR_RGB ( '',1.000000000000000000, 1.000000000000000000, 1.000000000000000000 ) ;
#2703 = CARTESIAN_POINT ( 'NONE',  ( 5.318413767684621263, 28.62908573674061330, -8.965235628713561056 ) ) ;
#2704 = ADVANCED_FACE ( 'NONE', ( #947 ), #505, .F. ) ;
#2705 = CARTESIAN_POINT ( 'NONE',  ( 6.751075773784450895, 27.00000000000000000, 0.000000000000000000 ) ) ;
#2706 = CARTESIAN_POINT ( 'NONE',  ( 0.000000000000000000, 0.000000000000000000, 0.000000000000000000 ) ) ;
#2707 = ORIENTED_EDGE ( 'NONE', *, *, #2665, .T. ) ;
#2708 = LINE ( 'NONE', #1975, #4116 ) ;
#2709 = DIRECTION ( 'NONE',  ( 0.000000000000000000, 0.000000000000000000, 1.000000000000000000 ) ) ;
#2710 = CIRCLE ( 'NONE', #4274, 1.249999999999997558 ) ;
#2711 = EDGE_CURVE ( 'NONE', #1702, #1276, #4749, .T. ) ;
#2712 = ORIENTED_EDGE ( 'NONE', *, *, #1982, .T. ) ;
#2713 = CARTESIAN_POINT ( 'NONE',  ( 6.617808062327154239, -15.28173181377423973, 25.81649972284539629 ) ) ;
#2714 = AXIS2_PLACEMENT_3D ( 'NONE', #2453, #4945, #2019 ) ;
#2715 = CARTESIAN_POINT ( 'NONE',  ( 5.400000000000000355, -6.550421062991286014, -29.27613334949682411 ) ) ;
#2716 = ORIENTED_EDGE ( 'NONE', *, *, #2192, .F. ) ;
#2717 = DIRECTION ( 'NONE',  ( 0.000000000000000000, 0.9659258262890653146, -0.2588190451025315642 ) ) ;
#2718 = DIRECTION ( 'NONE',  ( -1.000000000000000000, -0.000000000000000000, -0.000000000000000000 ) ) ;
#2719 = EDGE_CURVE ( 'NONE', #3249, #401, #997, .T. ) ;
#2720 = AXIS2_PLACEMENT_3D ( 'NONE', #809, #830, #1963 ) ;
#2721 = AXIS2_PLACEMENT_3D ( 'NONE', #5319, #3174, #1517 ) ;
#2722 = CARTESIAN_POINT ( 'NONE',  ( 17.83479994660072165, 16.06950526508255805, -25.33319957161914360 ) ) ;
#2723 = CARTESIAN_POINT ( 'NONE',  ( 5.235554828642886349, 8.957427707450683840, 28.63153409387707526 ) ) ;
#2724 = CARTESIAN_POINT ( 'NONE',  ( 5.400000000000000355, 14.99999999999975664, -25.98076211353329867 ) ) ;
#2725 = ORIENTED_EDGE ( 'NONE', *, *, #2537, .F. ) ;
#2726 = CIRCLE ( 'NONE', #715, 1.649999999999998801 ) ;
#2727 = CARTESIAN_POINT ( 'NONE',  ( 18.62993683877107287, 25.41766864831410189, 15.93568411321006906 ) ) ;
#2728 = CIRCLE ( 'NONE', #2031, 1.649999999999999689 ) ;
#2729 = AXIS2_PLACEMENT_3D ( 'NONE', #2863, #3629, #1593 ) ;
#2730 = AXIS2_PLACEMENT_3D ( 'NONE', #2862, #2400, #3731 ) ;
#2731 = DIRECTION ( 'NONE',  ( 0.000000000000000000, 0.9659258262890653146, -0.2588190451025315642 ) ) ;
#2732 = DIRECTION ( 'NONE',  ( -1.000000000000000000, 0.000000000000000000, 0.000000000000000000 ) ) ;
#2733 = DIRECTION ( 'NONE',  ( -1.000000000000000000, 0.000000000000000000, 0.000000000000000000 ) ) ;
#2734 = DIRECTION ( 'NONE',  ( 0.000000000000000000, 0.000000000000000000, 1.000000000000000000 ) ) ;
#2735 = ORIENTED_EDGE ( 'NONE', *, *, #1632, .F. ) ;
#2736 =( NAMED_UNIT ( * ) SI_UNIT ( $, .STERADIAN. ) SOLID_ANGLE_UNIT ( ) );
#2737 = FACE_BOUND ( 'NONE', #1761, .T. ) ;
#2738 = DIRECTION ( 'NONE',  ( 0.000000000000000000, 0.9659258262890653146, -0.2588190451025315642 ) ) ;
#2739 = ORIENTED_EDGE ( 'NONE', *, *, #1147, .F. ) ;
#2740 = CARTESIAN_POINT ( 'NONE',  ( 6.167943080898839803, 28.70316482736713581, -8.725915513464579831 ) ) ;
#2741 = EDGE_CURVE ( 'NONE', #879, #5385, #1392, .T. ) ;
#2742 =( NAMED_UNIT ( * ) SI_UNIT ( $, .STERADIAN. ) SOLID_ANGLE_UNIT ( ) );
#2743 = VERTEX_POINT ( 'NONE', #3483 ) ;
#2744 = DIRECTION ( 'NONE',  ( 0.000000000000000000, -0.9659258262890675351, 0.2588190451025234595 ) ) ;
#2745 = CARTESIAN_POINT ( 'NONE',  ( 6.000000000000000000, 2.828099884462937892E-13, -27.00000000000000000 ) ) ;
#2746 = ORIENTED_EDGE ( 'NONE', *, *, #5260, .F. ) ;
#2747 = ADVANCED_FACE ( 'NONE', ( #2617 ), #3314, .F. ) ;
#2748 = CARTESIAN_POINT ( 'NONE',  ( 19.21717002221313209, -8.081322561085283240, -28.89143605349316601 ) ) ;
#2749 = CARTESIAN_POINT ( 'NONE',  ( 16.78232671260638398, -28.89192367621396329, 8.079582930052826129 ) ) ;
#2750 = CARTESIAN_POINT ( 'NONE',  ( 72.00000000000000000, -9.974342258674420592, -0.7158886134074701202 ) ) ;
#2751 =( NAMED_UNIT ( * ) SI_UNIT ( $, .STERADIAN. ) SOLID_ANGLE_UNIT ( ) );
#2752 = ORIENTED_EDGE ( 'NONE', *, *, #1154, .F. ) ;
#2753 = EDGE_CURVE ( 'NONE', #4342, #5262, #3044, .T. ) ;
#2754 = CARTESIAN_POINT ( 'NONE',  ( 18.32923724168477975, 25.35103745371665340, 16.04147149396714411 ) ) ;
#2755 = DIRECTION ( 'NONE',  ( -1.000000000000000000, -0.000000000000000000, -0.000000000000000000 ) ) ;
#2756 = SURFACE_STYLE_USAGE ( .BOTH. , #729 ) ;
#2757 = SURFACE_STYLE_USAGE ( .BOTH. , #4391 ) ;
#2758 = DIRECTION ( 'NONE',  ( -1.000000000000000000, -0.000000000000000000, -0.000000000000000000 ) ) ;
#2759 = VERTEX_POINT ( 'NONE', #2587 ) ;
#2760 = DIRECTION ( 'NONE',  ( 0.000000000000000000, 0.000000000000000000, -1.000000000000000000 ) ) ;
#2761 = ORIENTED_EDGE ( 'NONE', *, *, #4613, .T. ) ;
#2762 = B_SPLINE_CURVE_WITH_KNOTS ( 'NONE', 3,
 ( #3844, #1858, #117, #3015, #1803, #5134, #1832, #3538, #1444, #3100, #4772, #3951, #5218, #4858, #4008, #1909, #5307, #699, #4503, #4833 ),
 .UNSPECIFIED., .F., .F.,
 ( 4, 2, 2, 2, 2, 2, 2, 2, 2, 4 ),
 ( 0.000000000000000000, 0.0004885617222700073528, 0.0009771234445400147055, 0.001465685166810021950, 0.001954246889080029411, 0.002442808611350036872, 0.002931370333620043900, 0.003419932055890051361, 0.003664212917025050538, 0.003908493778160049281 ),
 .UNSPECIFIED. ) ;
#2763 = FACE_BOUND ( 'NONE', #5369, .T. ) ;
#2764 =( NAMED_UNIT ( * ) SI_UNIT ( $, .STERADIAN. ) SOLID_ANGLE_UNIT ( ) );
#2765 = EDGE_LOOP ( 'NONE', ( #3007, #1967, #359 ) ) ;
#2766 = CARTESIAN_POINT ( 'NONE',  ( 18.00000000000000355, 13.91746824526921422, -26.60576211353328091 ) ) ;
#2767 = DIRECTION ( 'NONE',  ( 1.000000000000000000, 0.000000000000000000, 0.000000000000000000 ) ) ;
#2768 = AXIS2_PLACEMENT_3D ( 'NONE', #2819, #711, #2290 ) ;
#2769 = CIRCLE ( 'NONE', #107, 0.9999999999955149210 ) ;
#2770 = EDGE_CURVE ( 'NONE', #2884, #1474, #4269, .T. ) ;
#2771 = ORIENTED_EDGE ( 'NONE', *, *, #3872, .F. ) ;
#2772 = CARTESIAN_POINT ( 'NONE',  ( 6.167943080898843355, -14.12604845931476127, 26.46635652257822713 ) ) ;
#2773 =( LENGTH_UNIT ( ) NAMED_UNIT ( * ) SI_UNIT ( .MILLI., .METRE. ) );
#2774 = SURFACE_SIDE_STYLE ('',( #364 ) ) ;
#2775 = MECHANICAL_DESIGN_GEOMETRIC_PRESENTATION_REPRESENTATION (  '', ( #1899 ), #2679 ) ;
#2776 = AXIS2_PLACEMENT_3D ( 'NONE', #4826, #4796, #4851 ) ;
#2777 = ADVANCED_FACE ( 'NONE', ( #4240 ), #67, .F. ) ;
#2778 = CIRCLE ( 'NONE', #3555, 1.249999999999986233 ) ;
#2779 = CARTESIAN_POINT ( 'NONE',  ( 16.90753358152849373, 15.54154719847229593, -25.66092255366601549 ) ) ;
#2780 = CARTESIAN_POINT ( 'NONE',  ( 6.342152031970310411, -25.55820533043590004, -15.70927991116381151 ) ) ;
#2781 =( NAMED_UNIT ( * ) SI_UNIT ( $, .STERADIAN. ) SOLID_ANGLE_UNIT ( ) );
#2782 = EDGE_LOOP ( 'NONE', ( #931, #4677, #4733, #3511 ) ) ;
#2783 = CYLINDRICAL_SURFACE ( 'NONE', #2370, 30.00000000000000000 ) ;
#2784 = LINE ( 'NONE', #696, #2445 ) ;
#2785 = CIRCLE ( 'NONE', #1030, 1.249999999999986899 ) ;
#2786 = CIRCLE ( 'NONE', #3300, 1.650000000000000799 ) ;
#2787 = EDGE_CURVE ( 'NONE', #3876, #3018, #3478, .T. ) ;
#2788 =( GEOMETRIC_REPRESENTATION_CONTEXT ( 3 ) GLOBAL_UNCERTAINTY_ASSIGNED_CONTEXT ( ( #1791 ) ) GLOBAL_UNIT_ASSIGNED_CONTEXT ( ( #4596, #3079, #581 ) ) REPRESENTATION_CONTEXT ( 'NONE', 'WORKASPACE' ) );
#2789 = CARTESIAN_POINT ( 'NONE',  ( 0.000000000000000000, 19.09188309203701550, -17.44188309203655152 ) ) ;
#2790 = ORIENTED_EDGE ( 'NONE', *, *, #5359, .F. ) ;
#2791 = CARTESIAN_POINT ( 'NONE',  ( 6.167943080898839803, -28.70316482736713581, 8.725915513464579831 ) ) ;
#2792 = FILL_AREA_STYLE_COLOUR ( '', #2166 ) ;
#2793 = ORIENTED_EDGE ( 'NONE', *, *, #868, .T. ) ;
#2794 = COLOUR_RGB ( '',1.000000000000000000, 1.000000000000000000, 1.000000000000000000 ) ;
#2795 = CARTESIAN_POINT ( 'NONE',  ( 17.59743699992791122, 8.904322796465399037, 28.64810676417893021 ) ) ;
#2796 = VERTEX_POINT ( 'NONE', #2565 ) ;
#2797 = DIRECTION ( 'NONE',  ( 0.000000000000000000, 0.000000000000000000, 1.000000000000000000 ) ) ;
#2798 = VERTEX_POINT ( 'NONE', #5082 ) ;
#2799 = PLANE ( 'NONE',  #4874 ) ;
#2800 = FACE_OUTER_BOUND ( 'NONE', #4982, .T. ) ;
#2801 = AXIS2_PLACEMENT_3D ( 'NONE', #1668, #3332, #5005 ) ;
#2802 = CARTESIAN_POINT ( 'NONE',  ( 16.78287268560915635, 15.28339045981508271, -25.81551106758145409 ) ) ;
#2803 = CARTESIAN_POINT ( 'NONE',  ( 6.028424492048160666, -26.50994909653179121, -14.04373456311269663 ) ) ;
#2804 = DIRECTION ( 'NONE',  ( -0.000000000000000000, -0.4999999999999980571, 0.8660254037844397068 ) ) ;
#2805 = ORIENTED_EDGE ( 'NONE', *, *, #4589, .T. ) ;
#2806 = CARTESIAN_POINT ( 'NONE',  ( 4.307533581528495858, 25.66092255366595865, 15.54154719847238297 ) ) ;
#2807 = FACE_OUTER_BOUND ( 'NONE', #926, .T. ) ;
#2808 = EDGE_CURVE ( 'NONE', #2895, #5304, #1801, .T. ) ;
#2809 = VECTOR ( 'NONE', #2641, 1000.000000000000000 ) ;
#2810 = AXIS2_PLACEMENT_3D ( 'NONE', #3234, #2390, #1547 ) ;
#2811 = CARTESIAN_POINT ( 'NONE',  ( 5.235554828642886349, -26.57940978748109018, -13.91169403962744688 ) ) ;
#2812 = DIRECTION ( 'NONE',  ( -0.000000000000000000, 0.8660254037844414832, 0.4999999999999950595 ) ) ;
#2813 = CARTESIAN_POINT ( 'NONE',  ( 86.50000000000000000, -19.81969897660377811, 12.62654079614884850 ) ) ;
#2814 = VERTEX_POINT ( 'NONE', #1361 ) ;
#2815 = DIRECTION ( 'NONE',  ( 0.000000000000000000, 0.000000000000000000, -1.000000000000000000 ) ) ;
#2816 = CARTESIAN_POINT ( 'NONE',  ( 6.000000000000000000, 19.09188309203701550, -19.09188309203655010 ) ) ;
#2817 = EDGE_CURVE ( 'NONE', #2113, #49, #3043, .T. ) ;
#2818 = CARTESIAN_POINT ( 'NONE',  ( 5.234799946600722009, -29.27613334949688095, 6.550421062990979593 ) ) ;
#2819 = CARTESIAN_POINT ( 'NONE',  ( 72.00000000000000000, 0.000000000000000000, 0.000000000000000000 ) ) ;
#2820 = EDGE_LOOP ( 'NONE', ( #3232, #3054, #3200 ) ) ;
#2821 = CARTESIAN_POINT ( 'NONE',  ( 5.565162518034412642, 29.27613334949689516, -6.550421062990983145 ) ) ;
#2822 = CARTESIAN_POINT ( 'NONE',  ( 5.400000000000000355, -7.764571353075943705, -28.97777478867196166 ) ) ;
#2823 = ORIENTED_EDGE ( 'NONE', *, *, #3237, .T. ) ;
#2824 = DIRECTION ( 'NONE',  ( -1.000000000000000000, -0.000000000000000000, -0.000000000000000000 ) ) ;
#2825 = CARTESIAN_POINT ( 'NONE',  ( 6.000000000000000000, -9.411691529887117535E-14, 25.75000000000000355 ) ) ;
#2826 = UNCERTAINTY_MEASURE_WITH_UNIT (LENGTH_MEASURE( 1.000000000000000082E-05 ), #3601, 'distance_accuracy_value', 'NONE');
#2827 = CARTESIAN_POINT ( 'NONE',  ( 18.99489523551410741, -7.026880781000047982, -29.16552006799477681 ) ) ;
#2828 = FILL_AREA_STYLE ('',( #4937 ) ) ;
#2829 = CARTESIAN_POINT ( 'NONE',  ( 6.000000000000000000, -19.09188309203688050, 17.84188309203668155 ) ) ;
#2830 = CARTESIAN_POINT ( 'NONE',  ( 6.617808062327157792, -25.81649972284556682, -15.28173181377397327 ) ) ;
#2831 = CARTESIAN_POINT ( 'NONE',  ( 2.000000000000000000, -19.09188309203688050, 19.09188309203668155 ) ) ;
#2832 = EDGE_LOOP ( 'NONE', ( #4622, #1607, #1424 ) ) ;
#2833 = CARTESIAN_POINT ( 'NONE',  ( 18.00000000000000355, -25.98076211353335196, -14.99999999999966604 ) ) ;
#2834 = ADVANCED_FACE ( 'NONE', ( #4801 ), #5246, .F. ) ;
#2835 = CYLINDRICAL_SURFACE ( 'NONE', #5162, 1.649999999999999689 ) ;
#2836 = CARTESIAN_POINT ( 'NONE',  ( 6.000000000000000000, -9.426999614876460059E-14, 28.24999999999999645 ) ) ;
#2837 = ORIENTED_EDGE ( 'NONE', *, *, #3537, .T. ) ;
#2838 = SURFACE_STYLE_USAGE ( .BOTH. , #1663 ) ;
#2839 = DIRECTION ( 'NONE',  ( -0.000000000000000000, -0.2588190451025312311, -0.9659258262890654256 ) ) ;
#2840 = EDGE_CURVE ( 'NONE', #3002, #2921, #1442, .T. ) ;
#2841 =( LENGTH_UNIT ( ) NAMED_UNIT ( * ) SI_UNIT ( .MILLI., .METRE. ) );
#2842 = CARTESIAN_POINT ( 'NONE',  ( 17.99999999999937117, 13.90444175561530926, -26.58319957162232328 ) ) ;
#2843 = ORIENTED_EDGE ( 'NONE', *, *, #4925, .T. ) ;
#2844 = CARTESIAN_POINT ( 'NONE',  ( 17.59743699992791122, 26.55357759236180470, 13.96096352985243527 ) ) ;
#2845 = ORIENTED_EDGE ( 'NONE', *, *, #4716, .T. ) ;
#2846 = DIRECTION ( 'NONE',  ( 0.000000000000000000, 0.2588190451025206840, 0.9659258262890683122 ) ) ;
#2847 = EDGE_CURVE ( 'NONE', #3168, #3785, #5337, .T. ) ;
#2848 = ORIENTED_EDGE ( 'NONE', *, *, #3343, .F. ) ;
#2849 = DIRECTION ( 'NONE',  ( -1.000000000000000000, 0.000000000000000000, 0.000000000000000000 ) ) ;
#2850 = CARTESIAN_POINT ( 'NONE',  ( 6.751075773784450895, -19.09188309203661404, -19.09188309203694800 ) ) ;
#2851 = CARTESIAN_POINT ( 'NONE',  ( 14.90000000000000036, 3.673940397442059178E-15, -30.00000000000000000 ) ) ;
#2852 =( NAMED_UNIT ( * ) SI_UNIT ( $, .STERADIAN. ) SOLID_ANGLE_UNIT ( ) );
#2853 =( LENGTH_UNIT ( ) NAMED_UNIT ( * ) SI_UNIT ( .MILLI., .METRE. ) );
#2854 = DIRECTION ( 'NONE',  ( -0.000000000000000000, -0.8660254037844448138, -0.4999999999999892308 ) ) ;
#2855 = ORIENTED_EDGE ( 'NONE', *, *, #2677, .F. ) ;
#2856 = CARTESIAN_POINT ( 'NONE',  ( 4.150058104539148474, 25.89899831405382713, 15.14161421287345632 ) ) ;
#2857 = AXIS2_PLACEMENT_3D ( 'NONE', #2887, #2020, #3324 ) ;
#2858 = CONICAL_SURFACE ( 'NONE', #389, 1.249999999999986899, 1.029744258676642099 ) ;
#2859 = DIRECTION ( 'NONE',  ( 0.000000000000000000, 0.7071067811865539010, -0.7071067811865413555 ) ) ;
#2860 = FACE_OUTER_BOUND ( 'NONE', #2394, .T. ) ;
#2861 = EDGE_LOOP ( 'NONE', ( #958, #1466, #361 ) ) ;
#2862 = CARTESIAN_POINT ( 'NONE',  ( 18.00000000000000355, -25.98076211353335196, -14.99999999999966604 ) ) ;
#2863 = CARTESIAN_POINT ( 'NONE',  ( 18.00000000000000355, 14.99999999999975664, -25.98076211353329867 ) ) ;
#2864 = STYLED_ITEM ( 'NONE', ( #2034 ), #2036 ) ;
#2865 = SURFACE_STYLE_USAGE ( .BOTH. , #839 ) ;
#2866 = VERTEX_POINT ( 'NONE', #4857 ) ;
#2867 = CARTESIAN_POINT ( 'NONE',  ( 18.00000000000000355, 25.33319957161908675, 16.06950526508263621 ) ) ;
#2868 = ORIENTED_EDGE ( 'NONE', *, *, #3003, .F. ) ;
#2869 = B_SPLINE_CURVE_WITH_KNOTS ( 'NONE', 3,
 ( #2426, #2062, #3728, #5415, #85, #1692, #4163, #4662, #1797, #865, #2533, #5077, #3350, #5024, #436, #3449, #3403, #2933, #4186, #5128 ),
 .UNSPECIFIED., .F., .F.,
 ( 4, 2, 2, 2, 2, 2, 2, 2, 2, 4 ),
 ( 0.000000000000000000, 0.0004885617222700074612, 0.0009771234445400149224, 0.001465685166810022384, 0.001954246889080029845, 0.002442808611350034704, 0.002931370333620039563, 0.003419932055890044422, 0.003664212917025046635, 0.003908493778160049281 ),
 .UNSPECIFIED. ) ;
#2870 = EDGE_CURVE ( 'NONE', #3012, #10, #4831, .T. ) ;
#2871 = ORIENTED_EDGE ( 'NONE', *, *, #1005, .T. ) ;
#2872 = B_SPLINE_CURVE_WITH_KNOTS ( 'NONE', 3,
 ( #4883, #2722, #2331, #4497, #3532, #3999, #2779, #2802, #3595, #1140, #173, #4384, #3123, #723, #1110, #2391, #2472, #365, #3716, #5406 ),
 .UNSPECIFIED., .F., .F.,
 ( 4, 2, 2, 2, 2, 2, 2, 2, 2, 4 ),
 ( 0.000000000000000000, 0.0004885617222700080033, 0.0009771234445400160066, 0.001465685166810023901, 0.001954246889080032013, 0.002442808611350040342, 0.002931370333620047803, 0.003419932055890056131, 0.003664212917025055308, 0.003908493778160054485 ),
 .UNSPECIFIED. ) ;
#2873 = CARTESIAN_POINT ( 'NONE',  ( 72.00000000000000000, 0.000000000000000000, 0.000000000000000000 ) ) ;
#2874 =( LENGTH_UNIT ( ) NAMED_UNIT ( * ) SI_UNIT ( .MILLI., .METRE. ) );
#2875 = UNCERTAINTY_MEASURE_WITH_UNIT (LENGTH_MEASURE( 1.000000000000000082E-05 ), #2874, 'distance_accuracy_value', 'NONE');
#2876 = CARTESIAN_POINT ( 'NONE',  ( 18.94215203197031627, -6.964241951367809769, -29.18051865685094981 ) ) ;
#2877 = EDGE_CURVE ( 'NONE', #1122, #251, #318, .T. ) ;
#2878 = VECTOR ( 'NONE', #1091, 1000.000000000000114 ) ;
#2879 = AXIS2_PLACEMENT_3D ( 'NONE', #2450, #1988, #2422 ) ;
#2880 = DIRECTION ( 'NONE',  ( 0.000000000000000000, 0.000000000000000000, 1.000000000000000000 ) ) ;
#2881 = EDGE_LOOP ( 'NONE', ( #121, #1629, #4592 ) ) ;
#2882 = DIRECTION ( 'NONE',  ( 0.000000000000000000, 0.000000000000000000, 1.000000000000000000 ) ) ;
#2883 = CARTESIAN_POINT ( 'NONE',  ( 5.400000000000000355, -11.24999999999995737, 19.48557158514990206 ) ) ;
#2884 = VERTEX_POINT ( 'NONE', #5281 ) ;
#2885 = CARTESIAN_POINT ( 'NONE',  ( 2.000000000000000000, -27.00000000000000000, 0.000000000000000000 ) ) ;
#2886 =( NAMED_UNIT ( * ) SI_UNIT ( $, .STERADIAN. ) SOLID_ANGLE_UNIT ( ) );
#2887 = CARTESIAN_POINT ( 'NONE',  ( 14.90000000000000036, 0.000000000000000000, -30.00000000000000000 ) ) ;
#2888 = EDGE_LOOP ( 'NONE', ( #2467, #1743, #3374, #191 ) ) ;
#2889 =( NAMED_UNIT ( * ) PLANE_ANGLE_UNIT ( ) SI_UNIT ( $, .RADIAN. ) );
#2890 = STYLED_ITEM ( 'NONE', ( #463 ), #3678 ) ;
#2891 = APPLICATION_PROTOCOL_DEFINITION ( 'draft international standard', 'automotive_design', 1998, #4038 ) ;
#2892 = AXIS2_PLACEMENT_3D ( 'NONE', #1354, #4234, #2087 ) ;
#2893 = AXIS2_PLACEMENT_3D ( 'NONE', #3426, #4265, #5103 ) ;
#2894 = DIRECTION ( 'NONE',  ( 0.000000000000000000, 0.000000000000000000, 1.000000000000000000 ) ) ;
#2895 = VERTEX_POINT ( 'NONE', #640 ) ;
#2896 = CARTESIAN_POINT ( 'NONE',  ( 5.318413767684622151, 13.90444175562153006, -26.58319957161909031 ) ) ;
#2897 = VERTEX_POINT ( 'NONE', #4353 ) ;
#2898 = VECTOR ( 'NONE', #964, 1000.000000000000114 ) ;
#2899 = PRESENTATION_LAYER_ASSIGNMENT (  '', '', ( #1762 ) ) ;
#2900 = ORIENTED_EDGE ( 'NONE', *, *, #4340, .F. ) ;
#2901 = EDGE_CURVE ( 'NONE', #3466, #5394, #2784, .T. ) ;
#2902 = CARTESIAN_POINT ( 'NONE',  ( 6.398580922182549813, 14.32890280943195371, -26.35708286083612606 ) ) ;
#2903 = SURFACE_STYLE_FILL_AREA ( #2185 ) ;
#2904 = EDGE_CURVE ( 'NONE', #2581, #5139, #2336, .T. ) ;
#2905 = CARTESIAN_POINT ( 'NONE',  ( 17.37019887523397799, -14.04428208010059365, 26.50966019013368324 ) ) ;
#2906 = CARTESIAN_POINT ( 'NONE',  ( 86.50000000000000000, -19.81969897660377811, 16.32654079614894016 ) ) ;
#2907 = ORIENTED_EDGE ( 'NONE', *, *, #3531, .T. ) ;
#2908 = FACE_OUTER_BOUND ( 'NONE', #906, .T. ) ;
#2909 = PLANE ( 'NONE',  #3751 ) ;
#2910 = EDGE_CURVE ( 'NONE', #1223, #3899, #5062, .T. ) ;
#2911 = DIRECTION ( 'NONE',  ( -1.000000000000000000, -0.000000000000000000, -0.000000000000000000 ) ) ;
#2912 = PRESENTATION_STYLE_ASSIGNMENT (( #351 ) ) ;
#2913 =( NAMED_UNIT ( * ) SI_UNIT ( $, .STERADIAN. ) SOLID_ANGLE_UNIT ( ) );
#2914 =( NAMED_UNIT ( * ) PLANE_ANGLE_UNIT ( ) SI_UNIT ( $, .RADIAN. ) );
#2915 = CARTESIAN_POINT ( 'NONE',  ( 5.400000000000000355, -28.97777478867204337, 7.764571353075640836 ) ) ;
#2916 =( LENGTH_UNIT ( ) NAMED_UNIT ( * ) SI_UNIT ( .MILLI., .METRE. ) );
#2917 = ORIENTED_EDGE ( 'NONE', *, *, #1632, .T. ) ;
#2918 = CARTESIAN_POINT ( 'NONE',  ( 17.67269594614331396, 25.35068205729325186, 16.04203427539582449 ) ) ;
#2919 = ORIENTED_EDGE ( 'NONE', *, *, #448, .F. ) ;
#2920 = ORIENTED_EDGE ( 'NONE', *, *, #2495, .T. ) ;
#2921 = VERTEX_POINT ( 'NONE', #1609 ) ;
#2922 = FACE_BOUND ( 'NONE', #843, .T. ) ;
#2923 = UNCERTAINTY_MEASURE_WITH_UNIT (LENGTH_MEASURE( 1.000000000000000082E-05 ), #4264, 'distance_accuracy_value', 'NONE');
#2924 = CARTESIAN_POINT ( 'NONE',  ( 2.000000000000000000, -19.09188309203688050, 19.09188309203668155 ) ) ;
#2925 = ADVANCED_FACE ( 'NONE', ( #831 ), #1631, .F. ) ;
#2926 = CARTESIAN_POINT ( 'NONE',  ( 17.36992144785137526, -15.93575088777026139, 25.41762750741842325 ) ) ;
#2927 = DIRECTION ( 'NONE',  ( 0.000000000000000000, 0.9659258262890653146, -0.2588190451025317307 ) ) ;
#2928 = EDGE_LOOP ( 'NONE', ( #3615, #4901, #808 ) ) ;
#2929 = CARTESIAN_POINT ( 'NONE',  ( 0.000000000000000000, -19.09188309203688050, 20.34188309203667799 ) ) ;
#2930 = EDGE_CURVE ( 'NONE', #2866, #1672, #137, .T. ) ;
#2931 = AXIS2_PLACEMENT_3D ( 'NONE', #4744, #3509, #5127 ) ;
#2932 = DIRECTION ( 'NONE',  ( -0.000000000000000000, 0.4999999999999921174, -0.8660254037844431485 ) ) ;
#2933 = CARTESIAN_POINT ( 'NONE',  ( 17.83555482864288777, -8.957427707450879240, -28.63153409387703263 ) ) ;
#2934 = ORIENTED_EDGE ( 'NONE', *, *, #1709, .F. ) ;
#2935 = CARTESIAN_POINT ( 'NONE',  ( 72.00000000000000000, 0.000000000000000000, 0.000000000000000000 ) ) ;
#2936 = SURFACE_SIDE_STYLE ('',( #5293 ) ) ;
#2937 = AXIS2_PLACEMENT_3D ( 'NONE', #209, #1912, #2375 ) ;
#2938 = AXIS2_PLACEMENT_3D ( 'NONE', #1493, #1983, #3619 ) ;
#2939 = EDGE_CURVE ( 'NONE', #1574, #4701, #1689, .T. ) ;
#2940 = AXIS2_PLACEMENT_3D ( 'NONE', #344, #1195, #4915 ) ;
#2941 = DIRECTION ( 'NONE',  ( -1.000000000000000000, -0.000000000000000000, -0.000000000000000000 ) ) ;
#2942 = CONICAL_SURFACE ( 'NONE', #2431, 1.249999999999997558, 1.029744258676653423 ) ;
#2943 = CARTESIAN_POINT ( 'NONE',  ( 4.997436999927917789, 13.96096352985234113, -26.55357759236184734 ) ) ;
#2944 = ORIENTED_EDGE ( 'NONE', *, *, #3058, .F. ) ;
#2945 = AXIS2_PLACEMENT_3D ( 'NONE', #3501, #3556, #1106 ) ;
#2946 = AXIS2_PLACEMENT_3D ( 'NONE', #1505, #4893, #1032 ) ;
#2947 = ORIENTED_EDGE ( 'NONE', *, *, #4015, .F. ) ;
#2948 = ORIENTED_EDGE ( 'NONE', *, *, #1690, .F. ) ;
#2949 = DIRECTION ( 'NONE',  ( -1.000000000000000000, -0.000000000000000000, -0.000000000000000000 ) ) ;
#2950 = DIRECTION ( 'NONE',  ( -0.000000000000000000, 0.9659258262890682012, -0.2588190451025211836 ) ) ;
#2951 = AXIS2_PLACEMENT_3D ( 'NONE', #129, #4815, #2709 ) ;
#2952 =( LENGTH_UNIT ( ) NAMED_UNIT ( * ) SI_UNIT ( .MILLI., .METRE. ) );
#2953 = CYLINDRICAL_SURFACE ( 'NONE', #524, 30.00000000000000000 ) ;
#2954 = SURFACE_STYLE_USAGE ( .BOTH. , #2606 ) ;
#2955 = ORIENTED_EDGE ( 'NONE', *, *, #1349, .T. ) ;
#2956 = DIRECTION ( 'NONE',  ( -1.000000000000000000, -0.000000000000000000, -0.000000000000000000 ) ) ;
#2957 = AXIS2_PLACEMENT_3D ( 'NONE', #2667, #237, #3975 ) ;
#2958 = CARTESIAN_POINT ( 'NONE',  ( 6.342152031970308634, 25.55820533043579701, 15.70927991116399092 ) ) ;
#2959 = ORIENTED_EDGE ( 'NONE', *, *, #1344, .T. ) ;
#2960 = DIRECTION ( 'NONE',  ( -1.000000000000000000, 0.000000000000000000, 0.000000000000000000 ) ) ;
#2961 = DIRECTION ( 'NONE',  ( -1.000000000000000000, -0.000000000000000000, -0.000000000000000000 ) ) ;
#2962 = ORIENTED_EDGE ( 'NONE', *, *, #2904, .T. ) ;
#2963 = ADVANCED_FACE ( 'NONE', ( #811 ), #4942, .F. ) ;
#2964 = CARTESIAN_POINT ( 'NONE',  ( 19.09161793938559271, 8.372067598227227236, 28.80852887080672176 ) ) ;
#2965 = DIRECTION ( 'NONE',  ( -0.000000000000000000, 0.2588190451025245142, 0.9659258262890673130 ) ) ;
#2966 = CARTESIAN_POINT ( 'NONE',  ( 4.149942053713996160, -28.93568437672514193, 7.921664237608061931 ) ) ;
#2967 = CARTESIAN_POINT ( 'NONE',  ( 72.00000000000000000, 0.000000000000000000, 0.000000000000000000 ) ) ;
#2968 = STYLED_ITEM ( 'NONE', ( #2912 ), #3664 ) ;
#2969 = CARTESIAN_POINT ( 'NONE',  ( 6.000000000000000000, -19.09188309203661404, -19.09188309203694800 ) ) ;
#2970 = DIRECTION ( 'NONE',  ( -1.000000000000000000, -0.000000000000000000, -0.000000000000000000 ) ) ;
#2971 = EDGE_LOOP ( 'NONE', ( #3937, #1372 ) ) ;
#2972 = ADVANCED_FACE ( 'NONE', ( #2807, #317 ), #2909, .T. ) ;
#2973 = FACE_OUTER_BOUND ( 'NONE', #4659, .T. ) ;
#2974 = EDGE_LOOP ( 'NONE', ( #1449, #60, #630, #1926 ) ) ;
#2975 = AXIS2_PLACEMENT_3D ( 'NONE', #1688, #3008, #4713 ) ;
#2976 = VECTOR ( 'NONE', #4350, 1000.000000000000000 ) ;
#2977 = ORIENTED_EDGE ( 'NONE', *, *, #992, .T. ) ;
#2978 = ORIENTED_EDGE ( 'NONE', *, *, #4238, .F. ) ;
#2979 = ADVANCED_FACE ( 'NONE', ( #1146 ), #4478, .F. ) ;
#2980 = AXIS2_PLACEMENT_3D ( 'NONE', #990, #3592, #5206 ) ;
#2981 = DIRECTION ( 'NONE',  ( 0.000000000000000000, 0.000000000000000000, 1.000000000000000000 ) ) ;
#2982 = DIRECTION ( 'NONE',  ( 0.000000000000000000, 0.2588190451025206840, 0.9659258262890683122 ) ) ;
#2983 = VECTOR ( 'NONE', #3482, 1000.000000000000114 ) ;
#2984 = FACE_OUTER_BOUND ( 'NONE', #4216, .T. ) ;
#2985 = FACE_BOUND ( 'NONE', #2971, .T. ) ;
#2986 = SURFACE_STYLE_FILL_AREA ( #1294 ) ;
#2987 = ORIENTED_EDGE ( 'NONE', *, *, #1385, .T. ) ;
#2988 = CARTESIAN_POINT ( 'NONE',  ( 2.000000000000000000, -9.426999614876460059E-14, 27.00000000000000000 ) ) ;
#2989 = CARTESIAN_POINT ( 'NONE',  ( 6.617170022213132441, 26.14368833554168958, 14.71497236774342987 ) ) ;
#2990 =( NAMED_UNIT ( * ) SI_UNIT ( $, .STERADIAN. ) SOLID_ANGLE_UNIT ( ) );
#2991 = SURFACE_SIDE_STYLE ('',( #894 ) ) ;
#2992 = ORIENTED_EDGE ( 'NONE', *, *, #3639, .T. ) ;
#2993 = DIRECTION ( 'NONE',  ( 0.000000000000000000, 0.2588190451025206840, 0.9659258262890683122 ) ) ;
#2994 = ADVANCED_FACE ( 'NONE', ( #5382 ), #3139, .F. ) ;
#2995 = CARTESIAN_POINT ( 'NONE',  ( 17.23125683152127863, -25.46701090210078533, -15.85700699936846902 ) ) ;
#2996 = CARTESIAN_POINT ( 'NONE',  ( 2.000000000000000000, -9.406792942690527876E-14, 25.35000000000000142 ) ) ;
#2997 = VERTEX_POINT ( 'NONE', #727 ) ;
#2998 = DIRECTION ( 'NONE',  ( 0.000000000000000000, 0.000000000000000000, 1.000000000000000000 ) ) ;
#2999 = ORIENTED_EDGE ( 'NONE', *, *, #813, .T. ) ;
#3000 = EDGE_CURVE ( 'NONE', #1079, #154, #4086, .T. ) ;
#3001 = ORIENTED_EDGE ( 'NONE', *, *, #1588, .F. ) ;
#3002 = VERTEX_POINT ( 'NONE', #2015 ) ;
#3003 = EDGE_CURVE ( 'NONE', #401, #5139, #4502, .T. ) ;
#3004 = DIRECTION ( 'NONE',  ( -1.000000000000000000, -0.000000000000000000, -0.000000000000000000 ) ) ;
#3005 = CARTESIAN_POINT ( 'NONE',  ( 16.99924456868885159, -14.33100599963766797, 26.35594625562203319 ) ) ;
#3006 = DIRECTION ( 'NONE',  ( -1.000000000000000000, -0.000000000000000000, -0.000000000000000000 ) ) ;
#3007 = ORIENTED_EDGE ( 'NONE', *, *, #5420, .F. ) ;
#3008 = DIRECTION ( 'NONE',  ( -1.000000000000000000, 0.000000000000000000, 0.000000000000000000 ) ) ;
#3009 = CARTESIAN_POINT ( 'NONE',  ( 2.000000000000000000, -19.09188309203661404, -20.74188309203694658 ) ) ;
#3010 = B_SPLINE_CURVE_WITH_KNOTS ( 'NONE', 3,
 ( #3868, #3432, #3075, #553, #608, #949, #4323, #923, #2589, #3514, #4273, #4244, #978, #90, #179, #577, #4695, #2202, #2695, #2256 ),
 .UNSPECIFIED., .F., .F.,
 ( 4, 2, 2, 2, 2, 2, 2, 2, 2, 4 ),
 ( 0.003908493778160054485, 0.004396944493550052242, 0.004885395208940049999, 0.005373845924330046889, 0.005862296639720044646, 0.006350747355110042403, 0.006594972712805039113, 0.006839198070500040159, 0.007327648785890037916, 0.007816099501280036541 ),
 .UNSPECIFIED. ) ;
#3011 = PRESENTATION_STYLE_ASSIGNMENT (( #2141 ) ) ;
#3012 = VERTEX_POINT ( 'NONE', #3009 ) ;
#3013 = CARTESIAN_POINT ( 'NONE',  ( 18.32923724168477975, 6.582857220042275692, 29.26892376723206368 ) ) ;
#3014 = DIRECTION ( 'NONE',  ( 0.000000000000000000, 0.000000000000000000, 1.000000000000000000 ) ) ;
#3015 = CARTESIAN_POINT ( 'NONE',  ( 17.36992144785137526, 29.24125428821119854, -6.704699256127343077 ) ) ;
#3016 = DIRECTION ( 'NONE',  ( -0.000000000000000000, 0.9659258262890682012, -0.2588190451025211836 ) ) ;
#3017 = CARTESIAN_POINT ( 'NONE',  ( 5.563135389954343424, 8.965235628713861260, 28.62908573674052803 ) ) ;
#3018 = VERTEX_POINT ( 'NONE', #916 ) ;
#3019 = DIRECTION ( 'NONE',  ( -1.000000000000000000, -0.000000000000000000, -0.000000000000000000 ) ) ;
#3020 = ORIENTED_EDGE ( 'NONE', *, *, #2770, .F. ) ;
#3021 = CIRCLE ( 'NONE', #4237, 1.649999999999998801 ) ;
#3022 = MECHANICAL_DESIGN_GEOMETRIC_PRESENTATION_REPRESENTATION (  '', ( #3111 ), #1558 ) ;
#3023 = EDGE_LOOP ( 'NONE', ( #151, #4403, #3522, #3759 ) ) ;
#3024 = ORIENTED_EDGE ( 'NONE', *, *, #252, .T. ) ;
#3025 = EDGE_CURVE ( 'NONE', #4823, #132, #3424, .T. ) ;
#3026 = DIRECTION ( 'NONE',  ( -1.000000000000000000, -0.000000000000000000, -0.000000000000000000 ) ) ;
#3027 = VECTOR ( 'NONE', #5071, 1000.000000000000114 ) ;
#3028 = AXIS2_PLACEMENT_3D ( 'NONE', #2873, #2824, #849 ) ;
#3029 = MECHANICAL_DESIGN_GEOMETRIC_PRESENTATION_REPRESENTATION (  '', ( #1653 ), #2788 ) ;
#3030 =( NAMED_UNIT ( * ) PLANE_ANGLE_UNIT ( ) SI_UNIT ( $, .RADIAN. ) );
#3031 = DIRECTION ( 'NONE',  ( 0.000000000000000000, 0.000000000000000000, -1.000000000000000000 ) ) ;
#3032 = VERTEX_POINT ( 'NONE', #2529 ) ;
#3033 = EDGE_CURVE ( 'NONE', #3150, #2895, #4263, .T. ) ;
#3034 = CARTESIAN_POINT ( 'NONE',  ( 17.99999999999937117, -28.62908573673852075, 8.965235628720250816 ) ) ;
#3035 = DIRECTION ( 'NONE',  ( 0.000000000000000000, 0.000000000000000000, 1.000000000000000000 ) ) ;
#3036 = STYLED_ITEM ( 'NONE', ( #3750 ), #2339 ) ;
#3037 = PRESENTATION_STYLE_ASSIGNMENT (( #969 ) ) ;
#3038 = AXIS2_PLACEMENT_3D ( 'NONE', #3197, #2767, #739 ) ;
#3039 = DIRECTION ( 'NONE',  ( 0.000000000000000000, -0.7071067811865444641, -0.7071067811865506814 ) ) ;
#3040 = VERTEX_POINT ( 'NONE', #1771 ) ;
#3041 = EDGE_CURVE ( 'NONE', #1672, #4174, #515, .T. ) ;
#3042 = DIRECTION ( 'NONE',  ( 0.000000000000000000, 0.4999999999999890643, -0.8660254037844449249 ) ) ;
#3043 = LINE ( 'NONE', #4447, #689 ) ;
#3044 = CIRCLE ( 'NONE', #2262, 1.249999999999997558 ) ;
#3045 = CARTESIAN_POINT ( 'NONE',  ( 2.500000000000000000, 0.000000000000000000, 0.000000000000000000 ) ) ;
#3046 = CARTESIAN_POINT ( 'NONE',  ( 16.90755888607465707, -26.28998143082380778, -14.45198223091604284 ) ) ;
#3047 = CARTESIAN_POINT ( 'NONE',  ( 6.617170022213134217, -8.081322561085285017, -28.89143605349316957 ) ) ;
#3048 = VERTEX_POINT ( 'NONE', #3885 ) ;
#3049 = CARTESIAN_POINT ( 'NONE',  ( 72.00000000000000000, 0.000000000000000000, 0.000000000000000000 ) ) ;
#3050 =( GEOMETRIC_REPRESENTATION_CONTEXT ( 3 ) GLOBAL_UNCERTAINTY_ASSIGNED_CONTEXT ( ( #1192 ) ) GLOBAL_UNIT_ASSIGNED_CONTEXT ( ( #598, #3560, #2852 ) ) REPRESENTATION_CONTEXT ( 'NONE', 'WORKASPACE' ) );
#3051 = ORIENTED_EDGE ( 'NONE', *, *, #4340, .T. ) ;
#3052 = CARTESIAN_POINT ( 'NONE',  ( 6.000000000000000000, -9.426999614876460059E-14, 27.00000000000000000 ) ) ;
#3053 = MECHANICAL_DESIGN_GEOMETRIC_PRESENTATION_REPRESENTATION (  '', ( #5344 ), #511 ) ;
#3054 = ORIENTED_EDGE ( 'NONE', *, *, #1876, .T. ) ;
#3055 = ORIENTED_EDGE ( 'NONE', *, *, #2503, .F. ) ;
#3056 = DIRECTION ( 'NONE',  ( -0.000000000000000000, -0.9659258262890682012, 0.2588190451025211836 ) ) ;
#3057 = MECHANICAL_DESIGN_GEOMETRIC_PRESENTATION_REPRESENTATION (  '', ( #5350 ), #5164 ) ;
#3058 = EDGE_CURVE ( 'NONE', #3357, #1046, #1373, .T. ) ;
#3059 = AXIS2_PLACEMENT_3D ( 'NONE', #2219, #1489, #596 ) ;
#3060 = VECTOR ( 'NONE', #2446, 1000.000000000000000 ) ;
#3061 = DIRECTION ( 'NONE',  ( -1.000000000000000000, -0.000000000000000000, -0.000000000000000000 ) ) ;
#3062 = PLANE ( 'NONE',  #4088 ) ;
#3063 = EDGE_LOOP ( 'NONE', ( #5019, #1921, #1048, #4461 ) ) ;
#3064 = DIRECTION ( 'NONE',  ( 1.049727191138612533E-16, -0.4848096202463364479, -0.8746197071393961853 ) ) ;
#3065 = DIRECTION ( 'NONE',  ( -1.000000000000000000, -0.000000000000000000, -0.000000000000000000 ) ) ;
#3066 = PRESENTATION_LAYER_ASSIGNMENT (  '', '', ( #3418 ) ) ;
#3067 = EDGE_CURVE ( 'NONE', #503, #5159, #3862, .T. ) ;
#3068 = FILL_AREA_STYLE_COLOUR ( '', #3720 ) ;
#3069 = CARTESIAN_POINT ( 'NONE',  ( 4.769921447851371177, 6.704699256127449658, 29.24125428821118078 ) ) ;
#3070 =( NAMED_UNIT ( * ) PLANE_ANGLE_UNIT ( ) SI_UNIT ( $, .RADIAN. ) );
#3071 = VERTEX_POINT ( 'NONE', #965 ) ;
#3072 = FACE_OUTER_BOUND ( 'NONE', #4317, .T. ) ;
#3073 = CARTESIAN_POINT ( 'NONE',  ( 18.00000000000000355, 28.65425098229389533, -8.971978635936963542 ) ) ;
#3074 = ADVANCED_FACE ( 'NONE', ( #1715 ), #3370, .F. ) ;
#3075 = CARTESIAN_POINT ( 'NONE',  ( 18.32755770351810654, -13.93350513427925819, 26.56805066716198382 ) ) ;
#3076 = CARTESIAN_POINT ( 'NONE',  ( 6.617808062327155127, -7.449205826730900704, -29.06083821431850822 ) ) ;
#3077 = EDGE_LOOP ( 'NONE', ( #1456, #1553, #914, #1094 ) ) ;
#3078 = FILL_AREA_STYLE_COLOUR ( '', #1511 ) ;
#3079 =( NAMED_UNIT ( * ) PLANE_ANGLE_UNIT ( ) SI_UNIT ( $, .RADIAN. ) );
#3080 = ORIENTED_EDGE ( 'NONE', *, *, #1848, .F. ) ;
#3081 = CARTESIAN_POINT ( 'NONE',  ( 4.400656764382942399, -15.66062843524096060, 25.58824011687915956 ) ) ;
#3082 = CARTESIAN_POINT ( 'NONE',  ( 2.000000000000000000, 19.09188309203701550, -19.09188309203655010 ) ) ;
#3083 = CYLINDRICAL_SURFACE ( 'NONE', #2338, 1.249999999999988454 ) ;
#3084 = ORIENTED_EDGE ( 'NONE', *, *, #5119, .T. ) ;
#3085 = FILL_AREA_STYLE ('',( #1428 ) ) ;
#3086 = ORIENTED_EDGE ( 'NONE', *, *, #576, .T. ) ;
#3087 = DIRECTION ( 'NONE',  ( 0.000000000000000000, 0.000000000000000000, 1.000000000000000000 ) ) ;
#3088 = FACE_OUTER_BOUND ( 'NONE', #2593, .T. ) ;
#3089 = EDGE_LOOP ( 'NONE', ( #3312, #266, #185, #5413 ) ) ;
#3090 = CARTESIAN_POINT ( 'NONE',  ( 20.50000000000000000, 3.061616997868382254E-15, -25.00000000000000000 ) ) ;
#3091 = CARTESIAN_POINT ( 'NONE',  ( 0.000000000000000000, 19.09188309203701550, -19.09188309203655010 ) ) ;
#3092 = EDGE_CURVE ( 'NONE', #2032, #3002, #1875, .T. ) ;
#3093 = FILL_AREA_STYLE ('',( #3068 ) ) ;
#3094 = DIRECTION ( 'NONE',  ( -1.000000000000000000, -0.000000000000000000, 0.000000000000000000 ) ) ;
#3095 = SURFACE_SIDE_STYLE ('',( #4001 ) ) ;
#3096 = ORIENTED_EDGE ( 'NONE', *, *, #992, .F. ) ;
#3097 = DIRECTION ( 'NONE',  ( -0.000000000000000000, -0.8660254037844448138, -0.4999999999999892308 ) ) ;
#3098 = DIRECTION ( 'NONE',  ( 1.000000000000000000, 0.000000000000000000, 0.000000000000000000 ) ) ;
#3099 = EDGE_CURVE ( 'NONE', #1122, #22, #597, .T. ) ;
#3100 = CARTESIAN_POINT ( 'NONE',  ( 16.74994205371400113, 28.93568437672515259, -7.921664237608061931 ) ) ;
#3101 = FACE_BOUND ( 'NONE', #3126, .T. ) ;
#3102 = PLANE ( 'NONE',  #2672 ) ;
#3103 = FILL_AREA_STYLE ('',( #3980 ) ) ;
#3104 = CARTESIAN_POINT ( 'NONE',  ( 2.000000000000000000, -27.00000000000000000, -1.649999999999999689 ) ) ;
#3105 = ORIENTED_EDGE ( 'NONE', *, *, #1682, .F. ) ;
#3106 = EDGE_CURVE ( 'NONE', #4791, #3911, #4795, .T. ) ;
#3107 = CARTESIAN_POINT ( 'NONE',  ( 4.399244568688846613, 28.77001984550742719, -8.502916798369588136 ) ) ;
#3108 = COLOUR_RGB ( '',1.000000000000000000, 1.000000000000000000, 1.000000000000000000 ) ;
#3109 = DIRECTION ( 'NONE',  ( -1.000000000000000000, -0.000000000000000000, -0.000000000000000000 ) ) ;
#3110 = CARTESIAN_POINT ( 'NONE',  ( 5.400000000000000355, -25.98076211353335196, -14.99999999999966604 ) ) ;
#3111 = STYLED_ITEM ( 'NONE', ( #2194 ), #342 ) ;
#3112 = ORIENTED_EDGE ( 'NONE', *, *, #5392, .F. ) ;
#3113 = DIRECTION ( 'NONE',  ( 0.000000000000000000, 0.2588190451025206840, 0.9659258262890683122 ) ) ;
#3114 = SURFACE_SIDE_STYLE ('',( #1455 ) ) ;
#3115 = PRESENTATION_LAYER_ASSIGNMENT (  '', '', ( #5126 ) ) ;
#3116 = ORIENTED_EDGE ( 'NONE', *, *, #735, .T. ) ;
#3117 = DIRECTION ( 'NONE',  ( -1.000000000000000000, -0.000000000000000000, -0.000000000000000000 ) ) ;
#3118 = VECTOR ( 'NONE', #2447, 1000.000000000000000 ) ;
#3119 = DIRECTION ( 'NONE',  ( -1.000000000000000000, -0.000000000000000000, -0.000000000000000000 ) ) ;
#3120 = ORIENTED_EDGE ( 'NONE', *, *, #3058, .T. ) ;
#3121 = DIRECTION ( 'NONE',  ( -1.000000000000000000, -0.000000000000000000, -0.000000000000000000 ) ) ;
#3122 = CARTESIAN_POINT ( 'NONE',  ( 17.23125683152128218, -29.22049328400327894, 6.795298926850854571 ) ) ;
#3123 = CARTESIAN_POINT ( 'NONE',  ( 16.99924456868885159, 14.33100599963747968, -26.35594625562212201 ) ) ;
#3124 = CYLINDRICAL_SURFACE ( 'NONE', #4732, 9.999999999999314326 ) ;
#3125 = CYLINDRICAL_SURFACE ( 'NONE', #1124, 1.249999999999987121 ) ;
#3126 = EDGE_LOOP ( 'NONE', ( #3080, #2299 ) ) ;
#3127 = CARTESIAN_POINT ( 'NONE',  ( 0.000000000000000000, 2.829630692961871892E-13, -28.24999999999999645 ) ) ;
#3128 =( NAMED_UNIT ( * ) PLANE_ANGLE_UNIT ( ) SI_UNIT ( $, .RADIAN. ) );
#3129 = MECHANICAL_DESIGN_GEOMETRIC_PRESENTATION_REPRESENTATION (  '', ( #3036 ), #3393 ) ;
#3130 = EDGE_CURVE ( 'NONE', #4672, #5072, #2361, .T. ) ;
#3131 = FACE_OUTER_BOUND ( 'NONE', #3692, .T. ) ;
#3132 = FACE_OUTER_BOUND ( 'NONE', #3361, .T. ) ;
#3133 = DIRECTION ( 'NONE',  ( 0.000000000000000000, 0.7071067811865391350, 0.7071067811865558994 ) ) ;
#3134 = CARTESIAN_POINT ( 'NONE',  ( 83.79999999999999716, 1.825136188787725988, 29.94442983077982845 ) ) ;
#3135 = EDGE_LOOP ( 'NONE', ( #2628, #4545, #3346, #3415 ) ) ;
#3136 = AXIS2_PLACEMENT_3D ( 'NONE', #3430, #1779, #3891 ) ;
#3137 = CARTESIAN_POINT ( 'NONE',  ( 4.307533581528498523, 29.13454576337067081, -7.155478935029253584 ) ) ;
#3138 = EDGE_CURVE ( 'NONE', #4283, #4931, #4107, .T. ) ;
#3139 = TOROIDAL_SURFACE ( 'NONE', #2879, 5.500000000000000000, 1.000000000000000000 ) ;
#3140 = CARTESIAN_POINT ( 'NONE',  ( 18.00000000000000355, -29.30129859505018786, 6.557164070214318130 ) ) ;
#3141 = CARTESIAN_POINT ( 'NONE',  ( 17.99999999999937117, 26.58319957162228064, 13.90444175561540341 ) ) ;
#3142 = ORIENTED_EDGE ( 'NONE', *, *, #3744, .F. ) ;
#3143 = FACE_OUTER_BOUND ( 'NONE', #2295, .T. ) ;
#3144 = COLOUR_RGB ( '',1.000000000000000000, 1.000000000000000000, 1.000000000000000000 ) ;
#3145 = EDGE_CURVE ( 'NONE', #2051, #5205, #3968, .T. ) ;
#3146 = EDGE_LOOP ( 'NONE', ( #5008, #4084, #1726, #3339 ) ) ;
#3147 = CARTESIAN_POINT ( 'NONE',  ( 2.000000000000000000, 19.09188309203701550, -19.09188309203655010 ) ) ;
#3148 = CONICAL_SURFACE ( 'NONE', #425, 1.249999999999987343, 1.029744258676642765 ) ;
#3149 = CARTESIAN_POINT ( 'NONE',  ( 5.400000000000000355, 5.823428514806810341, 21.73333109150401654 ) ) ;
#3150 = VERTEX_POINT ( 'NONE', #1462 ) ;
#3151 = CARTESIAN_POINT ( 'NONE',  ( 18.99858092218254768, -8.505207679680696131, -28.76933636670523242 ) ) ;
#3152 = CARTESIAN_POINT ( 'NONE',  ( 2.000000000000000000, 19.09188309203701550, -20.74188309203654867 ) ) ;
#3153 = AXIS2_PLACEMENT_3D ( 'NONE', #1550, #366, #311 ) ;
#3154 = LINE ( 'NONE', #1086, #4694 ) ;
#3155 = CARTESIAN_POINT ( 'NONE',  ( 19.25013644778999833, -29.02018661663509036, 7.606310222675541688 ) ) ;
#3156 = LINE ( 'NONE', #3917, #3208 ) ;
#3157 = ORIENTED_EDGE ( 'NONE', *, *, #4706, .T. ) ;
#3158 = VECTOR ( 'NONE', #3912, 1000.000000000000000 ) ;
#3159 = DIRECTION ( 'NONE',  ( -1.000000000000000000, 0.000000000000000000, 0.000000000000000000 ) ) ;
#3160 = AXIS2_PLACEMENT_3D ( 'NONE', #4981, #50, #20 ) ;
#3161 = CONICAL_SURFACE ( 'NONE', #810, 3.700000000000090328, 0.7853981633974466137 ) ;
#3162 = DIRECTION ( 'NONE',  ( 0.000000000000000000, 0.000000000000000000, 1.000000000000000000 ) ) ;
#3163 = CARTESIAN_POINT ( 'NONE',  ( 20.51000000000000156, 0.000000000000000000, 0.000000000000000000 ) ) ;
#3164 = DIRECTION ( 'NONE',  ( 0.000000000000000000, 0.04361938736541615125, 0.9990482215818542455 ) ) ;
#3165 = VERTEX_POINT ( 'NONE', #229 ) ;
#3166 = CARTESIAN_POINT ( 'NONE',  ( 6.398580922182548925, -28.76933636670533190, 8.505207679680395927 ) ) ;
#3167 = FACE_OUTER_BOUND ( 'NONE', #4871, .T. ) ;
#3168 = VERTEX_POINT ( 'NONE', #1850 ) ;
#3169 = DIRECTION ( 'NONE',  ( -1.000000000000000000, -0.000000000000000000, -0.000000000000000000 ) ) ;
#3170 = ADVANCED_FACE ( 'NONE', ( #4380 ), #5274, .F. ) ;
#3171 =( NAMED_UNIT ( * ) SI_UNIT ( $, .STERADIAN. ) SOLID_ANGLE_UNIT ( ) );
#3172 = FACE_BOUND ( 'NONE', #2346, .T. ) ;
#3173 = ORIENTED_EDGE ( 'NONE', *, *, #4271, .T. ) ;
#3174 = DIRECTION ( 'NONE',  ( -1.000000000000000000, -0.000000000000000000, -0.000000000000000000 ) ) ;
#3175 = DIRECTION ( 'NONE',  ( 0.000000000000000000, 0.000000000000000000, 1.000000000000000000 ) ) ;
#3176 = ADVANCED_FACE ( 'NONE', ( #3236 ), #4056, .F. ) ;
#3177 = ORIENTED_EDGE ( 'NONE', *, *, #773, .T. ) ;
#3178 = CARTESIAN_POINT ( 'NONE',  ( 5.565162518034413530, -16.06950526508273214, 25.33319957161902991 ) ) ;
#3179 = CARTESIAN_POINT ( 'NONE',  ( 6.000000000000000000, -27.00000000000000000, 0.000000000000000000 ) ) ;
#3180 = CARTESIAN_POINT ( 'NONE',  ( 2.000000000000000000, 19.09188309203674905, 19.09188309203681655 ) ) ;
#3181 = EDGE_CURVE ( 'NONE', #1304, #1226, #3663, .T. ) ;
#3182 = CARTESIAN_POINT ( 'NONE',  ( 6.491617939385586844, -26.29065189181463680, -14.45076034929700270 ) ) ;
#3183 = DIRECTION ( 'NONE',  ( 1.000000000000000000, -0.000000000000000000, -0.000000000000000000 ) ) ;
#3184 = ORIENTED_EDGE ( 'NONE', *, *, #1621, .T. ) ;
#3185 = FACE_OUTER_BOUND ( 'NONE', #2428, .T. ) ;
#3186 =( LENGTH_UNIT ( ) NAMED_UNIT ( * ) SI_UNIT ( .MILLI., .METRE. ) );
#3187 = SURFACE_STYLE_FILL_AREA ( #3625 ) ;
#3188 = DIRECTION ( 'NONE',  ( -1.000000000000000000, 0.000000000000000000, 0.000000000000000000 ) ) ;
#3189 = CARTESIAN_POINT ( 'NONE',  ( 2.000000000000000000, 19.09188309203701550, -19.09188309203655010 ) ) ;
#3190 = DIRECTION ( 'NONE',  ( -1.000000000000000000, 0.000000000000000000, 0.000000000000000000 ) ) ;
#3191 = CARTESIAN_POINT ( 'NONE',  ( 6.000000000000000000, 19.09188309203674905, 17.84188309203682010 ) ) ;
#3192 = ORIENTED_EDGE ( 'NONE', *, *, #1573, .F. ) ;
#3193 = FACE_BOUND ( 'NONE', #4616, .T. ) ;
#3194 = DIRECTION ( 'NONE',  ( -0.000000000000000000, 0.8660254037844414832, 0.4999999999999950595 ) ) ;
#3195 = ORIENTED_EDGE ( 'NONE', *, *, #1709, .T. ) ;
#3196 = DIRECTION ( 'NONE',  ( -1.000000000000000000, 0.000000000000000000, 0.000000000000000000 ) ) ;
#3197 = CARTESIAN_POINT ( 'NONE',  ( 83.79999999999999716, -28.97266476212737984, -1.258847323375807958 ) ) ;
#3198 = CIRCLE ( 'NONE', #2946, 9.999999999999314326 ) ;
#3199 = AXIS2_PLACEMENT_3D ( 'NONE', #5183, #1414, #546 ) ;
#3200 = ORIENTED_EDGE ( 'NONE', *, *, #4995, .T. ) ;
#3201 = B_SPLINE_CURVE_WITH_KNOTS ( 'NONE', 3,
 ( #1364, #3017, #2621, #4698, #951, #4276, #531, #2204, #1966, #4041, #4419, #4481, #1093, #643, #5309, #700, #1561, #3516, #3571, #5251 ),
 .UNSPECIFIED., .F., .F.,
 ( 4, 2, 2, 2, 2, 2, 2, 2, 2, 4 ),
 ( 0.003908493778160052751, 0.004396944493550051375, 0.004885395208940049132, 0.005373845924330046889, 0.005862296639720045513, 0.006350747355110044137, 0.006594972712805041715, 0.006839198070500038425, 0.007327648785890034447, 0.007816099501280031336 ),
 .UNSPECIFIED. ) ;
#3202 = ADVANCED_FACE ( 'NONE', ( #3262 ), #5433, .F. ) ;
#3203 = CARTESIAN_POINT ( 'NONE',  ( 0.000000000000000000, -19.09188309203661404, -19.09188309203694800 ) ) ;
#3204 = CARTESIAN_POINT ( 'NONE',  ( 5.399999999999998579, 21.00784760410558150, -5.629035800236202647 ) ) ;
#3205 = LINE ( 'NONE', #4055, #69 ) ;
#3206 = CONICAL_SURFACE ( 'NONE', #4241, 1.249999999999987121, 1.029744258676643875 ) ;
#3207 = AXIS2_PLACEMENT_3D ( 'NONE', #541, #3061, #3087 ) ;
#3208 = VECTOR ( 'NONE', #143, 1000.000000000000114 ) ;
#3209 = PRESENTATION_LAYER_ASSIGNMENT (  '', '', ( #4526 ) ) ;
#3210 = EDGE_CURVE ( 'NONE', #4791, #4812, #1052, .T. ) ;
#3211 = CARTESIAN_POINT ( 'NONE',  ( 5.400000000000000355, 22.05685489788218590, -4.616021231945411252 ) ) ;
#3212 = DIRECTION ( 'NONE',  ( -1.000000000000000000, -0.000000000000000000, -0.000000000000000000 ) ) ;
#3213 = CARTESIAN_POINT ( 'NONE',  ( 6.000000000000000000, -19.09188309203661404, -20.34188309203694445 ) ) ;
#3214 = ORIENTED_EDGE ( 'NONE', *, *, #1435, .F. ) ;
#3215 = CARTESIAN_POINT ( 'NONE',  ( 5.234799946600722009, 25.33319957161909031, 16.06950526508263977 ) ) ;
#3216 = DIRECTION ( 'NONE',  ( 1.000000000000000000, 0.000000000000000000, 0.000000000000000000 ) ) ;
#3217 = VECTOR ( 'NONE', #4805, 1000.000000000000000 ) ;
#3218 =( NAMED_UNIT ( * ) PLANE_ANGLE_UNIT ( ) SI_UNIT ( $, .RADIAN. ) );
#3219 = DIRECTION ( 'NONE',  ( 1.000000000000000000, 0.000000000000000000, 0.000000000000000000 ) ) ;
#3220 = ORIENTED_EDGE ( 'NONE', *, *, #2670, .T. ) ;
#3221 = CARTESIAN_POINT ( 'NONE',  ( 14.90000000000000036, 0.000000000000000000, 0.000000000000000000 ) ) ;
#3222 =( NAMED_UNIT ( * ) PLANE_ANGLE_UNIT ( ) SI_UNIT ( $, .RADIAN. ) );
#3223 = CARTESIAN_POINT ( 'NONE',  ( 4.182326712606377228, -14.71654727397558915, 26.14280303197451616 ) ) ;
#3224 = AXIS2_PLACEMENT_3D ( 'NONE', #5066, #2950, #2982 ) ;
#3225 = LINE ( 'NONE', #3277, #418 ) ;
#3226 = CARTESIAN_POINT ( 'NONE',  ( 14.90000000000000036, 0.000000000000000000, 30.00000000000000000 ) ) ;
#3227 = ORIENTED_EDGE ( 'NONE', *, *, #3462, .F. ) ;
#3228 = LINE ( 'NONE', #4788, #4191 ) ;
#3229 = AXIS2_PLACEMENT_3D ( 'NONE', #5265, #4513, #3175 ) ;
#3230 = LINE ( 'NONE', #2354, #1753 ) ;
#3231 = AXIS2_PLACEMENT_3D ( 'NONE', #2635, #1355, #3035 ) ;
#3232 = ORIENTED_EDGE ( 'NONE', *, *, #5115, .F. ) ;
#3233 = CARTESIAN_POINT ( 'NONE',  ( 5.729237241684785431, -16.04147149396723293, 25.35103745371659656 ) ) ;
#3234 = CARTESIAN_POINT ( 'NONE',  ( 2.000000000000000000, 27.00000000000000000, 0.000000000000000000 ) ) ;
#3235 = AXIS2_PLACEMENT_3D ( 'NONE', #3764, #530, #1279 ) ;
#3236 = FACE_OUTER_BOUND ( 'NONE', #1408, .T. ) ;
#3237 = EDGE_CURVE ( 'NONE', #1196, #3911, #2451, .T. ) ;
#3238 = PLANE ( 'NONE',  #3815 ) ;
#3239 = CARTESIAN_POINT ( 'NONE',  ( 5.400000000000000355, 10.16746824526927639, -20.11057158514996246 ) ) ;
#3240 = ORIENTED_EDGE ( 'NONE', *, *, #2808, .T. ) ;
#3241 = CARTESIAN_POINT ( 'NONE',  ( 4.400656764382938846, 25.58824011687920219, 15.66062843524086645 ) ) ;
#3242 =( NAMED_UNIT ( * ) PLANE_ANGLE_UNIT ( ) SI_UNIT ( $, .RADIAN. ) );
#3243 = STYLED_ITEM ( 'NONE', ( #3398 ), #4932 ) ;
#3244 = CIRCLE ( 'NONE', #1063, 1.249999999999987343 ) ;
#3245 = ADVANCED_FACE ( 'NONE', ( #1887 ), #4810, .F. ) ;
#3246 = CARTESIAN_POINT ( 'NONE',  ( 5.400000000000001243, -25.33319957161919689, -16.06950526508246213 ) ) ;
#3247 = STYLED_ITEM ( 'NONE', ( #613 ), #4416 ) ;
#3248 = CYLINDRICAL_SURFACE ( 'NONE', #5259, 1.249999999999987788 ) ;
#3249 = VERTEX_POINT ( 'NONE', #218 ) ;
#3250 = CARTESIAN_POINT ( 'NONE',  ( 5.400000000000000355, 7.764571353075742088, 28.97777478867201495 ) ) ;
#3251 = LINE ( 'NONE', #787, #2553 ) ;
#3252 = EDGE_CURVE ( 'NONE', #5150, #2759, #3928, .T. ) ;
#3253 = CIRCLE ( 'NONE', #1518, 1.649999999999999689 ) ;
#3254 = ORIENTED_EDGE ( 'NONE', *, *, #2471, .F. ) ;
#3255 = CARTESIAN_POINT ( 'NONE',  ( 17.23125683152127863, 25.46701090210068230, 15.85700699936863955 ) ) ;
#3256 = ORIENTED_EDGE ( 'NONE', *, *, #5022, .T. ) ;
#3257 = EDGE_LOOP ( 'NONE', ( #4253, #3220, #5295, #2725 ) ) ;
#3258 = SURFACE_STYLE_USAGE ( .BOTH. , #1602 ) ;
#3259 = DIRECTION ( 'NONE',  ( -0.000000000000000000, -0.8660254037844448138, -0.4999999999999892308 ) ) ;
#3260 = UNCERTAINTY_MEASURE_WITH_UNIT (LENGTH_MEASURE( 1.000000000000000082E-05 ), #2841, 'distance_accuracy_value', 'NONE');
#3261 = CARTESIAN_POINT ( 'NONE',  ( 18.62993683877107642, -6.704775563878189182, -29.24123616247315383 ) ) ;
#3262 = FACE_OUTER_BOUND ( 'NONE', #2832, .T. ) ;
#3263 = CARTESIAN_POINT ( 'NONE',  ( 6.485416689749777142, -25.66252170213654793, -15.53832662272115783 ) ) ;
#3264 = FACE_OUTER_BOUND ( 'NONE', #2464, .T. ) ;
#3265 = ORIENTED_EDGE ( 'NONE', *, *, #1337, .T. ) ;
#3266 = EDGE_CURVE ( 'NONE', #2124, #2814, #4841, .T. ) ;
#3267 = DIRECTION ( 'NONE',  ( 0.000000000000000000, -0.9990482215818543565, 0.04361938736541615819 ) ) ;
#3268 = FILL_AREA_STYLE ('',( #2088 ) ) ;
#3269 = DIRECTION ( 'NONE',  ( 0.000000000000000000, 0.000000000000000000, -1.000000000000000000 ) ) ;
#3270 = CARTESIAN_POINT ( 'NONE',  ( 2.000000000000000000, 27.00000000000000000, 0.000000000000000000 ) ) ;
#3271 = FACE_OUTER_BOUND ( 'NONE', #2592, .T. ) ;
#3272 = ADVANCED_FACE ( 'NONE', ( #1971 ), #5069, .F. ) ;
#3273 =( LENGTH_UNIT ( ) NAMED_UNIT ( * ) SI_UNIT ( .MILLI., .METRE. ) );
#3274 = PRESENTATION_STYLE_ASSIGNMENT (( #273 ) ) ;
#3275 = CARTESIAN_POINT ( 'NONE',  ( 4.399244568688848389, -14.33100599963766442, 26.35594625562201898 ) ) ;
#3276 = AXIS2_PLACEMENT_3D ( 'NONE', #2967, #16, #3788 ) ;
#3277 = CARTESIAN_POINT ( 'NONE',  ( 5.400000000000000355, -18.86057158515004062, -12.33253175473029550 ) ) ;
#3278 = ORIENTED_EDGE ( 'NONE', *, *, #4524, .F. ) ;
#3279 = EDGE_CURVE ( 'NONE', #2475, #3165, #4046, .T. ) ;
#3280 = CARTESIAN_POINT ( 'NONE',  ( 4.631256831521275430, 15.85700699936856317, -25.46701090210073914 ) ) ;
#3281 = VERTEX_POINT ( 'NONE', #2705 ) ;
#3282 = ORIENTED_EDGE ( 'NONE', *, *, #659, .T. ) ;
#3283 = EDGE_CURVE ( 'NONE', #3947, #4283, #2289, .T. ) ;
#3284 = PRESENTATION_STYLE_ASSIGNMENT (( #3258 ) ) ;
#3285 = DIRECTION ( 'NONE',  ( 0.000000000000000000, 0.9998476951563908255, -0.01745240643730299954 ) ) ;
#3286 = FILL_AREA_STYLE_COLOUR ( '', #2030 ) ;
#3287 = VECTOR ( 'NONE', #1358, 1000.000000000000000 ) ;
#3288 = DIRECTION ( 'NONE',  ( -0.000000000000000000, 0.8660254037844414832, 0.4999999999999950595 ) ) ;
#3289 = DIRECTION ( 'NONE',  ( 1.000000000000000000, -0.000000000000000000, -0.000000000000000000 ) ) ;
#3290 = ORIENTED_EDGE ( 'NONE', *, *, #3145, .T. ) ;
#3291 = SURFACE_STYLE_USAGE ( .BOTH. , #1224 ) ;
#3292 = CARTESIAN_POINT ( 'NONE',  ( 18.16516251803441051, -25.33319957161919334, -16.06950526508246568 ) ) ;
#3293 = STYLED_ITEM ( 'NONE', ( #3830 ), #1777 ) ;
#3294 = CARTESIAN_POINT ( 'NONE',  ( 18.00000000000000355, -11.24999999999995737, 19.48557158514990206 ) ) ;
#3295 = DIRECTION ( 'NONE',  ( -1.000000000000000000, -0.000000000000000000, -0.000000000000000000 ) ) ;
#3296 = SURFACE_STYLE_FILL_AREA ( #1275 ) ;
#3297 = ORIENTED_EDGE ( 'NONE', *, *, #2296, .T. ) ;
#3298 = FACE_OUTER_BOUND ( 'NONE', #1312, .T. ) ;
#3299 = AXIS2_PLACEMENT_3D ( 'NONE', #1894, #5204, #5271 ) ;
#3300 = AXIS2_PLACEMENT_3D ( 'NONE', #3203, #5203, #4376 ) ;
#3301 = DIRECTION ( 'NONE',  ( 1.049727191138611300E-16, -0.9612616959383186721, -0.2756373558169998295 ) ) ;
#3302 = EDGE_CURVE ( 'NONE', #4248, #1993, #1098, .T. ) ;
#3303 =( GEOMETRIC_REPRESENTATION_CONTEXT ( 3 ) GLOBAL_UNCERTAINTY_ASSIGNED_CONTEXT ( ( #1287 ) ) GLOBAL_UNIT_ASSIGNED_CONTEXT ( ( #2773, #1522, #2298 ) ) REPRESENTATION_CONTEXT ( 'NONE', 'WORKASPACE' ) );
#3304 = FILL_AREA_STYLE_COLOUR ( '', #325 ) ;
#3305 = PRESENTATION_STYLE_ASSIGNMENT (( #2865 ) ) ;
#3306 = ORIENTED_EDGE ( 'NONE', *, *, #355, .T. ) ;
#3307 = FACE_OUTER_BOUND ( 'NONE', #128, .T. ) ;
#3308 = ORIENTED_EDGE ( 'NONE', *, *, #2228, .T. ) ;
#3309 = CIRCLE ( 'NONE', #3998, 1.249999999999987121 ) ;
#3310 = ADVANCED_FACE ( 'NONE', ( #2737, #4398, #2316, #2763, #3983, #3193, #4427, #679, #2349, #249 ), #4868, .F. ) ;
#3311 = AXIS2_PLACEMENT_3D ( 'NONE', #4152, #1244, #1321 ) ;
#3312 = ORIENTED_EDGE ( 'NONE', *, *, #4299, .F. ) ;
#3313 = CARTESIAN_POINT ( 'NONE',  ( 0.000000000000000000, 27.00000000000000000, 0.000000000000000000 ) ) ;
#3314 = CONICAL_SURFACE ( 'NONE', #3136, 1.249999999999987343, 1.029744258676643431 ) ;
#3315 = ADVANCED_FACE ( 'NONE', ( #758 ), #817, .F. ) ;
#3316 = CARTESIAN_POINT ( 'NONE',  ( 17.99999999999937117, 13.90444175561530926, -26.58319957162232328 ) ) ;
#3317 = DIRECTION ( 'NONE',  ( 0.000000000000000000, 0.000000000000000000, 1.000000000000000000 ) ) ;
#3318 = CARTESIAN_POINT ( 'NONE',  ( 72.00000000000000000, -28.94648781381982161, -2.258504648336733034 ) ) ;
#3319 = EDGE_LOOP ( 'NONE', ( #2386, #2707, #2189 ) ) ;
#3320 = FACE_OUTER_BOUND ( 'NONE', #749, .T. ) ;
#3321 = CARTESIAN_POINT ( 'NONE',  ( 18.32755770351809943, 28.63892475580446373, -8.933972823511521000 ) ) ;
#3322 = DIRECTION ( 'NONE',  ( 0.000000000000000000, 0.000000000000000000, -1.000000000000000000 ) ) ;
#3323 = FACE_OUTER_BOUND ( 'NONE', #2974, .T. ) ;
#3324 = DIRECTION ( 'NONE',  ( -0.000000000000000000, 0.000000000000000000, 1.000000000000000000 ) ) ;
#3325 = ORIENTED_EDGE ( 'NONE', *, *, #4958, .F. ) ;
#3326 = CIRCLE ( 'NONE', #1061, 1.249999999999997558 ) ;
#3327 = AXIS2_PLACEMENT_3D ( 'NONE', #2341, #2732, #239 ) ;
#3328 =( LENGTH_UNIT ( ) NAMED_UNIT ( * ) SI_UNIT ( .MILLI., .METRE. ) );
#3329 = MECHANICAL_DESIGN_GEOMETRIC_PRESENTATION_REPRESENTATION (  '', ( #5360 ), #433 ) ;
#3330 = CONICAL_SURFACE ( 'NONE', #5266, 1.249999999999997558, 1.029744258676653423 ) ;
#3331 = CARTESIAN_POINT ( 'NONE',  ( 83.79999999999999716, -19.81969897660378166, 18.12654079614884850 ) ) ;
#3332 = DIRECTION ( 'NONE',  ( -0.000000000000000000, 0.9659258262890682012, -0.2588190451025211836 ) ) ;
#3333 = DIRECTION ( 'NONE',  ( -1.000000000000000000, -0.000000000000000000, -0.000000000000000000 ) ) ;
#3334 = CARTESIAN_POINT ( 'NONE',  ( 5.234799946600722897, 16.06950526508255450, -25.33319957161915070 ) ) ;
#3335 = EDGE_LOOP ( 'NONE', ( #3397, #2129, #1496, #2261 ) ) ;
#3336 = ADVANCED_FACE ( 'NONE', ( #380 ), #4270, .F. ) ;
#3337 = CIRCLE ( 'NONE', #2810, 1.249999999999997558 ) ;
#3338 = CIRCLE ( 'NONE', #4819, 1.249999999999987343 ) ;
#3339 = ORIENTED_EDGE ( 'NONE', *, *, #5108, .F. ) ;
#3340 = ORIENTED_EDGE ( 'NONE', *, *, #377, .T. ) ;
#3341 = DIRECTION ( 'NONE',  ( -1.000000000000000000, 0.000000000000000000, 0.000000000000000000 ) ) ;
#3342 = CARTESIAN_POINT ( 'NONE',  ( 86.50000000000000000, -19.81969897660377811, 12.62654079614884850 ) ) ;
#3343 = EDGE_CURVE ( 'NONE', #1647, #4204, #4487, .T. ) ;
#3344 = LINE ( 'NONE', #1267, #5335 ) ;
#3345 = DIRECTION ( 'NONE',  ( 0.000000000000000000, -0.9659258262890675351, 0.2588190451025234595 ) ) ;
#3346 = ORIENTED_EDGE ( 'NONE', *, *, #3283, .T. ) ;
#3347 = ADVANCED_FACE ( 'NONE', ( #4590 ), #3738, .F. ) ;
#3348 = SURFACE_STYLE_USAGE ( .BOTH. , #1383 ) ;
#3349 = CARTESIAN_POINT ( 'NONE',  ( 72.00000000000000000, -28.97266476212737984, -1.258847323375807958 ) ) ;
#3350 = CARTESIAN_POINT ( 'NONE',  ( 16.99924456868884803, -8.502916798369886564, -28.77001984550734193 ) ) ;
#3351 = CARTESIAN_POINT ( 'NONE',  ( 5.399999999999369749, 13.90444175561530926, -26.58319957162232683 ) ) ;
#3352 = ORIENTED_EDGE ( 'NONE', *, *, #45, .T. ) ;
#3353 = CARTESIAN_POINT ( 'NONE',  ( 19.08541668974977412, 7.158886994709838802, 29.13339924114534796 ) ) ;
#3354 = CARTESIAN_POINT ( 'NONE',  ( 0.000000000000000000, 0.000000000000000000, 0.000000000000000000 ) ) ;
#3355 = CARTESIAN_POINT ( 'NONE',  ( 4.770198875233970348, -8.814353391658999115, -28.67596758313034044 ) ) ;
#3356 = DIRECTION ( 'NONE',  ( 0.000000000000000000, 0.000000000000000000, -1.000000000000000000 ) ) ;
#3357 = VERTEX_POINT ( 'NONE', #1567 ) ;
#3358 = CARTESIAN_POINT ( 'NONE',  ( 4.182326712606377228, 14.71654727397540086, -26.14280303197462274 ) ) ;
#3359 = ORIENTED_EDGE ( 'NONE', *, *, #2495, .F. ) ;
#3360 = ORIENTED_EDGE ( 'NONE', *, *, #3033, .F. ) ;
#3361 = EDGE_LOOP ( 'NONE', ( #995, #1346, #4413, #2542 ) ) ;
#3362 = CYLINDRICAL_SURFACE ( 'NONE', #4702, 4.499999999999999112 ) ;
#3363 = UNCERTAINTY_MEASURE_WITH_UNIT (LENGTH_MEASURE( 1.000000000000000082E-05 ), #2138, 'distance_accuracy_value', 'NONE');
#3364 = FILL_AREA_STYLE_COLOUR ( '', #2169 ) ;
#3365 = EDGE_CURVE ( 'NONE', #313, #982, #2362, .T. ) ;
#3366 = CARTESIAN_POINT ( 'NONE',  ( 16.90753358152850794, -15.54154719847247712, 25.66092255366591246 ) ) ;
#3367 = DIRECTION ( 'NONE',  ( 0.000000000000000000, 0.000000000000000000, 1.000000000000000000 ) ) ;
#3368 = ORIENTED_EDGE ( 'NONE', *, *, #96, .T. ) ;
#3369 = DIRECTION ( 'NONE',  ( -1.000000000000000000, -0.000000000000000000, -0.000000000000000000 ) ) ;
#3370 = CYLINDRICAL_SURFACE ( 'NONE', #3579, 1.249999999999997558 ) ;
#3371 = EDGE_CURVE ( 'NONE', #847, #5375, #3225, .T. ) ;
#3372 = AXIS2_PLACEMENT_3D ( 'NONE', #1183, #1233, #2894 ) ;
#3373 = MECHANICAL_DESIGN_GEOMETRIC_PRESENTATION_REPRESENTATION (  '', ( #2236 ), #4866 ) ;
#3374 = ORIENTED_EDGE ( 'NONE', *, *, #1937, .T. ) ;
#3375 = CARTESIAN_POINT ( 'NONE',  ( 72.00000000000000000, 0.000000000000000000, 4.500000000000000000 ) ) ;
#3376 =( NAMED_UNIT ( * ) PLANE_ANGLE_UNIT ( ) SI_UNIT ( $, .RADIAN. ) );
#3377 = DIRECTION ( 'NONE',  ( -0.5150380749100550437, 0.000000000000000000, 0.8571673007021117785 ) ) ;
#3378 = CARTESIAN_POINT ( 'NONE',  ( 18.16313538995434840, 8.965235628713859484, 28.62908573674051738 ) ) ;
#3379 =( LENGTH_UNIT ( ) NAMED_UNIT ( * ) SI_UNIT ( .MILLI., .METRE. ) );
#3380 = CIRCLE ( 'NONE', #5221, 1.249999999999987343 ) ;
#3381 = CARTESIAN_POINT ( 'NONE',  ( 4.150058104539148474, -29.02009542183988700, 7.606619245772840543 ) ) ;
#3382 = CIRCLE ( 'NONE', #766, 1.249999999999997558 ) ;
#3383 = CARTESIAN_POINT ( 'NONE',  ( 17.23258250940868663, -26.46671113975437706, -14.12539689480223970 ) ) ;
#3384 = DIRECTION ( 'NONE',  ( 0.000000000000000000, 0.7071067811865391350, 0.7071067811865558994 ) ) ;
#3385 = CIRCLE ( 'NONE', #3733, 1.649999999999999689 ) ;
#3386 = EDGE_LOOP ( 'NONE', ( #2501, #4512 ) ) ;
#3387 = FACE_OUTER_BOUND ( 'NONE', #2098, .T. ) ;
#3388 = ORIENTED_EDGE ( 'NONE', *, *, #2167, .T. ) ;
#3389 = AXIS2_PLACEMENT_3D ( 'NONE', #4822, #1081, #1431 ) ;
#3390 = EDGE_LOOP ( 'NONE', ( #1794, #3290, #1103, #1439 ) ) ;
#3391 = DIRECTION ( 'NONE',  ( -1.000000000000000000, -0.000000000000000000, -0.000000000000000000 ) ) ;
#3392 =( NAMED_UNIT ( * ) SI_UNIT ( $, .STERADIAN. ) SOLID_ANGLE_UNIT ( ) );
#3393 =( GEOMETRIC_REPRESENTATION_CONTEXT ( 3 ) GLOBAL_UNCERTAINTY_ASSIGNED_CONTEXT ( ( #744 ) ) GLOBAL_UNIT_ASSIGNED_CONTEXT ( ( #3775, #1736, #3392 ) ) REPRESENTATION_CONTEXT ( 'NONE', 'WORKASPACE' ) );
#3394 =( LENGTH_UNIT ( ) NAMED_UNIT ( * ) SI_UNIT ( .MILLI., .METRE. ) );
#3395 = DIRECTION ( 'NONE',  ( -1.000000000000000000, -0.000000000000000000, -0.000000000000000000 ) ) ;
#3396 = CARTESIAN_POINT ( 'NONE',  ( 18.00000000000000355, 7.030835797668132159, 21.40980728512586850 ) ) ;
#3397 = ORIENTED_EDGE ( 'NONE', *, *, #3041, .F. ) ;
#3398 = PRESENTATION_STYLE_ASSIGNMENT (( #3348 ) ) ;
#3399 = AXIS2_PLACEMENT_3D ( 'NONE', #3624, #3216, #4770 ) ;
#3400 = CARTESIAN_POINT ( 'NONE',  ( 6.029936838771069674, 25.41766864831410189, 15.93568411321007261 ) ) ;
#3401 = EDGE_CURVE ( 'NONE', #1427, #741, #3756, .T. ) ;
#3402 = VECTOR ( 'NONE', #267, 1000.000000000000114 ) ;
#3403 = CARTESIAN_POINT ( 'NONE',  ( 17.67536878276450452, -8.926900041063500879, -28.64106686839567573 ) ) ;
#3404 = FILL_AREA_STYLE_COLOUR ( '', #1376 ) ;
#3405 = CARTESIAN_POINT ( 'NONE',  ( 19.21717002221312853, 26.14368833554168248, 14.71497236774341566 ) ) ;
#3406 = FILL_AREA_STYLE_COLOUR ( '', #2702 ) ;
#3407 = EDGE_CURVE ( 'NONE', #1950, #1943, #88, .T. ) ;
#3408 = CARTESIAN_POINT ( 'NONE',  ( 6.751075773784450895, 19.09188309203701550, -19.09188309203655010 ) ) ;
#3409 = CARTESIAN_POINT ( 'NONE',  ( 17.91841376768462624, -26.58319957161912228, -13.90444175562143236 ) ) ;
#3410 = CARTESIAN_POINT ( 'NONE',  ( 18.00000000000000355, -21.73333109150403786, 5.823428514806733958 ) ) ;
#3411 = ORIENTED_EDGE ( 'NONE', *, *, #5215, .F. ) ;
#3412 = VERTEX_POINT ( 'NONE', #2146 ) ;
#3413 = EDGE_CURVE ( 'NONE', #3899, #1223, #1441, .T. ) ;
#3414 = AXIS2_PLACEMENT_3D ( 'NONE', #4000, #174, #1877 ) ;
#3415 = ORIENTED_EDGE ( 'NONE', *, *, #3736, .F. ) ;
#3416 = VERTEX_POINT ( 'NONE', #91 ) ;
#3417 = AXIS2_PLACEMENT_3D ( 'NONE', #566, #105, #2717 ) ;
#3418 = STYLED_ITEM ( 'NONE', ( #2125 ), #4293 ) ;
#3419 = UNCERTAINTY_MEASURE_WITH_UNIT (LENGTH_MEASURE( 1.000000000000000082E-05 ), #3379, 'distance_accuracy_value', 'NONE');
#3420 = CARTESIAN_POINT ( 'NONE',  ( 86.50000000000000000, -19.81969897660377811, 12.62654079614884850 ) ) ;
#3421 = CARTESIAN_POINT ( 'NONE',  ( 2.500000000000000000, 0.000000000000000000, 0.000000000000000000 ) ) ;
#3422 = CYLINDRICAL_SURFACE ( 'NONE', #336, 4.500000000000000000 ) ;
#3423 = VERTEX_POINT ( 'NONE', #5056 ) ;
#3424 = LINE ( 'NONE', #2929, #2089 ) ;
#3425 = SURFACE_STYLE_FILL_AREA ( #3835 ) ;
#3426 = CARTESIAN_POINT ( 'NONE',  ( 2.000000000000000000, -9.426999614876460059E-14, 27.00000000000000000 ) ) ;
#3427 = DIRECTION ( 'NONE',  ( 0.000000000000000000, -0.4999999999999943934, 0.8660254037844418162 ) ) ;
#3428 = ORIENTED_EDGE ( 'NONE', *, *, #903, .T. ) ;
#3429 = CARTESIAN_POINT ( 'NONE',  ( 19.25013644778999122, 25.89884428618426071, 15.14189720965918973 ) ) ;
#3430 = CARTESIAN_POINT ( 'NONE',  ( 5.400000000000000355, 19.48557158514994114, 11.24999999999988809 ) ) ;
#3431 = EDGE_CURVE ( 'NONE', #475, #2650, #704, .T. ) ;
#3432 = CARTESIAN_POINT ( 'NONE',  ( 18.16313538995434484, -13.90444175562152829, 26.58319957161907254 ) ) ;
#3433 = CARTESIAN_POINT ( 'NONE',  ( 4.182872685609155816, -7.447333902026236352, -29.06131196934022398 ) ) ;
#3434 = CARTESIAN_POINT ( 'NONE',  ( 6.169222716098291315, -6.795648228795059254, -29.22041247673523046 ) ) ;
#3435 = ORIENTED_EDGE ( 'NONE', *, *, #4585, .F. ) ;
#3436 = PLANE ( 'NONE',  #4285 ) ;
#3437 = ORIENTED_EDGE ( 'NONE', *, *, #1954, .F. ) ;
#3438 = EDGE_CURVE ( 'NONE', #132, #2213, #2536, .T. ) ;
#3439 = EDGE_LOOP ( 'NONE', ( #558, #2568, #3871 ) ) ;
#3440 = CARTESIAN_POINT ( 'NONE',  ( 17.67269594614331396, 6.582207970256733987, 29.26907041057562253 ) ) ;
#3441 = EDGE_LOOP ( 'NONE', ( #3766, #5423, #4267, #4557 ) ) ;
#3442 = B_SPLINE_CURVE_WITH_KNOTS ( 'NONE', 3,
 ( #4297, #3378, #5053, #2172, #1277, #4190, #2964, #551, #494, #439, #1305, #2226, #3353, #3812, #4239, #4268, #1721, #3013, #5131, #3786 ),
 .UNSPECIFIED., .F., .F.,
 ( 4, 2, 2, 2, 2, 2, 2, 2, 2, 4 ),
 ( 0.003908493778160050149, 0.004396944493550046171, 0.004885395208940043060, 0.005373845924330039082, 0.005862296639720035105, 0.006350747355110031127, 0.006594972712805027837, 0.006839198070500023680, 0.007327648785890026641, 0.007816099501280029602 ),
 .UNSPECIFIED. ) ;
#3443 = EDGE_CURVE ( 'NONE', #1702, #1647, #1317, .T. ) ;
#3444 = CARTESIAN_POINT ( 'NONE',  ( 18.00000000000000355, -7.764571353075943705, -28.97777478867196166 ) ) ;
#3445 = EDGE_LOOP ( 'NONE', ( #189, #32 ) ) ;
#3446 = CARTESIAN_POINT ( 'NONE',  ( 18.00000000000000355, -20.11057158514999799, -10.16746824526920534 ) ) ;
#3447 = CARTESIAN_POINT ( 'NONE',  ( 19.21717002221313564, 28.89143605349326549, -8.081322561084979483 ) ) ;
#3448 =( NAMED_UNIT ( * ) PLANE_ANGLE_UNIT ( ) SI_UNIT ( $, .RADIAN. ) );
#3449 = CARTESIAN_POINT ( 'NONE',  ( 17.59743699992791832, -8.904322796465601542, -28.64810676417887692 ) ) ;
#3450 = ORIENTED_EDGE ( 'NONE', *, *, #5115, .T. ) ;
#3451 = CARTESIAN_POINT ( 'NONE',  ( 19.08541668974977412, 25.66252170213642714, 15.53832662272133369 ) ) ;
#3452 = LINE ( 'NONE', #2144, #4797 ) ;
#3453 = VECTOR ( 'NONE', #1699, 1000.000000000000341 ) ;
#3454 = COLOUR_RGB ( '',1.000000000000000000, 1.000000000000000000, 1.000000000000000000 ) ;
#3455 = DIRECTION ( 'NONE',  ( 0.000000000000000000, -0.2588190451025206840, -0.9659258262890683122 ) ) ;
#3456 = CARTESIAN_POINT ( 'NONE',  ( 6.167943080898842467, -8.725915513464880036, -28.70316482736704700 ) ) ;
#3457 = CARTESIAN_POINT ( 'NONE',  ( 2.000000000000000000, 19.09188309203674905, 19.09188309203681655 ) ) ;
#3458 = VECTOR ( 'NONE', #3377, 1000.000000000000000 ) ;
#3459 = EDGE_LOOP ( 'NONE', ( #4606, #5058, #1370 ) ) ;
#3460 = VECTOR ( 'NONE', #4057, 1000.000000000000000 ) ;
#3461 = DIRECTION ( 'NONE',  ( -1.000000000000000000, 0.000000000000000000, 0.000000000000000000 ) ) ;
#3462 = EDGE_CURVE ( 'NONE', #5262, #4342, #2710, .T. ) ;
#3463 = PRESENTATION_LAYER_ASSIGNMENT (  '', '', ( #3469 ) ) ;
#3464 = VERTEX_POINT ( 'NONE', #4615 ) ;
#3465 = CARTESIAN_POINT ( 'NONE',  ( 5.399999999999998579, -18.83512088488561886, -10.87446211310752986 ) ) ;
#3466 = VERTEX_POINT ( 'NONE', #1363 ) ;
#3467 = CYLINDRICAL_SURFACE ( 'NONE', #2951, 1.649999999999998579 ) ;
#3468 = VECTOR ( 'NONE', #542, 1000.000000000000000 ) ;
#3469 = STYLED_ITEM ( 'NONE', ( #3284 ), #805 ) ;
#3470 = ADVANCED_FACE ( 'NONE', ( #4646 ), #4026, .F. ) ;
#3471 = AXIS2_PLACEMENT_3D ( 'NONE', #4450, #614, #3955 ) ;
#3472 =( NAMED_UNIT ( * ) SI_UNIT ( $, .STERADIAN. ) SOLID_ANGLE_UNIT ( ) );
#3473 = LINE ( 'NONE', #5149, #1997 ) ;
#3474 = ORIENTED_EDGE ( 'NONE', *, *, #2442, .T. ) ;
#3475 = CARTESIAN_POINT ( 'NONE',  ( 0.000000000000000000, 5.510910596163088569E-16, -4.500000000000000000 ) ) ;
#3476 = CARTESIAN_POINT ( 'NONE',  ( 17.67269594614331396, -29.26907041057564740, 6.582207970256630958 ) ) ;
#3477 = EDGE_CURVE ( 'NONE', #154, #2405, #4809, .T. ) ;
#3478 = CIRCLE ( 'NONE', #2009, 1.649999999999998357 ) ;
#3479 = CARTESIAN_POINT ( 'NONE',  ( 4.632582509408684324, 8.726626991359546892, 28.70295485389200252 ) ) ;
#3480 = LINE ( 'NONE', #2197, #4778 ) ;
#3481 = ORIENTED_EDGE ( 'NONE', *, *, #4768, .T. ) ;
#3482 = DIRECTION ( 'NONE',  ( 0.000000000000000000, 0.04361938736541615125, 0.9990482215818542455 ) ) ;
#3483 = CARTESIAN_POINT ( 'NONE',  ( 6.751075773784450895, -19.09188309203688050, 19.09188309203668155 ) ) ;
#3484 =( GEOMETRIC_REPRESENTATION_CONTEXT ( 3 ) GLOBAL_UNCERTAINTY_ASSIGNED_CONTEXT ( ( #2551 ) ) GLOBAL_UNIT_ASSIGNED_CONTEXT ( ( #3833, #1051, #633 ) ) REPRESENTATION_CONTEXT ( 'NONE', 'WORKASPACE' ) );
#3485 = DIRECTION ( 'NONE',  ( -1.000000000000000000, 0.000000000000000000, 0.000000000000000000 ) ) ;
#3486 = DIRECTION ( 'NONE',  ( 0.000000000000000000, 0.000000000000000000, 1.000000000000000000 ) ) ;
#3487 = DIRECTION ( 'NONE',  ( 1.049727191138612533E-16, 0.4848096202463305637, 0.8746197071393994049 ) ) ;
#3488 = LINE ( 'NONE', #5457, #310 ) ;
#3489 = EDGE_LOOP ( 'NONE', ( #4102, #3995, #4290 ) ) ;
#3490 = DIRECTION ( 'NONE',  ( 0.000000000000000000, -0.7071067811865485719, 0.7071067811865463515 ) ) ;
#3491 = VECTOR ( 'NONE', #4535, 1000.000000000000227 ) ;
#3492 = CARTESIAN_POINT ( 'NONE',  ( 16.75005810453914989, 7.606619245772940019, 29.02009542183986923 ) ) ;
#3493 = ORIENTED_EDGE ( 'NONE', *, *, #3431, .T. ) ;
#3494 = ADVANCED_FACE ( 'NONE', ( #1911 ), #208, .F. ) ;
#3495 = AXIS2_PLACEMENT_3D ( 'NONE', #4113, #4501, #347 ) ;
#3496 = CYLINDRICAL_SURFACE ( 'NONE', #2618, 1.249999999999986899 ) ;
#3497 = AXIS2_PLACEMENT_3D ( 'NONE', #358, #3710, #5393 ) ;
#3498 = ORIENTED_EDGE ( 'NONE', *, *, #2383, .F. ) ;
#3499 = ADVANCED_FACE ( 'NONE', ( #3101, #1064 ), #1859, .T. ) ;
#3500 = CARTESIAN_POINT ( 'NONE',  ( 0.000000000000000000, 27.00000000000000000, 0.000000000000000000 ) ) ;
#3501 = CARTESIAN_POINT ( 'NONE',  ( 0.000000000000000000, -9.426999614876460059E-14, 27.00000000000000000 ) ) ;
#3502 = VERTEX_POINT ( 'NONE', #1120 ) ;
#3503 = LINE ( 'NONE', #1409, #1329 ) ;
#3504 = B_SPLINE_CURVE_WITH_KNOTS ( 'NONE', 3,
 ( #4897, #2818, #4486, #4193, #922, #1308, #1751, #1230, #3381, #2966, #378, #2588, #441, #4242, #2067, #496, #5418, #1697, #1780, #3841 ),
 .UNSPECIFIED., .F., .F.,
 ( 4, 2, 2, 2, 2, 2, 2, 2, 2, 4 ),
 ( 0.000000000000000000, 0.0004885617222700064854, 0.0009771234445400129708, 0.001465685166810019348, 0.001954246889080025942, 0.002442808611350032535, 0.002931370333620038696, 0.003419932055890045289, 0.003664212917025048803, 0.003908493778160051883 ),
 .UNSPECIFIED. ) ;
#3505 = FILL_AREA_STYLE_COLOUR ( '', #324 ) ;
#3506 = AXIS2_PLACEMENT_3D ( 'NONE', #4067, #3607, #4949 ) ;
#3507 = CIRCLE ( 'NONE', #977, 1.249999999999986899 ) ;
#3508 = EDGE_CURVE ( 'NONE', #1827, #4175, #5075, .T. ) ;
#3509 = DIRECTION ( 'NONE',  ( -0.000000000000000000, 0.2588190451025245142, 0.9659258262890673130 ) ) ;
#3510 = CARTESIAN_POINT ( 'NONE',  ( 4.149942053713996160, 7.921664237608160519, 28.93568437672511706 ) ) ;
#3511 = ORIENTED_EDGE ( 'NONE', *, *, #3701, .F. ) ;
#3512 = LINE ( 'NONE', #3127, #2101 ) ;
#3513 = DIRECTION ( 'NONE',  ( -1.000000000000000000, -0.000000000000000000, -0.000000000000000000 ) ) ;
#3514 = CARTESIAN_POINT ( 'NONE',  ( 19.25013644778999833, -15.14189720965928210, 25.89884428618421452 ) ) ;
#3515 = DIRECTION ( 'NONE',  ( -1.000000000000000000, 0.000000000000000000, 0.000000000000000000 ) ) ;
#3516 = CARTESIAN_POINT ( 'NONE',  ( 5.729237241684784543, 6.582857220042277469, 29.26892376723206368 ) ) ;
#3517 = CARTESIAN_POINT ( 'NONE',  ( 2.000000000000000000, -27.00000000000000000, 0.000000000000000000 ) ) ;
#3518 = DIRECTION ( 'NONE',  ( 0.000000000000000000, 0.8660254037844433705, 0.4999999999999917288 ) ) ;
#3519 = EDGE_LOOP ( 'NONE', ( #3534, #2100, #637, #1687 ) ) ;
#3520 = CARTESIAN_POINT ( 'NONE',  ( 4.632582509408685212, 28.70295485389203094, -8.726626991359447416 ) ) ;
#3521 = CARTESIAN_POINT ( 'NONE',  ( 0.000000000000000000, 19.09188309203701550, -19.09188309203655010 ) ) ;
#3522 = ORIENTED_EDGE ( 'NONE', *, *, #2201, .T. ) ;
#3523 = LINE ( 'NONE', #2766, #4282 ) ;
#3524 = LINE ( 'NONE', #4370, #1134 ) ;
#3525 = ORIENTED_EDGE ( 'NONE', *, *, #1173, .T. ) ;
#3526 = CARTESIAN_POINT ( 'NONE',  ( 5.400000000000000355, -16.06950526508273214, 25.33319957161902991 ) ) ;
#3527 = FILL_AREA_STYLE ('',( #1872 ) ) ;
#3528 = ORIENTED_EDGE ( 'NONE', *, *, #2646, .F. ) ;
#3529 = CARTESIAN_POINT ( 'NONE',  ( 18.00000000000000355, 4.616021231945488523, 22.05685489788216813 ) ) ;
#3530 = CARTESIAN_POINT ( 'NONE',  ( 17.23258250940868308, -28.70295485389202028, 8.726626991359442087 ) ) ;
#3531 = EDGE_CURVE ( 'NONE', #982, #2475, #2457, .T. ) ;
#3532 = CARTESIAN_POINT ( 'NONE',  ( 17.23125683152128218, 15.85700699936856317, -25.46701090210073914 ) ) ;
#3533 = FACE_OUTER_BOUND ( 'NONE', #2701, .T. ) ;
#3534 = ORIENTED_EDGE ( 'NONE', *, *, #2348, .F. ) ;
#3535 = DIRECTION ( 'NONE',  ( 0.000000000000000000, 0.000000000000000000, 1.000000000000000000 ) ) ;
#3536 = CARTESIAN_POINT ( 'NONE',  ( 18.76922271609829451, -25.46720075650684478, -15.85670286622809932 ) ) ;
#3537 = EDGE_CURVE ( 'NONE', #23, #503, #4464, .T. ) ;
#3538 = CARTESIAN_POINT ( 'NONE',  ( 16.78287268560915635, 29.06131196934031280, -7.447333902025929042 ) ) ;
#3539 =( NAMED_UNIT ( * ) SI_UNIT ( $, .STERADIAN. ) SOLID_ANGLE_UNIT ( ) );
#3540 =( LENGTH_UNIT ( ) NAMED_UNIT ( * ) SI_UNIT ( .MILLI., .METRE. ) );
#3541 = CARTESIAN_POINT ( 'NONE',  ( 6.029936838771068786, -29.24123616247321422, 6.704775563877879208 ) ) ;
#3542 = FILL_AREA_STYLE_COLOUR ( '', #4341 ) ;
#3543 = ORIENTED_EDGE ( 'NONE', *, *, #5300, .T. ) ;
#3544 = CARTESIAN_POINT ( 'NONE',  ( 4.182872685609156704, 29.06131196934030925, -7.447333902025929042 ) ) ;
#3545 = EDGE_CURVE ( 'NONE', #41, #2798, #1675, .T. ) ;
#3546 = STYLED_ITEM ( 'NONE', ( #4047 ), #939 ) ;
#3547 =( LENGTH_UNIT ( ) NAMED_UNIT ( * ) SI_UNIT ( .MILLI., .METRE. ) );
#3548 = CARTESIAN_POINT ( 'NONE',  ( 5.400000000000000355, 25.98076211353324538, 14.99999999999984723 ) ) ;
#3549 = EDGE_LOOP ( 'NONE', ( #2164, #1485 ) ) ;
#3550 = CARTESIAN_POINT ( 'NONE',  ( 2.500000000000000000, 3.643324227463375391E-15, -29.75000000000000000 ) ) ;
#3551 = FACE_OUTER_BOUND ( 'NONE', #3135, .T. ) ;
#3552 = PRESENTATION_LAYER_ASSIGNMENT (  '', '', ( #4956 ) ) ;
#3553 = ORIENTED_EDGE ( 'NONE', *, *, #11, .T. ) ;
#3554 = FACE_BOUND ( 'NONE', #986, .T. ) ;
#3555 = AXIS2_PLACEMENT_3D ( 'NONE', #3753, #2804, #1606 ) ;
#3556 = DIRECTION ( 'NONE',  ( -1.000000000000000000, -0.000000000000000000, -0.000000000000000000 ) ) ;
#3557 = CONICAL_SURFACE ( 'NONE', #3994, 1.249999999999986899, 1.029744258676642543 ) ;
#3558 = VERTEX_POINT ( 'NONE', #5219 ) ;
#3559 = FACE_OUTER_BOUND ( 'NONE', #2820, .T. ) ;
#3560 =( NAMED_UNIT ( * ) PLANE_ANGLE_UNIT ( ) SI_UNIT ( $, .RADIAN. ) );
#3561 = MECHANICAL_DESIGN_GEOMETRIC_PRESENTATION_REPRESENTATION (  '', ( #2864 ), #1217 ) ;
#3562 = CARTESIAN_POINT ( 'NONE',  ( 4.997436999927916013, 8.904322796465397261, 28.64810676417893021 ) ) ;
#3563 =( LENGTH_UNIT ( ) NAMED_UNIT ( * ) SI_UNIT ( .MILLI., .METRE. ) );
#3564 = ORIENTED_EDGE ( 'NONE', *, *, #4645, .F. ) ;
#3565 = EDGE_CURVE ( 'NONE', #862, #588, #4108, .T. ) ;
#3566 = CARTESIAN_POINT ( 'NONE',  ( 83.79999999999999716, 1.977889662261882897, 10.91274266551904759 ) ) ;
#3567 = CARTESIAN_POINT ( 'NONE',  ( 18.16313538995434840, -26.58319957161922886, -13.90444175562124940 ) ) ;
#3568 = AXIS2_PLACEMENT_3D ( 'NONE', #2924, #2157, #4597 ) ;
#3569 = CYLINDRICAL_SURFACE ( 'NONE', #1284, 1.249999999999987121 ) ;
#3570 = CARTESIAN_POINT ( 'NONE',  ( 83.79999999999999716, -2.589595204938177631E-11, -2.547614896819538899E-11 ) ) ;
#3571 = CARTESIAN_POINT ( 'NONE',  ( 5.565162518034413530, 6.550421062991083510, 29.27613334949687385 ) ) ;
#3572 = EDGE_LOOP ( 'NONE', ( #1345, #2992, #2272 ) ) ;
#3573 = ADVANCED_FACE ( 'NONE', ( #3131 ), #4803, .T. ) ;
#3574 = CARTESIAN_POINT ( 'NONE',  ( 6.523771649554244156, -29.11619170381109711, 7.228632440432354755 ) ) ;
#3575 = DIRECTION ( 'NONE',  ( -0.5150380749100550437, 1.049727191138617956E-16, -0.8571673007021117785 ) ) ;
#3576 = ORIENTED_EDGE ( 'NONE', *, *, #868, .F. ) ;
#3577 = CIRCLE ( 'NONE', #2528, 4.500000000000000000 ) ;
#3578 = CARTESIAN_POINT ( 'NONE',  ( 4.997436999927916013, 28.64810676417896929, -8.904322796465301337 ) ) ;
#3579 = AXIS2_PLACEMENT_3D ( 'NONE', #3091, #2718, #1491 ) ;
#3580 = DIRECTION ( 'NONE',  ( 0.000000000000000000, 0.000000000000000000, 1.000000000000000000 ) ) ;
#3581 = FACE_BOUND ( 'NONE', #2526, .T. ) ;
#3582 = ORIENTED_EDGE ( 'NONE', *, *, #3902, .T. ) ;
#3583 = ADVANCED_FACE ( 'NONE', ( #4324 ), #5190, .F. ) ;
#3584 = CARTESIAN_POINT ( 'NONE',  ( 6.028424492048161554, 28.67578471782880456, -8.814944832306579769 ) ) ;
#3585 = DIRECTION ( 'NONE',  ( -0.000000000000000000, 0.9659258262890682012, -0.2588190451025211836 ) ) ;
#3586 = ORIENTED_EDGE ( 'NONE', *, *, #96, .F. ) ;
#3587 = CIRCLE ( 'NONE', #1059, 1.249999999999986899 ) ;
#3588 = CARTESIAN_POINT ( 'NONE',  ( 5.400000000000000355, 5.823428514806810341, 21.73333109150401654 ) ) ;
#3589 = MECHANICAL_DESIGN_GEOMETRIC_PRESENTATION_REPRESENTATION (  '', ( #2890 ), #5170 ) ;
#3590 = DIRECTION ( 'NONE',  ( -1.000000000000000000, -0.000000000000000000, -0.000000000000000000 ) ) ;
#3591 = ORIENTED_EDGE ( 'NONE', *, *, #3106, .F. ) ;
#3592 = DIRECTION ( 'NONE',  ( -0.000000000000000000, 0.4999999999999922284, -0.8660254037844433705 ) ) ;
#3593 = DIRECTION ( 'NONE',  ( 0.000000000000000000, 0.000000000000000000, 1.000000000000000000 ) ) ;
#3594 = AXIS2_PLACEMENT_3D ( 'NONE', #936, #455, #3345 ) ;
#3595 = CARTESIAN_POINT ( 'NONE',  ( 16.75005810453914634, 15.14161421287336395, -25.89899831405387687 ) ) ;
#3596 = ORIENTED_EDGE ( 'NONE', *, *, #2046, .T. ) ;
#3597 = CARTESIAN_POINT ( 'NONE',  ( 6.000000000000000000, 2.829630692961871892E-13, -28.24999999999999645 ) ) ;
#3598 = CIRCLE ( 'NONE', #3497, 3.700000000000090328 ) ;
#3599 = CARTESIAN_POINT ( 'NONE',  ( 19.25013644778999478, -25.89884428618437084, -15.14189720965900321 ) ) ;
#3600 = AXIS2_PLACEMENT_3D ( 'NONE', #604, #1530, #4003 ) ;
#3601 =( LENGTH_UNIT ( ) NAMED_UNIT ( * ) SI_UNIT ( .MILLI., .METRE. ) );
#3602 = DIRECTION ( 'NONE',  ( 0.000000000000000000, 0.000000000000000000, 1.000000000000000000 ) ) ;
#3603 = FILL_AREA_STYLE_COLOUR ( '', #1369 ) ;
#3604 = ORIENTED_EDGE ( 'NONE', *, *, #2192, .T. ) ;
#3605 = CARTESIAN_POINT ( 'NONE',  ( 72.00000000000000000, 1.764298315826923425, 28.94628216974726342 ) ) ;
#3606 = ORIENTED_EDGE ( 'NONE', *, *, #1045, .F. ) ;
#3607 = DIRECTION ( 'NONE',  ( -1.000000000000000000, -0.000000000000000000, -0.000000000000000000 ) ) ;
#3608 = EDGE_CURVE ( 'NONE', #1065, #1827, #5001, .T. ) ;
#3609 = DIRECTION ( 'NONE',  ( -0.000000000000000000, -0.9659258262890682012, 0.2588190451025211836 ) ) ;
#3610 = CARTESIAN_POINT ( 'NONE',  ( 18.00000000000000355, -5.823428514806961331, -21.73333109150397746 ) ) ;
#3611 = ORIENTED_EDGE ( 'NONE', *, *, #2870, .T. ) ;
#3612 = CARTESIAN_POINT ( 'NONE',  ( 6.491617939385585068, 28.80852887080675018, -8.372067598227122431 ) ) ;
#3613 = FACE_OUTER_BOUND ( 'NONE', #4836, .T. ) ;
#3614 = ADVANCED_FACE ( 'NONE', ( #1256 ), #2835, .F. ) ;
#3615 = ORIENTED_EDGE ( 'NONE', *, *, #1982, .F. ) ;
#3616 = CARTESIAN_POINT ( 'NONE',  ( 6.028424492048161554, -14.04373456311298440, 26.50994909653163845 ) ) ;
#3617 = CYLINDRICAL_SURFACE ( 'NONE', #4998, 1.249999999999987788 ) ;
#3618 = EDGE_CURVE ( 'NONE', #5304, #4429, #2096, .T. ) ;
#3619 = DIRECTION ( 'NONE',  ( 0.000000000000000000, 0.9659258262890653146, -0.2588190451025317307 ) ) ;
#3620 = SURFACE_STYLE_FILL_AREA ( #1605 ) ;
#3621 = DIRECTION ( 'NONE',  ( 0.000000000000000000, 0.000000000000000000, -1.000000000000000000 ) ) ;
#3622 = ORIENTED_EDGE ( 'NONE', *, *, #1109, .F. ) ;
#3623 = PLANE ( 'NONE',  #2543 ) ;
#3624 = CARTESIAN_POINT ( 'NONE',  ( 84.79999999999999716, -19.81969897660377811, 12.62654079614884850 ) ) ;
#3625 = FILL_AREA_STYLE ('',( #1092 ) ) ;
#3626 = CARTESIAN_POINT ( 'NONE',  ( 72.00000000000000000, 5.510910596163088569E-16, -4.500000000000000000 ) ) ;
#3627 = VERTEX_POINT ( 'NONE', #3626 ) ;
#3628 = DIRECTION ( 'NONE',  ( -0.000000000000000000, 0.2588190451025245142, 0.9659258262890673130 ) ) ;
#3629 = DIRECTION ( 'NONE',  ( -0.000000000000000000, 0.4999999999999921174, -0.8660254037844431485 ) ) ;
#3630 = DIRECTION ( 'NONE',  ( -1.000000000000000000, 0.000000000000000000, 0.000000000000000000 ) ) ;
#3631 = CARTESIAN_POINT ( 'NONE',  ( 17.67536878276449741, 8.926900041063298374, 28.64106686839572902 ) ) ;
#3632 = VERTEX_POINT ( 'NONE', #4973 ) ;
#3633 = PLANE ( 'NONE',  #528 ) ;
#3634 = ADVANCED_FACE ( 'NONE', ( #5308 ), #3148, .F. ) ;
#3635 = VECTOR ( 'NONE', #2026, 1000.000000000000000 ) ;
#3636 = VERTEX_POINT ( 'NONE', #4480 ) ;
#3637 = DIRECTION ( 'NONE',  ( -1.000000000000000000, -0.000000000000000000, -0.000000000000000000 ) ) ;
#3638 = DIRECTION ( 'NONE',  ( 0.000000000000000000, 0.000000000000000000, 1.000000000000000000 ) ) ;
#3639 = EDGE_CURVE ( 'NONE', #2563, #2897, #730, .T. ) ;
#3640 = FACE_OUTER_BOUND ( 'NONE', #3063, .T. ) ;
#3641 = AXIS2_PLACEMENT_3D ( 'NONE', #454, #2133, #3800 ) ;
#3642 = DIRECTION ( 'NONE',  ( 0.000000000000000000, -0.2588190451025205174, -0.9659258262890683122 ) ) ;
#3643 = AXIS2_PLACEMENT_3D ( 'NONE', #2831, #5379, #748 ) ;
#3644 = CIRCLE ( 'NONE', #1996, 30.00000000000000000 ) ;
#3645 = CARTESIAN_POINT ( 'NONE',  ( 18.00000000000000355, 21.73333109150403786, -5.823428514806733958 ) ) ;
#3646 = FACE_OUTER_BOUND ( 'NONE', #4387, .T. ) ;
#3647 = EDGE_LOOP ( 'NONE', ( #4096, #1815, #4934, #5450 ) ) ;
#3648 = EDGE_CURVE ( 'NONE', #5373, #2557, #1560, .T. ) ;
#3649 = CARTESIAN_POINT ( 'NONE',  ( 4.182326712606377228, 26.14280303197457300, 14.71654727397549500 ) ) ;
#3650 = CARTESIAN_POINT ( 'NONE',  ( 2.000000000000000000, 27.00000000000000000, 1.649999999999999689 ) ) ;
#3651 = AXIS2_PLACEMENT_3D ( 'NONE', #2745, #3119, #4761 ) ;
#3652 = CARTESIAN_POINT ( 'NONE',  ( 4.307533581528498523, -25.66092255366606878, -15.54154719847220534 ) ) ;
#3653 =( NAMED_UNIT ( * ) PLANE_ANGLE_UNIT ( ) SI_UNIT ( $, .RADIAN. ) );
#3654 = CARTESIAN_POINT ( 'NONE',  ( 18.00000000000000355, 11.24999999999981881, -19.48557158514998022 ) ) ;
#3655 = ORIENTED_EDGE ( 'NONE', *, *, #3618, .T. ) ;
#3656 = CARTESIAN_POINT ( 'NONE',  ( 4.149942053713997048, -14.85915614036033183, 26.06208114175164425 ) ) ;
#3657 = PRESENTATION_LAYER_ASSIGNMENT (  '', '', ( #4539 ) ) ;
#3658 = DIRECTION ( 'NONE',  ( 0.000000000000000000, -0.4999999999999937828, 0.8660254037844421493 ) ) ;
#3659 = VERTEX_POINT ( 'NONE', #2397 ) ;
#3660 = CARTESIAN_POINT ( 'NONE',  ( 4.632582509408684324, 14.12539689480232852, -26.46671113975432732 ) ) ;
#3661 = VECTOR ( 'NONE', #440, 1000.000000000000227 ) ;
#3662 = FILL_AREA_STYLE_COLOUR ( '', #1225 ) ;
#3663 = CIRCLE ( 'NONE', #2268, 1.649999999999999689 ) ;
#3664 = ADVANCED_FACE ( 'NONE', ( #3323 ), #3248, .F. ) ;
#3665 = EDGE_LOOP ( 'NONE', ( #4786, #1172, #3543, #3772 ) ) ;
#3666 = SURFACE_STYLE_FILL_AREA ( #2411 ) ;
#3667 = SURFACE_STYLE_USAGE ( .BOTH. , #1167 ) ;
#3668 = AXIS2_PLACEMENT_3D ( 'NONE', #2915, #5421, #4094 ) ;
#3669 = DIRECTION ( 'NONE',  ( -1.000000000000000000, -0.000000000000000000, 0.000000000000000000 ) ) ;
#3670 = EDGE_CURVE ( 'NONE', #2218, #1474, #2869, .T. ) ;
#3671 = DIRECTION ( 'NONE',  ( -0.000000000000000000, 0.2588190451025245142, 0.9659258262890673130 ) ) ;
#3672 = DIRECTION ( 'NONE',  ( -0.000000000000000000, -0.8660254037844449249, -0.4999999999999891753 ) ) ;
#3673 = ORIENTED_EDGE ( 'NONE', *, *, #4817, .T. ) ;
#3674 = CARTESIAN_POINT ( 'NONE',  ( 4.769921447851368512, 25.41762750741847654, 15.93575088777016902 ) ) ;
#3675 = CARTESIAN_POINT ( 'NONE',  ( 17.99999999999937117, 28.62908573673852075, -8.965235628720250816 ) ) ;
#3676 =( GEOMETRIC_REPRESENTATION_CONTEXT ( 3 ) GLOBAL_UNCERTAINTY_ASSIGNED_CONTEXT ( ( #3363 ) ) GLOBAL_UNIT_ASSIGNED_CONTEXT ( ( #2138, #1272, #5044 ) ) REPRESENTATION_CONTEXT ( 'NONE', 'WORKASPACE' ) );
#3677 = CONICAL_SURFACE ( 'NONE', #3414, 1.249999999999997558, 1.029744258676653423 ) ;
#3678 = ADVANCED_FACE ( 'NONE', ( #1718 ), #4586, .F. ) ;
#3679 = CONICAL_SURFACE ( 'NONE', #2636, 1.249999999999986233, 1.029744258676644098 ) ;
#3680 = CARTESIAN_POINT ( 'NONE',  ( 4.150058104539148474, -25.89899831405393726, -15.14161421287327869 ) ) ;
#3681 = CARTESIAN_POINT ( 'NONE',  ( 5.400000000000000355, 29.30129859505018786, -6.557164070214317242 ) ) ;
#3682 = CARTESIAN_POINT ( 'NONE',  ( 6.000000000000000000, 2.828099884462937892E-13, -27.00000000000000000 ) ) ;
#3683 = ORIENTED_EDGE ( 'NONE', *, *, #1078, .F. ) ;
#3684 =( NAMED_UNIT ( * ) SI_UNIT ( $, .STERADIAN. ) SOLID_ANGLE_UNIT ( ) );
#3685 = LINE ( 'NONE', #1616, #1516 ) ;
#3686 = AXIS2_PLACEMENT_3D ( 'NONE', #946, #974, #2143 ) ;
#3687 = EDGE_CURVE ( 'NONE', #2245, #210, #491, .T. ) ;
#3688 = FILL_AREA_STYLE ('',( #3304 ) ) ;
#3689 = CARTESIAN_POINT ( 'NONE',  ( 18.99858092218254768, 14.32890280943194838, -26.35708286083612606 ) ) ;
#3690 = ORIENTED_EDGE ( 'NONE', *, *, #5224, .T. ) ;
#3691 = CARTESIAN_POINT ( 'NONE',  ( 4.769921447851373841, 15.93575088777008908, -25.41762750741854049 ) ) ;
#3692 = EDGE_LOOP ( 'NONE', ( #565, #4548, #429, #1873 ) ) ;
#3693 =( LENGTH_UNIT ( ) NAMED_UNIT ( * ) SI_UNIT ( .MILLI., .METRE. ) );
#3694 = VERTEX_POINT ( 'NONE', #2561 ) ;
#3695 = FACE_BOUND ( 'NONE', #224, .T. ) ;
#3696 = UNCERTAINTY_MEASURE_WITH_UNIT (LENGTH_MEASURE( 1.000000000000000082E-05 ), #2047, 'distance_accuracy_value', 'NONE');
#3697 =( NAMED_UNIT ( * ) PLANE_ANGLE_UNIT ( ) SI_UNIT ( $, .RADIAN. ) );
#3698 = LINE ( 'NONE', #1194, #5442 ) ;
#3699 = LINE ( 'NONE', #5437, #1470 ) ;
#3700 = EDGE_LOOP ( 'NONE', ( #671, #4571, #5279 ) ) ;
#3701 = EDGE_CURVE ( 'NONE', #22, #3940, #66, .T. ) ;
#3702 = FACE_BOUND ( 'NONE', #4940, .T. ) ;
#3703 = DIRECTION ( 'NONE',  ( -1.000000000000000000, -0.000000000000000000, -0.000000000000000000 ) ) ;
#3704 = CARTESIAN_POINT ( 'NONE',  ( 72.00000000000000000, 0.000000000000000000, 0.000000000000000000 ) ) ;
#3705 = ORIENTED_EDGE ( 'NONE', *, *, #2817, .T. ) ;
#3706 = FILL_AREA_STYLE_COLOUR ( '', #1952 ) ;
#3707 = EDGE_CURVE ( 'NONE', #3819, #475, #943, .T. ) ;
#3708 = PRESENTATION_STYLE_ASSIGNMENT (( #4044 ) ) ;
#3709 = EDGE_LOOP ( 'NONE', ( #4457, #4876, #2142, #4993 ) ) ;
#3710 = DIRECTION ( 'NONE',  ( 1.000000000000000000, 0.000000000000000000, 0.000000000000000000 ) ) ;
#3711 = ORIENTED_EDGE ( 'NONE', *, *, #3138, .F. ) ;
#3712 = EDGE_CURVE ( 'NONE', #1285, #5205, #2186, .T. ) ;
#3713 = VERTEX_POINT ( 'NONE', #519 ) ;
#3714 = CARTESIAN_POINT ( 'NONE',  ( 6.342152031970309523, 15.70927991116390388, -25.55820533043585385 ) ) ;
#3715 = FILL_AREA_STYLE ('',( #1957 ) ) ;
#3716 = CARTESIAN_POINT ( 'NONE',  ( 17.91841376768462268, 13.90444175562152118, -26.58319957161906899 ) ) ;
#3717 = CONICAL_SURFACE ( 'NONE', #1730, 1.249999999999997558, 1.029744258676653423 ) ;
#3718 = CARTESIAN_POINT ( 'NONE',  ( 6.169222716098292203, -25.46720075650685189, -15.85670286622810288 ) ) ;
#3719 = CARTESIAN_POINT ( 'NONE',  ( 2.000000000000000000, 2.828099884462937892E-13, -27.00000000000000000 ) ) ;
#3720 = COLOUR_RGB ( '',0.6980392156862744724, 0.6980392156862744724, 0.6980392156862744724 ) ;
#3721 = ORIENTED_EDGE ( 'NONE', *, *, #2753, .T. ) ;
#3722 = DIRECTION ( 'NONE',  ( 1.049727191138611547E-16, 0.8746197071393982947, -0.4848096202463323401 ) ) ;
#3723 = DIRECTION ( 'NONE',  ( -0.7071067811865486830, 0.000000000000000000, 0.7071067811865464625 ) ) ;
#3724 = MECHANICAL_DESIGN_GEOMETRIC_PRESENTATION_REPRESENTATION (  '', ( #4693 ), #4332 ) ;
#3725 = CONICAL_SURFACE ( 'NONE', #1381, 1.249999999999997558, 1.029744258676653423 ) ;
#3726 = EDGE_CURVE ( 'NONE', #1847, #2278, #4294, .T. ) ;
#3727 = FACE_OUTER_BOUND ( 'NONE', #4975, .T. ) ;
#3728 = CARTESIAN_POINT ( 'NONE',  ( 17.67269594614331396, -6.582207970256936491, -29.26907041057557635 ) ) ;
#3729 =( NAMED_UNIT ( * ) PLANE_ANGLE_UNIT ( ) SI_UNIT ( $, .RADIAN. ) );
#3730 = ORIENTED_EDGE ( 'NONE', *, *, #1580, .F. ) ;
#3731 = DIRECTION ( 'NONE',  ( 0.000000000000000000, 0.4999999999999884537, -0.8660254037844452579 ) ) ;
#3732 = CIRCLE ( 'NONE', #4532, 25.00000000000000000 ) ;
#3733 = AXIS2_PLACEMENT_3D ( 'NONE', #3313, #4176, #422 ) ;
#3734 = CARTESIAN_POINT ( 'NONE',  ( 5.400000000000001243, -25.33319957161919689, -16.06950526508246213 ) ) ;
#3735 = AXIS2_PLACEMENT_3D ( 'NONE', #2520, #2949, #882 ) ;
#3736 = EDGE_CURVE ( 'NONE', #4931, #4283, #5296, .T. ) ;
#3737 = DIRECTION ( 'NONE',  ( -1.000000000000000000, -0.000000000000000000, -0.000000000000000000 ) ) ;
#3738 = CYLINDRICAL_SURFACE ( 'NONE', #2801, 1.249999999999986899 ) ;
#3739 = CARTESIAN_POINT ( 'NONE',  ( 19.12377164955425002, 15.47684157875731614, -25.69967161342723472 ) ) ;
#3740 = ORIENTED_EDGE ( 'NONE', *, *, #1147, .T. ) ;
#3741 = CARTESIAN_POINT ( 'NONE',  ( 4.770198875233971236, 14.04428208010040180, -26.50966019013378272 ) ) ;
#3742 = ORIENTED_EDGE ( 'NONE', *, *, #2693, .T. ) ;
#3743 = AXIS2_PLACEMENT_3D ( 'NONE', #4402, #3056, #4737 ) ;
#3744 = EDGE_CURVE ( 'NONE', #3416, #543, #256, .T. ) ;
#3745 = STYLED_ITEM ( 'NONE', ( #4389 ), #2834 ) ;
#3746 = ORIENTED_EDGE ( 'NONE', *, *, #1615, .T. ) ;
#3747 = ORIENTED_EDGE ( 'NONE', *, *, #706, .F. ) ;
#3748 = CARTESIAN_POINT ( 'NONE',  ( 6.491617939385586844, 14.45076034929709152, -26.29065189181458706 ) ) ;
#3749 = UNCERTAINTY_MEASURE_WITH_UNIT (LENGTH_MEASURE( 1.000000000000000082E-05 ), #3563, 'distance_accuracy_value', 'NONE');
#3750 = PRESENTATION_STYLE_ASSIGNMENT (( #424 ) ) ;
#3751 = AXIS2_PLACEMENT_3D ( 'NONE', #370, #4061, #1198 ) ;
#3752 = CARTESIAN_POINT ( 'NONE',  ( 17.99999999999937117, -13.90444175561549756, 26.58319957162222735 ) ) ;
#3753 = CARTESIAN_POINT ( 'NONE',  ( 18.00000000000000355, -11.24999999999995737, 19.48557158514990206 ) ) ;
#3754 = EDGE_LOOP ( 'NONE', ( #5114, #3690, #3184 ) ) ;
#3755 = PRESENTATION_STYLE_ASSIGNMENT (( #348 ) ) ;
#3756 = CIRCLE ( 'NONE', #4898, 1.249999999999986899 ) ;
#3757 = CARTESIAN_POINT ( 'NONE',  ( 0.000000000000000000, -27.00000000000000000, 1.249999999999997558 ) ) ;
#3758 = FACE_OUTER_BOUND ( 'NONE', #5130, .T. ) ;
#3759 = ORIENTED_EDGE ( 'NONE', *, *, #2383, .T. ) ;
#3760 = AXIS2_PLACEMENT_3D ( 'NONE', #3781, #3369, #430 ) ;
#3761 = AXIS2_PLACEMENT_3D ( 'NONE', #2539, #3016, #2122 ) ;
#3762 = CIRCLE ( 'NONE', #4643, 1.249999999999997558 ) ;
#3763 = CONICAL_SURFACE ( 'NONE', #1851, 1.249999999999986899, 1.029744258676642099 ) ;
#3764 = CARTESIAN_POINT ( 'NONE',  ( 5.400000000000000355, 11.24999999999981881, -19.48557158514998022 ) ) ;
#3765 = DIRECTION ( 'NONE',  ( 0.000000000000000000, 0.000000000000000000, 1.000000000000000000 ) ) ;
#3766 = ORIENTED_EDGE ( 'NONE', *, *, #4716, .F. ) ;
#3767 = CARTESIAN_POINT ( 'NONE',  ( 5.399999999999369749, -13.90444175561549756, 26.58319957162222735 ) ) ;
#3768 = ORIENTED_EDGE ( 'NONE', *, *, #1385, .F. ) ;
#3769 = AXIS2_PLACEMENT_3D ( 'NONE', #1034, #3923, #2760 ) ;
#3770 = EDGE_CURVE ( 'NONE', #5199, #4735, #1766, .T. ) ;
#3771 = EDGE_LOOP ( 'NONE', ( #5380, #2493 ) ) ;
#3772 = ORIENTED_EDGE ( 'NONE', *, *, #2201, .F. ) ;
#3773 = CARTESIAN_POINT ( 'NONE',  ( 6.000000000000000000, -19.09188309203688050, 20.34188309203667799 ) ) ;
#3774 = DIRECTION ( 'NONE',  ( 0.000000000000000000, 0.7071067811865539010, -0.7071067811865413555 ) ) ;
#3775 =( LENGTH_UNIT ( ) NAMED_UNIT ( * ) SI_UNIT ( .MILLI., .METRE. ) );
#3776 = EDGE_CURVE ( 'NONE', #5043, #3168, #970, .T. ) ;
#3777 = SURFACE_STYLE_USAGE ( .BOTH. , #2110 ) ;
#3778 = CARTESIAN_POINT ( 'NONE',  ( 17.59743699992791122, -13.96096352985252587, 26.55357759236174431 ) ) ;
#3779 = DIRECTION ( 'NONE',  ( 0.000000000000000000, 0.000000000000000000, 1.000000000000000000 ) ) ;
#3780 = ORIENTED_EDGE ( 'NONE', *, *, #4439, .T. ) ;
#3781 = CARTESIAN_POINT ( 'NONE',  ( 0.000000000000000000, -19.09188309203688050, 19.09188309203668155 ) ) ;
#3782 = DIRECTION ( 'NONE',  ( -1.000000000000000000, -0.000000000000000000, -0.000000000000000000 ) ) ;
#3783 = ADVANCED_FACE ( 'NONE', ( #4385 ), #3330, .F. ) ;
#3784 = LINE ( 'NONE', #1717, #5038 ) ;
#3785 = VERTEX_POINT ( 'NONE', #2750 ) ;
#3786 = CARTESIAN_POINT ( 'NONE',  ( 18.00000000000000355, 6.550421062991082621, 29.27613334949686674 ) ) ;
#3787 = DIRECTION ( 'NONE',  ( -0.000000000000000000, 0.9659258262890680902, -0.2588190451025211281 ) ) ;
#3788 = DIRECTION ( 'NONE',  ( 0.000000000000000000, 0.000000000000000000, 1.000000000000000000 ) ) ;
#3789 = CARTESIAN_POINT ( 'NONE',  ( 4.307533581528498523, -7.155478935029559118, -29.13454576337059621 ) ) ;
#3790 = CARTESIAN_POINT ( 'NONE',  ( 2.000000000000000000, -27.00000000000000000, 0.000000000000000000 ) ) ;
#3791 = ORIENTED_EDGE ( 'NONE', *, *, #2741, .F. ) ;
#3792 =( NAMED_UNIT ( * ) PLANE_ANGLE_UNIT ( ) SI_UNIT ( $, .RADIAN. ) );
#3793 = EDGE_LOOP ( 'NONE', ( #1776, #3265, #4916 ) ) ;
#3794 = ORIENTED_EDGE ( 'NONE', *, *, #5459, .F. ) ;
#3795 = ORIENTED_EDGE ( 'NONE', *, *, #2102, .F. ) ;
#3796 = EDGE_CURVE ( 'NONE', #4342, #3071, #200, .T. ) ;
#3797 = FACE_OUTER_BOUND ( 'NONE', #2888, .T. ) ;
#3798 = UNCERTAINTY_MEASURE_WITH_UNIT (LENGTH_MEASURE( 1.000000000000000082E-05 ), #3328, 'distance_accuracy_value', 'NONE');
#3799 = ADVANCED_FACE ( 'NONE', ( #3946 ), #3677, .F. ) ;
#3800 = DIRECTION ( 'NONE',  ( 0.000000000000000000, -0.4999999999999943934, 0.8660254037844418162 ) ) ;
#3801 = CARTESIAN_POINT ( 'NONE',  ( 17.00065676438294915, -15.66062843524095349, 25.58824011687915245 ) ) ;
#3802 = CYLINDRICAL_SURFACE ( 'NONE', #5324, 4.499999999999999112 ) ;
#3803 = ORIENTED_EDGE ( 'NONE', *, *, #898, .F. ) ;
#3804 = CARTESIAN_POINT ( 'NONE',  ( 6.000000000000000000, 19.09188309203701550, -19.09188309203655010 ) ) ;
#3805 = CARTESIAN_POINT ( 'NONE',  ( 18.16516251803441406, 29.27613334949689161, -6.550421062990980481 ) ) ;
#3806 = CIRCLE ( 'NONE', #106, 1.000000000005586642 ) ;
#3807 = AXIS2_PLACEMENT_3D ( 'NONE', #5339, #2425, #2731 ) ;
#3808 = ADVANCED_FACE ( 'NONE', ( #3533 ), #3124, .F. ) ;
#3809 = CARTESIAN_POINT ( 'NONE',  ( 83.79999999999999716, -10.97177648454116472, -0.7874774747481696480 ) ) ;
#3810 = DIRECTION ( 'NONE',  ( -0.000000000000000000, 0.8660254037844414832, 0.4999999999999950595 ) ) ;
#3811 = ORIENTED_EDGE ( 'NONE', *, *, #4673, .F. ) ;
#3812 = CARTESIAN_POINT ( 'NONE',  ( 18.99489523551410386, 7.026880780999841924, 29.16552006799482655 ) ) ;
#3813 = CARTESIAN_POINT ( 'NONE',  ( 5.400000000000000355, 13.91746824526921422, -26.60576211353328091 ) ) ;
#3814 = CIRCLE ( 'NONE', #4522, 4.500000000000000000 ) ;
#3815 = AXIS2_PLACEMENT_3D ( 'NONE', #4410, #5276, #1901 ) ;
#3816 = AXIS2_PLACEMENT_3D ( 'NONE', #3719, #4138, #4992 ) ;
#3817 = CARTESIAN_POINT ( 'NONE',  ( 4.632582509408685212, -8.726626991359744068, -28.70295485389193502 ) ) ;
#3818 = DIRECTION ( 'NONE',  ( 0.000000000000000000, 0.000000000000000000, 1.000000000000000000 ) ) ;
#3819 = VERTEX_POINT ( 'NONE', #2037 ) ;
#3820 = SURFACE_SIDE_STYLE ('',( #73 ) ) ;
#3821 = ORIENTED_EDGE ( 'NONE', *, *, #1716, .T. ) ;
#3822 = VERTEX_POINT ( 'NONE', #1142 ) ;
#3823 = DIRECTION ( 'NONE',  ( 0.000000000000000000, 0.000000000000000000, 1.000000000000000000 ) ) ;
#3824 = VERTEX_POINT ( 'NONE', #1961 ) ;
#3825 = LINE ( 'NONE', #1734, #2519 ) ;
#3826 = DIRECTION ( 'NONE',  ( -1.000000000000000000, 0.000000000000000000, 0.000000000000000000 ) ) ;
#3827 = VECTOR ( 'NONE', #4758, 1000.000000000000114 ) ;
#3828 = PRESENTATION_STYLE_ASSIGNMENT (( #4738 ) ) ;
#3829 = CARTESIAN_POINT ( 'NONE',  ( 2.000000000000000000, 2.828099884462937892E-13, -27.00000000000000000 ) ) ;
#3830 = PRESENTATION_STYLE_ASSIGNMENT (( #2954 ) ) ;
#3831 = ORIENTED_EDGE ( 'NONE', *, *, #765, .T. ) ;
#3832 = DIRECTION ( 'NONE',  ( -0.000000000000000000, 0.2588190451025245142, 0.9659258262890673130 ) ) ;
#3833 =( LENGTH_UNIT ( ) NAMED_UNIT ( * ) SI_UNIT ( .MILLI., .METRE. ) );
#3834 = EDGE_CURVE ( 'NONE', #1343, #3785, #5361, .T. ) ;
#3835 = FILL_AREA_STYLE ('',( #2168 ) ) ;
#3836 = CARTESIAN_POINT ( 'NONE',  ( 2.000000000000000000, 19.09188309203674905, 17.44188309203681797 ) ) ;
#3837 =( LENGTH_UNIT ( ) NAMED_UNIT ( * ) SI_UNIT ( .MILLI., .METRE. ) );
#3838 = ORIENTED_EDGE ( 'NONE', *, *, #4558, .F. ) ;
#3839 = CARTESIAN_POINT ( 'NONE',  ( 18.99858092218254768, 26.35708286083606922, 14.32890280943204075 ) ) ;
#3840 = VECTOR ( 'NONE', #648, 1000.000000000000114 ) ;
#3841 = CARTESIAN_POINT ( 'NONE',  ( 5.399999999999369749, -28.62908573673852075, 8.965235628720250816 ) ) ;
#3842 = EDGE_CURVE ( 'NONE', #5256, #5454, #4689, .T. ) ;
#3843 = AXIS2_PLACEMENT_3D ( 'NONE', #895, #3890, #3042 ) ;
#3844 = CARTESIAN_POINT ( 'NONE',  ( 18.00000000000000355, 29.27613334949689161, -6.550421062990980481 ) ) ;
#3845 = CARTESIAN_POINT ( 'NONE',  ( 16.99924456868884448, -26.35594625562216820, -14.33100599963738375 ) ) ;
#3846 = DIRECTION ( 'NONE',  ( -1.000000000000000000, -0.000000000000000000, -0.000000000000000000 ) ) ;
#3847 = ORIENTED_EDGE ( 'NONE', *, *, #1179, .T. ) ;
#3848 = DIRECTION ( 'NONE',  ( -0.000000000000000000, -0.8660254037844449249, -0.4999999999999891753 ) ) ;
#3849 = ORIENTED_EDGE ( 'NONE', *, *, #4808, .T. ) ;
#3850 = EDGE_CURVE ( 'NONE', #4574, #1647, #3698, .T. ) ;
#3851 = MECHANICAL_DESIGN_GEOMETRIC_PRESENTATION_REPRESENTATION (  '', ( #3243 ), #3676 ) ;
#3852 =( GEOMETRIC_REPRESENTATION_CONTEXT ( 3 ) GLOBAL_UNCERTAINTY_ASSIGNED_CONTEXT ( ( #4678 ) ) GLOBAL_UNIT_ASSIGNED_CONTEXT ( ( #2853, #5302, #747 ) ) REPRESENTATION_CONTEXT ( 'NONE', 'WORKASPACE' ) );
#3853 = ORIENTED_EDGE ( 'NONE', *, *, #2228, .F. ) ;
#3854 = CARTESIAN_POINT ( 'NONE',  ( 18.00000000000000355, 6.550421062991082621, 29.27613334949686674 ) ) ;
#3855 = ORIENTED_EDGE ( 'NONE', *, *, #3181, .F. ) ;
#3856 = AXIS2_PLACEMENT_3D ( 'NONE', #2659, #4314, #1460 ) ;
#3857 = UNCERTAINTY_MEASURE_WITH_UNIT (LENGTH_MEASURE( 1.000000000000000082E-05 ), #2952, 'distance_accuracy_value', 'NONE');
#3858 = CARTESIAN_POINT ( 'NONE',  ( 0.000000000000000000, 2.828099884462937892E-13, -27.00000000000000000 ) ) ;
#3859 = AXIS2_PLACEMENT_3D ( 'NONE', #695, #113, #236 ) ;
#3860 = DIRECTION ( 'NONE',  ( 0.000000000000000000, 0.000000000000000000, 1.000000000000000000 ) ) ;
#3861 = ORIENTED_EDGE ( 'NONE', *, *, #1817, .T. ) ;
#3862 = LINE ( 'NONE', #1384, #5067 ) ;
#3863 = CARTESIAN_POINT ( 'NONE',  ( 5.400000000000000355, 6.550421062991081733, 29.27613334949686674 ) ) ;
#3864 = CARTESIAN_POINT ( 'NONE',  ( 72.00000000000000000, 7.108577143973916545E-14, 3.271072094737702939E-14 ) ) ;
#3865 = ORIENTED_EDGE ( 'NONE', *, *, #3025, .F. ) ;
#3866 = ADVANCED_FACE ( 'NONE', ( #5378, #288 ), #4442, .T. ) ;
#3867 = CARTESIAN_POINT ( 'NONE',  ( 19.21780806232715477, 25.81649972284544958, 15.28173181377414735 ) ) ;
#3868 = CARTESIAN_POINT ( 'NONE',  ( 17.99999999999937117, -13.90444175561549756, 26.58319957162222735 ) ) ;
#3869 = CARTESIAN_POINT ( 'NONE',  ( 17.37019887523397443, -26.50966019013382535, -14.04428208010031298 ) ) ;
#3870 = CARTESIAN_POINT ( 'NONE',  ( 5.400000000000000355, -6.550421062991286014, -29.27613334949682411 ) ) ;
#3871 = ORIENTED_EDGE ( 'NONE', *, *, #3443, .T. ) ;
#3872 = EDGE_CURVE ( 'NONE', #1904, #3040, #3244, .T. ) ;
#3873 = LINE ( 'NONE', #4728, #4644 ) ;
#3874 = ORIENTED_EDGE ( 'NONE', *, *, #1526, .F. ) ;
#3875 = CARTESIAN_POINT ( 'NONE',  ( 4.400656764382942399, 29.16735466947667277, -7.019881541073100806 ) ) ;
#3876 = VERTEX_POINT ( 'NONE', #1112 ) ;
#3877 = DIRECTION ( 'NONE',  ( -0.000000000000000000, -0.8660254037844448138, -0.4999999999999892308 ) ) ;
#3878 = ORIENTED_EDGE ( 'NONE', *, *, #1215, .F. ) ;
#3879 = ADVANCED_FACE ( 'NONE', ( #4032 ), #264, .F. ) ;
#3880 = FILL_AREA_STYLE ('',( #960 ) ) ;
#3881 =( NAMED_UNIT ( * ) PLANE_ANGLE_UNIT ( ) SI_UNIT ( $, .RADIAN. ) );
#3882 =( NAMED_UNIT ( * ) PLANE_ANGLE_UNIT ( ) SI_UNIT ( $, .RADIAN. ) );
#3883 = ORIENTED_EDGE ( 'NONE', *, *, #3948, .T. ) ;
#3884 = LINE ( 'NONE', #632, #1070 ) ;
#3885 = CARTESIAN_POINT ( 'NONE',  ( 72.00000000000000000, 3.673940397442059178E-15, -30.00000000000000000 ) ) ;
#3886 =( NAMED_UNIT ( * ) PLANE_ANGLE_UNIT ( ) SI_UNIT ( $, .RADIAN. ) );
#3887 = CARTESIAN_POINT ( 'NONE',  ( 5.072695946143315204, 6.582207970256733987, 29.26907041057562608 ) ) ;
#3888 = DIRECTION ( 'NONE',  ( -1.000000000000000000, 0.000000000000000000, 0.000000000000000000 ) ) ;
#3889 = ORIENTED_EDGE ( 'NONE', *, *, #4143, .F. ) ;
#3890 = DIRECTION ( 'NONE',  ( -0.000000000000000000, -0.8660254037844450359, -0.4999999999999893419 ) ) ;
#3891 = DIRECTION ( 'NONE',  ( 0.000000000000000000, -0.4999999999999943934, 0.8660254037844418162 ) ) ;
#3892 = CIRCLE ( 'NONE', #2150, 29.75000000000000000 ) ;
#3893 = PRESENTATION_LAYER_ASSIGNMENT (  '', '', ( #2152 ) ) ;
#3894 = ADVANCED_FACE ( 'NONE', ( #5407 ), #3422, .F. ) ;
#3895 = DIRECTION ( 'NONE',  ( 0.000000000000000000, 0.8660254037844433705, 0.4999999999999917288 ) ) ;
#3896 = CARTESIAN_POINT ( 'NONE',  ( 6.649862690764980044, -7.924837142476183871, -28.93482577678901180 ) ) ;
#3897 = CARTESIAN_POINT ( 'NONE',  ( 18.00000000000000355, 26.60576211353323473, 13.91746824526930482 ) ) ;
#3898 = CONICAL_SURFACE ( 'NONE', #4078, 1.249999999999997558, 1.029744258676652979 ) ;
#3899 = VERTEX_POINT ( 'NONE', #4991 ) ;
#3900 = MECHANICAL_DESIGN_GEOMETRIC_PRESENTATION_REPRESENTATION (  '', ( #5126 ), #5317 ) ;
#3901 = DIRECTION ( 'NONE',  ( 0.000000000000000000, 0.000000000000000000, 1.000000000000000000 ) ) ;
#3902 = EDGE_CURVE ( 'NONE', #4529, #5269, #1323, .T. ) ;
#3903 = CIRCLE ( 'NONE', #216, 1.649999999999999689 ) ;
#3904 =( GEOMETRIC_REPRESENTATION_CONTEXT ( 3 ) GLOBAL_UNCERTAINTY_ASSIGNED_CONTEXT ( ( #100 ) ) GLOBAL_UNIT_ASSIGNED_CONTEXT ( ( #5091, #2597, #4307 ) ) REPRESENTATION_CONTEXT ( 'NONE', 'WORKASPACE' ) );
#3905 = DIRECTION ( 'NONE',  ( 0.000000000000000000, 0.2588190451025206840, 0.9659258262890683122 ) ) ;
#3906 = EDGE_LOOP ( 'NONE', ( #3791, #1234, #5030 ) ) ;
#3907 = DIRECTION ( 'NONE',  ( 0.000000000000000000, -1.000000000000000000, -4.205390244792260029E-15 ) ) ;
#3908 = AXIS2_PLACEMENT_3D ( 'NONE', #857, #4711, #2632 ) ;
#3909 = PRESENTATION_LAYER_ASSIGNMENT (  '', '', ( #3546 ) ) ;
#3910 = ADVANCED_FACE ( 'NONE', ( #912, #1768 ), #5097, .T. ) ;
#3911 = VERTEX_POINT ( 'NONE', #427 ) ;
#3912 = DIRECTION ( 'NONE',  ( -0.5150380749100554878, 0.000000000000000000, 0.8571673007021115565 ) ) ;
#3913 = CARTESIAN_POINT ( 'NONE',  ( 17.99999999999937117, -28.62908573673852075, 8.965235628720250816 ) ) ;
#3914 = PRESENTATION_LAYER_ASSIGNMENT (  '', '', ( #4707 ) ) ;
#3915 = CARTESIAN_POINT ( 'NONE',  ( 83.79999999999999716, 1.825136188787725988, 29.94442983077982845 ) ) ;
#3916 = CARTESIAN_POINT ( 'NONE',  ( 6.000000000000000000, -19.09188309203688050, 19.09188309203668155 ) ) ;
#3917 = CARTESIAN_POINT ( 'NONE',  ( 18.00000000000000355, 22.05685489788218590, -4.616021231945411252 ) ) ;
#3918 = EDGE_LOOP ( 'NONE', ( #725, #2793, #4375 ) ) ;
#3919 = LINE ( 'NONE', #1440, #1076 ) ;
#3920 = CARTESIAN_POINT ( 'NONE',  ( 19.09161793938558915, -26.29065189181463680, -14.45076034929699915 ) ) ;
#3921 = CARTESIAN_POINT ( 'NONE',  ( 2.000000000000000000, 19.09188309203701550, -19.09188309203655010 ) ) ;
#3922 = B_SPLINE_CURVE_WITH_KNOTS ( 'NONE', 3,
 ( #3246, #4062, #1176, #2373, #4390, #1991, #3652, #1119, #3680, #319, #5249, #1964, #4040, #4479, #2018, #1559, #1531, #2811, #1611, #4802 ),
 .UNSPECIFIED., .F., .F.,
 ( 4, 2, 2, 2, 2, 2, 2, 2, 2, 4 ),
 ( 8.673617379884035472E-19, 0.0004885617222700071359, 0.0009771234445400134045, 0.001465685166810019781, 0.001954246889080025942, 0.002442808611350032102, 0.002931370333620038696, 0.003419932055890044856, 0.003664212917025047936, 0.003908493778160051016 ),
 .UNSPECIFIED. ) ;
#3923 = DIRECTION ( 'NONE',  ( 1.000000000000000000, 0.000000000000000000, 0.000000000000000000 ) ) ;
#3924 = LINE ( 'NONE', #2575, #4167 ) ;
#3925 = ORIENTED_EDGE ( 'NONE', *, *, #2599, .F. ) ;
#3926 = CARTESIAN_POINT ( 'NONE',  ( 5.400000000000000355, -16.06950526508273214, 25.33319957161902991 ) ) ;
#3927 = AXIS2_PLACEMENT_3D ( 'NONE', #3570, #119, #1031 ) ;
#3928 = LINE ( 'NONE', #4365, #4180 ) ;
#3929 = ORIENTED_EDGE ( 'NONE', *, *, #1215, .T. ) ;
#3930 = DIRECTION ( 'NONE',  ( -1.000000000000000000, -0.000000000000000000, -0.000000000000000000 ) ) ;
#3931 = EDGE_CURVE ( 'NONE', #3636, #5394, #885, .T. ) ;
#3932 = PRESENTATION_LAYER_ASSIGNMENT (  '', '', ( #3243 ) ) ;
#3933 = DIRECTION ( 'NONE',  ( 0.000000000000000000, 0.000000000000000000, 1.000000000000000000 ) ) ;
#3934 = PRESENTATION_LAYER_ASSIGNMENT (  '', '', ( #799 ) ) ;
#3935 = AXIS2_PLACEMENT_3D ( 'NONE', #536, #1450, #4280 ) ;
#3936 = PRESENTATION_LAYER_ASSIGNMENT (  '', '', ( #3247 ) ) ;
#3937 = ORIENTED_EDGE ( 'NONE', *, *, #3413, .T. ) ;
#3938 = DIRECTION ( 'NONE',  ( 0.000000000000000000, 0.000000000000000000, 1.000000000000000000 ) ) ;
#3939 = CARTESIAN_POINT ( 'NONE',  ( 5.400000000000000355, -21.40980728512588982, 7.030835797668056664 ) ) ;
#3940 = VERTEX_POINT ( 'NONE', #4230 ) ;
#3941 = ADVANCED_FACE ( 'NONE', ( #2524 ), #1293, .F. ) ;
#3942 = CARTESIAN_POINT ( 'NONE',  ( 18.16313538995434484, -8.965235628714058436, -28.62908573674046409 ) ) ;
#3943 = DIRECTION ( 'NONE',  ( -1.000000000000000000, -0.000000000000000000, -0.000000000000000000 ) ) ;
#3944 = AXIS2_PLACEMENT_3D ( 'NONE', #4484, #4123, #4948 ) ;
#3945 = CARTESIAN_POINT ( 'NONE',  ( 5.400000000000000355, -21.73333109150403786, 5.823428514806733958 ) ) ;
#3946 = FACE_OUTER_BOUND ( 'NONE', #3793, .T. ) ;
#3947 = VERTEX_POINT ( 'NONE', #1269 ) ;
#3948 = EDGE_CURVE ( 'NONE', #1065, #4199, #4560, .T. ) ;
#3949 = FACE_OUTER_BOUND ( 'NONE', #4451, .T. ) ;
#3950 = CARTESIAN_POINT ( 'NONE',  ( 19.08541668974977412, -25.66252170213654793, -15.53832662272116139 ) ) ;
#3951 = CARTESIAN_POINT ( 'NONE',  ( 16.90755888607466062, 28.80891878407226159, -8.370729509935360468 ) ) ;
#3952 = SURFACE_STYLE_USAGE ( .BOTH. , #578 ) ;
#3953 = SURFACE_SIDE_STYLE ('',( #2285 ) ) ;
#3954 =( NAMED_UNIT ( * ) PLANE_ANGLE_UNIT ( ) SI_UNIT ( $, .RADIAN. ) );
#3955 = DIRECTION ( 'NONE',  ( 0.000000000000000000, 0.000000000000000000, -1.000000000000000000 ) ) ;
#3956 = EDGE_LOOP ( 'NONE', ( #627, #1446 ) ) ;
#3957 = CARTESIAN_POINT ( 'NONE',  ( 4.770198875233971236, 28.67596758313043281, -8.814353391658698911 ) ) ;
#3958 = SURFACE_STYLE_USAGE ( .BOTH. , #5290 ) ;
#3959 = FACE_BOUND ( 'NONE', #1429, .T. ) ;
#3960 = ORIENTED_EDGE ( 'NONE', *, *, #2611, .T. ) ;
#3961 = DIRECTION ( 'NONE',  ( 0.000000000000000000, 0.4999999999999890643, -0.8660254037844449249 ) ) ;
#3962 = PRESENTATION_STYLE_ASSIGNMENT (( #2294 ) ) ;
#3963 = EDGE_CURVE ( 'NONE', #795, #5318, #5083, .T. ) ;
#3964 = ORIENTED_EDGE ( 'NONE', *, *, #5386, .T. ) ;
#3965 = LINE ( 'NONE', #1105, #396 ) ;
#3966 = ORIENTED_EDGE ( 'NONE', *, *, #3302, .T. ) ;
#3967 = CARTESIAN_POINT ( 'NONE',  ( 18.00000000000000355, 21.73333109150403786, -5.823428514806733958 ) ) ;
#3968 = LINE ( 'NONE', #138, #4983 ) ;
#3969 = EDGE_CURVE ( 'NONE', #3876, #543, #827, .T. ) ;
#3970 = DIRECTION ( 'NONE',  ( 0.000000000000000000, 0.7193398003386596296, 0.6946583704589884833 ) ) ;
#3971 = CARTESIAN_POINT ( 'NONE',  ( 18.32923724168477975, -29.26892376723209210, 6.582857220042172663 ) ) ;
#3972 = CARTESIAN_POINT ( 'NONE',  ( 2.000000000000000000, 19.09188309203674905, 19.09188309203681655 ) ) ;
#3973 = ORIENTED_EDGE ( 'NONE', *, *, #1344, .F. ) ;
#3974 = DIRECTION ( 'NONE',  ( -1.000000000000000000, -0.000000000000000000, -0.000000000000000000 ) ) ;
#3975 = DIRECTION ( 'NONE',  ( 0.000000000000000000, -0.2588190451025206840, -0.9659258262890683122 ) ) ;
#3976 = ADVANCED_FACE ( 'NONE', ( #2084, #1324, #2111, #1711, #2985 ), #2953, .T. ) ;
#3977 = FACE_OUTER_BOUND ( 'NONE', #4754, .T. ) ;
#3978 = DIRECTION ( 'NONE',  ( -0.000000000000000000, 0.4999999999999921174, -0.8660254037844431485 ) ) ;
#3979 = ORIENTED_EDGE ( 'NONE', *, *, #5300, .F. ) ;
#3980 = FILL_AREA_STYLE_COLOUR ( '', #2549 ) ;
#3981 = ORIENTED_EDGE ( 'NONE', *, *, #1716, .F. ) ;
#3982 = STYLED_ITEM ( 'NONE', ( #919 ), #1467 ) ;
#3983 = FACE_BOUND ( 'NONE', #1591, .T. ) ;
#3984 = FILL_AREA_STYLE ('',( #1972 ) ) ;
#3985 = AXIS2_PLACEMENT_3D ( 'NONE', #38, #5443, #350 ) ;
#3986 = ORIENTED_EDGE ( 'NONE', *, *, #825, .T. ) ;
#3987 = CARTESIAN_POINT ( 'NONE',  ( 6.617808062327157792, 29.06083821431858993, -7.449205826730597835 ) ) ;
#3988 = CARTESIAN_POINT ( 'NONE',  ( 2.000000000000000000, -19.09188309203661404, -20.34188309203694445 ) ) ;
#3989 = CIRCLE ( 'NONE', #770, 1.649999999999999689 ) ;
#3990 = VERTEX_POINT ( 'NONE', #4657 ) ;
#3991 = CARTESIAN_POINT ( 'NONE',  ( 5.400000000000000355, -5.823428514806961331, -21.73333109150397746 ) ) ;
#3992 = AXIS2_PLACEMENT_3D ( 'NONE', #2, #1712, #3367 ) ;
#3993 = DIRECTION ( 'NONE',  ( 0.000000000000000000, 0.000000000000000000, 1.000000000000000000 ) ) ;
#3994 = AXIS2_PLACEMENT_3D ( 'NONE', #5431, #2487, #5012 ) ;
#3995 = ORIENTED_EDGE ( 'NONE', *, *, #4006, .T. ) ;
#3996 = CARTESIAN_POINT ( 'NONE',  ( 19.25013644778999833, -7.606310222675843669, -29.02018661663500509 ) ) ;
#3997 = CARTESIAN_POINT ( 'NONE',  ( 17.59743699992791122, -28.64810676417896929, 8.904322796465301337 ) ) ;
#3998 = AXIS2_PLACEMENT_3D ( 'NONE', #2106, #4206, #3518 ) ;
#3999 = CARTESIAN_POINT ( 'NONE',  ( 17.00065676438294915, 15.66062843524077408, -25.58824011687926614 ) ) ;
#4000 = CARTESIAN_POINT ( 'NONE',  ( 6.000000000000000000, -27.00000000000000000, 0.000000000000000000 ) ) ;
#4001 = SURFACE_STYLE_FILL_AREA ( #2333 ) ;
#4002 = ORIENTED_EDGE ( 'NONE', *, *, #825, .F. ) ;
#4003 = DIRECTION ( 'NONE',  ( 0.000000000000000000, 0.000000000000000000, 1.000000000000000000 ) ) ;
#4004 = PRESENTATION_LAYER_ASSIGNMENT (  '', '', ( #1653 ) ) ;
#4005 = CARTESIAN_POINT ( 'NONE',  ( 18.99858092218254413, -26.35708286083616159, -14.32890280943185601 ) ) ;
#4006 = EDGE_CURVE ( 'NONE', #2376, #1904, #3228, .T. ) ;
#4007 = AXIS2_PLACEMENT_3D ( 'NONE', #3858, #3826, #79 ) ;
#4008 = CARTESIAN_POINT ( 'NONE',  ( 17.37019887523397799, 28.67596758313043637, -8.814353391658700687 ) ) ;
#4009 = DIRECTION ( 'NONE',  ( 0.000000000000000000, 0.000000000000000000, 1.000000000000000000 ) ) ;
#4010 = CARTESIAN_POINT ( 'NONE',  ( 0.000000000000000000, -9.406792942690527876E-14, 25.35000000000000142 ) ) ;
#4011 = EDGE_LOOP ( 'NONE', ( #5186, #271, #5237, #877 ) ) ;
#4012 = CARTESIAN_POINT ( 'NONE',  ( 5.565162518034412642, -29.27613334949689516, 6.550421062990983145 ) ) ;
#4013 = FACE_OUTER_BOUND ( 'NONE', #1540, .T. ) ;
#4014 = VERTEX_POINT ( 'NONE', #1101 ) ;
#4015 = EDGE_CURVE ( 'NONE', #2897, #470, #3523, .T. ) ;
#4016 = MECHANICAL_DESIGN_GEOMETRIC_PRESENTATION_REPRESENTATION (  '', ( #231 ), #5425 ) ;
#4017 = LINE ( 'NONE', #247, #346 ) ;
#4018 = DIRECTION ( 'NONE',  ( -1.000000000000000000, 0.000000000000000000, 0.000000000000000000 ) ) ;
#4019 = SURFACE_SIDE_STYLE ('',( #301 ) ) ;
#4020 = ORIENTED_EDGE ( 'NONE', *, *, #968, .T. ) ;
#4021 = DIRECTION ( 'NONE',  ( -0.000000000000000000, 0.8660254037844414832, 0.4999999999999950595 ) ) ;
#4022 =( GEOMETRIC_REPRESENTATION_CONTEXT ( 3 ) GLOBAL_UNCERTAINTY_ASSIGNED_CONTEXT ( ( #3696 ) ) GLOBAL_UNIT_ASSIGNED_CONTEXT ( ( #2047, #5389, #1232 ) ) REPRESENTATION_CONTEXT ( 'NONE', 'WORKASPACE' ) );
#4023 = ORIENTED_EDGE ( 'NONE', *, *, #161, .T. ) ;
#4024 = CIRCLE ( 'NONE', #4722, 1.249999999999986899 ) ;
#4025 = CARTESIAN_POINT ( 'NONE',  ( 5.563135389954344312, -13.90444175562153006, 26.58319957161907254 ) ) ;
#4026 = CONICAL_SURFACE ( 'NONE', #3761, 1.249999999999986899, 1.029744258676642543 ) ;
#4027 = CARTESIAN_POINT ( 'NONE',  ( 83.79999999999999716, 0.8898558551679656148, 9.960329138989692410 ) ) ;
#4028 = CARTESIAN_POINT ( 'NONE',  ( 2.000000000000000000, -9.411691529887117535E-14, 25.75000000000000355 ) ) ;
#4029 = CARTESIAN_POINT ( 'NONE',  ( 84.79999999999999716, -19.81969897660377811, 18.12654079614884850 ) ) ;
#4030 = STYLED_ITEM ( 'NONE', ( #4521 ), #5175 ) ;
#4031 = CARTESIAN_POINT ( 'NONE',  ( 18.00000000000000355, -4.616021231945641290, -22.05685489788213616 ) ) ;
#4032 = FACE_OUTER_BOUND ( 'NONE', #1178, .T. ) ;
#4033 = DIRECTION ( 'NONE',  ( 0.000000000000000000, 0.000000000000000000, 1.000000000000000000 ) ) ;
#4034 = ORIENTED_EDGE ( 'NONE', *, *, #945, .F. ) ;
#4035 = MECHANICAL_DESIGN_GEOMETRIC_PRESENTATION_REPRESENTATION (  '', ( #1331 ), #983 ) ;
#4036 = FILL_AREA_STYLE ('',( #5305 ) ) ;
#4037 = VECTOR ( 'NONE', #1868, 1000.000000000000000 ) ;
#4038 = APPLICATION_CONTEXT ( 'automotive_design' ) ;
#4039 = ADVANCED_FACE ( 'NONE', ( #5200 ), #4902, .T. ) ;
#4040 = CARTESIAN_POINT ( 'NONE',  ( 4.399244568688848389, -26.35594625562217175, -14.33100599963738375 ) ) ;
#4041 = CARTESIAN_POINT ( 'NONE',  ( 6.650136447789996907, 7.606310222675642940, 29.02018661663505839 ) ) ;
#4042 = ORIENTED_EDGE ( 'NONE', *, *, #4165, .T. ) ;
#4043 = SURFACE_SIDE_STYLE ('',( #1968 ) ) ;
#4044 = SURFACE_STYLE_USAGE ( .BOTH. , #5371 ) ;
#4045 = EDGE_CURVE ( 'NONE', #2921, #2557, #156, .T. ) ;
#4046 = LINE ( 'NONE', #4784, #2181 ) ;
#4047 = PRESENTATION_STYLE_ASSIGNMENT (( #2350 ) ) ;
#4048 = ORIENTED_EDGE ( 'NONE', *, *, #2939, .F. ) ;
#4049 = CARTESIAN_POINT ( 'NONE',  ( 6.029936838771068786, 29.24123616247321422, -6.704775563877879208 ) ) ;
#4050 = CARTESIAN_POINT ( 'NONE',  ( 5.400000000000000355, 7.030835797668132159, 21.40980728512586850 ) ) ;
#4051 = ADVANCED_FACE ( 'NONE', ( #3143 ), #3763, .F. ) ;
#4052 = ORIENTED_EDGE ( 'NONE', *, *, #89, .F. ) ;
#4053 = CARTESIAN_POINT ( 'NONE',  ( 6.485416689749777142, -15.53832662272143494, 25.66252170213638095 ) ) ;
#4054 =( NAMED_UNIT ( * ) SI_UNIT ( $, .STERADIAN. ) SOLID_ANGLE_UNIT ( ) );
#4055 = CARTESIAN_POINT ( 'NONE',  ( 18.00000000000000355, -12.33253175473049623, 18.86057158514990917 ) ) ;
#4056 = CYLINDRICAL_SURFACE ( 'NONE', #1758, 1.249999999999997558 ) ;
#4057 = DIRECTION ( 'NONE',  ( -1.000000000000000000, -0.000000000000000000, -0.000000000000000000 ) ) ;
#4058 = DIRECTION ( 'NONE',  ( 0.000000000000000000, 0.000000000000000000, 1.000000000000000000 ) ) ;
#4059 = ORIENTED_EDGE ( 'NONE', *, *, #1413, .T. ) ;
#4060 = CARTESIAN_POINT ( 'NONE',  ( 4.149942053713997936, 26.06208114175169044, 14.85915614036023058 ) ) ;
#4061 = DIRECTION ( 'NONE',  ( -1.000000000000000000, 0.000000000000000000, 0.000000000000000000 ) ) ;
#4062 = CARTESIAN_POINT ( 'NONE',  ( 5.234799946600721121, -25.33319957161920044, -16.06950526508246213 ) ) ;
#4063 = DIRECTION ( 'NONE',  ( -1.000000000000000000, -0.000000000000000000, -0.000000000000000000 ) ) ;
#4064 = ORIENTED_EDGE ( 'NONE', *, *, #4203, .F. ) ;
#4065 = FILL_AREA_STYLE ('',( #4092 ) ) ;
#4066 = CARTESIAN_POINT ( 'NONE',  ( 72.00000000000000000, 1.825136188788796687, 29.94442983081115983 ) ) ;
#4067 = CARTESIAN_POINT ( 'NONE',  ( 6.000000000000000000, -27.00000000000000000, 0.000000000000000000 ) ) ;
#4068 = ADVANCED_FACE ( 'NONE', ( #4813 ), #2460, .F. ) ;
#4069 = ORIENTED_EDGE ( 'NONE', *, *, #813, .F. ) ;
#4070 = CARTESIAN_POINT ( 'NONE',  ( 2.000000000000000000, -19.09188309203661404, -19.09188309203694800 ) ) ;
#4071 = EDGE_CURVE ( 'NONE', #3627, #5090, #2708, .T. ) ;
#4072 = VECTOR ( 'NONE', #2176, 1000.000000000000000 ) ;
#4073 = COLOUR_RGB ( '',1.000000000000000000, 1.000000000000000000, 1.000000000000000000 ) ;
#4074 = ORIENTED_EDGE ( 'NONE', *, *, #3041, .T. ) ;
#4075 = CARTESIAN_POINT ( 'NONE',  ( 5.729237241684786319, 16.04147149396706240, -25.35103745371671735 ) ) ;
#4076 = DIRECTION ( 'NONE',  ( 0.000000000000000000, 0.4999999999999884537, -0.8660254037844452579 ) ) ;
#4077 = UNCERTAINTY_MEASURE_WITH_UNIT (LENGTH_MEASURE( 1.000000000000000082E-05 ), #5440, 'distance_accuracy_value', 'NONE');
#4078 = AXIS2_PLACEMENT_3D ( 'NONE', #3682, #4063, #5002 ) ;
#4079 = EDGE_CURVE ( 'NONE', #421, #2213, #1951, .T. ) ;
#4080 = COLOUR_RGB ( '',1.000000000000000000, 1.000000000000000000, 1.000000000000000000 ) ;
#4081 = MECHANICAL_DESIGN_GEOMETRIC_PRESENTATION_REPRESENTATION (  '', ( #3469 ), #767 ) ;
#4082 = CARTESIAN_POINT ( 'NONE',  ( 6.617170022213132441, -26.14368833554178906, -14.71497236774323980 ) ) ;
#4083 = LINE ( 'NONE', #1628, #2507 ) ;
#4084 = ORIENTED_EDGE ( 'NONE', *, *, #4988, .F. ) ;
#4085 = CARTESIAN_POINT ( 'NONE',  ( 4.997436999927916013, 26.55357759236179405, 13.96096352985243172 ) ) ;
#4086 = LINE ( 'NONE', #3650, #2624 ) ;
#4087 = EDGE_CURVE ( 'NONE', #521, #420, #3338, .T. ) ;
#4088 = AXIS2_PLACEMENT_3D ( 'NONE', #194, #2358, #5178 ) ;
#4089 = CARTESIAN_POINT ( 'NONE',  ( 0.000000000000000000, 0.000000000000000000, 0.000000000000000000 ) ) ;
#4090 = CIRCLE ( 'NONE', #126, 1.649999999999999689 ) ;
#4091 = ORIENTED_EDGE ( 'NONE', *, *, #4409, .F. ) ;
#4092 = FILL_AREA_STYLE_COLOUR ( '', #4383 ) ;
#4093 = SURFACE_STYLE_FILL_AREA ( #2379 ) ;
#4094 = DIRECTION ( 'NONE',  ( 0.000000000000000000, -0.2588190451025205174, -0.9659258262890683122 ) ) ;
#4095 = LINE ( 'NONE', #327, #3635 ) ;
#4096 = ORIENTED_EDGE ( 'NONE', *, *, #5016, .F. ) ;
#4097 = CARTESIAN_POINT ( 'NONE',  ( 16.99924456868884448, 26.35594625562206872, 14.33100599963756494 ) ) ;
#4098 = VECTOR ( 'NONE', #1976, 1000.000000000000114 ) ;
#4099 = EDGE_LOOP ( 'NONE', ( #3780, #3024 ) ) ;
#4100 = LINE ( 'NONE', #279, #4098 ) ;
#4101 = PRESENTATION_LAYER_ASSIGNMENT (  '', '', ( #2360 ) ) ;
#4102 = ORIENTED_EDGE ( 'NONE', *, *, #2302, .F. ) ;
#4103 = EDGE_CURVE ( 'NONE', #4953, #539, #1071, .T. ) ;
#4104 = CARTESIAN_POINT ( 'NONE',  ( 6.029936838771069674, 15.93568411320997846, -25.41766864831414807 ) ) ;
#4105 = DIRECTION ( 'NONE',  ( -0.000000000000000000, -0.2588190451025312866, -0.9659258262890656477 ) ) ;
#4106 = SURFACE_STYLE_FILL_AREA ( #4910 ) ;
#4107 = B_SPLINE_CURVE_WITH_KNOTS ( 'NONE', 3,
 ( #4742, #2301, #3476, #1084, #3122, #2327, #5239, #991, #2660, #262, #2749, #568, #5181, #3530, #1108, #3997, #2247, #4764, #4347, #3913 ),
 .UNSPECIFIED., .F., .F.,
 ( 4, 2, 2, 2, 2, 2, 2, 2, 2, 4 ),
 ( 0.000000000000000000, 0.0004885617222700073528, 0.0009771234445400147055, 0.001465685166810021950, 0.001954246889080029411, 0.002442808611350036872, 0.002931370333620043900, 0.003419932055890051361, 0.003664212917025050538, 0.003908493778160049281 ),
 .UNSPECIFIED. ) ;
#4108 = CIRCLE ( 'NONE', #2371, 1.249999999999997558 ) ;
#4109 = EDGE_CURVE ( 'NONE', #2291, #5090, #341, .T. ) ;
#4110 = CARTESIAN_POINT ( 'NONE',  ( 6.398580922182548925, -26.35708286083617580, -14.32890280943186134 ) ) ;
#4111 = DIRECTION ( 'NONE',  ( 1.000000000000000000, -0.000000000000000000, 0.000000000000000000 ) ) ;
#4112 = ORIENTED_EDGE ( 'NONE', *, *, #1349, .F. ) ;
#4113 = CARTESIAN_POINT ( 'NONE',  ( 18.00000000000000355, 25.98076211353324538, 14.99999999999984723 ) ) ;
#4114 = CARTESIAN_POINT ( 'NONE',  ( 18.16313538995434129, 28.62908573674055290, -8.965235628713758231 ) ) ;
#4115 = CIRCLE ( 'NONE', #1765, 1.249999999999997558 ) ;
#4116 = VECTOR ( 'NONE', #3930, 1000.000000000000000 ) ;
#4117 = EDGE_CURVE ( 'NONE', #258, #2207, #4458, .T. ) ;
#4118 = CONICAL_SURFACE ( 'NONE', #617, 1.249999999999986899, 1.029744258676641655 ) ;
#4119 =( NAMED_UNIT ( * ) SI_UNIT ( $, .STERADIAN. ) SOLID_ANGLE_UNIT ( ) );
#4120 = CIRCLE ( 'NONE', #3769, 4.499999999999999112 ) ;
#4121 = CARTESIAN_POINT ( 'NONE',  ( 2.500000000000000000, 0.000000000000000000, 0.000000000000000000 ) ) ;
#4122 = CARTESIAN_POINT ( 'NONE',  ( 6.000000000000000000, 19.09188309203674905, 19.09188309203681655 ) ) ;
#4123 = DIRECTION ( 'NONE',  ( -1.000000000000000000, -0.000000000000000000, -0.000000000000000000 ) ) ;
#4124 = CARTESIAN_POINT ( 'NONE',  ( 4.632582509408684324, -14.12539689480251504, 26.46671113975423140 ) ) ;
#4125 = COLOUR_RGB ( '',1.000000000000000000, 1.000000000000000000, 1.000000000000000000 ) ;
#4126 = AXIS2_PLACEMENT_3D ( 'NONE', #4800, #3159, #4414 ) ;
#4127 = CARTESIAN_POINT ( 'NONE',  ( 5.400000000000000355, 11.24999999999981881, -19.48557158514998022 ) ) ;
#4128 = CARTESIAN_POINT ( 'NONE',  ( 19.09161793938559271, 14.45076034929709330, -26.29065189181458706 ) ) ;
#4129 = EDGE_LOOP ( 'NONE', ( #2790, #3553, #4351, #4847 ) ) ;
#4130 = CARTESIAN_POINT ( 'NONE',  ( 14.90000000000000036, 0.000000000000000000, 13.99999999999999822 ) ) ;
#4131 = ORIENTED_EDGE ( 'NONE', *, *, #4117, .T. ) ;
#4132 = EDGE_LOOP ( 'NONE', ( #3768, #2607, #3889, #1808 ) ) ;
#4133 = CARTESIAN_POINT ( 'NONE',  ( 6.617808062327154239, 15.28173181377406387, -25.81649972284550287 ) ) ;
#4134 =( NAMED_UNIT ( * ) PLANE_ANGLE_UNIT ( ) SI_UNIT ( $, .RADIAN. ) );
#4135 = UNCERTAINTY_MEASURE_WITH_UNIT (LENGTH_MEASURE( 1.000000000000000082E-05 ), #1241, 'distance_accuracy_value', 'NONE');
#4136 = ADVANCED_FACE ( 'NONE', ( #4401, #1481 ), #3633, .T. ) ;
#4137 = CARTESIAN_POINT ( 'NONE',  ( 5.729237241684784543, -25.35103745371676709, -16.04147149396697003 ) ) ;
#4138 = DIRECTION ( 'NONE',  ( 1.000000000000000000, -0.000000000000000000, -0.000000000000000000 ) ) ;
#4139 = ORIENTED_EDGE ( 'NONE', *, *, #4551, .T. ) ;
#4140 = DIRECTION ( 'NONE',  ( 0.000000000000000000, 0.4999999999999884537, -0.8660254037844452579 ) ) ;
#4141 = ADVANCED_FACE ( 'NONE', ( #4572 ), #1857, .F. ) ;
#4142 = CYLINDRICAL_SURFACE ( 'NONE', #3985, 25.00000000000000000 ) ;
#4143 = EDGE_CURVE ( 'NONE', #2796, #956, #431, .T. ) ;
#4144 = VERTEX_POINT ( 'NONE', #2050 ) ;
#4145 = CARTESIAN_POINT ( 'NONE',  ( 19.24986269076498147, 14.85630543597494224, -26.06371760246273439 ) ) ;
#4146 = ORIENTED_EDGE ( 'NONE', *, *, #2930, .T. ) ;
#4147 = CARTESIAN_POINT ( 'NONE',  ( 17.23258250940868663, 26.46671113975428113, 14.12539689480241911 ) ) ;
#4148 = VERTEX_POINT ( 'NONE', #329 ) ;
#4149 = ORIENTED_EDGE ( 'NONE', *, *, #4483, .F. ) ;
#4150 = DIRECTION ( 'NONE',  ( 0.000000000000000000, 0.7071067811865389130, 0.7071067811865561215 ) ) ;
#4151 = CARTESIAN_POINT ( 'NONE',  ( 0.000000000000000000, 3.643324227463375391E-15, -29.75000000000000000 ) ) ;
#4152 = CARTESIAN_POINT ( 'NONE',  ( 0.000000000000000000, 27.00000000000000000, 0.000000000000000000 ) ) ;
#4153 = CIRCLE ( 'NONE', #5037, 3.700000000000090328 ) ;
#4154 = CIRCLE ( 'NONE', #2419, 1.249999999999986233 ) ;
#4155 = CARTESIAN_POINT ( 'NONE',  ( 17.23125683152128218, -15.85700699936874436, 25.46701090210062901 ) ) ;
#4156 = DIRECTION ( 'NONE',  ( 1.000000000000000000, -0.000000000000000000, 0.000000000000000000 ) ) ;
#4157 = COLOUR_RGB ( '',0.6980392156862744724, 0.6980392156862744724, 0.6980392156862744724 ) ;
#4158 = ORIENTED_EDGE ( 'NONE', *, *, #314, .F. ) ;
#4159 = CARTESIAN_POINT ( 'NONE',  ( 18.32923724168477975, -25.35103745371676354, -16.04147149396696648 ) ) ;
#4160 = VECTOR ( 'NONE', #2277, 1000.000000000000000 ) ;
#4161 = COLOUR_RGB ( '',1.000000000000000000, 1.000000000000000000, 1.000000000000000000 ) ;
#4162 = CARTESIAN_POINT ( 'NONE',  ( 0.000000000000000000, 27.00000000000000000, 1.649999999999999689 ) ) ;
#4163 = CARTESIAN_POINT ( 'NONE',  ( 16.90753358152849017, -7.155478935029557341, -29.13454576337058910 ) ) ;
#4164 =( LENGTH_UNIT ( ) NAMED_UNIT ( * ) SI_UNIT ( .MILLI., .METRE. ) );
#4165 = EDGE_CURVE ( 'NONE', #4204, #1276, #360, .T. ) ;
#4166 = DIRECTION ( 'NONE',  ( -1.000000000000000000, 0.000000000000000000, 0.000000000000000000 ) ) ;
#4167 = VECTOR ( 'NONE', #4753, 1000.000000000000114 ) ;
#4168 = SURFACE_STYLE_FILL_AREA ( #414 ) ;
#4169 = ORIENTED_EDGE ( 'NONE', *, *, #2102, .T. ) ;
#4170 = ADVANCED_FACE ( 'NONE', ( #2511 ), #1619, .T. ) ;
#4171 = CARTESIAN_POINT ( 'NONE',  ( 4.149942053713999712, 14.85915614036014354, -26.06208114175175794 ) ) ;
#4172 = ORIENTED_EDGE ( 'NONE', *, *, #2010, .F. ) ;
#4173 = AXIS2_PLACEMENT_3D ( 'NONE', #1708, #5015, #2490 ) ;
#4174 = VERTEX_POINT ( 'NONE', #3767 ) ;
#4175 = VERTEX_POINT ( 'NONE', #5007 ) ;
#4176 = DIRECTION ( 'NONE',  ( -1.000000000000000000, 0.000000000000000000, 0.000000000000000000 ) ) ;
#4177 = CARTESIAN_POINT ( 'NONE',  ( 2.000000000000000000, 2.828099884462937892E-13, -25.35000000000000142 ) ) ;
#4178 = UNCERTAINTY_MEASURE_WITH_UNIT (LENGTH_MEASURE( 1.000000000000000082E-05 ), #1992, 'distance_accuracy_value', 'NONE');
#4179 = DIRECTION ( 'NONE',  ( 0.000000000000000000, -0.8660254037844399289, -0.4999999999999976130 ) ) ;
#4180 = VECTOR ( 'NONE', #158, 1000.000000000000000 ) ;
#4181 = CARTESIAN_POINT ( 'NONE',  ( 5.400000000000000355, 6.550421062991081733, 29.27613334949686674 ) ) ;
#4182 = ORIENTED_EDGE ( 'NONE', *, *, #3407, .F. ) ;
#4183 = CARTESIAN_POINT ( 'NONE',  ( 18.99489523551410031, 29.16552006799485142, -7.026880780999742449 ) ) ;
#4184 = ORIENTED_EDGE ( 'NONE', *, *, #2309, .T. ) ;
#4185 = DIRECTION ( 'NONE',  ( 1.000000000000000000, 0.000000000000000000, 0.000000000000000000 ) ) ;
#4186 = CARTESIAN_POINT ( 'NONE',  ( 17.91841376768462268, -8.965235628713857707, -28.62908573674052093 ) ) ;
#4187 = CARTESIAN_POINT ( 'NONE',  ( 5.400000000000000355, -22.05685489788218590, 4.616021231945410364 ) ) ;
#4188 = EDGE_LOOP ( 'NONE', ( #2436, #4493, #5429, #3865 ) ) ;
#4189 = VECTOR ( 'NONE', #3722, 1000.000000000000227 ) ;
#4190 = CARTESIAN_POINT ( 'NONE',  ( 18.99858092218254768, 8.505207679680497179, 28.76933636670529992 ) ) ;
#4191 = VECTOR ( 'NONE', #1454, 1000.000000000000000 ) ;
#4192 = SURFACE_SIDE_STYLE ('',( #5161 ) ) ;
#4193 = CARTESIAN_POINT ( 'NONE',  ( 4.769921447851371177, -29.24125428821119499, 6.704699256127343965 ) ) ;
#4194 = EDGE_CURVE ( 'NONE', #2245, #3012, #1600, .T. ) ;
#4195 = CIRCLE ( 'NONE', #4912, 1.249999999999997558 ) ;
#4196 =( GEOMETRIC_REPRESENTATION_CONTEXT ( 3 ) GLOBAL_UNCERTAINTY_ASSIGNED_CONTEXT ( ( #393 ) ) GLOBAL_UNIT_ASSIGNED_CONTEXT ( ( #1342, #3792, #4278 ) ) REPRESENTATION_CONTEXT ( 'NONE', 'WORKASPACE' ) );
#4197 = CARTESIAN_POINT ( 'NONE',  ( 17.67269594614331396, -25.35068205729336555, -16.04203427539564686 ) ) ;
#4198 = DIRECTION ( 'NONE',  ( -1.000000000000000000, -0.000000000000000000, -0.000000000000000000 ) ) ;
#4199 = VERTEX_POINT ( 'NONE', #4130 ) ;
#4200 = LINE ( 'NONE', #2178, #2193 ) ;
#4201 = EDGE_LOOP ( 'NONE', ( #3849, #5172 ) ) ;
#4202 = AXIS2_PLACEMENT_3D ( 'NONE', #2935, #2616, #2199 ) ;
#4203 = EDGE_CURVE ( 'NONE', #277, #1574, #3598, .T. ) ;
#4204 = VERTEX_POINT ( 'NONE', #1646 ) ;
#4205 = EDGE_LOOP ( 'NONE', ( #3747, #4367, #1125, #4473 ) ) ;
#4206 = DIRECTION ( 'NONE',  ( -0.000000000000000000, 0.4999999999999922284, -0.8660254037844433705 ) ) ;
#4207 = DIRECTION ( 'NONE',  ( -0.000000000000000000, -0.8660254037844449249, -0.4999999999999891753 ) ) ;
#4208 = ADVANCED_FACE ( 'NONE', ( #3307 ), #1235, .F. ) ;
#4209 = CARTESIAN_POINT ( 'NONE',  ( 83.79999999999999716, 2.763346537414359538, 28.90266278238160425 ) ) ;
#4210 = DIRECTION ( 'NONE',  ( 0.000000000000000000, -0.9659258262890675351, 0.2588190451025234595 ) ) ;
#4211 = FILL_AREA_STYLE_COLOUR ( '', #4080 ) ;
#4212 = ORIENTED_EDGE ( 'NONE', *, *, #757, .F. ) ;
#4213 = FACE_OUTER_BOUND ( 'NONE', #4400, .T. ) ;
#4214 = CARTESIAN_POINT ( 'NONE',  ( 5.729237241684783655, 25.35103745371665340, 16.04147149396715122 ) ) ;
#4215 = ORIENTED_EDGE ( 'NONE', *, *, #4619, .T. ) ;
#4216 = EDGE_LOOP ( 'NONE', ( #514, #4705, #719, #3981 ) ) ;
#4217 = CARTESIAN_POINT ( 'NONE',  ( 5.399999999999998579, 10.87446211310759558, -18.83512088488558334 ) ) ;
#4218 = CARTESIAN_POINT ( 'NONE',  ( 0.000000000000000000, 27.00000000000000000, -1.249999999999997558 ) ) ;
#4219 = DIRECTION ( 'NONE',  ( -0.000000000000000000, -0.9659258262890682012, 0.2588190451025211836 ) ) ;
#4220 = CARTESIAN_POINT ( 'NONE',  ( 0.000000000000000000, -19.09188309203661404, -20.34188309203694445 ) ) ;
#4221 = ORIENTED_EDGE ( 'NONE', *, *, #4203, .T. ) ;
#4222 = LINE ( 'NONE', #3897, #1946 ) ;
#4223 = ORIENTED_EDGE ( 'NONE', *, *, #4103, .T. ) ;
#4224 = ADVANCED_FACE ( 'NONE', ( #1835, #122 ), #3436, .T. ) ;
#4225 = EDGE_LOOP ( 'NONE', ( #1286, #5049, #3481, #5272 ) ) ;
#4226 = ORIENTED_EDGE ( 'NONE', *, *, #2127, .F. ) ;
#4227 = SURFACE_STYLE_FILL_AREA ( #56 ) ;
#4228 = ADVANCED_FACE ( 'NONE', ( #2973 ), #4477, .F. ) ;
#4229 = CARTESIAN_POINT ( 'NONE',  ( 2.000000000000000000, 19.09188309203701550, -19.09188309203655010 ) ) ;
#4230 = CARTESIAN_POINT ( 'NONE',  ( 83.79999999999999716, -19.81969897660377811, 7.126540796148848500 ) ) ;
#4231 = CYLINDRICAL_SURFACE ( 'NONE', #2945, 1.249999999999997558 ) ;
#4232 = ORIENTED_EDGE ( 'NONE', *, *, #1443, .T. ) ;
#4233 = EDGE_CURVE ( 'NONE', #3040, #956, #4222, .T. ) ;
#4234 = DIRECTION ( 'NONE',  ( -0.000000000000000000, 0.8660254037844414832, 0.4999999999999950595 ) ) ;
#4235 = CARTESIAN_POINT ( 'NONE',  ( 5.400000000000000355, -13.91746824526940074, 26.60576211353318499 ) ) ;
#4236 = AXIS2_PLACEMENT_3D ( 'NONE', #2048, #5449, #3765 ) ;
#4237 = AXIS2_PLACEMENT_3D ( 'NONE', #5050, #2960, #2452 ) ;
#4238 = EDGE_CURVE ( 'NONE', #862, #5229, #502, .T. ) ;
#4239 = CARTESIAN_POINT ( 'NONE',  ( 18.94215203197031983, 6.964241951367606376, 29.18051865685099955 ) ) ;
#4240 = FACE_OUTER_BOUND ( 'NONE', #1806, .T. ) ;
#4241 = AXIS2_PLACEMENT_3D ( 'NONE', #3654, #1201, #5340 ) ;
#4242 = CARTESIAN_POINT ( 'NONE',  ( 4.632582509408685212, -28.70295485389203094, 8.726626991359447416 ) ) ;
#4243 = AXIS2_PLACEMENT_3D ( 'NONE', #4405, #2321, #1080 ) ;
#4244 = CARTESIAN_POINT ( 'NONE',  ( 19.12377164955424647, -15.47684157875750088, 25.69967161342712814 ) ) ;
#4245 = CARTESIAN_POINT ( 'NONE',  ( 17.59743699992791122, -26.55357759236190063, -13.96096352985224875 ) ) ;
#4246 = CARTESIAN_POINT ( 'NONE',  ( 18.00000000000000355, 16.06950526508254740, -25.33319957161914004 ) ) ;
#4247 = VECTOR ( 'NONE', #1813, 1000.000000000000000 ) ;
#4248 = VERTEX_POINT ( 'NONE', #5113 ) ;
#4249 = DIRECTION ( 'NONE',  ( -1.000000000000000000, -0.000000000000000000, -0.000000000000000000 ) ) ;
#4250 = ORIENTED_EDGE ( 'NONE', *, *, #3834, .F. ) ;
#4251 = ORIENTED_EDGE ( 'NONE', *, *, #5093, .T. ) ;
#4252 = LINE ( 'NONE', #127, #1908 ) ;
#4253 = ORIENTED_EDGE ( 'NONE', *, *, #304, .F. ) ;
#4254 = AXIS2_PLACEMENT_3D ( 'NONE', #626, #5146, #2678 ) ;
#4255 = EDGE_CURVE ( 'NONE', #1100, #5256, #4200, .T. ) ;
#4256 = CARTESIAN_POINT ( 'NONE',  ( 85.70000000000008811, -19.81969897660377811, 12.62654079614884850 ) ) ;
#4257 = DIRECTION ( 'NONE',  ( -1.000000000000000000, -0.000000000000000000, 0.000000000000000000 ) ) ;
#4258 = EDGE_LOOP ( 'NONE', ( #4296, #1757, #644 ) ) ;
#4259 = FACE_OUTER_BOUND ( 'NONE', #4129, .T. ) ;
#4260 = VECTOR ( 'NONE', #1750, 1000.000000000000227 ) ;
#4261 = CARTESIAN_POINT ( 'NONE',  ( 5.399999999999369749, 26.58319957162228064, 13.90444175561540341 ) ) ;
#4262 = EDGE_CURVE ( 'NONE', #3822, #1672, #2569, .T. ) ;
#4263 = CIRCLE ( 'NONE', #3231, 30.00000000000000000 ) ;
#4264 =( LENGTH_UNIT ( ) NAMED_UNIT ( * ) SI_UNIT ( .MILLI., .METRE. ) );
#4265 = DIRECTION ( 'NONE',  ( 1.000000000000000000, 0.000000000000000000, -0.000000000000000000 ) ) ;
#4266 = FACE_OUTER_BOUND ( 'NONE', #1318, .T. ) ;
#4267 = ORIENTED_EDGE ( 'NONE', *, *, #2646, .T. ) ;
#4268 = CARTESIAN_POINT ( 'NONE',  ( 18.76922271609829096, 6.795648228794856749, 29.22041247673526954 ) ) ;
#4269 = LINE ( 'NONE', #114, #4260 ) ;
#4270 = CONICAL_SURFACE ( 'NONE', #1406, 1.249999999999987121, 1.029744258676644542 ) ;
#4271 = EDGE_CURVE ( 'NONE', #420, #3357, #1366, .T. ) ;
#4272 = CIRCLE ( 'NONE', #164, 13.99999999999999822 ) ;
#4273 = CARTESIAN_POINT ( 'NONE',  ( 19.21780806232716188, -15.28173181377424505, 25.81649972284540340 ) ) ;
#4274 = AXIS2_PLACEMENT_3D ( 'NONE', #2969, #2941, #1754 ) ;
#4275 = CARTESIAN_POINT ( 'NONE',  ( 17.99999999999937117, -26.58319957162237301, -13.90444175561521867 ) ) ;
#4276 = CARTESIAN_POINT ( 'NONE',  ( 6.398580922182546260, 8.505207679680497179, 28.76933636670529992 ) ) ;
#4277 = EDGE_LOOP ( 'NONE', ( #357, #4251, #3711, #372 ) ) ;
#4278 =( NAMED_UNIT ( * ) SI_UNIT ( $, .STERADIAN. ) SOLID_ANGLE_UNIT ( ) );
#4279 = ORIENTED_EDGE ( 'NONE', *, *, #2537, .T. ) ;
#4280 = DIRECTION ( 'NONE',  ( 0.000000000000000000, 0.2588190451025205174, 0.9659258262890683122 ) ) ;
#4281 = CONICAL_SURFACE ( 'NONE', #5352, 1.249999999999986899, 1.029744258676644986 ) ;
#4282 = VECTOR ( 'NONE', #623, 1000.000000000000227 ) ;
#4283 = VERTEX_POINT ( 'NONE', #445 ) ;
#4284 = ORIENTED_EDGE ( 'NONE', *, *, #3618, .F. ) ;
#4285 = AXIS2_PLACEMENT_3D ( 'NONE', #3457, #901, #533 ) ;
#4286 = UNCERTAINTY_MEASURE_WITH_UNIT (LENGTH_MEASURE( 1.000000000000000082E-05 ), #3693, 'distance_accuracy_value', 'NONE');
#4287 =( LENGTH_UNIT ( ) NAMED_UNIT ( * ) SI_UNIT ( .MILLI., .METRE. ) );
#4288 = CIRCLE ( 'NONE', #3859, 1.649999999999998357 ) ;
#4289 =( NAMED_UNIT ( * ) SI_UNIT ( $, .STERADIAN. ) SOLID_ANGLE_UNIT ( ) );
#4290 = ORIENTED_EDGE ( 'NONE', *, *, #3872, .T. ) ;
#4291 = FACE_OUTER_BOUND ( 'NONE', #5138, .T. ) ;
#4292 = CARTESIAN_POINT ( 'NONE',  ( 18.32923724168477975, 29.26892376723209210, -6.582857220042172663 ) ) ;
#4293 = ADVANCED_FACE ( 'NONE', ( #1727 ), #2206, .F. ) ;
#4294 = B_SPLINE_CURVE_WITH_KNOTS ( 'NONE', 3,
 ( #3863, #547, #3887, #3069, #232, #5211, #110, #2304, #1902, #3510, #4745, #4798, #662, #3479, #1054, #3562, #142, #2723, #2662, #2276 ),
 .UNSPECIFIED., .F., .F.,
 ( 4, 2, 2, 2, 2, 2, 2, 2, 2, 4 ),
 ( 0.000000000000000000, 0.0004885617222700065938, 0.0009771234445400131877, 0.001465685166810019781, 0.001954246889080026375, 0.002442808611350032969, 0.002931370333620039563, 0.003419932055890046157, 0.003664212917025049671, 0.003908493778160052751 ),
 .UNSPECIFIED. ) ;
#4295 = CARTESIAN_POINT ( 'NONE',  ( 18.00000000000000355, 19.48557158514994114, 11.24999999999988809 ) ) ;
#4296 = ORIENTED_EDGE ( 'NONE', *, *, #4633, .F. ) ;
#4297 = CARTESIAN_POINT ( 'NONE',  ( 17.99999999999937117, 8.965235628720352068, 28.62908573673848878 ) ) ;
#4298 = DIRECTION ( 'NONE',  ( -1.000000000000000000, -0.000000000000000000, -0.000000000000000000 ) ) ;
#4299 = EDGE_CURVE ( 'NONE', #493, #2405, #3873, .T. ) ;
#4300 = CARTESIAN_POINT ( 'NONE',  ( 18.00000000000000355, -25.33319957161919689, -16.06950526508246213 ) ) ;
#4301 = CARTESIAN_POINT ( 'NONE',  ( 5.399999999999369749, -8.965235628720552796, -28.62908573673842838 ) ) ;
#4302 = APPLICATION_CONTEXT ( 'automotive_design' ) ;
#4303 = CARTESIAN_POINT ( 'NONE',  ( 0.000000000000000000, 19.09188309203701550, -19.09188309203655010 ) ) ;
#4304 = EDGE_LOOP ( 'NONE', ( #3254, #4074, #2029, #3278 ) ) ;
#4305 = ADVANCED_FACE ( 'NONE', ( #3387 ), #4700, .T. ) ;
#4306 = CARTESIAN_POINT ( 'NONE',  ( 0.000000000000000000, 19.09188309203674905, 19.09188309203681655 ) ) ;
#4307 =( NAMED_UNIT ( * ) SI_UNIT ( $, .STERADIAN. ) SOLID_ANGLE_UNIT ( ) );
#4308 = ORIENTED_EDGE ( 'NONE', *, *, #3371, .F. ) ;
#4309 = CARTESIAN_POINT ( 'NONE',  ( 18.00000000000000355, 22.05685489788218590, -4.616021231945410364 ) ) ;
#4310 = CIRCLE ( 'NONE', #15, 29.75000000000000000 ) ;
#4311 = CYLINDRICAL_SURFACE ( 'NONE', #846, 29.75000000000000000 ) ;
#4312 = DIRECTION ( 'NONE',  ( -0.000000000000000000, 0.2588190451025245142, 0.9659258262890673130 ) ) ;
#4313 = ORIENTED_EDGE ( 'NONE', *, *, #1480, .F. ) ;
#4314 = DIRECTION ( 'NONE',  ( -1.000000000000000000, -0.000000000000000000, -0.000000000000000000 ) ) ;
#4315 = CARTESIAN_POINT ( 'NONE',  ( 18.62993683877106577, -29.24123616247321422, 6.704775563877880096 ) ) ;
#4316 = FILL_AREA_STYLE_COLOUR ( '', #1995 ) ;
#4317 = EDGE_LOOP ( 'NONE', ( #4329, #4699, #1523, #3282 ) ) ;
#4318 = DIRECTION ( 'NONE',  ( 0.000000000000000000, 0.000000000000000000, 1.000000000000000000 ) ) ;
#4319 = CARTESIAN_POINT ( 'NONE',  ( 17.99999999999937117, -26.58319957162237301, -13.90444175561521867 ) ) ;
#4320 = CIRCLE ( 'NONE', #4771, 1.249999999999997558 ) ;
#4321 = CIRCLE ( 'NONE', #667, 1.249999999999986899 ) ;
#4322 = EDGE_CURVE ( 'NONE', #1382, #4650, #952, .T. ) ;
#4323 = CARTESIAN_POINT ( 'NONE',  ( 19.09161793938558560, -14.45076034929727449, 26.29065189181447693 ) ) ;
#4324 = FACE_OUTER_BOUND ( 'NONE', #4304, .T. ) ;
#4325 = LINE ( 'NONE', #4220, #1016 ) ;
#4326 = CARTESIAN_POINT ( 'NONE',  ( 0.000000000000000000, -27.00000000000000000, 0.000000000000000000 ) ) ;
#4327 = DIRECTION ( 'NONE',  ( 0.000000000000000000, -0.9998476951563910475, 0.01745240643729534247 ) ) ;
#4328 = CIRCLE ( 'NONE', #1819, 1.000000000000000000 ) ;
#4329 = ORIENTED_EDGE ( 'NONE', *, *, #2870, .F. ) ;
#4330 = AXIS2_PLACEMENT_3D ( 'NONE', #4256, #28, #510 ) ;
#4331 = DIRECTION ( 'NONE',  ( -1.000000000000000000, 0.000000000000000000, 0.000000000000000000 ) ) ;
#4332 =( GEOMETRIC_REPRESENTATION_CONTEXT ( 3 ) GLOBAL_UNCERTAINTY_ASSIGNED_CONTEXT ( ( #3749 ) ) GLOBAL_UNIT_ASSIGNED_CONTEXT ( ( #3563, #636, #2781 ) ) REPRESENTATION_CONTEXT ( 'NONE', 'WORKASPACE' ) );
#4333 = VECTOR ( 'NONE', #5316, 1000.000000000000114 ) ;
#4334 = EDGE_CURVE ( 'NONE', #3911, #1196, #5000, .T. ) ;
#4335 = DIRECTION ( 'NONE',  ( 0.000000000000000000, 0.7071067811865391350, 0.7071067811865558994 ) ) ;
#4336 = SURFACE_STYLE_FILL_AREA ( #1371 ) ;
#4337 = EDGE_LOOP ( 'NONE', ( #195, #2959, #822, #1720 ) ) ;
#4338 = CYLINDRICAL_SURFACE ( 'NONE', #2522, 1.649999999999998579 ) ;
#4339 = VECTOR ( 'NONE', #169, 1000.000000000000227 ) ;
#4340 = EDGE_CURVE ( 'NONE', #3048, #104, #645, .T. ) ;
#4341 = COLOUR_RGB ( '',1.000000000000000000, 1.000000000000000000, 1.000000000000000000 ) ;
#4342 = VERTEX_POINT ( 'NONE', #1095 ) ;
#4343 = CARTESIAN_POINT ( 'NONE',  ( 6.398580922182552477, -14.32890280943214023, 26.35708286083601948 ) ) ;
#4344 = PRESENTATION_STYLE_ASSIGNMENT (( #226 ) ) ;
#4345 = EDGE_LOOP ( 'NONE', ( #4593, #1033 ) ) ;
#4346 = DIRECTION ( 'NONE',  ( 0.000000000000000000, -0.6946583704589853747, 0.7193398003386627382 ) ) ;
#4347 = CARTESIAN_POINT ( 'NONE',  ( 17.91841376768462268, -28.62908573674061330, 8.965235628713557503 ) ) ;
#4348 = DIRECTION ( 'NONE',  ( -0.000000000000000000, -0.9659258262890682012, 0.2588190451025211836 ) ) ;
#4349 = AXIS2_PLACEMENT_3D ( 'NONE', #4666, #467, #525 ) ;
#4350 = DIRECTION ( 'NONE',  ( -1.000000000000000000, -0.000000000000000000, -0.000000000000000000 ) ) ;
#4351 = ORIENTED_EDGE ( 'NONE', *, *, #2577, .T. ) ;
#4352 = DIRECTION ( 'NONE',  ( -1.000000000000000000, -0.000000000000000000, -0.000000000000000000 ) ) ;
#4353 = CARTESIAN_POINT ( 'NONE',  ( 18.00000000000000355, 10.16746824526927639, -20.11057158514996246 ) ) ;
#4354 =( GEOMETRIC_REPRESENTATION_CONTEXT ( 3 ) GLOBAL_UNCERTAINTY_ASSIGNED_CONTEXT ( ( #4077 ) ) GLOBAL_UNIT_ASSIGNED_CONTEXT ( ( #5440, #3242, #5336 ) ) REPRESENTATION_CONTEXT ( 'NONE', 'WORKASPACE' ) );
#4355 = CARTESIAN_POINT ( 'NONE',  ( 20.50000000000000355, 0.000000000000000000, 30.00000000000000000 ) ) ;
#4356 = CARTESIAN_POINT ( 'NONE',  ( 17.99999999999937117, -26.58319957162237301, -13.90444175561521867 ) ) ;
#4357 = ORIENTED_EDGE ( 'NONE', *, *, #63, .F. ) ;
#4358 = CARTESIAN_POINT ( 'NONE',  ( 5.563135389954342536, -28.62908573674055646, 8.965235628713761784 ) ) ;
#4359 = DIRECTION ( 'NONE',  ( 0.000000000000000000, -0.9659258262890676461, 0.2588190451025232930 ) ) ;
#4360 = VECTOR ( 'NONE', #710, 1000.000000000000000 ) ;
#4361 = ORIENTED_EDGE ( 'NONE', *, *, #4045, .F. ) ;
#4362 = CARTESIAN_POINT ( 'NONE',  ( 17.99999999999937117, -13.90444175561549756, 26.58319957162222735 ) ) ;
#4363 = EDGE_CURVE ( 'NONE', #5373, #3002, #3507, .T. ) ;
#4364 = AXIS2_PLACEMENT_3D ( 'NONE', #3163, #669, #4009 ) ;
#4365 = CARTESIAN_POINT ( 'NONE',  ( 0.000000000000000000, 19.09188309203701550, -20.34188309203654654 ) ) ;
#4366 = CYLINDRICAL_SURFACE ( 'NONE', #384, 1.249999999999988898 ) ;
#4367 = ORIENTED_EDGE ( 'NONE', *, *, #2901, .T. ) ;
#4368 = CARTESIAN_POINT ( 'NONE',  ( 5.400000000000000355, 19.48557158514994114, 11.24999999999988809 ) ) ;
#4369 = AXIS2_PLACEMENT_3D ( 'NONE', #203, #2666, #4318 ) ;
#4370 = CARTESIAN_POINT ( 'NONE',  ( 18.00000000000000355, -25.35576211353336973, -16.08253175473021201 ) ) ;
#4371 = AXIS2_PLACEMENT_3D ( 'NONE', #5041, #4580, #2162 ) ;
#4372 = EDGE_CURVE ( 'NONE', #251, #1122, #4120, .T. ) ;
#4373 = CIRCLE ( 'NONE', #3059, 1.249999999999997558 ) ;
#4374 = VECTOR ( 'NONE', #3487, 1000.000000000000227 ) ;
#4375 = ORIENTED_EDGE ( 'NONE', *, *, #4514, .T. ) ;
#4376 = DIRECTION ( 'NONE',  ( 0.000000000000000000, 0.7071067811865539010, -0.7071067811865413555 ) ) ;
#4377 = LINE ( 'NONE', #629, #43 ) ;
#4378 = EDGE_LOOP ( 'NONE', ( #2462, #2977, #1676, #4674, #612, #3847, #2079, #2907, #737, #3604 ) ) ;
#4379 = FACE_OUTER_BOUND ( 'NONE', #5212, .T. ) ;
#4380 = FACE_OUTER_BOUND ( 'NONE', #3257, .T. ) ;
#4381 = EDGE_CURVE ( 'NONE', #3502, #1283, #833, .T. ) ;
#4382 = CIRCLE ( 'NONE', #76, 1.249999999999987343 ) ;
#4383 = COLOUR_RGB ( '',1.000000000000000000, 1.000000000000000000, 1.000000000000000000 ) ;
#4384 = CARTESIAN_POINT ( 'NONE',  ( 16.90755888607466062, 14.45198223091613876, -26.28998143082376870 ) ) ;
#4385 = FACE_OUTER_BOUND ( 'NONE', #3918, .T. ) ;
#4386 = DIRECTION ( 'NONE',  ( -0.000000000000000000, 0.4999999999999921174, -0.8660254037844431485 ) ) ;
#4387 = EDGE_LOOP ( 'NONE', ( #2343, #4226, #3925, #840 ) ) ;
#4388 = DIRECTION ( 'NONE',  ( -1.000000000000000000, -0.000000000000000000, -0.000000000000000000 ) ) ;
#4389 = PRESENTATION_STYLE_ASSIGNMENT (( #1469 ) ) ;
#4390 = CARTESIAN_POINT ( 'NONE',  ( 4.631256831521277206, -25.46701090210078888, -15.85700699936846902 ) ) ;
#4391 = SURFACE_SIDE_STYLE ('',( #1938 ) ) ;
#4392 = FACE_OUTER_BOUND ( 'NONE', #5167, .T. ) ;
#4393 = EDGE_LOOP ( 'NONE', ( #93, #5192, #4727, #4112 ) ) ;
#4394 = CARTESIAN_POINT ( 'NONE',  ( 6.491617939385585068, -28.80852887080675018, 8.372067598227122431 ) ) ;
#4395 = CARTESIAN_POINT ( 'NONE',  ( 18.00000000000000000, 5.629035800236276366, 21.00784760410556018 ) ) ;
#4396 = ORIENTED_EDGE ( 'NONE', *, *, #2437, .F. ) ;
#4397 = CARTESIAN_POINT ( 'NONE',  ( 5.234799946600722009, 29.27613334949688095, -6.550421062990979593 ) ) ;
#4398 = FACE_BOUND ( 'NONE', #1089, .T. ) ;
#4399 = CARTESIAN_POINT ( 'NONE',  ( 17.99999999999937117, 8.965235628720352068, 28.62908573673848878 ) ) ;
#4400 = EDGE_LOOP ( 'NONE', ( #4064, #3352, #333, #4048 ) ) ;
#4401 = FACE_BOUND ( 'NONE', #4201, .T. ) ;
#4402 = CARTESIAN_POINT ( 'NONE',  ( 18.00000000000000355, -28.97777478867204337, 7.764571353075640836 ) ) ;
#4403 = ORIENTED_EDGE ( 'NONE', *, *, #3770, .F. ) ;
#4404 = EDGE_CURVE ( 'NONE', #3632, #2306, #1420, .T. ) ;
#4405 = CARTESIAN_POINT ( 'NONE',  ( 5.400000000000000355, -19.48557158515001930, -11.24999999999974953 ) ) ;
#4406 = FACE_OUTER_BOUND ( 'NONE', #4820, .T. ) ;
#4407 = ORIENTED_EDGE ( 'NONE', *, *, #4483, .T. ) ;
#4408 = CARTESIAN_POINT ( 'NONE',  ( 18.00000000000000355, -5.823428514806961331, -21.73333109150397746 ) ) ;
#4409 = EDGE_CURVE ( 'NONE', #1670, #3168, #272, .T. ) ;
#4410 = CARTESIAN_POINT ( 'NONE',  ( 14.80000000000000071, 0.000000000000000000, -30.00000000000000000 ) ) ;
#4411 = CARTESIAN_POINT ( 'NONE',  ( 0.000000000000000000, -19.09188309203661404, -17.84188309203695155 ) ) ;
#4412 = DIRECTION ( 'NONE',  ( 0.000000000000000000, 0.2588190451025205174, 0.9659258262890683122 ) ) ;
#4413 = ORIENTED_EDGE ( 'NONE', *, *, #460, .F. ) ;
#4414 = DIRECTION ( 'NONE',  ( 0.000000000000000000, 0.000000000000000000, 1.000000000000000000 ) ) ;
#4415 = CARTESIAN_POINT ( 'NONE',  ( 72.00000000000000000, -10.97177648454116472, -0.7874774747481696480 ) ) ;
#4416 = ADVANCED_FACE ( 'NONE', ( #4449 ), #1472, .F. ) ;
#4417 = PRESENTATION_STYLE_ASSIGNMENT (( #2756 ) ) ;
#4418 = DIRECTION ( 'NONE',  ( -1.000000000000000000, -0.000000000000000000, -0.000000000000000000 ) ) ;
#4419 = CARTESIAN_POINT ( 'NONE',  ( 6.617808062327155127, 7.449205826730699087, 29.06083821431856151 ) ) ;
#4420 = ORIENTED_EDGE ( 'NONE', *, *, #1526, .T. ) ;
#4421 = CARTESIAN_POINT ( 'NONE',  ( 6.394895235514095333, -29.16552006799485497, 7.026880780999740672 ) ) ;
#4422 = LINE ( 'NONE', #1942, #46 ) ;
#4423 = ORIENTED_EDGE ( 'NONE', *, *, #308, .F. ) ;
#4424 =( LENGTH_UNIT ( ) NAMED_UNIT ( * ) SI_UNIT ( .MILLI., .METRE. ) );
#4425 = AXIS2_PLACEMENT_3D ( 'NONE', #3809, #2532, #3269 ) ;
#4426 = PRESENTATION_LAYER_ASSIGNMENT (  '', '', ( #1899 ) ) ;
#4427 = FACE_BOUND ( 'NONE', #1799, .T. ) ;
#4428 = PRESENTATION_LAYER_ASSIGNMENT (  '', '', ( #1377 ) ) ;
#4429 = VERTEX_POINT ( 'NONE', #2260 ) ;
#4430 = CARTESIAN_POINT ( 'NONE',  ( 5.727557703518105114, 28.63892475580446728, -8.933972823511528105 ) ) ;
#4431 = CIRCLE ( 'NONE', #115, 1.249999999999997558 ) ;
#4432 = VECTOR ( 'NONE', #263, 1000.000000000000000 ) ;
#4433 = ORIENTED_EDGE ( 'NONE', *, *, #167, .T. ) ;
#4434 = CARTESIAN_POINT ( 'NONE',  ( 6.000000000000000000, -27.00000000000000000, 1.249999999999997558 ) ) ;
#4435 = MECHANICAL_DESIGN_GEOMETRIC_PRESENTATION_REPRESENTATION (  '', ( #1386 ), #3303 ) ;
#4436 = CARTESIAN_POINT ( 'NONE',  ( 18.00000000000000355, 18.86057158514995535, 12.33253175473042873 ) ) ;
#4437 = AXIS2_PLACEMENT_3D ( 'NONE', #3147, #2849, #4150 ) ;
#4438 = FACE_OUTER_BOUND ( 'NONE', #3754, .T. ) ;
#4439 = EDGE_CURVE ( 'NONE', #1973, #2113, #2728, .T. ) ;
#4440 = AXIS2_PLACEMENT_3D ( 'NONE', #1003, #477, #2981 ) ;
#4441 = FACE_OUTER_BOUND ( 'NONE', #2148, .T. ) ;
#4442 = PLANE ( 'NONE',  #3153 ) ;
#4443 = CARTESIAN_POINT ( 'NONE',  ( 5.400000000000000355, 28.97777478867204337, -7.764571353075640836 ) ) ;
#4444 = ORIENTED_EDGE ( 'NONE', *, *, #4255, .T. ) ;
#4445 = CARTESIAN_POINT ( 'NONE',  ( 72.00000000000000000, 0.000000000000000000, 0.000000000000000000 ) ) ;
#4446 = VECTOR ( 'NONE', #5231, 1000.000000000000000 ) ;
#4447 = CARTESIAN_POINT ( 'NONE',  ( 2.000000000000000000, -27.00000000000000000, -1.649999999999999689 ) ) ;
#4448 = ORIENTED_EDGE ( 'NONE', *, *, #3003, .T. ) ;
#4449 = FACE_OUTER_BOUND ( 'NONE', #1732, .T. ) ;
#4450 = CARTESIAN_POINT ( 'NONE',  ( 72.00000000000000000, 0.000000000000000000, 0.000000000000000000 ) ) ;
#4451 = EDGE_LOOP ( 'NONE', ( #4565, #5426, #647, #3177 ) ) ;
#4452 = STYLED_ITEM ( 'NONE', ( #1959 ), #3176 ) ;
#4453 = CARTESIAN_POINT ( 'NONE',  ( 5.318413767684622151, -13.90444175562171480, 26.58319957161899438 ) ) ;
#4454 = ADVANCED_FACE ( 'NONE', ( #2429 ), #5342, .F. ) ;
#4455 = AXIS2_PLACEMENT_3D ( 'NONE', #619, #1451, #3580 ) ;
#4456 = CARTESIAN_POINT ( 'NONE',  ( 17.91841376768462979, 8.965235628713658755, 28.62908573674058488 ) ) ;
#4457 = ORIENTED_EDGE ( 'NONE', *, *, #3565, .F. ) ;
#4458 = LINE ( 'NONE', #3550, #1162 ) ;
#4459 =( NAMED_UNIT ( * ) SI_UNIT ( $, .STERADIAN. ) SOLID_ANGLE_UNIT ( ) );
#4460 = AXIS2_PLACEMENT_3D ( 'NONE', #187, #3609, #1948 ) ;
#4461 = ORIENTED_EDGE ( 'NONE', *, *, #3648, .F. ) ;
#4462 = VECTOR ( 'NONE', #4352, 1000.000000000000000 ) ;
#4463 = DIRECTION ( 'NONE',  ( -1.000000000000000000, 0.000000000000000000, 0.000000000000000000 ) ) ;
#4464 = CIRCLE ( 'NONE', #967, 30.00000000000000000 ) ;
#4465 = CYLINDRICAL_SURFACE ( 'NONE', #497, 1.249999999999988454 ) ;
#4466 = UNCERTAINTY_MEASURE_WITH_UNIT (LENGTH_MEASURE( 1.000000000000000082E-05 ), #2916, 'distance_accuracy_value', 'NONE');
#4467 = CARTESIAN_POINT ( 'NONE',  ( 86.50000000000000000, -19.81969897660377811, 8.126540796148850276 ) ) ;
#4468 = DIRECTION ( 'NONE',  ( -0.000000000000000000, -0.9659258262890682012, 0.2588190451025211836 ) ) ;
#4469 = CIRCLE ( 'NONE', #1160, 1.249999999999986899 ) ;
#4470 = FACE_OUTER_BOUND ( 'NONE', #281, .T. ) ;
#4471 = CARTESIAN_POINT ( 'NONE',  ( 5.565162518034413530, -25.33319957161919334, -16.06950526508246213 ) ) ;
#4472 = CARTESIAN_POINT ( 'NONE',  ( 5.400000000000000355, 12.33253175473036123, -18.86057158514999799 ) ) ;
#4473 = ORIENTED_EDGE ( 'NONE', *, *, #1139, .F. ) ;
#4474 = EDGE_CURVE ( 'NONE', #493, #1079, #3253, .T. ) ;
#4475 = CONICAL_SURFACE ( 'NONE', #3506, 1.249999999999997558, 1.029744258676653423 ) ;
#4476 = CARTESIAN_POINT ( 'NONE',  ( 2.000000000000000000, -27.00000000000000000, 0.000000000000000000 ) ) ;
#4477 = CONICAL_SURFACE ( 'NONE', #5173, 1.249999999999986899, 1.029744258676645652 ) ;
#4478 = CYLINDRICAL_SURFACE ( 'NONE', #2179, 1.649999999999998579 ) ;
#4479 = CARTESIAN_POINT ( 'NONE',  ( 4.632582509408685212, -26.46671113975437706, -14.12539689480223615 ) ) ;
#4480 = CARTESIAN_POINT ( 'NONE',  ( 2.000000000000000000, 19.09188309203674905, 20.34188309203681300 ) ) ;
#4481 = CARTESIAN_POINT ( 'NONE',  ( 6.523771649554245045, 7.228632440432457784, 29.11619170381107580 ) ) ;
#4482 = ORIENTED_EDGE ( 'NONE', *, *, #2415, .F. ) ;
#4483 = EDGE_CURVE ( 'NONE', #4199, #1065, #4272, .T. ) ;
#4484 = CARTESIAN_POINT ( 'NONE',  ( 0.000000000000000000, 2.828099884462937892E-13, -27.00000000000000000 ) ) ;
#4485 = CARTESIAN_POINT ( 'NONE',  ( 6.000000000000000000, 2.828099884462937892E-13, -27.00000000000000000 ) ) ;
#4486 = CARTESIAN_POINT ( 'NONE',  ( 5.072695946143315204, -29.26907041057565095, 6.582207970256631846 ) ) ;
#4487 = LINE ( 'NONE', #300, #1928 ) ;
#4488 = LINE ( 'NONE', #1539, #4333 ) ;
#4489 = ORIENTED_EDGE ( 'NONE', *, *, #3067, .T. ) ;
#4490 = ADVANCED_FACE ( 'NONE', ( #409 ), #1636, .F. ) ;
#4491 = DIRECTION ( 'NONE',  ( -0.000000000000000000, 0.9659258262890682012, -0.2588190451025211836 ) ) ;
#4492 =( NAMED_UNIT ( * ) PLANE_ANGLE_UNIT ( ) SI_UNIT ( $, .RADIAN. ) );
#4493 = ORIENTED_EDGE ( 'NONE', *, *, #4079, .T. ) ;
#4494 = EDGE_CURVE ( 'NONE', #521, #1046, #297, .T. ) ;
#4495 = LINE ( 'NONE', #4467, #2465 ) ;
#4496 =( NAMED_UNIT ( * ) SI_UNIT ( $, .STERADIAN. ) SOLID_ANGLE_UNIT ( ) );
#4497 = CARTESIAN_POINT ( 'NONE',  ( 17.36992144785137526, 15.93575088777008553, -25.41762750741854049 ) ) ;
#4498 = SURFACE_SIDE_STYLE ('',( #3620 ) ) ;
#4499 = CARTESIAN_POINT ( 'NONE',  ( 2.000000000000000000, -19.09188309203661404, -19.09188309203694800 ) ) ;
#4500 = ORIENTED_EDGE ( 'NONE', *, *, #314, .T. ) ;
#4501 = DIRECTION ( 'NONE',  ( -0.000000000000000000, 0.8660254037844414832, 0.4999999999999950595 ) ) ;
#4502 = B_SPLINE_CURVE_WITH_KNOTS ( 'NONE', 3,
 ( #3675, #4114, #3321, #4994, #1254, #108, #2220, #3447, #1328, #545, #5124, #6, #4661, #4183, #83, #1822, #2583, #4292, #3805, #1796 ),
 .UNSPECIFIED., .F., .F.,
 ( 4, 2, 2, 2, 2, 2, 2, 2, 2, 4 ),
 ( 0.003908493778160049281, 0.004396944493550045303, 0.004885395208940041326, 0.005373845924330037348, 0.005862296639720033370, 0.006350747355110028525, 0.006594972712805026102, 0.006839198070500023680, 0.007327648785890025773, 0.007816099501280029602 ),
 .UNSPECIFIED. ) ;
#4503 = CARTESIAN_POINT ( 'NONE',  ( 17.91841376768462268, 28.62908573674061330, -8.965235628713557503 ) ) ;
#4504 = CARTESIAN_POINT ( 'NONE',  ( 18.00000000000000355, 10.16746824526927639, -20.11057158514996246 ) ) ;
#4505 = ORIENTED_EDGE ( 'NONE', *, *, #4578, .F. ) ;
#4506 = SURFACE_SIDE_STYLE ('',( #353 ) ) ;
#4507 = DIRECTION ( 'NONE',  ( -1.000000000000000000, -0.000000000000000000, 0.000000000000000000 ) ) ;
#4508 = ADVANCED_FACE ( 'NONE', ( #3298, #4537 ), #5003, .T. ) ;
#4509 = CARTESIAN_POINT ( 'NONE',  ( 18.16313538995434840, 13.90444175562133999, -26.58319957161917202 ) ) ;
#4510 = ORIENTED_EDGE ( 'NONE', *, *, #4943, .T. ) ;
#4511 = CARTESIAN_POINT ( 'NONE',  ( 4.399244568688848389, 14.33100599963747790, -26.35594625562212201 ) ) ;
#4512 = ORIENTED_EDGE ( 'NONE', *, *, #765, .F. ) ;
#4513 = DIRECTION ( 'NONE',  ( 1.000000000000000000, 0.000000000000000000, -0.000000000000000000 ) ) ;
#4514 = EDGE_CURVE ( 'NONE', #421, #4823, #2195, .T. ) ;
#4515 =( GEOMETRIC_REPRESENTATION_CONTEXT ( 3 ) GLOBAL_UNCERTAINTY_ASSIGNED_CONTEXT ( ( #959 ) ) GLOBAL_UNIT_ASSIGNED_CONTEXT ( ( #3540, #1939, #1533 ) ) REPRESENTATION_CONTEXT ( 'NONE', 'WORKASPACE' ) );
#4516 = AXIS2_PLACEMENT_3D ( 'NONE', #5383, #1661, #1633 ) ;
#4517 = ORIENTED_EDGE ( 'NONE', *, *, #377, .F. ) ;
#4518 = CARTESIAN_POINT ( 'NONE',  ( 5.563135389954342536, 13.90444175562133999, -26.58319957161917202 ) ) ;
#4519 = CARTESIAN_POINT ( 'NONE',  ( 5.400000000000000355, -22.05685489788218590, 4.616021231945411252 ) ) ;
#4520 = UNCERTAINTY_MEASURE_WITH_UNIT (LENGTH_MEASURE( 1.000000000000000082E-05 ), #3394, 'distance_accuracy_value', 'NONE');
#4521 = PRESENTATION_STYLE_ASSIGNMENT (( #2359 ) ) ;
#4522 = AXIS2_PLACEMENT_3D ( 'NONE', #492, #437, #5129 ) ;
#4523 = SURFACE_SIDE_STYLE ('',( #4911 ) ) ;
#4524 = EDGE_CURVE ( 'NONE', #2866, #3412, #2535, .T. ) ;
#4525 = AXIS2_PLACEMENT_3D ( 'NONE', #5362, #2854, #776 ) ;
#4526 = STYLED_ITEM ( 'NONE', ( #2265 ), #832 ) ;
#4527 = CARTESIAN_POINT ( 'NONE',  ( 6.650136447789995131, -25.89884428618437084, -15.14189720965900321 ) ) ;
#4528 = CARTESIAN_POINT ( 'NONE',  ( 6.000000000000000000, 2.828099884462937892E-13, -25.75000000000000355 ) ) ;
#4529 = VERTEX_POINT ( 'NONE', #1778 ) ;
#4530 = CARTESIAN_POINT ( 'NONE',  ( 5.400000000000000355, 20.11057158514993048, 10.16746824526934745 ) ) ;
#4531 = CARTESIAN_POINT ( 'NONE',  ( 83.79999999999999716, 0.000000000000000000, 0.000000000000000000 ) ) ;
#4532 = AXIS2_PLACEMENT_3D ( 'NONE', #30, #2112, #3779 ) ;
#4533 = CARTESIAN_POINT ( 'NONE',  ( 2.500000000000000000, 3.643324227463375391E-15, -29.75000000000000000 ) ) ;
#4534 =( GEOMETRIC_REPRESENTATION_CONTEXT ( 3 ) GLOBAL_UNCERTAINTY_ASSIGNED_CONTEXT ( ( #1347 ) ) GLOBAL_UNIT_ASSIGNED_CONTEXT ( ( #1151, #3222, #4924 ) ) REPRESENTATION_CONTEXT ( 'NONE', 'WORKASPACE' ) );
#4535 = DIRECTION ( 'NONE',  ( 1.049727191138611916E-16, -0.4848096202463357818, -0.8746197071393964073 ) ) ;
#4536 = CARTESIAN_POINT ( 'NONE',  ( 6.000000000000000000, 19.09188309203701550, -19.09188309203655010 ) ) ;
#4537 = FACE_BOUND ( 'NONE', #571, .T. ) ;
#4538 = CARTESIAN_POINT ( 'NONE',  ( 2.000000000000000000, -9.426999614876460059E-14, 27.00000000000000000 ) ) ;
#4539 = STYLED_ITEM ( 'NONE', ( #255 ), #2584 ) ;
#4540 = DIRECTION ( 'NONE',  ( 0.000000000000000000, 0.000000000000000000, -1.000000000000000000 ) ) ;
#4541 = FACE_OUTER_BOUND ( 'NONE', #3709, .T. ) ;
#4542 = ORIENTED_EDGE ( 'NONE', *, *, #3850, .T. ) ;
#4543 = CARTESIAN_POINT ( 'NONE',  ( 16.90755888607466417, 26.28998143082371186, 14.45198223091622225 ) ) ;
#4544 = MECHANICAL_DESIGN_GEOMETRIC_PRESENTATION_REPRESENTATION (  '', ( #781 ), #5419 ) ;
#4545 = ORIENTED_EDGE ( 'NONE', *, *, #1118, .F. ) ;
#4546 = ADVANCED_FACE ( 'NONE', ( #4665 ), #5258, .F. ) ;
#4547 = COLOUR_RGB ( '',1.000000000000000000, 1.000000000000000000, 1.000000000000000000 ) ;
#4548 = ORIENTED_EDGE ( 'NONE', *, *, #3130, .T. ) ;
#4549 = DIRECTION ( 'NONE',  ( -0.5150380749100550437, 0.000000000000000000, 0.8571673007021117785 ) ) ;
#4550 = FILL_AREA_STYLE ('',( #260 ) ) ;
#4551 = EDGE_CURVE ( 'NONE', #4968, #166, #3442, .T. ) ;
#4552 = DIRECTION ( 'NONE',  ( -0.000000000000000000, -0.4999999999999980571, 0.8660254037844397068 ) ) ;
#4553 = COLOUR_RGB ( '',1.000000000000000000, 1.000000000000000000, 1.000000000000000000 ) ;
#4554 = VECTOR ( 'NONE', #4388, 1000.000000000000000 ) ;
#4555 = CARTESIAN_POINT ( 'NONE',  ( 5.399999999999369749, -26.58319957162237301, -13.90444175561521689 ) ) ;
#4556 = CARTESIAN_POINT ( 'NONE',  ( 2.000000000000000000, 27.00000000000000000, 0.000000000000000000 ) ) ;
#4557 = ORIENTED_EDGE ( 'NONE', *, *, #1705, .F. ) ;
#4558 = EDGE_CURVE ( 'NONE', #1100, #5375, #3587, .T. ) ;
#4559 = CYLINDRICAL_SURFACE ( 'NONE', #3495, 1.249999999999986011 ) ;
#4560 = CIRCLE ( 'NONE', #2024, 13.99999999999999822 ) ;
#4561 = VECTOR ( 'NONE', #1896, 1000.000000000000000 ) ;
#4562 = FACE_OUTER_BOUND ( 'NONE', #4225, .T. ) ;
#4563 = AXIS2_PLACEMENT_3D ( 'NONE', #1397, #3019, #2998 ) ;
#4564 = FILL_AREA_STYLE_COLOUR ( '', #2325 ) ;
#4565 = ORIENTED_EDGE ( 'NONE', *, *, #2817, .F. ) ;
#4566 = DIRECTION ( 'NONE',  ( 0.000000000000000000, 0.7071067811865536790, -0.7071067811865414665 ) ) ;
#4567 = AXIS2_PLACEMENT_3D ( 'NONE', #2505, #897, #4667 ) ;
#4568 = VECTOR ( 'NONE', #1202, 1000.000000000000000 ) ;
#4569 = SURFACE_STYLE_FILL_AREA ( #2482 ) ;
#4570 = DIRECTION ( 'NONE',  ( -1.000000000000000000, 0.000000000000000000, 0.000000000000000000 ) ) ;
#4571 = ORIENTED_EDGE ( 'NONE', *, *, #3371, .T. ) ;
#4572 = FACE_OUTER_BOUND ( 'NONE', #484, .T. ) ;
#4573 = EDGE_LOOP ( 'NONE', ( #953, #2399, #72, #2182 ) ) ;
#4574 = VERTEX_POINT ( 'NONE', #4217 ) ;
#4575 = CARTESIAN_POINT ( 'NONE',  ( 6.649862690764980933, 14.85630543597493869, -26.06371760246273439 ) ) ;
#4576 = UNCERTAINTY_MEASURE_WITH_UNIT (LENGTH_MEASURE( 1.000000000000000082E-05 ), #4164, 'distance_accuracy_value', 'NONE');
#4577 = CARTESIAN_POINT ( 'NONE',  ( 0.000000000000000000, 27.00000000000000000, -1.649999999999999689 ) ) ;
#4578 = EDGE_CURVE ( 'NONE', #2581, #3249, #5004, .T. ) ;
#4579 = CYLINDRICAL_SURFACE ( 'NONE', #3207, 1.249999999999997558 ) ;
#4580 = DIRECTION ( 'NONE',  ( 1.000000000000000000, -0.000000000000000000, -0.000000000000000000 ) ) ;
#4581 = LINE ( 'NONE', #4967, #5402 ) ;
#4582 = ORIENTED_EDGE ( 'NONE', *, *, #2787, .F. ) ;
#4583 = SURFACE_STYLE_FILL_AREA ( #4036 ) ;
#4584 = DIRECTION ( 'NONE',  ( -1.000000000000000000, -0.000000000000000000, -0.000000000000000000 ) ) ;
#4585 = EDGE_CURVE ( 'NONE', #4747, #2884, #5026, .T. ) ;
#4586 = CYLINDRICAL_SURFACE ( 'NONE', #4907, 1.249999999999986011 ) ;
#4587 = FACE_BOUND ( 'NONE', #2596, .T. ) ;
#4588 = CARTESIAN_POINT ( 'NONE',  ( 6.000000000000000000, -19.09188309203688050, 19.09188309203668155 ) ) ;
#4589 = EDGE_CURVE ( 'NONE', #539, #4953, #5275, .T. ) ;
#4590 = FACE_OUTER_BOUND ( 'NONE', #3647, .T. ) ;
#4591 = CARTESIAN_POINT ( 'NONE',  ( 17.83479994660072521, 25.33319957161909386, 16.06950526508263977 ) ) ;
#4592 = ORIENTED_EDGE ( 'NONE', *, *, #89, .T. ) ;
#4593 = ORIENTED_EDGE ( 'NONE', *, *, #3931, .T. ) ;
#4594 = EDGE_LOOP ( 'NONE', ( #5143, #3964, #82, #2625 ) ) ;
#4595 = CYLINDRICAL_SURFACE ( 'NONE', #3028, 30.00000000000000000 ) ;
#4596 =( LENGTH_UNIT ( ) NAMED_UNIT ( * ) SI_UNIT ( .MILLI., .METRE. ) );
#4597 = DIRECTION ( 'NONE',  ( 0.000000000000000000, -0.7071067811865444641, -0.7071067811865506814 ) ) ;
#4598 = CARTESIAN_POINT ( 'NONE',  ( 17.67536878276450096, -13.94002104904969208, 26.56456415707027574 ) ) ;
#4599 = FACE_OUTER_BOUND ( 'NONE', #3700, .T. ) ;
#4600 = ORIENTED_EDGE ( 'NONE', *, *, #5434, .T. ) ;
#4601 = LINE ( 'NONE', #2165, #797 ) ;
#4602 = CARTESIAN_POINT ( 'NONE',  ( 6.485416689749778030, 25.66252170213644135, 15.53832662272134080 ) ) ;
#4603 = ADVANCED_FACE ( 'NONE', ( #2586 ), #920, .F. ) ;
#4604 = AXIS2_PLACEMENT_3D ( 'NONE', #1903, #1055, #4853 ) ;
#4605 = VECTOR ( 'NONE', #3194, 1000.000000000000000 ) ;
#4606 = ORIENTED_EDGE ( 'NONE', *, *, #3092, .F. ) ;
#4607 = LINE ( 'NONE', #2116, #844 ) ;
#4608 = FACE_OUTER_BOUND ( 'NONE', #1878, .T. ) ;
#4609 = ORIENTED_EDGE ( 'NONE', *, *, #3181, .T. ) ;
#4610 = CARTESIAN_POINT ( 'NONE',  ( 18.00000000000000355, -7.030835797668281373, -21.40980728512581521 ) ) ;
#4611 = CIRCLE ( 'NONE', #3992, 25.00000000000000000 ) ;
#4612 = MECHANICAL_DESIGN_GEOMETRIC_PRESENTATION_REPRESENTATION (  '', ( #4864 ), #2235 ) ;
#4613 = EDGE_CURVE ( 'NONE', #3048, #2306, #5365, .T. ) ;
#4614 = STYLED_ITEM ( 'NONE', ( #3274 ), #2328 ) ;
#4615 = CARTESIAN_POINT ( 'NONE',  ( 83.79999999999999716, 7.108577143973916545E-14, 9.999999999999348077 ) ) ;
#4616 = EDGE_LOOP ( 'NONE', ( #1529, #1213 ) ) ;
#4617 = CARTESIAN_POINT ( 'NONE',  ( 4.400656764382941510, 15.66062843524077941, -25.58824011687927324 ) ) ;
#4618 = ORIENTED_EDGE ( 'NONE', *, *, #4087, .T. ) ;
#4619 = EDGE_CURVE ( 'NONE', #956, #2796, #972, .T. ) ;
#4620 = CIRCLE ( 'NONE', #4007, 1.649999999999999689 ) ;
#4621 = ORIENTED_EDGE ( 'NONE', *, *, #2409, .F. ) ;
#4622 = ORIENTED_EDGE ( 'NONE', *, *, #2611, .F. ) ;
#4623 = CYLINDRICAL_SURFACE ( 'NONE', #3735, 1.249999999999997558 ) ;
#4624 = UNCERTAINTY_MEASURE_WITH_UNIT (LENGTH_MEASURE( 1.000000000000000082E-05 ), #4963, 'distance_accuracy_value', 'NONE');
#4625 = DIRECTION ( 'NONE',  ( 1.000000000000000000, -0.000000000000000000, -0.000000000000000000 ) ) ;
#4626 = AXIS2_PLACEMENT_3D ( 'NONE', #1426, #4018, #1008 ) ;
#4627 = CARTESIAN_POINT ( 'NONE',  ( 72.00000000000000000, 0.000000000000000000, 0.000000000000000000 ) ) ;
#4628 = EDGE_LOOP ( 'NONE', ( #2155, #3705, #1056, #2366 ) ) ;
#4629 = CARTESIAN_POINT ( 'NONE',  ( 6.000000000000000000, 2.828099884462937892E-13, -27.00000000000000000 ) ) ;
#4630 = FILL_AREA_STYLE_COLOUR ( '', #1839 ) ;
#4631 =( GEOMETRIC_REPRESENTATION_CONTEXT ( 3 ) GLOBAL_UNCERTAINTY_ASSIGNED_CONTEXT ( ( #1625 ) ) GLOBAL_UNIT_ASSIGNED_CONTEXT ( ( #5282, #4773, #3539 ) ) REPRESENTATION_CONTEXT ( 'NONE', 'WORKASPACE' ) );
#4632 = VERTEX_POINT ( 'NONE', #4748 ) ;
#4633 = EDGE_CURVE ( 'NONE', #2013, #4342, #1115, .T. ) ;
#4634 = FACE_OUTER_BOUND ( 'NONE', #4099, .T. ) ;
#4635 = DIRECTION ( 'NONE',  ( -0.000000000000000000, 0.8660254037844414832, 0.4999999999999950595 ) ) ;
#4636 = DIRECTION ( 'NONE',  ( -1.000000000000000000, -0.000000000000000000, -0.000000000000000000 ) ) ;
#4637 = ORIENTED_EDGE ( 'NONE', *, *, #4585, .T. ) ;
#4638 = CONICAL_SURFACE ( 'NONE', #2892, 1.249999999999987343, 1.029744258676643431 ) ;
#4639 = CARTESIAN_POINT ( 'NONE',  ( 18.62842449204816830, 26.50994909653169174, 14.04373456311288493 ) ) ;
#4640 = AXIS2_PLACEMENT_3D ( 'NONE', #2170, #2196, #39 ) ;
#4641 = DIRECTION ( 'NONE',  ( 0.000000000000000000, -0.9659258262890676461, 0.2588190451025232930 ) ) ;
#4642 =( NAMED_UNIT ( * ) SI_UNIT ( $, .STERADIAN. ) SOLID_ANGLE_UNIT ( ) );
#4643 = AXIS2_PLACEMENT_3D ( 'NONE', #3052, #3169, #1475 ) ;
#4644 = VECTOR ( 'NONE', #4249, 1000.000000000000000 ) ;
#4645 = EDGE_CURVE ( 'NONE', #3558, #2334, #1468, .T. ) ;
#4646 = FACE_OUTER_BOUND ( 'NONE', #1962, .T. ) ;
#4647 = CARTESIAN_POINT ( 'NONE',  ( 5.400000000000000355, -20.11057158514999799, -10.16746824526920534 ) ) ;
#4648 = ORIENTED_EDGE ( 'NONE', *, *, #3608, .F. ) ;
#4649 = DIRECTION ( 'NONE',  ( -1.000000000000000000, -0.000000000000000000, -0.000000000000000000 ) ) ;
#4650 = VERTEX_POINT ( 'NONE', #3597 ) ;
#4651 = VECTOR ( 'NONE', #5106, 1000.000000000000000 ) ;
#4652 = EDGE_CURVE ( 'NONE', #3824, #795, #3919, .T. ) ;
#4653 = ORIENTED_EDGE ( 'NONE', *, *, #5108, .T. ) ;
#4654 = EDGE_LOOP ( 'NONE', ( #5391, #1820 ) ) ;
#4655 = FACE_OUTER_BOUND ( 'NONE', #2210, .T. ) ;
#4656 = EDGE_CURVE ( 'NONE', #5072, #3694, #535, .T. ) ;
#4657 = CARTESIAN_POINT ( 'NONE',  ( 6.000000000000000000, 27.00000000000000000, 1.249999999999997558 ) ) ;
#4658 = DIRECTION ( 'NONE',  ( -0.000000000000000000, -0.2588190451025312866, -0.9659258262890656477 ) ) ;
#4659 = EDGE_LOOP ( 'NONE', ( #4308, #754, #1398 ) ) ;
#4660 = CARTESIAN_POINT ( 'NONE',  ( 6.000000000000000000, -9.426999614876460059E-14, 27.00000000000000000 ) ) ;
#4661 = CARTESIAN_POINT ( 'NONE',  ( 19.08541668974977412, 29.13339924114536927, -7.158886994709737550 ) ) ;
#4662 = CARTESIAN_POINT ( 'NONE',  ( 16.78287268560916345, -7.447333902026234576, -29.06131196934023464 ) ) ;
#4663 = SURFACE_STYLE_USAGE ( .BOTH. , #2991 ) ;
#4664 = EDGE_LOOP ( 'NONE', ( #821, #3611, #507, #761 ) ) ;
#4665 = FACE_OUTER_BOUND ( 'NONE', #1281, .T. ) ;
#4666 = CARTESIAN_POINT ( 'NONE',  ( 5.400000000000000355, 5.823428514806810341, 21.73333109150401654 ) ) ;
#4667 = DIRECTION ( 'NONE',  ( 1.000000000000000000, 0.000000000000000000, 0.000000000000000000 ) ) ;
#4668 = CARTESIAN_POINT ( 'NONE',  ( 0.000000000000000000, 27.00000000000000000, 0.000000000000000000 ) ) ;
#4669 = CARTESIAN_POINT ( 'NONE',  ( 14.80000000000000071, 0.000000000000000000, 0.000000000000000000 ) ) ;
#4670 = ORIENTED_EDGE ( 'NONE', *, *, #4589, .F. ) ;
#4671 = CARTESIAN_POINT ( 'NONE',  ( 5.400000000000000355, -10.16746824526942028, 20.11057158514989140 ) ) ;
#4672 = VERTEX_POINT ( 'NONE', #5213 ) ;
#4673 = EDGE_CURVE ( 'NONE', #2323, #2650, #5280, .T. ) ;
#4674 = ORIENTED_EDGE ( 'NONE', *, *, #308, .T. ) ;
#4675 = CARTESIAN_POINT ( 'NONE',  ( 6.000000000000000000, -27.00000000000000000, -1.249999999999997558 ) ) ;
#4676 = ORIENTED_EDGE ( 'NONE', *, *, #4474, .T. ) ;
#4677 = ORIENTED_EDGE ( 'NONE', *, *, #4372, .F. ) ;
#4678 = UNCERTAINTY_MEASURE_WITH_UNIT (LENGTH_MEASURE( 1.000000000000000082E-05 ), #2853, 'distance_accuracy_value', 'NONE');
#4679 = ADVANCED_FACE ( 'NONE', ( #4830 ), #3161, .T. ) ;
#4680 = CARTESIAN_POINT ( 'NONE',  ( 2.000000000000000000, 27.00000000000000000, -1.649999999999999689 ) ) ;
#4681 = CARTESIAN_POINT ( 'NONE',  ( 83.79999999999999716, 0.000000000000000000, 0.000000000000000000 ) ) ;
#4682 = CARTESIAN_POINT ( 'NONE',  ( 2.000000000000000000, 19.09188309203701550, -17.44188309203655152 ) ) ;
#4683 = ORIENTED_EDGE ( 'NONE', *, *, #2808, .F. ) ;
#4684 = CARTESIAN_POINT ( 'NONE',  ( 2.000000000000000000, 19.09188309203701550, -19.09188309203655010 ) ) ;
#4685 = CARTESIAN_POINT ( 'NONE',  ( 6.491617939385586844, 26.29065189181453377, 14.45076034929718212 ) ) ;
#4686 = ADVANCED_FACE ( 'NONE', ( #3185 ), #1057, .F. ) ;
#4687 = CIRCLE ( 'NONE', #3807, 1.249999999999988010 ) ;
#4688 = SURFACE_STYLE_USAGE ( .BOTH. , #2639 ) ;
#4689 = B_SPLINE_CURVE_WITH_KNOTS ( 'NONE', 3,
 ( #4555, #2392, #1170, #2803, #2056, #4110, #3182, #4082, #1527, #4527, #2830, #343, #3263, #4852, #2780, #3718, #775, #4137, #4471, #5331 ),
 .UNSPECIFIED., .F., .F.,
 ( 4, 2, 2, 2, 2, 2, 2, 2, 2, 4 ),
 ( 0.003908493778160051016, 0.004396944493550053110, 0.004885395208940056071, 0.005373845924330058164, 0.005862296639720061125, 0.006350747355110063219, 0.006594972712805060797, 0.006839198070500053170, 0.007327648785890041386, 0.007816099501280027867 ),
 .UNSPECIFIED. ) ;
#4690 = EDGE_LOOP ( 'NONE', ( #892, #4131, #4034, #1082 ) ) ;
#4691 = DIRECTION ( 'NONE',  ( 1.049727191138611177E-16, -0.9612616959383185611, -0.2756373558170002180 ) ) ;
#4692 = SURFACE_STYLE_USAGE ( .BOTH. , #4192 ) ;
#4693 = STYLED_ITEM ( 'NONE', ( #1931 ), #1546 ) ;
#4694 = VECTOR ( 'NONE', #2416, 1000.000000000000000 ) ;
#4695 = CARTESIAN_POINT ( 'NONE',  ( 18.62993683877106577, -15.93568411321015432, 25.41766864831403439 ) ) ;
#4696 = PRESENTATION_LAYER_ASSIGNMENT (  '', '', ( #1386 ) ) ;
#4697 = CARTESIAN_POINT ( 'NONE',  ( 4.307558886074663640, -8.370729509935664225, -28.80891878407217277 ) ) ;
#4698 = CARTESIAN_POINT ( 'NONE',  ( 6.028424492048160666, 8.814944832306677469, 28.67578471782877259 ) ) ;
#4699 = ORIENTED_EDGE ( 'NONE', *, *, #4194, .F. ) ;
#4700 = CYLINDRICAL_SURFACE ( 'NONE', #718, 30.00000000000000000 ) ;
#4701 = VERTEX_POINT ( 'NONE', #639 ) ;
#4702 = AXIS2_PLACEMENT_3D ( 'NONE', #3342, #3391, #2156 ) ;
#4703 = ORIENTED_EDGE ( 'NONE', *, *, #3639, .F. ) ;
#4704 = CARTESIAN_POINT ( 'NONE',  ( 17.36992144785137171, 6.704699256127449658, 29.24125428821117012 ) ) ;
#4705 = ORIENTED_EDGE ( 'NONE', *, *, #968, .F. ) ;
#4706 = EDGE_CURVE ( 'NONE', #543, #3416, #4288, .T. ) ;
#4707 = STYLED_ITEM ( 'NONE', ( #3962 ), #2513 ) ;
#4708 = DIRECTION ( 'NONE',  ( -1.000000000000000000, -0.000000000000000000, 0.000000000000000000 ) ) ;
#4709 = AXIS2_PLACEMENT_3D ( 'NONE', #2107, #452, #2238 ) ;
#4710 = ADVANCED_FACE ( 'NONE', ( #1879, #5160, #4856, #2307, #5187 ), #2783, .T. ) ;
#4711 = DIRECTION ( 'NONE',  ( -1.000000000000000000, -0.000000000000000000, -0.000000000000000000 ) ) ;
#4712 = ORIENTED_EDGE ( 'NONE', *, *, #1078, .T. ) ;
#4713 = DIRECTION ( 'NONE',  ( 0.000000000000000000, 0.000000000000000000, 1.000000000000000000 ) ) ;
#4714 = CARTESIAN_POINT ( 'NONE',  ( 6.649862690764978268, 26.06371760246267399, 14.85630543597502573 ) ) ;
#4715 = VECTOR ( 'NONE', #62, 1000.000000000000000 ) ;
#4716 = EDGE_CURVE ( 'NONE', #4650, #1506, #3512, .T. ) ;
#4717 = CARTESIAN_POINT ( 'NONE',  ( 83.79999999999999716, -10.94559953623324411, -1.787134799722888356 ) ) ;
#4718 = CARTESIAN_POINT ( 'NONE',  ( 83.79999999999999716, -9.974342258674420592, -0.7158886134074701202 ) ) ;
#4719 = EDGE_LOOP ( 'NONE', ( #1227, #3116, #86, #3586 ) ) ;
#4720 = CARTESIAN_POINT ( 'NONE',  ( 18.00000000000000355, 21.73333109150403786, -5.823428514806733958 ) ) ;
#4721 = LINE ( 'NONE', #4218, #1484 ) ;
#4722 = AXIS2_PLACEMENT_3D ( 'NONE', #485, #3832, #5273 ) ;
#4723 = CARTESIAN_POINT ( 'NONE',  ( 18.00000000000000355, -11.24999999999995737, 19.48557158514990206 ) ) ;
#4724 = AXIS2_PLACEMENT_3D ( 'NONE', #1833, #2311, #5250 ) ;
#4725 = CARTESIAN_POINT ( 'NONE',  ( 5.234799946600722009, -6.550421062991286014, -29.27613334949682056 ) ) ;
#4726 = CARTESIAN_POINT ( 'NONE',  ( 6.650136447789996019, -7.606310222675844557, -29.02018661663500509 ) ) ;
#4727 = ORIENTED_EDGE ( 'NONE', *, *, #4920, .F. ) ;
#4728 = CARTESIAN_POINT ( 'NONE',  ( 2.000000000000000000, 27.00000000000000000, -1.649999999999999689 ) ) ;
#4729 = ORIENTED_EDGE ( 'NONE', *, *, #585, .T. ) ;
#4730 = CARTESIAN_POINT ( 'NONE',  ( 4.307558886074662752, 28.80891878407225803, -8.370729509935364021 ) ) ;
#4731 = CIRCLE ( 'NONE', #2980, 1.249999999999987121 ) ;
#4732 = AXIS2_PLACEMENT_3D ( 'NONE', #2473, #3212, #4884 ) ;
#4733 = ORIENTED_EDGE ( 'NONE', *, *, #1471, .T. ) ;
#4734 = DIRECTION ( 'NONE',  ( -0.5150380749100550437, 1.049727191138617956E-16, -0.8571673007021117785 ) ) ;
#4735 = VERTEX_POINT ( 'NONE', #2368 ) ;
#4736 = VECTOR ( 'NONE', #471, 1000.000000000000000 ) ;
#4737 = DIRECTION ( 'NONE',  ( 0.000000000000000000, -0.2588190451025206840, -0.9659258262890683122 ) ) ;
#4738 = SURFACE_STYLE_USAGE ( .BOTH. , #2216 ) ;
#4739 = DIRECTION ( 'NONE',  ( -1.000000000000000000, -0.000000000000000000, -0.000000000000000000 ) ) ;
#4740 = ORIENTED_EDGE ( 'NONE', *, *, #4706, .F. ) ;
#4741 = CARTESIAN_POINT ( 'NONE',  ( 6.000000000000000000, 19.09188309203701550, -20.34188309203654654 ) ) ;
#4742 = CARTESIAN_POINT ( 'NONE',  ( 18.00000000000000355, -29.27613334949689161, 6.550421062990980481 ) ) ;
#4743 = ADVANCED_FACE ( 'NONE', ( #3072 ), #996, .F. ) ;
#4744 = CARTESIAN_POINT ( 'NONE',  ( 18.00000000000000355, 7.764571353075742088, 28.97777478867201495 ) ) ;
#4745 = CARTESIAN_POINT ( 'NONE',  ( 4.182326712606376340, 8.079582930052932710, 28.89192367621393487 ) ) ;
#4746 = CARTESIAN_POINT ( 'NONE',  ( 20.50000000000000000, 0.000000000000000000, 0.000000000000000000 ) ) ;
#4747 = VERTEX_POINT ( 'NONE', #1905 ) ;
#4748 = CARTESIAN_POINT ( 'NONE',  ( 5.399999999999998579, -5.629035800236422915, -21.00784760410552465 ) ) ;
#4749 = LINE ( 'NONE', #3813, #3661 ) ;
#4750 = ADVANCED_FACE ( 'NONE', ( #2253 ), #4281, .F. ) ;
#4751 = PRESENTATION_STYLE_ASSIGNMENT (( #2757 ) ) ;
#4752 = CARTESIAN_POINT ( 'NONE',  ( 6.028424492048161554, -8.814944832306878197, -28.67578471782871574 ) ) ;
#4753 = DIRECTION ( 'NONE',  ( 0.000000000000000000, 0.9996573249755553725, 0.02617694830794341579 ) ) ;
#4754 = EDGE_LOOP ( 'NONE', ( #202, #1854, #55, #4212 ) ) ;
#4755 = CARTESIAN_POINT ( 'NONE',  ( 5.235554828642886349, 28.63153409387711790, -8.957427707450582588 ) ) ;
#4756 = FACE_OUTER_BOUND ( 'NONE', #501, .T. ) ;
#4757 = EDGE_LOOP ( 'NONE', ( #3227, #4712, #3192, #1786 ) ) ;
#4758 = DIRECTION ( 'NONE',  ( 1.049727191138613272E-16, -0.8746197071393939648, 0.4848096202463403337 ) ) ;
#4759 = EDGE_LOOP ( 'NONE', ( #1916, #2318, #3493, #3811 ) ) ;
#4760 = CARTESIAN_POINT ( 'NONE',  ( 72.00000000000000000, 0.000000000000000000, 30.00000000000000000 ) ) ;
#4761 = DIRECTION ( 'NONE',  ( 0.000000000000000000, 0.000000000000000000, 1.000000000000000000 ) ) ;
#4762 = EDGE_LOOP ( 'NONE', ( #4500, #3596 ) ) ;
#4763 = CARTESIAN_POINT ( 'NONE',  ( 83.79999999999999716, -10.94559953623324411, -1.787134799722888356 ) ) ;
#4764 = CARTESIAN_POINT ( 'NONE',  ( 17.83555482864288422, -28.63153409387711790, 8.957427707450579035 ) ) ;
#4765 = DIRECTION ( 'NONE',  ( 1.000000000000000000, 0.000000000000000000, 0.000000000000000000 ) ) ;
#4766 = DIRECTION ( 'NONE',  ( -1.000000000000000000, -0.000000000000000000, -0.000000000000000000 ) ) ;
#4767 = ORIENTED_EDGE ( 'NONE', *, *, #2741, .T. ) ;
#4768 = EDGE_CURVE ( 'NONE', #3713, #3694, #1024, .T. ) ;
#4769 = DIRECTION ( 'NONE',  ( 0.000000000000000000, 0.4999999999999890643, -0.8660254037844449249 ) ) ;
#4770 = DIRECTION ( 'NONE',  ( 0.000000000000000000, 0.000000000000000000, -1.000000000000000000 ) ) ;
#4771 = AXIS2_PLACEMENT_3D ( 'NONE', #469, #2567, #3818 ) ;
#4772 = CARTESIAN_POINT ( 'NONE',  ( 16.78232671260638398, 28.89192367621396329, -8.079582930052826129 ) ) ;
#4773 =( NAMED_UNIT ( * ) PLANE_ANGLE_UNIT ( ) SI_UNIT ( $, .RADIAN. ) );
#4774 = DIRECTION ( 'NONE',  ( 0.000000000000000000, 0.000000000000000000, 1.000000000000000000 ) ) ;
#4775 = ADVANCED_FACE ( 'NONE', ( #3949 ), #1658, .F. ) ;
#4776 = DIRECTION ( 'NONE',  ( 1.000000000000000000, 0.000000000000000000, 0.000000000000000000 ) ) ;
#4777 = LINE ( 'NONE', #5013, #5412 ) ;
#4778 = VECTOR ( 'NONE', #2961, 1000.000000000000000 ) ;
#4779 = ORIENTED_EDGE ( 'NONE', *, *, #1542, .T. ) ;
#4780 = CONICAL_SURFACE ( 'NONE', #1210, 1.249999999999988010, 1.029744258676642987 ) ;
#4781 = CARTESIAN_POINT ( 'NONE',  ( 2.000000000000000000, -27.00000000000000000, 0.000000000000000000 ) ) ;
#4782 = MECHANICAL_DESIGN_GEOMETRIC_PRESENTATION_REPRESENTATION (  '', ( #3293 ), #487 ) ;
#4783 = AXIS2_PLACEMENT_3D ( 'NONE', #2440, #3341, #2105 ) ;
#4784 = CARTESIAN_POINT ( 'NONE',  ( 83.79999999999999716, -29.97172216770186992, -1.302255851766537464 ) ) ;
#4785 = CARTESIAN_POINT ( 'NONE',  ( 6.751075773784450895, 19.09188309203674905, 19.09188309203681655 ) ) ;
#4786 = ORIENTED_EDGE ( 'NONE', *, *, #2274, .F. ) ;
#4787 = ADVANCED_FACE ( 'NONE', ( #3320 ), #4559, .F. ) ;
#4788 = CARTESIAN_POINT ( 'NONE',  ( 18.00000000000000355, 18.86057158514995535, 12.33253175473043051 ) ) ;
#4789 = DIRECTION ( 'NONE',  ( -0.000000000000000000, -0.8660254037844449249, -0.4999999999999891753 ) ) ;
#4790 = STYLED_ITEM ( 'NONE', ( #4838 ), #2240 ) ;
#4791 = VERTEX_POINT ( 'NONE', #1608 ) ;
#4792 = DIRECTION ( 'NONE',  ( 0.000000000000000000, 0.000000000000000000, 1.000000000000000000 ) ) ;
#4793 = VERTEX_POINT ( 'NONE', #1197 ) ;
#4794 = DIRECTION ( 'NONE',  ( -0.000000000000000000, 0.2588190451025245142, 0.9659258262890673130 ) ) ;
#4795 = LINE ( 'NONE', #3152, #1141 ) ;
#4796 = DIRECTION ( 'NONE',  ( -0.000000000000000000, -0.9659258262890682012, 0.2588190451025211836 ) ) ;
#4797 = VECTOR ( 'NONE', #4298, 1000.000000000000000 ) ;
#4798 = CARTESIAN_POINT ( 'NONE',  ( 4.307558886074661864, 8.370729509935463497, 28.80891878407222606 ) ) ;
#4799 = ORIENTED_EDGE ( 'NONE', *, *, #2292, .T. ) ;
#4800 = CARTESIAN_POINT ( 'NONE',  ( 20.50000000000000000, 0.000000000000000000, 0.000000000000000000 ) ) ;
#4801 = FACE_OUTER_BOUND ( 'NONE', #4277, .T. ) ;
#4802 = CARTESIAN_POINT ( 'NONE',  ( 5.399999999999369749, -26.58319957162237301, -13.90444175561521689 ) ) ;
#4803 = CYLINDRICAL_SURFACE ( 'NONE', #4364, 25.00000000000000000 ) ;
#4804 = DIRECTION ( 'NONE',  ( 0.000000000000000000, 0.000000000000000000, -1.000000000000000000 ) ) ;
#4805 = DIRECTION ( 'NONE',  ( -1.000000000000000000, -0.000000000000000000, -0.000000000000000000 ) ) ;
#4806 = EDGE_LOOP ( 'NONE', ( #390, #3388, #4146 ) ) ;
#4807 = CARTESIAN_POINT ( 'NONE',  ( 6.000000000000000000, -19.09188309203661404, -20.34188309203694445 ) ) ;
#4808 = EDGE_CURVE ( 'NONE', #3940, #22, #5163, .T. ) ;
#4809 = CIRCLE ( 'NONE', #4989, 1.649999999999999689 ) ;
#4810 = CYLINDRICAL_SURFACE ( 'NONE', #878, 1.249999999999997558 ) ;
#4811 = LINE ( 'NONE', #1514, #4605 ) ;
#4812 = VERTEX_POINT ( 'NONE', #4887 ) ;
#4813 = FACE_OUTER_BOUND ( 'NONE', #1978, .T. ) ;
#4814 = CIRCLE ( 'NONE', #2104, 1.249999999999986899 ) ;
#4815 = DIRECTION ( 'NONE',  ( -1.000000000000000000, -0.000000000000000000, -0.000000000000000000 ) ) ;
#4816 = AXIS2_PLACEMENT_3D ( 'NONE', #2491, #4257, #2579 ) ;
#4817 = EDGE_CURVE ( 'NONE', #5159, #938, #1155, .T. ) ;
#4818 =( GEOMETRIC_REPRESENTATION_CONTEXT ( 3 ) GLOBAL_UNCERTAINTY_ASSIGNED_CONTEXT ( ( #4624 ) ) GLOBAL_UNIT_ASSIGNED_CONTEXT ( ( #4963, #3697, #1107 ) ) REPRESENTATION_CONTEXT ( 'NONE', 'WORKASPACE' ) );
#4819 = AXIS2_PLACEMENT_3D ( 'NONE', #4368, #4021, #2293 ) ;
#4820 = EDGE_LOOP ( 'NONE', ( #2664, #3084, #1097 ) ) ;
#4821 = CARTESIAN_POINT ( 'NONE',  ( 6.523771649554244156, -15.47684157875750266, 25.69967161342713169 ) ) ;
#4822 = CARTESIAN_POINT ( 'NONE',  ( 2.000000000000000000, 2.828099884462937892E-13, -27.00000000000000000 ) ) ;
#4823 = VERTEX_POINT ( 'NONE', #369 ) ;
#4824 = CARTESIAN_POINT ( 'NONE',  ( 19.09161793938559271, -8.372067598227424412, -28.80852887080666846 ) ) ;
#4825 = ADVANCED_FACE ( 'NONE', ( #2908 ), #3623, .F. ) ;
#4826 = CARTESIAN_POINT ( 'NONE',  ( 5.400000000000000355, -21.73333109150403786, 5.823428514806733958 ) ) ;
#4827 = CARTESIAN_POINT ( 'NONE',  ( 19.21780806232715832, -29.06083821431858638, 7.449205826730597835 ) ) ;
#4828 = CARTESIAN_POINT ( 'NONE',  ( 18.00000000000000355, -10.16746824526942028, 20.11057158514989140 ) ) ;
#4829 = ORIENTED_EDGE ( 'NONE', *, *, #3834, .T. ) ;
#4830 = FACE_OUTER_BOUND ( 'NONE', #4573, .T. ) ;
#4831 = LINE ( 'NONE', #204, #1309 ) ;
#4832 = B_SPLINE_CURVE_WITH_KNOTS ( 'NONE', 3,
 ( #2842, #4509, #789, #2461, #759, #3689, #4128, #1643, #4145, #356, #381, #3739, #5137, #1395, #5165, #2591, #555, #980, #1834, #4246 ),
 .UNSPECIFIED., .F., .F.,
 ( 4, 2, 2, 2, 2, 2, 2, 2, 2, 4 ),
 ( 0.003908493778160054485, 0.004396944493550051375, 0.004885395208940048264, 0.005373845924330044287, 0.005862296639720041176, 0.006350747355110038066, 0.006594972712805033908, 0.006839198070500030618, 0.007327648785890032712, 0.007816099501280036541 ),
 .UNSPECIFIED. ) ;
#4833 = CARTESIAN_POINT ( 'NONE',  ( 17.99999999999937117, 28.62908573673852075, -8.965235628720250816 ) ) ;
#4834 = CARTESIAN_POINT ( 'NONE',  ( 6.000000000000000000, -27.00000000000000000, 0.000000000000000000 ) ) ;
#4835 = DIRECTION ( 'NONE',  ( 0.000000000000000000, 0.000000000000000000, -1.000000000000000000 ) ) ;
#4836 = EDGE_LOOP ( 'NONE', ( #4052, #2153, #4182, #3214 ) ) ;
#4837 = CARTESIAN_POINT ( 'NONE',  ( 6.650136447789996019, -29.02018661663508325, 7.606310222675539023 ) ) ;
#4838 = PRESENTATION_STYLE_ASSIGNMENT (( #4895 ) ) ;
#4839 = ORIENTED_EDGE ( 'NONE', *, *, #2046, .F. ) ;
#4840 = CARTESIAN_POINT ( 'NONE',  ( 4.149942053713996160, 28.93568437672514193, -7.921664237608061931 ) ) ;
#4841 = LINE ( 'NONE', #5197, #4360 ) ;
#4842 = FACE_OUTER_BOUND ( 'NONE', #5310, .T. ) ;
#4843 = ORIENTED_EDGE ( 'NONE', *, *, #1480, .T. ) ;
#4844 = CARTESIAN_POINT ( 'NONE',  ( 6.650136447789996019, 29.02018661663508325, -7.606310222675539023 ) ) ;
#4845 = EDGE_CURVE ( 'NONE', #1537, #420, #750, .T. ) ;
#4846 = DIRECTION ( 'NONE',  ( -1.000000000000000000, -0.000000000000000000, -0.000000000000000000 ) ) ;
#4847 = ORIENTED_EDGE ( 'NONE', *, *, #355, .F. ) ;
#4848 = DIRECTION ( 'NONE',  ( -0.000000000000000000, 0.2588190451025245142, 0.9659258262890673130 ) ) ;
#4849 = EDGE_CURVE ( 'NONE', #1046, #3357, #1231, .T. ) ;
#4850 = CARTESIAN_POINT ( 'NONE',  ( 18.16516251803441406, -6.550421062991288679, -29.27613334949682411 ) ) ;
#4851 = DIRECTION ( 'NONE',  ( 0.000000000000000000, -0.2588190451025206840, -0.9659258262890683122 ) ) ;
#4852 = CARTESIAN_POINT ( 'NONE',  ( 6.394895235514097998, -25.59189206774603065, -15.65438196607684596 ) ) ;
#4853 = DIRECTION ( 'NONE',  ( 0.000000000000000000, 0.000000000000000000, -1.000000000000000000 ) ) ;
#4854 = ORIENTED_EDGE ( 'NONE', *, *, #4845, .T. ) ;
#4855 = ADVANCED_FACE ( 'NONE', ( #4259 ), #1770, .F. ) ;
#4856 = FACE_BOUND ( 'NONE', #1417, .T. ) ;
#4857 = CARTESIAN_POINT ( 'NONE',  ( 5.400000000000000355, -12.33253175473049446, 18.86057158514990917 ) ) ;
#4858 = CARTESIAN_POINT ( 'NONE',  ( 17.23258250940868308, 28.70295485389202028, -8.726626991359442087 ) ) ;
#4859 = FILL_AREA_STYLE ('',( #2696 ) ) ;
#4860 = ORIENTED_EDGE ( 'NONE', *, *, #4299, .T. ) ;
#4861 = CARTESIAN_POINT ( 'NONE',  ( 5.400000000000000355, 21.73333109150403786, -5.823428514806733958 ) ) ;
#4862 = DIRECTION ( 'NONE',  ( 0.000000000000000000, 0.000000000000000000, 1.000000000000000000 ) ) ;
#4863 = ORIENTED_EDGE ( 'NONE', *, *, #1139, .T. ) ;
#4864 = STYLED_ITEM ( 'NONE', ( #3305 ), #998 ) ;
#4865 = DIRECTION ( 'NONE',  ( -1.000000000000000000, -0.000000000000000000, -0.000000000000000000 ) ) ;
#4866 =( GEOMETRIC_REPRESENTATION_CONTEXT ( 3 ) GLOBAL_UNCERTAINTY_ASSIGNED_CONTEXT ( ( #2441 ) ) GLOBAL_UNIT_ASSIGNED_CONTEXT ( ( #2222, #109, #2661 ) ) REPRESENTATION_CONTEXT ( 'NONE', 'WORKASPACE' ) );
#4867 =( GEOMETRIC_REPRESENTATION_CONTEXT ( 3 ) GLOBAL_UNCERTAINTY_ASSIGNED_CONTEXT ( ( #4576 ) ) GLOBAL_UNIT_ASSIGNED_CONTEXT ( ( #4164, #3729, #2913 ) ) REPRESENTATION_CONTEXT ( 'NONE', 'WORKASPACE' ) );
#4868 = PLANE ( 'NONE',  #1587 ) ;
#4869 = CARTESIAN_POINT ( 'NONE',  ( 5.400000000000000355, 11.24999999999981881, -19.48557158514998022 ) ) ;
#4870 = CONICAL_SURFACE ( 'NONE', #2776, 1.249999999999986899, 1.029744258676642543 ) ;
#4871 = EDGE_LOOP ( 'NONE', ( #3437, #2237, #2064, #5287 ) ) ;
#4872 = CARTESIAN_POINT ( 'NONE',  ( 6.617170022213131553, 28.89143605349325838, -8.081322561084981260 ) ) ;
#4873 = CIRCLE ( 'NONE', #3816, 1.249999999999997558 ) ;
#4874 = AXIS2_PLACEMENT_3D ( 'NONE', #5323, #4463, #1486 ) ;
#4875 = ADVANCED_FACE ( 'NONE', ( #5 ), #1501, .F. ) ;
#4876 = ORIENTED_EDGE ( 'NONE', *, *, #4238, .T. ) ;
#4877 = FACE_BOUND ( 'NONE', #5092, .T. ) ;
#4878 = CONICAL_SURFACE ( 'NONE', #2514, 1.249999999999997558, 1.029744258676653423 ) ;
#4879 = AXIS2_PLACEMENT_3D ( 'NONE', #3790, #4928, #18 ) ;
#4880 = CARTESIAN_POINT ( 'NONE',  ( 18.76922271609829096, -6.795648228795062806, -29.22041247673523401 ) ) ;
#4881 = VECTOR ( 'NONE', #3575, 1000.000000000000000 ) ;
#4882 = ADVANCED_FACE ( 'NONE', ( #4213 ), #1594, .T. ) ;
#4883 = CARTESIAN_POINT ( 'NONE',  ( 18.00000000000000355, 16.06950526508254740, -25.33319957161914004 ) ) ;
#4884 = DIRECTION ( 'NONE',  ( 0.000000000000000000, 0.000000000000000000, 1.000000000000000000 ) ) ;
#4885 = DIRECTION ( 'NONE',  ( -0.000000000000000000, 0.2588190451025244587, 0.9659258262890672020 ) ) ;
#4886 = ORIENTED_EDGE ( 'NONE', *, *, #5151, .F. ) ;
#4887 = CARTESIAN_POINT ( 'NONE',  ( 2.000000000000000000, 19.09188309203701550, -17.44188309203655152 ) ) ;
#4888 = MECHANICAL_DESIGN_GEOMETRIC_PRESENTATION_REPRESENTATION (  '', ( #4707 ), #1302 ) ;
#4889 = ADVANCED_FACE ( 'NONE', ( #5020 ), #4638, .F. ) ;
#4890 = COLOUR_RGB ( '',1.000000000000000000, 1.000000000000000000, 1.000000000000000000 ) ;
#4891 = DIRECTION ( 'NONE',  ( -1.000000000000000000, 0.000000000000000000, 0.000000000000000000 ) ) ;
#4892 = CARTESIAN_POINT ( 'NONE',  ( 0.000000000000000000, 1.714505518806294441E-15, -13.99999999999999822 ) ) ;
#4893 = DIRECTION ( 'NONE',  ( -1.000000000000000000, -0.000000000000000000, -0.000000000000000000 ) ) ;
#4894 = ORIENTED_EDGE ( 'NONE', *, *, #5267, .T. ) ;
#4895 = SURFACE_STYLE_USAGE ( .BOTH. , #1473 ) ;
#4896 = STYLED_ITEM ( 'NONE', ( #197 ), #3170 ) ;
#4897 = CARTESIAN_POINT ( 'NONE',  ( 5.400000000000000355, -29.27613334949689161, 6.550421062990979593 ) ) ;
#4898 = AXIS2_PLACEMENT_3D ( 'NONE', #1156, #4219, #3455 ) ;
#4899 = DIRECTION ( 'NONE',  ( 0.000000000000000000, -0.01745240643730461283, -0.9998476951563909365 ) ) ;
#4900 = DIRECTION ( 'NONE',  ( 0.000000000000000000, 0.8660254037844433705, 0.4999999999999917288 ) ) ;
#4901 = ORIENTED_EDGE ( 'NONE', *, *, #2017, .T. ) ;
#4902 = CYLINDRICAL_SURFACE ( 'NONE', #2721, 1.000000000005586642 ) ;
#4903 = SURFACE_STYLE_USAGE ( .BOTH. , #2936 ) ;
#4904 = ORIENTED_EDGE ( 'NONE', *, *, #4363, .F. ) ;
#4905 = AXIS2_PLACEMENT_3D ( 'NONE', #1252, #1630, #1145 ) ;
#4906 = DIRECTION ( 'NONE',  ( -1.000000000000000000, 0.000000000000000000, 0.000000000000000000 ) ) ;
#4907 = AXIS2_PLACEMENT_3D ( 'NONE', #5051, #4635, #834 ) ;
#4908 = CARTESIAN_POINT ( 'NONE',  ( 5.400000000000000355, -25.98076211353335196, -14.99999999999966604 ) ) ;
#4909 = UNCERTAINTY_MEASURE_WITH_UNIT (LENGTH_MEASURE( 1.000000000000000082E-05 ), #2430, 'distance_accuracy_value', 'NONE');
#4910 = FILL_AREA_STYLE ('',( #1577 ) ) ;
#4911 = SURFACE_STYLE_FILL_AREA ( #2828 ) ;
#4912 = AXIS2_PLACEMENT_3D ( 'NONE', #4781, #2233, #3901 ) ;
#4913 = DIRECTION ( 'NONE',  ( -0.000000000000000000, 0.9659258262890682012, -0.2588190451025211836 ) ) ;
#4914 = DIRECTION ( 'NONE',  ( 0.000000000000000000, 0.9998476951563909365, -0.01745240643730239238 ) ) ;
#4915 = DIRECTION ( 'NONE',  ( 0.000000000000000000, 0.9659258262890653146, -0.2588190451025315642 ) ) ;
#4916 = ORIENTED_EDGE ( 'NONE', *, *, #2010, .T. ) ;
#4917 = CARTESIAN_POINT ( 'NONE',  ( 5.072695946143312540, 25.35068205729325541, 16.04203427539582449 ) ) ;
#4918 = MECHANICAL_DESIGN_GEOMETRIC_PRESENTATION_REPRESENTATION (  '', ( #2640 ), #1253 ) ;
#4919 = DIRECTION ( 'NONE',  ( -1.000000000000000000, -0.000000000000000000, -0.000000000000000000 ) ) ;
#4920 = EDGE_CURVE ( 'NONE', #2184, #2759, #334, .T. ) ;
#4921 = DIRECTION ( 'NONE',  ( 0.000000000000000000, -0.2588190451025206840, -0.9659258262890683122 ) ) ;
#4922 = ORIENTED_EDGE ( 'NONE', *, *, #3413, .F. ) ;
#4923 = CARTESIAN_POINT ( 'NONE',  ( 2.000000000000000000, 27.00000000000000000, 0.000000000000000000 ) ) ;
#4924 =( NAMED_UNIT ( * ) SI_UNIT ( $, .STERADIAN. ) SOLID_ANGLE_UNIT ( ) );
#4925 = EDGE_CURVE ( 'NONE', #982, #2997, #4601, .T. ) ;
#4926 = CARTESIAN_POINT ( 'NONE',  ( 6.000000000000000000, 19.09188309203674905, 20.34188309203681300 ) ) ;
#4927 = DIRECTION ( 'NONE',  ( 1.000000000000000000, 0.000000000000000000, 0.000000000000000000 ) ) ;
#4928 = DIRECTION ( 'NONE',  ( -1.000000000000000000, -0.000000000000000000, -0.000000000000000000 ) ) ;
#4929 = EDGE_LOOP ( 'NONE', ( #2658, #1184, #2570, #2848 ) ) ;
#4930 = CARTESIAN_POINT ( 'NONE',  ( 16.75005810453914989, 25.89899831405382358, 15.14161421287345988 ) ) ;
#4931 = VERTEX_POINT ( 'NONE', #3034 ) ;
#4932 = ADVANCED_FACE ( 'NONE', ( #5122 ), #859, .F. ) ;
#4933 = LINE ( 'NONE', #4050, #5147 ) ;
#4934 = ORIENTED_EDGE ( 'NONE', *, *, #75, .F. ) ;
#4935 = DIRECTION ( 'NONE',  ( 0.000000000000000000, 0.000000000000000000, 1.000000000000000000 ) ) ;
#4936 = DIRECTION ( 'NONE',  ( 0.000000000000000000, -0.8660254037844399289, -0.4999999999999976130 ) ) ;
#4937 = FILL_AREA_STYLE_COLOUR ( '', #1400 ) ;
#4938 = FILL_AREA_STYLE_COLOUR ( '', #2374 ) ;
#4939 = CARTESIAN_POINT ( 'NONE',  ( 5.400000000000000355, -10.16746824526942028, 20.11057158514989140 ) ) ;
#4940 = EDGE_LOOP ( 'NONE', ( #1390, #4420 ) ) ;
#4941 = DIRECTION ( 'NONE',  ( 0.000000000000000000, -0.04361938736541615819, -0.9990482215818543565 ) ) ;
#4942 = CYLINDRICAL_SURFACE ( 'NONE', #1490, 1.249999999999988454 ) ;
#4943 = EDGE_CURVE ( 'NONE', #2895, #3150, #2023, .T. ) ;
#4944 = CARTESIAN_POINT ( 'NONE',  ( 0.000000000000000000, -19.09188309203661404, -17.44188309203694942 ) ) ;
#4945 = DIRECTION ( 'NONE',  ( -0.000000000000000000, -0.4999999999999980571, 0.8660254037844397068 ) ) ;
#4946 = CARTESIAN_POINT ( 'NONE',  ( 2.000000000000000000, -9.426999614876460059E-14, 28.64999999999999858 ) ) ;
#4947 = ORIENTED_EDGE ( 'NONE', *, *, #5453, .T. ) ;
#4948 = DIRECTION ( 'NONE',  ( 0.000000000000000000, 0.000000000000000000, 1.000000000000000000 ) ) ;
#4949 = DIRECTION ( 'NONE',  ( 0.000000000000000000, 0.000000000000000000, 1.000000000000000000 ) ) ;
#4950 = EDGE_CURVE ( 'NONE', #5150, #2643, #3326, .T. ) ;
#4951 =( NAMED_UNIT ( * ) SI_UNIT ( $, .STERADIAN. ) SOLID_ANGLE_UNIT ( ) );
#4952 = CARTESIAN_POINT ( 'NONE',  ( 6.000000000000000000, 27.00000000000000000, 0.000000000000000000 ) ) ;
#4953 = VERTEX_POINT ( 'NONE', #3446 ) ;
#4954 = CARTESIAN_POINT ( 'NONE',  ( 18.00000000000000355, 5.823428514806810341, 21.73333109150401654 ) ) ;
#4955 = EDGE_LOOP ( 'NONE', ( #3325, #2845, #3001, #3528 ) ) ;
#4956 = STYLED_ITEM ( 'NONE', ( #4974 ), #1307 ) ;
#4957 = AXIS2_PLACEMENT_3D ( 'NONE', #7, #2061, #2859 ) ;
#4958 = EDGE_CURVE ( 'NONE', #4650, #51, #966, .T. ) ;
#4959 = ORIENTED_EDGE ( 'NONE', *, *, #2377, .T. ) ;
#4960 = FACE_OUTER_BOUND ( 'NONE', #4970, .T. ) ;
#4961 = FACE_OUTER_BOUND ( 'NONE', #1895, .T. ) ;
#4962 = UNCERTAINTY_MEASURE_WITH_UNIT (LENGTH_MEASURE( 1.000000000000000082E-05 ), #188, 'distance_accuracy_value', 'NONE');
#4963 =( LENGTH_UNIT ( ) NAMED_UNIT ( * ) SI_UNIT ( .MILLI., .METRE. ) );
#4964 = CIRCLE ( 'NONE', #1897, 9.999999999999314326 ) ;
#4965 = CIRCLE ( 'NONE', #2424, 1.649999999999998801 ) ;
#4966 = VECTOR ( 'NONE', #685, 1000.000000000000341 ) ;
#4967 = CARTESIAN_POINT ( 'NONE',  ( 2.000000000000000000, -27.00000000000000000, 1.649999999999999689 ) ) ;
#4968 = VERTEX_POINT ( 'NONE', #5073 ) ;
#4969 = SURFACE_SIDE_STYLE ('',( #2494 ) ) ;
#4970 = EDGE_LOOP ( 'NONE', ( #4517, #5445, #3240, #465 ) ) ;
#4971 = CARTESIAN_POINT ( 'NONE',  ( 86.50000000000000000, -19.81969897660377811, 8.926540796148758616 ) ) ;
#4972 = PRESENTATION_LAYER_ASSIGNMENT (  '', '', ( #2248 ) ) ;
#4973 = CARTESIAN_POINT ( 'NONE',  ( 72.00000000000000000, 2.763346537414359538, 28.90266278238160425 ) ) ;
#4974 = PRESENTATION_STYLE_ASSIGNMENT (( #784 ) ) ;
#4975 = EDGE_LOOP ( 'NONE', ( #2598, #4600, #534, #5141 ) ) ;
#4976 = FILL_AREA_STYLE ('',( #3706 ) ) ;
#4977 = DIRECTION ( 'NONE',  ( -1.000000000000000000, 0.000000000000000000, 0.000000000000000000 ) ) ;
#4978 = AXIS2_PLACEMENT_3D ( 'NONE', #851, #2521, #4179 ) ;
#4979 = PRESENTATION_STYLE_ASSIGNMENT (( #1998 ) ) ;
#4980 = ORIENTED_EDGE ( 'NONE', *, *, #4381, .T. ) ;
#4981 = CARTESIAN_POINT ( 'NONE',  ( 83.79999999999999716, 7.108577143973916545E-14, 3.271072094737702939E-14 ) ) ;
#4982 = EDGE_LOOP ( 'NONE', ( #3838, #4444, #705, #4396 ) ) ;
#4983 = VECTOR ( 'NONE', #3943, 1000.000000000000000 ) ;
#4984 = EDGE_LOOP ( 'NONE', ( #621, #5099, #1114, #5284 ) ) ;
#4985 = FACE_BOUND ( 'NONE', #3771, .T. ) ;
#4986 = SURFACE_SIDE_STYLE ('',( #2412 ) ) ;
#4987 = CARTESIAN_POINT ( 'NONE',  ( 18.00000000000000355, -13.91746824526940252, 26.60576211353318499 ) ) ;
#4988 = EDGE_CURVE ( 'NONE', #1326, #2051, #4115, .T. ) ;
#4989 = AXIS2_PLACEMENT_3D ( 'NONE', #4668, #3188, #3602 ) ;
#4990 = FACE_OUTER_BOUND ( 'NONE', #902, .T. ) ;
#4991 = CARTESIAN_POINT ( 'NONE',  ( 18.00000000000000355, -25.33319957161919689, -16.06950526508246213 ) ) ;
#4992 = DIRECTION ( 'NONE',  ( 0.000000000000000000, 0.000000000000000000, 1.000000000000000000 ) ) ;
#4993 = ORIENTED_EDGE ( 'NONE', *, *, #167, .F. ) ;
#4994 = CARTESIAN_POINT ( 'NONE',  ( 18.62842449204816475, 28.67578471782880456, -8.814944832306574440 ) ) ;
#4995 = EDGE_CURVE ( 'NONE', #5269, #4529, #4024, .T. ) ;
#4996 = STYLED_ITEM ( 'NONE', ( #292 ), #4787 ) ;
#4997 = VECTOR ( 'NONE', #856, 1000.000000000000000 ) ;
#4998 = AXIS2_PLACEMENT_3D ( 'NONE', #2007, #1626, #1193 ) ;
#4999 = FILL_AREA_STYLE_COLOUR ( '', #3454 ) ;
#5000 = CIRCLE ( 'NONE', #157, 1.650000000000001021 ) ;
#5001 = LINE ( 'NONE', #4892, #1764 ) ;
#5002 = DIRECTION ( 'NONE',  ( 0.000000000000000000, 0.000000000000000000, 1.000000000000000000 ) ) ;
#5003 = PLANE ( 'NONE',  #1935 ) ;
#5004 = CIRCLE ( 'NONE', #1238, 1.249999999999986899 ) ;
#5005 = DIRECTION ( 'NONE',  ( 0.000000000000000000, 0.2588190451025206840, 0.9659258262890683122 ) ) ;
#5006 = EDGE_LOOP ( 'NONE', ( #3740, #653 ) ) ;
#5007 = CARTESIAN_POINT ( 'NONE',  ( 14.80000000000000071, 0.000000000000000000, 13.99999999999999822 ) ) ;
#5008 = ORIENTED_EDGE ( 'NONE', *, *, #3145, .F. ) ;
#5009 = EDGE_LOOP ( 'NONE', ( #2735, #4670, #2920, #375 ) ) ;
#5010 = EDGE_LOOP ( 'NONE', ( #3803, #4854, #5341 ) ) ;
#5011 = ADVANCED_FACE ( 'NONE', ( #4379 ), #1849, .F. ) ;
#5012 = DIRECTION ( 'NONE',  ( 0.000000000000000000, -0.2588190451025206840, -0.9659258262890683122 ) ) ;
#5013 = CARTESIAN_POINT ( 'NONE',  ( 18.00000000000000355, -10.16746824526942028, 20.11057158514989140 ) ) ;
#5014 = UNCERTAINTY_MEASURE_WITH_UNIT (LENGTH_MEASURE( 1.000000000000000082E-05 ), #5370, 'distance_accuracy_value', 'NONE');
#5015 = DIRECTION ( 'NONE',  ( -1.000000000000000000, -0.000000000000000000, -0.000000000000000000 ) ) ;
#5016 = EDGE_CURVE ( 'NONE', #3249, #2581, #4814, .T. ) ;
#5017 = CARTESIAN_POINT ( 'NONE',  ( 17.23258250940868308, -14.12539689480251148, 26.46671113975422074 ) ) ;
#5018 = CARTESIAN_POINT ( 'NONE',  ( 14.80000000000000071, 1.714505518806294441E-15, -13.99999999999999822 ) ) ;
#5019 = ORIENTED_EDGE ( 'NONE', *, *, #2377, .F. ) ;
#5020 = FACE_OUTER_BOUND ( 'NONE', #5060, .T. ) ;
#5021 = DIRECTION ( 'NONE',  ( -1.000000000000000000, -0.000000000000000000, -0.000000000000000000 ) ) ;
#5022 = EDGE_CURVE ( 'NONE', #3281, #3990, #2634, .T. ) ;
#5023 = CARTESIAN_POINT ( 'NONE',  ( 18.00000000000000355, 6.550421062991082621, 29.27613334949686674 ) ) ;
#5024 = CARTESIAN_POINT ( 'NONE',  ( 17.23258250940868663, -8.726626991359744068, -28.70295485389193502 ) ) ;
#5025 = PLANE ( 'NONE',  #2857 ) ;
#5026 = LINE ( 'NONE', #4610, #2554 ) ;
#5027 = DIRECTION ( 'NONE',  ( 0.000000000000000000, 0.000000000000000000, 1.000000000000000000 ) ) ;
#5028 = CARTESIAN_POINT ( 'NONE',  ( 5.075368782764495990, -8.926900041063500879, -28.64106686839566152 ) ) ;
#5029 = CARTESIAN_POINT ( 'NONE',  ( 18.00000000000000355, -21.40980728512588982, 7.030835797668056664 ) ) ;
#5030 = ORIENTED_EDGE ( 'NONE', *, *, #706, .T. ) ;
#5031 = CARTESIAN_POINT ( 'NONE',  ( 16.90753358152849373, 25.66092255366595509, 15.54154719847238120 ) ) ;
#5032 = ORIENTED_EDGE ( 'NONE', *, *, #585, .F. ) ;
#5033 = EDGE_LOOP ( 'NONE', ( #732, #508, #2615, #2944 ) ) ;
#5034 = EDGE_LOOP ( 'NONE', ( #227, #4843, #5347 ) ) ;
#5035 = CARTESIAN_POINT ( 'NONE',  ( 0.000000000000000000, -19.09188309203661404, -19.09188309203694800 ) ) ;
#5036 = LINE ( 'NONE', #4987, #1043 ) ;
#5037 = AXIS2_PLACEMENT_3D ( 'NONE', #2813, #3219, #4835 ) ;
#5038 = VECTOR ( 'NONE', #405, 1000.000000000000000 ) ;
#5039 = EDGE_CURVE ( 'NONE', #763, #2897, #4731, .T. ) ;
#5040 = CARTESIAN_POINT ( 'NONE',  ( 0.000000000000000000, 19.09188309203674905, 17.44188309203681797 ) ) ;
#5041 = CARTESIAN_POINT ( 'NONE',  ( 2.000000000000000000, 19.09188309203674905, 19.09188309203681655 ) ) ;
#5042 = MECHANICAL_DESIGN_GEOMETRIC_PRESENTATION_REPRESENTATION (  '', ( #31 ), #1117 ) ;
#5043 = VERTEX_POINT ( 'NONE', #4763 ) ;
#5044 =( NAMED_UNIT ( * ) SI_UNIT ( $, .STERADIAN. ) SOLID_ANGLE_UNIT ( ) );
#5045 = CARTESIAN_POINT ( 'NONE',  ( 5.727557703518106003, 26.56805066716203001, 13.93350513427916404 ) ) ;
#5046 = EDGE_CURVE ( 'NONE', #3464, #1889, #1945, .T. ) ;
#5047 = CIRCLE ( 'NONE', #1641, 1.249999999999997558 ) ;
#5048 = CIRCLE ( 'NONE', #1738, 1.249999999999987121 ) ;
#5049 = ORIENTED_EDGE ( 'NONE', *, *, #1855, .T. ) ;
#5050 = CARTESIAN_POINT ( 'NONE',  ( 2.000000000000000000, 19.09188309203674905, 19.09188309203681655 ) ) ;
#5051 = CARTESIAN_POINT ( 'NONE',  ( 18.00000000000000355, 25.98076211353324538, 14.99999999999984723 ) ) ;
#5052 = CYLINDRICAL_SURFACE ( 'NONE', #1989, 1.249999999999987788 ) ;
#5053 = CARTESIAN_POINT ( 'NONE',  ( 18.32755770351810654, 8.933972823511625805, 28.63892475580443531 ) ) ;
#5054 = ADVANCED_FACE ( 'NONE', ( #196 ), #891, .F. ) ;
#5055 = CIRCLE ( 'NONE', #4440, 1.249999999999997558 ) ;
#5056 = CARTESIAN_POINT ( 'NONE',  ( 83.79999999999999716, -28.94648781381982161, -2.258504648336733034 ) ) ;
#5057 = CARTESIAN_POINT ( 'NONE',  ( 6.485416689749775365, -7.158886994710041307, -29.13339924114529822 ) ) ;
#5058 = ORIENTED_EDGE ( 'NONE', *, *, #453, .T. ) ;
#5059 = DIRECTION ( 'NONE',  ( 0.000000000000000000, 0.000000000000000000, 1.000000000000000000 ) ) ;
#5060 = EDGE_LOOP ( 'NONE', ( #135, #2676, #4618 ) ) ;
#5061 = ADVANCED_FACE ( 'NONE', ( #4291 ), #527, .F. ) ;
#5062 = B_SPLINE_CURVE_WITH_KNOTS ( 'NONE', 3,
 ( #4319, #3567, #573, #2255, #1934, #4005, #3920, #1025, #2692, #3599, #605, #2281, #3950, #177, #1058, #3536, #5214, #4159, #3292, #751 ),
 .UNSPECIFIED., .F., .F.,
 ( 4, 2, 2, 2, 2, 2, 2, 2, 2, 4 ),
 ( 0.003908493778160050149, 0.004396944493550050508, 0.004885395208940049999, 0.005373845924330050358, 0.005862296639720050717, 0.006350747355110050209, 0.006594972712805043449, 0.006839198070500037557, 0.007327648785890031845, 0.007816099501280026132 ),
 .UNSPECIFIED. ) ;
#5063 = ORIENTED_EDGE ( 'NONE', *, *, #4474, .F. ) ;
#5064 = ORIENTED_EDGE ( 'NONE', *, *, #4194, .T. ) ;
#5065 = DIRECTION ( 'NONE',  ( -1.000000000000000000, 0.000000000000000000, -0.000000000000000000 ) ) ;
#5066 = CARTESIAN_POINT ( 'NONE',  ( 5.400000000000000355, 21.73333109150403786, -5.823428514806733958 ) ) ;
#5067 = VECTOR ( 'NONE', #3782, 1000.000000000000000 ) ;
#5068 = DIRECTION ( 'NONE',  ( -1.000000000000000000, -0.000000000000000000, -0.000000000000000000 ) ) ;
#5069 = CONICAL_SURFACE ( 'NONE', #4455, 1.249999999999997558, 1.029744258676653423 ) ;
#5070 = CARTESIAN_POINT ( 'NONE',  ( 17.91841376768462268, -13.90444175562171125, 26.58319957161897662 ) ) ;
#5071 = DIRECTION ( 'NONE',  ( 1.049727191138610437E-16, 0.9612616959383164517, 0.2756373558170076565 ) ) ;
#5072 = VERTEX_POINT ( 'NONE', #3090 ) ;
#5073 = CARTESIAN_POINT ( 'NONE',  ( 17.99999999999937117, 8.965235628720352068, 28.62908573673848878 ) ) ;
#5074 = CARTESIAN_POINT ( 'NONE',  ( 6.028424492048161554, 26.50994909653168818, 14.04373456311288137 ) ) ;
#5075 = CIRCLE ( 'NONE', #1412, 13.99999999999999822 ) ;
#5076 =( LENGTH_UNIT ( ) NAMED_UNIT ( * ) SI_UNIT ( .MILLI., .METRE. ) );
#5077 = CARTESIAN_POINT ( 'NONE',  ( 16.90755888607466417, -8.370729509935660673, -28.80891878407217632 ) ) ;
#5078 = FACE_OUTER_BOUND ( 'NONE', #3519, .T. ) ;
#5079 = EDGE_CURVE ( 'NONE', #1889, #41, #3503, .T. ) ;
#5080 = AXIS2_PLACEMENT_3D ( 'NONE', #889, #2114, #1296 ) ;
#5081 = CARTESIAN_POINT ( 'NONE',  ( 19.24986269076497436, 26.06371760246267399, 14.85630543597502751 ) ) ;
#5082 = CARTESIAN_POINT ( 'NONE',  ( 72.00000000000000000, 1.977889662261882897, 10.91274266551904759 ) ) ;
#5083 = B_SPLINE_CURVE_WITH_KNOTS ( 'NONE', 3,
 ( #2134, #5436, #1, #2926, #4155, #3801, #3366, #1351, #1685, #29, #512, #1655, #3005, #5017, #2905, #3778, #4598, #2605, #5070, #3752 ),
 .UNSPECIFIED., .F., .F.,
 ( 4, 2, 2, 2, 2, 2, 2, 2, 2, 4 ),
 ( 0.000000000000000000, 0.0004885617222700080033, 0.0009771234445400160066, 0.001465685166810023901, 0.001954246889080032013, 0.002442808611350040342, 0.002931370333620047803, 0.003419932055890056131, 0.003664212917025055308, 0.003908493778160054485 ),
 .UNSPECIFIED. ) ;
#5084 = VECTOR ( 'NONE', #1313, 1000.000000000000000 ) ;
#5085 = CARTESIAN_POINT ( 'NONE',  ( 0.000000000000000000, 19.09188309203674905, 19.09188309203681655 ) ) ;
#5086 = LINE ( 'NONE', #1340, #4072 ) ;
#5087 = ADVANCED_FACE ( 'NONE', ( #3559 ), #4118, .F. ) ;
#5088 = ORIENTED_EDGE ( 'NONE', *, *, #4262, .T. ) ;
#5089 = MECHANICAL_DESIGN_GEOMETRIC_PRESENTATION_REPRESENTATION (  '', ( #1762 ), #517 ) ;
#5090 = VERTEX_POINT ( 'NONE', #3475 ) ;
#5091 =( LENGTH_UNIT ( ) NAMED_UNIT ( * ) SI_UNIT ( .MILLI., .METRE. ) );
#5092 = EDGE_LOOP ( 'NONE', ( #4357, #1189 ) ) ;
#5093 = EDGE_CURVE ( 'NONE', #3659, #4931, #5152, .T. ) ;
#5094 = CARTESIAN_POINT ( 'NONE',  ( 5.400000000000000355, 7.030835797668129494, 21.40980728512586850 ) ) ;
#5095 = B_SPLINE_CURVE_WITH_KNOTS ( 'NONE', 3,
 ( #3854, #1788, #3440, #4704, #2211, #5142, #985, #1840, #3492, #5171, #5261, #1073, #1130, #2404, #5228, #2795, #3631, #1920, #4456, #4399 ),
 .UNSPECIFIED., .F., .F.,
 ( 4, 2, 2, 2, 2, 2, 2, 2, 2, 4 ),
 ( 0.000000000000000000, 0.0004885617222700062686, 0.0009771234445400125371, 0.001465685166810018914, 0.001954246889080025074, 0.002442808611350031234, 0.002931370333620037828, 0.003419932055890043988, 0.003664212917025047068, 0.003908493778160050149 ),
 .UNSPECIFIED. ) ;
#5096 = DIRECTION ( 'NONE',  ( -1.000000000000000000, -0.000000000000000000, -0.000000000000000000 ) ) ;
#5097 = PLANE ( 'NONE',  #4816 ) ;
#5098 = FACE_OUTER_BOUND ( 'NONE', #2058, .T. ) ;
#5099 = ORIENTED_EDGE ( 'NONE', *, *, #2137, .F. ) ;
#5100 = DIRECTION ( 'NONE',  ( 0.000000000000000000, 0.8660254037844433705, 0.4999999999999917288 ) ) ;
#5101 = CARTESIAN_POINT ( 'NONE',  ( 5.563135389954341647, 26.58319957161912228, 13.90444175562143236 ) ) ;
#5102 = SURFACE_SIDE_STYLE ('',( #2612 ) ) ;
#5103 = DIRECTION ( 'NONE',  ( 0.000000000000000000, 0.000000000000000000, 1.000000000000000000 ) ) ;
#5104 = DIRECTION ( 'NONE',  ( 0.000000000000000000, 0.000000000000000000, 1.000000000000000000 ) ) ;
#5105 = ORIENTED_EDGE ( 'NONE', *, *, #3842, .F. ) ;
#5106 = DIRECTION ( 'NONE',  ( -0.000000000000000000, -0.4999999999999980571, 0.8660254037844397068 ) ) ;
#5107 = DIRECTION ( 'NONE',  ( -1.000000000000000000, -0.000000000000000000, 0.000000000000000000 ) ) ;
#5108 = EDGE_CURVE ( 'NONE', #5205, #1285, #4373, .T. ) ;
#5109 = LINE ( 'NONE', #498, #917 ) ;
#5110 = CARTESIAN_POINT ( 'NONE',  ( 17.00065676438294204, -25.58824011687930877, -15.66062843524068349 ) ) ;
#5111 = CARTESIAN_POINT ( 'NONE',  ( 6.523771649554246821, -7.228632440432658512, -29.11619170381101895 ) ) ;
#5112 = EDGE_LOOP ( 'NONE', ( #1041, #1955 ) ) ;
#5113 = CARTESIAN_POINT ( 'NONE',  ( 5.399999999999998579, 5.629035800236276366, 21.00784760410556018 ) ) ;
#5114 = ORIENTED_EDGE ( 'NONE', *, *, #2173, .F. ) ;
#5115 = EDGE_CURVE ( 'NONE', #2232, #4529, #657, .T. ) ;
#5116 = ORIENTED_EDGE ( 'NONE', *, *, #2003, .F. ) ;
#5117 = LINE ( 'NONE', #98, #4247 ) ;
#5118 = ORIENTED_EDGE ( 'NONE', *, *, #1118, .T. ) ;
#5119 = EDGE_CURVE ( 'NONE', #4014, #1326, #2273, .T. ) ;
#5120 = DIRECTION ( 'NONE',  ( -0.000000000000000000, -0.4999999999999980571, 0.8660254037844397068 ) ) ;
#5121 = ORIENTED_EDGE ( 'NONE', *, *, #5039, .T. ) ;
#5122 = FACE_OUTER_BOUND ( 'NONE', #4984, .T. ) ;
#5123 = AXIS2_PLACEMENT_3D ( 'NONE', #3921, #1725, #3384 ) ;
#5124 = CARTESIAN_POINT ( 'NONE',  ( 19.21780806232715832, 29.06083821431858638, -7.449205826730597835 ) ) ;
#5125 = CIRCLE ( 'NONE', #481, 25.00000000000000000 ) ;
#5126 = STYLED_ITEM ( 'NONE', ( #3828 ), #526 ) ;
#5127 = DIRECTION ( 'NONE',  ( 0.000000000000000000, -0.9659258262890675351, 0.2588190451025234595 ) ) ;
#5128 = CARTESIAN_POINT ( 'NONE',  ( 17.99999999999937117, -8.965235628720551020, -28.62908573673842483 ) ) ;
#5129 = DIRECTION ( 'NONE',  ( 0.000000000000000000, 0.000000000000000000, -1.000000000000000000 ) ) ;
#5130 = EDGE_LOOP ( 'NONE', ( #219, #4779, #2761, #5179, #3878, #5321, #777, #2681, #694, #4091 ) ) ;
#5131 = CARTESIAN_POINT ( 'NONE',  ( 18.16516251803440696, 6.550421062991083510, 29.27613334949686319 ) ) ;
#5132 = CARTESIAN_POINT ( 'NONE',  ( 72.00000000000000000, 0.000000000000000000, 30.00000000000000000 ) ) ;
#5133 = CIRCLE ( 'NONE', #4604, 30.00000000000000000 ) ;
#5134 = CARTESIAN_POINT ( 'NONE',  ( 17.00065676438294915, 29.16735466947666922, -7.019881541073100806 ) ) ;
#5135 = CONICAL_SURFACE ( 'NONE', #2433, 1.249999999999986899, 1.029744258676645652 ) ;
#5136 = CARTESIAN_POINT ( 'NONE',  ( 17.67536878276450096, -26.56456415707042140, -13.94002104904941497 ) ) ;
#5137 = CARTESIAN_POINT ( 'NONE',  ( 19.08541668974977412, 15.53832662272124487, -25.66252170213648398 ) ) ;
#5138 = EDGE_LOOP ( 'NONE', ( #3435, #1924, #3195 ) ) ;
#5139 = VERTEX_POINT ( 'NONE', #1049 ) ;
#5140 = DIRECTION ( 'NONE',  ( 0.000000000000000000, 1.000000000000000000, 1.051347561198065126E-14 ) ) ;
#5141 = ORIENTED_EDGE ( 'NONE', *, *, #1615, .F. ) ;
#5142 = CARTESIAN_POINT ( 'NONE',  ( 17.00065676438294560, 7.019881541073202946, 29.16735466947663724 ) ) ;
#5143 = ORIENTED_EDGE ( 'NONE', *, *, #2442, .F. ) ;
#5144 = CIRCLE ( 'NONE', #589, 1.649999999999999689 ) ;
#5145 = EDGE_CURVE ( 'NONE', #4574, #1702, #3884, .T. ) ;
#5146 = DIRECTION ( 'NONE',  ( -1.000000000000000000, -0.000000000000000000, 0.000000000000000000 ) ) ;
#5147 = VECTOR ( 'NONE', #764, 999.9999999999998863 ) ;
#5148 = FACE_OUTER_BOUND ( 'NONE', #4719, .T. ) ;
#5149 = CARTESIAN_POINT ( 'NONE',  ( 86.50000000000000000, -19.81969897660377811, 17.12654079614884850 ) ) ;
#5150 = VERTEX_POINT ( 'NONE', #4741 ) ;
#5151 = EDGE_CURVE ( 'NONE', #1474, #2218, #1291, .T. ) ;
#5152 = LINE ( 'NONE', #2685, #2898 ) ;
#5153 = PRESENTATION_LAYER_ASSIGNMENT (  '', '', ( #4452 ) ) ;
#5154 = DIRECTION ( 'NONE',  ( -1.000000000000000000, -0.000000000000000000, -0.000000000000000000 ) ) ;
#5155 = STYLED_ITEM ( 'NONE', ( #1866 ), #3245 ) ;
#5156 = DIRECTION ( 'NONE',  ( 0.000000000000000000, 0.000000000000000000, -1.000000000000000000 ) ) ;
#5157 = CARTESIAN_POINT ( 'NONE',  ( 18.16313538995434129, -28.62908573674055290, 8.965235628713758231 ) ) ;
#5158 =( NAMED_UNIT ( * ) SI_UNIT ( $, .STERADIAN. ) SOLID_ANGLE_UNIT ( ) );
#5159 = VERTEX_POINT ( 'NONE', #2851 ) ;
#5160 = FACE_BOUND ( 'NONE', #2439, .T. ) ;
#5161 = SURFACE_STYLE_FILL_AREA ( #975 ) ;
#5162 = AXIS2_PLACEMENT_3D ( 'NONE', #3270, #3295, #1149 ) ;
#5163 = CIRCLE ( 'NONE', #4905, 5.500000000000000000 ) ;
#5164 =( GEOMETRIC_REPRESENTATION_CONTEXT ( 3 ) GLOBAL_UNCERTAINTY_ASSIGNED_CONTEXT ( ( #801 ) ) GLOBAL_UNIT_ASSIGNED_CONTEXT ( ( #180, #3218, #320 ) ) REPRESENTATION_CONTEXT ( 'NONE', 'WORKASPACE' ) );
#5165 = CARTESIAN_POINT ( 'NONE',  ( 18.94215203197031627, 15.70927991116390388, -25.55820533043585741 ) ) ;
#5166 = SURFACE_STYLE_USAGE ( .BOTH. , #3820 ) ;
#5167 = EDGE_LOOP ( 'NONE', ( #812, #4069 ) ) ;
#5168 = CARTESIAN_POINT ( 'NONE',  ( 4.769921447851375618, -15.93575088777026494, 25.41762750741842680 ) ) ;
#5169 = CIRCLE ( 'NONE', #257, 30.00000000000000000 ) ;
#5170 =( GEOMETRIC_REPRESENTATION_CONTEXT ( 3 ) GLOBAL_UNCERTAINTY_ASSIGNED_CONTEXT ( ( #2055 ) ) GLOBAL_UNIT_ASSIGNED_CONTEXT ( ( #1357, #3376, #8 ) ) REPRESENTATION_CONTEXT ( 'NONE', 'WORKASPACE' ) );
#5171 = CARTESIAN_POINT ( 'NONE',  ( 16.74994205371400469, 7.921664237608158743, 28.93568437672511706 ) ) ;
#5172 = ORIENTED_EDGE ( 'NONE', *, *, #3701, .T. ) ;
#5173 = AXIS2_PLACEMENT_3D ( 'NONE', #1807, #875, #2149 ) ;
#5174 = LINE ( 'NONE', #540, #4446 ) ;
#5175 = ADVANCED_FACE ( 'NONE', ( #2470 ), #3617, .F. ) ;
#5176 = ORIENTED_EDGE ( 'NONE', *, *, #5039, .F. ) ;
#5177 = LINE ( 'NONE', #4760, #5223 ) ;
#5178 = DIRECTION ( 'NONE',  ( 0.000000000000000000, 1.000000000000000000, 1.047444401652940007E-14 ) ) ;
#5179 = ORIENTED_EDGE ( 'NONE', *, *, #4404, .F. ) ;
#5180 = DIRECTION ( 'NONE',  ( -1.000000000000000000, -0.000000000000000000, -0.000000000000000000 ) ) ;
#5181 = CARTESIAN_POINT ( 'NONE',  ( 16.99924456868885159, -28.77001984550743430, 8.502916798369588136 ) ) ;
#5182 = EDGE_CURVE ( 'NONE', #1239, #251, #4495, .T. ) ;
#5183 = CARTESIAN_POINT ( 'NONE',  ( 20.51000000000000156, 0.000000000000000000, 0.000000000000000000 ) ) ;
#5184 = CARTESIAN_POINT ( 'NONE',  ( 18.00000000000000355, -29.27613334949689161, 6.550421062990980481 ) ) ;
#5185 = CARTESIAN_POINT ( 'NONE',  ( 2.000000000000000000, -27.00000000000000000, 0.000000000000000000 ) ) ;
#5186 = ORIENTED_EDGE ( 'NONE', *, *, #178, .F. ) ;
#5187 = FACE_OUTER_BOUND ( 'NONE', #5244, .T. ) ;
#5188 = ADVANCED_FACE ( 'NONE', ( #4438 ), #3679, .F. ) ;
#5189 = DIRECTION ( 'NONE',  ( 0.000000000000000000, 0.000000000000000000, 1.000000000000000000 ) ) ;
#5190 = CYLINDRICAL_SURFACE ( 'NONE', #2714, 1.249999999999987788 ) ;
#5191 = FACE_OUTER_BOUND ( 'NONE', #681, .T. ) ;
#5192 = ORIENTED_EDGE ( 'NONE', *, *, #3252, .T. ) ;
#5193 = SURFACE_STYLE_USAGE ( .BOTH. , #2378 ) ;
#5194 = DIRECTION ( 'NONE',  ( 0.000000000000000000, -0.02617694830794341926, 0.9996573249755554835 ) ) ;
#5195 = ORIENTED_EDGE ( 'NONE', *, *, #4255, .F. ) ;
#5196 = CARTESIAN_POINT ( 'NONE',  ( 4.182872685609159369, -15.28339045981526745, 25.81551106758135816 ) ) ;
#5197 = CARTESIAN_POINT ( 'NONE',  ( 2.500000000000000000, 0.000000000000000000, 29.75000000000000000 ) ) ;
#5198 =( NAMED_UNIT ( * ) PLANE_ANGLE_UNIT ( ) SI_UNIT ( $, .RADIAN. ) );
#5199 = VERTEX_POINT ( 'NONE', #687 ) ;
#5200 = FACE_OUTER_BOUND ( 'NONE', #461, .T. ) ;
#5201 = FACE_OUTER_BOUND ( 'NONE', #2627, .T. ) ;
#5202 = ORIENTED_EDGE ( 'NONE', *, *, #3210, .T. ) ;
#5203 = DIRECTION ( 'NONE',  ( -1.000000000000000000, 0.000000000000000000, -0.000000000000000000 ) ) ;
#5204 = DIRECTION ( 'NONE',  ( -1.000000000000000000, -0.000000000000000000, -0.000000000000000000 ) ) ;
#5205 = VERTEX_POINT ( 'NONE', #4028 ) ;
#5206 = DIRECTION ( 'NONE',  ( 0.000000000000000000, 0.8660254037844433705, 0.4999999999999917288 ) ) ;
#5207 = B_SPLINE_CURVE_WITH_KNOTS ( 'NONE', 3,
 ( #616, #4397, #1886, #214, #2263, #3875, #3137, #3544, #583, #4840, #1918, #4730, #3107, #3520, #3957, #3578, #1037, #4755, #2703, #5257 ),
 .UNSPECIFIED., .F., .F.,
 ( 4, 2, 2, 2, 2, 2, 2, 2, 2, 4 ),
 ( 0.000000000000000000, 0.0004885617222700064854, 0.0009771234445400129708, 0.001465685166810019348, 0.001954246889080025942, 0.002442808611350032535, 0.002931370333620038696, 0.003419932055890045289, 0.003664212917025048803, 0.003908493778160051883 ),
 .UNSPECIFIED. ) ;
#5208 = SURFACE_STYLE_FILL_AREA ( #1525 ) ;
#5209 = EDGE_CURVE ( 'NONE', #938, #5159, #5169, .T. ) ;
#5210 = CARTESIAN_POINT ( 'NONE',  ( 17.99999999999937117, 28.62908573673852075, -8.965235628720250816 ) ) ;
#5211 = CARTESIAN_POINT ( 'NONE',  ( 4.400656764382942399, 7.019881541073204723, 29.16735466947663724 ) ) ;
#5212 = EDGE_LOOP ( 'NONE', ( #5409, #1187, #790, #4894 ) ) ;
#5213 = CARTESIAN_POINT ( 'NONE',  ( 20.51000000000000156, 3.061616997868382254E-15, -25.00000000000000000 ) ) ;
#5214 = CARTESIAN_POINT ( 'NONE',  ( 18.62993683877107287, -25.41766864831421202, -15.93568411320989142 ) ) ;
#5215 = EDGE_CURVE ( 'NONE', #2654, #768, #3337, .T. ) ;
#5216 = AXIS2_PLACEMENT_3D ( 'NONE', #443, #3333, #1617 ) ;
#5217 = MECHANICAL_DESIGN_GEOMETRIC_PRESENTATION_REPRESENTATION (  '', ( #2152 ), #2675 ) ;
#5218 = CARTESIAN_POINT ( 'NONE',  ( 16.99924456868885159, 28.77001984550743430, -8.502916798369588136 ) ) ;
#5219 = CARTESIAN_POINT ( 'NONE',  ( 83.79999999999999716, 1.977889662261882897, 10.91274266551904759 ) ) ;
#5220 =( LENGTH_UNIT ( ) NAMED_UNIT ( * ) SI_UNIT ( .MILLI., .METRE. ) );
#5221 = AXIS2_PLACEMENT_3D ( 'NONE', #4295, #3810, #3427 ) ;
#5222 = ORIENTED_EDGE ( 'NONE', *, *, #479, .T. ) ;
#5223 = VECTOR ( 'NONE', #3004, 1000.000000000000000 ) ;
#5224 = EDGE_CURVE ( 'NONE', #1012, #3824, #3205, .T. ) ;
#5225 = CYLINDRICAL_SURFACE ( 'NONE', #3935, 1.249999999999987788 ) ;
#5226 = AXIS2_PLACEMENT_3D ( 'NONE', #1871, #3117, #4792 ) ;
#5227 = CARTESIAN_POINT ( 'NONE',  ( 0.000000000000000000, 2.828099884462937892E-13, -27.00000000000000000 ) ) ;
#5228 = CARTESIAN_POINT ( 'NONE',  ( 17.37019887523396378, 8.814353391658798387, 28.67596758313040084 ) ) ;
#5229 = VERTEX_POINT ( 'NONE', #285 ) ;
#5230 = CARTESIAN_POINT ( 'NONE',  ( 6.394895235514095333, 29.16552006799485497, -7.026880780999740672 ) ) ;
#5231 = DIRECTION ( 'NONE',  ( -0.5150380749100554878, 1.049727191138617710E-16, -0.8571673007021115565 ) ) ;
#5232 = COLOUR_RGB ( '',1.000000000000000000, 1.000000000000000000, 1.000000000000000000 ) ;
#5233 = AXIS2_PLACEMENT_3D ( 'NONE', #4485, #1536, #2734 ) ;
#5234 = VERTEX_POINT ( 'NONE', #1980 ) ;
#5235 = PLANE ( 'NONE',  #4437 ) ;
#5236 = LINE ( 'NONE', #1487, #2160 ) ;
#5237 = ORIENTED_EDGE ( 'NONE', *, *, #1435, .T. ) ;
#5238 = CARTESIAN_POINT ( 'NONE',  ( 18.00000000000000355, 5.823428514806810341, 21.73333109150401654 ) ) ;
#5239 = CARTESIAN_POINT ( 'NONE',  ( 16.90753358152849373, -29.13454576337067081, 7.155478935029253584 ) ) ;
#5240 = CIRCLE ( 'NONE', #3224, 1.249999999999986899 ) ;
#5241 = DIRECTION ( 'NONE',  ( -1.000000000000000000, -0.000000000000000000, -0.000000000000000000 ) ) ;
#5242 = PRESENTATION_LAYER_ASSIGNMENT (  '', '', ( #231 ) ) ;
#5243 = CARTESIAN_POINT ( 'NONE',  ( 18.76794308089884211, -28.70316482736712871, 8.725915513464578055 ) ) ;
#5244 = EDGE_LOOP ( 'NONE', ( #4510, #3340, #4284, #4683 ) ) ;
#5245 = CARTESIAN_POINT ( 'NONE',  ( 18.00000000000000355, 25.33319957161908675, 16.06950526508263621 ) ) ;
#5246 = CYLINDRICAL_SURFACE ( 'NONE', #2957, 1.249999999999986899 ) ;
#5247 = AXIS2_PLACEMENT_3D ( 'NONE', #4531, #4584, #1175 ) ;
#5248 = ADVANCED_FACE ( 'NONE', ( #3640 ), #5225, .F. ) ;
#5249 = CARTESIAN_POINT ( 'NONE',  ( 4.182326712606377228, -26.14280303197467248, -14.71654727397531204 ) ) ;
#5250 = DIRECTION ( 'NONE',  ( 0.000000000000000000, 0.000000000000000000, -1.000000000000000000 ) ) ;
#5251 = CARTESIAN_POINT ( 'NONE',  ( 5.400000000000000355, 6.550421062991081733, 29.27613334949686674 ) ) ;
#5252 = ORIENTED_EDGE ( 'NONE', *, *, #3963, .T. ) ;
#5253 = CARTESIAN_POINT ( 'NONE',  ( 6.028424492048161554, -28.67578471782880456, 8.814944832306579769 ) ) ;
#5254 = DIRECTION ( 'NONE',  ( 0.000000000000000000, 1.000000000000000000, 1.051347561198065126E-14 ) ) ;
#5255 = MECHANICAL_DESIGN_GEOMETRIC_PRESENTATION_REPRESENTATION (  '', ( #5155 ), #788 ) ;
#5256 = VERTEX_POINT ( 'NONE', #1838 ) ;
#5257 = CARTESIAN_POINT ( 'NONE',  ( 5.399999999999369749, 28.62908573673852075, -8.965235628720250816 ) ) ;
#5258 = CONICAL_SURFACE ( 'NONE', #2282, 1.249999999999997558, 1.029744258676653423 ) ;
#5259 = AXIS2_PLACEMENT_3D ( 'NONE', #2479, #752, #374 ) ;
#5260 = EDGE_CURVE ( 'NONE', #328, #4953, #2209, .T. ) ;
#5261 = CARTESIAN_POINT ( 'NONE',  ( 16.78232671260638043, 8.079582930052929157, 28.89192367621393487 ) ) ;
#5262 = VERTEX_POINT ( 'NONE', #4807 ) ;
#5263 = DIRECTION ( 'NONE',  ( -1.000000000000000000, -0.000000000000000000, -0.000000000000000000 ) ) ;
#5264 = AXIS2_PLACEMENT_3D ( 'NONE', #458, #402, #5100 ) ;
#5265 = CARTESIAN_POINT ( 'NONE',  ( 2.000000000000000000, -19.09188309203688050, 19.09188309203668155 ) ) ;
#5266 = AXIS2_PLACEMENT_3D ( 'NONE', #3916, #4766, #1021 ) ;
#5267 = EDGE_CURVE ( 'NONE', #2650, #475, #2726, .T. ) ;
#5268 = MECHANICAL_DESIGN_GEOMETRIC_PRESENTATION_REPRESENTATION (  '', ( #3418 ), #4196 ) ;
#5269 = VERTEX_POINT ( 'NONE', #2315 ) ;
#5270 = FACE_OUTER_BOUND ( 'NONE', #2765, .T. ) ;
#5271 = DIRECTION ( 'NONE',  ( 0.000000000000000000, 0.000000000000000000, 1.000000000000000000 ) ) ;
#5272 = ORIENTED_EDGE ( 'NONE', *, *, #4656, .F. ) ;
#5273 = DIRECTION ( 'NONE',  ( 0.000000000000000000, -0.9659258262890675351, 0.2588190451025234595 ) ) ;
#5274 = CYLINDRICAL_SURFACE ( 'NONE', #238, 1.249999999999987788 ) ;
#5275 = CIRCLE ( 'NONE', #3843, 1.249999999999986899 ) ;
#5276 = DIRECTION ( 'NONE',  ( 1.000000000000000000, 0.000000000000000000, 0.000000000000000000 ) ) ;
#5277 = CARTESIAN_POINT ( 'NONE',  ( 18.99858092218255123, -28.76933636670532479, 8.505207679680392374 ) ) ;
#5278 = DIRECTION ( 'NONE',  ( 0.000000000000000000, -1.000000000000000000, 0.000000000000000000 ) ) ;
#5279 = ORIENTED_EDGE ( 'NONE', *, *, #599, .T. ) ;
#5280 = LINE ( 'NONE', #2335, #4554 ) ;
#5281 = CARTESIAN_POINT ( 'NONE',  ( 18.00000000000000355, -7.030835797668282261, -21.40980728512581521 ) ) ;
#5282 =( LENGTH_UNIT ( ) NAMED_UNIT ( * ) SI_UNIT ( .MILLI., .METRE. ) );
#5283 = SURFACE_STYLE_USAGE ( .BOTH. , #3953 ) ;
#5284 = ORIENTED_EDGE ( 'NONE', *, *, #2603, .F. ) ;
#5285 = CARTESIAN_POINT ( 'NONE',  ( 72.00000000000000000, -28.94648781381982161, -2.258504648336733034 ) ) ;
#5286 = SURFACE_STYLE_FILL_AREA ( #2401 ) ;
#5287 = ORIENTED_EDGE ( 'NONE', *, *, #1673, .F. ) ;
#5288 = FACE_OUTER_BOUND ( 'NONE', #1010, .T. ) ;
#5289 = EDGE_CURVE ( 'NONE', #2051, #1326, #3762, .T. ) ;
#5290 = SURFACE_SIDE_STYLE ('',( #2673 ) ) ;
#5291 = ORIENTED_EDGE ( 'NONE', *, *, #550, .T. ) ;
#5292 = CARTESIAN_POINT ( 'NONE',  ( 0.000000000000000000, -19.09188309203688050, 17.84188309203668155 ) ) ;
#5293 = SURFACE_STYLE_FILL_AREA ( #2438 ) ;
#5294 = EDGE_CURVE ( 'NONE', #2557, #2921, #5207, .T. ) ;
#5295 = ORIENTED_EDGE ( 'NONE', *, *, #5453, .F. ) ;
#5296 = B_SPLINE_CURVE_WITH_KNOTS ( 'NONE', 3,
 ( #1494, #5157, #2688, #2223, #5243, #5277, #601, #2332, #1852, #3155, #4827, #1825, #1415, #994, #1930, #1465, #4315, #3971, #1087, #5184 ),
 .UNSPECIFIED., .F., .F.,
 ( 4, 2, 2, 2, 2, 2, 2, 2, 2, 4 ),
 ( 0.003908493778160049281, 0.004396944493550045303, 0.004885395208940041326, 0.005373845924330037348, 0.005862296639720033370, 0.006350747355110028525, 0.006594972712805026102, 0.006839198070500023680, 0.007327648785890025773, 0.007816099501280029602 ),
 .UNSPECIFIED. ) ;
#5297 = LINE ( 'NONE', #1544, #4966 ) ;
#5298 = LINE ( 'NONE', #4519, #1740 ) ;
#5299 = CARTESIAN_POINT ( 'NONE',  ( 14.90000000000000036, 0.000000000000000000, 0.000000000000000000 ) ) ;
#5300 = EDGE_CURVE ( 'NONE', #928, #4793, #1598, .T. ) ;
#5301 = DIRECTION ( 'NONE',  ( 0.000000000000000000, 0.2588190451025206840, 0.9659258262890683122 ) ) ;
#5302 =( NAMED_UNIT ( * ) PLANE_ANGLE_UNIT ( ) SI_UNIT ( $, .RADIAN. ) );
#5303 = CARTESIAN_POINT ( 'NONE',  ( 2.000000000000000000, 2.829630692961871892E-13, -28.24999999999999645 ) ) ;
#5304 = VERTEX_POINT ( 'NONE', #984 ) ;
#5305 = FILL_AREA_STYLE_COLOUR ( '', #1411 ) ;
#5306 = FILL_AREA_STYLE ('',( #1498 ) ) ;
#5307 = CARTESIAN_POINT ( 'NONE',  ( 17.67536878276450096, 28.64106686839575389, -8.926900041063198898 ) ) ;
#5308 = FACE_OUTER_BOUND ( 'NONE', #3, .T. ) ;
#5309 = CARTESIAN_POINT ( 'NONE',  ( 6.342152031970310411, 6.964241951367603711, 29.18051865685099955 ) ) ;
#5310 = EDGE_LOOP ( 'NONE', ( #3794, #3173, #1263, #2027 ) ) ;
#5311 = DIRECTION ( 'NONE',  ( 0.000000000000000000, 0.000000000000000000, -1.000000000000000000 ) ) ;
#5312 = MECHANICAL_DESIGN_GEOMETRIC_PRESENTATION_REPRESENTATION (  '', ( #3546 ), #1203 ) ;
#5313 = FILL_AREA_STYLE_COLOUR ( '', #4125 ) ;
#5314 = CIRCLE ( 'NONE', #5396, 29.75000000000000000 ) ;
#5315 = DIRECTION ( 'NONE',  ( 0.000000000000000000, 0.000000000000000000, -1.000000000000000000 ) ) ;
#5316 = DIRECTION ( 'NONE',  ( 0.000000000000000000, 0.01745240643730017541, 0.9998476951563909365 ) ) ;
#5317 =( GEOMETRIC_REPRESENTATION_CONTEXT ( 3 ) GLOBAL_UNCERTAINTY_ASSIGNED_CONTEXT ( ( #4520 ) ) GLOBAL_UNIT_ASSIGNED_CONTEXT ( ( #3394, #3881, #3472 ) ) REPRESENTATION_CONTEXT ( 'NONE', 'WORKASPACE' ) );
#5318 = VERTEX_POINT ( 'NONE', #4362 ) ;
#5319 = CARTESIAN_POINT ( 'NONE',  ( 83.79999999999999716, 1.764298315826923425, 28.94628216974726342 ) ) ;
#5320 = AXIS2_PLACEMENT_3D ( 'NONE', #1248, #4156, #400 ) ;
#5321 = ORIENTED_EDGE ( 'NONE', *, *, #3545, .F. ) ;
#5322 = EDGE_CURVE ( 'NONE', #3659, #3947, #4469, .T. ) ;
#5323 = CARTESIAN_POINT ( 'NONE',  ( 2.500000000000000000, 0.000000000000000000, 0.000000000000000000 ) ) ;
#5324 = AXIS2_PLACEMENT_3D ( 'NONE', #887, #3006, #962 ) ;
#5325 =( NAMED_UNIT ( * ) PLANE_ANGLE_UNIT ( ) SI_UNIT ( $, .RADIAN. ) );
#5326 = AXIS2_PLACEMENT_3D ( 'NONE', #4669, #3846, #1805 ) ;
#5327 = DIRECTION ( 'NONE',  ( 0.000000000000000000, 0.000000000000000000, 1.000000000000000000 ) ) ;
#5328 = MECHANICAL_DESIGN_GEOMETRIC_PRESENTATION_REPRESENTATION (  '', ( #4614 ), #2353 ) ;
#5329 = EDGE_CURVE ( 'NONE', #2269, #5229, #4195, .T. ) ;
#5330 = LINE ( 'NONE', #4031, #2506 ) ;
#5331 = CARTESIAN_POINT ( 'NONE',  ( 5.400000000000001243, -25.33319957161919689, -16.06950526508246213 ) ) ;
#5332 = DIRECTION ( 'NONE',  ( -1.000000000000000000, -0.000000000000000000, -0.000000000000000000 ) ) ;
#5333 = ORIENTED_EDGE ( 'NONE', *, *, #4950, .T. ) ;
#5334 = CARTESIAN_POINT ( 'NONE',  ( 4.307558886074661864, 26.28998143082371897, 14.45198223091622403 ) ) ;
#5335 = VECTOR ( 'NONE', #4207, 1000.000000000000227 ) ;
#5336 =( NAMED_UNIT ( * ) SI_UNIT ( $, .STERADIAN. ) SOLID_ANGLE_UNIT ( ) );
#5337 = CIRCLE ( 'NONE', #592, 0.9999999999991850963 ) ;
#5338 = EDGE_CURVE ( 'NONE', #3412, #4174, #290, .T. ) ;
#5339 = CARTESIAN_POINT ( 'NONE',  ( 5.400000000000000355, -5.823428514806961331, -21.73333109150397746 ) ) ;
#5340 = DIRECTION ( 'NONE',  ( 0.000000000000000000, 0.8660254037844433705, 0.4999999999999917288 ) ) ;
#5341 = ORIENTED_EDGE ( 'NONE', *, *, #5459, .T. ) ;
#5342 = CYLINDRICAL_SURFACE ( 'NONE', #2730, 1.249999999999988454 ) ;
#5343 =( GEOMETRIC_REPRESENTATION_CONTEXT ( 3 ) GLOBAL_UNCERTAINTY_ASSIGNED_CONTEXT ( ( #2214 ) ) GLOBAL_UNIT_ASSIGNED_CONTEXT ( ( #2414, #309, #4496 ) ) REPRESENTATION_CONTEXT ( 'NONE', 'WORKASPACE' ) );
#5344 = STYLED_ITEM ( 'NONE', ( #2097 ), #3315 ) ;
#5345 =( NAMED_UNIT ( * ) PLANE_ANGLE_UNIT ( ) SI_UNIT ( $, .RADIAN. ) );
#5346 = CARTESIAN_POINT ( 'NONE',  ( 5.400000000000000355, -7.030835797668282261, -21.40980728512581521 ) ) ;
#5347 = ORIENTED_EDGE ( 'NONE', *, *, #4578, .T. ) ;
#5348 = CARTESIAN_POINT ( 'NONE',  ( 17.36992144785137526, 25.41762750741847654, 15.93575088777017612 ) ) ;
#5349 = DIRECTION ( 'NONE',  ( 0.000000000000000000, 0.9659258262890653146, -0.2588190451025313976 ) ) ;
#5350 = STYLED_ITEM ( 'NONE', ( #2257 ), #3583 ) ;
#5351 = ORIENTED_EDGE ( 'NONE', *, *, #1682, .T. ) ;
#5352 = AXIS2_PLACEMENT_3D ( 'NONE', #1856, #3097, #4769 ) ;
#5353 = CARTESIAN_POINT ( 'NONE',  ( 6.167943080898842467, 14.12604845931457653, -26.46635652257832305 ) ) ;
#5354 = AXIS2_PLACEMENT_3D ( 'NONE', #1437, #569, #2250 ) ;
#5355 = DIRECTION ( 'NONE',  ( -1.000000000000000000, 0.000000000000000000, 0.000000000000000000 ) ) ;
#5356 = UNCERTAINTY_MEASURE_WITH_UNIT (LENGTH_MEASURE( 1.000000000000000082E-05 ), #930, 'distance_accuracy_value', 'NONE');
#5357 = CARTESIAN_POINT ( 'NONE',  ( 19.08541668974977767, -7.158886994710043972, -29.13339924114530177 ) ) ;
#5358 = DIRECTION ( 'NONE',  ( 0.000000000000000000, -1.000000000000000000, -4.205390244792260029E-15 ) ) ;
#5359 = EDGE_CURVE ( 'NONE', #1144, #1264, #340, .T. ) ;
#5360 = STYLED_ITEM ( 'NONE', ( #745 ), #5248 ) ;
#5361 = LINE ( 'NONE', #692, #3060 ) ;
#5362 = CARTESIAN_POINT ( 'NONE',  ( 18.00000000000000355, -19.48557158515001930, -11.24999999999974953 ) ) ;
#5363 = ORIENTED_EDGE ( 'NONE', *, *, #4334, .T. ) ;
#5364 = CARTESIAN_POINT ( 'NONE',  ( 5.318413767684621263, 26.58319957161903702, 13.90444175562161711 ) ) ;
#5365 = CIRCLE ( 'NONE', #4202, 30.00000000000000000 ) ;
#5366 = ADVANCED_FACE ( 'NONE', ( #707 ), #4475, .F. ) ;
#5367 = DIRECTION ( 'NONE',  ( -0.000000000000000000, 0.9659258262890680902, -0.2588190451025211281 ) ) ;
#5368 = FACE_OUTER_BOUND ( 'NONE', #2074, .T. ) ;
#5369 = EDGE_LOOP ( 'NONE', ( #5376, #973 ) ) ;
#5370 =( LENGTH_UNIT ( ) NAMED_UNIT ( * ) SI_UNIT ( .MILLI., .METRE. ) );
#5371 = SURFACE_SIDE_STYLE ('',( #4093 ) ) ;
#5372 = ADVANCED_FACE ( 'NONE', ( #5288 ), #354, .F. ) ;
#5373 = VERTEX_POINT ( 'NONE', #1969 ) ;
#5374 = CARTESIAN_POINT ( 'NONE',  ( 5.235554828642887237, 13.91169403962753748, -26.57940978748104399 ) ) ;
#5375 = VERTEX_POINT ( 'NONE', #1565 ) ;
#5376 = ORIENTED_EDGE ( 'NONE', *, *, #659, .F. ) ;
#5377 = CARTESIAN_POINT ( 'NONE',  ( 5.399999999999369749, 13.90444175561530926, -26.58319957162232683 ) ) ;
#5378 = FACE_OUTER_BOUND ( 'NONE', #2212, .T. ) ;
#5379 = DIRECTION ( 'NONE',  ( -1.000000000000000000, -0.000000000000000000, -0.000000000000000000 ) ) ;
#5380 = ORIENTED_EDGE ( 'NONE', *, *, #3407, .T. ) ;
#5381 =( NAMED_UNIT ( * ) PLANE_ANGLE_UNIT ( ) SI_UNIT ( $, .RADIAN. ) );
#5382 = FACE_OUTER_BOUND ( 'NONE', #2782, .T. ) ;
#5383 = CARTESIAN_POINT ( 'NONE',  ( 2.000000000000000000, -27.00000000000000000, 0.000000000000000000 ) ) ;
#5384 = CARTESIAN_POINT ( 'NONE',  ( 2.000000000000000000, -9.426999614876460059E-14, 28.24999999999999645 ) ) ;
#5385 = VERTEX_POINT ( 'NONE', #4926 ) ;
#5386 = EDGE_CURVE ( 'NONE', #3018, #3416, #3251, .T. ) ;
#5387 =( NAMED_UNIT ( * ) PLANE_ANGLE_UNIT ( ) SI_UNIT ( $, .RADIAN. ) );
#5388 =( NAMED_UNIT ( * ) PLANE_ANGLE_UNIT ( ) SI_UNIT ( $, .RADIAN. ) );
#5389 =( NAMED_UNIT ( * ) PLANE_ANGLE_UNIT ( ) SI_UNIT ( $, .RADIAN. ) );
#5390 = CARTESIAN_POINT ( 'NONE',  ( 18.00000000000000000, -10.87446211310772881, 18.83512088488550518 ) ) ;
#5391 = ORIENTED_EDGE ( 'NONE', *, *, #4109, .F. ) ;
#5392 = EDGE_CURVE ( 'NONE', #1479, #2218, #2045, .T. ) ;
#5393 = DIRECTION ( 'NONE',  ( 0.000000000000000000, 0.000000000000000000, -1.000000000000000000 ) ) ;
#5394 = VERTEX_POINT ( 'NONE', #2432 ) ;
#5395 = MECHANICAL_DESIGN_GEOMETRIC_PRESENTATION_REPRESENTATION (  '', ( #4956 ), #4867 ) ;
#5396 = AXIS2_PLACEMENT_3D ( 'NONE', #4089, #4891, #3162 ) ;
#5397 = ORIENTED_EDGE ( 'NONE', *, *, #3648, .T. ) ;
#5398 = DIRECTION ( 'NONE',  ( -1.000000000000000000, -0.000000000000000000, -0.000000000000000000 ) ) ;
#5399 = DIRECTION ( 'NONE',  ( -1.000000000000000000, -0.000000000000000000, -0.000000000000000000 ) ) ;
#5400 = UNCERTAINTY_MEASURE_WITH_UNIT (LENGTH_MEASURE( 1.000000000000000082E-05 ), #3186, 'distance_accuracy_value', 'NONE');
#5401 = CARTESIAN_POINT ( 'NONE',  ( 18.32923724168479040, -6.582857220042481750, -29.26892376723203171 ) ) ;
#5402 = VECTOR ( 'NONE', #2492, 1000.000000000000000 ) ;
#5403 = PRESENTATION_LAYER_ASSIGNMENT (  '', '', ( #3111 ) ) ;
#5404 = CIRCLE ( 'NONE', #1292, 1.249999999999997558 ) ;
#5405 = AXIS2_PLACEMENT_3D ( 'NONE', #3610, #1888, #2738 ) ;
#5406 = CARTESIAN_POINT ( 'NONE',  ( 17.99999999999937117, 13.90444175561530926, -26.58319957162232328 ) ) ;
#5407 = FACE_OUTER_BOUND ( 'NONE', #291, .T. ) ;
#5408 = LINE ( 'NONE', #289, #1379 ) ;
#5409 = ORIENTED_EDGE ( 'NONE', *, *, #3707, .F. ) ;
#5410 = CARTESIAN_POINT ( 'NONE',  ( 83.79999999999999716, 1.977889662261882897, 10.91274266551904759 ) ) ;
#5411 = CARTESIAN_POINT ( 'NONE',  ( 2.000000000000000000, -19.09188309203661404, -19.09188309203694800 ) ) ;
#5412 = VECTOR ( 'NONE', #1679, 1000.000000000000114 ) ;
#5413 = ORIENTED_EDGE ( 'NONE', *, *, #3477, .T. ) ;
#5414 = CYLINDRICAL_SURFACE ( 'NONE', #2931, 1.249999999999986899 ) ;
#5415 = CARTESIAN_POINT ( 'NONE',  ( 17.36992144785137171, -6.704699256127652163, -29.24125428821113104 ) ) ;
#5416 = CARTESIAN_POINT ( 'NONE',  ( 5.400000000000000355, 25.98076211353324538, 14.99999999999984723 ) ) ;
#5417 = SURFACE_STYLE_FILL_AREA ( #4976 ) ;
#5418 = CARTESIAN_POINT ( 'NONE',  ( 5.075368782764495101, -28.64106686839575389, 8.926900041063198898 ) ) ;
#5419 =( GEOMETRIC_REPRESENTATION_CONTEXT ( 3 ) GLOBAL_UNCERTAINTY_ASSIGNED_CONTEXT ( ( #284 ) ) GLOBAL_UNIT_ASSIGNED_CONTEXT ( ( #683, #4492, #4459 ) ) REPRESENTATION_CONTEXT ( 'NONE', 'WORKASPACE' ) );
#5420 = EDGE_CURVE ( 'NONE', #4632, #944, #3685, .T. ) ;
#5421 = DIRECTION ( 'NONE',  ( -0.000000000000000000, -0.9659258262890682012, 0.2588190451025211836 ) ) ;
#5422 =( NAMED_UNIT ( * ) PLANE_ANGLE_UNIT ( ) SI_UNIT ( $, .RADIAN. ) );
#5423 = ORIENTED_EDGE ( 'NONE', *, *, #2309, .F. ) ;
#5424 = DIRECTION ( 'NONE',  ( -1.000000000000000000, -0.000000000000000000, -0.000000000000000000 ) ) ;
#5425 =( GEOMETRIC_REPRESENTATION_CONTEXT ( 3 ) GLOBAL_UNCERTAINTY_ASSIGNED_CONTEXT ( ( #3419 ) ) GLOBAL_UNIT_ASSIGNED_CONTEXT ( ( #3379, #13, #1722 ) ) REPRESENTATION_CONTEXT ( 'NONE', 'WORKASPACE' ) );
#5426 = ORIENTED_EDGE ( 'NONE', *, *, #4439, .F. ) ;
#5427 = EDGE_CURVE ( 'NONE', #4429, #5304, #162, .T. ) ;
#5428 = VECTOR ( 'NONE', #658, 1000.000000000000227 ) ;
#5429 = ORIENTED_EDGE ( 'NONE', *, *, #3438, .F. ) ;
#5430 = EDGE_LOOP ( 'NONE', ( #1651, #3051, #4158, #1341, #1135, #4799 ) ) ;
#5431 = CARTESIAN_POINT ( 'NONE',  ( 5.400000000000000355, -21.73333109150403786, 5.823428514806733958 ) ) ;
#5432 = PRESENTATION_STYLE_ASSIGNMENT (( #392 ) ) ;
#5433 = CONICAL_SURFACE ( 'NONE', #4460, 1.249999999999986899, 1.029744258676642099 ) ;
#5434 = EDGE_CURVE ( 'NONE', #5269, #4968, #4017, .T. ) ;
#5435 = STYLED_ITEM ( 'NONE', ( #4751 ), #3494 ) ;
#5436 = CARTESIAN_POINT ( 'NONE',  ( 17.83479994660072165, -16.06950526508273569, 25.33319957161903346 ) ) ;
#5437 = CARTESIAN_POINT ( 'NONE',  ( 18.00000000000000355, -26.60576211353333065, -13.91746824526912185 ) ) ;
#5438 = ORIENTED_EDGE ( 'NONE', *, *, #205, .F. ) ;
#5439 = SURFACE_STYLE_FILL_AREA ( #1327 ) ;
#5440 =( LENGTH_UNIT ( ) NAMED_UNIT ( * ) SI_UNIT ( .MILLI., .METRE. ) );
#5441 = VECTOR ( 'NONE', #2288, 1000.000000000000227 ) ;
#5442 = VECTOR ( 'NONE', #4914, 1000.000000000000114 ) ;
#5443 = DIRECTION ( 'NONE',  ( -1.000000000000000000, -0.000000000000000000, -0.000000000000000000 ) ) ;
#5444 = CARTESIAN_POINT ( 'NONE',  ( 18.00000000000000355, -21.73333109150403786, 5.823428514806733958 ) ) ;
#5445 = ORIENTED_EDGE ( 'NONE', *, *, #3033, .T. ) ;
#5446 = SURFACE_STYLE_USAGE ( .BOTH. , #4506 ) ;
#5447 = LINE ( 'NONE', #1188, #1138 ) ;
#5448 = CARTESIAN_POINT ( 'NONE',  ( 5.072695946143315204, -6.582207970256936491, -29.26907041057557990 ) ) ;
#5449 = DIRECTION ( 'NONE',  ( -1.000000000000000000, -0.000000000000000000, -0.000000000000000000 ) ) ;
#5450 = ORIENTED_EDGE ( 'NONE', *, *, #2904, .F. ) ;
#5451 = CARTESIAN_POINT ( 'NONE',  ( 17.37019887523397443, 26.50966019013372943, 14.04428208010049772 ) ) ;
#5452 = ORIENTED_EDGE ( 'NONE', *, *, #4619, .F. ) ;
#5453 = EDGE_CURVE ( 'NONE', #1283, #3502, #3504, .T. ) ;
#5454 = VERTEX_POINT ( 'NONE', #3734 ) ;
#5455 = VERTEX_POINT ( 'NONE', #3408 ) ;
#5456 = CARTESIAN_POINT ( 'NONE',  ( 5.400000000000000355, -21.40980728512588982, 7.030835797668055775 ) ) ;
#5457 = CARTESIAN_POINT ( 'NONE',  ( 5.400000000000000355, -12.33253175473049623, 18.86057158514990917 ) ) ;
#5458 = UNCERTAINTY_MEASURE_WITH_UNIT (LENGTH_MEASURE( 1.000000000000000082E-05 ), #2395, 'distance_accuracy_value', 'NONE');
#5459 = EDGE_CURVE ( 'NONE', #420, #521, #4382, .T. ) ;
#5460 = CARTESIAN_POINT ( 'NONE',  ( 18.00000000000000000, 18.83512088488554426, 10.87446211310765953 ) ) ;
ENDSEC;
END-ISO-10303-21;
