ISO-10303-21;
HEADER;
FILE_DESCRIPTION (( 'STEP AP214' ),
    '1' );
FILE_NAME ('10¹Ø½Ú-20260520.STEP',
    '2026-05-21T08:40:38',
    ( '' ),
    ( '' ),
    'SwSTEP 2.0',
    'SolidWorks 2024',
    '' );
FILE_SCHEMA (( 'AUTOMOTIVE_DESIGN' ));
ENDSEC;

DATA;
#1 = CARTESIAN_POINT ( 'NONE',  ( -14.60175503149943488, 14.60175503149938336, 59.00000000000001421 ) ) ;
#2 = CARTESIAN_POINT ( 'NONE',  ( -7.014706370123120038, -20.55631959837618439, 64.00000000000000000 ) ) ;
#3 = EDGE_CURVE ( 'NONE', #252, #3330, #125, .T. ) ;
#4 = UNCERTAINTY_MEASURE_WITH_UNIT (LENGTH_MEASURE( 1.000000000000000082E-05 ), #3326, 'distance_accuracy_value', 'NONE');
#5 = FILL_AREA_STYLE_COLOUR ( '', #1971 ) ;
#6 = CARTESIAN_POINT ( 'NONE',  ( -15.32653948222926132, 13.87697058077516132, 47.50000000000000000 ) ) ;
#7 = ORIENTED_EDGE ( 'NONE', *, *, #1378, .T. ) ;
#8 = VECTOR ( 'NONE', #2116, 1000.000000000000114 ) ;
#9 = DIRECTION ( 'NONE',  ( -0.7071067811865504593, 0.7071067811865445751, 0.000000000000000000 ) ) ;
#10 = CARTESIAN_POINT ( 'NONE',  ( 16.93802074834524518, 18.38758964977808930, 58.86456462869394102 ) ) ;
#11 = CARTESIAN_POINT ( 'NONE',  ( -18.11664750846009753, 17.22777569394637354, 48.32090264345643504 ) ) ;
#12 = B_SPLINE_CURVE_WITH_KNOTS ( 'NONE', 3,
 ( #4286, #1376, #3450, #222, #636, #1772, #5065, #2618, #3388, #3874, #2159, #4631, #1793, #2181, #4718, #2234 ),
 .UNSPECIFIED., .F., .F.,
 ( 4, 2, 2, 2, 2, 2, 2, 4 ),
 ( 1.736370483445640675E-18, 0.0004005359259930537600, 0.0008010718519861057853, 0.001201607777979157811, 0.001602143703972209836, 0.002002679629965261644, 0.002403215555958313886, 0.003204287407944417937 ),
 .UNSPECIFIED. ) ;
#13 = AXIS2_PLACEMENT_3D ( 'NONE', #3613, #5261, #43 ) ;
#14 =( NAMED_UNIT ( * ) SI_UNIT ( $, .STERADIAN. ) SOLID_ANGLE_UNIT ( ) );
#15 = DIRECTION ( 'NONE',  ( 0.7071067811865431318, 0.7071067811865516806, 0.000000000000000000 ) ) ;
#16 = ORIENTED_EDGE ( 'NONE', *, *, #3144, .F. ) ;
#17 = FACE_OUTER_BOUND ( 'NONE', #1122, .T. ) ;
#18 = PRESENTATION_LAYER_ASSIGNMENT (  '', '', ( #5204 ) ) ;
#19 = ORIENTED_EDGE ( 'NONE', *, *, #5242, .T. ) ;
#20 = DIRECTION ( 'NONE',  ( -0.000000000000000000, -0.000000000000000000, 1.000000000000000000 ) ) ;
#21 = SURFACE_SIDE_STYLE ('',( #1985 ) ) ;
#22 = AXIS2_PLACEMENT_3D ( 'NONE', #674, #4077, #3696 ) ;
#23 = B_SPLINE_CURVE_WITH_KNOTS ( 'NONE', 3,
 ( #4564, #42, #3282, #874, #1639, #2105, #828, #2871, #68, #2055, #2945, #525, #150, #2482, #2430, #4070 ),
 .UNSPECIFIED., .F., .F.,
 ( 4, 2, 2, 2, 2, 2, 2, 4 ),
 ( 0.000000000000000000, 0.0004005359238993904097, 0.0008010718477987808193, 0.001201607771698171229, 0.001602143695597561639, 0.002002679619496951832, 0.002403215543396342458, 0.003204287391195128048 ),
 .UNSPECIFIED. ) ;
#24 = EDGE_CURVE ( 'NONE', #4224, #2763, #4356, .T. ) ;
#25 = CARTESIAN_POINT ( 'NONE',  ( 24.98670175466626375, 0.8209026825100635971, 46.87147276201316970 ) ) ;
#26 = ORIENTED_EDGE ( 'NONE', *, *, #4437, .T. ) ;
#27 = DIRECTION ( 'NONE',  ( -1.000000000000000000, -0.000000000000000000, -0.000000000000000000 ) ) ;
#28 =( NAMED_UNIT ( * ) PLANE_ANGLE_UNIT ( ) SI_UNIT ( $, .RADIAN. ) );
#29 = DIRECTION ( 'NONE',  ( -0.000000000000000000, -0.000000000000000000, -1.000000000000000000 ) ) ;
#30 = CARTESIAN_POINT ( 'NONE',  ( -0.8209026825098019176, 24.98670175466627796, 58.37147276201319102 ) ) ;
#31 = FILL_AREA_STYLE ('',( #2016 ) ) ;
#32 = DIRECTION ( 'NONE',  ( -0.000000000000000000, -0.000000000000000000, -1.000000000000000000 ) ) ;
#33 = SURFACE_STYLE_FILL_AREA ( #3197 ) ;
#34 = SURFACE_SIDE_STYLE ('',( #2080 ) ) ;
#35 = CYLINDRICAL_SURFACE ( 'NONE', #2246, 1.500000000000001332 ) ;
#36 = ORIENTED_EDGE ( 'NONE', *, *, #2054, .F. ) ;
#37 = SURFACE_STYLE_FILL_AREA ( #1298 ) ;
#38 = DIRECTION ( 'NONE',  ( 0.000000000000000000, 0.000000000000000000, 1.000000000000000000 ) ) ;
#39 = ORIENTED_EDGE ( 'NONE', *, *, #3619, .T. ) ;
#40 = DIRECTION ( 'NONE',  ( 0.7071067811865389130, 0.7071067811865561215, 0.000000000000000000 ) ) ;
#41 = ADVANCED_FACE ( 'NONE', ( #3183 ), #1082, .T. ) ;
#42 = CARTESIAN_POINT ( 'NONE',  ( 18.38758964977767008, 16.93802074834569282, 59.13543537130608740 ) ) ;
#43 = DIRECTION ( 'NONE',  ( -4.625929269271486900E-15, 1.000000000000000000, 0.000000000000000000 ) ) ;
#44 = MECHANICAL_DESIGN_GEOMETRIC_PRESENTATION_REPRESENTATION (  '', ( #2827 ), #557 ) ;
#45 =( NAMED_UNIT ( * ) SI_UNIT ( $, .STERADIAN. ) SOLID_ANGLE_UNIT ( ) );
#46 = ORIENTED_EDGE ( 'NONE', *, *, #4328, .T. ) ;
#47 = SURFACE_STYLE_USAGE ( .BOTH. , #5001 ) ;
#48 = ORIENTED_EDGE ( 'NONE', *, *, #4046, .T. ) ;
#49 = DIRECTION ( 'NONE',  ( 1.000000000000000000, 0.000000000000000000, 0.000000000000000000 ) ) ;
#51 = STYLED_ITEM ( 'NONE', ( #2119 ), #4362 ) ;
#50 = CARTESIAN_POINT ( 'NONE',  ( -20.65000000000000924, -8.728703347107833388E-14, 47.50000000000000000 ) ) ;
#52 = VECTOR ( 'NONE', #2544, 1000.000000000000000 ) ;
#53 = LINE ( 'NONE', #2499, #2236 ) ;
#54 = CARTESIAN_POINT ( 'NONE',  ( -0.1354353691713811314, 25.00000000000000000, 60.02500000000001279 ) ) ;
#55 = VECTOR ( 'NONE', #571, 999.9999999999998863 ) ;
#56 = DIRECTION ( 'NONE',  ( 0.8571673007021124446, 0.000000000000000000, 0.5150380749100539335 ) ) ;
#57 = CARTESIAN_POINT ( 'NONE',  ( -19.05631959837609202, -8.514706370123338530, 62.00000000000000000 ) ) ;
#58 = VECTOR ( 'NONE', #1529, 1000.000000000000000 ) ;
#59 = UNCERTAINTY_MEASURE_WITH_UNIT (LENGTH_MEASURE( 1.000000000000000082E-05 ), #4482, 'distance_accuracy_value', 'NONE');
#60 =( LENGTH_UNIT ( ) NAMED_UNIT ( * ) SI_UNIT ( .MILLI., .METRE. ) );
#61 = FILL_AREA_STYLE ('',( #408 ) ) ;
#62 = DIRECTION ( 'NONE',  ( 0.000000000000000000, 1.000000000000000000, 0.000000000000000000 ) ) ;
#63 = VERTEX_POINT ( 'NONE', #3917 ) ;
#64 = MECHANICAL_DESIGN_GEOMETRIC_PRESENTATION_REPRESENTATION (  '', ( #5251 ), #737 ) ;
#65 = DIRECTION ( 'NONE',  ( -0.000000000000000000, -0.000000000000000000, 1.000000000000000000 ) ) ;
#66 = DIRECTION ( 'NONE',  ( 1.000000000000000000, 0.000000000000000000, 0.000000000000000000 ) ) ;
#67 = CARTESIAN_POINT ( 'NONE',  ( -20.55631959837615241, 8.514706370123194645, 58.00000000000000000 ) ) ;
#68 = CARTESIAN_POINT ( 'NONE',  ( 17.77269653572399477, 17.58263722810983865, 60.02490867121291274 ) ) ;
#69 = AXIS2_PLACEMENT_3D ( 'NONE', #3333, #2529, #1750 ) ;
#70 = ADVANCED_FACE ( 'NONE', ( #3565 ), #683, .F. ) ;
#71 = FILL_AREA_STYLE ('',( #4917 ) ) ;
#72 =( GEOMETRIC_REPRESENTATION_CONTEXT ( 3 ) GLOBAL_UNCERTAINTY_ASSIGNED_CONTEXT ( ( #5072 ) ) GLOBAL_UNIT_ASSIGNED_CONTEXT ( ( #2596, #256, #5099 ) ) REPRESENTATION_CONTEXT ( 'NONE', 'WORKASPACE' ) );
#73 = CARTESIAN_POINT ( 'NONE',  ( -0.6302543902972043144, 24.99223329972245722, 48.31931789515659403 ) ) ;
#74 = EDGE_LOOP ( 'NONE', ( #3409, #1757, #4766, #3216 ) ) ;
#75 = CARTESIAN_POINT ( 'NONE',  ( -8.514706370123120038, -20.55631959837618439, 62.00000000000000000 ) ) ;
#76 = FILL_AREA_STYLE_COLOUR ( '', #2849 ) ;
#77 = MECHANICAL_DESIGN_GEOMETRIC_PRESENTATION_REPRESENTATION (  '', ( #4235 ), #1995 ) ;
#78 = ADVANCED_FACE ( 'NONE', ( #2348 ), #2330, .F. ) ;
#79 = CARTESIAN_POINT ( 'NONE',  ( -20.55631959837615241, 8.514706370123194645, 58.00000000000000000 ) ) ;
#80 = EDGE_LOOP ( 'NONE', ( #1969, #260, #2874 ) ) ;
#81 = CARTESIAN_POINT ( 'NONE',  ( -18.29954461374703456, 17.03318281924059008, 58.48343421811452458 ) ) ;
#82 = CIRCLE ( 'NONE', #1094, 25.00000000000000000 ) ;
#83 = CARTESIAN_POINT ( 'NONE',  ( 18.38758964977802535, -16.93802074834530913, 47.77087061682097868 ) ) ;
#84 = SURFACE_SIDE_STYLE ('',( #4853 ) ) ;
#85 = B_SPLINE_CURVE_WITH_KNOTS ( 'NONE', 3,
 ( #3119, #380, #1592, #2738, #4888, #4382, #3142, #1973, #4807, #1928, #3206, #413, #1228, #1618, #1562, #1949 ),
 .UNSPECIFIED., .F., .F.,
 ( 4, 2, 2, 2, 2, 2, 2, 4 ),
 ( 0.000000000000000000, 0.0004005359238993892170, 0.0008010718477987784341, 0.001201607771698167760, 0.001602143695597556868, 0.002002679619496945760, 0.002403215543396335519, 0.003204287391195123711 ),
 .UNSPECIFIED. ) ;
#86 = PRESENTATION_STYLE_ASSIGNMENT (( #840 ) ) ;
#87 = FACE_OUTER_BOUND ( 'NONE', #3667, .T. ) ;
#88 = VERTEX_POINT ( 'NONE', #4252 ) ;
#89 = SURFACE_SIDE_STYLE ('',( #4909 ) ) ;
#90 = ORIENTED_EDGE ( 'NONE', *, *, #2647, .F. ) ;
#91 = ADVANCED_FACE ( 'NONE', ( #2673 ), #3078, .F. ) ;
#92 = CARTESIAN_POINT ( 'NONE',  ( -0.2708706130317793392, 25.00000000000000355, 46.47500000000000853 ) ) ;
#93 = DIRECTION ( 'NONE',  ( 0.7071067811865423547, 0.7071067811865525687, 0.000000000000000000 ) ) ;
#94 = FACE_OUTER_BOUND ( 'NONE', #4868, .T. ) ;
#95 = DIRECTION ( 'NONE',  ( 1.000000000000000000, 0.000000000000000000, 0.000000000000000000 ) ) ;
#96 = EDGE_LOOP ( 'NONE', ( #812, #1924, #4795 ) ) ;
#97 = CARTESIAN_POINT ( 'NONE',  ( -0.6302543902972042034, -24.99223329972245722, 46.68068210484341307 ) ) ;
#98 = EDGE_CURVE ( 'NONE', #3283, #3470, #2262, .T. ) ;
#99 = LINE ( 'NONE', #4994, #3240 ) ;
#100 = ORIENTED_EDGE ( 'NONE', *, *, #416, .T. ) ;
#101 = LINE ( 'NONE', #787, #3165 ) ;
#102 = AXIS2_PLACEMENT_3D ( 'NONE', #5135, #1466, #3544 ) ;
#103 = SURFACE_STYLE_FILL_AREA ( #4593 ) ;
#104 = CARTESIAN_POINT ( 'NONE',  ( 16.93802074834563598, -18.38758964977773758, 47.22912913159665038 ) ) ;
#105 = ORIENTED_EDGE ( 'NONE', *, *, #534, .F. ) ;
#106 = DIRECTION ( 'NONE',  ( -0.9702957263878975169, 0.2419218951508569915, 4.131500811681570156E-16 ) ) ;
#107 = CARTESIAN_POINT ( 'NONE',  ( -24.99497086695924608, 0.5165658162314546997, 58.10454700487437663 ) ) ;
#108 = EDGE_CURVE ( 'NONE', #3024, #2876, #613, .T. ) ;
#109 = FILL_AREA_STYLE_COLOUR ( '', #1074 ) ;
#110 = CARTESIAN_POINT ( 'NONE',  ( 1.255262969126026246E-16, 25.00000000000000000, 57.97500000000002984 ) ) ;
#111 = SURFACE_STYLE_FILL_AREA ( #633 ) ;
#112 = ORIENTED_EDGE ( 'NONE', *, *, #485, .F. ) ;
#113 = DIRECTION ( 'NONE',  ( -0.000000000000000000, -0.000000000000000000, 1.000000000000000000 ) ) ;
#114 = DIRECTION ( 'NONE',  ( -0.000000000000000000, -0.000000000000000000, 1.000000000000000000 ) ) ;
#115 = ORIENTED_EDGE ( 'NONE', *, *, #3116, .F. ) ;
#116 = DIRECTION ( 'NONE',  ( -0.5150380751483369934, 1.049727190963280061E-16, -0.8571673005589375283 ) ) ;
#117 = SURFACE_SIDE_STYLE ('',( #4153 ) ) ;
#118 = SURFACE_STYLE_FILL_AREA ( #1016 ) ;
#119 = EDGE_LOOP ( 'NONE', ( #4355, #1521, #1135, #4381 ) ) ;
#120 = CARTESIAN_POINT ( 'NONE',  ( 17.86592197364787538, -17.48783110241187089, 59.99858864051689977 ) ) ;
#121 =( NAMED_UNIT ( * ) SI_UNIT ( $, .STERADIAN. ) SOLID_ANGLE_UNIT ( ) );
#122 = PLANE ( 'NONE',  #145 ) ;
#123 = EDGE_CURVE ( 'NONE', #1874, #3286, #4319, .T. ) ;
#124 = FILL_AREA_STYLE ('',( #3833 ) ) ;
#125 = CIRCLE ( 'NONE', #2469, 1.500000000000000888 ) ;
#126 =( GEOMETRIC_REPRESENTATION_CONTEXT ( 3 ) GLOBAL_UNCERTAINTY_ASSIGNED_CONTEXT ( ( #2423 ) ) GLOBAL_UNIT_ASSIGNED_CONTEXT ( ( #2428, #4935, #2810 ) ) REPRESENTATION_CONTEXT ( 'NONE', 'WORKASPACE' ) );
#127 = CARTESIAN_POINT ( 'NONE',  ( -17.67766952966359284, -17.67766952966378113, 47.50000000000000000 ) ) ;
#128 = ORIENTED_EDGE ( 'NONE', *, *, #1232, .T. ) ;
#129 = CYLINDRICAL_SURFACE ( 'NONE', #220, 1.024999999999994582 ) ;
#130 =( LENGTH_UNIT ( ) NAMED_UNIT ( * ) SI_UNIT ( .MILLI., .METRE. ) );
#131 =( NAMED_UNIT ( * ) SI_UNIT ( $, .STERADIAN. ) SOLID_ANGLE_UNIT ( ) );
#132 = COLOUR_RGB ( '',1.000000000000000000, 1.000000000000000000, 1.000000000000000000 ) ;
#133 = PRESENTATION_STYLE_ASSIGNMENT (( #4226 ) ) ;
#134 =( GEOMETRIC_REPRESENTATION_CONTEXT ( 3 ) GLOBAL_UNCERTAINTY_ASSIGNED_CONTEXT ( ( #328 ) ) GLOBAL_UNIT_ASSIGNED_CONTEXT ( ( #3025, #2628, #3045 ) ) REPRESENTATION_CONTEXT ( 'NONE', 'WORKASPACE' ) );
#135 = STYLED_ITEM ( 'NONE', ( #4873 ), #240 ) ;
#136 = ADVANCED_FACE ( 'NONE', ( #5092 ), #666, .F. ) ;
#137 = PRESENTATION_LAYER_ASSIGNMENT (  '', '', ( #230 ) ) ;
#138 = CONICAL_SURFACE ( 'NONE', #3074, 1.024999999899592229, 1.029744258350855812 ) ;
#139 = AXIS2_PLACEMENT_3D ( 'NONE', #1573, #1955, #4054 ) ;
#140 =( NAMED_UNIT ( * ) SI_UNIT ( $, .STERADIAN. ) SOLID_ANGLE_UNIT ( ) );
#141 = ORIENTED_EDGE ( 'NONE', *, *, #2363, .F. ) ;
#142 = DIRECTION ( 'NONE',  ( 1.156482317317871764E-14, -1.000000000000000000, 0.000000000000000000 ) ) ;
#143 = FILL_AREA_STYLE_COLOUR ( '', #1579 ) ;
#144 =( GEOMETRIC_REPRESENTATION_CONTEXT ( 3 ) GLOBAL_UNCERTAINTY_ASSIGNED_CONTEXT ( ( #2364 ) ) GLOBAL_UNIT_ASSIGNED_CONTEXT ( ( #60, #2021, #2079 ) ) REPRESENTATION_CONTEXT ( 'NONE', 'WORKASPACE' ) );
#145 = AXIS2_PLACEMENT_3D ( 'NONE', #3775, #1364, #2979 ) ;
#146 = VERTEX_POINT ( 'NONE', #1033 ) ;
#147 = CIRCLE ( 'NONE', #2400, 4.000000000000000000 ) ;
#148 = CONICAL_SURFACE ( 'NONE', #3084, 1.024999999891341940, 1.029744258594602169 ) ;
#149 = DIRECTION ( 'NONE',  ( -0.7071067811865560104, 0.7071067811865391350, 0.000000000000000000 ) ) ;
#150 = CARTESIAN_POINT ( 'NONE',  ( 17.22777569394619590, 18.11664750846027516, 59.82090264345647057 ) ) ;
#151 =( GEOMETRIC_REPRESENTATION_CONTEXT ( 3 ) GLOBAL_UNCERTAINTY_ASSIGNED_CONTEXT ( ( #1178 ) ) GLOBAL_UNIT_ASSIGNED_CONTEXT ( ( #2500, #1002, #5007 ) ) REPRESENTATION_CONTEXT ( 'NONE', 'WORKASPACE' ) );
#152 = MECHANICAL_DESIGN_GEOMETRIC_PRESENTATION_REPRESENTATION (  '', ( #1167 ), #4914 ) ;
#153 = ORIENTED_EDGE ( 'NONE', *, *, #2677, .F. ) ;
#154 = CARTESIAN_POINT ( 'NONE',  ( 17.48645794738385106, 17.86726053904567735, 46.50203157787440489 ) ) ;
#155 = PRESENTATION_STYLE_ASSIGNMENT (( #1385 ) ) ;
#156 = VERTEX_POINT ( 'NONE', #1475 ) ;
#157 = AXIS2_PLACEMENT_3D ( 'NONE', #3722, #1700, #3318 ) ;
#158 = CARTESIAN_POINT ( 'NONE',  ( -7.489706370123268009, -20.55631959837612399, 58.00000000000000000 ) ) ;
#159 =( LENGTH_UNIT ( ) NAMED_UNIT ( * ) SI_UNIT ( .MILLI., .METRE. ) );
#160 = ADVANCED_FACE ( 'NONE', ( #3039 ), #5167, .F. ) ;
#161 = EDGE_LOOP ( 'NONE', ( #703, #1862, #2727 ) ) ;
#162 =( NAMED_UNIT ( * ) PLANE_ANGLE_UNIT ( ) SI_UNIT ( $, .RADIAN. ) );
#163 =( LENGTH_UNIT ( ) NAMED_UNIT ( * ) SI_UNIT ( .MILLI., .METRE. ) );
#164 = COLOUR_RGB ( '',1.000000000000000000, 1.000000000000000000, 1.000000000000000000 ) ;
#165 = MECHANICAL_DESIGN_GEOMETRIC_PRESENTATION_REPRESENTATION (  '', ( #1508 ), #1921 ) ;
#166 = ORIENTED_EDGE ( 'NONE', *, *, #5133, .F. ) ;
#167 = CARTESIAN_POINT ( 'NONE',  ( -25.00000000000000000, -8.716150717416573730E-14, 46.47500000000000853 ) ) ;
#168 = CARTESIAN_POINT ( 'NONE',  ( -16.95288507894738572, -18.40245398037998115, 59.00000000000001421 ) ) ;
#169 = EDGE_LOOP ( 'NONE', ( #1525, #2485 ) ) ;
#170 = ADVANCED_FACE ( 'NONE', ( #2728 ), #1472, .F. ) ;
#171 = LINE ( 'NONE', #2556, #4804 ) ;
#172 = CARTESIAN_POINT ( 'NONE',  ( 17.48783110241181760, 17.86592197364792867, 48.49858864051687135 ) ) ;
#173 =( NAMED_UNIT ( * ) SI_UNIT ( $, .STERADIAN. ) SOLID_ANGLE_UNIT ( ) );
#174 = EDGE_CURVE ( 'NONE', #590, #1263, #4504, .T. ) ;
#175 =( NAMED_UNIT ( * ) PLANE_ANGLE_UNIT ( ) SI_UNIT ( $, .RADIAN. ) );
#176 = ORIENTED_EDGE ( 'NONE', *, *, #3824, .T. ) ;
#177 = CARTESIAN_POINT ( 'NONE',  ( 17.22654172550799956, -18.11781462323798664, 59.81934041746395536 ) ) ;
#178 = FILL_AREA_STYLE ('',( #2626 ) ) ;
#179 = ORIENTED_EDGE ( 'NONE', *, *, #1855, .F. ) ;
#180 = SURFACE_STYLE_USAGE ( .BOTH. , #623 ) ;
#181 = FACE_BOUND ( 'NONE', #3902, .T. ) ;
#182 = FACE_OUTER_BOUND ( 'NONE', #3633, .T. ) ;
#183 = DIRECTION ( 'NONE',  ( -0.000000000000000000, -1.000000000000000000, -0.000000000000000000 ) ) ;
#184 = CARTESIAN_POINT ( 'NONE',  ( 0.2683313665700988726, 24.99886811758394245, 46.50166409125331768 ) ) ;
#185 = AXIS2_PLACEMENT_3D ( 'NONE', #1738, #2145, #2546 ) ;
#186 = CARTESIAN_POINT ( 'NONE',  ( 14.60175503150203546, 14.60175503150238896, 59.00000000000001421 ) ) ;
#187 = CARTESIAN_POINT ( 'NONE',  ( -18.38758964977790811, 16.93802074834543347, 59.27087061682098579 ) ) ;
#188 = DIRECTION ( 'NONE',  ( -0.8571673007021127777, 1.049727191138619189E-16, 0.5150380749100533784 ) ) ;
#189 = PRESENTATION_STYLE_ASSIGNMENT (( #2835 ) ) ;
#190 = FILL_AREA_STYLE_COLOUR ( '', #1658 ) ;
#191 = EDGE_CURVE ( 'NONE', #156, #1636, #2563, .T. ) ;
#192 = COLOUR_RGB ( '',1.000000000000000000, 1.000000000000000000, 1.000000000000000000 ) ;
#193 = DIRECTION ( 'NONE',  ( -0.000000000000000000, -0.000000000000000000, 1.000000000000000000 ) ) ;
#194 = EDGE_LOOP ( 'NONE', ( #1467, #3141, #294, #2624 ) ) ;
#195 = DIRECTION ( 'NONE',  ( 1.000000000000000000, 0.000000000000000000, 0.000000000000000000 ) ) ;
#196 = VECTOR ( 'NONE', #5055, 999.9999999999998863 ) ;
#197 = CARTESIAN_POINT ( 'NONE',  ( 24.75000000000000355, 0.000000000000000000, 64.00000000000000000 ) ) ;
#198 = EDGE_CURVE ( 'NONE', #1874, #1927, #718, .T. ) ;
#199 = ORIENTED_EDGE ( 'NONE', *, *, #3214, .T. ) ;
#200 = CARTESIAN_POINT ( 'NONE',  ( 24.98399028843316216, -0.8960261247662236750, 59.51555097381270087 ) ) ;
#201 = DIRECTION ( 'NONE',  ( -0.000000000000000000, -0.000000000000000000, -1.000000000000000000 ) ) ;
#202 = PRESENTATION_STYLE_ASSIGNMENT (( #229 ) ) ;
#203 = VERTEX_POINT ( 'NONE', #2857 ) ;
#204 = PRESENTATION_STYLE_ASSIGNMENT (( #5104 ) ) ;
#205 = ORIENTED_EDGE ( 'NONE', *, *, #1954, .F. ) ;
#206 = LINE ( 'NONE', #1780, #3079 ) ;
#207 = DIRECTION ( 'NONE',  ( 1.000000000000000000, 0.000000000000000000, 0.000000000000000000 ) ) ;
#208 = CYLINDRICAL_SURFACE ( 'NONE', #414, 1.024999999999991251 ) ;
#209 = CARTESIAN_POINT ( 'NONE',  ( 0.5341225688664832383, 24.99502542996518883, 48.41572315336028964 ) ) ;
#210 = COLOUR_RGB ( '',1.000000000000000000, 1.000000000000000000, 1.000000000000000000 ) ;
#211 = FACE_OUTER_BOUND ( 'NONE', #2374, .T. ) ;
#212 = DIRECTION ( 'NONE',  ( 0.000000000000000000, 0.000000000000000000, 1.000000000000000000 ) ) ;
#213 = CARTESIAN_POINT ( 'NONE',  ( 25.00000000000000000, 3.061616997868383043E-15, 50.00000000000000711 ) ) ;
#214 =( NAMED_UNIT ( * ) SI_UNIT ( $, .STERADIAN. ) SOLID_ANGLE_UNIT ( ) );
#215 = CARTESIAN_POINT ( 'NONE',  ( 14.60175503150233922, -14.60175503150208520, 59.00000000000001421 ) ) ;
#216 = VECTOR ( 'NONE', #852, 1000.000000000000000 ) ;
#217 = FILL_AREA_STYLE_COLOUR ( '', #4205 ) ;
#218 = VERTEX_POINT ( 'NONE', #1137 ) ;
#219 = LINE ( 'NONE', #3754, #4500 ) ;
#220 = AXIS2_PLACEMENT_3D ( 'NONE', #5029, #2576, #2038 ) ;
#221 = SURFACE_SIDE_STYLE ('',( #615 ) ) ;
#222 = CARTESIAN_POINT ( 'NONE',  ( 0.5165658162314876733, -24.99497086695924963, 48.39545299512565890 ) ) ;
#223 = PRESENTATION_LAYER_ASSIGNMENT (  '', '', ( #4022 ) ) ;
#224 = EDGE_LOOP ( 'NONE', ( #2913, #2690, #2713, #3982 ) ) ;
#225 = AXIS2_PLACEMENT_3D ( 'NONE', #970, #1813, #5165 ) ;
#226 = ADVANCED_FACE ( 'NONE', ( #344 ), #1231, .F. ) ;
#227 = CARTESIAN_POINT ( 'NONE',  ( 24.99502542996518173, -0.5341225688664122950, 59.91572315336017596 ) ) ;
#228 = UNCERTAINTY_MEASURE_WITH_UNIT (LENGTH_MEASURE( 1.000000000000000082E-05 ), #905, 'distance_accuracy_value', 'NONE');
#229 = SURFACE_STYLE_USAGE ( .BOTH. , #2994 ) ;
#230 = STYLED_ITEM ( 'NONE', ( #2898 ), #4279 ) ;
#231 = ORIENTED_EDGE ( 'NONE', *, *, #1491, .F. ) ;
#232 = AXIS2_PLACEMENT_3D ( 'NONE', #4854, #3495, #3597 ) ;
#233 = AXIS2_PLACEMENT_3D ( 'NONE', #1792, #1036, #4284 ) ;
#234 = SURFACE_SIDE_STYLE ('',( #3804 ) ) ;
#235 = ORIENTED_EDGE ( 'NONE', *, *, #2088, .T. ) ;
#236 = DIRECTION ( 'NONE',  ( 0.000000000000000000, 0.000000000000000000, -1.000000000000000000 ) ) ;
#237 = CARTESIAN_POINT ( 'NONE',  ( 16.95767621547368620, -18.36953639576537611, 47.76833136223815046 ) ) ;
#238 = STYLED_ITEM ( 'NONE', ( #3922 ), #2933 ) ;
#239 = CARTESIAN_POINT ( 'NONE',  ( -8.514706370123120038, -20.55631959837618439, 62.00000000000000000 ) ) ;
#240 = ADVANCED_FACE ( 'NONE', ( #3623 ), #1060, .F. ) ;
#241 = CARTESIAN_POINT ( 'NONE',  ( 24.98400139584353497, 0.8957077204997344611, 59.51590110815803314 ) ) ;
#242 = CONICAL_SURFACE ( 'NONE', #1828, 1.024999999813189344, 1.029744258398665790 ) ;
#243 = CARTESIAN_POINT ( 'NONE',  ( 0.8209026825097974767, 24.98670175466629217, 48.12852723798686583 ) ) ;
#244 = FACE_OUTER_BOUND ( 'NONE', #2644, .T. ) ;
#245 = ORIENTED_EDGE ( 'NONE', *, *, #3562, .T. ) ;
#246 = DIRECTION ( 'NONE',  ( 0.7071067811865406894, 0.7071067811865542341, 0.000000000000000000 ) ) ;
#247 = DIRECTION ( 'NONE',  ( 0.000000000000000000, -0.000000000000000000, 1.000000000000000000 ) ) ;
#248 = EDGE_CURVE ( 'NONE', #4954, #753, #1288, .T. ) ;
#249 = CARTESIAN_POINT ( 'NONE',  ( -25.00000000000000000, 0.000000000000000000, 64.00000000000000000 ) ) ;
#250 = CIRCLE ( 'NONE', #3363, 24.75000000000000355 ) ;
#251 = CARTESIAN_POINT ( 'NONE',  ( 16.93802074834562532, -18.38758964977773047, 59.00000000000001421 ) ) ;
#252 = VERTEX_POINT ( 'NONE', #479 ) ;
#253 = SURFACE_STYLE_FILL_AREA ( #3869 ) ;
#254 = LINE ( 'NONE', #168, #1820 ) ;
#255 = EDGE_LOOP ( 'NONE', ( #291, #1746, #4567, #332 ) ) ;
#256 =( NAMED_UNIT ( * ) PLANE_ANGLE_UNIT ( ) SI_UNIT ( $, .RADIAN. ) );
#257 = SURFACE_STYLE_FILL_AREA ( #3456 ) ;
#258 = CARTESIAN_POINT ( 'NONE',  ( -25.00000000000000000, 0.000000000000000000, 61.50000000000000000 ) ) ;
#259 = EDGE_CURVE ( 'NONE', #3907, #4068, #2906, .T. ) ;
#260 = ORIENTED_EDGE ( 'NONE', *, *, #3475, .T. ) ;
#261 = EDGE_LOOP ( 'NONE', ( #444, #105, #2115, #4715 ) ) ;
#262 =( LENGTH_UNIT ( ) NAMED_UNIT ( * ) SI_UNIT ( .MILLI., .METRE. ) );
#263 = CARTESIAN_POINT ( 'NONE',  ( -17.77171416942601923, -17.58363015780506800, 46.47490914704155074 ) ) ;
#264 = SURFACE_STYLE_FILL_AREA ( #1465 ) ;
#265 = DIRECTION ( 'NONE',  ( -0.000000000000000000, -0.000000000000000000, -1.000000000000000000 ) ) ;
#266 = EDGE_LOOP ( 'NONE', ( #356, #3289 ) ) ;
#267 = DIRECTION ( 'NONE',  ( -0.000000000000000000, 1.000000000000000000, 0.000000000000000000 ) ) ;
#268 = AXIS2_PLACEMENT_3D ( 'NONE', #299, #1893, #4774 ) ;
#269 =( LENGTH_UNIT ( ) NAMED_UNIT ( * ) SI_UNIT ( .MILLI., .METRE. ) );
#270 = EDGE_LOOP ( 'NONE', ( #1800, #3868, #602, #153 ) ) ;
#271 = EDGE_CURVE ( 'NONE', #2926, #4282, #3849, .T. ) ;
#272 = DIRECTION ( 'NONE',  ( 1.000000000000000000, 0.000000000000000000, 0.000000000000000000 ) ) ;
#273 = FACE_BOUND ( 'NONE', #3482, .T. ) ;
#274 = CARTESIAN_POINT ( 'NONE',  ( 0.000000000000000000, 0.000000000000000000, 0.000000000000000000 ) ) ;
#275 = CARTESIAN_POINT ( 'NONE',  ( -18.38758964977778732, -16.93802074834556493, 59.00000000000001421 ) ) ;
#276 = VERTEX_POINT ( 'NONE', #4545 ) ;
#277 = CARTESIAN_POINT ( 'NONE',  ( -0.8957077204995494979, -24.98400139584354918, 46.98409889184212318 ) ) ;
#278 = VECTOR ( 'NONE', #2873, 1000.000000000000000 ) ;
#279 = UNCERTAINTY_MEASURE_WITH_UNIT (LENGTH_MEASURE( 1.000000000000000082E-05 ), #5196, 'distance_accuracy_value', 'NONE');
#280 = FILL_AREA_STYLE_COLOUR ( '', #2668 ) ;
#281 = VECTOR ( 'NONE', #398, 1000.000000000000000 ) ;
#282 = ORIENTED_EDGE ( 'NONE', *, *, #1062, .F. ) ;
#283 = CYLINDRICAL_SURFACE ( 'NONE', #3262, 1.024999999999993694 ) ;
#284 = EDGE_LOOP ( 'NONE', ( #2893, #4633, #3670, #963 ) ) ;
#285 = DIRECTION ( 'NONE',  ( 0.5150380749206701081, 0.000000000000000000, -0.8571673006957336582 ) ) ;
#286 = CARTESIAN_POINT ( 'NONE',  ( -18.03867776399189182, -17.30957853796049406, 46.60397389227474463 ) ) ;
#287 = CYLINDRICAL_SURFACE ( 'NONE', #2944, 1.024999999999991251 ) ;
#288 = ADVANCED_FACE ( 'NONE', ( #1343 ), #129, .F. ) ;
#289 = EDGE_CURVE ( 'NONE', #3015, #4241, #2465, .T. ) ;
#290 = CARTESIAN_POINT ( 'NONE',  ( -7.489706370123271562, -20.55631959837612399, 62.00000000000000000 ) ) ;
#291 = ORIENTED_EDGE ( 'NONE', *, *, #1941, .F. ) ;
#292 = DIRECTION ( 'NONE',  ( 1.000000000000000000, 0.000000000000000000, 0.000000000000000000 ) ) ;
#293 = FILL_AREA_STYLE ('',( #217 ) ) ;
#294 = ORIENTED_EDGE ( 'NONE', *, *, #3717, .T. ) ;
#295 =( NAMED_UNIT ( * ) PLANE_ANGLE_UNIT ( ) SI_UNIT ( $, .RADIAN. ) );
#296 = DIRECTION ( 'NONE',  ( -0.000000000000000000, -0.000000000000000000, -1.000000000000000000 ) ) ;
#297 = DIRECTION ( 'NONE',  ( -0.000000000000000000, -0.000000000000000000, 1.000000000000000000 ) ) ;
#298 = MECHANICAL_DESIGN_GEOMETRIC_PRESENTATION_REPRESENTATION (  '', ( #2557 ), #2297 ) ;
#299 = CARTESIAN_POINT ( 'NONE',  ( 20.65000000000000924, 2.618611004132350143E-13, 47.50000000000000000 ) ) ;
#300 = ORIENTED_EDGE ( 'NONE', *, *, #289, .F. ) ;
#301 = CARTESIAN_POINT ( 'NONE',  ( 25.00000000000000000, 3.061616997868383043E-15, 61.50000000000000000 ) ) ;
#302 = DIRECTION ( 'NONE',  ( -0.000000000000000000, -0.000000000000000000, -1.000000000000000000 ) ) ;
#303 = CIRCLE ( 'NONE', #3760, 1.024999999999998135 ) ;
#304 = STYLED_ITEM ( 'NONE', ( #202 ), #1332 ) ;
#305 = AXIS2_PLACEMENT_3D ( 'NONE', #858, #3321, #3725 ) ;
#306 = EDGE_LOOP ( 'NONE', ( #2302, #1614 ) ) ;
#307 = AXIS2_PLACEMENT_3D ( 'NONE', #1425, #3836, #212 ) ;
#308 = VERTEX_POINT ( 'NONE', #2066 ) ;
#309 = CARTESIAN_POINT ( 'NONE',  ( -17.58263722810965390, 17.77269653572416885, 48.52490867121290563 ) ) ;
#310 = FACE_BOUND ( 'NONE', #4898, .T. ) ;
#311 = MECHANICAL_DESIGN_GEOMETRIC_PRESENTATION_REPRESENTATION (  '', ( #1240 ), #134 ) ;
#312 =( NAMED_UNIT ( * ) SI_UNIT ( $, .STERADIAN. ) SOLID_ANGLE_UNIT ( ) );
#313 =( GEOMETRIC_REPRESENTATION_CONTEXT ( 3 ) GLOBAL_UNCERTAINTY_ASSIGNED_CONTEXT ( ( #3600 ) ) GLOBAL_UNIT_ASSIGNED_CONTEXT ( ( #1939, #715, #1919 ) ) REPRESENTATION_CONTEXT ( 'NONE', 'WORKASPACE' ) );
#314 = CARTESIAN_POINT ( 'NONE',  ( 8.514706370123407808, -20.55631959837606360, 58.00000000000000000 ) ) ;
#315 = EDGE_LOOP ( 'NONE', ( #1764, #3205 ) ) ;
#316 = DIRECTION ( 'NONE',  ( 0.000000000000000000, 0.000000000000000000, 1.000000000000000000 ) ) ;
#317 =( GEOMETRIC_REPRESENTATION_CONTEXT ( 3 ) GLOBAL_UNCERTAINTY_ASSIGNED_CONTEXT ( ( #2317 ) ) GLOBAL_UNIT_ASSIGNED_CONTEXT ( ( #5056, #1500, #1523 ) ) REPRESENTATION_CONTEXT ( 'NONE', 'WORKASPACE' ) );
#318 = EDGE_CURVE ( 'NONE', #1866, #3910, #3508, .T. ) ;
#319 = CONICAL_SURFACE ( 'NONE', #2925, 1.024999999999998135, 1.029744258676655422 ) ;
#320 = DIRECTION ( 'NONE',  ( -0.000000000000000000, -1.000000000000000000, -0.000000000000000000 ) ) ;
#321 = ORIENTED_EDGE ( 'NONE', *, *, #3926, .T. ) ;
#322 = FILL_AREA_STYLE_COLOUR ( '', #3416 ) ;
#323 =( NAMED_UNIT ( * ) PLANE_ANGLE_UNIT ( ) SI_UNIT ( $, .RADIAN. ) );
#324 = VECTOR ( 'NONE', #776, 999.9999999999998863 ) ;
#325 = FACE_OUTER_BOUND ( 'NONE', #1017, .T. ) ;
#326 = FILL_AREA_STYLE ('',( #3959 ) ) ;
#327 = DIRECTION ( 'NONE',  ( 0.000000000000000000, 0.000000000000000000, 1.000000000000000000 ) ) ;
#328 = UNCERTAINTY_MEASURE_WITH_UNIT (LENGTH_MEASURE( 1.000000000000000082E-05 ), #3025, 'distance_accuracy_value', 'NONE');
#329 = SURFACE_STYLE_FILL_AREA ( #3965 ) ;
#330 = ORIENTED_EDGE ( 'NONE', *, *, #4490, .T. ) ;
#331 = STYLED_ITEM ( 'NONE', ( #4439 ), #3660 ) ;
#332 = ORIENTED_EDGE ( 'NONE', *, *, #747, .F. ) ;
#333 = CARTESIAN_POINT ( 'NONE',  ( 25.00000000000000000, 2.619866267101475982E-13, 48.52499999999999147 ) ) ;
#334 = EDGE_CURVE ( 'NONE', #453, #4614, #3964, .T. ) ;
#335 = DIRECTION ( 'NONE',  ( 1.049727191130807001E-16, -0.5150380749206701081, 0.8571673006957336582 ) ) ;
#336 = CARTESIAN_POINT ( 'NONE',  ( -16.95288507894752428, 18.40245398037986746, 59.00000000000001421 ) ) ;
#337 = PRESENTATION_STYLE_ASSIGNMENT (( #1158 ) ) ;
#338 = CARTESIAN_POINT ( 'NONE',  ( 0.000000000000000000, 0.000000000000000000, 61.50000000000000000 ) ) ;
#339 = CARTESIAN_POINT ( 'NONE',  ( 25.00000000000000000, 3.061616997868383043E-15, 64.00000000000000000 ) ) ;
#340 = ORIENTED_EDGE ( 'NONE', *, *, #4490, .F. ) ;
#341 = DIRECTION ( 'NONE',  ( -0.000000000000000000, 1.000000000000000000, 0.000000000000000000 ) ) ;
#342 = PRESENTATION_STYLE_ASSIGNMENT (( #2748 ) ) ;
#343 = ORIENTED_EDGE ( 'NONE', *, *, #4336, .F. ) ;
#344 = FACE_OUTER_BOUND ( 'NONE', #472, .T. ) ;
#345 = FACE_BOUND ( 'NONE', #2143, .T. ) ;
#346 = PRESENTATION_STYLE_ASSIGNMENT (( #3957 ) ) ;
#347 = EDGE_CURVE ( 'NONE', #2167, #218, #2660, .T. ) ;
#348 = FILL_AREA_STYLE_COLOUR ( '', #3003 ) ;
#349 = CARTESIAN_POINT ( 'NONE',  ( 15.32653948208917427, -13.87697058081016444, 59.00000000000001421 ) ) ;
#350 = CARTESIAN_POINT ( 'NONE',  ( -24.98674903070517672, -0.8193404547552897155, 59.63022506219150642 ) ) ;
#351 = VECTOR ( 'NONE', #4708, 1000.000000000000000 ) ;
#352 = EDGE_CURVE ( 'NONE', #1626, #1752, #880, .T. ) ;
#353 = EDGE_CURVE ( 'NONE', #3211, #1327, #4723, .T. ) ;
#354 = DIRECTION ( 'NONE',  ( 0.7071067811865536790, -0.7071067811865413555, 0.000000000000000000 ) ) ;
#355 = ORIENTED_EDGE ( 'NONE', *, *, #123, .T. ) ;
#356 = ORIENTED_EDGE ( 'NONE', *, *, #1703, .T. ) ;
#357 = DIRECTION ( 'NONE',  ( -0.7071067811865487940, 0.7071067811865463515, 0.000000000000000000 ) ) ;
#358 = DIRECTION ( 'NONE',  ( 1.000000000000000000, 0.000000000000000000, 0.000000000000000000 ) ) ;
#359 = ADVANCED_FACE ( 'NONE', ( #17 ), #4470, .F. ) ;
#360 =( NAMED_UNIT ( * ) SI_UNIT ( $, .STERADIAN. ) SOLID_ANGLE_UNIT ( ) );
#361 = FACE_OUTER_BOUND ( 'NONE', #4986, .T. ) ;
#362 = CARTESIAN_POINT ( 'NONE',  ( -16.93802074834536953, -18.38758964977797206, 58.86456462869396233 ) ) ;
#363 = ORIENTED_EDGE ( 'NONE', *, *, #774, .T. ) ;
#364 = SURFACE_STYLE_USAGE ( .BOTH. , #2491 ) ;
#365 = CARTESIAN_POINT ( 'NONE',  ( 25.00000000000000000, 2.619866267101475982E-13, 48.52499999999999147 ) ) ;
#366 = EDGE_LOOP ( 'NONE', ( #1052, #4719, #2082, #141 ) ) ;
#367 = DIRECTION ( 'NONE',  ( 0.8571673007021124446, 0.000000000000000000, 0.5150380749100539335 ) ) ;
#368 = CARTESIAN_POINT ( 'NONE',  ( 8.514706370123267476, -20.55631959837612399, 64.00000000000000000 ) ) ;
#369 = SURFACE_SIDE_STYLE ('',( #2729 ) ) ;
#370 = CARTESIAN_POINT ( 'NONE',  ( 0.000000000000000000, 0.000000000000000000, 50.10000000000000142 ) ) ;
#371 = FACE_OUTER_BOUND ( 'NONE', #1988, .T. ) ;
#372 = LINE ( 'NONE', #865, #2778 ) ;
#373 = CARTESIAN_POINT ( 'NONE',  ( -24.99502542996518173, -0.5341225688665391935, 46.58427684663971036 ) ) ;
#374 = UNCERTAINTY_MEASURE_WITH_UNIT (LENGTH_MEASURE( 1.000000000000000082E-05 ), #4767, 'distance_accuracy_value', 'NONE');
#375 = DIRECTION ( 'NONE',  ( 0.000000000000000000, 0.000000000000000000, 1.000000000000000000 ) ) ;
#376 = ORIENTED_EDGE ( 'NONE', *, *, #3126, .T. ) ;
#377 =( GEOMETRIC_REPRESENTATION_CONTEXT ( 3 ) GLOBAL_UNCERTAINTY_ASSIGNED_CONTEXT ( ( #1850 ) ) GLOBAL_UNIT_ASSIGNED_CONTEXT ( ( #2777, #1917, #2413 ) ) REPRESENTATION_CONTEXT ( 'NONE', 'WORKASPACE' ) );
#378 = DIRECTION ( 'NONE',  ( 0.000000000000000000, 0.000000000000000000, -1.000000000000000000 ) ) ;
#379 = CARTESIAN_POINT ( 'NONE',  ( 19.05631959837603162, 8.514706370123482415, 62.00000000000000000 ) ) ;
#380 = CARTESIAN_POINT ( 'NONE',  ( -18.38758964977778732, -16.93802074834557203, 47.63543537130607319 ) ) ;
#381 = CARTESIAN_POINT ( 'NONE',  ( 0.000000000000000000, -20.65000000000000924, 59.00000000000001421 ) ) ;
#382 = VECTOR ( 'NONE', #3636, 1000.000000000000114 ) ;
#383 = AXIS2_PLACEMENT_3D ( 'NONE', #1593, #1103, #3539 ) ;
#384 = AXIS2_PLACEMENT_3D ( 'NONE', #421, #2819, #4893 ) ;
#385 = CARTESIAN_POINT ( 'NONE',  ( -17.48783110241193484, -17.86592197364780787, 59.99858864051689977 ) ) ;
#386 = COLOUR_RGB ( '',1.000000000000000000, 1.000000000000000000, 1.000000000000000000 ) ;
#387 = VECTOR ( 'NONE', #193, 1000.000000000000000 ) ;
#388 = VERTEX_POINT ( 'NONE', #4464 ) ;
#389 = CARTESIAN_POINT ( 'NONE',  ( -17.08895494857519992, -18.24764547299873740, 58.36974565204986476 ) ) ;
#390 = ORIENTED_EDGE ( 'NONE', *, *, #432, .F. ) ;
#391 = PRESENTATION_STYLE_ASSIGNMENT (( #4847 ) ) ;
#392 = AXIS2_PLACEMENT_3D ( 'NONE', #3386, #1890, #4322 ) ;
#393 = VECTOR ( 'NONE', #1761, 1000.000000000000227 ) ;
#394 = AXIS2_PLACEMENT_3D ( 'NONE', #948, #1507, #2732 ) ;
#395 = CARTESIAN_POINT ( 'NONE',  ( 16.95288507894764862, -18.40245398037974667, 47.50000000000000000 ) ) ;
#396 =( GEOMETRIC_REPRESENTATION_CONTEXT ( 3 ) GLOBAL_UNCERTAINTY_ASSIGNED_CONTEXT ( ( #3825 ) ) GLOBAL_UNIT_ASSIGNED_CONTEXT ( ( #2418, #3728, #2881 ) ) REPRESENTATION_CONTEXT ( 'NONE', 'WORKASPACE' ) );
#397 = CARTESIAN_POINT ( 'NONE',  ( -14.60175503143538656, -14.60175503143553932, 47.50000000000000000 ) ) ;
#398 = DIRECTION ( 'NONE',  ( -0.000000000000000000, 0.000000000000000000, 1.000000000000000000 ) ) ;
#399 = LINE ( 'NONE', #1698, #1563 ) ;
#400 = EDGE_CURVE ( 'NONE', #3549, #4864, #2221, .T. ) ;
#401 = CARTESIAN_POINT ( 'NONE',  ( 0.000000000000000000, 0.000000000000000000, 0.000000000000000000 ) ) ;
#402 = CONICAL_SURFACE ( 'NONE', #1825, 1.024999999921555105, 1.029744258289137848 ) ;
#403 = CONICAL_SURFACE ( 'NONE', #582, 1.024999999999998135, 1.029744258676654756 ) ;
#404 = CARTESIAN_POINT ( 'NONE',  ( 0.000000000000000000, 0.000000000000000000, 61.50000000000000000 ) ) ;
#405 = AXIS2_PLACEMENT_3D ( 'NONE', #5254, #1945, #4409 ) ;
#406 = CARTESIAN_POINT ( 'NONE',  ( -25.00000000000000000, 0.000000000000000000, 57.97500000000002984 ) ) ;
#407 = CARTESIAN_POINT ( 'NONE',  ( 15.32653948208917427, -13.87697058081016621, 47.50000000000000000 ) ) ;
#408 = FILL_AREA_STYLE_COLOUR ( '', #4173 ) ;
#409 = CYLINDRICAL_SURFACE ( 'NONE', #502, 1.024999999999991251 ) ;
#410 = MECHANICAL_DESIGN_GEOMETRIC_PRESENTATION_REPRESENTATION (  '', ( #1832 ), #1337 ) ;
#411 = ORIENTED_EDGE ( 'NONE', *, *, #1879, .F. ) ;
#412 = CARTESIAN_POINT ( 'NONE',  ( -8.514706370123120038, -20.55631959837618439, 64.00000000000000000 ) ) ;
#413 = CARTESIAN_POINT ( 'NONE',  ( -17.30957853796030221, -18.03867776399207301, 48.39602610772525537 ) ) ;
#414 = AXIS2_PLACEMENT_3D ( 'NONE', #1081, #183, #5084 ) ;
#415 = DIRECTION ( 'NONE',  ( 1.000000000000000000, 0.000000000000000000, 0.000000000000000000 ) ) ;
#416 = EDGE_CURVE ( 'NONE', #4018, #2555, #1909, .T. ) ;
#417 = CARTESIAN_POINT ( 'NONE',  ( -17.58363015780487970, -17.77171416942620041, 60.02509085295848479 ) ) ;
#418 = AXIS2_PLACEMENT_3D ( 'NONE', #4680, #1048, #3485 ) ;
#419 = DIRECTION ( 'NONE',  ( -0.000000000000000000, -1.000000000000000000, -0.000000000000000000 ) ) ;
#420 = VERTEX_POINT ( 'NONE', #5090 ) ;
#421 = CARTESIAN_POINT ( 'NONE',  ( -14.60175503150213494, -14.60175503150228948, 59.00000000000001421 ) ) ;
#422 = CARTESIAN_POINT ( 'NONE',  ( -22.50000000000000355, 2.755455298081544383E-15, 45.50000000000000000 ) ) ;
#423 = ORIENTED_EDGE ( 'NONE', *, *, #464, .F. ) ;
#424 = CARTESIAN_POINT ( 'NONE',  ( 0.6302543902972053136, -24.99223329972245722, 59.81931789515660824 ) ) ;
#425 = DIRECTION ( 'NONE',  ( -0.000000000000000000, -0.000000000000000000, 1.000000000000000000 ) ) ;
#426 = ORIENTED_EDGE ( 'NONE', *, *, #1823, .T. ) ;
#427 = DIRECTION ( 'NONE',  ( 0.7071067811865517916, -0.7071067811865433539, 0.000000000000000000 ) ) ;
#428 = FILL_AREA_STYLE ('',( #2414 ) ) ;
#429 = DIRECTION ( 'NONE',  ( 1.049727190908172827E-16, 0.5150380752232273096, -0.8571673005139390789 ) ) ;
#430 = CARTESIAN_POINT ( 'NONE',  ( -1.025090853875686658, 24.97897493392416024, 58.86700453271556199 ) ) ;
#431 = SURFACE_SIDE_STYLE ('',( #4031 ) ) ;
#432 = EDGE_CURVE ( 'NONE', #1721, #3844, #3473, .T. ) ;
#433 = LINE ( 'NONE', #791, #3187 ) ;
#434 = CYLINDRICAL_SURFACE ( 'NONE', #5096, 1.024999999999991251 ) ;
#435 = UNCERTAINTY_MEASURE_WITH_UNIT (LENGTH_MEASURE( 1.000000000000000082E-05 ), #1138, 'distance_accuracy_value', 'NONE');
#436 = FACE_BOUND ( 'NONE', #1367, .T. ) ;
#437 = CARTESIAN_POINT ( 'NONE',  ( 7.489706370123414558, -20.55631959837606360, 62.00000000000000000 ) ) ;
#438 = ORIENTED_EDGE ( 'NONE', *, *, #432, .T. ) ;
#439 = PRESENTATION_LAYER_ASSIGNMENT (  '', '', ( #2715 ) ) ;
#440 = PRESENTATION_STYLE_ASSIGNMENT (( #5258 ) ) ;
#441 = CARTESIAN_POINT ( 'NONE',  ( 0.000000000000000000, 25.00000000000000000, 47.50000000000000000 ) ) ;
#442 = DIRECTION ( 'NONE',  ( 1.000000000000000000, 0.000000000000000000, 0.000000000000000000 ) ) ;
#443 = AXIS2_PLACEMENT_3D ( 'NONE', #800, #3257, #1673 ) ;
#444 = ORIENTED_EDGE ( 'NONE', *, *, #2137, .F. ) ;
#445 = SURFACE_STYLE_USAGE ( .BOTH. , #2006 ) ;
#446 = EDGE_LOOP ( 'NONE', ( #1295, #438, #2939, #3038 ) ) ;
#447 = CARTESIAN_POINT ( 'NONE',  ( -18.11664750845998029, -17.22777569394650143, 58.17909735654357917 ) ) ;
#448 =( GEOMETRIC_REPRESENTATION_CONTEXT ( 3 ) GLOBAL_UNCERTAINTY_ASSIGNED_CONTEXT ( ( #2901 ) ) GLOBAL_UNIT_ASSIGNED_CONTEXT ( ( #3316, #5082, #4998 ) ) REPRESENTATION_CONTEXT ( 'NONE', 'WORKASPACE' ) );
#449 = DIRECTION ( 'NONE',  ( -0.7071067811865504593, 0.7071067811865445751, 0.000000000000000000 ) ) ;
#450 = CARTESIAN_POINT ( 'NONE',  ( 0.5341225688664833493, -24.99502542996518883, 58.08427684663974588 ) ) ;
#451 = ADVANCED_FACE ( 'NONE', ( #2585 ), #3814, .F. ) ;
#452 = CARTESIAN_POINT ( 'NONE',  ( 18.36953639576567809, -16.95767621547337001, 47.23166863776184954 ) ) ;
#453 = VERTEX_POINT ( 'NONE', #3518 ) ;
#454 = DIRECTION ( 'NONE',  ( 0.000000000000000000, 0.000000000000000000, 1.000000000000000000 ) ) ;
#455 = CARTESIAN_POINT ( 'NONE',  ( -24.98674903070518383, 0.8193404547551442763, 58.36977493780854331 ) ) ;
#456 = FILL_AREA_STYLE ('',( #2799 ) ) ;
#457 = DIRECTION ( 'NONE',  ( 1.000000000000000000, 0.000000000000000000, 0.000000000000000000 ) ) ;
#458 = FILL_AREA_STYLE ('',( #515 ) ) ;
#459 = CARTESIAN_POINT ( 'NONE',  ( -17.67766952966372784, 17.67766952966366034, 47.50000000000000000 ) ) ;
#460 = LINE ( 'NONE', #1197, #3022 ) ;
#461 = CARTESIAN_POINT ( 'NONE',  ( -24.98670175466627441, -0.8209026825098578728, 58.37147276201314128 ) ) ;
#462 = DIRECTION ( 'NONE',  ( -0.000000000000000000, -0.000000000000000000, 1.000000000000000000 ) ) ;
#463 = CARTESIAN_POINT ( 'NONE',  ( 0.000000000000000000, 20.64999999987549018, 59.00000000000001421 ) ) ;
#464 = EDGE_CURVE ( 'NONE', #670, #1636, #4250, .T. ) ;
#465 = DIRECTION ( 'NONE',  ( 1.000000000000000000, 0.000000000000000000, 0.000000000000000000 ) ) ;
#466 = ORIENTED_EDGE ( 'NONE', *, *, #3883, .F. ) ;
#467 =( LENGTH_UNIT ( ) NAMED_UNIT ( * ) SI_UNIT ( .MILLI., .METRE. ) );
#468 = CARTESIAN_POINT ( 'NONE',  ( 18.40245398037968627, 16.95288507894770547, 59.00000000000001421 ) ) ;
#469 = DIRECTION ( 'NONE',  ( -0.000000000000000000, 0.000000000000000000, 1.000000000000000000 ) ) ;
#470 = CARTESIAN_POINT ( 'NONE',  ( -18.38758964977778732, -16.93802074834556493, 59.00000000000001421 ) ) ;
#471 = AXIS2_PLACEMENT_3D ( 'NONE', #4094, #2396, #4044 ) ;
#472 = EDGE_LOOP ( 'NONE', ( #2620, #4121, #39 ) ) ;
#473 = STYLED_ITEM ( 'NONE', ( #3649 ), #226 ) ;
#474 = FACE_OUTER_BOUND ( 'NONE', #3304, .T. ) ;
#475 = VECTOR ( 'NONE', #2004, 1000.000000000000000 ) ;
#476 = PRESENTATION_LAYER_ASSIGNMENT (  '', '', ( #1558 ) ) ;
#477 = LINE ( 'NONE', #510, #4386 ) ;
#478 = ORIENTED_EDGE ( 'NONE', *, *, #3751, .F. ) ;
#479 = CARTESIAN_POINT ( 'NONE',  ( -22.05631959837615952, 8.514706370123192869, 62.00000000000000000 ) ) ;
#481 =( GEOMETRIC_REPRESENTATION_CONTEXT ( 3 ) GLOBAL_UNCERTAINTY_ASSIGNED_CONTEXT ( ( #3447 ) ) GLOBAL_UNIT_ASSIGNED_CONTEXT ( ( #163, #5031, #999 ) ) REPRESENTATION_CONTEXT ( 'NONE', 'WORKASPACE' ) );
#480 = DIRECTION ( 'NONE',  ( -0.000000000000000000, -0.000000000000000000, 1.000000000000000000 ) ) ;
#482 = CARTESIAN_POINT ( 'NONE',  ( -25.00000000000000000, -5.169952958049080662E-14, 60.02500000000000568 ) ) ;
#483 = CIRCLE ( 'NONE', #4120, 1.499999999999999556 ) ;
#484 = CARTESIAN_POINT ( 'NONE',  ( 0.000000000000000000, 0.000000000000000000, 64.00000000000000000 ) ) ;
#485 = EDGE_CURVE ( 'NONE', #1885, #156, #3867, .T. ) ;
#486 = STYLED_ITEM ( 'NONE', ( #3806 ), #1075 ) ;
#487 = CYLINDRICAL_SURFACE ( 'NONE', #3796, 1.500000000000001332 ) ;
#488 = FILL_AREA_STYLE_COLOUR ( '', #3614 ) ;
#489 = VERTEX_POINT ( 'NONE', #2200 ) ;
#490 = UNCERTAINTY_MEASURE_WITH_UNIT (LENGTH_MEASURE( 1.000000000000000082E-05 ), #974, 'distance_accuracy_value', 'NONE');
#491 = MECHANICAL_DESIGN_GEOMETRIC_PRESENTATION_REPRESENTATION (  '', ( #2761 ), #3602 ) ;
#492 = FACE_OUTER_BOUND ( 'NONE', #3687, .T. ) ;
#493 = LINE ( 'NONE', #2886, #1334 ) ;
#494 = VERTEX_POINT ( 'NONE', #1787 ) ;
#495 = AXIS2_PLACEMENT_3D ( 'NONE', #4742, #4420, #760 ) ;
#496 = DIRECTION ( 'NONE',  ( -0.000000000000000000, -1.000000000000000000, -0.000000000000000000 ) ) ;
#497 = PRESENTATION_STYLE_ASSIGNMENT (( #1226 ) ) ;
#498 = ORIENTED_EDGE ( 'NONE', *, *, #2483, .T. ) ;
#499 = CARTESIAN_POINT ( 'NONE',  ( 0.000000000000000000, 0.000000000000000000, 45.50000000000000000 ) ) ;
#500 = DIRECTION ( 'NONE',  ( 1.000000000000000000, 0.000000000000000000, 0.000000000000000000 ) ) ;
#501 = COLOUR_RGB ( '',1.000000000000000000, 1.000000000000000000, 1.000000000000000000 ) ;
#502 = AXIS2_PLACEMENT_3D ( 'NONE', #4957, #1687, #901 ) ;
#503 = VERTEX_POINT ( 'NONE', #251 ) ;
#504 = EDGE_CURVE ( 'NONE', #1448, #4700, #4730, .T. ) ;
#505 = VECTOR ( 'NONE', #3599, 999.9999999999998863 ) ;
#506 = CARTESIAN_POINT ( 'NONE',  ( -0.2683313665700987616, 24.99886811758394600, 48.49833590874668943 ) ) ;
#507 = ORIENTED_EDGE ( 'NONE', *, *, #4397, .F. ) ;
#508 = FACE_OUTER_BOUND ( 'NONE', #80, .T. ) ;
#509 = DIRECTION ( 'NONE',  ( 1.000000000000000000, 0.000000000000000000, -0.000000000000000000 ) ) ;
#510 = CARTESIAN_POINT ( 'NONE',  ( -20.64999999987549018, -8.728703347107833388E-14, 60.02499999971178113 ) ) ;
#511 = VERTEX_POINT ( 'NONE', #3442 ) ;
#512 = CARTESIAN_POINT ( 'NONE',  ( -18.03891749477579154, 17.30932310439765942, 58.10429229587310118 ) ) ;
#513 = CARTESIAN_POINT ( 'NONE',  ( -8.514706370123265700, 20.55631959837612399, 62.00000000000000000 ) ) ;
#514 = CARTESIAN_POINT ( 'NONE',  ( 20.65000000000000924, 2.618611004132350143E-13, 59.00000000000001421 ) ) ;
#515 = FILL_AREA_STYLE_COLOUR ( '', #3341 ) ;
#516 = B_SPLINE_CURVE_WITH_KNOTS ( 'NONE', 3,
 ( #671, #2266, #3903, #2975, #4964, #2514, #956, #154, #1360, #1696, #2947, #4615, #3057, #584, #2168, #1871 ),
 .UNSPECIFIED., .F., .F.,
 ( 4, 2, 2, 2, 2, 2, 2, 4 ),
 ( 0.000000000000000000, 0.0004005359238993895965, 0.0008010718477987791930, 0.001201607771698168844, 0.001602143695597558386, 0.002002679619496948362, 0.002403215543396337688, 0.003204287391195112002 ),
 .UNSPECIFIED. ) ;
#517 = ADVANCED_FACE ( 'NONE', ( #1844, #3052 ), #1502, .F. ) ;
#518 = PRESENTATION_STYLE_ASSIGNMENT (( #2388 ) ) ;
#519 = EDGE_LOOP ( 'NONE', ( #925, #1779, #355, #2261 ) ) ;
#520 = FILL_AREA_STYLE ('',( #2048 ) ) ;
#521 =( NAMED_UNIT ( * ) PLANE_ANGLE_UNIT ( ) SI_UNIT ( $, .RADIAN. ) );
#522 = EDGE_LOOP ( 'NONE', ( #5201, #3797 ) ) ;
#523 = EDGE_CURVE ( 'NONE', #3369, #3227, #1524, .T. ) ;
#524 = CARTESIAN_POINT ( 'NONE',  ( 18.38758964977767718, 16.93802074834569993, 58.72912913159669301 ) ) ;
#525 = CARTESIAN_POINT ( 'NONE',  ( 17.30957853796017432, 18.03867776399220446, 59.89602610772527669 ) ) ;
#526 = ORIENTED_EDGE ( 'NONE', *, *, #1253, .F. ) ;
#527 = CARTESIAN_POINT ( 'NONE',  ( -0.8193404547552048944, -24.98674903070518027, 46.86977493780850068 ) ) ;
#528 = SURFACE_STYLE_FILL_AREA ( #1304 ) ;
#529 = ORIENTED_EDGE ( 'NONE', *, *, #3966, .T. ) ;
#530 = CARTESIAN_POINT ( 'NONE',  ( 25.00000000000000000, 3.061616997868383043E-15, 64.00000000000000000 ) ) ;
#531 =( GEOMETRIC_REPRESENTATION_CONTEXT ( 3 ) GLOBAL_UNCERTAINTY_ASSIGNED_CONTEXT ( ( #3274 ) ) GLOBAL_UNIT_ASSIGNED_CONTEXT ( ( #5275, #5249, #2420 ) ) REPRESENTATION_CONTEXT ( 'NONE', 'WORKASPACE' ) );
#532 = DIRECTION ( 'NONE',  ( 1.000000000000000000, 0.000000000000000000, 0.000000000000000000 ) ) ;
#533 = CARTESIAN_POINT ( 'NONE',  ( 20.55631959837603162, 8.514706370123482415, 62.00000000000000000 ) ) ;
#534 = EDGE_CURVE ( 'NONE', #5223, #4756, #885, .T. ) ;
#535 = VECTOR ( 'NONE', #4066, 1000.000000000000000 ) ;
#536 = DIRECTION ( 'NONE',  ( -0.7071067811865512365, 0.7071067811865439090, 0.000000000000000000 ) ) ;
#537 = ORIENTED_EDGE ( 'NONE', *, *, #1446, .F. ) ;
#538 = CARTESIAN_POINT ( 'NONE',  ( -17.30932310439772692, 18.03891749477572404, 59.89570770412694145 ) ) ;
#539 = CARTESIAN_POINT ( 'NONE',  ( -24.98010116619887455, 0.9985886416617750783, 59.26735060801718191 ) ) ;
#540 =( NAMED_UNIT ( * ) SI_UNIT ( $, .STERADIAN. ) SOLID_ANGLE_UNIT ( ) );
#541 = PRESENTATION_STYLE_ASSIGNMENT (( #1768 ) ) ;
#542 = UNCERTAINTY_MEASURE_WITH_UNIT (LENGTH_MEASURE( 1.000000000000000082E-05 ), #5176, 'distance_accuracy_value', 'NONE');
#543 = CARTESIAN_POINT ( 'NONE',  ( 19.53131959837621778, -8.514706370123050760, 62.00000000000000000 ) ) ;
#544 = EDGE_LOOP ( 'NONE', ( #3590, #4860, #1451, #620, #4892, #2087, #3701, #235 ) ) ;
#545 = PRESENTATION_STYLE_ASSIGNMENT (( #2508 ) ) ;
#546 = CARTESIAN_POINT ( 'NONE',  ( 18.29954461374678942, 17.03318281924084943, 48.01656578188548252 ) ) ;
#547 = DIRECTION ( 'NONE',  ( -0.000000000000000000, -0.000000000000000000, 1.000000000000000000 ) ) ;
#548 = EDGE_CURVE ( 'NONE', #2209, #2876, #3854, .T. ) ;
#549 = CARTESIAN_POINT ( 'NONE',  ( 13.87697058077521817, 15.32653948222918849, 47.50000000000000000 ) ) ;
#550 = VERTEX_POINT ( 'NONE', #3571 ) ;
#551 = CARTESIAN_POINT ( 'NONE',  ( 17.58263722810977114, -17.77269653572404806, 60.02490867121290563 ) ) ;
#552 = CARTESIAN_POINT ( 'NONE',  ( -1.025090853875685992, 24.97897493392416379, 47.36700453271554778 ) ) ;
#553 = ORIENTED_EDGE ( 'NONE', *, *, #634, .T. ) ;
#554 = DIRECTION ( 'NONE',  ( 1.000000000000000000, 0.000000000000000000, 0.000000000000000000 ) ) ;
#555 = CARTESIAN_POINT ( 'NONE',  ( 15.32653948224798768, 13.87697058075645273, 59.00000000000001421 ) ) ;
#556 = DIRECTION ( 'NONE',  ( -0.7071067811865437980, -0.7071067811865512365, -0.000000000000000000 ) ) ;
#557 =( GEOMETRIC_REPRESENTATION_CONTEXT ( 3 ) GLOBAL_UNCERTAINTY_ASSIGNED_CONTEXT ( ( #2474 ) ) GLOBAL_UNIT_ASSIGNED_CONTEXT ( ( #4585, #5014, #3415 ) ) REPRESENTATION_CONTEXT ( 'NONE', 'WORKASPACE' ) );
#558 =( LENGTH_UNIT ( ) NAMED_UNIT ( * ) SI_UNIT ( .MILLI., .METRE. ) );
#559 = ORIENTED_EDGE ( 'NONE', *, *, #716, .T. ) ;
#560 = CARTESIAN_POINT ( 'NONE',  ( -17.77269653572423280, 17.58263722810958996, 57.97509132878712990 ) ) ;
#561 = DIRECTION ( 'NONE',  ( 0.000000000000000000, 0.000000000000000000, 1.000000000000000000 ) ) ;
#562 =( LENGTH_UNIT ( ) NAMED_UNIT ( * ) SI_UNIT ( .MILLI., .METRE. ) );
#563 = MECHANICAL_DESIGN_GEOMETRIC_PRESENTATION_REPRESENTATION (  '', ( #2829 ), #3507 ) ;
#564 = DIRECTION ( 'NONE',  ( 0.7071067811865536790, -0.7071067811865413555, 0.000000000000000000 ) ) ;
#565 = AXIS2_PLACEMENT_3D ( 'NONE', #2598, #4722, #4291 ) ;
#566 = AXIS2_PLACEMENT_3D ( 'NONE', #3290, #3671, #49 ) ;
#567 = STYLED_ITEM ( 'NONE', ( #657 ), #4450 ) ;
#568 = VERTEX_POINT ( 'NONE', #2411 ) ;
#569 = EDGE_CURVE ( 'NONE', #3139, #1937, #5069, .T. ) ;
#570 = STYLED_ITEM ( 'NONE', ( #5190 ), #767 ) ;
#571 = DIRECTION ( 'NONE',  ( 0.000000000000000000, -0.5150380751893181008, -0.8571673005343136698 ) ) ;
#572 =( NAMED_UNIT ( * ) SI_UNIT ( $, .STERADIAN. ) SOLID_ANGLE_UNIT ( ) );
#573 = PRESENTATION_LAYER_ASSIGNMENT (  '', '', ( #2492 ) ) ;
#574 = VERTEX_POINT ( 'NONE', #4422 ) ;
#575 = CARTESIAN_POINT ( 'NONE',  ( 0.6302543902972038703, 24.99223329972245011, 58.18068210484340597 ) ) ;
#576 = CIRCLE ( 'NONE', #2150, 1.024999999999993694 ) ;
#577 = VECTOR ( 'NONE', #188, 1000.000000000000000 ) ;
#578 = CYLINDRICAL_SURFACE ( 'NONE', #4292, 1.500000000000001332 ) ;
#579 = AXIS2_PLACEMENT_3D ( 'NONE', #4731, #5081, #5153 ) ;
#580 = FACE_OUTER_BOUND ( 'NONE', #3366, .T. ) ;
#581 = STYLED_ITEM ( 'NONE', ( #3127 ), #2922 ) ;
#582 = AXIS2_PLACEMENT_3D ( 'NONE', #2699, #687, #292 ) ;
#583 = VERTEX_POINT ( 'NONE', #4849 ) ;
#584 = CARTESIAN_POINT ( 'NONE',  ( 18.31383994738902032, 17.01881181540911570, 46.96587747276628733 ) ) ;
#585 = ORIENTED_EDGE ( 'NONE', *, *, #829, .T. ) ;
#586 = STYLED_ITEM ( 'NONE', ( #3228 ), #3093 ) ;
#587 = ADVANCED_FACE ( 'NONE', ( #1192 ), #2352, .F. ) ;
#588 = AXIS2_PLACEMENT_3D ( 'NONE', #1180, #354, #1856 ) ;
#589 = AXIS2_PLACEMENT_3D ( 'NONE', #2645, #1849, #5125 ) ;
#590 = VERTEX_POINT ( 'NONE', #4025 ) ;
#591 = CARTESIAN_POINT ( 'NONE',  ( -16.93802074834550098, 18.38758964977784416, 59.00000000000001421 ) ) ;
#592 = LINE ( 'NONE', #4598, #4951 ) ;
#593 = LINE ( 'NONE', #2225, #4830 ) ;
#594 = DIRECTION ( 'NONE',  ( -0.7071067811865436870, -0.7071067811865513475, 5.983584066091682866E-16 ) ) ;
#595 =( GEOMETRIC_REPRESENTATION_CONTEXT ( 3 ) GLOBAL_UNCERTAINTY_ASSIGNED_CONTEXT ( ( #4148 ) ) GLOBAL_UNIT_ASSIGNED_CONTEXT ( ( #1978, #2742, #1209 ) ) REPRESENTATION_CONTEXT ( 'NONE', 'WORKASPACE' ) );
#596 = VERTEX_POINT ( 'NONE', #2775 ) ;
#597 = DIRECTION ( 'NONE',  ( -0.8571673007021124446, 1.049727191138618819E-16, 0.5150380749100539335 ) ) ;
#598 = EDGE_CURVE ( 'NONE', #3470, #2343, #4002, .T. ) ;
#599 = ORIENTED_EDGE ( 'NONE', *, *, #353, .F. ) ;
#600 = UNCERTAINTY_MEASURE_WITH_UNIT (LENGTH_MEASURE( 1.000000000000000082E-05 ), #4390, 'distance_accuracy_value', 'NONE');
#601 = DIRECTION ( 'NONE',  ( 0.000000000000000000, 1.000000000000000000, 0.000000000000000000 ) ) ;
#602 = ORIENTED_EDGE ( 'NONE', *, *, #4844, .F. ) ;
#603 = VERTEX_POINT ( 'NONE', #739 ) ;
#604 = CARTESIAN_POINT ( 'NONE',  ( 0.000000000000000000, -20.64999999998917701, 47.50000000000000000 ) ) ;
#605 = CARTESIAN_POINT ( 'NONE',  ( 10.00000000000000000, 0.000000000000000000, 50.00000000000000711 ) ) ;
#606 = SURFACE_SIDE_STYLE ('',( #996 ) ) ;
#607 = CARTESIAN_POINT ( 'NONE',  ( 1.025090853875685770, 24.97897493392417090, 47.63299546728447353 ) ) ;
#608 =( NAMED_UNIT ( * ) SI_UNIT ( $, .STERADIAN. ) SOLID_ANGLE_UNIT ( ) );
#609 = LINE ( 'NONE', #1469, #3915 ) ;
#610 = DIRECTION ( 'NONE',  ( 1.000000000000000000, 0.000000000000000000, 0.000000000000000000 ) ) ;
#611 = CARTESIAN_POINT ( 'NONE',  ( -7.014706370123267476, 20.55631959837612399, 62.00000000000000000 ) ) ;
#612 = EDGE_LOOP ( 'NONE', ( #1845, #3810, #2856 ) ) ;
#613 = LINE ( 'NONE', #2232, #1961 ) ;
#614 = DIRECTION ( 'NONE',  ( 1.000000000000000000, 0.000000000000000000, 0.000000000000000000 ) ) ;
#615 = SURFACE_STYLE_FILL_AREA ( #2617 ) ;
#616 = ORIENTED_EDGE ( 'NONE', *, *, #2832, .T. ) ;
#617 = CARTESIAN_POINT ( 'NONE',  ( 0.9985886416618665606, 24.98010116619887100, 59.26735060801718191 ) ) ;
#618 = CARTESIAN_POINT ( 'NONE',  ( 24.98010116619887455, -0.9985886416616363004, 59.26735060801705401 ) ) ;
#619 = EDGE_CURVE ( 'NONE', #3969, #4541, #1285, .T. ) ;
#620 = ORIENTED_EDGE ( 'NONE', *, *, #3198, .T. ) ;
#621 = VERTEX_POINT ( 'NONE', #856 ) ;
#622 = EDGE_CURVE ( 'NONE', #3805, #4673, #1150, .T. ) ;
#623 = SURFACE_SIDE_STYLE ('',( #2604 ) ) ;
#624 = CARTESIAN_POINT ( 'NONE',  ( 19.05631959837603162, 8.514706370123482415, 62.00000000000000000 ) ) ;
#625 = CARTESIAN_POINT ( 'NONE',  ( 0.000000000000000000, 0.000000000000000000, 64.00000000000000000 ) ) ;
#626 =( LENGTH_UNIT ( ) NAMED_UNIT ( * ) SI_UNIT ( .MILLI., .METRE. ) );
#627 = CARTESIAN_POINT ( 'NONE',  ( 0.1354353691713798546, 25.00000000000000000, 46.47500000000000853 ) ) ;
#628 = DIRECTION ( 'NONE',  ( -0.000000000000000000, 0.000000000000000000, 1.000000000000000000 ) ) ;
#629 = ORIENTED_EDGE ( 'NONE', *, *, #1925, .T. ) ;
#630 = STYLED_ITEM ( 'NONE', ( #440 ), #3774 ) ;
#631 = PRESENTATION_STYLE_ASSIGNMENT (( #2614 ) ) ;
#632 = ORIENTED_EDGE ( 'NONE', *, *, #4858, .T. ) ;
#633 = FILL_AREA_STYLE ('',( #1349 ) ) ;
#634 = EDGE_CURVE ( 'NONE', #3124, #2343, #4280, .T. ) ;
#635 = CARTESIAN_POINT ( 'NONE',  ( -25.00000000000000000, 0.2708706130317256044, 48.52499999999999858 ) ) ;
#636 = CARTESIAN_POINT ( 'NONE',  ( 0.6302543902972053136, -24.99223329972245722, 48.31931789515658693 ) ) ;
#637 = PRESENTATION_LAYER_ASSIGNMENT (  '', '', ( #1234 ) ) ;
#638 = CYLINDRICAL_SURFACE ( 'NONE', #4438, 1.024999999999988587 ) ;
#639 = ORIENTED_EDGE ( 'NONE', *, *, #2767, .T. ) ;
#640 = VECTOR ( 'NONE', #2701, 1000.000000000000000 ) ;
#641 = SURFACE_STYLE_USAGE ( .BOTH. , #2532 ) ;
#642 = UNCERTAINTY_MEASURE_WITH_UNIT (LENGTH_MEASURE( 1.000000000000000082E-05 ), #1972, 'distance_accuracy_value', 'NONE');
#643 = CARTESIAN_POINT ( 'NONE',  ( -8.514706370123267476, 20.55631959837612399, 62.00000000000000000 ) ) ;
#644 = CIRCLE ( 'NONE', #4213, 1.024999999999985922 ) ;
#645 =( GEOMETRIC_REPRESENTATION_CONTEXT ( 3 ) GLOBAL_UNCERTAINTY_ASSIGNED_CONTEXT ( ( #699 ) ) GLOBAL_UNIT_ASSIGNED_CONTEXT ( ( #2337, #323, #1092 ) ) REPRESENTATION_CONTEXT ( 'NONE', 'WORKASPACE' ) );
#646 = ORIENTED_EDGE ( 'NONE', *, *, #1920, .T. ) ;
#647 = VECTOR ( 'NONE', #4900, 1000.000000000000227 ) ;
#648 = CIRCLE ( 'NONE', #1743, 25.00000000000000000 ) ;
#649 = STYLED_ITEM ( 'NONE', ( #1278 ), #1261 ) ;
#650 = ORIENTED_EDGE ( 'NONE', *, *, #2543, .F. ) ;
#651 =( NAMED_UNIT ( * ) SI_UNIT ( $, .STERADIAN. ) SOLID_ANGLE_UNIT ( ) );
#652 = CARTESIAN_POINT ( 'NONE',  ( 20.55631959837621281, -8.514706370123050760, 58.00000000000000000 ) ) ;
#653 = DIRECTION ( 'NONE',  ( -0.000000000000000000, -0.000000000000000000, 1.000000000000000000 ) ) ;
#654 = FACE_OUTER_BOUND ( 'NONE', #1882, .T. ) ;
#655 = COLOUR_RGB ( '',1.000000000000000000, 1.000000000000000000, 1.000000000000000000 ) ;
#656 = EDGE_CURVE ( 'NONE', #2958, #5223, #477, .T. ) ;
#657 = PRESENTATION_STYLE_ASSIGNMENT (( #2693 ) ) ;
#658 = PRESENTATION_LAYER_ASSIGNMENT (  '', '', ( #586 ) ) ;
#659 = VECTOR ( 'NONE', #3353, 1000.000000000000000 ) ;
#660 = CARTESIAN_POINT ( 'NONE',  ( 0.2708708636538020853, 25.00000000000000355, 48.52499999999999147 ) ) ;
#661 = CARTESIAN_POINT ( 'NONE',  ( -8.514706370123265700, -20.55631959837612399, 58.00000000000000000 ) ) ;
#662 = FILL_AREA_STYLE ('',( #4314 ) ) ;
#663 = COLOUR_RGB ( '',1.000000000000000000, 1.000000000000000000, 1.000000000000000000 ) ;
#664 = PRESENTATION_STYLE_ASSIGNMENT (( #4317 ) ) ;
#665 = EDGE_LOOP ( 'NONE', ( #4042, #3335, #3021 ) ) ;
#666 = CYLINDRICAL_SURFACE ( 'NONE', #5057, 1.499999999999999556 ) ;
#667 = VECTOR ( 'NONE', #5134, 1000.000000000000114 ) ;
#668 = DIRECTION ( 'NONE',  ( -0.000000000000000000, -0.000000000000000000, -1.000000000000000000 ) ) ;
#669 = STYLED_ITEM ( 'NONE', ( #2846 ), #3674 ) ;
#670 = VERTEX_POINT ( 'NONE', #835 ) ;
#671 = CARTESIAN_POINT ( 'NONE',  ( 16.93802074834524873, 18.38758964977808219, 47.50000000000000000 ) ) ;
#672 = CARTESIAN_POINT ( 'NONE',  ( -25.00000000000000000, -0.1354353691714279551, 48.52499999999999858 ) ) ;
#673 = SURFACE_STYLE_USAGE ( .BOTH. , #3090 ) ;
#674 = CARTESIAN_POINT ( 'NONE',  ( 0.000000000000000000, 20.65000000000000924, 47.50000000000000000 ) ) ;
#675 = PRESENTATION_STYLE_ASSIGNMENT (( #3880 ) ) ;
#676 = ORIENTED_EDGE ( 'NONE', *, *, #3373, .T. ) ;
#677 = EDGE_CURVE ( 'NONE', #1752, #1715, #4079, .T. ) ;
#678 = FILL_AREA_STYLE ('',( #1362 ) ) ;
#679 = ORIENTED_EDGE ( 'NONE', *, *, #5017, .T. ) ;
#680 = FACE_OUTER_BOUND ( 'NONE', #2653, .T. ) ;
#681 = DIRECTION ( 'NONE',  ( -0.000000000000000000, -0.000000000000000000, -1.000000000000000000 ) ) ;
#682 = FACE_OUTER_BOUND ( 'NONE', #1647, .T. ) ;
#683 = CYLINDRICAL_SURFACE ( 'NONE', #3843, 1.024999999999993694 ) ;
#684 = DIRECTION ( 'NONE',  ( 1.000000000000000000, 0.000000000000000000, 0.000000000000000000 ) ) ;
#685 = VERTEX_POINT ( 'NONE', #4972 ) ;
#686 = ADVANCED_FACE ( 'NONE', ( #2924, #1312 ), #4595, .T. ) ;
#687 = DIRECTION ( 'NONE',  ( -0.000000000000000000, -0.000000000000000000, 1.000000000000000000 ) ) ;
#688 = CIRCLE ( 'NONE', #4166, 22.50000000000000355 ) ;
#689 =( NAMED_UNIT ( * ) PLANE_ANGLE_UNIT ( ) SI_UNIT ( $, .RADIAN. ) );
#690 = ORIENTED_EDGE ( 'NONE', *, *, #3715, .F. ) ;
#691 = DIRECTION ( 'NONE',  ( -0.000000000000000000, -0.000000000000000000, 1.000000000000000000 ) ) ;
#692 = FILL_AREA_STYLE_COLOUR ( '', #1650 ) ;
#693 = DIRECTION ( 'NONE',  ( -0.000000000000000000, -0.000000000000000000, 1.000000000000000000 ) ) ;
#694 = SURFACE_STYLE_FILL_AREA ( #326 ) ;
#695 = AXIS2_PLACEMENT_3D ( 'NONE', #4889, #1281, #2486 ) ;
#696 = ORIENTED_EDGE ( 'NONE', *, *, #1311, .T. ) ;
#697 = ADVANCED_BREP_SHAPE_REPRESENTATION ( '10\X2\51738282\X0\-20260520', ( #3740, #3391 ), #531 ) ;
#698 = DIRECTION ( 'NONE',  ( -0.000000000000000000, -0.000000000000000000, 1.000000000000000000 ) ) ;
#699 = UNCERTAINTY_MEASURE_WITH_UNIT (LENGTH_MEASURE( 1.000000000000000082E-05 ), #2337, 'distance_accuracy_value', 'NONE');
#700 = AXIS2_PLACEMENT_3D ( 'NONE', #75, #2850, #449 ) ;
#701 = ORIENTED_EDGE ( 'NONE', *, *, #3538, .F. ) ;
#702 = DIRECTION ( 'NONE',  ( 0.7071067811865389130, 0.7071067811865561215, 0.000000000000000000 ) ) ;
#703 = ORIENTED_EDGE ( 'NONE', *, *, #2832, .F. ) ;
#704 = CARTESIAN_POINT ( 'NONE',  ( -19.53131959837616094, 8.514706370123194645, 64.00000000000000000 ) ) ;
#705 =( NAMED_UNIT ( * ) SI_UNIT ( $, .STERADIAN. ) SOLID_ANGLE_UNIT ( ) );
#706 = CARTESIAN_POINT ( 'NONE',  ( 17.77269653572435715, -17.58263722810946206, 57.97509132878713700 ) ) ;
#707 = ORIENTED_EDGE ( 'NONE', *, *, #1191, .F. ) ;
#708 = EDGE_CURVE ( 'NONE', #5264, #1448, #2036, .T. ) ;
#709 = CARTESIAN_POINT ( 'NONE',  ( 1.255262969126026246E-16, -25.00000000000000000, 60.02500000000000568 ) ) ;
#710 = MECHANICAL_DESIGN_GEOMETRIC_PRESENTATION_REPRESENTATION (  '', ( #2989 ), #3585 ) ;
#711 = CARTESIAN_POINT ( 'NONE',  ( 24.99999999999999645, 0.2708706130320393535, 46.47500000000000853 ) ) ;
#712 = ORIENTED_EDGE ( 'NONE', *, *, #5221, .T. ) ;
#713 =( NAMED_UNIT ( * ) SI_UNIT ( $, .STERADIAN. ) SOLID_ANGLE_UNIT ( ) );
#714 = FILL_AREA_STYLE_COLOUR ( '', #3255 ) ;
#715 =( NAMED_UNIT ( * ) PLANE_ANGLE_UNIT ( ) SI_UNIT ( $, .RADIAN. ) );
#716 = EDGE_CURVE ( 'NONE', #4394, #1283, #3426, .T. ) ;
#717 =( GEOMETRIC_REPRESENTATION_CONTEXT ( 3 ) GLOBAL_UNCERTAINTY_ASSIGNED_CONTEXT ( ( #4908 ) ) GLOBAL_UNIT_ASSIGNED_CONTEXT ( ( #1690, #4012, #1204 ) ) REPRESENTATION_CONTEXT ( 'NONE', 'WORKASPACE' ) );
#718 = CIRCLE ( 'NONE', #4383, 1.500000000000000888 ) ;
#719 = CARTESIAN_POINT ( 'NONE',  ( -24.99497086695923542, -0.5165658162315549529, 59.89545299512570153 ) ) ;
#720 = CARTESIAN_POINT ( 'NONE',  ( 0.000000000000000000, -20.65000000004602043, 59.00000000000001421 ) ) ;
#721 = AXIS2_PLACEMENT_3D ( 'NONE', #441, #2789, #3608 ) ;
#722 = AXIS2_PLACEMENT_3D ( 'NONE', #4777, #2734, #2318 ) ;
#723 = VERTEX_POINT ( 'NONE', #3237 ) ;
#724 = ORIENTED_EDGE ( 'NONE', *, *, #3876, .T. ) ;
#725 = CARTESIAN_POINT ( 'NONE',  ( -16.93802074834536953, -18.38758964977797206, 59.00000000000001421 ) ) ;
#726 = AXIS2_PLACEMENT_3D ( 'NONE', #4444, #4794, #3188 ) ;
#727 = CARTESIAN_POINT ( 'NONE',  ( -17.86592197364774393, 17.48783110241200234, 48.49858864051687135 ) ) ;
#728 = AXIS2_PLACEMENT_3D ( 'NONE', #1375, #975, #4717 ) ;
#729 = LINE ( 'NONE', #336, #4550 ) ;
#730 = ADVANCED_FACE ( 'NONE', ( #4897 ), #4543, .F. ) ;
#731 = DIRECTION ( 'NONE',  ( 1.000000000000000000, 0.000000000000000000, 0.000000000000000000 ) ) ;
#732 =( LENGTH_UNIT ( ) NAMED_UNIT ( * ) SI_UNIT ( .MILLI., .METRE. ) );
#733 = COLOUR_RGB ( '',1.000000000000000000, 1.000000000000000000, 1.000000000000000000 ) ;
#734 = CARTESIAN_POINT ( 'NONE',  ( 18.24764547299879780, -17.08895494857513242, 58.36974565204986476 ) ) ;
#735 = ORIENTED_EDGE ( 'NONE', *, *, #2206, .F. ) ;
#736 = DIRECTION ( 'NONE',  ( -1.000000000000000000, 0.000000000000000000, 0.000000000000000000 ) ) ;
#737 =( GEOMETRIC_REPRESENTATION_CONTEXT ( 3 ) GLOBAL_UNCERTAINTY_ASSIGNED_CONTEXT ( ( #3169 ) ) GLOBAL_UNIT_ASSIGNED_CONTEXT ( ( #2377, #4523, #1598 ) ) REPRESENTATION_CONTEXT ( 'NONE', 'WORKASPACE' ) );
#738 = ADVANCED_FACE ( 'NONE', ( #682 ), #3405, .F. ) ;
#739 = CARTESIAN_POINT ( 'NONE',  ( 19.53131959837621423, -8.514706370123050760, 58.00000000000000000 ) ) ;
#740 = ORIENTED_EDGE ( 'NONE', *, *, #656, .T. ) ;
#741 = PRESENTATION_STYLE_ASSIGNMENT (( #5214 ) ) ;
#742 = CYLINDRICAL_SURFACE ( 'NONE', #3009, 25.00000000000000000 ) ;
#743 = CIRCLE ( 'NONE', #1663, 1.499999999999998224 ) ;
#744 = CARTESIAN_POINT ( 'NONE',  ( 16.95288507894725782, 18.40245398038009839, 59.00000000000001421 ) ) ;
#745 = FILL_AREA_STYLE_COLOUR ( '', #663 ) ;
#746 =( LENGTH_UNIT ( ) NAMED_UNIT ( * ) SI_UNIT ( .MILLI., .METRE. ) );
#747 = EDGE_CURVE ( 'NONE', #388, #1916, #2676, .T. ) ;
#748 =( NAMED_UNIT ( * ) PLANE_ANGLE_UNIT ( ) SI_UNIT ( $, .RADIAN. ) );
#749 = AXIS2_PLACEMENT_3D ( 'NONE', #404, #3166, #4429 ) ;
#750 = ORIENTED_EDGE ( 'NONE', *, *, #1040, .T. ) ;
#751 = PRESENTATION_LAYER_ASSIGNMENT (  '', '', ( #1508 ) ) ;
#752 =( NAMED_UNIT ( * ) PLANE_ANGLE_UNIT ( ) SI_UNIT ( $, .RADIAN. ) );
#753 = VERTEX_POINT ( 'NONE', #4862 ) ;
#754 = CARTESIAN_POINT ( 'NONE',  ( 20.55631959837621281, -8.514706370123050760, 58.00000000000000000 ) ) ;
#755 = PRESENTATION_STYLE_ASSIGNMENT (( #2739 ) ) ;
#756 = DIRECTION ( 'NONE',  ( 0.000000000000000000, 0.5150380751483369934, 0.8571673005589375283 ) ) ;
#757 = DIRECTION ( 'NONE',  ( -0.7071067811865437980, -0.7071067811865512365, -0.000000000000000000 ) ) ;
#758 = DIRECTION ( 'NONE',  ( -0.000000000000000000, -0.000000000000000000, 1.000000000000000000 ) ) ;
#759 = EDGE_LOOP ( 'NONE', ( #3344, #2985, #2513 ) ) ;
#760 = DIRECTION ( 'NONE',  ( 1.000000000000000000, 0.000000000000000000, 0.000000000000000000 ) ) ;
#761 = CARTESIAN_POINT ( 'NONE',  ( 0.000000000000000000, -20.65000000000000924, 47.50000000000000000 ) ) ;
#762 = ORIENTED_EDGE ( 'NONE', *, *, #4676, .F. ) ;
#763 = CARTESIAN_POINT ( 'NONE',  ( -7.489706370123268009, 20.55631959837612399, 58.00000000000000000 ) ) ;
#764 = DIRECTION ( 'NONE',  ( -0.7071067811865475727, 0.7071067811865475727, 2.393433626061083059E-15 ) ) ;
#765 =( LENGTH_UNIT ( ) NAMED_UNIT ( * ) SI_UNIT ( .MILLI., .METRE. ) );
#766 = CARTESIAN_POINT ( 'NONE',  ( 0.000000000000000000, 20.64999999987549018, 60.02499999971178113 ) ) ;
#767 = ADVANCED_FACE ( 'NONE', ( #2154 ), #4826, .F. ) ;
#768 = FACE_OUTER_BOUND ( 'NONE', #3662, .T. ) ;
#769 = CARTESIAN_POINT ( 'NONE',  ( -24.98399028843315506, -0.8960261247664788042, 46.98444902618717123 ) ) ;
#770 = SURFACE_STYLE_USAGE ( .BOTH. , #1923 ) ;
#771 = DIRECTION ( 'NONE',  ( 1.000000000000000000, 0.000000000000000000, 0.000000000000000000 ) ) ;
#772 = EDGE_CURVE ( 'NONE', #3907, #2001, #5168, .T. ) ;
#773 = ORIENTED_EDGE ( 'NONE', *, *, #966, .F. ) ;
#774 = EDGE_CURVE ( 'NONE', #1636, #156, #4903, .T. ) ;
#775 = FILL_AREA_STYLE_COLOUR ( '', #2655 ) ;
#776 = DIRECTION ( 'NONE',  ( 0.2419218952236642795, -0.9702957263697447043, 3.081773620178004315E-16 ) ) ;
#777 = DIRECTION ( 'NONE',  ( 1.000000000000000000, 0.000000000000000000, 0.000000000000000000 ) ) ;
#778 = DIRECTION ( 'NONE',  ( 1.000000000000000000, 0.000000000000000000, 0.000000000000000000 ) ) ;
#779 = AXIS2_PLACEMENT_3D ( 'NONE', #1019, #2541, #3776 ) ;
#780 = DIRECTION ( 'NONE',  ( 1.000000000000000000, 0.000000000000000000, 0.000000000000000000 ) ) ;
#781 = ADVANCED_FACE ( 'NONE', ( #2779 ), #3870, .F. ) ;
#782 = SURFACE_STYLE_USAGE ( .BOTH. , #1497 ) ;
#783 = ORIENTED_EDGE ( 'NONE', *, *, #747, .T. ) ;
#784 = CARTESIAN_POINT ( 'NONE',  ( 0.5165658162314876733, -24.99497086695924963, 59.89545299512568732 ) ) ;
#785 = EDGE_LOOP ( 'NONE', ( #2964, #1559 ) ) ;
#786 = FILL_AREA_STYLE_COLOUR ( '', #1615 ) ;
#787 = CARTESIAN_POINT ( 'NONE',  ( -20.64999999993233359, -8.728703347107833388E-14, 48.52499999981318979 ) ) ;
#788 =( NAMED_UNIT ( * ) SI_UNIT ( $, .STERADIAN. ) SOLID_ANGLE_UNIT ( ) );
#789 = CARTESIAN_POINT ( 'NONE',  ( 7.489706370123414558, -20.55631959837606360, 64.00000000000000000 ) ) ;
#790 = SHAPE_DEFINITION_REPRESENTATION ( #1745, #697 ) ;
#791 = CARTESIAN_POINT ( 'NONE',  ( 20.64999999998917701, 2.618611004132350143E-13, 46.47500000010040822 ) ) ;
#792 = ADVANCED_FACE ( 'NONE', ( #1846, #4797, #1058, #2675, #3108, #1505, #345, #273, #4772 ), #3924, .T. ) ;
#793 = DIRECTION ( 'NONE',  ( -0.000000000000000000, -0.000000000000000000, 1.000000000000000000 ) ) ;
#794 = UNCERTAINTY_MEASURE_WITH_UNIT (LENGTH_MEASURE( 1.000000000000000082E-05 ), #4061, 'distance_accuracy_value', 'NONE');
#795 = FACE_OUTER_BOUND ( 'NONE', #1933, .T. ) ;
#796 = CARTESIAN_POINT ( 'NONE',  ( -14.16626059765491163, 14.16626059758385736, 59.00000000000001421 ) ) ;
#797 = COLOUR_RGB ( '',1.000000000000000000, 1.000000000000000000, 1.000000000000000000 ) ;
#798 = ORIENTED_EDGE ( 'NONE', *, *, #1269, .F. ) ;
#799 = CARTESIAN_POINT ( 'NONE',  ( -15.32653948214586492, -13.87697058082453694, 59.00000000000001421 ) ) ;
#800 = CARTESIAN_POINT ( 'NONE',  ( -14.60175503148512099, -14.60175503148527731, 59.00000000000001421 ) ) ;
#801 = VECTOR ( 'NONE', #4475, 1000.000000000000000 ) ;
#802 = STYLED_ITEM ( 'NONE', ( #2452 ), #1440 ) ;
#803 = ORIENTED_EDGE ( 'NONE', *, *, #622, .T. ) ;
#804 = CARTESIAN_POINT ( 'NONE',  ( -17.22654172550774376, -18.11781462323822467, 58.18065958253605174 ) ) ;
#805 = EDGE_LOOP ( 'NONE', ( #3421, #4367, #1595 ) ) ;
#806 = FILL_AREA_STYLE_COLOUR ( '', #3530 ) ;
#807 = PRESENTATION_LAYER_ASSIGNMENT (  '', '', ( #2578 ) ) ;
#808 = EDGE_CURVE ( 'NONE', #3586, #2745, #2061, .T. ) ;
#809 = PRESENTATION_LAYER_ASSIGNMENT (  '', '', ( #3008 ) ) ;
#810 = CARTESIAN_POINT ( 'NONE',  ( 22.50000000000000355, 0.000000000000000000, 45.48999999999999488 ) ) ;
#811 = VECTOR ( 'NONE', #3006, 1000.000000000000000 ) ;
#812 = ORIENTED_EDGE ( 'NONE', *, *, #3082, .F. ) ;
#813 = DIRECTION ( 'NONE',  ( -0.7071067811865504593, 0.7071067811865445751, 0.000000000000000000 ) ) ;
#814 = MECHANICAL_DESIGN_GEOMETRIC_PRESENTATION_REPRESENTATION (  '', ( #2493 ), #896 ) ;
#815 = CARTESIAN_POINT ( 'NONE',  ( 17.86592197364787538, -17.48783110241187444, 48.49858864051687135 ) ) ;
#816 = SURFACE_STYLE_USAGE ( .BOTH. , #4571 ) ;
#817 = FILL_AREA_STYLE_COLOUR ( '', #2910 ) ;
#818 = SURFACE_SIDE_STYLE ('',( #1245 ) ) ;
#819 = PRESENTATION_LAYER_ASSIGNMENT (  '', '', ( #4404 ) ) ;
#820 = COLOUR_RGB ( '',1.000000000000000000, 1.000000000000000000, 1.000000000000000000 ) ;
#821 = DIRECTION ( 'NONE',  ( -0.7071067811865467956, -0.7071067811865483499, 0.000000000000000000 ) ) ;
#822 = CIRCLE ( 'NONE', #3095, 1.499999999999998224 ) ;
#823 = CARTESIAN_POINT ( 'NONE',  ( -14.60175503149232767, 14.60175503149227794, 47.50000000000000000 ) ) ;
#824 = SURFACE_SIDE_STYLE ('',( #2867 ) ) ;
#825 = EDGE_LOOP ( 'NONE', ( #1956, #3578, #529 ) ) ;
#826 = CARTESIAN_POINT ( 'NONE',  ( -0.5341225688664832383, 24.99502542996518883, 46.58427684663971746 ) ) ;
#827 = AXIS2_PLACEMENT_3D ( 'NONE', #2386, #4033, #1271 ) ;
#828 = CARTESIAN_POINT ( 'NONE',  ( 18.03891749477555351, 17.30932310439792232, 59.89570770412694856 ) ) ;
#829 = EDGE_CURVE ( 'NONE', #4759, #1461, #2136, .T. ) ;
#830 = ADVANCED_FACE ( 'NONE', ( #4161 ), #5272, .F. ) ;
#831 = CARTESIAN_POINT ( 'NONE',  ( -18.24764547299855622, -17.08895494857538466, 59.63025434795015656 ) ) ;
#832 = LINE ( 'NONE', #1262, #3063 ) ;
#833 = ORIENTED_EDGE ( 'NONE', *, *, #3691, .F. ) ;
#834 = CARTESIAN_POINT ( 'NONE',  ( 0.9985886416618663386, -24.98010116619887100, 58.73264939198285361 ) ) ;
#835 = CARTESIAN_POINT ( 'NONE',  ( -10.01470637012326748, 20.55631959837612399, 62.00000000000000000 ) ) ;
#836 = ORIENTED_EDGE ( 'NONE', *, *, #3627, .T. ) ;
#837 = EDGE_CURVE ( 'NONE', #1916, #5151, #2112, .T. ) ;
#838 =( LENGTH_UNIT ( ) NAMED_UNIT ( * ) SI_UNIT ( .MILLI., .METRE. ) );
#839 =( NAMED_UNIT ( * ) SI_UNIT ( $, .STERADIAN. ) SOLID_ANGLE_UNIT ( ) );
#840 = SURFACE_STYLE_USAGE ( .BOTH. , #3705 ) ;
#841 = DIRECTION ( 'NONE',  ( 0.000000000000000000, 0.000000000000000000, 1.000000000000000000 ) ) ;
#842 = DIRECTION ( 'NONE',  ( 0.000000000000000000, -0.000000000000000000, 1.000000000000000000 ) ) ;
#843 = UNCERTAINTY_MEASURE_WITH_UNIT (LENGTH_MEASURE( 1.000000000000000082E-05 ), #3302, 'distance_accuracy_value', 'NONE');
#844 = SURFACE_STYLE_USAGE ( .BOTH. , #824 ) ;
#845 = VERTEX_POINT ( 'NONE', #158 ) ;
#846 = VECTOR ( 'NONE', #2176, 1000.000000000000227 ) ;
#847 = SURFACE_SIDE_STYLE ('',( #5150 ) ) ;
#848 = CARTESIAN_POINT ( 'NONE',  ( 17.86592197364749524, 17.48783110241224037, 58.00141135948313575 ) ) ;
#849 =( NAMED_UNIT ( * ) PLANE_ANGLE_UNIT ( ) SI_UNIT ( $, .RADIAN. ) );
#850 = MECHANICAL_DESIGN_GEOMETRIC_PRESENTATION_REPRESENTATION (  '', ( #3908 ), #3999 ) ;
#851 = LINE ( 'NONE', #1259, #278 ) ;
#852 = DIRECTION ( 'NONE',  ( -0.000000000000000000, -0.000000000000000000, 1.000000000000000000 ) ) ;
#853 = ORIENTED_EDGE ( 'NONE', *, *, #2357, .F. ) ;
#854 = EDGE_CURVE ( 'NONE', #4782, #2011, #483, .T. ) ;
#855 = CARTESIAN_POINT ( 'NONE',  ( 24.97898240973568917, -1.024908670285736623, 47.36560777332605454 ) ) ;
#856 = CARTESIAN_POINT ( 'NONE',  ( -20.55631959837609557, -8.514706370123338530, 57.38411786549675497 ) ) ;
#857 = ORIENTED_EDGE ( 'NONE', *, *, #2654, .F. ) ;
#858 = CARTESIAN_POINT ( 'NONE',  ( -20.55631959837615597, 8.514706370123192869, 64.00000000000000000 ) ) ;
#859 = EDGE_CURVE ( 'NONE', #3015, #2270, #2518, .T. ) ;
#860 = CARTESIAN_POINT ( 'NONE',  ( 17.77171416942625726, -17.58363015780481220, 48.52509085295845637 ) ) ;
#861 = FILL_AREA_STYLE ('',( #817 ) ) ;
#862 = DIRECTION ( 'NONE',  ( 0.000000000000000000, 0.000000000000000000, -1.000000000000000000 ) ) ;
#863 = DIRECTION ( 'NONE',  ( 0.000000000000000000, 0.000000000000000000, 1.000000000000000000 ) ) ;
#864 = PRESENTATION_STYLE_ASSIGNMENT (( #4879 ) ) ;
#865 = CARTESIAN_POINT ( 'NONE',  ( 9.539706370123406387, -20.55631959837606360, 58.00000000000000000 ) ) ;
#866 = DIRECTION ( 'NONE',  ( 0.7071067811865463515, 0.7071067811865487940, 0.000000000000000000 ) ) ;
#867 = SURFACE_STYLE_FILL_AREA ( #2885 ) ;
#868 = SURFACE_STYLE_FILL_AREA ( #520 ) ;
#869 = FILL_AREA_STYLE ('',( #2506 ) ) ;
#870 = EDGE_CURVE ( 'NONE', #1695, #2982, #3377, .T. ) ;
#871 = ORIENTED_EDGE ( 'NONE', *, *, #619, .F. ) ;
#872 = DIRECTION ( 'NONE',  ( 0.000000000000000000, 0.000000000000000000, 1.000000000000000000 ) ) ;
#873 = SURFACE_STYLE_USAGE ( .BOTH. , #4936 ) ;
#874 = CARTESIAN_POINT ( 'NONE',  ( 18.29954461374678942, 17.03318281924083877, 59.51656578188549673 ) ) ;
#875 = MECHANICAL_DESIGN_GEOMETRIC_PRESENTATION_REPRESENTATION (  '', ( #630 ), #717 ) ;
#876 = ORIENTED_EDGE ( 'NONE', *, *, #2603, .F. ) ;
#877 = PRESENTATION_LAYER_ASSIGNMENT (  '', '', ( #2829 ) ) ;
#878 = CARTESIAN_POINT ( 'NONE',  ( -25.00000000000000000, -8.728703347107833388E-14, 60.02500000000000568 ) ) ;
#879 = ORIENTED_EDGE ( 'NONE', *, *, #4127, .T. ) ;
#880 = CIRCLE ( 'NONE', #2135, 1.024999999999991251 ) ;
#881 = SURFACE_STYLE_FILL_AREA ( #3287 ) ;
#882 =( GEOMETRIC_REPRESENTATION_CONTEXT ( 3 ) GLOBAL_UNCERTAINTY_ASSIGNED_CONTEXT ( ( #2864 ) ) GLOBAL_UNIT_ASSIGNED_CONTEXT ( ( #4928, #2880, #4875 ) ) REPRESENTATION_CONTEXT ( 'NONE', 'WORKASPACE' ) );
#883 =( GEOMETRIC_REPRESENTATION_CONTEXT ( 3 ) GLOBAL_UNCERTAINTY_ASSIGNED_CONTEXT ( ( #1013 ) ) GLOBAL_UNIT_ASSIGNED_CONTEXT ( ( #1071, #1851, #2560 ) ) REPRESENTATION_CONTEXT ( 'NONE', 'WORKASPACE' ) );
#884 = ADVANCED_FACE ( 'NONE', ( #3742, #2949 ), #122, .T. ) ;
#885 = CIRCLE ( 'NONE', #726, 1.024999999999991251 ) ;
#886 = DIRECTION ( 'NONE',  ( 1.000000000000000000, 0.000000000000000000, 0.000000000000000000 ) ) ;
#887 = ORIENTED_EDGE ( 'NONE', *, *, #2531, .T. ) ;
#888 =( NAMED_UNIT ( * ) SI_UNIT ( $, .STERADIAN. ) SOLID_ANGLE_UNIT ( ) );
#889 = DIRECTION ( 'NONE',  ( 1.000000000000000000, 0.000000000000000000, 0.000000000000000000 ) ) ;
#890 = MECHANICAL_DESIGN_GEOMETRIC_PRESENTATION_REPRESENTATION (  '', ( #570 ), #645 ) ;
#891 = CARTESIAN_POINT ( 'NONE',  ( -8.514706370123265700, 20.55631959837612399, 64.00000000000000000 ) ) ;
#892 = CARTESIAN_POINT ( 'NONE',  ( -8.514706370123265700, 20.55631959837612399, 62.00000000000000000 ) ) ;
#893 = EDGE_CURVE ( 'NONE', #5189, #1626, #101, .T. ) ;
#894 = PRESENTATION_LAYER_ASSIGNMENT (  '', '', ( #2679 ) ) ;
#895 = ADVANCED_FACE ( 'NONE', ( #2540 ), #4030, .T. ) ;
#896 =( GEOMETRIC_REPRESENTATION_CONTEXT ( 3 ) GLOBAL_UNCERTAINTY_ASSIGNED_CONTEXT ( ( #3987 ) ) GLOBAL_UNIT_ASSIGNED_CONTEXT ( ( #1950, #3582, #2399 ) ) REPRESENTATION_CONTEXT ( 'NONE', 'WORKASPACE' ) );
#897 = CARTESIAN_POINT ( 'NONE',  ( -25.00000000000000000, -5.169952958049080662E-14, 60.02500000000000568 ) ) ;
#898 = AXIS2_PLACEMENT_3D ( 'NONE', #4249, #2613, #610 ) ;
#899 = CARTESIAN_POINT ( 'NONE',  ( 10.00000000000000000, 0.000000000000000000, 50.10000000000000142 ) ) ;
#900 = SURFACE_STYLE_USAGE ( .BOTH. , #1200 ) ;
#901 = DIRECTION ( 'NONE',  ( 0.000000000000000000, 0.000000000000000000, 1.000000000000000000 ) ) ;
#902 = ORIENTED_EDGE ( 'NONE', *, *, #2603, .T. ) ;
#903 = PRESENTATION_LAYER_ASSIGNMENT (  '', '', ( #2327 ) ) ;
#904 = SURFACE_SIDE_STYLE ('',( #4561 ) ) ;
#905 =( LENGTH_UNIT ( ) NAMED_UNIT ( * ) SI_UNIT ( .MILLI., .METRE. ) );
#906 = CARTESIAN_POINT ( 'NONE',  ( 17.77171416942589843, 17.58363015780518523, 57.97490914704154363 ) ) ;
#907 = EDGE_CURVE ( 'NONE', #978, #2936, #399, .T. ) ;
#908 = DIRECTION ( 'NONE',  ( -0.000000000000000000, -0.000000000000000000, -1.000000000000000000 ) ) ;
#909 = PRESENTATION_LAYER_ASSIGNMENT (  '', '', ( #3533 ) ) ;
#910 = ORIENTED_EDGE ( 'NONE', *, *, #2137, .T. ) ;
#911 = CARTESIAN_POINT ( 'NONE',  ( -0.8960261247664076389, -24.98399028843315861, 48.01555097381282167 ) ) ;
#912 = SURFACE_STYLE_USAGE ( .BOTH. , #2516 ) ;
#913 = ORIENTED_EDGE ( 'NONE', *, *, #4579, .F. ) ;
#914 = DIRECTION ( 'NONE',  ( -0.7071067811865457964, -0.7071067811865491270, 0.000000000000000000 ) ) ;
#915 = SURFACE_STYLE_USAGE ( .BOTH. , #4242 ) ;
#916 = FACE_BOUND ( 'NONE', #1414, .T. ) ;
#917 = DIRECTION ( 'NONE',  ( 0.000000000000000000, 0.000000000000000000, 1.000000000000000000 ) ) ;
#918 = ORIENTED_EDGE ( 'NONE', *, *, #4565, .F. ) ;
#919 = FILL_AREA_STYLE ('',( #1314 ) ) ;
#920 = LINE ( 'NONE', #3784, #2625 ) ;
#921 = SURFACE_STYLE_FILL_AREA ( #861 ) ;
#922 = DIRECTION ( 'NONE',  ( -0.000000000000000000, -0.000000000000000000, -1.000000000000000000 ) ) ;
#923 = CARTESIAN_POINT ( 'NONE',  ( -1.024908670285998191, 24.97898240973567852, 59.13439222667396677 ) ) ;
#924 = FACE_OUTER_BOUND ( 'NONE', #2238, .T. ) ;
#925 = ORIENTED_EDGE ( 'NONE', *, *, #1920, .F. ) ;
#926 = EDGE_CURVE ( 'NONE', #4282, #2926, #1816, .T. ) ;
#927 = DIRECTION ( 'NONE',  ( 1.000000000000000000, 0.000000000000000000, 0.000000000000000000 ) ) ;
#928 = LINE ( 'NONE', #1635, #2503 ) ;
#929 = EDGE_LOOP ( 'NONE', ( #1107, #3094, #2600, #1102 ) ) ;
#930 = CARTESIAN_POINT ( 'NONE',  ( 16.93802074834525584, 18.38758964977808574, 47.77087086840337093 ) ) ;
#931 = DIRECTION ( 'NONE',  ( 0.000000000000000000, -0.000000000000000000, 1.000000000000000000 ) ) ;
#932 = DIRECTION ( 'NONE',  ( 1.000000000000000000, 0.000000000000000000, 0.000000000000000000 ) ) ;
#933 = ORIENTED_EDGE ( 'NONE', *, *, #3929, .F. ) ;
#934 = STYLED_ITEM ( 'NONE', ( #4991 ), #5230 ) ;
#935 = FACE_OUTER_BOUND ( 'NONE', #255, .T. ) ;
#936 = CARTESIAN_POINT ( 'NONE',  ( -0.8193404547552048944, 24.98674903070518027, 48.13022506219149932 ) ) ;
#937 = ORIENTED_EDGE ( 'NONE', *, *, #1830, .F. ) ;
#938 = ADVANCED_FACE ( 'NONE', ( #508 ), #3347, .F. ) ;
#939 = CIRCLE ( 'NONE', #3912, 1.024999999999994582 ) ;
#940 = CARTESIAN_POINT ( 'NONE',  ( 18.38758964977802179, -16.93802074834530913, 47.50000000000000000 ) ) ;
#941 = ORIENTED_EDGE ( 'NONE', *, *, #907, .T. ) ;
#942 = FACE_BOUND ( 'NONE', #1760, .T. ) ;
#943 = SURFACE_SIDE_STYLE ('',( #2523 ) ) ;
#944 = CARTESIAN_POINT ( 'NONE',  ( -20.55631959837615241, 8.514706370123194645, 62.00000000000000000 ) ) ;
#945 = CONICAL_SURFACE ( 'NONE', #779, 1.024999999711763365, 1.029744258311296345 ) ;
#946 = ORIENTED_EDGE ( 'NONE', *, *, #5076, .T. ) ;
#947 = CARTESIAN_POINT ( 'NONE',  ( 0.000000000000000000, 20.65000000000000924, 48.52499999992582502 ) ) ;
#948 = CARTESIAN_POINT ( 'NONE',  ( 8.514706370123407808, -20.55631959837606360, 64.00000000000000000 ) ) ;
#949 = ORIENTED_EDGE ( 'NONE', *, *, #1195, .T. ) ;
#950 = EDGE_CURVE ( 'NONE', #4240, #2170, #206, .T. ) ;
#951 = CARTESIAN_POINT ( 'NONE',  ( 24.98400139584355983, -0.8957077204992587305, 58.48409889184210186 ) ) ;
#952 = CARTESIAN_POINT ( 'NONE',  ( -9.539706370123264279, 20.55631959837612399, 58.00000000000000000 ) ) ;
#953 = UNCERTAINTY_MEASURE_WITH_UNIT (LENGTH_MEASURE( 1.000000000000000082E-05 ), #5200, 'distance_accuracy_value', 'NONE');
#954 = DIRECTION ( 'NONE',  ( 1.000000000000000000, 0.000000000000000000, 0.000000000000000000 ) ) ;
#955 = ORIENTED_EDGE ( 'NONE', *, *, #2483, .F. ) ;
#956 = CARTESIAN_POINT ( 'NONE',  ( 17.30932310439747113, 18.03891749477597273, 46.60429229587308697 ) ) ;
#957 = CARTESIAN_POINT ( 'NONE',  ( 18.38758964977767008, 16.93802074834569638, 47.50000000000000000 ) ) ;
#958 = ORIENTED_EDGE ( 'NONE', *, *, #3327, .F. ) ;
#959 = DIRECTION ( 'NONE',  ( 0.000000000000000000, 0.000000000000000000, 1.000000000000000000 ) ) ;
#960 = AXIS2_PLACEMENT_3D ( 'NONE', #2460, #4159, #3285 ) ;
#961 =( NAMED_UNIT ( * ) SI_UNIT ( $, .STERADIAN. ) SOLID_ANGLE_UNIT ( ) );
#962 = LINE ( 'NONE', #2574, #667 ) ;
#963 = ORIENTED_EDGE ( 'NONE', *, *, #24, .F. ) ;
#964 = SURFACE_SIDE_STYLE ('',( #4105 ) ) ;
#965 = DIRECTION ( 'NONE',  ( 0.000000000000000000, 0.000000000000000000, -1.000000000000000000 ) ) ;
#966 = EDGE_CURVE ( 'NONE', #420, #4104, #4559, .T. ) ;
#967 = DIRECTION ( 'NONE',  ( 0.7071067811865510144, -0.7071067811865441310, 0.000000000000000000 ) ) ;
#968 = COLOUR_RGB ( '',1.000000000000000000, 1.000000000000000000, 1.000000000000000000 ) ;
#969 = MECHANICAL_DESIGN_GEOMETRIC_PRESENTATION_REPRESENTATION (  '', ( #1728 ), #5152 ) ;
#970 = CARTESIAN_POINT ( 'NONE',  ( 0.000000000000000000, 0.000000000000000000, 64.00000000000000000 ) ) ;
#971 = VECTOR ( 'NONE', #429, 999.9999999999998863 ) ;
#972 = ORIENTED_EDGE ( 'NONE', *, *, #1311, .F. ) ;
#973 = AXIS2_PLACEMENT_3D ( 'NONE', #79, #3669, #886 ) ;
#974 =( LENGTH_UNIT ( ) NAMED_UNIT ( * ) SI_UNIT ( .MILLI., .METRE. ) );
#975 = DIRECTION ( 'NONE',  ( -0.000000000000000000, -0.000000000000000000, -1.000000000000000000 ) ) ;
#976 = FACE_OUTER_BOUND ( 'NONE', #2530, .T. ) ;
#977 = CIRCLE ( 'NONE', #4483, 1.499999999999999556 ) ;
#978 = VERTEX_POINT ( 'NONE', #2191 ) ;
#979 = COLOUR_RGB ( '',1.000000000000000000, 1.000000000000000000, 1.000000000000000000 ) ;
#980 = CIRCLE ( 'NONE', #3354, 1.024999999999991251 ) ;
#981 = FILL_AREA_STYLE_COLOUR ( '', #1476 ) ;
#982 = CYLINDRICAL_SURFACE ( 'NONE', #4476, 1.500000000000001332 ) ;
#983 = COLOUR_RGB ( '',1.000000000000000000, 1.000000000000000000, 1.000000000000000000 ) ;
#984 = MECHANICAL_DESIGN_GEOMETRIC_PRESENTATION_REPRESENTATION (  '', ( #2590 ), #1324 ) ;
#985 = EDGE_LOOP ( 'NONE', ( #1831, #5058, #3110, #3714 ) ) ;
#986 = CARTESIAN_POINT ( 'NONE',  ( -25.00000000000000000, -8.728703347107833388E-14, 47.50000000000000000 ) ) ;
#987 = ORIENTED_EDGE ( 'NONE', *, *, #4791, .T. ) ;
#988 = VECTOR ( 'NONE', #4726, 1000.000000000000000 ) ;
#989 = AXIS2_PLACEMENT_3D ( 'NONE', #4859, #375, #3047 ) ;
#990 = PRESENTATION_STYLE_ASSIGNMENT (( #180 ) ) ;
#991 = SURFACE_STYLE_USAGE ( .BOTH. , #3026 ) ;
#992 = DIRECTION ( 'NONE',  ( -0.000000000000000000, -0.000000000000000000, 1.000000000000000000 ) ) ;
#993 = CYLINDRICAL_SURFACE ( 'NONE', #2139, 1.024999999999991029 ) ;
#994 = VECTOR ( 'NONE', #793, 1000.000000000000000 ) ;
#995 = CARTESIAN_POINT ( 'NONE',  ( 24.99497086695923898, 0.5165658162315711621, 59.89545299512578680 ) ) ;
#996 = SURFACE_STYLE_FILL_AREA ( #3297 ) ;
#997 = CARTESIAN_POINT ( 'NONE',  ( 1.024908670285999079, 24.97898240973567852, 47.36560777332606165 ) ) ;
#998 = DIRECTION ( 'NONE',  ( -0.000000000000000000, -0.000000000000000000, 1.000000000000000000 ) ) ;
#999 =( NAMED_UNIT ( * ) SI_UNIT ( $, .STERADIAN. ) SOLID_ANGLE_UNIT ( ) );
#1000 = PRESENTATION_LAYER_ASSIGNMENT (  '', '', ( #3271 ) ) ;
#1001 = CARTESIAN_POINT ( 'NONE',  ( -21.58131959837609415, -8.514706370123338530, 58.00000000000000000 ) ) ;
#1002 =( NAMED_UNIT ( * ) PLANE_ANGLE_UNIT ( ) SI_UNIT ( $, .RADIAN. ) );
#1003 = EDGE_CURVE ( 'NONE', #4805, #3844, #977, .T. ) ;
#1004 = CARTESIAN_POINT ( 'NONE',  ( -22.05631959837609202, -8.514706370123338530, 62.00000000000000000 ) ) ;
#1005 = ORIENTED_EDGE ( 'NONE', *, *, #3231, .T. ) ;
#1006 = CYLINDRICAL_SURFACE ( 'NONE', #4576, 1.499999999999999556 ) ;
#1007 = CARTESIAN_POINT ( 'NONE',  ( -24.98010116619887455, 0.9985886416617691941, 47.76735060801718902 ) ) ;
#1008 = SURFACE_STYLE_USAGE ( .BOTH. , #4666 ) ;
#1009 = ORIENTED_EDGE ( 'NONE', *, *, #1899, .T. ) ;
#1010 = ADVANCED_FACE ( 'NONE', ( #1387 ), #5156, .F. ) ;
#1011 = CARTESIAN_POINT ( 'NONE',  ( 0.1354353691713801600, 24.99999999999999645, 57.97500000000002274 ) ) ;
#1012 = DIRECTION ( 'NONE',  ( -0.000000000000000000, -0.000000000000000000, 1.000000000000000000 ) ) ;
#1013 = UNCERTAINTY_MEASURE_WITH_UNIT (LENGTH_MEASURE( 1.000000000000000082E-05 ), #1071, 'distance_accuracy_value', 'NONE');
#1014 = DIRECTION ( 'NONE',  ( 0.000000000000000000, 0.000000000000000000, 1.000000000000000000 ) ) ;
#1015 = CYLINDRICAL_SURFACE ( 'NONE', #4551, 25.00000000000000000 ) ;
#1016 = FILL_AREA_STYLE ('',( #2973 ) ) ;
#1017 = EDGE_LOOP ( 'NONE', ( #4884, #4359, #3621, #2435 ) ) ;
#1018 = ORIENTED_EDGE ( 'NONE', *, *, #3145, .T. ) ;
#1019 = CARTESIAN_POINT ( 'NONE',  ( -20.64999999987549018, -8.728703347107833388E-14, 59.00000000000001421 ) ) ;
#1020 = DIRECTION ( 'NONE',  ( 0.000000000000000000, 0.000000000000000000, 1.000000000000000000 ) ) ;
#1021 = ADVANCED_FACE ( 'NONE', ( #680 ), #4741, .F. ) ;
#1022 = SURFACE_STYLE_USAGE ( .BOTH. , #606 ) ;
#1023 = EDGE_LOOP ( 'NONE', ( #913, #4151 ) ) ;
#1024 = VECTOR ( 'NONE', #3102, 999.9999999999998863 ) ;
#1025 = CARTESIAN_POINT ( 'NONE',  ( -16.93802074834550453, 18.38758964977784416, 59.13543537130608740 ) ) ;
#1026 = ORIENTED_EDGE ( 'NONE', *, *, #2981, .T. ) ;
#1027 = CARTESIAN_POINT ( 'NONE',  ( 14.60175503150233922, -14.60175503150208520, 47.50000000000000000 ) ) ;
#1028 = CARTESIAN_POINT ( 'NONE',  ( -0.8193404547552048944, -24.98674903070518027, 58.36977493780851489 ) ) ;
#1029 = CARTESIAN_POINT ( 'NONE',  ( -16.95288507894738927, -18.40245398037998115, 47.50000000000000000 ) ) ;
#1030 = SURFACE_SIDE_STYLE ('',( #4685 ) ) ;
#1031 = COLOUR_RGB ( '',1.000000000000000000, 1.000000000000000000, 1.000000000000000000 ) ;
#1032 = VERTEX_POINT ( 'NONE', #2691 ) ;
#1033 = CARTESIAN_POINT ( 'NONE',  ( 21.58131959837603020, 8.514706370123480639, 58.00000000000000000 ) ) ;
#1034 = FILL_AREA_STYLE_COLOUR ( '', #164 ) ;
#1035 = VECTOR ( 'NONE', #1215, 1000.000000000000000 ) ;
#1036 = DIRECTION ( 'NONE',  ( -0.000000000000000000, -0.000000000000000000, 1.000000000000000000 ) ) ;
#1037 =( NAMED_UNIT ( * ) PLANE_ANGLE_UNIT ( ) SI_UNIT ( $, .RADIAN. ) );
#1038 = ORIENTED_EDGE ( 'NONE', *, *, #2932, .T. ) ;
#1039 = SURFACE_SIDE_STYLE ('',( #3043 ) ) ;
#1040 = EDGE_CURVE ( 'NONE', #568, #3434, #1877, .T. ) ;
#1041 = ORIENTED_EDGE ( 'NONE', *, *, #1539, .T. ) ;
#1042 =( LENGTH_UNIT ( ) NAMED_UNIT ( * ) SI_UNIT ( .MILLI., .METRE. ) );
#1043 = ORIENTED_EDGE ( 'NONE', *, *, #108, .T. ) ;
#1044 =( NAMED_UNIT ( * ) PLANE_ANGLE_UNIT ( ) SI_UNIT ( $, .RADIAN. ) );
#1045 = CARTESIAN_POINT ( 'NONE',  ( 17.03318281924077837, -18.29954461374684627, 48.01656578188548252 ) ) ;
#1046 = CARTESIAN_POINT ( 'NONE',  ( -22.05631959837615952, 8.514706370123192869, 62.00000000000000000 ) ) ;
#1047 = CARTESIAN_POINT ( 'NONE',  ( -17.08895494857520347, -18.24764547299874096, 46.86974565204986476 ) ) ;
#1048 = DIRECTION ( 'NONE',  ( 0.7071067811865536790, -0.7071067811865413555, 0.000000000000000000 ) ) ;
#1049 = ORIENTED_EDGE ( 'NONE', *, *, #3429, .F. ) ;
#1050 = CARTESIAN_POINT ( 'NONE',  ( -17.48783110241206273, 17.86592197364767998, 58.00141135948314997 ) ) ;
#1051 = DIRECTION ( 'NONE',  ( 1.000000000000000000, 0.000000000000000000, -0.000000000000000000 ) ) ;
#1052 = ORIENTED_EDGE ( 'NONE', *, *, #5145, .F. ) ;
#1053 = FILL_AREA_STYLE_COLOUR ( '', #820 ) ;
#1054 =( NAMED_UNIT ( * ) PLANE_ANGLE_UNIT ( ) SI_UNIT ( $, .RADIAN. ) );
#1055 = SURFACE_STYLE_FILL_AREA ( #4714 ) ;
#1056 = ORIENTED_EDGE ( 'NONE', *, *, #4966, .F. ) ;
#1057 = AXIS2_PLACEMENT_3D ( 'NONE', #2812, #5202, #3177 ) ;
#1058 = FACE_BOUND ( 'NONE', #3358, .T. ) ;
#1059 = UNCERTAINTY_MEASURE_WITH_UNIT (LENGTH_MEASURE( 1.000000000000000082E-05 ), #5111, 'distance_accuracy_value', 'NONE');
#1060 = CONICAL_SURFACE ( 'NONE', #2747, 1.024999999899592229, 1.029744258350855812 ) ;
#1061 =( NAMED_UNIT ( * ) PLANE_ANGLE_UNIT ( ) SI_UNIT ( $, .RADIAN. ) );
#1062 = EDGE_CURVE ( 'NONE', #1032, #3470, #1243, .T. ) ;
#1063 =( NAMED_UNIT ( * ) SI_UNIT ( $, .STERADIAN. ) SOLID_ANGLE_UNIT ( ) );
#1064 = EDGE_LOOP ( 'NONE', ( #876, #1499, #1168 ) ) ;
#1065 = CARTESIAN_POINT ( 'NONE',  ( -1.025090853875685770, -24.97897493392416379, 47.63299546728446643 ) ) ;
#1066 = PRESENTATION_LAYER_ASSIGNMENT (  '', '', ( #3941 ) ) ;
#1067 = MECHANICAL_DESIGN_GEOMETRIC_PRESENTATION_REPRESENTATION (  '', ( #3516 ), #2393 ) ;
#1068 = CARTESIAN_POINT ( 'NONE',  ( -24.98010116619887100, -0.9985886416619463857, 58.73264939198282519 ) ) ;
#1069 = FACE_OUTER_BOUND ( 'NONE', #366, .T. ) ;
#1070 = UNCERTAINTY_MEASURE_WITH_UNIT (LENGTH_MEASURE( 1.000000000000000082E-05 ), #1681, 'distance_accuracy_value', 'NONE');
#1071 =( LENGTH_UNIT ( ) NAMED_UNIT ( * ) SI_UNIT ( .MILLI., .METRE. ) );
#1072 = CIRCLE ( 'NONE', #3519, 1.024999999999994582 ) ;
#1073 = EDGE_LOOP ( 'NONE', ( #4343, #2688, #1777 ) ) ;
#1074 = COLOUR_RGB ( '',1.000000000000000000, 1.000000000000000000, 1.000000000000000000 ) ;
#1075 = ADVANCED_FACE ( 'NONE', ( #4216 ), #4339, .F. ) ;
#1076 = CARTESIAN_POINT ( 'NONE',  ( -25.00000000000000000, 0.000000000000000000, 64.00000000000000000 ) ) ;
#1077 = ORIENTED_EDGE ( 'NONE', *, *, #3439, .F. ) ;
#1078 = CARTESIAN_POINT ( 'NONE',  ( -16.93802074834537308, -18.38758964977797206, 47.36456462869394102 ) ) ;
#1079 = DIRECTION ( 'NONE',  ( -0.7071067811865437980, -0.7071067811865512365, -0.000000000000000000 ) ) ;
#1080 = AXIS2_PLACEMENT_3D ( 'NONE', #2808, #5109, #4433 ) ;
#1081 = CARTESIAN_POINT ( 'NONE',  ( 0.000000000000000000, -25.00000000000000000, 47.50000000000000000 ) ) ;
#1082 = CYLINDRICAL_SURFACE ( 'NONE', #4460, 22.50000000000000355 ) ;
#1083 = DIRECTION ( 'NONE',  ( -0.000000000000000000, -0.000000000000000000, 1.000000000000000000 ) ) ;
#1084 = ORIENTED_EDGE ( 'NONE', *, *, #352, .T. ) ;
#1085 = CARTESIAN_POINT ( 'NONE',  ( -0.9985886416618665606, -24.98010116619887100, 59.26735060801718191 ) ) ;
#1086 = CARTESIAN_POINT ( 'NONE',  ( 0.000000000000000000, 0.000000000000000000, 50.00000000000000711 ) ) ;
#1087 = CARTESIAN_POINT ( 'NONE',  ( -22.05631959837615952, 8.514706370123192869, 64.00000000000000000 ) ) ;
#1088 = PRESENTATION_LAYER_ASSIGNMENT (  '', '', ( #5093 ) ) ;
#1089 = ORIENTED_EDGE ( 'NONE', *, *, #4345, .F. ) ;
#1090 =( LENGTH_UNIT ( ) NAMED_UNIT ( * ) SI_UNIT ( .MILLI., .METRE. ) );
#1091 = CIRCLE ( 'NONE', #4418, 1.024999999999998135 ) ;
#1092 =( NAMED_UNIT ( * ) SI_UNIT ( $, .STERADIAN. ) SOLID_ANGLE_UNIT ( ) );
#1093 = DIRECTION ( 'NONE',  ( -0.8571673007021127777, 1.049727191138619189E-16, 0.5150380749100533784 ) ) ;
#1094 = AXIS2_PLACEMENT_3D ( 'NONE', #4762, #5206, #1496 ) ;
#1095 =( NAMED_UNIT ( * ) SI_UNIT ( $, .STERADIAN. ) SOLID_ANGLE_UNIT ( ) );
#1096 = ORIENTED_EDGE ( 'NONE', *, *, #3517, .F. ) ;
#1097 = EDGE_CURVE ( 'NONE', #63, #568, #3207, .T. ) ;
#1098 = CARTESIAN_POINT ( 'NONE',  ( -25.00000000000000000, -8.728703347107833388E-14, 59.00000000000001421 ) ) ;
#1099 = PRESENTATION_STYLE_ASSIGNMENT (( #673 ) ) ;
#1100 = EDGE_LOOP ( 'NONE', ( #553, #1459 ) ) ;
#1101 = SURFACE_STYLE_USAGE ( .BOTH. , #2762 ) ;
#1102 = ORIENTED_EDGE ( 'NONE', *, *, #1549, .F. ) ;
#1103 = DIRECTION ( 'NONE',  ( -0.000000000000000000, -0.000000000000000000, 1.000000000000000000 ) ) ;
#1104 = CARTESIAN_POINT ( 'NONE',  ( -17.67766952966372784, 17.67766952966366034, 59.00000000000001421 ) ) ;
#1105 = CARTESIAN_POINT ( 'NONE',  ( -16.93802074834550098, 18.38758964977783705, 58.72912913159667880 ) ) ;
#1106 = CARTESIAN_POINT ( 'NONE',  ( -20.64999999987549018, -8.716150717420102778E-14, 57.97500000028825440 ) ) ;
#1107 = ORIENTED_EDGE ( 'NONE', *, *, #677, .F. ) ;
#1108 = CARTESIAN_POINT ( 'NONE',  ( -9.539706370123264279, 20.55631959837612399, 58.00000000000000000 ) ) ;
#1109 = DIRECTION ( 'NONE',  ( -0.8571673007021127777, 1.049727191138619189E-16, 0.5150380749100533784 ) ) ;
#1110 = EDGE_CURVE ( 'NONE', #4068, #5034, #1516, .T. ) ;
#1111 = CARTESIAN_POINT ( 'NONE',  ( 0.000000000000000000, 0.000000000000000000, 0.000000000000000000 ) ) ;
#1112 = ORIENTED_EDGE ( 'NONE', *, *, #5199, .F. ) ;
#1113 = DIRECTION ( 'NONE',  ( -0.7071067811865560104, 0.7071067811865390240, 0.000000000000000000 ) ) ;
#1114 = CARTESIAN_POINT ( 'NONE',  ( -8.514706370123267476, 20.55631959837612399, 64.00000000000000000 ) ) ;
#1115 = FACE_OUTER_BOUND ( 'NONE', #4251, .T. ) ;
#1116 = SURFACE_STYLE_USAGE ( .BOTH. , #3552 ) ;
#1117 = STYLED_ITEM ( 'NONE', ( #1999 ), #4556 ) ;
#1118 = CARTESIAN_POINT ( 'NONE',  ( -4.000000000000000000, 4.898587196589412829E-16, 0.000000000000000000 ) ) ;
#1119 = CIRCLE ( 'NONE', #3395, 1.024999999999991251 ) ;
#1120 = UNCERTAINTY_MEASURE_WITH_UNIT (LENGTH_MEASURE( 1.000000000000000082E-05 ), #1389, 'distance_accuracy_value', 'NONE');
#1121 = EDGE_CURVE ( 'NONE', #583, #2440, #3085, .T. ) ;
#1122 = EDGE_LOOP ( 'NONE', ( #1377, #3933, #879 ) ) ;
#1123 = CARTESIAN_POINT ( 'NONE',  ( 14.16626059747017052, 14.16626059768333334, 47.50000000000000000 ) ) ;
#1124 = ORIENTED_EDGE ( 'NONE', *, *, #3214, .F. ) ;
#1125 = DIRECTION ( 'NONE',  ( -0.7071067811865457964, -0.7071067811865491270, 0.000000000000000000 ) ) ;
#1126 = CARTESIAN_POINT ( 'NONE',  ( -17.30932310439772692, 18.03891749477572404, 48.39570770412692013 ) ) ;
#1127 = CARTESIAN_POINT ( 'NONE',  ( -21.58131959837615099, 8.514706370123194645, 58.00000000000000000 ) ) ;
#1128 = CARTESIAN_POINT ( 'NONE',  ( 24.98010116619885679, 0.9985886416621502226, 58.73264939198292467 ) ) ;
#1129 = CARTESIAN_POINT ( 'NONE',  ( -14.60175503150213139, -14.60175503150228771, 47.50000000000000000 ) ) ;
#1130 = DIRECTION ( 'NONE',  ( -1.000000000000000000, -0.000000000000000000, -0.000000000000000000 ) ) ;
#1131 = DIRECTION ( 'NONE',  ( 1.000000000000000000, 0.000000000000000000, 0.000000000000000000 ) ) ;
#1132 = ORIENTED_EDGE ( 'NONE', *, *, #2960, .F. ) ;
#1133 = SURFACE_SIDE_STYLE ('',( #2665 ) ) ;
#1134 = FILL_AREA_STYLE ('',( #3896 ) ) ;
#1135 = ORIENTED_EDGE ( 'NONE', *, *, #271, .T. ) ;
#1136 = EDGE_CURVE ( 'NONE', #1911, #494, #1351, .T. ) ;
#1137 = CARTESIAN_POINT ( 'NONE',  ( 13.87697058075608503, 15.32653948224832163, 59.00000000000001421 ) ) ;
#1138 =( LENGTH_UNIT ( ) NAMED_UNIT ( * ) SI_UNIT ( .MILLI., .METRE. ) );
#1139 = PRESENTATION_STYLE_ASSIGNMENT (( #3524 ) ) ;
#1140 = DIRECTION ( 'NONE',  ( 1.000000000000000000, 0.000000000000000000, 0.000000000000000000 ) ) ;
#1141 = PRESENTATION_LAYER_ASSIGNMENT (  '', '', ( #3241 ) ) ;
#1142 = LINE ( 'NONE', #349, #4353 ) ;
#1143 = CONICAL_SURFACE ( 'NONE', #2477, 1.024999999941511142, 1.029744258473568763 ) ;
#1144 =( NAMED_UNIT ( * ) PLANE_ANGLE_UNIT ( ) SI_UNIT ( $, .RADIAN. ) );
#1145 = COLOUR_RGB ( '',1.000000000000000000, 1.000000000000000000, 1.000000000000000000 ) ;
#1146 = CARTESIAN_POINT ( 'NONE',  ( -24.98400139584354207, -0.8957077204996387598, 59.51590110815789814 ) ) ;
#1147 = DIRECTION ( 'NONE',  ( -1.000000000000000000, 0.000000000000000000, 0.000000000000000000 ) ) ;
#1148 = VECTOR ( 'NONE', #547, 1000.000000000000000 ) ;
#1149 = PRESENTATION_LAYER_ASSIGNMENT (  '', '', ( #4204 ) ) ;
#1150 = CIRCLE ( 'NONE', #1310, 1.024999999999994582 ) ;
#1151 = ORIENTED_EDGE ( 'NONE', *, *, #808, .F. ) ;
#1152 = FACE_OUTER_BOUND ( 'NONE', #1490, .T. ) ;
#1153 = ORIENTED_EDGE ( 'NONE', *, *, #2109, .T. ) ;
#1154 = CARTESIAN_POINT ( 'NONE',  ( 16.93802074834524518, 18.38758964977808574, 59.00000000000001421 ) ) ;
#1155 = CARTESIAN_POINT ( 'NONE',  ( 20.55631959837621281, -8.514706370123050760, 62.00000000000000000 ) ) ;
#1156 = CIRCLE ( 'NONE', #1902, 1.499999999999999556 ) ;
#1157 = PRESENTATION_LAYER_ASSIGNMENT (  '', '', ( #1320 ) ) ;
#1158 = SURFACE_STYLE_USAGE ( .BOTH. , #4786 ) ;
#1159 = SURFACE_STYLE_FILL_AREA ( #2769 ) ;
#1160 = ADVANCED_FACE ( 'NONE', ( #4416 ), #3143, .F. ) ;
#1162 = STYLED_ITEM ( 'NONE', ( #1578 ), #1751 ) ;
#1161 = DIRECTION ( 'NONE',  ( 0.000000000000000000, 0.000000000000000000, 1.000000000000000000 ) ) ;
#1163 = ORIENTED_EDGE ( 'NONE', *, *, #2619, .T. ) ;
#1164 = CARTESIAN_POINT ( 'NONE',  ( -0.8209026825097969216, -24.98670175466627796, 59.62852723798685162 ) ) ;
#1165 = CARTESIAN_POINT ( 'NONE',  ( -14.60175503148512099, -14.60175503148527731, 59.00000000000001421 ) ) ;
#1166 = COLOUR_RGB ( '',1.000000000000000000, 1.000000000000000000, 1.000000000000000000 ) ;
#1167 = STYLED_ITEM ( 'NONE', ( #5236 ), #2102 ) ;
#1168 = ORIENTED_EDGE ( 'NONE', *, *, #3398, .T. ) ;
#1169 = SURFACE_SIDE_STYLE ('',( #3550 ) ) ;
#1170 = SURFACE_STYLE_USAGE ( .BOTH. , #369 ) ;
#1171 = VECTOR ( 'NONE', #4064, 1000.000000000000000 ) ;
#1172 = SURFACE_STYLE_FILL_AREA ( #4005 ) ;
#1173 = LINE ( 'NONE', #2313, #4988 ) ;
#1174 = EDGE_CURVE ( 'NONE', #685, #146, #4041, .T. ) ;
#1175 = AXIS2_PLACEMENT_3D ( 'NONE', #823, #3677, #1584 ) ;
#1176 = DIRECTION ( 'NONE',  ( 1.000000000000000000, 0.000000000000000000, 0.000000000000000000 ) ) ;
#1177 = CARTESIAN_POINT ( 'NONE',  ( -24.97898240973567496, -1.024908670286089230, 47.63439222667393125 ) ) ;
#1178 = UNCERTAINTY_MEASURE_WITH_UNIT (LENGTH_MEASURE( 1.000000000000000082E-05 ), #2500, 'distance_accuracy_value', 'NONE');
#1179 =( LENGTH_UNIT ( ) NAMED_UNIT ( * ) SI_UNIT ( .MILLI., .METRE. ) );
#1180 = CARTESIAN_POINT ( 'NONE',  ( 14.60175503150233922, -14.60175503150208520, 59.00000000000001421 ) ) ;
#1181 = MECHANICAL_DESIGN_GEOMETRIC_PRESENTATION_REPRESENTATION (  '', ( #3271 ), #3541 ) ;
#1182 = EDGE_CURVE ( 'NONE', #3264, #5151, #2681, .T. ) ;
#1183 = ORIENTED_EDGE ( 'NONE', *, *, #534, .T. ) ;
#1184 = CARTESIAN_POINT ( 'NONE',  ( 0.000000000000000000, 0.000000000000000000, 64.00000000000000000 ) ) ;
#1185 = CARTESIAN_POINT ( 'NONE',  ( 17.08895494857507558, 18.24764547299885820, 58.36974565204987897 ) ) ;
#1186 = CARTESIAN_POINT ( 'NONE',  ( -16.95767621547356541, 18.36953639576550046, 47.76833136223815757 ) ) ;
#1187 = CARTESIAN_POINT ( 'NONE',  ( -17.77269653572410846, -17.58263722810970719, 60.02490867121290563 ) ) ;
#1188 = SURFACE_SIDE_STYLE ('',( #3182 ) ) ;
#1189 = PRESENTATION_STYLE_ASSIGNMENT (( #782 ) ) ;
#1190 = VERTEX_POINT ( 'NONE', #2371 ) ;
#1191 = EDGE_CURVE ( 'NONE', #1283, #1642, #4808, .T. ) ;
#1192 = FACE_OUTER_BOUND ( 'NONE', #1416, .T. ) ;
#1193 = ORIENTED_EDGE ( 'NONE', *, *, #1062, .T. ) ;
#1194 = CARTESIAN_POINT ( 'NONE',  ( 25.00000000000000000, 3.061616997868383043E-15, 45.50000000000000000 ) ) ;
#1195 = EDGE_CURVE ( 'NONE', #4744, #5143, #1744, .T. ) ;
#1196 = DIRECTION ( 'NONE',  ( 1.000000000000000000, 0.000000000000000000, 0.000000000000000000 ) ) ;
#1197 = CARTESIAN_POINT ( 'NONE',  ( 21.58131959837621139, -8.514706370123050760, 58.00000000000000000 ) ) ;
#1198 = SURFACE_STYLE_USAGE ( .BOTH. , #4906 ) ;
#1199 = CARTESIAN_POINT ( 'NONE',  ( 0.000000000000000000, 0.000000000000000000, 64.00000000000000000 ) ) ;
#1200 = SURFACE_SIDE_STYLE ('',( #1686 ) ) ;
#1201 = FACE_OUTER_BOUND ( 'NONE', #3580, .T. ) ;
#1202 = ORIENTED_EDGE ( 'NONE', *, *, #3553, .T. ) ;
#1203 = AXIS2_PLACEMENT_3D ( 'NONE', #463, #2807, #2902 ) ;
#1204 =( NAMED_UNIT ( * ) SI_UNIT ( $, .STERADIAN. ) SOLID_ANGLE_UNIT ( ) );
#1205 = SURFACE_STYLE_FILL_AREA ( #3991 ) ;
#1206 = EDGE_CURVE ( 'NONE', #2698, #568, #4221, .T. ) ;
#1207 = SURFACE_STYLE_FILL_AREA ( #1619 ) ;
#1208 = AXIS2_PLACEMENT_3D ( 'NONE', #3743, #1365, #532 ) ;
#1209 =( NAMED_UNIT ( * ) SI_UNIT ( $, .STERADIAN. ) SOLID_ANGLE_UNIT ( ) );
#1210 = ORIENTED_EDGE ( 'NONE', *, *, #4676, .T. ) ;
#1211 = EDGE_LOOP ( 'NONE', ( #1342, #1946, #5138 ) ) ;
#1212 = CARTESIAN_POINT ( 'NONE',  ( 24.99886811758394956, -0.2683313665698364714, 46.50166409125331768 ) ) ;
#1213 = VERTEX_POINT ( 'NONE', #3340 ) ;
#1214 = FILL_AREA_STYLE ('',( #5243 ) ) ;
#1215 = DIRECTION ( 'NONE',  ( 0.8571673007021127777, 0.000000000000000000, 0.5150380749100533784 ) ) ;
#1216 = DIRECTION ( 'NONE',  ( -1.000000000000000000, 0.000000000000000000, 0.000000000000000000 ) ) ;
#1217 = DIRECTION ( 'NONE',  ( -0.7071067811865560104, 0.7071067811865391350, 0.000000000000000000 ) ) ;
#1218 = FACE_OUTER_BOUND ( 'NONE', #446, .T. ) ;
#1219 = LINE ( 'NONE', #2077, #3458 ) ;
#1220 = ADVANCED_FACE ( 'NONE', ( #3665 ), #2909, .F. ) ;
#1221 = CARTESIAN_POINT ( 'NONE',  ( 0.000000000000000000, 0.000000000000000000, 0.000000000000000000 ) ) ;
#1222 =( GEOMETRIC_REPRESENTATION_CONTEXT ( 3 ) GLOBAL_UNCERTAINTY_ASSIGNED_CONTEXT ( ( #4485 ) ) GLOBAL_UNIT_ASSIGNED_CONTEXT ( ( #3741, #4049, #45 ) ) REPRESENTATION_CONTEXT ( 'NONE', 'WORKASPACE' ) );
#1223 = ORIENTED_EDGE ( 'NONE', *, *, #3145, .F. ) ;
#1224 = CYLINDRICAL_SURFACE ( 'NONE', #471, 1.024999999999994582 ) ;
#1225 = CARTESIAN_POINT ( 'NONE',  ( 25.00000000000000000, 0.2708708636540407833, 57.97500000000002274 ) ) ;
#1226 = SURFACE_STYLE_USAGE ( .BOTH. , #4095 ) ;
#1227 = ORIENTED_EDGE ( 'NONE', *, *, #523, .F. ) ;
#1228 = CARTESIAN_POINT ( 'NONE',  ( -17.22777569394631314, -18.11664750846015792, 48.32090264345644215 ) ) ;
#1229 = DIRECTION ( 'NONE',  ( 0.000000000000000000, 0.000000000000000000, -1.000000000000000000 ) ) ;
#1230 = AXIS2_PLACEMENT_3D ( 'NONE', #720, #3531, #5177 ) ;
#1231 = CONICAL_SURFACE ( 'NONE', #5229, 1.024999999831120112, 1.029744258214109420 ) ;
#1232 = EDGE_CURVE ( 'NONE', #3501, #2776, #23, .T. ) ;
#1233 = CARTESIAN_POINT ( 'NONE',  ( 22.05631959837621281, -8.514706370123048984, 62.00000000000000000 ) ) ;
#1234 = STYLED_ITEM ( 'NONE', ( #3785 ), #4294 ) ;
#1235 = MECHANICAL_DESIGN_GEOMETRIC_PRESENTATION_REPRESENTATION (  '', ( #1558 ), #2315 ) ;
#1236 = SURFACE_STYLE_FILL_AREA ( #1282 ) ;
#1237 = ORIENTED_EDGE ( 'NONE', *, *, #716, .F. ) ;
#1238 = CYLINDRICAL_SURFACE ( 'NONE', #2158, 1.024999999999994582 ) ;
#1239 = MECHANICAL_DESIGN_GEOMETRIC_PRESENTATION_REPRESENTATION (  '', ( #802 ), #4302 ) ;
#1240 = STYLED_ITEM ( 'NONE', ( #990 ), #1021 ) ;
#1241 = EDGE_LOOP ( 'NONE', ( #1666, #1840, #3156, #5235 ) ) ;
#1242 = SURFACE_SIDE_STYLE ('',( #2354 ) ) ;
#1243 = CIRCLE ( 'NONE', #579, 1.024999999999988587 ) ;
#1244 =( NAMED_UNIT ( * ) PLANE_ANGLE_UNIT ( ) SI_UNIT ( $, .RADIAN. ) );
#1245 = SURFACE_STYLE_FILL_AREA ( #2467 ) ;
#1246 = FACE_OUTER_BOUND ( 'NONE', #315, .T. ) ;
#1247 = CIRCLE ( 'NONE', #4222, 1.499999999999999556 ) ;
#1248 = AXIS2_PLACEMENT_3D ( 'NONE', #1308, #1730, #4594 ) ;
#1249 = DIRECTION ( 'NONE',  ( -0.000000000000000000, -1.000000000000000000, -0.000000000000000000 ) ) ;
#1250 = CARTESIAN_POINT ( 'NONE',  ( 14.60175503147081777, 14.60175503147117304, 47.50000000000000000 ) ) ;
#1251 = PRESENTATION_LAYER_ASSIGNMENT (  '', '', ( #1333 ) ) ;
#1252 = ORIENTED_EDGE ( 'NONE', *, *, #2877, .F. ) ;
#1253 = EDGE_CURVE ( 'NONE', #753, #845, #4023, .T. ) ;
#1254 = CARTESIAN_POINT ( 'NONE',  ( 25.00000000000000000, 2.127305895803872904E-13, 57.97500000000002984 ) ) ;
#1255 = DIRECTION ( 'NONE',  ( 0.7071067811865536790, -0.7071067811865414665, 0.000000000000000000 ) ) ;
#1256 = DIRECTION ( 'NONE',  ( 1.000000000000000000, 0.000000000000000000, 0.000000000000000000 ) ) ;
#1257 = AXIS2_PLACEMENT_3D ( 'NONE', #1, #4088, #821 ) ;
#1258 = DIRECTION ( 'NONE',  ( -0.000000000000000000, -0.000000000000000000, 1.000000000000000000 ) ) ;
#1259 = CARTESIAN_POINT ( 'NONE',  ( -7.489706370123268009, -20.55631959837612399, 58.00000000000000000 ) ) ;
#1260 = MECHANICAL_DESIGN_GEOMETRIC_PRESENTATION_REPRESENTATION (  '', ( #3104 ), #1674 ) ;
#1261 = ADVANCED_FACE ( 'NONE', ( #2534 ), #1672, .F. ) ;
#1262 = CARTESIAN_POINT ( 'NONE',  ( 16.95288507894764507, -18.40245398037974667, 59.00000000000001421 ) ) ;
#1263 = VERTEX_POINT ( 'NONE', #2126 ) ;
#1264 = CARTESIAN_POINT ( 'NONE',  ( 20.55631959837603162, 8.514706370123482415, 62.00000000000000000 ) ) ;
#1265 = DIRECTION ( 'NONE',  ( -1.000000000000000000, -0.000000000000000000, -0.000000000000000000 ) ) ;
#1266 = ORIENTED_EDGE ( 'NONE', *, *, #5145, .T. ) ;
#1267 = CYLINDRICAL_SURFACE ( 'NONE', #4176, 1.024999999999991251 ) ;
#1268 = SURFACE_SIDE_STYLE ('',( #921 ) ) ;
#1269 = EDGE_CURVE ( 'NONE', #3640, #2376, #2134, .T. ) ;
#1270 = FACE_OUTER_BOUND ( 'NONE', #270, .T. ) ;
#1271 = DIRECTION ( 'NONE',  ( 1.000000000000000000, 0.000000000000000000, 0.000000000000000000 ) ) ;
#1272 = UNCERTAINTY_MEASURE_WITH_UNIT (LENGTH_MEASURE( 1.000000000000000082E-05 ), #3823, 'distance_accuracy_value', 'NONE');
#1273 = LINE ( 'NONE', #3225, #535 ) ;
#1274 = ORIENTED_EDGE ( 'NONE', *, *, #2501, .F. ) ;
#1275 = AXIS2_PLACEMENT_3D ( 'NONE', #1264, #1014, #4331 ) ;
#1276 = ORIENTED_EDGE ( 'NONE', *, *, #808, .T. ) ;
#1277 = CYLINDRICAL_SURFACE ( 'NONE', #4385, 1.024999999999985922 ) ;
#1278 = PRESENTATION_STYLE_ASSIGNMENT (( #4181 ) ) ;
#1279 = CIRCLE ( 'NONE', #13, 1.499999999999999556 ) ;
#1280 = ORIENTED_EDGE ( 'NONE', *, *, #2213, .T. ) ;
#1281 = DIRECTION ( 'NONE',  ( 0.000000000000000000, 0.000000000000000000, 1.000000000000000000 ) ) ;
#1282 = FILL_AREA_STYLE ('',( #4891 ) ) ;
#1283 = VERTEX_POINT ( 'NONE', #2085 ) ;
#1284 = PRESENTATION_LAYER_ASSIGNMENT (  '', '', ( #4086 ) ) ;
#1285 = B_SPLINE_CURVE_WITH_KNOTS ( 'NONE', 3,
 ( #365, #2335, #3620, #3952, #5268, #1600, #2822, #4471, #2010, #2726, #3647, #3548, #25, #4369, #711, #2092 ),
 .UNSPECIFIED., .F., .F.,
 ( 4, 2, 2, 2, 2, 2, 2, 4 ),
 ( 1.736465082487043444E-18, 0.0004005359259930552237, 0.0008010718519861087126, 0.001201607777979162147, 0.001602143703972215691, 0.002002679629965269017, 0.002403215555958322560, 0.003204287407944429646 ),
 .UNSPECIFIED. ) ;
#1286 = ADVANCED_FACE ( 'NONE', ( #1693 ), #3309, .F. ) ;
#1287 = ORIENTED_EDGE ( 'NONE', *, *, #1195, .F. ) ;
#1288 = LINE ( 'NONE', #5003, #2570 ) ;
#1289 = DIRECTION ( 'NONE',  ( 1.000000000000000000, 0.000000000000000000, -0.000000000000000000 ) ) ;
#1290 = CARTESIAN_POINT ( 'NONE',  ( -24.98670175466628152, 0.8209026825097114344, 59.62852723798685162 ) ) ;
#1291 = DIRECTION ( 'NONE',  ( -0.000000000000000000, -0.000000000000000000, 1.000000000000000000 ) ) ;
#1292 = CARTESIAN_POINT ( 'NONE',  ( -0.2708708636538032510, 25.00000000000001066, 57.97500000000005116 ) ) ;
#1293 = ADVANCED_FACE ( 'NONE', ( #3906 ), #982, .F. ) ;
#1294 = FILL_AREA_STYLE ('',( #3467 ) ) ;
#1295 = ORIENTED_EDGE ( 'NONE', *, *, #1378, .F. ) ;
#1296 = CARTESIAN_POINT ( 'NONE',  ( 20.55631959837621281, -8.514706370123048984, 64.00000000000000000 ) ) ;
#1297 = ORIENTED_EDGE ( 'NONE', *, *, #4285, .T. ) ;
#1298 = FILL_AREA_STYLE ('',( #2907 ) ) ;
#1299 = DIRECTION ( 'NONE',  ( -0.000000000000000000, -0.000000000000000000, -1.000000000000000000 ) ) ;
#1300 = AXIS2_PLACEMENT_3D ( 'NONE', #3444, #1867, #3899 ) ;
#1301 = ORIENTED_EDGE ( 'NONE', *, *, #4905, .F. ) ;
#1302 = CARTESIAN_POINT ( 'NONE',  ( 17.03318281924077837, -18.29954461374684627, 59.51656578188551094 ) ) ;
#1303 = VECTOR ( 'NONE', #40, 1000.000000000000000 ) ;
#1304 = FILL_AREA_STYLE ('',( #3348 ) ) ;
#1305 = ORIENTED_EDGE ( 'NONE', *, *, #2395, .T. ) ;
#1306 = PRESENTATION_LAYER_ASSIGNMENT (  '', '', ( #473 ) ) ;
#1307 = CARTESIAN_POINT ( 'NONE',  ( 8.514706370123407808, -20.55631959837606360, 58.00000000000000000 ) ) ;
#1308 = CARTESIAN_POINT ( 'NONE',  ( 8.514706370123267476, -20.55631959837612399, 62.00000000000000000 ) ) ;
#1309 = COLOUR_RGB ( '',1.000000000000000000, 1.000000000000000000, 1.000000000000000000 ) ;
#1310 = AXIS2_PLACEMENT_3D ( 'NONE', #2495, #2520, #1341 ) ;
#1311 = EDGE_CURVE ( 'NONE', #4215, #3264, #4698, .T. ) ;
#1312 = FACE_BOUND ( 'NONE', #4946, .T. ) ;
#1313 = ORIENTED_EDGE ( 'NONE', *, *, #3246, .T. ) ;
#1314 = FILL_AREA_STYLE_COLOUR ( '', #2833 ) ;
#1316 = AXIS2_PLACEMENT_3D ( 'NONE', #3301, #2937, #2424 ) ;
#1315 = CARTESIAN_POINT ( 'NONE',  ( -17.08895494857532427, 18.24764547299862372, 59.63025434795016366 ) ) ;
#1317 = CARTESIAN_POINT ( 'NONE',  ( -24.98399028843315861, 0.8960261247663181550, 59.51555097381282877 ) ) ;
#1318 = CARTESIAN_POINT ( 'NONE',  ( -0.9979684208314143490, -24.98012564217998488, 58.73073190871500060 ) ) ;
#1319 = AXIS2_PLACEMENT_3D ( 'NONE', #5142, #4877, #1217 ) ;
#1320 = STYLED_ITEM ( 'NONE', ( #3765 ), #1286 ) ;
#1321 = EDGE_CURVE ( 'NONE', #4068, #3907, #4814, .T. ) ;
#1322 = ORIENTED_EDGE ( 'NONE', *, *, #3486, .T. ) ;
#1323 = FILL_AREA_STYLE ('',( #3711 ) ) ;
#1324 =( GEOMETRIC_REPRESENTATION_CONTEXT ( 3 ) GLOBAL_UNCERTAINTY_ASSIGNED_CONTEXT ( ( #1381 ) ) GLOBAL_UNIT_ASSIGNED_CONTEXT ( ( #159, #2193, #4219 ) ) REPRESENTATION_CONTEXT ( 'NONE', 'WORKASPACE' ) );
#1325 = EDGE_CURVE ( 'NONE', #670, #1885, #1641, .T. ) ;
#1326 = DIRECTION ( 'NONE',  ( -0.000000000000000000, 0.000000000000000000, 1.000000000000000000 ) ) ;
#1327 = VERTEX_POINT ( 'NONE', #258 ) ;
#1328 = AXIS2_PLACEMENT_3D ( 'NONE', #1438, #702, #1926 ) ;
#1329 = CARTESIAN_POINT ( 'NONE',  ( 0.8193404547552043393, 24.98674903070517317, 58.36977493780850068 ) ) ;
#1330 = CARTESIAN_POINT ( 'NONE',  ( 17.67766952966384508, -17.67766952966353600, 59.00000000000001421 ) ) ;
#1331 = FILL_AREA_STYLE_COLOUR ( '', #2921 ) ;
#1332 = ADVANCED_FACE ( 'NONE', ( #580 ), #1398, .F. ) ;
#1333 = STYLED_ITEM ( 'NONE', ( #5015 ), #3157 ) ;
#1334 = VECTOR ( 'NONE', #2425, 1000.000000000000114 ) ;
#1335 = ORIENTED_EDGE ( 'NONE', *, *, #854, .F. ) ;
#1336 = CARTESIAN_POINT ( 'NONE',  ( 0.000000000000000000, -25.00000000000000000, 46.47500000000000853 ) ) ;
#1337 =( GEOMETRIC_REPRESENTATION_CONTEXT ( 3 ) GLOBAL_UNCERTAINTY_ASSIGNED_CONTEXT ( ( #2959 ) ) GLOBAL_UNIT_ASSIGNED_CONTEXT ( ( #2863, #4532, #140 ) ) REPRESENTATION_CONTEXT ( 'NONE', 'WORKASPACE' ) );
#1338 = ORIENTED_EDGE ( 'NONE', *, *, #3926, .F. ) ;
#1339 = CARTESIAN_POINT ( 'NONE',  ( 10.00000000000000000, 0.000000000000000000, 50.10000000000001563 ) ) ;
#1340 = PRESENTATION_LAYER_ASSIGNMENT (  '', '', ( #669 ) ) ;
#1341 = DIRECTION ( 'NONE',  ( 1.000000000000000000, 0.000000000000000000, 0.000000000000000000 ) ) ;
#1342 = ORIENTED_EDGE ( 'NONE', *, *, #4437, .F. ) ;
#1343 = FACE_OUTER_BOUND ( 'NONE', #4539, .T. ) ;
#1344 = LINE ( 'NONE', #2577, #846 ) ;
#1345 = DIRECTION ( 'NONE',  ( 0.7071067811865536790, -0.7071067811865413555, 0.000000000000000000 ) ) ;
#1346 = DIRECTION ( 'NONE',  ( 0.000000000000000000, 1.000000000000000000, 0.000000000000000000 ) ) ;
#1347 = LINE ( 'NONE', #2667, #2325 ) ;
#1348 = ADVANCED_FACE ( 'NONE', ( #4263, #5042, #3019, #5073 ), #1015, .T. ) ;
#1349 = FILL_AREA_STYLE_COLOUR ( '', #1759 ) ;
#1350 = ORIENTED_EDGE ( 'NONE', *, *, #3373, .F. ) ;
#1351 = B_SPLINE_CURVE_WITH_KNOTS ( 'NONE', 3,
 ( #3178, #4841, #1186, #2005, #2813, #2790, #1126, #3120, #309, #5260, #727, #3637, #11, #1537, #4014, #4360 ),
 .UNSPECIFIED., .F., .F.,
 ( 4, 2, 2, 2, 2, 2, 2, 4 ),
 ( 0.003204287391195123277, 0.003604823501101695783, 0.004005359611008268289, 0.004405895720914839928, 0.004806431830821412433, 0.005206967940727984939, 0.005607504050634556578, 0.006408576270447701589 ),
 .UNSPECIFIED. ) ;
#1352 = CYLINDRICAL_SURFACE ( 'NONE', #233, 1.499999999999999556 ) ;
#1353 = B_SPLINE_CURVE_WITH_KNOTS ( 'NONE', 3,
 ( #3799, #2240, #3392, #1755, #2163, #5040, #951, #3764, #3481, #4636, #618, #200, #2992, #227, #4670, #1410 ),
 .UNSPECIFIED., .F., .F.,
 ( 4, 2, 2, 2, 2, 2, 2, 4 ),
 ( 0.000000000000000000, 0.0004005359259930163550, 0.0008010718519860327100, 0.001201607777979048957, 0.001602143703972065637, 0.002002679629965082534, 0.002403215555958099214, 0.003204287407944117830 ),
 .UNSPECIFIED. ) ;
#1354 = EDGE_LOOP ( 'NONE', ( #1383, #750, #3384, #2900 ) ) ;
#1355 = CARTESIAN_POINT ( 'NONE',  ( 18.24764547299843898, 17.08895494857551611, 48.13025434795012103 ) ) ;
#1356 =( NAMED_UNIT ( * ) PLANE_ANGLE_UNIT ( ) SI_UNIT ( $, .RADIAN. ) );
#1357 = FILL_AREA_STYLE ('',( #3826 ) ) ;
#1358 = EDGE_LOOP ( 'NONE', ( #3250, #5130, #5208, #1227 ) ) ;
#1359 = AXIS2_PLACEMENT_3D ( 'NONE', #4654, #4246, #3322 ) ;
#1360 = CARTESIAN_POINT ( 'NONE',  ( 17.58263722810940166, 17.77269653572441754, 46.47509132878710858 ) ) ;
#1361 = ADVANCED_FACE ( 'NONE', ( #4803 ), #3425, .F. ) ;
#1362 = FILL_AREA_STYLE_COLOUR ( '', #1661 ) ;
#1363 = ORIENTED_EDGE ( 'NONE', *, *, #3966, .F. ) ;
#1364 = DIRECTION ( 'NONE',  ( 0.000000000000000000, 0.000000000000000000, 1.000000000000000000 ) ) ;
#1365 = DIRECTION ( 'NONE',  ( -0.000000000000000000, -0.000000000000000000, 1.000000000000000000 ) ) ;
#1366 = AXIS2_PLACEMENT_3D ( 'NONE', #2497, #480, #3591 ) ;
#1367 = EDGE_LOOP ( 'NONE', ( #2636, #1589 ) ) ;
#1368 = DIRECTION ( 'NONE',  ( 0.000000000000000000, 0.000000000000000000, -1.000000000000000000 ) ) ;
#1369 = CARTESIAN_POINT ( 'NONE',  ( -18.38758964977790811, 16.93802074834543347, 59.00000000000001421 ) ) ;
#1370 = CARTESIAN_POINT ( 'NONE',  ( 0.000000000000000000, 0.000000000000000000, 50.10000000000000142 ) ) ;
#1371 = AXIS2_PLACEMENT_3D ( 'NONE', #3726, #1807, #4167 ) ;
#1372 = ORIENTED_EDGE ( 'NONE', *, *, #334, .F. ) ;
#1373 = CARTESIAN_POINT ( 'NONE',  ( 20.55631959837603162, 8.514706370123480639, 58.00000000000000000 ) ) ;
#1374 = UNCERTAINTY_MEASURE_WITH_UNIT (LENGTH_MEASURE( 1.000000000000000082E-05 ), #3030, 'distance_accuracy_value', 'NONE');
#1375 = CARTESIAN_POINT ( 'NONE',  ( 8.514706370123407808, -20.55631959837606360, 62.00000000000000000 ) ) ;
#1376 = CARTESIAN_POINT ( 'NONE',  ( 0.1354353691713824914, -24.99999999999999645, 48.52499999999998437 ) ) ;
#1377 = ORIENTED_EDGE ( 'NONE', *, *, #4641, .F. ) ;
#1378 = EDGE_CURVE ( 'NONE', #1721, #3189, #4634, .T. ) ;
#1379 = CARTESIAN_POINT ( 'NONE',  ( -22.05631959837609202, -8.514706370123338530, 64.00000000000000000 ) ) ;
#1380 = CARTESIAN_POINT ( 'NONE',  ( 18.36953639576531927, 16.95767621547375015, 47.76833136223815757 ) ) ;
#1381 = UNCERTAINTY_MEASURE_WITH_UNIT (LENGTH_MEASURE( 1.000000000000000082E-05 ), #159, 'distance_accuracy_value', 'NONE');
#1382 = DIRECTION ( 'NONE',  ( 1.000000000000000000, 0.000000000000000000, 0.000000000000000000 ) ) ;
#1383 = ORIENTED_EDGE ( 'NONE', *, *, #3824, .F. ) ;
#1384 = CARTESIAN_POINT ( 'NONE',  ( 16.93802074834562532, -18.38758964977773047, 59.00000000000001421 ) ) ;
#1385 = SURFACE_STYLE_USAGE ( .BOTH. , #4337 ) ;
#1386 = ORIENTED_EDGE ( 'NONE', *, *, #950, .T. ) ;
#1387 = FACE_OUTER_BOUND ( 'NONE', #5198, .T. ) ;
#1388 = DIRECTION ( 'NONE',  ( -0.000000000000000000, -0.000000000000000000, -1.000000000000000000 ) ) ;
#1389 =( LENGTH_UNIT ( ) NAMED_UNIT ( * ) SI_UNIT ( .MILLI., .METRE. ) );
#1390 = EDGE_CURVE ( 'NONE', #1596, #2721, #1732, .T. ) ;
#1391 =( GEOMETRIC_REPRESENTATION_CONTEXT ( 3 ) GLOBAL_UNCERTAINTY_ASSIGNED_CONTEXT ( ( #3710 ) ) GLOBAL_UNIT_ASSIGNED_CONTEXT ( ( #1675, #3312, #121 ) ) REPRESENTATION_CONTEXT ( 'NONE', 'WORKASPACE' ) );
#1392 = CARTESIAN_POINT ( 'NONE',  ( 25.00000000000000000, 3.061616997868383043E-15, 60.02500000000000568 ) ) ;
#1393 = SURFACE_SIDE_STYLE ('',( #2251 ) ) ;
#1394 = ORIENTED_EDGE ( 'NONE', *, *, #837, .F. ) ;
#1395 = PRESENTATION_STYLE_ASSIGNMENT (( #2927 ) ) ;
#1396 = DIRECTION ( 'NONE',  ( 0.7071067811865517916, -0.7071067811865433539, 0.000000000000000000 ) ) ;
#1397 = VECTOR ( 'NONE', #3252, 1000.000000000000000 ) ;
#1398 = CONICAL_SURFACE ( 'NONE', #4297, 1.024999999711763365, 1.029744258311296345 ) ;
#1399 = VECTOR ( 'NONE', #2306, 1000.000000000000000 ) ;
#1400 = CARTESIAN_POINT ( 'NONE',  ( 17.67766952966384508, -17.67766952966353600, 47.50000000000000000 ) ) ;
#1401 = VERTEX_POINT ( 'NONE', #4432 ) ;
#1402 = SURFACE_STYLE_USAGE ( .BOTH. , #4663 ) ;
#1403 =( NAMED_UNIT ( * ) PLANE_ANGLE_UNIT ( ) SI_UNIT ( $, .RADIAN. ) );
#1404 = FACE_OUTER_BOUND ( 'NONE', #4924, .T. ) ;
#1405 = DIRECTION ( 'NONE',  ( -0.7071067811865439090, -0.7071067811865512365, -0.000000000000000000 ) ) ;
#1406 = CIRCLE ( 'NONE', #4901, 1.499999999999999556 ) ;
#1407 = VECTOR ( 'NONE', #1527, 1000.000000000000000 ) ;
#1408 = ORIENTED_EDGE ( 'NONE', *, *, #1823, .F. ) ;
#1409 = AXIS2_PLACEMENT_3D ( 'NONE', #2444, #3653, #4479 ) ;
#1410 = CARTESIAN_POINT ( 'NONE',  ( 25.00000000000000000, 3.061616997868383043E-15, 60.02500000000000568 ) ) ;
#1411 = AXIS2_PLACEMENT_3D ( 'NONE', #3073, #4768, #1864 ) ;
#1412 = ADVANCED_FACE ( 'NONE', ( #795 ), #4979, .F. ) ;
#1413 = PRESENTATION_LAYER_ASSIGNMENT (  '', '', ( #5251 ) ) ;
#1414 = EDGE_LOOP ( 'NONE', ( #2379, #1041 ) ) ;
#1415 =( NAMED_UNIT ( * ) SI_UNIT ( $, .STERADIAN. ) SOLID_ANGLE_UNIT ( ) );
#1416 = EDGE_LOOP ( 'NONE', ( #1338, #679, #2640, #2178 ) ) ;
#1417 = COLOUR_RGB ( '',1.000000000000000000, 1.000000000000000000, 1.000000000000000000 ) ;
#1418 = FILL_AREA_STYLE_COLOUR ( '', #2841 ) ;
#1419 = LINE ( 'NONE', #624, #4699 ) ;
#1420 = PLANE ( 'NONE',  #5089 ) ;
#1421 =( GEOMETRIC_REPRESENTATION_CONTEXT ( 3 ) GLOBAL_UNCERTAINTY_ASSIGNED_CONTEXT ( ( #3879 ) ) GLOBAL_UNIT_ASSIGNED_CONTEXT ( ( #1609, #2450, #4953 ) ) REPRESENTATION_CONTEXT ( 'NONE', 'WORKASPACE' ) );
#1422 = PRESENTATION_STYLE_ASSIGNMENT (( #1022 ) ) ;
#1423 = ORIENTED_EDGE ( 'NONE', *, *, #4501, .F. ) ;
#1424 = DIRECTION ( 'NONE',  ( 0.2419218954671389643, 0.9702957263090394857, 1.337682166492365759E-15 ) ) ;
#1425 = CARTESIAN_POINT ( 'NONE',  ( 0.000000000000000000, 25.00000000000000000, 47.50000000000000000 ) ) ;
#1426 = AXIS2_PLACEMENT_3D ( 'NONE', #3840, #1817, #3365 ) ;
#1427 =( NAMED_UNIT ( * ) PLANE_ANGLE_UNIT ( ) SI_UNIT ( $, .RADIAN. ) );
#1428 = ORIENTED_EDGE ( 'NONE', *, *, #3, .T. ) ;
#1429 = ADVANCED_FACE ( 'NONE', ( #2756 ), #138, .F. ) ;
#1430 = DIRECTION ( 'NONE',  ( 0.000000000000000000, -0.5150380749206701081, -0.8571673006957336582 ) ) ;
#1431 = ORIENTED_EDGE ( 'NONE', *, *, #950, .F. ) ;
#1432 = FILL_AREA_STYLE ('',( #1774 ) ) ;
#1433 = SURFACE_STYLE_FILL_AREA ( #5071 ) ;
#1434 = UNCERTAINTY_MEASURE_WITH_UNIT (LENGTH_MEASURE( 1.000000000000000082E-05 ), #4547, 'distance_accuracy_value', 'NONE');
#1435 = CARTESIAN_POINT ( 'NONE',  ( 0.000000000000000000, 20.65000000000000924, 59.00000000000001421 ) ) ;
#1436 = CARTESIAN_POINT ( 'NONE',  ( -20.65000000000000924, -8.728703347107833388E-14, 60.02499999991901802 ) ) ;
#1437 = ORIENTED_EDGE ( 'NONE', *, *, #4501, .T. ) ;
#1438 = CARTESIAN_POINT ( 'NONE',  ( 17.67766952966347205, 17.67766952966390193, 59.00000000000001421 ) ) ;
#1439 = ORIENTED_EDGE ( 'NONE', *, *, #3315, .T. ) ;
#1440 = ADVANCED_FACE ( 'NONE', ( #3275 ), #4090, .F. ) ;
#1441 = CARTESIAN_POINT ( 'NONE',  ( 16.93802074834562887, -18.38758964977773047, 47.63543537130606609 ) ) ;
#1442 = DIRECTION ( 'NONE',  ( 1.000000000000000000, 0.000000000000000000, 0.000000000000000000 ) ) ;
#1443 = CARTESIAN_POINT ( 'NONE',  ( 24.97897493392415669, 1.025090853875962216, 58.86700453271564015 ) ) ;
#1444 = FACE_OUTER_BOUND ( 'NONE', #2366, .T. ) ;
#1445 = CARTESIAN_POINT ( 'NONE',  ( 0.8193404547552048944, 24.98674903070518027, 46.86977493780850068 ) ) ;
#1446 = EDGE_CURVE ( 'NONE', #1263, #4133, #1821, .T. ) ;
#1447 = CARTESIAN_POINT ( 'NONE',  ( 17.86726053904562050, -17.48645794738391501, 58.00203157787441910 ) ) ;
#1448 = VERTEX_POINT ( 'NONE', #1633 ) ;
#1449 = PRESENTATION_STYLE_ASSIGNMENT (( #2281 ) ) ;
#1450 = DIRECTION ( 'NONE',  ( -0.000000000000000000, -0.000000000000000000, -1.000000000000000000 ) ) ;
#1451 = ORIENTED_EDGE ( 'NONE', *, *, #4421, .T. ) ;
#1452 = DIRECTION ( 'NONE',  ( 1.000000000000000000, 0.000000000000000000, -0.000000000000000000 ) ) ;
#1453 = DIRECTION ( 'NONE',  ( -0.000000000000000000, -0.000000000000000000, -1.000000000000000000 ) ) ;
#1454 =( NAMED_UNIT ( * ) PLANE_ANGLE_UNIT ( ) SI_UNIT ( $, .RADIAN. ) );
#1455 = ADVANCED_FACE ( 'NONE', ( #4533 ), #1665, .F. ) ;
#1456 = ORIENTED_EDGE ( 'NONE', *, *, #3231, .F. ) ;
#1457 =( NAMED_UNIT ( * ) SI_UNIT ( $, .STERADIAN. ) SOLID_ANGLE_UNIT ( ) );
#1458 = CARTESIAN_POINT ( 'NONE',  ( 14.60175503150203546, 14.60175503150239074, 47.50000000000000000 ) ) ;
#1459 = ORIENTED_EDGE ( 'NONE', *, *, #4779, .T. ) ;
#1460 = B_SPLINE_CURVE_WITH_KNOTS ( 'NONE', 3,
 ( #3645, #1648, #1212, #3588, #2851, #4869, #2035, #2009, #855, #2895, #2795, #1625, #2821, #2875, #3186, #4467 ),
 .UNSPECIFIED., .F., .F.,
 ( 4, 2, 2, 2, 2, 2, 2, 4 ),
 ( 0.003204287407944429646, 0.003604823519234625403, 0.004005359630524821593, 0.004405895741815017350, 0.004806431853105213106, 0.005206967964395408863, 0.005607504075685604619, 0.006408576298265995265 ),
 .UNSPECIFIED. ) ;
#1461 = VERTEX_POINT ( 'NONE', #899 ) ;
#1462 = CARTESIAN_POINT ( 'NONE',  ( 0.000000000000000000, 0.000000000000000000, 64.00000000000000000 ) ) ;
#1463 = DIRECTION ( 'NONE',  ( 0.7071067811865509034, -0.7071067811865440200, 0.000000000000000000 ) ) ;
#1464 = FILL_AREA_STYLE_COLOUR ( '', #3624 ) ;
#1465 = FILL_AREA_STYLE ('',( #2299 ) ) ;
#1466 = DIRECTION ( 'NONE',  ( -0.000000000000000000, -0.000000000000000000, -1.000000000000000000 ) ) ;
#1467 = ORIENTED_EDGE ( 'NONE', *, *, #5017, .F. ) ;
#1468 = DIRECTION ( 'NONE',  ( 1.000000000000000000, 0.000000000000000000, 0.000000000000000000 ) ) ;
#1469 = CARTESIAN_POINT ( 'NONE',  ( 25.00000000000000000, 2.618611004132350143E-13, 46.47500000000000853 ) ) ;
#1470 = SURFACE_STYLE_FILL_AREA ( #1134 ) ;
#1471 = EDGE_CURVE ( 'NONE', #5225, #1695, #644, .T. ) ;
#1472 = CONICAL_SURFACE ( 'NONE', #2828, 1.024999999891341940, 1.029744258594602169 ) ;
#1473 = CARTESIAN_POINT ( 'NONE',  ( -10.01470637012326748, 20.55631959837612399, 62.00000000000000000 ) ) ;
#1474 = ORIENTED_EDGE ( 'NONE', *, *, #2091, .T. ) ;
#1475 = CARTESIAN_POINT ( 'NONE',  ( -7.014706370123267476, 20.55631959837612399, 64.00000000000000000 ) ) ;
#1476 = COLOUR_RGB ( '',1.000000000000000000, 1.000000000000000000, 1.000000000000000000 ) ;
#1477 = AXIS2_PLACEMENT_3D ( 'NONE', #4938, #2892, #95 ) ;
#1478 = AXIS2_PLACEMENT_3D ( 'NONE', #3584, #3998, #5265 ) ;
#1479 = DIRECTION ( 'NONE',  ( 0.000000000000000000, 0.000000000000000000, 1.000000000000000000 ) ) ;
#1480 = DIRECTION ( 'NONE',  ( -0.000000000000000000, -0.000000000000000000, 1.000000000000000000 ) ) ;
#1481 = EDGE_CURVE ( 'NONE', #2350, #2721, #2099, .T. ) ;
#1482 = ORIENTED_EDGE ( 'NONE', *, *, #634, .F. ) ;
#1483 =( GEOMETRIC_REPRESENTATION_CONTEXT ( 3 ) GLOBAL_UNCERTAINTY_ASSIGNED_CONTEXT ( ( #279 ) ) GLOBAL_UNIT_ASSIGNED_CONTEXT ( ( #5196, #2806, #2292 ) ) REPRESENTATION_CONTEXT ( 'NONE', 'WORKASPACE' ) );
#1484 = FILL_AREA_STYLE_COLOUR ( '', #2057 ) ;
#1485 = AXIS2_PLACEMENT_3D ( 'NONE', #4427, #2781, #5141 ) ;
#1486 = MECHANICAL_DESIGN_GEOMETRIC_PRESENTATION_REPRESENTATION (  '', ( #2579 ), #3689 ) ;
#1487 = ORIENTED_EDGE ( 'NONE', *, *, #1121, .T. ) ;
#1488 = MECHANICAL_DESIGN_GEOMETRIC_PRESENTATION_REPRESENTATION (  '', ( #1162 ), #4220 ) ;
#1489 = COLOUR_RGB ( '',1.000000000000000000, 1.000000000000000000, 1.000000000000000000 ) ;
#1490 = EDGE_LOOP ( 'NONE', ( #4525, #3875, #1026, #1829 ) ) ;
#1491 = EDGE_CURVE ( 'NONE', #3283, #1032, #4037, .T. ) ;
#1492 =( LENGTH_UNIT ( ) NAMED_UNIT ( * ) SI_UNIT ( .MILLI., .METRE. ) );
#1493 = DIRECTION ( 'NONE',  ( -1.000000000000000000, 0.000000000000000000, 0.000000000000000000 ) ) ;
#1494 = COLOUR_RGB ( '',1.000000000000000000, 1.000000000000000000, 1.000000000000000000 ) ;
#1495 = CARTESIAN_POINT ( 'NONE',  ( 24.98399028843313374, 0.8960261247666985174, 58.48444902618724228 ) ) ;
#1496 = DIRECTION ( 'NONE',  ( 1.000000000000000000, 0.000000000000000000, 0.000000000000000000 ) ) ;
#1497 = SURFACE_SIDE_STYLE ('',( #1159 ) ) ;
#1498 = DIRECTION ( 'NONE',  ( 0.000000000000000000, 0.000000000000000000, 1.000000000000000000 ) ) ;
#1499 = ORIENTED_EDGE ( 'NONE', *, *, #3929, .T. ) ;
#1500 =( NAMED_UNIT ( * ) PLANE_ANGLE_UNIT ( ) SI_UNIT ( $, .RADIAN. ) );
#1501 = AXIS2_PLACEMENT_3D ( 'NONE', #1330, #2869, #93 ) ;
#1502 = PLANE ( 'NONE',  #2228 ) ;
#1503 = VERTEX_POINT ( 'NONE', #947 ) ;
#1504 = CIRCLE ( 'NONE', #749, 24.75000000000000355 ) ;
#1505 = FACE_BOUND ( 'NONE', #169, .T. ) ;
#1506 = DIRECTION ( 'NONE',  ( 1.000000000000000000, 0.000000000000000000, 0.000000000000000000 ) ) ;
#1507 = DIRECTION ( 'NONE',  ( -0.000000000000000000, -0.000000000000000000, 1.000000000000000000 ) ) ;
#1508 = STYLED_ITEM ( 'NONE', ( #1422 ), #3611 ) ;
#1509 = DIRECTION ( 'NONE',  ( -0.7071067811865437980, -0.7071067811865512365, -0.000000000000000000 ) ) ;
#1510 = ORIENTED_EDGE ( 'NONE', *, *, #2173, .F. ) ;
#1511 = CARTESIAN_POINT ( 'NONE',  ( -24.98400139584354207, -0.8957077204996436448, 48.01590110815787682 ) ) ;
#1512 = CARTESIAN_POINT ( 'NONE',  ( -20.55631959837609202, -8.514706370123338530, 62.00000000000000000 ) ) ;
#1513 = ORIENTED_EDGE ( 'NONE', *, *, #2091, .F. ) ;
#1514 = DIRECTION ( 'NONE',  ( -1.000000000000000000, 0.000000000000000000, 0.000000000000000000 ) ) ;
#1515 = ORIENTED_EDGE ( 'NONE', *, *, #4328, .F. ) ;
#1516 = LINE ( 'NONE', #1929, #3065 ) ;
#1517 = EDGE_CURVE ( 'NONE', #3024, #2209, #3367, .T. ) ;
#1518 = CARTESIAN_POINT ( 'NONE',  ( -18.31383994738914467, -17.01881181540899135, 46.96587747276630864 ) ) ;
#1519 = FILL_AREA_STYLE ('',( #5184 ) ) ;
#1520 = CARTESIAN_POINT ( 'NONE',  ( 25.00000000000000000, 3.061616997868383043E-15, 50.10000000000000142 ) ) ;
#1521 = ORIENTED_EDGE ( 'NONE', *, *, #2243, .T. ) ;
#1522 = FACE_OUTER_BOUND ( 'NONE', #1211, .T. ) ;
#1523 =( NAMED_UNIT ( * ) SI_UNIT ( $, .STERADIAN. ) SOLID_ANGLE_UNIT ( ) );
#1524 = LINE ( 'NONE', #810, #3951 ) ;
#1525 = ORIENTED_EDGE ( 'NONE', *, *, #926, .F. ) ;
#1526 = CARTESIAN_POINT ( 'NONE',  ( 0.000000000000000000, -20.64999999998917701, 47.50000000000000000 ) ) ;
#1527 = DIRECTION ( 'NONE',  ( 0.000000000000000000, 1.000000000000000000, 0.000000000000000000 ) ) ;
#1528 = FACE_OUTER_BOUND ( 'NONE', #2231, .T. ) ;
#1529 = DIRECTION ( 'NONE',  ( 0.7071067811865389130, 0.7071067811865561215, 0.000000000000000000 ) ) ;
#1530 = MECHANICAL_DESIGN_GEOMETRIC_PRESENTATION_REPRESENTATION (  '', ( #4529 ), #3305 ) ;
#1531 = SURFACE_STYLE_USAGE ( .BOTH. , #2340 ) ;
#1532 = UNCERTAINTY_MEASURE_WITH_UNIT (LENGTH_MEASURE( 1.000000000000000082E-05 ), #269, 'distance_accuracy_value', 'NONE');
#1533 = SURFACE_SIDE_STYLE ('',( #2218 ) ) ;
#1534 = VERTEX_POINT ( 'NONE', #5037 ) ;
#1535 = ORIENTED_EDGE ( 'NONE', *, *, #5242, .F. ) ;
#1536 = CARTESIAN_POINT ( 'NONE',  ( 21.58131959837603020, 8.514706370123480639, 58.00000000000000000 ) ) ;
#1537 = CARTESIAN_POINT ( 'NONE',  ( -18.31383994738926546, 17.01881181540886345, 48.03412252723371267 ) ) ;
#1538 = DIRECTION ( 'NONE',  ( -1.000000000000000000, -0.000000000000000000, -0.000000000000000000 ) ) ;
#1539 = EDGE_CURVE ( 'NONE', #2376, #3640, #5077, .T. ) ;
#1540 = SURFACE_STYLE_USAGE ( .BOTH. , #1188 ) ;
#1541 = CARTESIAN_POINT ( 'NONE',  ( 18.29954461374714469, -17.03318281924045507, 58.48343421811451037 ) ) ;
#1542 = ORIENTED_EDGE ( 'NONE', *, *, #2587, .T. ) ;
#1543 = EDGE_CURVE ( 'NONE', #1904, #723, #1072, .T. ) ;
#1544 = ADVANCED_FACE ( 'NONE', ( #2987 ), #1352, .F. ) ;
#1545 = PRESENTATION_LAYER_ASSIGNMENT (  '', '', ( #2989 ) ) ;
#1546 = SURFACE_SIDE_STYLE ('',( #1915 ) ) ;
#1547 = EDGE_LOOP ( 'NONE', ( #2121, #1151, #1725, #4463 ) ) ;
#1548 = CARTESIAN_POINT ( 'NONE',  ( -8.514706370123120038, -20.55631959837618439, 62.00000000000000000 ) ) ;
#1549 = EDGE_CURVE ( 'NONE', #1715, #1901, #4480, .T. ) ;
#1550 = CARTESIAN_POINT ( 'NONE',  ( 8.514706370123267476, -20.55631959837612399, 62.00000000000000000 ) ) ;
#1551 = CARTESIAN_POINT ( 'NONE',  ( -19.53131959837609699, -8.514706370123338530, 58.00000000000000000 ) ) ;
#1552 = DIRECTION ( 'NONE',  ( 0.9702957262846872988, 0.2419218955648112235, 0.000000000000000000 ) ) ;
#1553 =( GEOMETRIC_REPRESENTATION_CONTEXT ( 3 ) GLOBAL_UNCERTAINTY_ASSIGNED_CONTEXT ( ( #2642 ) ) GLOBAL_UNIT_ASSIGNED_CONTEXT ( ( #2891, #1356, #2969 ) ) REPRESENTATION_CONTEXT ( 'NONE', 'WORKASPACE' ) );
#1554 = CARTESIAN_POINT ( 'NONE',  ( -25.00000000000000000, 0.000000000000000000, 64.00000000000000000 ) ) ;
#1555 = CARTESIAN_POINT ( 'NONE',  ( -24.97897493392416379, -1.025090853875770813, 58.86700453271553357 ) ) ;
#1556 = DIRECTION ( 'NONE',  ( -1.000000000000000000, 0.000000000000000000, 0.000000000000000000 ) ) ;
#1557 = AXIS2_PLACEMENT_3D ( 'NONE', #1027, #1345, #246 ) ;
#1558 = STYLED_ITEM ( 'NONE', ( #342 ), #587 ) ;
#1559 = ORIENTED_EDGE ( 'NONE', *, *, #4620, .T. ) ;
#1560 = AXIS2_PLACEMENT_3D ( 'NONE', #1550, #4798, #3958 ) ;
#1561 = ORIENTED_EDGE ( 'NONE', *, *, #4421, .F. ) ;
#1562 = CARTESIAN_POINT ( 'NONE',  ( -16.93802074834537308, -18.38758964977796495, 47.77087061682097158 ) ) ;
#1563 = VECTOR ( 'NONE', #1958, 1000.000000000000000 ) ;
#1564 = DIRECTION ( 'NONE',  ( 0.000000000000000000, 0.000000000000000000, 1.000000000000000000 ) ) ;
#1565 = EDGE_CURVE ( 'NONE', #308, #3139, #4605, .T. ) ;
#1566 = AXIS2_PLACEMENT_3D ( 'NONE', #1938, #3109, #2731 ) ;
#1567 = AXIS2_PLACEMENT_3D ( 'NONE', #381, #4097, #1229 ) ;
#1568 = FILL_AREA_STYLE_COLOUR ( '', #210 ) ;
#1569 = CIRCLE ( 'NONE', #2072, 1.024999999999991029 ) ;
#1570 = ORIENTED_EDGE ( 'NONE', *, *, #3737, .F. ) ;
#1571 = CARTESIAN_POINT ( 'NONE',  ( 1.255262969126026246E-16, -25.00000000000000000, 60.02500000000000568 ) ) ;
#1572 = VECTOR ( 'NONE', #4619, 1000.000000000000000 ) ;
#1573 = CARTESIAN_POINT ( 'NONE',  ( 8.514706370123407808, -20.55631959837606360, 58.00000000000000000 ) ) ;
#1574 = VERTEX_POINT ( 'NONE', #2180 ) ;
#1575 = CARTESIAN_POINT ( 'NONE',  ( -15.32653948219119933, -13.87697058081323398, 59.00000000000001421 ) ) ;
#1576 = PRESENTATION_STYLE_ASSIGNMENT (( #816 ) ) ;
#1577 = MECHANICAL_DESIGN_GEOMETRIC_PRESENTATION_REPRESENTATION (  '', ( #2334 ), #1421 ) ;
#1578 = PRESENTATION_STYLE_ASSIGNMENT (( #3596 ) ) ;
#1579 = COLOUR_RGB ( '',1.000000000000000000, 1.000000000000000000, 1.000000000000000000 ) ;
#1580 = FACE_OUTER_BOUND ( 'NONE', #4681, .T. ) ;
#1581 = EDGE_CURVE ( 'NONE', #2058, #3642, #1406, .T. ) ;
#1582 = CIRCLE ( 'NONE', #4667, 1.024999999999998135 ) ;
#1583 = CARTESIAN_POINT ( 'NONE',  ( -18.29954461374703101, 17.03318281924058653, 46.98343421811451748 ) ) ;
#1584 = DIRECTION ( 'NONE',  ( -0.7071067811865474617, -0.7071067811865474617, 0.000000000000000000 ) ) ;
#1585 = UNCERTAINTY_MEASURE_WITH_UNIT (LENGTH_MEASURE( 1.000000000000000082E-05 ), #1683, 'distance_accuracy_value', 'NONE');
#1586 =( NAMED_UNIT ( * ) PLANE_ANGLE_UNIT ( ) SI_UNIT ( $, .RADIAN. ) );
#1587 = CYLINDRICAL_SURFACE ( 'NONE', #5256, 1.500000000000001332 ) ;
#1588 = COLOUR_RGB ( '',1.000000000000000000, 1.000000000000000000, 1.000000000000000000 ) ;
#1589 = ORIENTED_EDGE ( 'NONE', *, *, #1727, .T. ) ;
#1590 = FACE_OUTER_BOUND ( 'NONE', #665, .T. ) ;
#1591 = ORIENTED_EDGE ( 'NONE', *, *, #4915, .F. ) ;
#1592 = CARTESIAN_POINT ( 'NONE',  ( -18.36953639576543651, -16.95767621547362225, 47.76833136223815046 ) ) ;
#1593 = CARTESIAN_POINT ( 'NONE',  ( 20.55631959837603162, 8.514706370123480639, 58.00000000000000000 ) ) ;
#1594 = FACE_OUTER_BOUND ( 'NONE', #4011, .T. ) ;
#1595 = ORIENTED_EDGE ( 'NONE', *, *, #400, .T. ) ;
#1596 = VERTEX_POINT ( 'NONE', #197 ) ;
#1597 = LINE ( 'NONE', #4051, #3387 ) ;
#1598 =( NAMED_UNIT ( * ) SI_UNIT ( $, .STERADIAN. ) SOLID_ANGLE_UNIT ( ) );
#1599 = EDGE_CURVE ( 'NONE', #4673, #3805, #2757, .T. ) ;
#1600 = CARTESIAN_POINT ( 'NONE',  ( 24.98674903070517317, 0.8193404547554655748, 48.13022506219149932 ) ) ;
#1601 = ORIENTED_EDGE ( 'NONE', *, *, #4793, .F. ) ;
#1602 = FILL_AREA_STYLE ('',( #3131 ) ) ;
#1603 = CARTESIAN_POINT ( 'NONE',  ( 18.38758964977802179, -16.93802074834530913, 47.50000000000000000 ) ) ;
#1604 = CARTESIAN_POINT ( 'NONE',  ( -17.67766952966372784, 17.67766952966366034, 59.00000000000001421 ) ) ;
#1605 = CARTESIAN_POINT ( 'NONE',  ( -14.60175503149232767, 14.60175503149227794, 47.50000000000000000 ) ) ;
#1606 = CARTESIAN_POINT ( 'NONE',  ( -13.87697058073730005, 15.32653948226712615, 59.00000000000001421 ) ) ;
#1607 = AXIS2_PLACEMENT_3D ( 'NONE', #3032, #2611, #965 ) ;
#1608 = DIRECTION ( 'NONE',  ( 1.000000000000000000, 0.000000000000000000, 0.000000000000000000 ) ) ;
#1609 =( LENGTH_UNIT ( ) NAMED_UNIT ( * ) SI_UNIT ( .MILLI., .METRE. ) );
#1610 = CARTESIAN_POINT ( 'NONE',  ( 0.000000000000000000, -25.00000000000000000, 59.00000000000001421 ) ) ;
#1611 = DIRECTION ( 'NONE',  ( 0.000000000000000000, 0.000000000000000000, -1.000000000000000000 ) ) ;
#1612 = ADVANCED_FACE ( 'NONE', ( #1404 ), #3758, .F. ) ;
#1613 = FACE_OUTER_BOUND ( 'NONE', #2521, .T. ) ;
#1614 = ORIENTED_EDGE ( 'NONE', *, *, #4008, .T. ) ;
#1615 = COLOUR_RGB ( '',1.000000000000000000, 1.000000000000000000, 1.000000000000000000 ) ;
#1616 = CARTESIAN_POINT ( 'NONE',  ( -19.53131959837610054, -8.514706370123338530, 62.00000000000000000 ) ) ;
#1617 =( NAMED_UNIT ( * ) SI_UNIT ( $, .STERADIAN. ) SOLID_ANGLE_UNIT ( ) );
#1618 = CARTESIAN_POINT ( 'NONE',  ( -17.01881181540879950, -18.31383994738932230, 48.03412252723369136 ) ) ;
#1619 = FILL_AREA_STYLE ('',( #4866 ) ) ;
#1620 = CARTESIAN_POINT ( 'NONE',  ( -16.93802074834536953, -18.38758964977797206, 59.00000000000001421 ) ) ;
#1621 = SURFACE_SIDE_STYLE ('',( #528 ) ) ;
#1622 = EDGE_LOOP ( 'NONE', ( #2332, #1770 ) ) ;
#1623 = CARTESIAN_POINT ( 'NONE',  ( -17.58263722810951890, -17.77269653572429675, 57.97509132878711569 ) ) ;
#1624 = ORIENTED_EDGE ( 'NONE', *, *, #5173, .F. ) ;
#1625 = CARTESIAN_POINT ( 'NONE',  ( 24.98399028843317282, -0.8960261247661496231, 48.01555097381282167 ) ) ;
#1626 = VERTEX_POINT ( 'NONE', #2264 ) ;
#1627 = DIRECTION ( 'NONE',  ( 0.000000000000000000, 0.000000000000000000, 1.000000000000000000 ) ) ;
#1628 = EDGE_CURVE ( 'NONE', #5269, #5102, #1649, .T. ) ;
#1629 = CARTESIAN_POINT ( 'NONE',  ( -17.86726053904549971, 17.48645794738403936, 46.50203157787438357 ) ) ;
#1630 = CARTESIAN_POINT ( 'NONE',  ( -25.00000000000000000, -0.2708706130318344618, 57.97500000000000853 ) ) ;
#1631 = UNCERTAINTY_MEASURE_WITH_UNIT (LENGTH_MEASURE( 1.000000000000000082E-05 ), #3859, 'distance_accuracy_value', 'NONE');
#1632 = PRESENTATION_LAYER_ASSIGNMENT (  '', '', ( #2557 ) ) ;
#1633 = CARTESIAN_POINT ( 'NONE',  ( -4.000000000000000000, 4.898587196589412829E-16, 64.00000000000000000 ) ) ;
#1634 = SURFACE_STYLE_USAGE ( .BOTH. , #34 ) ;
#1635 = CARTESIAN_POINT ( 'NONE',  ( 1.255262969126026246E-16, 25.00000000000000000, 46.47500000000000853 ) ) ;
#1636 = VERTEX_POINT ( 'NONE', #3081 ) ;
#1637 = CARTESIAN_POINT ( 'NONE',  ( -8.514706370123265700, -20.55631959837612399, 64.00000000000000000 ) ) ;
#1638 = DIRECTION ( 'NONE',  ( 0.7071067811865389130, 0.7071067811865561215, 0.000000000000000000 ) ) ;
#1639 = CARTESIAN_POINT ( 'NONE',  ( 18.24764547299843898, 17.08895494857550901, 59.63025434795016366 ) ) ;
#1640 = CIRCLE ( 'NONE', #4813, 25.00000000000000000 ) ;
#1641 = CIRCLE ( 'NONE', #2140, 1.499999999999999556 ) ;
#1642 = VERTEX_POINT ( 'NONE', #3193 ) ;
#1643 = PRESENTATION_LAYER_ASSIGNMENT (  '', '', ( #51 ) ) ;
#1644 = ADVANCED_FACE ( 'NONE', ( #325 ), #3134, .F. ) ;
#1645 = PRESENTATION_LAYER_ASSIGNMENT (  '', '', ( #1895 ) ) ;
#1646 = CARTESIAN_POINT ( 'NONE',  ( 22.05631959837603517, 8.514706370123482415, 62.00000000000000000 ) ) ;
#1647 = EDGE_LOOP ( 'NONE', ( #4245, #1680, #1223, #5174 ) ) ;
#1648 = CARTESIAN_POINT ( 'NONE',  ( 25.00000000000000355, -0.1354353691711201180, 46.47500000000001563 ) ) ;
#1649 = CIRCLE ( 'NONE', #1560, 1.499999999999999556 ) ;
#1650 = COLOUR_RGB ( '',1.000000000000000000, 1.000000000000000000, 1.000000000000000000 ) ;
#1651 = CONICAL_SURFACE ( 'NONE', #4562, 1.024999999813189344, 1.029744258398665790 ) ;
#1652 = PRESENTATION_LAYER_ASSIGNMENT (  '', '', ( #3961 ) ) ;
#1653 = ORIENTED_EDGE ( 'NONE', *, *, #3535, .T. ) ;
#1654 = CARTESIAN_POINT ( 'NONE',  ( -18.38758964977791166, 16.93802074834543703, 58.86456462869395523 ) ) ;
#1655 = CARTESIAN_POINT ( 'NONE',  ( -19.05631959837609202, -8.514706370123338530, 64.00000000000000000 ) ) ;
#1656 = LINE ( 'NONE', #4060, #801 ) ;
#1657 = CARTESIAN_POINT ( 'NONE',  ( -0.6302543902972040923, 24.99223329972245722, 59.81931789515660824 ) ) ;
#1658 = COLOUR_RGB ( '',1.000000000000000000, 1.000000000000000000, 1.000000000000000000 ) ;
#1659 = CIRCLE ( 'NONE', #2408, 25.00000000000000000 ) ;
#1660 = CARTESIAN_POINT ( 'NONE',  ( -18.36953639576556085, 16.95767621547349435, 47.23166863776185664 ) ) ;
#1661 = COLOUR_RGB ( '',1.000000000000000000, 1.000000000000000000, 1.000000000000000000 ) ;
#1662 = ADVANCED_FACE ( 'NONE', ( #4748 ), #2678, .T. ) ;
#1663 = AXIS2_PLACEMENT_3D ( 'NONE', #1296, #2122, #4583 ) ;
#1664 = FACE_OUTER_BOUND ( 'NONE', #3062, .T. ) ;
#1665 = CYLINDRICAL_SURFACE ( 'NONE', #2319, 1.024999999999991251 ) ;
#1666 = ORIENTED_EDGE ( 'NONE', *, *, #3562, .F. ) ;
#1667 = EDGE_CURVE ( 'NONE', #2745, #3586, #4558, .T. ) ;
#1668 = CARTESIAN_POINT ( 'NONE',  ( -0.8960261247664075279, 24.98399028843315861, 46.98444902618719965 ) ) ;
#1669 = FILL_AREA_STYLE ('',( #4886 ) ) ;
#1670 = DIRECTION ( 'NONE',  ( -0.000000000000000000, -0.000000000000000000, 1.000000000000000000 ) ) ;
#1671 = VECTOR ( 'NONE', #3792, 1000.000000000000000 ) ;
#1672 = CYLINDRICAL_SURFACE ( 'NONE', #1477, 1.024999999999994582 ) ;
#1673 = DIRECTION ( 'NONE',  ( 0.7071067811865491270, -0.7071067811865457964, 0.000000000000000000 ) ) ;
#1674 =( GEOMETRIC_REPRESENTATION_CONTEXT ( 3 ) GLOBAL_UNCERTAINTY_ASSIGNED_CONTEXT ( ( #1631 ) ) GLOBAL_UNIT_ASSIGNED_CONTEXT ( ( #3859, #4652, #1805 ) ) REPRESENTATION_CONTEXT ( 'NONE', 'WORKASPACE' ) );
#1675 =( LENGTH_UNIT ( ) NAMED_UNIT ( * ) SI_UNIT ( .MILLI., .METRE. ) );
#1676 = ORIENTED_EDGE ( 'NONE', *, *, #2357, .T. ) ;
#1677 = FACE_OUTER_BOUND ( 'NONE', #2432, .T. ) ;
#1678 = EDGE_CURVE ( 'NONE', #2936, #1461, #3770, .T. ) ;
#1679 =( NAMED_UNIT ( * ) PLANE_ANGLE_UNIT ( ) SI_UNIT ( $, .RADIAN. ) );
#1680 = ORIENTED_EDGE ( 'NONE', *, *, #1941, .T. ) ;
#1681 =( LENGTH_UNIT ( ) NAMED_UNIT ( * ) SI_UNIT ( .MILLI., .METRE. ) );
#1682 = CARTESIAN_POINT ( 'NONE',  ( -24.98012564217998488, 0.9979684208313349680, 58.73073190871500771 ) ) ;
#1683 =( LENGTH_UNIT ( ) NAMED_UNIT ( * ) SI_UNIT ( .MILLI., .METRE. ) );
#1684 = FACE_OUTER_BOUND ( 'NONE', #1547, .T. ) ;
#1685 = FACE_BOUND ( 'NONE', #266, .T. ) ;
#1686 = SURFACE_STYLE_FILL_AREA ( #61 ) ;
#1687 = DIRECTION ( 'NONE',  ( -1.000000000000000000, -0.000000000000000000, -0.000000000000000000 ) ) ;
#1688 = VERTEX_POINT ( 'NONE', #2705 ) ;
#1689 = VECTOR ( 'NONE', #1161, 1000.000000000000000 ) ;
#1690 =( LENGTH_UNIT ( ) NAMED_UNIT ( * ) SI_UNIT ( .MILLI., .METRE. ) );
#1691 = FILL_AREA_STYLE_COLOUR ( '', #3791 ) ;
#1692 = CARTESIAN_POINT ( 'NONE',  ( -20.55631959837609202, -8.514706370123338530, 62.00000000000000000 ) ) ;
#1693 = FACE_OUTER_BOUND ( 'NONE', #3815, .T. ) ;
#1694 = STYLED_ITEM ( 'NONE', ( #3712 ), #4608 ) ;
#1695 = VERTEX_POINT ( 'NONE', #4349 ) ;
#1696 = CARTESIAN_POINT ( 'NONE',  ( 17.77171416942590199, 17.58363015780519234, 46.47490914704155074 ) ) ;
#1697 = DIRECTION ( 'NONE',  ( 0.7071067811865536790, -0.7071067811865414665, 0.000000000000000000 ) ) ;
#1698 = CARTESIAN_POINT ( 'NONE',  ( -10.00000000000000000, 1.224646799147353256E-15, 50.10000000000001563 ) ) ;
#1699 = CYLINDRICAL_SURFACE ( 'NONE', #3128, 25.00000000000000000 ) ;
#1700 = DIRECTION ( 'NONE',  ( -0.000000000000000000, -0.000000000000000000, 1.000000000000000000 ) ) ;
#1701 = CARTESIAN_POINT ( 'NONE',  ( 17.01881181540905530, -18.31383994738907717, 46.96587747276630154 ) ) ;
#1702 = ORIENTED_EDGE ( 'NONE', *, *, #3535, .F. ) ;
#1703 = EDGE_CURVE ( 'NONE', #1642, #4661, #2230, .T. ) ;
#1704 = CARTESIAN_POINT ( 'NONE',  ( -17.58363015780500405, 17.77171416942607252, 57.97490914704155074 ) ) ;
#1705 = CARTESIAN_POINT ( 'NONE',  ( -18.03867776399201972, 17.30957853796035906, 59.89602610772527669 ) ) ;
#1706 = CARTESIAN_POINT ( 'NONE',  ( -24.98400139584355273, 0.8957077204994831066, 58.48409889184217292 ) ) ;
#1707 = CYLINDRICAL_SURFACE ( 'NONE', #4309, 1.024999999999993694 ) ;
#1708 = SURFACE_STYLE_FILL_AREA ( #4750 ) ;
#1709 = SURFACE_STYLE_FILL_AREA ( #458 ) ;
#1710 = ADVANCED_FACE ( 'NONE', ( #1528 ), #5154, .F. ) ;
#1711 = SURFACE_SIDE_STYLE ('',( #111 ) ) ;
#1712 = ORIENTED_EDGE ( 'NONE', *, *, #3996, .F. ) ;
#1713 = CARTESIAN_POINT ( 'NONE',  ( 14.60175503150203546, 14.60175503150239074, 47.50000000000000000 ) ) ;
#1714 =( NAMED_UNIT ( * ) SI_UNIT ( $, .STERADIAN. ) SOLID_ANGLE_UNIT ( ) );
#1715 = VERTEX_POINT ( 'NONE', #2288 ) ;
#1716 = CARTESIAN_POINT ( 'NONE',  ( 0.8957077204995496089, 24.98400139584354562, 58.48409889184213029 ) ) ;
#1717 = SURFACE_STYLE_FILL_AREA ( #1669 ) ;
#1718 = PRESENTATION_STYLE_ASSIGNMENT (( #2164 ) ) ;
#1719 = CARTESIAN_POINT ( 'NONE',  ( 20.55631959837621281, -8.514706370123048984, 62.00000000000000000 ) ) ;
#1720 = AXIS2_PLACEMENT_3D ( 'NONE', #4536, #872, #2480 ) ;
#1721 = VERTEX_POINT ( 'NONE', #4828 ) ;
#1722 = CARTESIAN_POINT ( 'NONE',  ( 18.03867776399214051, -17.30957853796023116, 59.89602610772526958 ) ) ;
#1723 = VECTOR ( 'NONE', #201, 1000.000000000000000 ) ;
#1724 = DIRECTION ( 'NONE',  ( -1.000000000000000000, -0.000000000000000000, -0.000000000000000000 ) ) ;
#1725 = ORIENTED_EDGE ( 'NONE', *, *, #4371, .T. ) ;
#1726 = AXIS2_PLACEMENT_3D ( 'NONE', #3831, #5227, #1564 ) ;
#1727 = EDGE_CURVE ( 'NONE', #978, #4759, #4481, .T. ) ;
#1728 = STYLED_ITEM ( 'NONE', ( #631 ), #451 ) ;
#1729 = CARTESIAN_POINT ( 'NONE',  ( 0.000000000000000000, 0.000000000000000000, 45.48999999999999488 ) ) ;
#1730 = DIRECTION ( 'NONE',  ( 0.000000000000000000, 0.000000000000000000, 1.000000000000000000 ) ) ;
#1731 = PRESENTATION_LAYER_ASSIGNMENT (  '', '', ( #2572 ) ) ;
#1732 = CIRCLE ( 'NONE', #2311, 24.75000000000000355 ) ;
#1733 = CARTESIAN_POINT ( 'NONE',  ( -17.67766952966359284, -17.67766952966378113, 59.00000000000001421 ) ) ;
#1734 = COLOUR_RGB ( '',1.000000000000000000, 1.000000000000000000, 1.000000000000000000 ) ;
#1735 = FILL_AREA_STYLE ('',( #4945 ) ) ;
#1736 = CARTESIAN_POINT ( 'NONE',  ( 0.9985886416618665606, 24.98010116619887100, 47.76735060801716770 ) ) ;
#1737 = CARTESIAN_POINT ( 'NONE',  ( -18.38758964977790811, 16.93802074834543347, 59.00000000000001421 ) ) ;
#1739 =( GEOMETRIC_REPRESENTATION_CONTEXT ( 3 ) GLOBAL_UNCERTAINTY_ASSIGNED_CONTEXT ( ( #3499 ) ) GLOBAL_UNIT_ASSIGNED_CONTEXT ( ( #4690, #3872, #2528 ) ) REPRESENTATION_CONTEXT ( 'NONE', 'WORKASPACE' ) );
#1738 = CARTESIAN_POINT ( 'NONE',  ( 0.000000000000000000, 0.000000000000000000, 50.10000000000000142 ) ) ;
#1740 = DIRECTION ( 'NONE',  ( -0.7071067811865439090, -0.7071067811865512365, -0.000000000000000000 ) ) ;
#1741 = COLOUR_RGB ( '',1.000000000000000000, 1.000000000000000000, 1.000000000000000000 ) ;
#1742 = VECTOR ( 'NONE', #5172, 999.9999999999998863 ) ;
#1743 = AXIS2_PLACEMENT_3D ( 'NONE', #3837, #2148, #1767 ) ;
#1744 = CIRCLE ( 'NONE', #5161, 1.024999999999993694 ) ;
#1745 = PRODUCT_DEFINITION_SHAPE ( 'NONE', 'NONE',  #2250 ) ;
#1746 = ORIENTED_EDGE ( 'NONE', *, *, #4947, .F. ) ;
#1747 = CONICAL_SURFACE ( 'NONE', #2588, 1.025000000062310068, 1.029744258540069790 ) ;
#1748 = CARTESIAN_POINT ( 'NONE',  ( 20.55631959837603162, 8.514706370123480639, 62.00000000000000000 ) ) ;
#1749 = AXIS2_PLACEMENT_3D ( 'NONE', #1370, #922, #2984 ) ;
#1750 = DIRECTION ( 'NONE',  ( 0.000000000000000000, 0.000000000000000000, -1.000000000000000000 ) ) ;
#1751 = ADVANCED_FACE ( 'NONE', ( #4374 ), #742, .T. ) ;
#1752 = VERTEX_POINT ( 'NONE', #2443 ) ;
#1753 =( GEOMETRIC_REPRESENTATION_CONTEXT ( 3 ) GLOBAL_UNCERTAINTY_ASSIGNED_CONTEXT ( ( #1796 ) ) GLOBAL_UNIT_ASSIGNED_CONTEXT ( ( #467, #3280, #4045 ) ) REPRESENTATION_CONTEXT ( 'NONE', 'WORKASPACE' ) );
#1754 = CARTESIAN_POINT ( 'NONE',  ( 0.8209026825098018065, 24.98670175466627796, 59.62852723798683741 ) ) ;
#1755 = CARTESIAN_POINT ( 'NONE',  ( 24.99497086695925319, -0.5165658162312187773, 58.10454700487432689 ) ) ;
#1756 = VECTOR ( 'NONE', #1922, 1000.000000000000000 ) ;
#1757 = ORIENTED_EDGE ( 'NONE', *, *, #259, .F. ) ;
#1758 = CARTESIAN_POINT ( 'NONE',  ( -0.2683313665700989836, -24.99886811758394600, 46.50166409125332478 ) ) ;
#1759 = COLOUR_RGB ( '',1.000000000000000000, 1.000000000000000000, 1.000000000000000000 ) ;
#1760 = EDGE_LOOP ( 'NONE', ( #1487, #1676 ) ) ;
#1761 = DIRECTION ( 'NONE',  ( 0.2419218951508674831, -0.9702957263878948524, 3.081773620834696505E-16 ) ) ;
#1762 = CARTESIAN_POINT ( 'NONE',  ( 0.000000000000000000, 0.000000000000000000, 45.48999999999999488 ) ) ;
#1763 =( NAMED_UNIT ( * ) SI_UNIT ( $, .STERADIAN. ) SOLID_ANGLE_UNIT ( ) );
#1764 = ORIENTED_EDGE ( 'NONE', *, *, #3985, .T. ) ;
#1765 = DIRECTION ( 'NONE',  ( 0.000000000000000000, -1.000000000000000000, 0.000000000000000000 ) ) ;
#1766 = CARTESIAN_POINT ( 'NONE',  ( -17.58263722810965035, 17.77269653572417596, 60.02490867121291984 ) ) ;
#1767 = DIRECTION ( 'NONE',  ( 1.000000000000000000, 0.000000000000000000, 0.000000000000000000 ) ) ;
#1768 = SURFACE_STYLE_USAGE ( .BOTH. , #1030 ) ;
#1769 = ADVANCED_FACE ( 'NONE', ( #1270 ), #1707, .F. ) ;
#1770 = ORIENTED_EDGE ( 'NONE', *, *, #5193, .T. ) ;
#1771 = CARTESIAN_POINT ( 'NONE',  ( -24.97898240973567852, 1.024908670285917145, 47.36560777332610428 ) ) ;
#1772 = CARTESIAN_POINT ( 'NONE',  ( 0.8193404547552047834, -24.98674903070518027, 48.13022506219147800 ) ) ;
#1773 = ORIENTED_EDGE ( 'NONE', *, *, #4641, .T. ) ;
#1774 = FILL_AREA_STYLE_COLOUR ( '', #3419 ) ;
#1775 = CARTESIAN_POINT ( 'NONE',  ( 7.489706370123410117, -20.55631959837606360, 58.00000000000000000 ) ) ;
#1776 = EDGE_CURVE ( 'NONE', #3330, #4282, #53, .T. ) ;
#1777 = ORIENTED_EDGE ( 'NONE', *, *, #3184, .T. ) ;
#1778 = CARTESIAN_POINT ( 'NONE',  ( 18.11664750846021121, -17.22777569394623853, 59.82090264345644925 ) ) ;
#1779 = ORIENTED_EDGE ( 'NONE', *, *, #198, .F. ) ;
#1780 = CARTESIAN_POINT ( 'NONE',  ( 20.65000000004602043, 2.618611004132350143E-13, 57.97500000005584297 ) ) ;
#1781 = CARTESIAN_POINT ( 'NONE',  ( 4.000000000000000000, 0.000000000000000000, 64.00000000000000000 ) ) ;
#1782 = SURFACE_SIDE_STYLE ('',( #4648 ) ) ;
#1783 = AXIS2_PLACEMENT_3D ( 'NONE', #4526, #3625, #4851 ) ;
#1784 = EDGE_LOOP ( 'NONE', ( #1515, #910, #2627, #690 ) ) ;
#1785 =( NAMED_UNIT ( * ) PLANE_ANGLE_UNIT ( ) SI_UNIT ( $, .RADIAN. ) );
#1786 = SURFACE_SIDE_STYLE ('',( #2955 ) ) ;
#1787 = CARTESIAN_POINT ( 'NONE',  ( -18.38758964977790811, 16.93802074834543703, 47.50000000000000000 ) ) ;
#1788 = ORIENTED_EDGE ( 'NONE', *, *, #5041, .T. ) ;
#1789 = DIRECTION ( 'NONE',  ( -0.7071067811865560104, 0.7071067811865390240, 0.000000000000000000 ) ) ;
#1790 = UNCERTAINTY_MEASURE_WITH_UNIT (LENGTH_MEASURE( 1.000000000000000082E-05 ), #4512, 'distance_accuracy_value', 'NONE');
#1791 = EDGE_CURVE ( 'NONE', #489, #2170, #980, .T. ) ;
#1792 = CARTESIAN_POINT ( 'NONE',  ( 8.514706370123267476, -20.55631959837612399, 62.00000000000000000 ) ) ;
#1793 = CARTESIAN_POINT ( 'NONE',  ( 0.8209026825097970326, -24.98670175466627796, 46.87147276201316970 ) ) ;
#1794 = EDGE_LOOP ( 'NONE', ( #1535, #4074, #2307, #762 ) ) ;
#1795 = CARTESIAN_POINT ( 'NONE',  ( 17.01881181540867161, 18.31383994738943954, 48.03412252723370557 ) ) ;
#1796 = UNCERTAINTY_MEASURE_WITH_UNIT (LENGTH_MEASURE( 1.000000000000000082E-05 ), #467, 'distance_accuracy_value', 'NONE');
#1797 = CARTESIAN_POINT ( 'NONE',  ( -25.00000000000000000, 0.000000000000000000, 64.00000000000000000 ) ) ;
#1798 = ORIENTED_EDGE ( 'NONE', *, *, #2199, .T. ) ;
#1799 = DIRECTION ( 'NONE',  ( -1.000000000000000000, -0.000000000000000000, -0.000000000000000000 ) ) ;
#1800 = ORIENTED_EDGE ( 'NONE', *, *, #3195, .F. ) ;
#1801 = FACE_OUTER_BOUND ( 'NONE', #3311, .T. ) ;
#1802 = ADVANCED_FACE ( 'NONE', ( #3294 ), #4402, .F. ) ;
#1803 = MECHANICAL_DESIGN_GEOMETRIC_PRESENTATION_REPRESENTATION (  '', ( #2051 ), #2479 ) ;
#1804 = DIRECTION ( 'NONE',  ( 1.000000000000000000, 0.000000000000000000, 0.000000000000000000 ) ) ;
#1805 =( NAMED_UNIT ( * ) SI_UNIT ( $, .STERADIAN. ) SOLID_ANGLE_UNIT ( ) );
#1806 = ORIENTED_EDGE ( 'NONE', *, *, #1667, .T. ) ;
#1807 = DIRECTION ( 'NONE',  ( 0.000000000000000000, 0.000000000000000000, 1.000000000000000000 ) ) ;
#1808 = CARTESIAN_POINT ( 'NONE',  ( -20.65000000000000924, -8.728703347107833388E-14, 59.00000000000001421 ) ) ;
#1809 = MECHANICAL_DESIGN_GEOMETRIC_PRESENTATION_REPRESENTATION (  '', ( #2056 ), #5066 ) ;
#1810 = CARTESIAN_POINT ( 'NONE',  ( -16.95288507894752428, 18.40245398037986391, 47.50000000000000000 ) ) ;
#1811 = MECHANICAL_DESIGN_GEOMETRIC_PRESENTATION_REPRESENTATION (  '', ( #304 ), #3595 ) ;
#1812 = AXIS2_PLACEMENT_3D ( 'NONE', #1400, #3037, #2229 ) ;
#1813 = DIRECTION ( 'NONE',  ( -0.000000000000000000, -0.000000000000000000, -1.000000000000000000 ) ) ;
#1814 = VECTOR ( 'NONE', #4272, 1000.000000000000000 ) ;
#1815 = ORIENTED_EDGE ( 'NONE', *, *, #3723, .T. ) ;
#1816 = CIRCLE ( 'NONE', #4733, 1.500000000000000888 ) ;
#1817 = DIRECTION ( 'NONE',  ( -0.000000000000000000, -1.000000000000000000, -0.000000000000000000 ) ) ;
#1818 = SURFACE_STYLE_USAGE ( .BOTH. , #221 ) ;
#1819 = DIRECTION ( 'NONE',  ( 1.156482317317871764E-14, -1.000000000000000000, 0.000000000000000000 ) ) ;
#1820 = VECTOR ( 'NONE', #1405, 999.9999999999998863 ) ;
#1821 = CIRCLE ( 'NONE', #3076, 1.024999999999998135 ) ;
#1822 = ORIENTED_EDGE ( 'NONE', *, *, #5210, .T. ) ;
#1823 = EDGE_CURVE ( 'NONE', #3910, #1866, #648, .T. ) ;
#1824 = DIRECTION ( 'NONE',  ( 0.7071067811865378028, 0.7071067811865572317, 1.196716813089458592E-15 ) ) ;
#1825 = AXIS2_PLACEMENT_3D ( 'NONE', #1165, #1853, #3885 ) ;
#1826 = LINE ( 'NONE', #2646, #1723 ) ;
#1827 = DIRECTION ( 'NONE',  ( -1.000000000000000000, 0.000000000000000000, 0.000000000000000000 ) ) ;
#1828 = AXIS2_PLACEMENT_3D ( 'NONE', #3471, #267, #316 ) ;
#1829 = ORIENTED_EDGE ( 'NONE', *, *, #4579, .T. ) ;
#1830 = EDGE_CURVE ( 'NONE', #511, #603, #5087, .T. ) ;
#1831 = ORIENTED_EDGE ( 'NONE', *, *, #2531, .F. ) ;
#1832 = STYLED_ITEM ( 'NONE', ( #4931 ), #3317 ) ;
#1833 = CIRCLE ( 'NONE', #588, 1.024999999999991029 ) ;
#1834 = FILL_AREA_STYLE_COLOUR ( '', #2758 ) ;
#1835 = CARTESIAN_POINT ( 'NONE',  ( 17.58263722810977114, -17.77269653572404806, 48.52490867121289142 ) ) ;
#1836 = DIRECTION ( 'NONE',  ( -0.000000000000000000, -0.000000000000000000, 1.000000000000000000 ) ) ;
#1837 = CARTESIAN_POINT ( 'NONE',  ( 24.98012564217996356, 0.9979684208316430549, 59.26926809128515572 ) ) ;
#1838 = VERTEX_POINT ( 'NONE', #4623 ) ;
#1839 = LINE ( 'NONE', #4387, #1689 ) ;
#1840 = ORIENTED_EDGE ( 'NONE', *, *, #3487, .F. ) ;
#1841 = ADVANCED_FACE ( 'NONE', ( #5054 ), #148, .F. ) ;
#1842 = DIRECTION ( 'NONE',  ( -0.7071067811865457964, -0.7071067811865491270, 0.000000000000000000 ) ) ;
#1843 = LINE ( 'NONE', #1810, #3866 ) ;
#1844 = FACE_OUTER_BOUND ( 'NONE', #1023, .T. ) ;
#1845 = ORIENTED_EDGE ( 'NONE', *, *, #108, .F. ) ;
#1846 = FACE_BOUND ( 'NONE', #3830, .T. ) ;
#1847 = CARTESIAN_POINT ( 'NONE',  ( 0.000000000000000000, 0.000000000000000000, 45.48999999999999488 ) ) ;
#1848 = EDGE_LOOP ( 'NONE', ( #526, #1005, #3860, #4695 ) ) ;
#1849 = DIRECTION ( 'NONE',  ( 0.7071067811865386910, 0.7071067811865563435, 2.393433625686168236E-15 ) ) ;
#1850 = UNCERTAINTY_MEASURE_WITH_UNIT (LENGTH_MEASURE( 1.000000000000000082E-05 ), #2777, 'distance_accuracy_value', 'NONE');
#1851 =( NAMED_UNIT ( * ) PLANE_ANGLE_UNIT ( ) SI_UNIT ( $, .RADIAN. ) );
#1852 = ORIENTED_EDGE ( 'NONE', *, *, #4522, .F. ) ;
#1853 = DIRECTION ( 'NONE',  ( -0.7071067811865459074, -0.7071067811865492381, 5.983584065563804758E-16 ) ) ;
#1854 = ORIENTED_EDGE ( 'NONE', *, *, #893, .F. ) ;
#1855 = EDGE_CURVE ( 'NONE', #146, #1904, #3408, .T. ) ;
#1856 = DIRECTION ( 'NONE',  ( 0.7071067811865406894, 0.7071067811865542341, 0.000000000000000000 ) ) ;
#1857 = CONICAL_SURFACE ( 'NONE', #2962, 1.024999999999998135, 1.029744258676654756 ) ;
#1858 = CARTESIAN_POINT ( 'NONE',  ( 0.000000000000000000, 20.64999999993233359, 48.52499999981318979 ) ) ;
#1859 =( NAMED_UNIT ( * ) PLANE_ANGLE_UNIT ( ) SI_UNIT ( $, .RADIAN. ) );
#1860 = SURFACE_STYLE_USAGE ( .BOTH. , #4736 ) ;
#1861 = DIRECTION ( 'NONE',  ( 1.000000000000000000, 0.000000000000000000, 0.000000000000000000 ) ) ;
#1862 = ORIENTED_EDGE ( 'NONE', *, *, #5266, .T. ) ;
#1863 = CARTESIAN_POINT ( 'NONE',  ( 0.000000000000000000, 0.000000000000000000, 0.000000000000000000 ) ) ;
#1864 = DIRECTION ( 'NONE',  ( 0.000000000000000000, 0.000000000000000000, 1.000000000000000000 ) ) ;
#1865 = COLOUR_RGB ( '',1.000000000000000000, 1.000000000000000000, 1.000000000000000000 ) ;
#1866 = VERTEX_POINT ( 'NONE', #213 ) ;
#1867 = DIRECTION ( 'NONE',  ( -0.000000000000000000, -0.000000000000000000, 1.000000000000000000 ) ) ;
#1868 = VECTOR ( 'NONE', #1109, 1000.000000000000000 ) ;
#1869 = DIRECTION ( 'NONE',  ( 1.000000000000000000, 0.000000000000000000, 0.000000000000000000 ) ) ;
#1870 = VERTEX_POINT ( 'NONE', #3360 ) ;
#1871 = CARTESIAN_POINT ( 'NONE',  ( 18.38758964977767008, 16.93802074834569638, 47.50000000000000000 ) ) ;
#1872 = EDGE_CURVE ( 'NONE', #4661, #1642, #3779, .T. ) ;
#1873 =( NAMED_UNIT ( * ) PLANE_ANGLE_UNIT ( ) SI_UNIT ( $, .RADIAN. ) );
#1874 = VERTEX_POINT ( 'NONE', #4656 ) ;
#1875 = FILL_AREA_STYLE_COLOUR ( '', #501 ) ;
#1876 = ORIENTED_EDGE ( 'NONE', *, *, #1191, .T. ) ;
#1877 = LINE ( 'NONE', #4269, #3527 ) ;
#1878 = CARTESIAN_POINT ( 'NONE',  ( -25.00000000000000000, -8.728703347107833388E-14, 48.52499999999999147 ) ) ;
#1879 = EDGE_CURVE ( 'NONE', #1503, #2763, #593, .T. ) ;
#1880 = CARTESIAN_POINT ( 'NONE',  ( 25.00000000000000000, 2.618611004132350143E-13, 47.50000000000000000 ) ) ;
#1881 = CARTESIAN_POINT ( 'NONE',  ( 0.000000000000000000, 0.000000000000000000, 64.00000000000000000 ) ) ;
#1882 = EDGE_LOOP ( 'NONE', ( #4724, #3693, #3863, #5186 ) ) ;
#1883 = FILL_AREA_STYLE ('',( #1053 ) ) ;
#1884 =( NAMED_UNIT ( * ) SI_UNIT ( $, .STERADIAN. ) SOLID_ANGLE_UNIT ( ) );
#1885 = VERTEX_POINT ( 'NONE', #3786 ) ;
#1886 =( NAMED_UNIT ( * ) SI_UNIT ( $, .STERADIAN. ) SOLID_ANGLE_UNIT ( ) );
#1887 = CARTESIAN_POINT ( 'NONE',  ( -14.60175503150223975, 14.60175503150218468, 59.00000000000001421 ) ) ;
#1888 = FACE_OUTER_BOUND ( 'NONE', #825, .T. ) ;
#1889 = AXIS2_PLACEMENT_3D ( 'NONE', #338, #1931, #3148 ) ;
#1890 = DIRECTION ( 'NONE',  ( 0.7071067811865536790, -0.7071067811865413555, 0.000000000000000000 ) ) ;
#1891 = CARTESIAN_POINT ( 'NONE',  ( 13.87697058072490108, 15.32653948237339137, 59.00000000000001421 ) ) ;
#1892 =( GEOMETRIC_REPRESENTATION_CONTEXT ( 3 ) GLOBAL_UNCERTAINTY_ASSIGNED_CONTEXT ( ( #4 ) ) GLOBAL_UNIT_ASSIGNED_CONTEXT ( ( #3326, #3221, #2632 ) ) REPRESENTATION_CONTEXT ( 'NONE', 'WORKASPACE' ) );
#1893 = DIRECTION ( 'NONE',  ( 1.000000000000000000, 0.000000000000000000, 0.000000000000000000 ) ) ;
#1894 = VERTEX_POINT ( 'NONE', #1001 ) ;
#1895 = STYLED_ITEM ( 'NONE', ( #4190 ), #730 ) ;
#1896 = CARTESIAN_POINT ( 'NONE',  ( -24.98674903070517672, -0.8193404547552988193, 48.13022506219147800 ) ) ;
#1897 = UNCERTAINTY_MEASURE_WITH_UNIT (LENGTH_MEASURE( 1.000000000000000082E-05 ), #1492, 'distance_accuracy_value', 'NONE');
#1898 = VECTOR ( 'NONE', #3630, 1000.000000000000114 ) ;
#1899 = EDGE_CURVE ( 'NONE', #1461, #2936, #2502, .T. ) ;
#1900 = STYLED_ITEM ( 'NONE', ( #741 ), #792 ) ;
#1901 = VERTEX_POINT ( 'NONE', #3812 ) ;
#1902 = AXIS2_PLACEMENT_3D ( 'NONE', #2988, #3794, #1819 ) ;
#1903 = AXIS2_PLACEMENT_3D ( 'NONE', #1719, #469, #932 ) ;
#1904 = VERTEX_POINT ( 'NONE', #2197 ) ;
#1905 = CARTESIAN_POINT ( 'NONE',  ( 1.255262969057670956E-16, -20.65000000004602043, 60.02499999994419255 ) ) ;
#1906 = AXIS2_PLACEMENT_3D ( 'NONE', #533, #2519, #2919 ) ;
#1907 = CARTESIAN_POINT ( 'NONE',  ( -17.48645794738397541, -17.86726053904555300, 46.50203157787439068 ) ) ;
#1908 = CIRCLE ( 'NONE', #157, 4.000000000000000000 ) ;
#1909 = B_SPLINE_CURVE_WITH_KNOTS ( 'NONE', 3,
 ( #2792, #362, #2375, #4017, #389, #804, #1980, #3641, #1623, #3235, #2718, #4365, #447, #2436, #2034, #4075 ),
 .UNSPECIFIED., .F., .F.,
 ( 4, 2, 2, 2, 2, 2, 2, 4 ),
 ( 0.003204287391195125879, 0.003604823501101697084, 0.004005359611008268289, 0.004405895720914839060, 0.004806431830821410699, 0.005206967940727981470, 0.005607504050634553108, 0.006408576270447705059 ),
 .UNSPECIFIED. ) ;
#1910 = CARTESIAN_POINT ( 'NONE',  ( 0.000000000000000000, 0.000000000000000000, 45.50000000000000000 ) ) ;
#1911 = VERTEX_POINT ( 'NONE', #2637 ) ;
#1912 = FACE_OUTER_BOUND ( 'NONE', #4000, .T. ) ;
#1913 = DIRECTION ( 'NONE',  ( -1.000000000000000000, 0.000000000000000000, 0.000000000000000000 ) ) ;
#1914 = STYLED_ITEM ( 'NONE', ( #2316 ), #3201 ) ;
#1915 = SURFACE_STYLE_FILL_AREA ( #3215 ) ;
#1916 = VERTEX_POINT ( 'NONE', #3438 ) ;
#1917 =( NAMED_UNIT ( * ) PLANE_ANGLE_UNIT ( ) SI_UNIT ( $, .RADIAN. ) );
#1918 =( NAMED_UNIT ( * ) SI_UNIT ( $, .STERADIAN. ) SOLID_ANGLE_UNIT ( ) );
#1919 =( NAMED_UNIT ( * ) SI_UNIT ( $, .STERADIAN. ) SOLID_ANGLE_UNIT ( ) );
#1920 = EDGE_CURVE ( 'NONE', #1927, #3349, #2612, .T. ) ;
#1921 =( GEOMETRIC_REPRESENTATION_CONTEXT ( 3 ) GLOBAL_UNCERTAINTY_ASSIGNED_CONTEXT ( ( #1374 ) ) GLOBAL_UNIT_ASSIGNED_CONTEXT ( ( #3030, #1859, #3564 ) ) REPRESENTATION_CONTEXT ( 'NONE', 'WORKASPACE' ) );
#1922 = DIRECTION ( 'NONE',  ( -0.000000000000000000, -0.000000000000000000, 1.000000000000000000 ) ) ;
#1923 = SURFACE_SIDE_STYLE ('',( #329 ) ) ;
#1924 = ORIENTED_EDGE ( 'NONE', *, *, #4021, .T. ) ;
#1925 = EDGE_CURVE ( 'NONE', #2847, #3434, #5164, .T. ) ;
#1926 = DIRECTION ( 'NONE',  ( -0.7071067811865560104, 0.7071067811865390240, 0.000000000000000000 ) ) ;
#1927 = VERTEX_POINT ( 'NONE', #3512 ) ;
#1928 = CARTESIAN_POINT ( 'NONE',  ( -17.58363015780487615, -17.77171416942620397, 48.52509085295847058 ) ) ;
#1929 = CARTESIAN_POINT ( 'NONE',  ( 1.255262969126026246E-16, 25.00000000000000000, 57.97500000000002984 ) ) ;
#1930 = FACE_OUTER_BOUND ( 'NONE', #3734, .T. ) ;
#1931 = DIRECTION ( 'NONE',  ( -0.000000000000000000, -0.000000000000000000, -1.000000000000000000 ) ) ;
#1932 = CARTESIAN_POINT ( 'NONE',  ( -2.524354896707237777E-26, 20.03411786546394069, 59.00000000031013769 ) ) ;
#1933 = EDGE_LOOP ( 'NONE', ( #4071, #330, #4850 ) ) ;
#1934 = DIRECTION ( 'NONE',  ( -0.000000000000000000, -0.000000000000000000, 1.000000000000000000 ) ) ;
#1935 =( NAMED_UNIT ( * ) PLANE_ANGLE_UNIT ( ) SI_UNIT ( $, .RADIAN. ) );
#1936 = AXIS2_PLACEMENT_3D ( 'NONE', #4738, #4342, #684 ) ;
#1937 = VERTEX_POINT ( 'NONE', #4344 ) ;
#1938 = CARTESIAN_POINT ( 'NONE',  ( -14.60175503150223975, 14.60175503150218468, 59.00000000000001421 ) ) ;
#1939 =( LENGTH_UNIT ( ) NAMED_UNIT ( * ) SI_UNIT ( .MILLI., .METRE. ) );
#1940 = MECHANICAL_DESIGN_GEOMETRIC_PRESENTATION_REPRESENTATION (  '', ( #4604 ), #448 ) ;
#1941 = EDGE_CURVE ( 'NONE', #489, #388, #4312, .T. ) ;
#1942 = CARTESIAN_POINT ( 'NONE',  ( -24.98012564217998133, -0.9979684208315056093, 59.26926809128502072 ) ) ;
#1943 = UNCERTAINTY_MEASURE_WITH_UNIT (LENGTH_MEASURE( 1.000000000000000082E-05 ), #746, 'distance_accuracy_value', 'NONE');
#1944 =( NAMED_UNIT ( * ) PLANE_ANGLE_UNIT ( ) SI_UNIT ( $, .RADIAN. ) );
#1945 = DIRECTION ( 'NONE',  ( -0.000000000000000000, -0.000000000000000000, 1.000000000000000000 ) ) ;
#1946 = ORIENTED_EDGE ( 'NONE', *, *, #2173, .T. ) ;
#1947 =( NAMED_UNIT ( * ) SI_UNIT ( $, .STERADIAN. ) SOLID_ANGLE_UNIT ( ) );
#1948 = VERTEX_POINT ( 'NONE', #5162 ) ;
#1949 = CARTESIAN_POINT ( 'NONE',  ( -16.93802074834537308, -18.38758964977796850, 47.50000000000000000 ) ) ;
#1950 =( LENGTH_UNIT ( ) NAMED_UNIT ( * ) SI_UNIT ( .MILLI., .METRE. ) );
#1951 = SURFACE_STYLE_FILL_AREA ( #2768 ) ;
#1952 = EDGE_LOOP ( 'NONE', ( #3537, #3850, #3103, #4992 ) ) ;
#1953 = CARTESIAN_POINT ( 'NONE',  ( -20.55631959837615241, 8.514706370123194645, 64.00000000000000000 ) ) ;
#1954 = EDGE_CURVE ( 'NONE', #603, #2440, #3071, .T. ) ;
#1955 = DIRECTION ( 'NONE',  ( -0.000000000000000000, -0.000000000000000000, 1.000000000000000000 ) ) ;
#1956 = ORIENTED_EDGE ( 'NONE', *, *, #2346, .F. ) ;
#1957 = DIRECTION ( 'NONE',  ( 0.000000000000000000, 0.000000000000000000, 1.000000000000000000 ) ) ;
#1958 = DIRECTION ( 'NONE',  ( 0.000000000000000000, 0.000000000000000000, 1.000000000000000000 ) ) ;
#1959 = DIRECTION ( 'NONE',  ( -0.000000000000000000, -0.000000000000000000, -1.000000000000000000 ) ) ;
#1960 = MECHANICAL_DESIGN_GEOMETRIC_PRESENTATION_REPRESENTATION (  '', ( #3753 ), #126 ) ;
#1961 = VECTOR ( 'NONE', #2703, 999.9999999999998863 ) ;
#1962 = CARTESIAN_POINT ( 'NONE',  ( 1.255262969126026246E-16, -25.00000000000000000, 48.52499999999999147 ) ) ;
#1963 = MECHANICAL_DESIGN_GEOMETRIC_PRESENTATION_REPRESENTATION (  '', ( #135 ), #4635 ) ;
#1964 = CYLINDRICAL_SURFACE ( 'NONE', #3972, 1.024999999999991251 ) ;
#1965 = FACE_BOUND ( 'NONE', #1100, .T. ) ;
#1966 = VECTOR ( 'NONE', #1740, 999.9999999999998863 ) ;
#1967 = STYLED_ITEM ( 'NONE', ( #5220 ), #1361 ) ;
#1968 = EDGE_CURVE ( 'NONE', #4759, #978, #3449, .T. ) ;
#1969 = ORIENTED_EDGE ( 'NONE', *, *, #1565, .F. ) ;
#1970 = CARTESIAN_POINT ( 'NONE',  ( -25.00000000000000000, 0.000000000000000000, 45.50000000000000000 ) ) ;
#1971 = COLOUR_RGB ( '',1.000000000000000000, 1.000000000000000000, 1.000000000000000000 ) ;
#1972 =( LENGTH_UNIT ( ) NAMED_UNIT ( * ) SI_UNIT ( .MILLI., .METRE. ) );
#1973 = CARTESIAN_POINT ( 'NONE',  ( -17.86726053904536826, -17.48645794738416370, 48.49796842212560222 ) ) ;
#1974 = DIRECTION ( 'NONE',  ( 1.000000000000000000, 0.000000000000000000, 0.000000000000000000 ) ) ;
#1975 = ADVANCED_FACE ( 'NONE', ( #3151 ), #403, .F. ) ;
#1976 = AXIS2_PLACEMENT_3D ( 'NONE', #3925, #296, #1506 ) ;
#1977 = CARTESIAN_POINT ( 'NONE',  ( -17.22777569394630248, -18.11664750846015792, 59.82090264345647057 ) ) ;
#1978 =( LENGTH_UNIT ( ) NAMED_UNIT ( * ) SI_UNIT ( .MILLI., .METRE. ) );
#1979 = EDGE_LOOP ( 'NONE', ( #4625, #2037 ) ) ;
#1980 = CARTESIAN_POINT ( 'NONE',  ( -17.30932310439759192, -18.03891749477584838, 58.10429229587309408 ) ) ;
#1981 = MECHANICAL_DESIGN_GEOMETRIC_PRESENTATION_REPRESENTATION (  '', ( #4649 ), #317 ) ;
#1982 = VECTOR ( 'NONE', #247, 1000.000000000000000 ) ;
#1983 = ORIENTED_EDGE ( 'NONE', *, *, #2258, .F. ) ;
#1984 = DIRECTION ( 'NONE',  ( 0.000000000000000000, 0.000000000000000000, 1.000000000000000000 ) ) ;
#1985 = SURFACE_STYLE_FILL_AREA ( #4020 ) ;
#1986 = PRESENTATION_LAYER_ASSIGNMENT (  '', '', ( #4135 ) ) ;
#1987 = COLOUR_RGB ( '',1.000000000000000000, 1.000000000000000000, 1.000000000000000000 ) ;
#1988 = EDGE_LOOP ( 'NONE', ( #2461, #1202, #5075, #1983 ) ) ;
#1989 = EDGE_CURVE ( 'NONE', #2478, #1838, #1659, .T. ) ;
#1990 = DIRECTION ( 'NONE',  ( 0.7071067811865510144, -0.7071067811865441310, 0.000000000000000000 ) ) ;
#1991 = PRESENTATION_STYLE_ASSIGNMENT (( #4058 ) ) ;
#1992 = SURFACE_STYLE_FILL_AREA ( #3593 ) ;
#1993 = PRESENTATION_LAYER_ASSIGNMENT (  '', '', ( #1914 ) ) ;
#1994 = CARTESIAN_POINT ( 'NONE',  ( -14.60175503149943488, 14.60175503149938336, 59.00000000000001421 ) ) ;
#1995 =( GEOMETRIC_REPRESENTATION_CONTEXT ( 3 ) GLOBAL_UNCERTAINTY_ASSIGNED_CONTEXT ( ( #542 ) ) GLOBAL_UNIT_ASSIGNED_CONTEXT ( ( #5176, #1144, #1457 ) ) REPRESENTATION_CONTEXT ( 'NONE', 'WORKASPACE' ) );
#1996 = PLANE ( 'NONE',  #4572 ) ;
#1997 = UNCERTAINTY_MEASURE_WITH_UNIT (LENGTH_MEASURE( 1.000000000000000082E-05 ), #3763, 'distance_accuracy_value', 'NONE');
#1998 = SURFACE_STYLE_USAGE ( .BOTH. , #89 ) ;
#1999 = PRESENTATION_STYLE_ASSIGNMENT (( #900 ) ) ;
#2000 = DIRECTION ( 'NONE',  ( 0.000000000000000000, 0.000000000000000000, 1.000000000000000000 ) ) ;
#2001 = VERTEX_POINT ( 'NONE', #4389 ) ;
#2002 = CARTESIAN_POINT ( 'NONE',  ( 14.60175503147081777, 14.60175503147117304, 47.50000000000000000 ) ) ;
#2003 = ORIENTED_EDGE ( 'NONE', *, *, #3496, .F. ) ;
#2004 = DIRECTION ( 'NONE',  ( 1.000000000000000000, 0.000000000000000000, 0.000000000000000000 ) ) ;
#2005 = CARTESIAN_POINT ( 'NONE',  ( -17.03318281924065047, 18.29954461374696706, 48.01656578188547542 ) ) ;
#2006 = SURFACE_SIDE_STYLE ('',( #4072 ) ) ;
#2007 = ORIENTED_EDGE ( 'NONE', *, *, #464, .T. ) ;
#2008 = EDGE_CURVE ( 'NONE', #3086, #2224, #4043, .T. ) ;
#2009 = CARTESIAN_POINT ( 'NONE',  ( 24.98012564217999198, -0.9979684208311523363, 47.23073190871498639 ) ) ;
#2010 = CARTESIAN_POINT ( 'NONE',  ( 24.97898240973566431, 1.024908670286260204, 47.63439222667395256 ) ) ;
#2011 = VERTEX_POINT ( 'NONE', #2723 ) ;
#2012 = SURFACE_STYLE_FILL_AREA ( #428 ) ;
#2013 = SURFACE_STYLE_USAGE ( .BOTH. , #1268 ) ;
#2014 = CARTESIAN_POINT ( 'NONE',  ( -0.8960261247664076389, 24.98399028843315506, 58.48444902618719254 ) ) ;
#2015 = CIRCLE ( 'NONE', #268, 1.024999999999991251 ) ;
#2016 = FILL_AREA_STYLE_COLOUR ( '', #2187 ) ;
#2017 = CARTESIAN_POINT ( 'NONE',  ( 8.514706370123407808, -20.55631959837606360, 58.00000000000000000 ) ) ;
#2018 = SURFACE_SIDE_STYLE ('',( #4146 ) ) ;
#2019 = EDGE_CURVE ( 'NONE', #590, #4133, #2256, .T. ) ;
#2020 = CONICAL_SURFACE ( 'NONE', #443, 1.024999999921555105, 1.029744258289137848 ) ;
#2021 =( NAMED_UNIT ( * ) PLANE_ANGLE_UNIT ( ) SI_UNIT ( $, .RADIAN. ) );
#2022 = LINE ( 'NONE', #4534, #3877 ) ;
#2023 = ADVANCED_FACE ( 'NONE', ( #1522 ), #242, .F. ) ;
#2024 = ORIENTED_EDGE ( 'NONE', *, *, #1727, .F. ) ;
#2025 = COLOUR_RGB ( '',1.000000000000000000, 1.000000000000000000, 1.000000000000000000 ) ;
#2026 = FACE_OUTER_BOUND ( 'NONE', #1064, .T. ) ;
#2027 = CARTESIAN_POINT ( 'NONE',  ( -8.514706370123267476, 20.55631959837612399, 62.00000000000000000 ) ) ;
#2028 = SURFACE_STYLE_FILL_AREA ( #3253 ) ;
#2029 = AXIS2_PLACEMENT_3D ( 'NONE', #3918, #3862, #1051 ) ;
#2030 = ORIENTED_EDGE ( 'NONE', *, *, #1989, .T. ) ;
#2031 = CARTESIAN_POINT ( 'NONE',  ( -18.11781462323803993, -17.22654172550793561, 59.81934041746396957 ) ) ;
#2032 = PRESENTATION_STYLE_ASSIGNMENT (( #4132 ) ) ;
#2033 = ORIENTED_EDGE ( 'NONE', *, *, #2852, .F. ) ;
#2034 = CARTESIAN_POINT ( 'NONE',  ( -18.38758964977778732, -16.93802074834556493, 58.72912913159667880 ) ) ;
#2035 = CARTESIAN_POINT ( 'NONE',  ( 24.98400139584355628, -0.8957077204992875963, 46.98409889184212318 ) ) ;
#2036 = LINE ( 'NONE', #3745, #52 ) ;
#2037 = ORIENTED_EDGE ( 'NONE', *, *, #4542, .T. ) ;
#2038 = DIRECTION ( 'NONE',  ( 1.000000000000000000, 0.000000000000000000, 0.000000000000000000 ) ) ;
#2039 = CARTESIAN_POINT ( 'NONE',  ( -19.53131959837615739, 8.514706370123194645, 58.00000000000000000 ) ) ;
#2040 = CARTESIAN_POINT ( 'NONE',  ( -24.99502542996518883, 0.5341225688664134053, 59.91572315336031096 ) ) ;
#2041 = CARTESIAN_POINT ( 'NONE',  ( 16.93802074834524518, 18.38758964977808574, 59.00000000000001421 ) ) ;
#2042 = SURFACE_SIDE_STYLE ('',( #1709 ) ) ;
#2043 = ADVANCED_FACE ( 'NONE', ( #1912 ), #319, .F. ) ;
#2044 = CARTESIAN_POINT ( 'NONE',  ( -18.03891749477578443, 17.30932310439765942, 46.60429229587307276 ) ) ;
#2045 = FACE_OUTER_BOUND ( 'NONE', #4621, .T. ) ;
#2046 = UNCERTAINTY_MEASURE_WITH_UNIT (LENGTH_MEASURE( 1.000000000000000082E-05 ), #4239, 'distance_accuracy_value', 'NONE');
#2047 = SURFACE_SIDE_STYLE ('',( #867 ) ) ;
#2048 = FILL_AREA_STYLE_COLOUR ( '', #192 ) ;
#2049 = SURFACE_STYLE_USAGE ( .BOTH. , #4557 ) ;
#2050 = EDGE_LOOP ( 'NONE', ( #100, #2672 ) ) ;
#2051 = STYLED_ITEM ( 'NONE', ( #3783 ), #288 ) ;
#2052 = SURFACE_STYLE_USAGE ( .BOTH. , #847 ) ;
#2053 = CARTESIAN_POINT ( 'NONE',  ( -25.00000000000000000, 0.000000000000000000, 45.48999999999999488 ) ) ;
#2054 = EDGE_CURVE ( 'NONE', #3211, #388, #5209, .T. ) ;
#2055 = CARTESIAN_POINT ( 'NONE',  ( 17.58363015780475891, 17.77171416942632121, 60.02509085295846347 ) ) ;
#2056 = STYLED_ITEM ( 'NONE', ( #1099 ), #4163 ) ;
#2057 = COLOUR_RGB ( '',1.000000000000000000, 1.000000000000000000, 1.000000000000000000 ) ;
#2058 = VERTEX_POINT ( 'NONE', #4944 ) ;
#2059 = CARTESIAN_POINT ( 'NONE',  ( 7.014706370123267476, -20.55631959837612399, 62.00000000000000000 ) ) ;
#2060 = CARTESIAN_POINT ( 'NONE',  ( 0.8960261247664071949, -24.98399028843315861, 58.48444902618722097 ) ) ;
#2061 = CIRCLE ( 'NONE', #4032, 1.024999999999991029 ) ;
#2062 = STYLED_ITEM ( 'NONE', ( #86 ), #2802 ) ;
#2063 = CARTESIAN_POINT ( 'NONE',  ( 18.38758964977802535, -16.93802074834530913, 47.36456462869393391 ) ) ;
#2064 = COLOUR_RGB ( '',1.000000000000000000, 1.000000000000000000, 1.000000000000000000 ) ;
#2065 = ORIENTED_EDGE ( 'NONE', *, *, #2740, .T. ) ;
#2066 = CARTESIAN_POINT ( 'NONE',  ( 8.514706370123406032, -20.55631959837606360, 57.38411786549675497 ) ) ;
#2067 = CARTESIAN_POINT ( 'NONE',  ( 18.31383994738937204, -17.01881181540873555, 48.03412252723370557 ) ) ;
#2068 = FACE_OUTER_BOUND ( 'NONE', #3480, .T. ) ;
#2069 = PRESENTATION_STYLE_ASSIGNMENT (( #4108 ) ) ;
#2070 = B_SPLINE_CURVE_WITH_KNOTS ( 'NONE', 3,
 ( #1384, #2130, #3803, #1302, #2537, #177, #4184, #2108, #551, #3739, #120, #1722, #1778, #3397, #5044, #3345 ),
 .UNSPECIFIED., .F., .F.,
 ( 4, 2, 2, 2, 2, 2, 2, 4 ),
 ( 0.000000000000000000, 0.0004005359238993899760, 0.0008010718477987799520, 0.001201607771698169928, 0.001602143695597559904, 0.002002679619496949663, 0.002403215543396339856, 0.003204287391195125446 ),
 .UNSPECIFIED. ) ;
#2071 = FILL_AREA_STYLE_COLOUR ( '', #4401 ) ;
#2072 = AXIS2_PLACEMENT_3D ( 'NONE', #215, #564, #2198 ) ;
#2073 = PRODUCT_CONTEXT ( 'NONE', #2086, 'mechanical' ) ;
#2074 = CARTESIAN_POINT ( 'NONE',  ( -20.55631959837609202, -8.514706370123338530, 62.00000000000000000 ) ) ;
#2075 = AXIS2_PLACEMENT_3D ( 'NONE', #1184, #3536, #1514 ) ;
#2076 =( GEOMETRIC_REPRESENTATION_CONTEXT ( 3 ) GLOBAL_UNCERTAINTY_ASSIGNED_CONTEXT ( ( #2211 ) ) GLOBAL_UNIT_ASSIGNED_CONTEXT ( ( #4692, #1037, #572 ) ) REPRESENTATION_CONTEXT ( 'NONE', 'WORKASPACE' ) );
#2077 = CARTESIAN_POINT ( 'NONE',  ( 15.32653948237305741, 13.87697058072526879, 59.00000000000001421 ) ) ;
#2078 = ADVANCED_FACE ( 'NONE', ( #474 ), #1238, .F. ) ;
#2079 =( NAMED_UNIT ( * ) SI_UNIT ( $, .STERADIAN. ) SOLID_ANGLE_UNIT ( ) );
#2080 = SURFACE_STYLE_FILL_AREA ( #4150 ) ;
#2081 = AXIS2_PLACEMENT_3D ( 'NONE', #2509, #3016, #4238 ) ;
#2082 = ORIENTED_EDGE ( 'NONE', *, *, #1121, .F. ) ;
#2083 = CARTESIAN_POINT ( 'NONE',  ( 18.11664750845985949, 17.22777569394662578, 58.17909735654359338 ) ) ;
#2084 = MECHANICAL_DESIGN_GEOMETRIC_PRESENTATION_REPRESENTATION (  '', ( #4333 ), #3706 ) ;
#2085 = CARTESIAN_POINT ( 'NONE',  ( -19.53131959837615739, 8.514706370123194645, 58.00000000000000000 ) ) ;
#2086 = APPLICATION_CONTEXT ( 'automotive_design' ) ;
#2087 = ORIENTED_EDGE ( 'NONE', *, *, #3627, .F. ) ;
#2088 = EDGE_CURVE ( 'NONE', #4541, #3969, #1460, .T. ) ;
#2089 = ORIENTED_EDGE ( 'NONE', *, *, #4354, .T. ) ;
#2090 = DIRECTION ( 'NONE',  ( 0.7071067811865389130, 0.7071067811865561215, 0.000000000000000000 ) ) ;
#2091 = EDGE_CURVE ( 'NONE', #3434, #2847, #2794, .T. ) ;
#2092 = CARTESIAN_POINT ( 'NONE',  ( 25.00000000000000000, 2.618611004132350143E-13, 46.47500000000000853 ) ) ;
#2093 = EDGE_LOOP ( 'NONE', ( #2539, #2682, #4276 ) ) ;
#2094 = CARTESIAN_POINT ( 'NONE',  ( -17.86726053904549261, 17.48645794738403580, 58.00203157787440489 ) ) ;
#2095 = CARTESIAN_POINT ( 'NONE',  ( -8.514706370123267476, -20.55631959837612399, 57.38411786549675497 ) ) ;
#2096 = FACE_OUTER_BOUND ( 'NONE', #5267, .T. ) ;
#2097 = CARTESIAN_POINT ( 'NONE',  ( -6.625339183387177274E-16, 25.00000000000000000, 48.52499999999999147 ) ) ;
#2098 = ORIENTED_EDGE ( 'NONE', *, *, #318, .F. ) ;
#2099 = LINE ( 'NONE', #3733, #2397 ) ;
#2100 = SURFACE_SIDE_STYLE ('',( #868 ) ) ;
#2101 = ORIENTED_EDGE ( 'NONE', *, *, #259, .T. ) ;
#2102 = ADVANCED_FACE ( 'NONE', ( #1677 ), #4920, .F. ) ;
#2103 = SURFACE_SIDE_STYLE ('',( #4987 ) ) ;
#2104 = DIRECTION ( 'NONE',  ( 0.000000000000000000, 0.000000000000000000, 1.000000000000000000 ) ) ;
#2105 = CARTESIAN_POINT ( 'NONE',  ( 18.11781462323792624, 17.22654172550805640, 59.81934041746396247 ) ) ;
#2106 =( GEOMETRIC_REPRESENTATION_CONTEXT ( 3 ) GLOBAL_UNCERTAINTY_ASSIGNED_CONTEXT ( ( #843 ) ) GLOBAL_UNIT_ASSIGNED_CONTEXT ( ( #3302, #3921, #214 ) ) REPRESENTATION_CONTEXT ( 'NONE', 'WORKASPACE' ) );
#2107 = ORIENTED_EDGE ( 'NONE', *, *, #4264, .T. ) ;
#2108 = CARTESIAN_POINT ( 'NONE',  ( 17.48645794738422765, -17.86726053904531497, 59.99796842212560222 ) ) ;
#2109 = EDGE_CURVE ( 'NONE', #685, #723, #4189, .T. ) ;
#2110 = EDGE_LOOP ( 'NONE', ( #340, #2293, #3299 ) ) ;
#2111 = MECHANICAL_DESIGN_GEOMETRIC_PRESENTATION_REPRESENTATION (  '', ( #4086 ), #2972 ) ;
#2112 = LINE ( 'NONE', #530, #4391 ) ;
#2113 = DIRECTION ( 'NONE',  ( 1.000000000000000000, 0.000000000000000000, 0.000000000000000000 ) ) ;
#2114 = CARTESIAN_POINT ( 'NONE',  ( -8.514706370123120038, -20.55631959837618439, 62.00000000000000000 ) ) ;
#2115 = ORIENTED_EDGE ( 'NONE', *, *, #3715, .T. ) ;
#2116 = DIRECTION ( 'NONE',  ( -0.9702957263257686593, -0.2419218954000423027, 1.232709447613574443E-15 ) ) ;
#2117 = ADVANCED_FACE ( 'NONE', ( #2542, #916 ), #2951, .T. ) ;
#2118 = SURFACE_STYLE_FILL_AREA ( #2581 ) ;
#2119 = PRESENTATION_STYLE_ASSIGNMENT (( #4172 ) ) ;
#2120 = CARTESIAN_POINT ( 'NONE',  ( 0.000000000000000000, -20.65000000004602043, 57.97500000005584297 ) ) ;
#2121 = ORIENTED_EDGE ( 'NONE', *, *, #4410, .F. ) ;
#2122 = DIRECTION ( 'NONE',  ( 0.000000000000000000, 0.000000000000000000, 1.000000000000000000 ) ) ;
#2123 = EDGE_LOOP ( 'NONE', ( #650, #701 ) ) ;
#2124 = FILL_AREA_STYLE_COLOUR ( '', #2127 ) ;
#2125 = CARTESIAN_POINT ( 'NONE',  ( 17.67766952966347205, 17.67766952966390193, 47.50000000000000000 ) ) ;
#2126 = CARTESIAN_POINT ( 'NONE',  ( -7.489706370123268009, 20.55631959837612399, 58.00000000000000000 ) ) ;
#2127 = COLOUR_RGB ( '',1.000000000000000000, 1.000000000000000000, 1.000000000000000000 ) ;
#2128 =( GEOMETRIC_REPRESENTATION_CONTEXT ( 3 ) GLOBAL_UNCERTAINTY_ASSIGNED_CONTEXT ( ( #4262 ) ) GLOBAL_UNIT_ASSIGNED_CONTEXT ( ( #1090, #295, #1886 ) ) REPRESENTATION_CONTEXT ( 'NONE', 'WORKASPACE' ) );
#2129 = ORIENTED_EDGE ( 'NONE', *, *, #4858, .F. ) ;
#2130 = CARTESIAN_POINT ( 'NONE',  ( 16.93802074834562887, -18.38758964977773047, 59.13543537130609451 ) ) ;
#2131 = PRESENTATION_LAYER_ASSIGNMENT (  '', '', ( #2056 ) ) ;
#2132 = CARTESIAN_POINT ( 'NONE',  ( -0.9979684208314143490, 24.98012564217998488, 47.76926809128502072 ) ) ;
#2133 = ORIENTED_EDGE ( 'NONE', *, *, #2515, .F. ) ;
#2134 = CIRCLE ( 'NONE', #2831, 1.024999999999994582 ) ;
#2135 = AXIS2_PLACEMENT_3D ( 'NONE', #2349, #1130, #2743 ) ;
#2136 = LINE ( 'NONE', #1339, #5238 ) ;
#2137 = EDGE_CURVE ( 'NONE', #4756, #4215, #3428, .T. ) ;
#2138 = CARTESIAN_POINT ( 'NONE',  ( -25.00000000000000000, -8.716150717416573730E-14, 57.97500000000002984 ) ) ;
#2139 = AXIS2_PLACEMENT_3D ( 'NONE', #1733, #556, #2608 ) ;
#2140 = AXIS2_PLACEMENT_3D ( 'NONE', #643, #4612, #1382 ) ;
#2141 = LINE ( 'NONE', #5025, #1814 ) ;
#2142 = CARTESIAN_POINT ( 'NONE',  ( 17.86726053904561340, -17.48645794738391146, 46.50203157787439778 ) ) ;
#2143 = EDGE_LOOP ( 'NONE', ( #4584, #4568 ) ) ;
#2144 = DIRECTION ( 'NONE',  ( 0.000000000000000000, 1.000000000000000000, 0.000000000000000000 ) ) ;
#2146 = AXIS2_PLACEMENT_3D ( 'NONE', #274, #1479, #1869 ) ;
#2145 = DIRECTION ( 'NONE',  ( 0.000000000000000000, 0.000000000000000000, 1.000000000000000000 ) ) ;
#2147 = AXIS2_PLACEMENT_3D ( 'NONE', #1729, #4592, #554 ) ;
#2148 = DIRECTION ( 'NONE',  ( -0.000000000000000000, -0.000000000000000000, -1.000000000000000000 ) ) ;
#2149 = CARTESIAN_POINT ( 'NONE',  ( 20.55631959837603162, 8.514706370123482415, 64.00000000000000000 ) ) ;
#2150 = AXIS2_PLACEMENT_3D ( 'NONE', #892, #2525, #457 ) ;
#2151 = ADVANCED_FACE ( 'NONE', ( #3027 ), #2172, .F. ) ;
#2152 = MECHANICAL_DESIGN_GEOMETRIC_PRESENTATION_REPRESENTATION (  '', ( #486 ), #2845 ) ;
#2153 = ORIENTED_EDGE ( 'NONE', *, *, #1182, .F. ) ;
#2154 = FACE_OUTER_BOUND ( 'NONE', #4310, .T. ) ;
#2155 = LINE ( 'NONE', #4664, #1671 ) ;
#2156 = CARTESIAN_POINT ( 'NONE',  ( -20.55631959837609557, -8.514706370123338530, 62.00000000000000000 ) ) ;
#2158 = AXIS2_PLACEMENT_3D ( 'NONE', #1953, #3213, #4052 ) ;
#2157 = APPLICATION_CONTEXT ( 'automotive_design' ) ;
#2159 = CARTESIAN_POINT ( 'NONE',  ( 0.9985886416618663386, -24.98010116619887100, 47.23264939198283940 ) ) ;
#2160 = ORIENTED_EDGE ( 'NONE', *, *, #98, .F. ) ;
#2161 = AXIS2_PLACEMENT_3D ( 'NONE', #625, #2247, #1147 ) ;
#2162 = SURFACE_STYLE_USAGE ( .BOTH. , #2103 ) ;
#2163 = CARTESIAN_POINT ( 'NONE',  ( 24.99223329972246788, -0.6302543902969269807, 58.18068210484340597 ) ) ;
#2164 = SURFACE_STYLE_USAGE ( .BOTH. , #117 ) ;
#2165 = UNCERTAINTY_MEASURE_WITH_UNIT (LENGTH_MEASURE( 1.000000000000000082E-05 ), #4511, 'distance_accuracy_value', 'NONE');
#2166 = MECHANICAL_DESIGN_GEOMETRIC_PRESENTATION_REPRESENTATION (  '', ( #1333 ), #72 ) ;
#2167 = VERTEX_POINT ( 'NONE', #555 ) ;
#2168 = CARTESIAN_POINT ( 'NONE',  ( 18.38758964977766652, 16.93802074834568927, 47.22912938317900711 ) ) ;
#2169 = AXIS2_PLACEMENT_3D ( 'NONE', #3385, #2552, #1789 ) ;
#2170 = VERTEX_POINT ( 'NONE', #4162 ) ;
#2171 = SURFACE_STYLE_USAGE ( .BOTH. , #3096 ) ;
#2172 = CYLINDRICAL_SURFACE ( 'NONE', #1906, 1.500000000000001332 ) ;
#2173 = EDGE_CURVE ( 'NONE', #1534, #1948, #2571, .T. ) ;
#2174 = SURFACE_SIDE_STYLE ('',( #2661 ) ) ;
#2175 = DIRECTION ( 'NONE',  ( 0.7071067811865469066, 0.7071067811865481278, 0.000000000000000000 ) ) ;
#2176 = DIRECTION ( 'NONE',  ( 0.9702957263251306141, -0.2419218954026012280, 7.213274429354650204E-16 ) ) ;
#2177 = DIRECTION ( 'NONE',  ( 1.156482317317871764E-14, -1.000000000000000000, 0.000000000000000000 ) ) ;
#2178 = ORIENTED_EDGE ( 'NONE', *, *, #3717, .F. ) ;
#2179 = CARTESIAN_POINT ( 'NONE',  ( 25.00000000000000000, 2.618611004132350143E-13, 47.50000000000000000 ) ) ;
#2180 = CARTESIAN_POINT ( 'NONE',  ( 13.87697058077552548, -15.32653948222891316, 59.00000000000001421 ) ) ;
#2181 = CARTESIAN_POINT ( 'NONE',  ( 0.5341225688664833493, -24.99502542996518883, 46.58427684663971746 ) ) ;
#2182 = EDGE_LOOP ( 'NONE', ( #5212, #4887 ) ) ;
#2183 =( NAMED_UNIT ( * ) SI_UNIT ( $, .STERADIAN. ) SOLID_ANGLE_UNIT ( ) );
#2184 = CARTESIAN_POINT ( 'NONE',  ( -20.55631959837615597, 8.514706370123192869, 62.00000000000000000 ) ) ;
#2185 = ADVANCED_FACE ( 'NONE', ( #3744, #182 ), #1420, .F. ) ;
#2186 = EDGE_LOOP ( 'NONE', ( #2793, #4050, #321 ) ) ;
#2187 = COLOUR_RGB ( '',1.000000000000000000, 1.000000000000000000, 1.000000000000000000 ) ;
#2188 =( LENGTH_UNIT ( ) NAMED_UNIT ( * ) SI_UNIT ( .MILLI., .METRE. ) );
#2189 = EDGE_LOOP ( 'NONE', ( #426, #3492, #2212, #2344, #4606, #2265, #3648, #1561 ) ) ;
#2190 = B_SPLINE_CURVE_WITH_KNOTS ( 'NONE', 3,
 ( #5107, #1441, #237, #1045, #3046, #4704, #2656, #4300, #1835, #860, #815, #2381, #2858, #2067, #83, #1603 ),
 .UNSPECIFIED., .F., .F.,
 ( 4, 2, 2, 2, 2, 2, 2, 4 ),
 ( 0.000000000000000000, 0.0004005359238993901928, 0.0008010718477987803857, 0.001201607771698170578, 0.001602143695597560771, 0.002002679619496950964, 0.002403215543396341157, 0.003204287391195127181 ),
 .UNSPECIFIED. ) ;
#2191 = CARTESIAN_POINT ( 'NONE',  ( -10.00000000000000000, 1.224646799147353256E-15, 50.00000000000000711 ) ) ;
#2192 = FACE_OUTER_BOUND ( 'NONE', #4347, .T. ) ;
#2193 =( NAMED_UNIT ( * ) PLANE_ANGLE_UNIT ( ) SI_UNIT ( $, .RADIAN. ) );
#2194 = CONICAL_SURFACE ( 'NONE', #1366, 1.024999999999998135, 1.029744258676655422 ) ;
#2195 = CARTESIAN_POINT ( 'NONE',  ( 25.00000000000000000, 2.618611004132350143E-13, 59.00000000000001421 ) ) ;
#2196 = CARTESIAN_POINT ( 'NONE',  ( 1.255262969126026246E-16, 25.00000000000000000, 46.47500000000000853 ) ) ;
#2197 = CARTESIAN_POINT ( 'NONE',  ( 21.58131959837602665, 8.514706370123480639, 62.00000000000000000 ) ) ;
#2198 = DIRECTION ( 'NONE',  ( 0.7071067811865406894, 0.7071067811865542341, 0.000000000000000000 ) ) ;
#2199 = EDGE_CURVE ( 'NONE', #4727, #5264, #1908, .T. ) ;
#2200 = CARTESIAN_POINT ( 'NONE',  ( 20.65000000000000924, 2.619866267101313919E-13, 60.02499999986761736 ) ) ;
#2201 = ORIENTED_EDGE ( 'NONE', *, *, #2651, .F. ) ;
#2202 = DIRECTION ( 'NONE',  ( 1.000000000000000000, 0.000000000000000000, 0.000000000000000000 ) ) ;
#2203 = FACE_OUTER_BOUND ( 'NONE', #4806, .T. ) ;
#2204 = UNCERTAINTY_MEASURE_WITH_UNIT (LENGTH_MEASURE( 1.000000000000000082E-05 ), #130, 'distance_accuracy_value', 'NONE');
#2205 = CARTESIAN_POINT ( 'NONE',  ( 7.489706370123410117, -20.55631959837606360, 58.00000000000000000 ) ) ;
#2206 = EDGE_CURVE ( 'NONE', #4378, #2350, #250, .T. ) ;
#2207 = CARTESIAN_POINT ( 'NONE',  ( 0.000000000000000000, -20.65000000000000924, 47.50000000000000000 ) ) ;
#2208 = ADVANCED_FACE ( 'NONE', ( #1201 ), #2657, .F. ) ;
#2209 = VERTEX_POINT ( 'NONE', #3556 ) ;
#2210 = PRESENTATION_STYLE_ASSIGNMENT (( #2162 ) ) ;
#2211 = UNCERTAINTY_MEASURE_WITH_UNIT (LENGTH_MEASURE( 1.000000000000000082E-05 ), #4692, 'distance_accuracy_value', 'NONE');
#2212 = ORIENTED_EDGE ( 'NONE', *, *, #619, .T. ) ;
#2213 = EDGE_CURVE ( 'NONE', #1574, #1401, #1833, .T. ) ;
#2214 = CARTESIAN_POINT ( 'NONE',  ( -21.58131959837614744, 8.514706370123194645, 64.00000000000000000 ) ) ;
#2215 = ORIENTED_EDGE ( 'NONE', *, *, #5133, .T. ) ;
#2216 = FILL_AREA_STYLE ('',( #1834 ) ) ;
#2217 = VECTOR ( 'NONE', #1724, 1000.000000000000000 ) ;
#2218 = SURFACE_STYLE_FILL_AREA ( #2631 ) ;
#2219 = PRESENTATION_LAYER_ASSIGNMENT (  '', '', ( #4629 ) ) ;
#2220 = CIRCLE ( 'NONE', #2751, 1.024999999999998135 ) ;
#2221 = CIRCLE ( 'NONE', #384, 1.024999999999991029 ) ;
#2222 = CARTESIAN_POINT ( 'NONE',  ( 0.9979684208314145710, 24.98012564217998488, 47.23073190871497218 ) ) ;
#2223 = CARTESIAN_POINT ( 'NONE',  ( 18.03891749477590878, -17.30932310439753863, 58.10429229587310829 ) ) ;
#2224 = VERTEX_POINT ( 'NONE', #6 ) ;
#2225 = CARTESIAN_POINT ( 'NONE',  ( 0.000000000000000000, 25.00000000000000000, 48.52499999999999147 ) ) ;
#2226 = VECTOR ( 'NONE', #756, 1000.000000000000000 ) ;
#2227 = FACE_OUTER_BOUND ( 'NONE', #5148, .T. ) ;
#2228 = AXIS2_PLACEMENT_3D ( 'NONE', #1111, #4392, #3155 ) ;
#2229 = DIRECTION ( 'NONE',  ( 0.7071067811865406894, 0.7071067811865542341, 0.000000000000000000 ) ) ;
#2230 = CIRCLE ( 'NONE', #5237, 1.024999999999994582 ) ;
#2231 = EDGE_LOOP ( 'NONE', ( #4026, #4293, #1266 ) ) ;
#2232 = CARTESIAN_POINT ( 'NONE',  ( 1.255262969003073153E-16, -20.64999999998917701, 48.52499999989959178 ) ) ;
#2233 = PRESENTATION_LAYER_ASSIGNMENT (  '', '', ( #1900 ) ) ;
#2234 = CARTESIAN_POINT ( 'NONE',  ( 0.000000000000000000, -25.00000000000000000, 46.47500000000000853 ) ) ;
#2235 =( GEOMETRIC_REPRESENTATION_CONTEXT ( 3 ) GLOBAL_UNCERTAINTY_ASSIGNED_CONTEXT ( ( #1585 ) ) GLOBAL_UNIT_ASSIGNED_CONTEXT ( ( #1683, #4110, #3673 ) ) REPRESENTATION_CONTEXT ( 'NONE', 'WORKASPACE' ) );
#2236 = VECTOR ( 'NONE', #4145, 1000.000000000000000 ) ;
#2237 = VECTOR ( 'NONE', #335, 1000.000000000000000 ) ;
#2238 = EDGE_LOOP ( 'NONE', ( #3460, #2007, #363, #112 ) ) ;
#2239 = ADVANCED_FACE ( 'NONE', ( #1613 ), #4228, .F. ) ;
#2240 = CARTESIAN_POINT ( 'NONE',  ( 25.00000000000000000, -0.1354353691711550900, 57.97500000000004405 ) ) ;
#2241 = FACE_OUTER_BOUND ( 'NONE', #3683, .T. ) ;
#2242 = ORIENTED_EDGE ( 'NONE', *, *, #1899, .F. ) ;
#2243 = EDGE_CURVE ( 'NONE', #252, #2926, #3137, .T. ) ;
#2244 = ORIENTED_EDGE ( 'NONE', *, *, #2008, .F. ) ;
#2245 = AXIS2_PLACEMENT_3D ( 'NONE', #2473, #4117, #2504 ) ;
#2246 = AXIS2_PLACEMENT_3D ( 'NONE', #3713, #1326, #2938 ) ;
#2247 = DIRECTION ( 'NONE',  ( -0.000000000000000000, -0.000000000000000000, -1.000000000000000000 ) ) ;
#2248 = EDGE_CURVE ( 'NONE', #3838, #4872, #2328, .T. ) ;
#2249 = CARTESIAN_POINT ( 'NONE',  ( 24.75000000000000355, 0.000000000000000000, 61.50000000000000000 ) ) ;
#2250 = PRODUCT_DEFINITION ( 'æœ', '', #4171, #4198 ) ;
#2251 = SURFACE_STYLE_FILL_AREA ( #4305 ) ;
#2252 = VERTEX_POINT ( 'NONE', #2341 ) ;
#2253 = DIRECTION ( 'NONE',  ( -0.000000000000000000, -0.000000000000000000, 1.000000000000000000 ) ) ;
#2254 = CARTESIAN_POINT ( 'NONE',  ( -18.40245398037980351, -16.95288507894758112, 59.00000000000001421 ) ) ;
#2255 = AXIS2_PLACEMENT_3D ( 'NONE', #1104, #4015, #5263 ) ;
#2256 = LINE ( 'NONE', #1108, #4651 ) ;
#2257 = LINE ( 'NONE', #1029, #196 ) ;
#2258 = EDGE_CURVE ( 'NONE', #2721, #1596, #4997, .T. ) ;
#2259 = SURFACE_SIDE_STYLE ('',( #2700 ) ) ;
#2260 =( LENGTH_UNIT ( ) NAMED_UNIT ( * ) SI_UNIT ( .MILLI., .METRE. ) );
#2261 = ORIENTED_EDGE ( 'NONE', *, *, #3751, .T. ) ;
#2262 = LINE ( 'NONE', #3493, #3331 ) ;
#2263 = DIRECTION ( 'NONE',  ( 1.000000000000000000, 0.000000000000000000, 0.000000000000000000 ) ) ;
#2264 = CARTESIAN_POINT ( 'NONE',  ( -20.65000000000000924, -8.728703347107833388E-14, 48.52499999992582502 ) ) ;
#2265 = ORIENTED_EDGE ( 'NONE', *, *, #2816, .F. ) ;
#2266 = CARTESIAN_POINT ( 'NONE',  ( 16.93802074834524518, 18.38758964977808930, 47.36456462869394812 ) ) ;
#2267 = CARTESIAN_POINT ( 'NONE',  ( -24.98010116619887100, -0.9985886416619473849, 47.23264939198280388 ) ) ;
#2268 = UNCERTAINTY_MEASURE_WITH_UNIT (LENGTH_MEASURE( 1.000000000000000082E-05 ), #2260, 'distance_accuracy_value', 'NONE');
#2269 = ADVANCED_FACE ( 'NONE', ( #2365 ), #1587, .F. ) ;
#2270 = VERTEX_POINT ( 'NONE', #4454 ) ;
#2271 = CARTESIAN_POINT ( 'NONE',  ( -13.87697058082437707, -15.32653948214601769, 59.00000000000001421 ) ) ;
#2272 = ORIENTED_EDGE ( 'NONE', *, *, #2447, .T. ) ;
#2273 = CARTESIAN_POINT ( 'NONE',  ( -20.55631959837609202, -8.514706370123338530, 64.00000000000000000 ) ) ;
#2274 = AXIS2_PLACEMENT_3D ( 'NONE', #2289, #1509, #4800 ) ;
#2275 = CARTESIAN_POINT ( 'NONE',  ( -20.55631959837615597, 8.514706370123192869, 62.00000000000000000 ) ) ;
#2276 = SURFACE_SIDE_STYLE ('',( #4734 ) ) ;
#2277 = SURFACE_STYLE_USAGE ( .BOTH. , #1393 ) ;
#2278 =( LENGTH_UNIT ( ) NAMED_UNIT ( * ) SI_UNIT ( .MILLI., .METRE. ) );
#2279 = FACE_BOUND ( 'NONE', #4258, .T. ) ;
#2280 = EDGE_LOOP ( 'NONE', ( #2160, #2295, #1193 ) ) ;
#2281 = SURFACE_STYLE_USAGE ( .BOTH. , #1133 ) ;
#2282 = CARTESIAN_POINT ( 'NONE',  ( 8.514706370123267476, -20.55631959837612399, 64.00000000000000000 ) ) ;
#2283 = MECHANICAL_DESIGN_GEOMETRIC_PRESENTATION_REPRESENTATION (  '', ( #5204 ), #5035 ) ;
#2284 = EDGE_LOOP ( 'NONE', ( #2946, #958, #4274, #2707 ) ) ;
#2285 = ADVANCED_FACE ( 'NONE', ( #4010 ), #3226, .F. ) ;
#2286 = CARTESIAN_POINT ( 'NONE',  ( -7.014706370123120038, -20.55631959837618439, 62.00000000000000000 ) ) ;
#2287 = VECTOR ( 'NONE', #628, 1000.000000000000000 ) ;
#2288 = CARTESIAN_POINT ( 'NONE',  ( -25.00000000000000000, -8.716150717416573730E-14, 46.47500000000000853 ) ) ;
#2289 = CARTESIAN_POINT ( 'NONE',  ( -17.67766952966359284, -17.67766952966378113, 47.50000000000000000 ) ) ;
#2290 = VERTEX_POINT ( 'NONE', #796 ) ;
#2291 = DIRECTION ( 'NONE',  ( 1.000000000000000000, 0.000000000000000000, 0.000000000000000000 ) ) ;
#2292 =( NAMED_UNIT ( * ) SI_UNIT ( $, .STERADIAN. ) SOLID_ANGLE_UNIT ( ) );
#2293 = ORIENTED_EDGE ( 'NONE', *, *, #248, .T. ) ;
#2294 = DIRECTION ( 'NONE',  ( 0.000000000000000000, 0.000000000000000000, 1.000000000000000000 ) ) ;
#2295 = ORIENTED_EDGE ( 'NONE', *, *, #1491, .T. ) ;
#2296 = CARTESIAN_POINT ( 'NONE',  ( -8.514706370123265700, -20.55631959837612399, 62.00000000000000000 ) ) ;
#2297 =( GEOMETRIC_REPRESENTATION_CONTEXT ( 3 ) GLOBAL_UNCERTAINTY_ASSIGNED_CONTEXT ( ( #4638 ) ) GLOBAL_UNIT_ASSIGNED_CONTEXT ( ( #732, #3100, #312 ) ) REPRESENTATION_CONTEXT ( 'NONE', 'WORKASPACE' ) );
#2298 = LINE ( 'NONE', #1858, #2226 ) ;
#2299 = FILL_AREA_STYLE_COLOUR ( '', #5052 ) ;
#2300 = ADVANCED_FACE ( 'NONE', ( #3988, #1965, #4301, #3632 ), #3577, .T. ) ;
#2301 = CARTESIAN_POINT ( 'NONE',  ( 17.30957853796055090, -18.03867776399183143, 58.10397389227478016 ) ) ;
#2302 = ORIENTED_EDGE ( 'NONE', *, *, #4397, .T. ) ;
#2303 = DIRECTION ( 'NONE',  ( 1.000000000000000000, 0.000000000000000000, 0.000000000000000000 ) ) ;
#2304 =( NAMED_UNIT ( * ) PLANE_ANGLE_UNIT ( ) SI_UNIT ( $, .RADIAN. ) );
#2305 = PRESENTATION_LAYER_ASSIGNMENT (  '', '', ( #630 ) ) ;
#2306 = DIRECTION ( 'NONE',  ( 0.7071067811865536790, -0.7071067811865414665, 0.000000000000000000 ) ) ;
#2307 = ORIENTED_EDGE ( 'NONE', *, *, #2088, .F. ) ;
#2308 = CARTESIAN_POINT ( 'NONE',  ( 17.67766952966347205, 17.67766952966390193, 59.00000000000001421 ) ) ;
#2309 = CONICAL_SURFACE ( 'NONE', #5146, 1.024999999999998135, 1.029744258676655422 ) ;
#2310 = CARTESIAN_POINT ( 'NONE',  ( 0.000000000000000000, 0.000000000000000000, 64.00000000000000000 ) ) ;
#2311 = AXIS2_PLACEMENT_3D ( 'NONE', #1199, #4835, #4452 ) ;
#2312 = FILL_AREA_STYLE ('',( #714 ) ) ;
#2313 = CARTESIAN_POINT ( 'NONE',  ( 19.53131959837603304, 8.514706370123480639, 58.00000000000000000 ) ) ;
#2314 = ADVANCED_FACE ( 'NONE', ( #654 ), #409, .F. ) ;
#2315 =( GEOMETRIC_REPRESENTATION_CONTEXT ( 3 ) GLOBAL_UNCERTAINTY_ASSIGNED_CONTEXT ( ( #2805 ) ) GLOBAL_UNIT_ASSIGNED_CONTEXT ( ( #4871, #2378, #4769 ) ) REPRESENTATION_CONTEXT ( 'NONE', 'WORKASPACE' ) );
#2316 = PRESENTATION_STYLE_ASSIGNMENT (( #1531 ) ) ;
#2317 = UNCERTAINTY_MEASURE_WITH_UNIT (LENGTH_MEASURE( 1.000000000000000082E-05 ), #5056, 'distance_accuracy_value', 'NONE');
#2318 = DIRECTION ( 'NONE',  ( 1.000000000000000000, 0.000000000000000000, 0.000000000000000000 ) ) ;
#2319 = AXIS2_PLACEMENT_3D ( 'NONE', #1610, #4955, #3332 ) ;
#2320 = ORIENTED_EDGE ( 'NONE', *, *, #353, .T. ) ;
#2321 = AXIS2_PLACEMENT_3D ( 'NONE', #4375, #297, #1140 ) ;
#2322 = FILL_AREA_STYLE_COLOUR ( '', #1494 ) ;
#2323 = EDGE_LOOP ( 'NONE', ( #4434, #4268, #946, #2838 ) ) ;
#2324 = LINE ( 'NONE', #799, #382 ) ;
#2325 = VECTOR ( 'NONE', #3382, 1000.000000000000000 ) ;
#2326 = CARTESIAN_POINT ( 'NONE',  ( -17.03318281924052613, -18.29954461374709496, 46.98343421811451748 ) ) ;
#2327 = STYLED_ITEM ( 'NONE', ( #2368 ), #3036 ) ;
#2328 = CIRCLE ( 'NONE', #1080, 1.024999999999991251 ) ;
#2329 = CARTESIAN_POINT ( 'NONE',  ( 14.60175503144979992, -14.60175503144954767, 59.00000000000001421 ) ) ;
#2330 = CYLINDRICAL_SURFACE ( 'NONE', #4465, 1.024999999999993694 ) ;
#2331 = CARTESIAN_POINT ( 'NONE',  ( 17.01881181540905530, -18.31383994738908072, 58.46587747276630154 ) ) ;
#2332 = ORIENTED_EDGE ( 'NONE', *, *, #198, .T. ) ;
#2333 =( NAMED_UNIT ( * ) SI_UNIT ( $, .STERADIAN. ) SOLID_ANGLE_UNIT ( ) );
#2334 = STYLED_ITEM ( 'NONE', ( #518 ), #3293 ) ;
#2335 = CARTESIAN_POINT ( 'NONE',  ( 24.99999999999999645, 0.1354353691716408681, 48.52499999999998437 ) ) ;
#2336 = EDGE_LOOP ( 'NONE', ( #390, #1423, #1439, #2353 ) ) ;
#2337 =( LENGTH_UNIT ( ) NAMED_UNIT ( * ) SI_UNIT ( .MILLI., .METRE. ) );
#2338 = CARTESIAN_POINT ( 'NONE',  ( -20.64999999993233359, -8.728703347107833388E-14, 47.50000000000000000 ) ) ;
#2339 = SURFACE_STYLE_FILL_AREA ( #2312 ) ;
#2340 = SURFACE_SIDE_STYLE ('',( #4753 ) ) ;
#2341 = CARTESIAN_POINT ( 'NONE',  ( 21.58131959837621139, -8.514706370123050760, 58.00000000000000000 ) ) ;
#2342 = B_SPLINE_CURVE_WITH_KNOTS ( 'NONE', 3,
 ( #4084, #3748, #3267, #107, #4107, #455, #1706, #1682, #3292, #3704, #539, #1317, #1290, #2040, #4527, #482 ),
 .UNSPECIFIED., .F., .F.,
 ( 4, 2, 2, 2, 2, 2, 2, 4 ),
 ( 0.003204287407944542403, 0.003604823519234720379, 0.004005359630524898788, 0.004405895741815077198, 0.004806431853105254740, 0.005206967964395433149, 0.005607504075685611558, 0.006408576298265982255 ),
 .UNSPECIFIED. ) ;
#2343 = VERTEX_POINT ( 'NONE', #3276 ) ;
#2344 = ORIENTED_EDGE ( 'NONE', *, *, #4157, .T. ) ;
#2345 = CARTESIAN_POINT ( 'NONE',  ( 17.03318281924039468, 18.29954461374720509, 58.48343421811451748 ) ) ;
#2346 = EDGE_CURVE ( 'NONE', #574, #3086, #493, .T. ) ;
#2347 = CARTESIAN_POINT ( 'NONE',  ( 9.539706370123402834, -20.55631959837606360, 62.00000000000000000 ) ) ;
#2348 = FACE_OUTER_BOUND ( 'NONE', #4867, .T. ) ;
#2349 = CARTESIAN_POINT ( 'NONE',  ( -20.65000000000000924, -8.728703347107833388E-14, 47.50000000000000000 ) ) ;
#2350 = VERTEX_POINT ( 'NONE', #3303 ) ;
#2351 = AXIS2_PLACEMENT_3D ( 'NONE', #1881, #265, #1861 ) ;
#2352 = CYLINDRICAL_SURFACE ( 'NONE', #3249, 1.024999999999994582 ) ;
#2353 = ORIENTED_EDGE ( 'NONE', *, *, #1003, .T. ) ;
#2354 = SURFACE_STYLE_FILL_AREA ( #1214 ) ;
#2355 = DIRECTION ( 'NONE',  ( 0.000000000000000000, 0.000000000000000000, 1.000000000000000000 ) ) ;
#2356 = FILL_AREA_STYLE_COLOUR ( '', #386 ) ;
#2357 = EDGE_CURVE ( 'NONE', #2440, #583, #4659, .T. ) ;
#2358 = CARTESIAN_POINT ( 'NONE',  ( 20.65000000004602043, 2.619866267101407320E-13, 60.02499999994419255 ) ) ;
#2359 = MECHANICAL_DESIGN_GEOMETRIC_PRESENTATION_REPRESENTATION (  '', ( #1694 ), #2106 ) ;
#2360 = DIRECTION ( 'NONE',  ( 0.8571673007021127777, 0.000000000000000000, 0.5150380749100533784 ) ) ;
#2361 = AXIS2_PLACEMENT_3D ( 'NONE', #1762, #959, #2113 ) ;
#2362 = CARTESIAN_POINT ( 'NONE',  ( -19.05631959837609202, -8.514706370123338530, 62.00000000000000000 ) ) ;
#2363 = EDGE_CURVE ( 'NONE', #2252, #583, #2022, .T. ) ;
#2364 = UNCERTAINTY_MEASURE_WITH_UNIT (LENGTH_MEASURE( 1.000000000000000082E-05 ), #60, 'distance_accuracy_value', 'NONE');
#2365 = FACE_OUTER_BOUND ( 'NONE', #224, .T. ) ;
#2366 = EDGE_LOOP ( 'NONE', ( #4919, #282, #4824, #2995 ) ) ;
#2367 = SURFACE_SIDE_STYLE ('',( #37 ) ) ;
#2368 = PRESENTATION_STYLE_ASSIGNMENT (( #1101 ) ) ;
#2369 = ORIENTED_EDGE ( 'NONE', *, *, #1446, .T. ) ;
#2370 = CARTESIAN_POINT ( 'NONE',  ( 16.95288507894726138, 18.40245398038009483, 47.50000000000000000 ) ) ;
#2371 = CARTESIAN_POINT ( 'NONE',  ( 22.05631959837621281, -8.514706370123048984, 64.00000000000000000 ) ) ;
#2372 = ADVANCED_FACE ( 'NONE', ( #4982 ), #35, .F. ) ;
#2373 = CARTESIAN_POINT ( 'NONE',  ( -18.38758964977778732, -16.93802074834556848, 59.13543537130609451 ) ) ;
#2374 = EDGE_LOOP ( 'NONE', ( #3568, #2065 ) ) ;
#2375 = CARTESIAN_POINT ( 'NONE',  ( -16.95767621547342685, -18.36953639576561770, 58.73166863776186375 ) ) ;
#2376 = VERTEX_POINT ( 'NONE', #437 ) ;
#2377 =( LENGTH_UNIT ( ) NAMED_UNIT ( * ) SI_UNIT ( .MILLI., .METRE. ) );
#2378 =( NAMED_UNIT ( * ) PLANE_ANGLE_UNIT ( ) SI_UNIT ( $, .RADIAN. ) );
#2379 = ORIENTED_EDGE ( 'NONE', *, *, #1269, .T. ) ;
#2380 = SURFACE_STYLE_USAGE ( .BOTH. , #1242 ) ;
#2381 = CARTESIAN_POINT ( 'NONE',  ( 18.03867776399214051, -17.30957853796023471, 48.39602610772525537 ) ) ;
#2382 = DIRECTION ( 'NONE',  ( -0.5150380751483369934, 0.000000000000000000, 0.8571673005589375283 ) ) ;
#2383 = DIRECTION ( 'NONE',  ( 1.000000000000000000, 0.000000000000000000, 0.000000000000000000 ) ) ;
#2384 = PRESENTATION_LAYER_ASSIGNMENT (  '', '', ( #4289 ) ) ;
#2385 = CARTESIAN_POINT ( 'NONE',  ( -7.489706370123271562, 20.55631959837612399, 64.00000000000000000 ) ) ;
#2386 = CARTESIAN_POINT ( 'NONE',  ( 0.000000000000000000, 0.000000000000000000, 45.48999999999999488 ) ) ;
#2387 =( GEOMETRIC_REPRESENTATION_CONTEXT ( 3 ) GLOBAL_UNCERTAINTY_ASSIGNED_CONTEXT ( ( #4431 ) ) GLOBAL_UNIT_ASSIGNED_CONTEXT ( ( #4962, #849, #2458 ) ) REPRESENTATION_CONTEXT ( 'NONE', 'WORKASPACE' ) );
#2388 = SURFACE_STYLE_USAGE ( .BOTH. , #2018 ) ;
#2389 = CARTESIAN_POINT ( 'NONE',  ( 20.64999999998917701, 2.618611004132350143E-13, 47.50000000000000000 ) ) ;
#2390 = DIRECTION ( 'NONE',  ( 1.000000000000000000, 0.000000000000000000, 0.000000000000000000 ) ) ;
#2391 = AXIS2_PLACEMENT_3D ( 'NONE', #2338, #4143, #3672 ) ;
#2392 =( GEOMETRIC_REPRESENTATION_CONTEXT ( 3 ) GLOBAL_UNCERTAINTY_ASSIGNED_CONTEXT ( ( #1943 ) ) GLOBAL_UNIT_ASSIGNED_CONTEXT ( ( #746, #1944, #3500 ) ) REPRESENTATION_CONTEXT ( 'NONE', 'WORKASPACE' ) );
#2393 =( GEOMETRIC_REPRESENTATION_CONTEXT ( 3 ) GLOBAL_UNCERTAINTY_ASSIGNED_CONTEXT ( ( #1532 ) ) GLOBAL_UNIT_ASSIGNED_CONTEXT ( ( #269, #689, #4229 ) ) REPRESENTATION_CONTEXT ( 'NONE', 'WORKASPACE' ) );
#2394 = EDGE_LOOP ( 'NONE', ( #4837, #3724, #3919, #2129 ) ) ;
#2395 = EDGE_CURVE ( 'NONE', #1948, #4224, #928, .T. ) ;
#2396 = DIRECTION ( 'NONE',  ( -0.000000000000000000, -0.000000000000000000, 1.000000000000000000 ) ) ;
#2397 = VECTOR ( 'NONE', #113, 1000.000000000000000 ) ;
#2398 = AXIS2_PLACEMENT_3D ( 'NONE', #1604, #5246, #914 ) ;
#2399 =( NAMED_UNIT ( * ) SI_UNIT ( $, .STERADIAN. ) SOLID_ANGLE_UNIT ( ) );
#2400 = AXIS2_PLACEMENT_3D ( 'NONE', #401, #2752, #4400 ) ;
#2401 = PRESENTATION_LAYER_ASSIGNMENT (  '', '', ( #2761 ) ) ;
#2402 = B_SPLINE_CURVE_WITH_KNOTS ( 'NONE', 3,
 ( #3089, #672, #4430, #2783, #3576, #1896, #1511, #5252, #1177, #3167, #2267, #769, #3904, #373, #4406, #3112 ),
 .UNSPECIFIED., .F., .F.,
 ( 4, 2, 2, 2, 2, 2, 2, 4 ),
 ( 0.003204287407944376304, 0.003604823519234576831, 0.004005359630524777358, 0.004405895741814977451, 0.004806431853105178412, 0.005206967964395378505, 0.005607504075685578598, 0.006408576298265979652 ),
 .UNSPECIFIED. ) ;
#2403 = CARTESIAN_POINT ( 'NONE',  ( -18.29954461374691022, -17.03318281924071442, 59.51656578188551805 ) ) ;
#2404 = PRESENTATION_LAYER_ASSIGNMENT (  '', '', ( #486 ) ) ;
#2405 = CARTESIAN_POINT ( 'NONE',  ( -19.53131959837610054, -8.514706370123338530, 64.00000000000000000 ) ) ;
#2406 = ORIENTED_EDGE ( 'NONE', *, *, #2639, .F. ) ;
#2407 = MECHANICAL_DESIGN_GEOMETRIC_PRESENTATION_REPRESENTATION (  '', ( #4130 ), #2410 ) ;
#2408 = AXIS2_PLACEMENT_3D ( 'NONE', #1863, #3125, #736 ) ;
#2409 = ORIENTED_EDGE ( 'NONE', *, *, #2677, .T. ) ;
#2410 =( GEOMETRIC_REPRESENTATION_CONTEXT ( 3 ) GLOBAL_UNCERTAINTY_ASSIGNED_CONTEXT ( ( #4036 ) ) GLOBAL_UNIT_ASSIGNED_CONTEXT ( ( #1042, #3023, #1415 ) ) REPRESENTATION_CONTEXT ( 'NONE', 'WORKASPACE' ) );
#2411 = CARTESIAN_POINT ( 'NONE',  ( 1.255262968963891911E-16, -20.65000000000000924, 60.02499999986761736 ) ) ;
#2412 = ORIENTED_EDGE ( 'NONE', *, *, #1968, .F. ) ;
#2413 =( NAMED_UNIT ( * ) SI_UNIT ( $, .STERADIAN. ) SOLID_ANGLE_UNIT ( ) );
#2414 = FILL_AREA_STYLE_COLOUR ( '', #4607 ) ;
#2415 = CARTESIAN_POINT ( 'NONE',  ( 18.40245398037968272, 16.95288507894770902, 47.50000000000000000 ) ) ;
#2416 = CARTESIAN_POINT ( 'NONE',  ( 1.255262969126026246E-16, 25.00000000000000000, 46.47500000000000853 ) ) ;
#2417 =( GEOMETRIC_REPRESENTATION_CONTEXT ( 3 ) GLOBAL_UNCERTAINTY_ASSIGNED_CONTEXT ( ( #3018 ) ) GLOBAL_UNIT_ASSIGNED_CONTEXT ( ( #4009, #1873, #3498 ) ) REPRESENTATION_CONTEXT ( 'NONE', 'WORKASPACE' ) );
#2418 =( LENGTH_UNIT ( ) NAMED_UNIT ( * ) SI_UNIT ( .MILLI., .METRE. ) );
#2419 = LINE ( 'NONE', #4085, #647 ) ;
#2420 =( NAMED_UNIT ( * ) SI_UNIT ( $, .STERADIAN. ) SOLID_ANGLE_UNIT ( ) );
#2421 = CIRCLE ( 'NONE', #2601, 1.024999999999988587 ) ;
#2422 = DIRECTION ( 'NONE',  ( -0.7071067811865437980, -0.7071067811865512365, -0.000000000000000000 ) ) ;
#2423 = UNCERTAINTY_MEASURE_WITH_UNIT (LENGTH_MEASURE( 1.000000000000000082E-05 ), #2428, 'distance_accuracy_value', 'NONE');
#2424 = DIRECTION ( 'NONE',  ( 0.000000000000000000, 0.000000000000000000, 1.000000000000000000 ) ) ;
#2425 = DIRECTION ( 'NONE',  ( 0.2419218954000423027, 0.9702957263257686593, 1.337682166714459686E-15 ) ) ;
#2426 =( GEOMETRIC_REPRESENTATION_CONTEXT ( 3 ) GLOBAL_UNCERTAINTY_ASSIGNED_CONTEXT ( ( #4689 ) ) GLOBAL_UNIT_ASSIGNED_CONTEXT ( ( #3974, #3944, #5234 ) ) REPRESENTATION_CONTEXT ( 'NONE', 'WORKASPACE' ) );
#2427 = ORIENTED_EDGE ( 'NONE', *, *, #1539, .F. ) ;
#2428 =( LENGTH_UNIT ( ) NAMED_UNIT ( * ) SI_UNIT ( .MILLI., .METRE. ) );
#2429 = CARTESIAN_POINT ( 'NONE',  ( -25.00000000000000000, 0.000000000000000000, 50.00000000000000711 ) ) ;
#2430 = CARTESIAN_POINT ( 'NONE',  ( 16.93802074834525229, 18.38758964977809640, 59.27087061682101421 ) ) ;
#2431 = EDGE_CURVE ( 'NONE', #1190, #3234, #743, .T. ) ;
#2432 = EDGE_LOOP ( 'NONE', ( #205, #4306, #3928, #853 ) ) ;
#2433 = PLANE ( 'NONE',  #695 ) ;
#2434 = DIRECTION ( 'NONE',  ( 0.7071067811865517916, -0.7071067811865433539, 0.000000000000000000 ) ) ;
#2435 = ORIENTED_EDGE ( 'NONE', *, *, #5076, .F. ) ;
#2436 = CARTESIAN_POINT ( 'NONE',  ( -18.31383994738914112, -17.01881181540898424, 58.46587747276632285 ) ) ;
#2437 = ADVANCED_FACE ( 'NONE', ( #3661 ), #2854, .F. ) ;
#2438 = CARTESIAN_POINT ( 'NONE',  ( 0.1354353691713824914, -24.99999999999999645, 60.02500000000000568 ) ) ;
#2439 = CARTESIAN_POINT ( 'NONE',  ( 18.03891749477591233, -17.30932310439754218, 46.60429229587308697 ) ) ;
#2440 = VERTEX_POINT ( 'NONE', #543 ) ;
#2441 = DIRECTION ( 'NONE',  ( -0.000000000000000000, -1.000000000000000000, -0.000000000000000000 ) ) ;
#2442 = DIRECTION ( 'NONE',  ( 0.000000000000000000, 0.000000000000000000, -1.000000000000000000 ) ) ;
#2443 = CARTESIAN_POINT ( 'NONE',  ( -20.65000000000000924, -8.716150717417481235E-14, 46.47500000007418208 ) ) ;
#2444 = CARTESIAN_POINT ( 'NONE',  ( 20.55631959837621281, -8.514706370123048984, 62.00000000000000000 ) ) ;
#2445 =( GEOMETRIC_REPRESENTATION_CONTEXT ( 3 ) GLOBAL_UNCERTAINTY_ASSIGNED_CONTEXT ( ( #2046 ) ) GLOBAL_UNIT_ASSIGNED_CONTEXT ( ( #4239, #175, #1095 ) ) REPRESENTATION_CONTEXT ( 'NONE', 'WORKASPACE' ) );
#2446 = CARTESIAN_POINT ( 'NONE',  ( 0.000000000000000000, 0.000000000000000000, 0.000000000000000000 ) ) ;
#2447 = EDGE_CURVE ( 'NONE', #621, #2664, #4488, .T. ) ;
#2448 = B_SPLINE_CURVE_WITH_KNOTS ( 'NONE', 3,
 ( #3540, #1078, #2716, #2326, #1047, #2741, #4363, #1907, #3146, #263, #4785, #286, #5183, #1518, #2766, #4417 ),
 .UNSPECIFIED., .F., .F.,
 ( 4, 2, 2, 2, 2, 2, 2, 4 ),
 ( 0.003204287391195123711, 0.003604823501101696217, 0.004005359611008268289, 0.004405895720914840795, 0.004806431830821413301, 0.005206967940727985807, 0.005607504050634558312, 0.006408576270447702457 ),
 .UNSPECIFIED. ) ;
#2449 = CARTESIAN_POINT ( 'NONE',  ( 18.38758964977767363, 16.93802074834569282, 59.00000000000001421 ) ) ;
#2450 =( NAMED_UNIT ( * ) PLANE_ANGLE_UNIT ( ) SI_UNIT ( $, .RADIAN. ) );
#2451 = AXIS2_PLACEMENT_3D ( 'NONE', #4039, #2505, #1611 ) ;
#2452 = PRESENTATION_STYLE_ASSIGNMENT (( #1998 ) ) ;
#2453 = PRESENTATION_STYLE_ASSIGNMENT (( #844 ) ) ;
#2454 = EDGE_LOOP ( 'NONE', ( #2024, #941, #3782, #3400 ) ) ;
#2455 = PRESENTATION_LAYER_ASSIGNMENT (  '', '', ( #4604 ) ) ;
#2456 = FACE_OUTER_BOUND ( 'NONE', #2568, .T. ) ;
#2457 = CARTESIAN_POINT ( 'NONE',  ( 18.03867776399177458, 17.30957853796062196, 58.10397389227476594 ) ) ;
#2458 =( NAMED_UNIT ( * ) SI_UNIT ( $, .STERADIAN. ) SOLID_ANGLE_UNIT ( ) );
#2459 = CARTESIAN_POINT ( 'NONE',  ( -17.01881181540879595, -18.31383994738932230, 59.53412252723372688 ) ) ;
#2460 = CARTESIAN_POINT ( 'NONE',  ( -17.67766952966359284, -17.67766952966378113, 59.00000000000001421 ) ) ;
#2461 = ORIENTED_EDGE ( 'NONE', *, *, #1481, .F. ) ;
#2462 = CARTESIAN_POINT ( 'NONE',  ( 0.8957077204995496089, -24.98400139584354918, 59.51590110815790524 ) ) ;
#2463 = CARTESIAN_POINT ( 'NONE',  ( 18.29954461374715180, -17.03318281924046573, 46.98343421811451748 ) ) ;
#2464 = ORIENTED_EDGE ( 'NONE', *, *, #1599, .T. ) ;
#2465 = LINE ( 'NONE', #4925, #3943 ) ;
#2466 = CARTESIAN_POINT ( 'NONE',  ( 20.64999999998917701, 2.618611004132350143E-13, 47.50000000000000000 ) ) ;
#2467 = FILL_AREA_STYLE ('',( #109 ) ) ;
#2468 = CARTESIAN_POINT ( 'NONE',  ( -0.8193404547552044503, 24.98674903070517672, 59.63022506219148511 ) ) ;
#2469 = AXIS2_PLACEMENT_3D ( 'NONE', #3031, #4653, #2175 ) ;
#2470 = DIRECTION ( 'NONE',  ( -0.7071067811865487940, 0.7071067811865463515, 0.000000000000000000 ) ) ;
#2471 = CARTESIAN_POINT ( 'NONE',  ( -17.01881181540892030, 18.31383994738920151, 46.96587747276628733 ) ) ;
#2472 = STYLED_ITEM ( 'NONE', ( #545 ), #3894 ) ;
#2473 = CARTESIAN_POINT ( 'NONE',  ( -20.55631959837609557, -8.514706370123338530, 58.00000000000000000 ) ) ;
#2474 = UNCERTAINTY_MEASURE_WITH_UNIT (LENGTH_MEASURE( 1.000000000000000082E-05 ), #4585, 'distance_accuracy_value', 'NONE');
#2475 = SURFACE_STYLE_USAGE ( .BOTH. , #2047 ) ;
#2476 = ADVANCED_FACE ( 'NONE', ( #3759 ), #4307, .F. ) ;
#2477 = AXIS2_PLACEMENT_3D ( 'NONE', #2002, #1824, #3454 ) ;
#2478 = VERTEX_POINT ( 'NONE', #2554 ) ;
#2479 =( GEOMETRIC_REPRESENTATION_CONTEXT ( 3 ) GLOBAL_UNCERTAINTY_ASSIGNED_CONTEXT ( ( #1070 ) ) GLOBAL_UNIT_ASSIGNED_CONTEXT ( ( #1681, #4192, #888 ) ) REPRESENTATION_CONTEXT ( 'NONE', 'WORKASPACE' ) );
#2480 = DIRECTION ( 'NONE',  ( -0.7071067811865504593, 0.7071067811865445751, 0.000000000000000000 ) ) ;
#2481 = CARTESIAN_POINT ( 'NONE',  ( 18.38758964977767363, 16.93802074834569282, 59.00000000000001421 ) ) ;
#2482 = CARTESIAN_POINT ( 'NONE',  ( 17.01881181540867516, 18.31383994738944310, 59.53412252723374110 ) ) ;
#2483 = EDGE_CURVE ( 'NONE', #2876, #2209, #3615, .T. ) ;
#2484 = MECHANICAL_DESIGN_GEOMETRIC_PRESENTATION_REPRESENTATION (  '', ( #3941 ), #1483 ) ;
#2485 = ORIENTED_EDGE ( 'NONE', *, *, #271, .F. ) ;
#2486 = DIRECTION ( 'NONE',  ( 1.047444401652940007E-14, -1.000000000000000000, 0.000000000000000000 ) ) ;
#2487 = VECTOR ( 'NONE', #1538, 1000.000000000000000 ) ;
#2488 = PRESENTATION_LAYER_ASSIGNMENT (  '', '', ( #2579 ) ) ;
#2489 = LINE ( 'NONE', #2405, #4109 ) ;
#2490 = EDGE_LOOP ( 'NONE', ( #1854, #724, #987 ) ) ;
#2491 = SURFACE_SIDE_STYLE ('',( #881 ) ) ;
#2492 = STYLED_ITEM ( 'NONE', ( #3678 ), #1455 ) ;
#2493 = STYLED_ITEM ( 'NONE', ( #755 ), #1160 ) ;
#2494 = AXIS2_PLACEMENT_3D ( 'NONE', #4624, #594, #967 ) ;
#2495 = CARTESIAN_POINT ( 'NONE',  ( -20.55631959837609557, -8.514706370123338530, 62.00000000000000000 ) ) ;
#2496 = ORIENTED_EDGE ( 'NONE', *, *, #3857, .T. ) ;
#2497 = CARTESIAN_POINT ( 'NONE',  ( 20.55631959837603162, 8.514706370123480639, 58.00000000000000000 ) ) ;
#2498 = CARTESIAN_POINT ( 'NONE',  ( -19.05631959837615597, 8.514706370123192869, 64.00000000000000000 ) ) ;
#2499 = CARTESIAN_POINT ( 'NONE',  ( -19.05631959837615597, 8.514706370123192869, 62.00000000000000000 ) ) ;
#2500 =( LENGTH_UNIT ( ) NAMED_UNIT ( * ) SI_UNIT ( .MILLI., .METRE. ) );
#2501 = EDGE_CURVE ( 'NONE', #276, #1870, #12, .T. ) ;
#2502 = CIRCLE ( 'NONE', #1749, 10.00000000000000000 ) ;
#2503 = VECTOR ( 'NONE', #62, 1000.000000000000000 ) ;
#2504 = DIRECTION ( 'NONE',  ( 1.000000000000000000, 0.000000000000000000, 0.000000000000000000 ) ) ;
#2505 = DIRECTION ( 'NONE',  ( 1.000000000000000000, 0.000000000000000000, 0.000000000000000000 ) ) ;
#2506 = FILL_AREA_STYLE_COLOUR ( '', #1987 ) ;
#2507 = ORIENTED_EDGE ( 'NONE', *, *, #2243, .F. ) ;
#2508 = SURFACE_STYLE_USAGE ( .BOTH. , #904 ) ;
#2509 = CARTESIAN_POINT ( 'NONE',  ( 20.65000000004602043, 2.618611004132350143E-13, 59.00000000000001421 ) ) ;
#2510 = CARTESIAN_POINT ( 'NONE',  ( 0.000000000000000000, 0.000000000000000000, 45.48999999999999488 ) ) ;
#2511 = STYLED_ITEM ( 'NONE', ( #337 ), #3646 ) ;
#2512 = FILL_AREA_STYLE_COLOUR ( '', #5078 ) ;
#2513 = ORIENTED_EDGE ( 'NONE', *, *, #569, .T. ) ;
#2514 = CARTESIAN_POINT ( 'NONE',  ( 17.22654172550761942, 18.11781462323834546, 46.68065958253603753 ) ) ;
#2515 = EDGE_CURVE ( 'NONE', #3549, #4018, #254, .T. ) ;
#2516 = SURFACE_SIDE_STYLE ('',( #1236 ) ) ;
#2517 = ORIENTED_EDGE ( 'NONE', *, *, #1481, .T. ) ;
#2518 = LINE ( 'NONE', #2825, #393 ) ;
#2519 = DIRECTION ( 'NONE',  ( -0.000000000000000000, -0.000000000000000000, 1.000000000000000000 ) ) ;
#2520 = DIRECTION ( 'NONE',  ( -0.000000000000000000, -0.000000000000000000, -1.000000000000000000 ) ) ;
#2521 = EDGE_LOOP ( 'NONE', ( #4288, #4940, #2369 ) ) ;
#2522 = PLANE ( 'NONE',  #1371 ) ;
#2523 = SURFACE_STYLE_FILL_AREA ( #4575 ) ;
#2524 = PRESENTATION_STYLE_ASSIGNMENT (( #3381 ) ) ;
#2525 = DIRECTION ( 'NONE',  ( -0.000000000000000000, -0.000000000000000000, -1.000000000000000000 ) ) ;
#2526 = FACE_OUTER_BOUND ( 'NONE', #1354, .T. ) ;
#2527 = UNCERTAINTY_MEASURE_WITH_UNIT (LENGTH_MEASURE( 1.000000000000000082E-05 ), #5132, 'distance_accuracy_value', 'NONE');
#2528 =( NAMED_UNIT ( * ) SI_UNIT ( $, .STERADIAN. ) SOLID_ANGLE_UNIT ( ) );
#2529 = DIRECTION ( 'NONE',  ( 1.000000000000000000, -0.000000000000000000, 0.000000000000000000 ) ) ;
#2530 = EDGE_LOOP ( 'NONE', ( #2868, #2977, #798, #3559 ) ) ;
#2531 = EDGE_CURVE ( 'NONE', #3044, #3731, #1156, .T. ) ;
#2532 = SURFACE_SIDE_STYLE ('',( #1433 ) ) ;
#2533 = PRODUCT ( '10\X2\51738282\X0\-20260520', '10\X2\51738282\X0\-20260520', '', ( #2073 ) ) ;
#2534 = FACE_OUTER_BOUND ( 'NONE', #2996, .T. ) ;
#2535 = AXIS2_PLACEMENT_3D ( 'NONE', #1086, #5088, #2666 ) ;
#2536 = ORIENTED_EDGE ( 'NONE', *, *, #1390, .F. ) ;
#2537 = CARTESIAN_POINT ( 'NONE',  ( 17.08895494857545216, -18.24764547299849937, 59.63025434795015656 ) ) ;
#2538 = CARTESIAN_POINT ( 'NONE',  ( -0.8957077204995494979, 24.98400139584354918, 48.01590110815788393 ) ) ;
#2539 = ORIENTED_EDGE ( 'NONE', *, *, #174, .F. ) ;
#2540 = FACE_OUTER_BOUND ( 'NONE', #1952, .T. ) ;
#2541 = DIRECTION ( 'NONE',  ( -1.000000000000000000, 0.000000000000000000, 0.000000000000000000 ) ) ;
#2542 = FACE_OUTER_BOUND ( 'NONE', #2182, .T. ) ;
#2543 = EDGE_CURVE ( 'NONE', #3369, #4973, #3352, .T. ) ;
#2544 = DIRECTION ( 'NONE',  ( 0.000000000000000000, 0.000000000000000000, 1.000000000000000000 ) ) ;
#2545 = ORIENTED_EDGE ( 'NONE', *, *, #966, .T. ) ;
#2546 = DIRECTION ( 'NONE',  ( 1.000000000000000000, 0.000000000000000000, 0.000000000000000000 ) ) ;
#2547 = LINE ( 'NONE', #2059, #3949 ) ;
#2548 = CARTESIAN_POINT ( 'NONE',  ( 19.53131959837621423, -8.514706370123050760, 58.00000000000000000 ) ) ;
#2549 = DIRECTION ( 'NONE',  ( -0.000000000000000000, -0.000000000000000000, -1.000000000000000000 ) ) ;
#2550 = ORIENTED_EDGE ( 'NONE', *, *, #893, .T. ) ;
#2551 = CARTESIAN_POINT ( 'NONE',  ( 24.99502542996517818, 0.5341225688667596838, 58.08427684663973878 ) ) ;
#2552 = DIRECTION ( 'NONE',  ( 0.7071067811865389130, 0.7071067811865561215, 0.000000000000000000 ) ) ;
#2553 = DIRECTION ( 'NONE',  ( 0.000000000000000000, 0.000000000000000000, 1.000000000000000000 ) ) ;
#2554 = CARTESIAN_POINT ( 'NONE',  ( 25.00000000000000000, 3.061616997868383043E-15, 0.000000000000000000 ) ) ;
#2555 = VERTEX_POINT ( 'NONE', #275 ) ;
#2556 = CARTESIAN_POINT ( 'NONE',  ( -20.64999999993233359, -8.716150717418860795E-14, 46.47500000018681021 ) ) ;
#2557 = STYLED_ITEM ( 'NONE', ( #1189 ), #70 ) ;
#2558 = CARTESIAN_POINT ( 'NONE',  ( 18.38758964977767008, 16.93802074834569638, 47.50000000000000000 ) ) ;
#2559 = CARTESIAN_POINT ( 'NONE',  ( -21.58131959837609415, -8.514706370123338530, 58.00000000000000000 ) ) ;
#2560 =( NAMED_UNIT ( * ) SI_UNIT ( $, .STERADIAN. ) SOLID_ANGLE_UNIT ( ) );
#2561 = AXIS2_PLACEMENT_3D ( 'NONE', #4122, #496, #378 ) ;
#2562 = ADVANCED_FACE ( 'NONE', ( #976 ), #3479, .F. ) ;
#2563 = CIRCLE ( 'NONE', #3154, 1.499999999999999556 ) ;
#2564 = LINE ( 'NONE', #5101, #3656 ) ;
#2565 = ORIENTED_EDGE ( 'NONE', *, *, #3985, .F. ) ;
#2566 = CARTESIAN_POINT ( 'NONE',  ( -0.9979684208314143490, -24.98012564217998488, 47.23073190871497218 ) ) ;
#2567 = CIRCLE ( 'NONE', #3940, 1.500000000000000888 ) ;
#2568 = EDGE_LOOP ( 'NONE', ( #3852, #2033, #376, #3107 ) ) ;
#2569 = COLOUR_RGB ( '',1.000000000000000000, 1.000000000000000000, 1.000000000000000000 ) ;
#2570 = VECTOR ( 'NONE', #2953, 1000.000000000000000 ) ;
#2571 = LINE ( 'NONE', #3808, #4223 ) ;
#2572 = STYLED_ITEM ( 'NONE', ( #2780 ), #4217 ) ;
#2573 = FILL_AREA_STYLE_COLOUR ( '', #4298 ) ;
#2574 = CARTESIAN_POINT ( 'NONE',  ( -15.32653948225970453, 13.87697058073911194, 59.00000000000001421 ) ) ;
#2575 = ORIENTED_EDGE ( 'NONE', *, *, #4844, .T. ) ;
#2576 = DIRECTION ( 'NONE',  ( -0.000000000000000000, -0.000000000000000000, 1.000000000000000000 ) ) ;
#2578 = STYLED_ITEM ( 'NONE', ( #5095 ), #1612 ) ;
#2577 = CARTESIAN_POINT ( 'NONE',  ( 15.32653948214568196, 13.87697058079633017, 47.50000000000000000 ) ) ;
#2579 = STYLED_ITEM ( 'NONE', ( #1576 ), #830 ) ;
#2580 = CARTESIAN_POINT ( 'NONE',  ( 21.58131959837602665, 8.514706370123480639, 64.00000000000000000 ) ) ;
#2581 = FILL_AREA_STYLE ('',( #190 ) ) ;
#2582 = PRODUCT_RELATED_PRODUCT_CATEGORY ( 'part', '', ( #2533 ) ) ;
#2583 = VECTOR ( 'NONE', #3135, 1000.000000000000000 ) ;
#2584 = PRESENTATION_LAYER_ASSIGNMENT (  '', '', ( #2680 ) ) ;
#2585 = FACE_OUTER_BOUND ( 'NONE', #3989, .T. ) ;
#2586 = ORIENTED_EDGE ( 'NONE', *, *, #4354, .F. ) ;
#2587 = EDGE_CURVE ( 'NONE', #4240, #489, #3194, .T. ) ;
#2588 = AXIS2_PLACEMENT_3D ( 'NONE', #1994, #3035, #3361 ) ;
#2589 = DIRECTION ( 'NONE',  ( 1.000000000000000000, 0.000000000000000000, 0.000000000000000000 ) ) ;
#2590 = STYLED_ITEM ( 'NONE', ( #2606 ), #2185 ) ;
#2591 = FILL_AREA_STYLE_COLOUR ( '', #733 ) ;
#2592 = ORIENTED_EDGE ( 'NONE', *, *, #3466, .T. ) ;
#2593 = STYLED_ITEM ( 'NONE', ( #4358 ), #3059 ) ;
#2594 = AXIS2_PLACEMENT_3D ( 'NONE', #4174, #4513, #465 ) ;
#2595 = CARTESIAN_POINT ( 'NONE',  ( 0.2708706130317782290, 25.00000000000000000, 60.02500000000000568 ) ) ;
#2596 =( LENGTH_UNIT ( ) NAMED_UNIT ( * ) SI_UNIT ( .MILLI., .METRE. ) );
#2597 = UNCERTAINTY_MEASURE_WITH_UNIT (LENGTH_MEASURE( 1.000000000000000082E-05 ), #5121, 'distance_accuracy_value', 'NONE');
#2598 = CARTESIAN_POINT ( 'NONE',  ( -17.67766952966372784, 17.67766952966366034, 47.50000000000000000 ) ) ;
#2599 = MECHANICAL_DESIGN_GEOMETRIC_PRESENTATION_REPRESENTATION (  '', ( #1914 ), #2417 ) ;
#2600 = ORIENTED_EDGE ( 'NONE', *, *, #4403, .T. ) ;
#2601 = AXIS2_PLACEMENT_3D ( 'NONE', #4904, #2422, #4063 ) ;
#2602 = EDGE_LOOP ( 'NONE', ( #639, #2496 ) ) ;
#2603 = EDGE_CURVE ( 'NONE', #4423, #685, #1173, .T. ) ;
#2604 = SURFACE_STYLE_FILL_AREA ( #4645 ) ;
#2605 = FILL_AREA_STYLE_COLOUR ( '', #2025 ) ;
#2606 = PRESENTATION_STYLE_ASSIGNMENT (( #3778 ) ) ;
#2607 = COLOUR_RGB ( '',1.000000000000000000, 1.000000000000000000, 1.000000000000000000 ) ;
#2608 = DIRECTION ( 'NONE',  ( 0.7071067811865525687, -0.7071067811865423547, 0.000000000000000000 ) ) ;
#2609 = ORIENTED_EDGE ( 'NONE', *, *, #2774, .T. ) ;
#2610 = ADVANCED_FACE ( 'NONE', ( #5217 ), #1651, .F. ) ;
#2611 = DIRECTION ( 'NONE',  ( 1.000000000000000000, 0.000000000000000000, 0.000000000000000000 ) ) ;
#2612 = LINE ( 'NONE', #3033, #1982 ) ;
#2613 = DIRECTION ( 'NONE',  ( -0.000000000000000000, -0.000000000000000000, 1.000000000000000000 ) ) ;
#2614 = SURFACE_STYLE_USAGE ( .BOTH. , #4660 ) ;
#2615 = VERTEX_POINT ( 'NONE', #1194 ) ;
#2616 = DIRECTION ( 'NONE',  ( -0.000000000000000000, -0.000000000000000000, 1.000000000000000000 ) ) ;
#2617 = FILL_AREA_STYLE ('',( #5120 ) ) ;
#2618 = CARTESIAN_POINT ( 'NONE',  ( 0.9979684208314145710, -24.98012564217998488, 47.76926809128502072 ) ) ;
#2619 = EDGE_CURVE ( 'NONE', #2664, #1894, #4822, .T. ) ;
#2620 = ORIENTED_EDGE ( 'NONE', *, *, #859, .F. ) ;
#2621 = CARTESIAN_POINT ( 'NONE',  ( 18.03891749477554285, 17.30932310439790456, 48.39570770412691303 ) ) ;
#2622 = DIRECTION ( 'NONE',  ( 1.000000000000000000, 0.000000000000000000, 0.000000000000000000 ) ) ;
#2623 = FILL_AREA_STYLE_COLOUR ( '', #968 ) ;
#2624 = ORIENTED_EDGE ( 'NONE', *, *, #1599, .F. ) ;
#2625 = VECTOR ( 'NONE', #998, 1000.000000000000000 ) ;
#2626 = FILL_AREA_STYLE_COLOUR ( '', #3355 ) ;
#2627 = ORIENTED_EDGE ( 'NONE', *, *, #3246, .F. ) ;
#2628 =( NAMED_UNIT ( * ) PLANE_ANGLE_UNIT ( ) SI_UNIT ( $, .RADIAN. ) );
#2629 = CYLINDRICAL_SURFACE ( 'NONE', #1208, 1.024999999999994582 ) ;
#2630 = STYLED_ITEM ( 'NONE', ( #189 ), #4590 ) ;
#2631 = FILL_AREA_STYLE ('',( #4883 ) ) ;
#2632 =( NAMED_UNIT ( * ) SI_UNIT ( $, .STERADIAN. ) SOLID_ANGLE_UNIT ( ) );
#2633 = AXIS2_PLACEMENT_3D ( 'NONE', #3835, #561, #2954 ) ;
#2634 = EDGE_LOOP ( 'NONE', ( #4617, #3977, #1806 ) ) ;
#2635 = CARTESIAN_POINT ( 'NONE',  ( -16.95767621547355475, 18.36953639576550046, 59.26833136223818599 ) ) ;
#2636 = ORIENTED_EDGE ( 'NONE', *, *, #1968, .T. ) ;
#2637 = CARTESIAN_POINT ( 'NONE',  ( -16.93802074834550098, 18.38758964977784416, 47.50000000000000000 ) ) ;
#2638 =( NAMED_UNIT ( * ) SI_UNIT ( $, .STERADIAN. ) SOLID_ANGLE_UNIT ( ) );
#2639 = EDGE_CURVE ( 'NONE', #4351, #218, #4428, .T. ) ;
#2640 = ORIENTED_EDGE ( 'NONE', *, *, #622, .F. ) ;
#2641 = PRESENTATION_STYLE_ASSIGNMENT (( #3476 ) ) ;
#2642 = UNCERTAINTY_MEASURE_WITH_UNIT (LENGTH_MEASURE( 1.000000000000000082E-05 ), #2891, 'distance_accuracy_value', 'NONE');
#2643 = DIRECTION ( 'NONE',  ( 0.000000000000000000, 0.000000000000000000, -1.000000000000000000 ) ) ;
#2644 = EDGE_LOOP ( 'NONE', ( #166, #599 ) ) ;
#2645 = CARTESIAN_POINT ( 'NONE',  ( 14.60175503154897925, 14.60175503154933097, 59.00000000000001421 ) ) ;
#2646 = CARTESIAN_POINT ( 'NONE',  ( 25.00000000000000000, 3.061616997868383043E-15, 64.00000000000000000 ) ) ;
#2647 = EDGE_CURVE ( 'NONE', #5022, #3907, #4446, .T. ) ;
#2648 = UNCERTAINTY_MEASURE_WITH_UNIT (LENGTH_MEASURE( 1.000000000000000082E-05 ), #5163, 'distance_accuracy_value', 'NONE');
#2649 = CARTESIAN_POINT ( 'NONE',  ( -20.64999999987549018, -8.728703347107833388E-14, 59.00000000000001421 ) ) ;
#2650 = ORIENTED_EDGE ( 'NONE', *, *, #3126, .F. ) ;
#2651 = EDGE_CURVE ( 'NONE', #218, #2776, #5192, .T. ) ;
#2652 =( NAMED_UNIT ( * ) SI_UNIT ( $, .STERADIAN. ) SOLID_ANGLE_UNIT ( ) );
#2653 = EDGE_LOOP ( 'NONE', ( #3947, #1043, #498 ) ) ;
#2654 = EDGE_CURVE ( 'NONE', #3139, #2376, #4006, .T. ) ;
#2655 = COLOUR_RGB ( '',1.000000000000000000, 1.000000000000000000, 1.000000000000000000 ) ;
#2656 = CARTESIAN_POINT ( 'NONE',  ( 17.30932310439784771, -18.03891749477560325, 48.39570770412691303 ) ) ;
#2657 = CYLINDRICAL_SURFACE ( 'NONE', #3612, 1.499999999999999556 ) ;
#2658 = DIRECTION ( 'NONE',  ( -0.000000000000000000, -0.000000000000000000, -1.000000000000000000 ) ) ;
#2659 = VECTOR ( 'NONE', #2765, 1000.000000000000000 ) ;
#2660 = CIRCLE ( 'NONE', #3244, 1.024999999999991029 ) ;
#2661 = SURFACE_STYLE_FILL_AREA ( #1294 ) ;
#2662 = ORIENTED_EDGE ( 'NONE', *, *, #2960, .T. ) ;
#2663 = CARTESIAN_POINT ( 'NONE',  ( -21.58131959837609060, -8.514706370123338530, 64.00000000000000000 ) ) ;
#2664 = VERTEX_POINT ( 'NONE', #1551 ) ;
#2665 = SURFACE_STYLE_FILL_AREA ( #1883 ) ;
#2666 = DIRECTION ( 'NONE',  ( 1.000000000000000000, 0.000000000000000000, -0.000000000000000000 ) ) ;
#2667 = CARTESIAN_POINT ( 'NONE',  ( 13.87697058081042556, -15.32653948208892913, 59.00000000000001421 ) ) ;
#2668 = COLOUR_RGB ( '',1.000000000000000000, 1.000000000000000000, 1.000000000000000000 ) ;
#2669 = COLOUR_RGB ( '',1.000000000000000000, 1.000000000000000000, 1.000000000000000000 ) ;
#2670 = SURFACE_SIDE_STYLE ('',( #1055 ) ) ;
#2671 = COLOUR_RGB ( '',1.000000000000000000, 1.000000000000000000, 1.000000000000000000 ) ;
#2672 = ORIENTED_EDGE ( 'NONE', *, *, #4461, .T. ) ;
#2673 = FACE_OUTER_BOUND ( 'NONE', #5027, .T. ) ;
#2674 = AXIS2_PLACEMENT_3D ( 'NONE', #4299, #3484, #3911 ) ;
#2675 = FACE_BOUND ( 'NONE', #3789, .T. ) ;
#2676 = B_SPLINE_CURVE_WITH_KNOTS ( 'NONE', 3,
 ( #1392, #4273, #4650, #995, #3029, #3858, #241, #1837, #5110, #1443, #1128, #1495, #3634, #2551, #1225, #1254 ),
 .UNSPECIFIED., .F., .F.,
 ( 4, 2, 2, 2, 2, 2, 2, 4 ),
 ( 0.003204287407944117830, 0.003604823519234349582, 0.004005359630524581334, 0.004405895741814812652, 0.004806431853105044838, 0.005206967964395276156, 0.005607504075685507475, 0.006408576298265985724 ),
 .UNSPECIFIED. ) ;
#2677 = EDGE_CURVE ( 'NONE', #1263, #4147, #3163, .T. ) ;
#2678 = CYLINDRICAL_SURFACE ( 'NONE', #1485, 10.00000000000000000 ) ;
#2679 = STYLED_ITEM ( 'NONE', ( #2800 ), #2610 ) ;
#2680 = STYLED_ITEM ( 'NONE', ( #3269 ), #1769 ) ;
#2681 = CIRCLE ( 'NONE', #3864, 25.00000000000000000 ) ;
#2682 = ORIENTED_EDGE ( 'NONE', *, *, #2019, .T. ) ;
#2683 = CARTESIAN_POINT ( 'NONE',  ( -0.9985886416618665606, -24.98010116619887100, 47.76735060801716770 ) ) ;
#2684 = CONICAL_SURFACE ( 'NONE', #3529, 1.024999999813189344, 1.029744258398665790 ) ;
#2685 = VECTOR ( 'NONE', #4711, 1000.000000000000000 ) ;
#2686 = CARTESIAN_POINT ( 'NONE',  ( -24.98399028843315506, -0.8960261247664738082, 58.48444902618717833 ) ) ;
#2687 = STYLED_ITEM ( 'NONE', ( #2836 ), #2437 ) ;
#2688 = ORIENTED_EDGE ( 'NONE', *, *, #4984, .T. ) ;
#2689 = CARTESIAN_POINT ( 'NONE',  ( -20.55631959837609202, -8.514706370123338530, 64.00000000000000000 ) ) ;
#2690 = ORIENTED_EDGE ( 'NONE', *, *, #5171, .F. ) ;
#2691 = CARTESIAN_POINT ( 'NONE',  ( 15.32653948222914408, -13.87697058077526790, 47.50000000000000000 ) ) ;
#2692 = EDGE_CURVE ( 'NONE', #5264, #4727, #147, .T. ) ;
#2693 = SURFACE_STYLE_USAGE ( .BOTH. , #4761 ) ;
#2694 = COLOUR_RGB ( '',1.000000000000000000, 1.000000000000000000, 1.000000000000000000 ) ;
#2695 = CARTESIAN_POINT ( 'NONE',  ( -15.32653948226717233, 13.87697058073725032, 59.00000000000001421 ) ) ;
#2696 = DIRECTION ( 'NONE',  ( -0.000000000000000000, -0.000000000000000000, 1.000000000000000000 ) ) ;
#2697 = FACE_OUTER_BOUND ( 'NONE', #759, .T. ) ;
#2698 = VERTEX_POINT ( 'NONE', #4350 ) ;
#2699 = CARTESIAN_POINT ( 'NONE',  ( -8.514706370123265700, 20.55631959837612399, 58.00000000000000000 ) ) ;
#2700 = SURFACE_STYLE_FILL_AREA ( #662 ) ;
#2701 = DIRECTION ( 'NONE',  ( -0.000000000000000000, -0.000000000000000000, 1.000000000000000000 ) ) ;
#2702 = EDGE_LOOP ( 'NONE', ( #231, #4099, #2974 ) ) ;
#2703 = DIRECTION ( 'NONE',  ( 1.049727190933124621E-16, -0.5150380751893181008, 0.8571673005343136698 ) ) ;
#2704 = SURFACE_STYLE_FILL_AREA ( #5140 ) ;
#2705 = CARTESIAN_POINT ( 'NONE',  ( -20.55631959837615241, 8.514706370123194645, 57.38411786549675497 ) ) ;
#2706 = DIRECTION ( 'NONE',  ( -1.000000000000000000, 0.000000000000000000, 0.000000000000000000 ) ) ;
#2707 = ORIENTED_EDGE ( 'NONE', *, *, #1232, .F. ) ;
#2708 = CARTESIAN_POINT ( 'NONE',  ( 22.50000000000000355, 0.000000000000000000, 45.50000000000000000 ) ) ;
#2709 = UNCERTAINTY_MEASURE_WITH_UNIT (LENGTH_MEASURE( 1.000000000000000082E-05 ), #626, 'distance_accuracy_value', 'NONE');
#2710 = ORIENTED_EDGE ( 'NONE', *, *, #3996, .T. ) ;
#2711 = ADVANCED_FACE ( 'NONE', ( #371 ), #2782, .T. ) ;
#2712 = SURFACE_SIDE_STYLE ('',( #1205 ) ) ;
#2713 = ORIENTED_EDGE ( 'NONE', *, *, #5068, .T. ) ;
#2714 = DIRECTION ( 'NONE',  ( 0.000000000000000000, 0.000000000000000000, 1.000000000000000000 ) ) ;
#2715 = STYLED_ITEM ( 'NONE', ( #864 ), #5270 ) ;
#2716 = CARTESIAN_POINT ( 'NONE',  ( -16.95767621547343040, -18.36953639576561770, 47.23166863776185664 ) ) ;
#2717 = DIRECTION ( 'NONE',  ( 0.7071067811865509034, -0.7071067811865440200, 0.000000000000000000 ) ) ;
#2718 = CARTESIAN_POINT ( 'NONE',  ( -17.86592197364762669, -17.48783110241212668, 58.00141135948314997 ) ) ;
#2719 =( GEOMETRIC_REPRESENTATION_CONTEXT ( 3 ) GLOBAL_UNCERTAINTY_ASSIGNED_CONTEXT ( ( #2527 ) ) GLOBAL_UNIT_ASSIGNED_CONTEXT ( ( #5132, #3995, #360 ) ) REPRESENTATION_CONTEXT ( 'NONE', 'WORKASPACE' ) );
#2720 = CARTESIAN_POINT ( 'NONE',  ( 18.38758964977802535, -16.93802074834530913, 59.00000000000001421 ) ) ;
#2721 = VERTEX_POINT ( 'NONE', #5247 ) ;
#2722 = ADVANCED_FACE ( 'NONE', ( #1580 ), #3525, .F. ) ;
#2723 = CARTESIAN_POINT ( 'NONE',  ( 7.014706370123267476, -20.55631959837612399, 64.00000000000000000 ) ) ;
#2724 = FACE_OUTER_BOUND ( 'NONE', #4751, .T. ) ;
#2725 = CIRCLE ( 'NONE', #2361, 25.00000000000000000 ) ;
#2726 = CARTESIAN_POINT ( 'NONE',  ( 24.97897493392416024, 1.025090853875949115, 47.36700453271553357 ) ) ;
#2727 = ORIENTED_EDGE ( 'NONE', *, *, #2852, .T. ) ;
#2728 = FACE_OUTER_BOUND ( 'NONE', #2702, .T. ) ;
#2729 = SURFACE_STYLE_FILL_AREA ( #3573 ) ;
#2730 = PRESENTATION_LAYER_ASSIGNMENT (  '', '', ( #934 ) ) ;
#2731 = DIRECTION ( 'NONE',  ( -0.7071067811865457964, -0.7071067811865491270, 0.000000000000000000 ) ) ;
#2732 = DIRECTION ( 'NONE',  ( 1.000000000000000000, 0.000000000000000000, 0.000000000000000000 ) ) ;
#2733 = LINE ( 'NONE', #3986, #1756 ) ;
#2734 = DIRECTION ( 'NONE',  ( -0.000000000000000000, -0.000000000000000000, 1.000000000000000000 ) ) ;
#2735 = ORIENTED_EDGE ( 'NONE', *, *, #870, .T. ) ;
#2736 = DIRECTION ( 'NONE',  ( -0.000000000000000000, 1.000000000000000000, 0.000000000000000000 ) ) ;
#2737 = ORIENTED_EDGE ( 'NONE', *, *, #2981, .F. ) ;
#2738 = CARTESIAN_POINT ( 'NONE',  ( -18.29954461374691022, -17.03318281924071798, 48.01656578188548252 ) ) ;
#2739 = SURFACE_STYLE_USAGE ( .BOTH. , #4784 ) ;
#2740 = EDGE_CURVE ( 'NONE', #4266, #4514, #5239, .T. ) ;
#2741 = CARTESIAN_POINT ( 'NONE',  ( -17.22654172550775087, -18.11781462323822467, 46.68065958253603043 ) ) ;
#2742 =( NAMED_UNIT ( * ) PLANE_ANGLE_UNIT ( ) SI_UNIT ( $, .RADIAN. ) );
#2743 = DIRECTION ( 'NONE',  ( 0.000000000000000000, 0.000000000000000000, 1.000000000000000000 ) ) ;
#2744 = CARTESIAN_POINT ( 'NONE',  ( 22.05631959837603517, 8.514706370123482415, 62.00000000000000000 ) ) ;
#2745 = VERTEX_POINT ( 'NONE', #1606 ) ;
#2746 = CIRCLE ( 'NONE', #5222, 1.500000000000000888 ) ;
#2747 = AXIS2_PLACEMENT_3D ( 'NONE', #1526, #1765, #1368 ) ;
#2748 = SURFACE_STYLE_USAGE ( .BOTH. , #1546 ) ;
#2749 = EDGE_LOOP ( 'NONE', ( #4503, #4093, #3130, #2133 ) ) ;
#2750 = DIRECTION ( 'NONE',  ( 1.000000000000000000, 0.000000000000000000, 0.000000000000000000 ) ) ;
#2751 = AXIS2_PLACEMENT_3D ( 'NONE', #754, #3560, #777 ) ;
#2752 = DIRECTION ( 'NONE',  ( -0.000000000000000000, -0.000000000000000000, 1.000000000000000000 ) ) ;
#2753 = MECHANICAL_DESIGN_GEOMETRIC_PRESENTATION_REPRESENTATION (  '', ( #1234 ), #481 ) ;
#2754 = EDGE_CURVE ( 'NONE', #3077, #5225, #2419, .T. ) ;
#2755 = CARTESIAN_POINT ( 'NONE',  ( -8.514706370123265700, 20.55631959837612399, 58.00000000000000000 ) ) ;
#2756 = FACE_OUTER_BOUND ( 'NONE', #3497, .T. ) ;
#2757 = CIRCLE ( 'NONE', #4124, 1.024999999999994582 ) ;
#2758 = COLOUR_RGB ( '',1.000000000000000000, 1.000000000000000000, 1.000000000000000000 ) ;
#2759 = ORIENTED_EDGE ( 'NONE', *, *, #3795, .T. ) ;
#2760 = PRESENTATION_LAYER_ASSIGNMENT (  '', '', ( #238 ) ) ;
#2761 = STYLED_ITEM ( 'NONE', ( #2524 ), #1841 ) ;
#2762 = SURFACE_SIDE_STYLE ('',( #4758 ) ) ;
#2763 = VERTEX_POINT ( 'NONE', #2097 ) ;
#2764 = CARTESIAN_POINT ( 'NONE',  ( 0.000000000000000000, 20.65000000000000924, 60.02499999991901802 ) ) ;
#2765 = DIRECTION ( 'NONE',  ( -0.000000000000000000, -0.000000000000000000, 1.000000000000000000 ) ) ;
#2766 = CARTESIAN_POINT ( 'NONE',  ( -18.38758964977778732, -16.93802074834556848, 47.22912913159663617 ) ) ;
#2767 = EDGE_CURVE ( 'NONE', #2001, #5034, #3436, .T. ) ;
#2768 = FILL_AREA_STYLE ('',( #5157 ) ) ;
#2769 = FILL_AREA_STYLE ('',( #1568 ) ) ;
#2770 = CARTESIAN_POINT ( 'NONE',  ( 19.05631959837621281, -8.514706370123048984, 62.00000000000000000 ) ) ;
#2771 = ORIENTED_EDGE ( 'NONE', *, *, #3680, .T. ) ;
#2772 = CARTESIAN_POINT ( 'NONE',  ( -14.60175503150224152, 14.60175503150218468, 47.50000000000000000 ) ) ;
#2773 = COLOUR_RGB ( '',1.000000000000000000, 1.000000000000000000, 1.000000000000000000 ) ;
#2774 = EDGE_CURVE ( 'NONE', #550, #4147, #576, .T. ) ;
#2775 = CARTESIAN_POINT ( 'NONE',  ( -18.38758964977778732, -16.93802074834556848, 47.50000000000000000 ) ) ;
#2776 = VERTEX_POINT ( 'NONE', #2041 ) ;
#2777 =( LENGTH_UNIT ( ) NAMED_UNIT ( * ) SI_UNIT ( .MILLI., .METRE. ) );
#2778 = VECTOR ( 'NONE', #56, 1000.000000000000000 ) ;
#2779 = FACE_OUTER_BOUND ( 'NONE', #3053, .T. ) ;
#2780 = PRESENTATION_STYLE_ASSIGNMENT (( #1170 ) ) ;
#2781 = DIRECTION ( 'NONE',  ( 0.000000000000000000, 0.000000000000000000, 1.000000000000000000 ) ) ;
#2782 = CYLINDRICAL_SURFACE ( 'NONE', #232, 24.75000000000000355 ) ;
#2783 = CARTESIAN_POINT ( 'NONE',  ( -24.99497086695923542, -0.5165658162315756030, 48.39545299512565890 ) ) ;
#2784 = FILL_AREA_STYLE ('',( #1484 ) ) ;
#2785 = ADVANCED_FACE ( 'NONE', ( #1246, #2860 ), #4950, .T. ) ;
#2786 =( NAMED_UNIT ( * ) SI_UNIT ( $, .STERADIAN. ) SOLID_ANGLE_UNIT ( ) );
#2787 = EDGE_LOOP ( 'NONE', ( #4016, #3617, #1372, #3115 ) ) ;
#2788 = EDGE_LOOP ( 'NONE', ( #3802, #4934 ) ) ;
#2789 = DIRECTION ( 'NONE',  ( 0.000000000000000000, 1.000000000000000000, 0.000000000000000000 ) ) ;
#2790 = CARTESIAN_POINT ( 'NONE',  ( -17.22654172550787521, 18.11781462323810032, 48.31934041746396247 ) ) ;
#2791 = CARTESIAN_POINT ( 'NONE',  ( -18.03891749477566364, -17.30932310439778377, 59.89570770412692724 ) ) ;
#2792 = CARTESIAN_POINT ( 'NONE',  ( -16.93802074834536953, -18.38758964977797206, 59.00000000000001421 ) ) ;
#2793 = ORIENTED_EDGE ( 'NONE', *, *, #2447, .F. ) ;
#2794 = B_SPLINE_CURVE_WITH_KNOTS ( 'NONE', 3,
 ( #1571, #2438, #4442, #784, #424, #4078, #2462, #4100, #3236, #4499, #834, #2060, #3697, #450, #3668, #3261 ),
 .UNSPECIFIED., .F., .F.,
 ( 4, 2, 2, 2, 2, 2, 2, 4 ),
 ( 1.736370483445640675E-18, 0.0004005359259930537600, 0.0008010718519861057853, 0.001201607777979157811, 0.001602143703972209836, 0.002002679629965261644, 0.002403215555958313886, 0.003204287407944417937 ),
 .UNSPECIFIED. ) ;
#2795 = CARTESIAN_POINT ( 'NONE',  ( 24.98010116619888521, -0.9985886416616063244, 47.76735060801716060 ) ) ;
#2796 = EDGE_LOOP ( 'NONE', ( #2507, #1712, #5091, #5020 ) ) ;
#2797 =( NAMED_UNIT ( * ) SI_UNIT ( $, .STERADIAN. ) SOLID_ANGLE_UNIT ( ) );
#2798 = FACE_OUTER_BOUND ( 'NONE', #5182, .T. ) ;
#2799 = FILL_AREA_STYLE_COLOUR ( '', #3526 ) ;
#2800 = PRESENTATION_STYLE_ASSIGNMENT (( #1116 ) ) ;
#2801 = PRESENTATION_LAYER_ASSIGNMENT (  '', '', ( #2630 ) ) ;
#2802 = ADVANCED_FACE ( 'NONE', ( #3626 ), #1747, .F. ) ;
#2803 = APPLICATION_PROTOCOL_DEFINITION ( 'draft international standard', 'automotive_design', 1998, #2086 ) ;
#2804 = DIRECTION ( 'NONE',  ( 0.5150380751893181008, 0.000000000000000000, -0.8571673005343136698 ) ) ;
#2805 = UNCERTAINTY_MEASURE_WITH_UNIT (LENGTH_MEASURE( 1.000000000000000082E-05 ), #4871, 'distance_accuracy_value', 'NONE');
#2806 =( NAMED_UNIT ( * ) PLANE_ANGLE_UNIT ( ) SI_UNIT ( $, .RADIAN. ) );
#2807 = DIRECTION ( 'NONE',  ( -0.000000000000000000, 1.000000000000000000, 0.000000000000000000 ) ) ;
#2808 = CARTESIAN_POINT ( 'NONE',  ( 20.65000000000000924, 2.618611004132350143E-13, 47.50000000000000000 ) ) ;
#2809 = EDGE_LOOP ( 'NONE', ( #1591, #537, #2409, #3483 ) ) ;
#2810 =( NAMED_UNIT ( * ) SI_UNIT ( $, .STERADIAN. ) SOLID_ANGLE_UNIT ( ) );
#2811 = CARTESIAN_POINT ( 'NONE',  ( -13.87697058077520751, 15.32653948222922047, 47.50000000000000000 ) ) ;
#2812 = CARTESIAN_POINT ( 'NONE',  ( -20.55631959837609557, -8.514706370123338530, 58.00000000000000000 ) ) ;
#2813 = CARTESIAN_POINT ( 'NONE',  ( -17.08895494857533137, 18.24764547299862016, 48.13025434795014945 ) ) ;
#2814 = EDGE_CURVE ( 'NONE', #845, #753, #4913, .T. ) ;
#2815 =( NAMED_UNIT ( * ) PLANE_ANGLE_UNIT ( ) SI_UNIT ( $, .RADIAN. ) );
#2816 = EDGE_CURVE ( 'NONE', #1715, #3834, #3007, .T. ) ;
#2817 = FACE_OUTER_BOUND ( 'NONE', #1794, .T. ) ;
#2818 = ORIENTED_EDGE ( 'NONE', *, *, #24, .T. ) ;
#2819 = DIRECTION ( 'NONE',  ( -0.7071067811865437980, -0.7071067811865512365, -0.000000000000000000 ) ) ;
#2820 = ORIENTED_EDGE ( 'NONE', *, *, #4243, .F. ) ;
#2821 = CARTESIAN_POINT ( 'NONE',  ( 24.98670175466629217, -0.8209026825095403490, 48.12852723798684451 ) ) ;
#2822 = CARTESIAN_POINT ( 'NONE',  ( 24.98400139584353852, 0.8957077204998113995, 48.01590110815788393 ) ) ;
#2823 = EDGE_LOOP ( 'NONE', ( #3819, #4644 ) ) ;
#2824 = SURFACE_STYLE_FILL_AREA ( #3650 ) ;
#2825 = CARTESIAN_POINT ( 'NONE',  ( -13.87697058083858792, -15.32653948203233085, 47.50000000000000000 ) ) ;
#2826 = DIRECTION ( 'NONE',  ( 1.000000000000000000, 0.000000000000000000, 0.000000000000000000 ) ) ;
#2827 = STYLED_ITEM ( 'NONE', ( #2210 ), #3841 ) ;
#2828 = AXIS2_PLACEMENT_3D ( 'NONE', #3955, #427, #4424 ) ;
#2829 = STYLED_ITEM ( 'NONE', ( #346 ), #4194 ) ;
#2830 = CARTESIAN_POINT ( 'NONE',  ( -17.48783110241206273, 17.86592197364768353, 46.50141135948313575 ) ) ;
#2831 = AXIS2_PLACEMENT_3D ( 'NONE', #4538, #908, #500 ) ;
#2832 = EDGE_CURVE ( 'NONE', #4591, #1574, #1347, .T. ) ;
#2833 = COLOUR_RGB ( '',1.000000000000000000, 1.000000000000000000, 1.000000000000000000 ) ;
#2834 = DIRECTION ( 'NONE',  ( 0.9702957263383369391, -0.2419218953496335422, 1.337682166624646294E-15 ) ) ;
#2835 = SURFACE_STYLE_USAGE ( .BOTH. , #2100 ) ;
#2836 = PRESENTATION_STYLE_ASSIGNMENT (( #2049 ) ) ;
#2837 = CIRCLE ( 'NONE', #1557, 1.024999999999988587 ) ;
#2838 = ORIENTED_EDGE ( 'NONE', *, *, #504, .F. ) ;
#2839 = CARTESIAN_POINT ( 'NONE',  ( -0.8209026825097971436, 24.98670175466627796, 46.87147276201316970 ) ) ;
#2840 = CYLINDRICAL_SURFACE ( 'NONE', #721, 1.024999999999991251 ) ;
#2841 = COLOUR_RGB ( '',1.000000000000000000, 1.000000000000000000, 1.000000000000000000 ) ;
#2842 = FILL_AREA_STYLE ('',( #2512 ) ) ;
#2843 = VECTOR ( 'NONE', #1480, 1000.000000000000000 ) ;
#2844 = AXIS2_PLACEMENT_3D ( 'NONE', #4478, #3749, #4169 ) ;
#2845 =( GEOMETRIC_REPRESENTATION_CONTEXT ( 3 ) GLOBAL_UNCERTAINTY_ASSIGNED_CONTEXT ( ( #1897 ) ) GLOBAL_UNIT_ASSIGNED_CONTEXT ( ( #1492, #1044, #3887 ) ) REPRESENTATION_CONTEXT ( 'NONE', 'WORKASPACE' ) );
#2846 = PRESENTATION_STYLE_ASSIGNMENT (( #912 ) ) ;
#2847 = VERTEX_POINT ( 'NONE', #5033 ) ;
#2848 =( GEOMETRIC_REPRESENTATION_CONTEXT ( 3 ) GLOBAL_UNCERTAINTY_ASSIGNED_CONTEXT ( ( #600 ) ) GLOBAL_UNIT_ASSIGNED_CONTEXT ( ( #4390, #1935, #2333 ) ) REPRESENTATION_CONTEXT ( 'NONE', 'WORKASPACE' ) );
#2849 = COLOUR_RGB ( '',1.000000000000000000, 1.000000000000000000, 1.000000000000000000 ) ;
#2850 = DIRECTION ( 'NONE',  ( 0.000000000000000000, 0.000000000000000000, 1.000000000000000000 ) ) ;
#2851 = CARTESIAN_POINT ( 'NONE',  ( 24.99223329972246077, -0.6302543902969421907, 46.68068210484340597 ) ) ;
#2852 = EDGE_CURVE ( 'NONE', #1401, #1574, #1569, .T. ) ;
#2853 = CONICAL_SURFACE ( 'NONE', #4227, 1.024999999711763365, 1.029744258311296345 ) ;
#2854 = CONICAL_SURFACE ( 'NONE', #69, 1.024999999944174789, 1.029744258664269552 ) ;
#2855 =( NAMED_UNIT ( * ) SI_UNIT ( $, .STERADIAN. ) SOLID_ANGLE_UNIT ( ) );
#2856 = ORIENTED_EDGE ( 'NONE', *, *, #548, .T. ) ;
#2857 = CARTESIAN_POINT ( 'NONE',  ( -16.93802074834537308, -18.38758964977796850, 47.50000000000000000 ) ) ;
#2858 = CARTESIAN_POINT ( 'NONE',  ( 18.11664750846021121, -17.22777569394624564, 48.32090264345642794 ) ) ;
#2859 =( NAMED_UNIT ( * ) PLANE_ANGLE_UNIT ( ) SI_UNIT ( $, .RADIAN. ) );
#2860 = FACE_BOUND ( 'NONE', #4055, .T. ) ;
#2861 = VECTOR ( 'NONE', #4880, 999.9999999999998863 ) ;
#2862 = CARTESIAN_POINT ( 'NONE',  ( -17.77269653572422925, 17.58263722810957930, 46.47509132878709437 ) ) ;
#2863 =( LENGTH_UNIT ( ) NAMED_UNIT ( * ) SI_UNIT ( .MILLI., .METRE. ) );
#2864 = UNCERTAINTY_MEASURE_WITH_UNIT (LENGTH_MEASURE( 1.000000000000000082E-05 ), #4928, 'distance_accuracy_value', 'NONE');
#2865 = DIRECTION ( 'NONE',  ( 0.000000000000000000, 0.000000000000000000, -1.000000000000000000 ) ) ;
#2866 = FACE_OUTER_BOUND ( 'NONE', #4334, .T. ) ;
#2867 = SURFACE_STYLE_FILL_AREA ( #3368 ) ;
#2868 = ORIENTED_EDGE ( 'NONE', *, *, #569, .F. ) ;
#2869 = DIRECTION ( 'NONE',  ( 0.7071067811865536790, -0.7071067811865413555, 0.000000000000000000 ) ) ;
#2870 = DIRECTION ( 'NONE',  ( 1.000000000000000000, 0.000000000000000000, -0.000000000000000000 ) ) ;
#2871 = CARTESIAN_POINT ( 'NONE',  ( 17.86726053904524747, 17.48645794738428805, 59.99796842212561643 ) ) ;
#2872 = EDGE_CURVE ( 'NONE', #3086, #1911, #1843, .T. ) ;
#2873 = DIRECTION ( 'NONE',  ( 0.8571673007021124446, 0.000000000000000000, 0.5150380749100539335 ) ) ;
#2874 = ORIENTED_EDGE ( 'NONE', *, *, #3439, .T. ) ;
#2875 = CARTESIAN_POINT ( 'NONE',  ( 24.99502542996518883, -0.5341225688662294413, 48.41572315336027543 ) ) ;
#2876 = VERTEX_POINT ( 'NONE', #2956 ) ;
#2877 = EDGE_CURVE ( 'NONE', #3642, #2058, #3087, .T. ) ;
#2878 = CARTESIAN_POINT ( 'NONE',  ( 0.000000000000000000, 20.65000000000000924, 59.00000000000001421 ) ) ;
#2879 = LINE ( 'NONE', #4142, #281 ) ;
#2880 =( NAMED_UNIT ( * ) PLANE_ANGLE_UNIT ( ) SI_UNIT ( $, .RADIAN. ) );
#2881 =( NAMED_UNIT ( * ) SI_UNIT ( $, .STERADIAN. ) SOLID_ANGLE_UNIT ( ) );
#2882 = CARTESIAN_POINT ( 'NONE',  ( 0.000000000000000000, 25.00000000000000000, 60.02500000000000568 ) ) ;
#2883 =( GEOMETRIC_REPRESENTATION_CONTEXT ( 3 ) GLOBAL_UNCERTAINTY_ASSIGNED_CONTEXT ( ( #59 ) ) GLOBAL_UNIT_ASSIGNED_CONTEXT ( ( #4482, #4902, #3654 ) ) REPRESENTATION_CONTEXT ( 'NONE', 'WORKASPACE' ) );
#2884 = LINE ( 'NONE', #1962, #4922 ) ;
#2885 = FILL_AREA_STYLE ('',( #5 ) ) ;
#2886 = CARTESIAN_POINT ( 'NONE',  ( -13.87697058078179246, 15.32653948220281315, 47.50000000000000000 ) ) ;
#2887 = ORIENTED_EDGE ( 'NONE', *, *, #1321, .F. ) ;
#2888 = CIRCLE ( 'NONE', #4870, 1.024999999999993694 ) ;
#2889 = CARTESIAN_POINT ( 'NONE',  ( 18.38758964977802179, -16.93802074834530913, 47.50000000000000000 ) ) ;
#2890 = EDGE_LOOP ( 'NONE', ( #4554, #2412, #585, #1009 ) ) ;
#2891 =( LENGTH_UNIT ( ) NAMED_UNIT ( * ) SI_UNIT ( .MILLI., .METRE. ) );
#2892 = DIRECTION ( 'NONE',  ( -0.000000000000000000, -0.000000000000000000, 1.000000000000000000 ) ) ;
#2893 = ORIENTED_EDGE ( 'NONE', *, *, #2395, .F. ) ;
#2894 = ADVANCED_FACE ( 'NONE', ( #4712 ), #2923, .F. ) ;
#2895 = CARTESIAN_POINT ( 'NONE',  ( 24.97897493392418156, -1.025090853875424868, 47.63299546728445932 ) ) ;
#2896 = ORIENTED_EDGE ( 'NONE', *, *, #2814, .F. ) ;
#2897 = SURFACE_SIDE_STYLE ('',( #2824 ) ) ;
#2898 = PRESENTATION_STYLE_ASSIGNMENT (( #2013 ) ) ;
#2899 = COLOUR_RGB ( '',1.000000000000000000, 1.000000000000000000, 1.000000000000000000 ) ;
#2900 = ORIENTED_EDGE ( 'NONE', *, *, #5221, .F. ) ;
#2901 = UNCERTAINTY_MEASURE_WITH_UNIT (LENGTH_MEASURE( 1.000000000000000082E-05 ), #3316, 'distance_accuracy_value', 'NONE');
#2902 = DIRECTION ( 'NONE',  ( 0.000000000000000000, 0.000000000000000000, 1.000000000000000000 ) ) ;
#2903 = ADVANCED_FACE ( 'NONE', ( #2227 ), #3787, .F. ) ;
#2904 = MECHANICAL_DESIGN_GEOMETRIC_PRESENTATION_REPRESENTATION (  '', ( #2472 ), #3422 ) ;
#2905 = ORIENTED_EDGE ( 'NONE', *, *, #5123, .T. ) ;
#2906 = CIRCLE ( 'NONE', #3066, 1.024999999999991251 ) ;
#2907 = FILL_AREA_STYLE_COLOUR ( '', #2899 ) ;
#2908 = FILL_AREA_STYLE ('',( #3736 ) ) ;
#2909 = CYLINDRICAL_SURFACE ( 'NONE', #1903, 1.500000000000001332 ) ;
#2910 = COLOUR_RGB ( '',1.000000000000000000, 1.000000000000000000, 1.000000000000000000 ) ;
#2911 = AXIS2_PLACEMENT_3D ( 'NONE', #1512, #5253, #3114 ) ;
#2912 = AXIS2_PLACEMENT_3D ( 'NONE', #127, #1079, #1463 ) ;
#2913 = ORIENTED_EDGE ( 'NONE', *, *, #4693, .F. ) ;
#2914 = CARTESIAN_POINT ( 'NONE',  ( 25.00000000000000000, 2.618611004132350143E-13, 46.47500000000000853 ) ) ;
#2915 = ORIENTED_EDGE ( 'NONE', *, *, #4713, .T. ) ;
#2916 = DIRECTION ( 'NONE',  ( -0.000000000000000000, -0.000000000000000000, 1.000000000000000000 ) ) ;
#2917 = PRESENTATION_STYLE_ASSIGNMENT (( #915 ) ) ;
#2918 = MECHANICAL_DESIGN_GEOMETRIC_PRESENTATION_REPRESENTATION (  '', ( #2062 ), #151 ) ;
#2919 = DIRECTION ( 'NONE',  ( 1.000000000000000000, 0.000000000000000000, 0.000000000000000000 ) ) ;
#2920 =( GEOMETRIC_REPRESENTATION_CONTEXT ( 3 ) GLOBAL_UNCERTAINTY_ASSIGNED_CONTEXT ( ( #794 ) ) GLOBAL_UNIT_ASSIGNED_CONTEXT ( ( #4061, #2859, #839 ) ) REPRESENTATION_CONTEXT ( 'NONE', 'WORKASPACE' ) );
#2921 = COLOUR_RGB ( '',1.000000000000000000, 1.000000000000000000, 1.000000000000000000 ) ;
#2922 = ADVANCED_FACE ( 'NONE', ( #2724 ), #2684, .F. ) ;
#2923 = CONICAL_SURFACE ( 'NONE', #2494, 1.024999999831120112, 1.029744258214109420 ) ;
#2924 = FACE_OUTER_BOUND ( 'NONE', #1622, .T. ) ;
#2925 = AXIS2_PLACEMENT_3D ( 'NONE', #3979, #1934, #3569 ) ;
#2926 = VERTEX_POINT ( 'NONE', #1087 ) ;
#2927 = SURFACE_STYLE_USAGE ( .BOTH. , #4193 ) ;
#2928 = FILL_AREA_STYLE_COLOUR ( '', #3072 ) ;
#2929 = CARTESIAN_POINT ( 'NONE',  ( -0.6302543902972042034, -24.99223329972245722, 58.18068210484342018 ) ) ;
#2930 = CARTESIAN_POINT ( 'NONE',  ( -0.5165658162314836765, 24.99497086695925319, 59.89545299512569443 ) ) ;
#2931 = AXIS2_PLACEMENT_3D ( 'NONE', #4969, #992, #207 ) ;
#2932 = EDGE_CURVE ( 'NONE', #2011, #4782, #1247, .T. ) ;
#2933 = ADVANCED_FACE ( 'NONE', ( #3106 ), #402, .F. ) ;
#2934 = AXIS2_PLACEMENT_3D ( 'NONE', #1458, #4179, #4610 ) ;
#2935 = SURFACE_SIDE_STYLE ('',( #3445 ) ) ;
#2936 = VERTEX_POINT ( 'NONE', #4701 ) ;
#2937 = DIRECTION ( 'NONE',  ( -1.000000000000000000, -0.000000000000000000, -0.000000000000000000 ) ) ;
#2938 = DIRECTION ( 'NONE',  ( 1.000000000000000000, 0.000000000000000000, 0.000000000000000000 ) ) ;
#2939 = ORIENTED_EDGE ( 'NONE', *, *, #2991, .T. ) ;
#2940 = CARTESIAN_POINT ( 'NONE',  ( 0.5165658162314851198, 24.99497086695924253, 58.10454700487431978 ) ) ;
#2941 =( NAMED_UNIT ( * ) PLANE_ANGLE_UNIT ( ) SI_UNIT ( $, .RADIAN. ) );
#2942 = CARTESIAN_POINT ( 'NONE',  ( 18.31383994738902743, 17.01881181540911570, 58.46587747276632285 ) ) ;
#2943 = ADVANCED_FACE ( 'NONE', ( #5129 ), #4267, .F. ) ;
#2944 = AXIS2_PLACEMENT_3D ( 'NONE', #1880, #731, #4816 ) ;
#2945 = CARTESIAN_POINT ( 'NONE',  ( 17.48783110241180694, 17.86592197364792156, 59.99858864051688556 ) ) ;
#2946 = ORIENTED_EDGE ( 'NONE', *, *, #4101, .F. ) ;
#2947 = CARTESIAN_POINT ( 'NONE',  ( 17.86592197364750945, 17.48783110241225103, 46.50141135948314997 ) ) ;
#2948 = CYLINDRICAL_SURFACE ( 'NONE', #960, 1.024999999999991029 ) ;
#2949 = FACE_BOUND ( 'NONE', #5105, .T. ) ;
#2950 =( NAMED_UNIT ( * ) PLANE_ANGLE_UNIT ( ) SI_UNIT ( $, .RADIAN. ) );
#2951 = PLANE ( 'NONE',  #1248 ) ;
#2952 = ORIENTED_EDGE ( 'NONE', *, *, #3048, .T. ) ;
#2953 = DIRECTION ( 'NONE',  ( -0.8571673007021124446, 1.049727191138618819E-16, 0.5150380749100539335 ) ) ;
#2954 = DIRECTION ( 'NONE',  ( 1.000000000000000000, 0.000000000000000000, 0.000000000000000000 ) ) ;
#2955 = SURFACE_STYLE_FILL_AREA ( #4577 ) ;
#2956 = CARTESIAN_POINT ( 'NONE',  ( 1.255262969025149672E-16, -20.65000000000000924, 48.52499999991761825 ) ) ;
#2957 = SURFACE_STYLE_USAGE ( .BOTH. , #1711 ) ;
#2958 = VERTEX_POINT ( 'NONE', #3061 ) ;
#2959 = UNCERTAINTY_MEASURE_WITH_UNIT (LENGTH_MEASURE( 1.000000000000000082E-05 ), #2863, 'distance_accuracy_value', 'NONE');
#2960 = EDGE_CURVE ( 'NONE', #4394, #4661, #5079, .T. ) ;
#2961 = CARTESIAN_POINT ( 'NONE',  ( 0.000000000000000000, -20.64999999998917701, 46.47500000010040822 ) ) ;
#2962 = AXIS2_PLACEMENT_3D ( 'NONE', #661, #3050, #1131 ) ;
#2963 = DIRECTION ( 'NONE',  ( 1.000000000000000000, 0.000000000000000000, 0.000000000000000000 ) ) ;
#2964 = ORIENTED_EDGE ( 'NONE', *, *, #1543, .T. ) ;
#2965 = B_SPLINE_CURVE_WITH_KNOTS ( 'NONE', 3,
 ( #3811, #1025, #2635, #4275, #1315, #5004, #538, #5030, #1766, #3407, #3380, #1705, #2983, #3747, #187, #1369 ),
 .UNSPECIFIED., .F., .F.,
 ( 4, 2, 2, 2, 2, 2, 2, 4 ),
 ( 0.000000000000000000, 0.0004005359238993907891, 0.0008010718477987815783, 0.001201607771698172313, 0.001602143695597563157, 0.002002679619496953566, 0.002403215543396344626, 0.003204287391195125446 ),
 .UNSPECIFIED. ) ;
#2966 = CARTESIAN_POINT ( 'NONE',  ( 0.8960261247664074169, 24.98399028843315506, 59.51555097381282877 ) ) ;
#2967 = PRESENTATION_LAYER_ASSIGNMENT (  '', '', ( #3908 ) ) ;
#2968 = CARTESIAN_POINT ( 'NONE',  ( 16.93802074834524873, 18.38758964977808219, 47.50000000000000000 ) ) ;
#2969 =( NAMED_UNIT ( * ) SI_UNIT ( $, .STERADIAN. ) SOLID_ANGLE_UNIT ( ) );
#2970 = UNCERTAINTY_MEASURE_WITH_UNIT (LENGTH_MEASURE( 1.000000000000000082E-05 ), #2188, 'distance_accuracy_value', 'NONE');
#2971 = SURFACE_STYLE_FILL_AREA ( #1357 ) ;
#2972 =( GEOMETRIC_REPRESENTATION_CONTEXT ( 3 ) GLOBAL_UNCERTAINTY_ASSIGNED_CONTEXT ( ( #4089 ) ) GLOBAL_UNIT_ASSIGNED_CONTEXT ( ( #4083, #1244, #3266 ) ) REPRESENTATION_CONTEXT ( 'NONE', 'WORKASPACE' ) );
#2973 = FILL_AREA_STYLE_COLOUR ( '', #3905 ) ;
#2974 = ORIENTED_EDGE ( 'NONE', *, *, #4336, .T. ) ;
#2975 = CARTESIAN_POINT ( 'NONE',  ( 17.03318281924039468, 18.29954461374720154, 46.98343421811452458 ) ) ;
#2976 = SURFACE_STYLE_FILL_AREA ( #678 ) ;
#2977 = ORIENTED_EDGE ( 'NONE', *, *, #2654, .T. ) ;
#2978 = CIRCLE ( 'NONE', #700, 1.500000000000000888 ) ;
#2979 = DIRECTION ( 'NONE',  ( -3.491481338843133355E-15, 1.000000000000000000, 0.000000000000000000 ) ) ;
#2980 =( NAMED_UNIT ( * ) SI_UNIT ( $, .STERADIAN. ) SOLID_ANGLE_UNIT ( ) );
#2981 = EDGE_CURVE ( 'NONE', #4104, #1838, #4295, .T. ) ;
#2982 = VERTEX_POINT ( 'NONE', #957 ) ;
#2983 = CARTESIAN_POINT ( 'NONE',  ( -18.11664750846009753, 17.22777569394637709, 59.82090264345647057 ) ) ;
#2984 = DIRECTION ( 'NONE',  ( 1.000000000000000000, 0.000000000000000000, 0.000000000000000000 ) ) ;
#2985 = ORIENTED_EDGE ( 'NONE', *, *, #1565, .T. ) ;
#2986 = CARTESIAN_POINT ( 'NONE',  ( -8.514706370123267476, 20.55631959837612399, 62.00000000000000000 ) ) ;
#2987 = FACE_OUTER_BOUND ( 'NONE', #3396, .T. ) ;
#2988 = CARTESIAN_POINT ( 'NONE',  ( 20.55631959837603162, 8.514706370123482415, 62.00000000000000000 ) ) ;
#2989 = STYLED_ITEM ( 'NONE', ( #4763 ), #78 ) ;
#2990 = ORIENTED_EDGE ( 'NONE', *, *, #1097, .F. ) ;
#2991 = EDGE_CURVE ( 'NONE', #3844, #4805, #3698, .T. ) ;
#2992 = CARTESIAN_POINT ( 'NONE',  ( 24.98670175466629217, -0.8209026825096360502, 59.62852723798672372 ) ) ;
#2993 = CYLINDRICAL_SURFACE ( 'NONE', #3153, 1.024999999999994582 ) ;
#2994 = SURFACE_SIDE_STYLE ('',( #2971 ) ) ;
#2995 = ORIENTED_EDGE ( 'NONE', *, *, #4779, .F. ) ;
#2996 = EDGE_LOOP ( 'NONE', ( #857, #1077, #2107, #2427 ) ) ;
#2997 = DIRECTION ( 'NONE',  ( -1.000000000000000000, 0.000000000000000000, 0.000000000000000000 ) ) ;
#2998 = MECHANICAL_DESIGN_GEOMETRIC_PRESENTATION_REPRESENTATION (  '', ( #51 ), #1892 ) ;
#2999 =( GEOMETRIC_REPRESENTATION_CONTEXT ( 3 ) GLOBAL_UNCERTAINTY_ASSIGNED_CONTEXT ( ( #3058 ) ) GLOBAL_UNIT_ASSIGNED_CONTEXT ( ( #558, #1679, #2855 ) ) REPRESENTATION_CONTEXT ( 'NONE', 'WORKASPACE' ) );
#3000 = SURFACE_STYLE_USAGE ( .BOTH. , #2276 ) ;
#3001 = FILL_AREA_STYLE_COLOUR ( '', #5180 ) ;
#3003 = COLOUR_RGB ( '',1.000000000000000000, 1.000000000000000000, 1.000000000000000000 ) ;
#3002 = CARTESIAN_POINT ( 'NONE',  ( -22.50000000000000355, 2.755455298081544383E-15, 45.48999999999999488 ) ) ;
#3004 = ADVANCED_FACE ( 'NONE', ( #3462 ), #3829, .F. ) ;
#3005 = AXIS2_PLACEMENT_3D ( 'NONE', #2310, #5119, #1452 ) ;
#3006 = DIRECTION ( 'NONE',  ( -0.000000000000000000, -0.000000000000000000, 1.000000000000000000 ) ) ;
#3007 = LINE ( 'NONE', #249, #3013 ) ;
#3008 = STYLED_ITEM ( 'NONE', ( #4062 ), #2722 ) ;
#3009 = AXIS2_PLACEMENT_3D ( 'NONE', #484, #29, #4876 ) ;
#3010 = DIRECTION ( 'NONE',  ( 0.000000000000000000, -0.000000000000000000, 1.000000000000000000 ) ) ;
#3011 = EDGE_LOOP ( 'NONE', ( #3557, #1153, #3828, #179 ) ) ;
#3012 = PRESENTATION_STYLE_ASSIGNMENT (( #1402 ) ) ;
#3013 = VECTOR ( 'NONE', #2549, 1000.000000000000000 ) ;
#3014 = CARTESIAN_POINT ( 'NONE',  ( -24.98670175466628152, 0.8209026825096993329, 48.12852723798685872 ) ) ;
#3015 = VERTEX_POINT ( 'NONE', #3204 ) ;
#3016 = DIRECTION ( 'NONE',  ( 1.000000000000000000, -0.000000000000000000, 0.000000000000000000 ) ) ;
#3017 = FACE_OUTER_BOUND ( 'NONE', #4140, .T. ) ;
#3018 = UNCERTAINTY_MEASURE_WITH_UNIT (LENGTH_MEASURE( 1.000000000000000082E-05 ), #4009, 'distance_accuracy_value', 'NONE');
#3019 = FACE_BOUND ( 'NONE', #2602, .T. ) ;
#3020 = PRESENTATION_LAYER_ASSIGNMENT (  '', '', ( #2334 ) ) ;
#3021 = ORIENTED_EDGE ( 'NONE', *, *, #1471, .T. ) ;
#3022 = VECTOR ( 'NONE', #2360, 1000.000000000000000 ) ;
#3023 =( NAMED_UNIT ( * ) PLANE_ANGLE_UNIT ( ) SI_UNIT ( $, .RADIAN. ) );
#3024 = VERTEX_POINT ( 'NONE', #4838 ) ;
#3025 =( LENGTH_UNIT ( ) NAMED_UNIT ( * ) SI_UNIT ( .MILLI., .METRE. ) );
#3026 = SURFACE_SIDE_STYLE ('',( #103 ) ) ;
#3027 = FACE_OUTER_BOUND ( 'NONE', #985, .T. ) ;
#3028 = PRESENTATION_LAYER_ASSIGNMENT (  '', '', ( #3104 ) ) ;
#3029 = CARTESIAN_POINT ( 'NONE',  ( 24.99223329972245011, 0.6302543902973127832, 59.81931789515672904 ) ) ;
#3030 =( LENGTH_UNIT ( ) NAMED_UNIT ( * ) SI_UNIT ( .MILLI., .METRE. ) );
#3031 = CARTESIAN_POINT ( 'NONE',  ( -20.55631959837615597, 8.514706370123192869, 62.00000000000000000 ) ) ;
#3032 = CARTESIAN_POINT ( 'NONE',  ( 20.65000000000000924, 2.618611004132350143E-13, 59.00000000000001421 ) ) ;
#3033 = CARTESIAN_POINT ( 'NONE',  ( -10.01470637012312004, -20.55631959837618439, 62.00000000000000000 ) ) ;
#3034 = CARTESIAN_POINT ( 'NONE',  ( -16.93802074834550098, 18.38758964977784416, 59.00000000000001421 ) ) ;
#3035 = DIRECTION ( 'NONE',  ( -0.7071067811865484609, 0.7071067811865466846, 2.393433625896852473E-15 ) ) ;
#3036 = ADVANCED_FACE ( 'NONE', ( #4457 ), #2853, .F. ) ;
#3037 = DIRECTION ( 'NONE',  ( 0.7071067811865536790, -0.7071067811865413555, 0.000000000000000000 ) ) ;
#3038 = ORIENTED_EDGE ( 'NONE', *, *, #3315, .F. ) ;
#3039 = FACE_OUTER_BOUND ( 'NONE', #4186, .T. ) ;
#3040 =( NAMED_UNIT ( * ) SI_UNIT ( $, .STERADIAN. ) SOLID_ANGLE_UNIT ( ) );
#3041 = ORIENTED_EDGE ( 'NONE', *, *, #2431, .T. ) ;
#3042 = CARTESIAN_POINT ( 'NONE',  ( 20.55631959837621281, -8.514706370123050760, 64.00000000000000000 ) ) ;
#3043 = SURFACE_STYLE_FILL_AREA ( #5100 ) ;
#3044 = VERTEX_POINT ( 'NONE', #379 ) ;
#3045 =( NAMED_UNIT ( * ) SI_UNIT ( $, .STERADIAN. ) SOLID_ANGLE_UNIT ( ) );
#3046 = CARTESIAN_POINT ( 'NONE',  ( 17.08895494857545927, -18.24764547299849582, 48.13025434795013524 ) ) ;
#3047 = DIRECTION ( 'NONE',  ( 1.000000000000000000, 0.000000000000000000, 0.000000000000000000 ) ) ;
#3048 = EDGE_CURVE ( 'NONE', #5143, #4744, #4569, .T. ) ;
#3049 = CARTESIAN_POINT ( 'NONE',  ( 0.8957077204995492758, 24.98400139584354918, 46.98409889184212318 ) ) ;
#3050 = DIRECTION ( 'NONE',  ( -0.000000000000000000, -0.000000000000000000, 1.000000000000000000 ) ) ;
#3051 = DIRECTION ( 'NONE',  ( -0.000000000000000000, -0.000000000000000000, -1.000000000000000000 ) ) ;
#3052 = FACE_BOUND ( 'NONE', #5117, .T. ) ;
#3053 = EDGE_LOOP ( 'NONE', ( #2586, #3210, #1822, #4965 ) ) ;
#3054 = CARTESIAN_POINT ( 'NONE',  ( 0.000000000000000000, 25.00000000000000000, 60.02500000000000568 ) ) ;
#3055 = CARTESIAN_POINT ( 'NONE',  ( -24.99223329972244656, 0.6302543902971676770, 46.68068210484346281 ) ) ;
#3056 = ORIENTED_EDGE ( 'NONE', *, *, #1703, .F. ) ;
#3057 = CARTESIAN_POINT ( 'NONE',  ( 18.11664750845984884, 17.22777569394662578, 46.67909735654355785 ) ) ;
#3058 = UNCERTAINTY_MEASURE_WITH_UNIT (LENGTH_MEASURE( 1.000000000000000082E-05 ), #558, 'distance_accuracy_value', 'NONE');
#3059 = ADVANCED_FACE ( 'NONE', ( #1152 ), #4781, .T. ) ;
#3060 = ORIENTED_EDGE ( 'NONE', *, *, #772, .F. ) ;
#3061 = CARTESIAN_POINT ( 'NONE',  ( -20.03411786546394069, -8.728703347106176149E-14, 58.99999999968486009 ) ) ;
#3062 = EDGE_LOOP ( 'NONE', ( #1049, #4160, #1210, #871 ) ) ;
#3063 = VECTOR ( 'NONE', #1697, 1000.000000000000000 ) ;
#3064 = FILL_AREA_STYLE_COLOUR ( '', #1309 ) ;
#3065 = VECTOR ( 'NONE', #3609, 1000.000000000000000 ) ;
#3066 = AXIS2_PLACEMENT_3D ( 'NONE', #2878, #2144, #454 ) ;
#3067 = FILL_AREA_STYLE ('',( #2573 ) ) ;
#3068 = SURFACE_STYLE_USAGE ( .BOTH. , #2174 ) ;
#3069 = LINE ( 'NONE', #1106, #1024 ) ;
#3070 = EDGE_LOOP ( 'NONE', ( #773, #4790, #2030, #2737 ) ) ;
#3071 = LINE ( 'NONE', #3547, #2685 ) ;
#3072 = COLOUR_RGB ( '',1.000000000000000000, 1.000000000000000000, 1.000000000000000000 ) ;
#3073 = CARTESIAN_POINT ( 'NONE',  ( 0.000000000000000000, 25.00000000000000000, 59.00000000000001421 ) ) ;
#3074 = AXIS2_PLACEMENT_3D ( 'NONE', #2389, #4486, #2865 ) ;
#3075 = AXIS2_PLACEMENT_3D ( 'NONE', #2114, #917, #536 ) ;
#3076 = AXIS2_PLACEMENT_3D ( 'NONE', #4065, #462, #927 ) ;
#3077 = VERTEX_POINT ( 'NONE', #1123 ) ;
#3078 = CYLINDRICAL_SURFACE ( 'NONE', #1300, 1.499999999999999556 ) ;
#3079 = VECTOR ( 'NONE', #285, 1000.000000000000000 ) ;
#3080 = SURFACE_SIDE_STYLE ('',( #2704 ) ) ;
#3081 = CARTESIAN_POINT ( 'NONE',  ( -10.01470637012326748, 20.55631959837612399, 64.00000000000000000 ) ) ;
#3082 = EDGE_CURVE ( 'NONE', #4544, #3549, #4435, .T. ) ;
#3083 = FILL_AREA_STYLE_COLOUR ( '', #979 ) ;
#3084 = AXIS2_PLACEMENT_3D ( 'NONE', #5006, #1396, #5032 ) ;
#3085 = CIRCLE ( 'NONE', #4825, 1.024999999999994582 ) ;
#3086 = VERTEX_POINT ( 'NONE', #2811 ) ;
#3087 = CIRCLE ( 'NONE', #3780, 1.499999999999999556 ) ;
#3088 = VECTOR ( 'NONE', #3051, 1000.000000000000000 ) ;
#3089 = CARTESIAN_POINT ( 'NONE',  ( -25.00000000000000000, -8.728703347107833388E-14, 48.52499999999999147 ) ) ;
#3090 = SURFACE_SIDE_STYLE ('',( #257 ) ) ;
#3091 =( GEOMETRIC_REPRESENTATION_CONTEXT ( 3 ) GLOBAL_UNCERTAINTY_ASSIGNED_CONTEXT ( ( #642 ) ) GLOBAL_UNIT_ASSIGNED_CONTEXT ( ( #1972, #752, #1947 ) ) REPRESENTATION_CONTEXT ( 'NONE', 'WORKASPACE' ) );
#3092 = ORIENTED_EDGE ( 'NONE', *, *, #656, .F. ) ;
#3093 = ADVANCED_FACE ( 'NONE', ( #3909 ), #283, .F. ) ;
#3094 = ORIENTED_EDGE ( 'NONE', *, *, #352, .F. ) ;
#3095 = AXIS2_PLACEMENT_3D ( 'NONE', #3663, #38, #3635 ) ;
#3096 = SURFACE_SIDE_STYLE ('',( #4703 ) ) ;
#3097 = DIRECTION ( 'NONE',  ( -0.7071067811865487940, 0.7071067811865463515, 0.000000000000000000 ) ) ;
#3098 = VECTOR ( 'NONE', #32, 1000.000000000000000 ) ;
#3099 = CARTESIAN_POINT ( 'NONE',  ( 0.000000000000000000, -20.65000000004602043, 59.00000000000001421 ) ) ;
#3100 =( NAMED_UNIT ( * ) PLANE_ANGLE_UNIT ( ) SI_UNIT ( $, .RADIAN. ) );
#3101 = CARTESIAN_POINT ( 'NONE',  ( -17.30957853796043011, 18.03867776399194867, 58.10397389227477305 ) ) ;
#3102 = DIRECTION ( 'NONE',  ( -0.5150380752232273096, 1.049727190908172827E-16, -0.8571673005139390789 ) ) ;
#3103 = ORIENTED_EDGE ( 'NONE', *, *, #523, .T. ) ;
#3104 = STYLED_ITEM ( 'NONE', ( #4341 ), #3594 ) ;
#3105 = CARTESIAN_POINT ( 'NONE',  ( -0.2708708636538009751, -25.00000000000000355, 60.02500000000000568 ) ) ;
#3106 = FACE_OUTER_BOUND ( 'NONE', #96, .T. ) ;
#3107 = ORIENTED_EDGE ( 'NONE', *, *, #4542, .F. ) ;
#3108 = FACE_BOUND ( 'NONE', #4668, .T. ) ;
#3109 = DIRECTION ( 'NONE',  ( -0.7071067811865487940, 0.7071067811865463515, 0.000000000000000000 ) ) ;
#3110 = ORIENTED_EDGE ( 'NONE', *, *, #1581, .T. ) ;
#3111 = ADVANCED_FACE ( 'NONE', ( #2456 ), #3339, .F. ) ;
#3112 = CARTESIAN_POINT ( 'NONE',  ( -25.00000000000000000, -8.716150717416573730E-14, 46.47500000000000853 ) ) ;
#3113 = UNCERTAINTY_MEASURE_WITH_UNIT (LENGTH_MEASURE( 1.000000000000000082E-05 ), #2278, 'distance_accuracy_value', 'NONE');
#3114 = DIRECTION ( 'NONE',  ( -4.625929269271486900E-15, 1.000000000000000000, 0.000000000000000000 ) ) ;
#3115 = ORIENTED_EDGE ( 'NONE', *, *, #4371, .F. ) ;
#3116 = EDGE_CURVE ( 'NONE', #4514, #4266, #822, .T. ) ;
#3117 = DIRECTION ( 'NONE',  ( -0.000000000000000000, -0.000000000000000000, -1.000000000000000000 ) ) ;
#3118 = ORIENTED_EDGE ( 'NONE', *, *, #837, .T. ) ;
#3119 = CARTESIAN_POINT ( 'NONE',  ( -18.38758964977778732, -16.93802074834556848, 47.50000000000000000 ) ) ;
#3120 = CARTESIAN_POINT ( 'NONE',  ( -17.48645794738410331, 17.86726053904542866, 48.49796842212560932 ) ) ;
#3121 = CIRCLE ( 'NONE', #1275, 1.499999999999999556 ) ;
#3122 = CARTESIAN_POINT ( 'NONE',  ( 20.55631959837603162, 8.514706370123480639, 57.38411786549675497 ) ) ;
#3123 = DIRECTION ( 'NONE',  ( -0.000000000000000000, -0.000000000000000000, -1.000000000000000000 ) ) ;
#3124 = VERTEX_POINT ( 'NONE', #2889 ) ;
#3125 = DIRECTION ( 'NONE',  ( 0.000000000000000000, 0.000000000000000000, 1.000000000000000000 ) ) ;
#3126 = EDGE_CURVE ( 'NONE', #1401, #5257, #4537, .T. ) ;
#3127 = PRESENTATION_STYLE_ASSIGNMENT (( #5211 ) ) ;
#3128 = AXIS2_PLACEMENT_3D ( 'NONE', #4968, #1388, #2997 ) ;
#3129 = DIRECTION ( 'NONE',  ( 0.000000000000000000, 0.000000000000000000, -1.000000000000000000 ) ) ;
#3130 = ORIENTED_EDGE ( 'NONE', *, *, #416, .F. ) ;
#3131 = FILL_AREA_STYLE_COLOUR ( '', #3337 ) ;
#3132 = DIRECTION ( 'NONE',  ( 0.000000000000000000, 0.000000000000000000, 1.000000000000000000 ) ) ;
#3133 = DIRECTION ( 'NONE',  ( -0.7071067811865474617, -0.7071067811865474617, 0.000000000000000000 ) ) ;
#3134 = CYLINDRICAL_SURFACE ( 'NONE', #2146, 4.000000000000000000 ) ;
#3135 = DIRECTION ( 'NONE',  ( 0.5150380749206701081, 1.049727191130807001E-16, 0.8571673006957336582 ) ) ;
#3136 = CARTESIAN_POINT ( 'NONE',  ( 18.38758964977802535, -16.93802074834530913, 59.00000000000001421 ) ) ;
#3137 = LINE ( 'NONE', #1046, #3263 ) ;
#3138 = ADVANCED_FACE ( 'NONE', ( #3251 ), #4137, .F. ) ;
#3139 = VERTEX_POINT ( 'NONE', #1775 ) ;
#3140 = DIRECTION ( 'NONE',  ( 1.000000000000000000, 0.000000000000000000, 0.000000000000000000 ) ) ;
#3141 = ORIENTED_EDGE ( 'NONE', *, *, #2619, .F. ) ;
#3142 = CARTESIAN_POINT ( 'NONE',  ( -18.03891749477566364, -17.30932310439778732, 48.39570770412691303 ) ) ;
#3143 = CYLINDRICAL_SURFACE ( 'NONE', #5244, 1.024999999999994582 ) ;
#3144 = EDGE_CURVE ( 'NONE', #2982, #1213, #3622, .T. ) ;
#3145 = EDGE_CURVE ( 'NONE', #1916, #388, #1353, .T. ) ;
#3146 = CARTESIAN_POINT ( 'NONE',  ( -17.58263722810952245, -17.77269653572429675, 46.47509132878710147 ) ) ;
#3147 = PRESENTATION_LAYER_ASSIGNMENT (  '', '', ( #2472 ) ) ;
#3148 = DIRECTION ( 'NONE',  ( 1.000000000000000000, 0.000000000000000000, 0.000000000000000000 ) ) ;
#3149 = CARTESIAN_POINT ( 'NONE',  ( 17.22777569394656538, -18.11664750845991279, 58.17909735654357917 ) ) ;
#3150 = ORIENTED_EDGE ( 'NONE', *, *, #5041, .F. ) ;
#3151 = FACE_OUTER_BOUND ( 'NONE', #2093, .T. ) ;
#3152 = DIRECTION ( 'NONE',  ( 0.000000000000000000, 0.000000000000000000, 1.000000000000000000 ) ) ;
#3153 = AXIS2_PLACEMENT_3D ( 'NONE', #3042, #4637, #3418 ) ;
#3154 = AXIS2_PLACEMENT_3D ( 'NONE', #5213, #3983, #2750 ) ;
#3155 = DIRECTION ( 'NONE',  ( 1.000000000000000000, 0.000000000000000000, -0.000000000000000000 ) ) ;
#3156 = ORIENTED_EDGE ( 'NONE', *, *, #4662, .T. ) ;
#3157 = ADVANCED_FACE ( 'NONE', ( #3417 ), #5175, .F. ) ;
#3158 = AXIS2_PLACEMENT_3D ( 'NONE', #2027, #3664, #4865 ) ;
#3159 =( NAMED_UNIT ( * ) PLANE_ANGLE_UNIT ( ) SI_UNIT ( $, .RADIAN. ) );
#3160 = FILL_AREA_STYLE ('',( #4373 ) ) ;
#3161 = COLOUR_RGB ( '',1.000000000000000000, 1.000000000000000000, 1.000000000000000000 ) ;
#3162 = CARTESIAN_POINT ( 'NONE',  ( -20.55631959837615241, 8.514706370123194645, 62.00000000000000000 ) ) ;
#3163 = LINE ( 'NONE', #2385, #2843 ) ;
#3164 = AXIS2_PLACEMENT_3D ( 'NONE', #2466, #3651, #2442 ) ;
#3165 = VECTOR ( 'NONE', #2382, 1000.000000000000000 ) ;
#3166 = DIRECTION ( 'NONE',  ( 0.000000000000000000, 0.000000000000000000, 1.000000000000000000 ) ) ;
#3167 = CARTESIAN_POINT ( 'NONE',  ( -24.97897493392416379, -1.025090853875770813, 47.36700453271552647 ) ) ;
#3168 = AXIS2_PLACEMENT_3D ( 'NONE', #1250, #4201, #3901 ) ;
#3169 = UNCERTAINTY_MEASURE_WITH_UNIT (LENGTH_MEASURE( 1.000000000000000082E-05 ), #2377, 'distance_accuracy_value', 'NONE');
#3170 = VECTOR ( 'NONE', #597, 1000.000000000000000 ) ;
#3171 = CARTESIAN_POINT ( 'NONE',  ( 0.000000000000000000, 0.000000000000000000, 61.50000000000000000 ) ) ;
#3172 = PRESENTATION_LAYER_ASSIGNMENT (  '', '', ( #2493 ) ) ;
#3173 = ORIENTED_EDGE ( 'NONE', *, *, #2346, .T. ) ;
#3174 = MECHANICAL_DESIGN_GEOMETRIC_PRESENTATION_REPRESENTATION (  '', ( #238 ), #3441 ) ;
#3175 = MECHANICAL_DESIGN_GEOMETRIC_PRESENTATION_REPRESENTATION (  '', ( #2680 ), #396 ) ;
#3176 = CARTESIAN_POINT ( 'NONE',  ( 0.000000000000000000, 20.64999999987549018, 59.00000000000001421 ) ) ;
#3177 = DIRECTION ( 'NONE',  ( 1.000000000000000000, 0.000000000000000000, 0.000000000000000000 ) ) ;
#3178 = CARTESIAN_POINT ( 'NONE',  ( -16.93802074834550098, 18.38758964977784416, 47.50000000000000000 ) ) ;
#3179 = MECHANICAL_DESIGN_GEOMETRIC_PRESENTATION_REPRESENTATION (  '', ( #3871 ), #4658 ) ;
#3180 = MECHANICAL_DESIGN_GEOMETRIC_PRESENTATION_REPRESENTATION (  '', ( #5093 ), #3268 ) ;
#3181 = MECHANICAL_DESIGN_GEOMETRIC_PRESENTATION_REPRESENTATION (  '', ( #2687 ), #4496 ) ;
#3182 = SURFACE_STYLE_FILL_AREA ( #1519 ) ;
#3183 = FACE_OUTER_BOUND ( 'NONE', #1358, .T. ) ;
#3184 = EDGE_CURVE ( 'NONE', #1695, #5225, #4752, .T. ) ;
#3185 = ORIENTED_EDGE ( 'NONE', *, *, #3310, .F. ) ;
#3186 = CARTESIAN_POINT ( 'NONE',  ( 24.99999999999999645, -0.2708708636535416270, 48.52499999999997016 ) ) ;
#3187 = VECTOR ( 'NONE', #2804, 999.9999999999998863 ) ;
#3188 = DIRECTION ( 'NONE',  ( 0.000000000000000000, 0.000000000000000000, 1.000000000000000000 ) ) ;
#3189 = VERTEX_POINT ( 'NONE', #2362 ) ;
#3190 = MECHANICAL_DESIGN_GEOMETRIC_PRESENTATION_REPRESENTATION (  '', ( #331 ), #595 ) ;
#3191 = CARTESIAN_POINT ( 'NONE',  ( 20.65000000000000924, 2.619866267101375513E-13, 48.52499999991761825 ) ) ;
#3192 = DIRECTION ( 'NONE',  ( -0.7071067811865457964, -0.7071067811865491270, 0.000000000000000000 ) ) ;
#3193 = CARTESIAN_POINT ( 'NONE',  ( -19.53131959837616094, 8.514706370123194645, 62.00000000000000000 ) ) ;
#3194 = LINE ( 'NONE', #2358, #2583 ) ;
#3195 = EDGE_CURVE ( 'NONE', #4133, #1263, #4327, .T. ) ;
#3196 = CARTESIAN_POINT ( 'NONE',  ( -17.58363015780501115, 17.77171416942607962, 46.47490914704155784 ) ) ;
#3197 = FILL_AREA_STYLE ('',( #3273 ) ) ;
#3198 = EDGE_CURVE ( 'NONE', #1901, #1715, #2402, .T. ) ;
#3199 = SURFACE_SIDE_STYLE ('',( #3932 ) ) ;
#3200 = CARTESIAN_POINT ( 'NONE',  ( 20.55631959837603162, 8.514706370123482415, 62.00000000000000000 ) ) ;
#3201 = ADVANCED_FACE ( 'NONE', ( #4329 ), #1964, .F. ) ;
#3202 = ORIENTED_EDGE ( 'NONE', *, *, #4101, .T. ) ;
#3203 = PRESENTATION_STYLE_ASSIGNMENT (( #4492 ) ) ;
#3204 = CARTESIAN_POINT ( 'NONE',  ( -14.16626059761220269, -14.16626059747024691, 47.50000000000000000 ) ) ;
#3205 = ORIENTED_EDGE ( 'NONE', *, *, #1325, .T. ) ;
#3206 = CARTESIAN_POINT ( 'NONE',  ( -17.48783110241193484, -17.86592197364780787, 48.49858864051687135 ) ) ;
#3207 = LINE ( 'NONE', #1905, #2237 ) ;
#3208 = PRESENTATION_STYLE_ASSIGNMENT (( #445 ) ) ;
#3209 = DIRECTION ( 'NONE',  ( 0.000000000000000000, 0.000000000000000000, -1.000000000000000000 ) ) ;
#3210 = ORIENTED_EDGE ( 'NONE', *, *, #4407, .F. ) ;
#3211 = VERTEX_POINT ( 'NONE', #301 ) ;
#3212 = CIRCLE ( 'NONE', #22, 1.024999999999991251 ) ;
#3213 = DIRECTION ( 'NONE',  ( -0.000000000000000000, -0.000000000000000000, 1.000000000000000000 ) ) ;
#3214 = EDGE_CURVE ( 'NONE', #88, #4872, #3963, .T. ) ;
#3215 = FILL_AREA_STYLE ('',( #5240 ) ) ;
#3216 = ORIENTED_EDGE ( 'NONE', *, *, #3857, .F. ) ;
#3217 = SURFACE_SIDE_STYLE ('',( #4796 ) ) ;
#3218 = CYLINDRICAL_SURFACE ( 'NONE', #2633, 10.00000000000000000 ) ;
#3219 = DIRECTION ( 'NONE',  ( -0.000000000000000000, -0.000000000000000000, -1.000000000000000000 ) ) ;
#3220 = LINE ( 'NONE', #3727, #971 ) ;
#3221 =( NAMED_UNIT ( * ) PLANE_ANGLE_UNIT ( ) SI_UNIT ( $, .RADIAN. ) );
#3222 = LINE ( 'NONE', #4832, #2861 ) ;
#3223 = CIRCLE ( 'NONE', #1783, 1.024999999999991029 ) ;
#3224 = DIRECTION ( 'NONE',  ( 0.7071067811865389130, 0.7071067811865561215, 0.000000000000000000 ) ) ;
#3225 = CARTESIAN_POINT ( 'NONE',  ( 18.40245398038004154, -16.95288507894732533, 47.50000000000000000 ) ) ;
#3226 = CYLINDRICAL_SURFACE ( 'NONE', #989, 4.000000000000000000 ) ;
#3227 = VERTEX_POINT ( 'NONE', #2708 ) ;
#3228 = PRESENTATION_STYLE_ASSIGNMENT (( #2052 ) ) ;
#3229 = EDGE_LOOP ( 'NONE', ( #4581, #1386, #3761 ) ) ;
#3230 = CARTESIAN_POINT ( 'NONE',  ( 17.30932310439747823, 18.03891749477597628, 58.10429229587311539 ) ) ;
#3231 = EDGE_CURVE ( 'NONE', #753, #4744, #2733, .T. ) ;
#3232 = FACE_BOUND ( 'NONE', #785, .T. ) ;
#3233 = LINE ( 'NONE', #3258, #216 ) ;
#3234 = VERTEX_POINT ( 'NONE', #4376 ) ;
#3235 = CARTESIAN_POINT ( 'NONE',  ( -17.77171416942602278, -17.58363015780507865, 57.97490914704155784 ) ) ;
#3236 = CARTESIAN_POINT ( 'NONE',  ( 1.024908670285999079, -24.97898240973567852, 59.13439222667396677 ) ) ;
#3237 = CARTESIAN_POINT ( 'NONE',  ( 19.53131959837603659, 8.514706370123480639, 62.00000000000000000 ) ) ;
#3238 = ORIENTED_EDGE ( 'NONE', *, *, #3876, .F. ) ;
#3239 = CARTESIAN_POINT ( 'NONE',  ( 20.03411786557762753, 2.618611004132357716E-13, 58.99999999999749889 ) ) ;
#3240 = VECTOR ( 'NONE', #419, 1000.000000000000000 ) ;
#3241 = STYLED_ITEM ( 'NONE', ( #3012 ), #170 ) ;
#3242 = CARTESIAN_POINT ( 'NONE',  ( -16.93802074834550098, 18.38758964977784416, 47.22912938317902842 ) ) ;
#3243 = VECTOR ( 'NONE', #3848, 1000.000000000000000 ) ;
#3244 = AXIS2_PLACEMENT_3D ( 'NONE', #186, #4788, #3975 ) ;
#3245 = CARTESIAN_POINT ( 'NONE',  ( 14.16626059772608670, -14.16626059772584512, 47.50000000000000000 ) ) ;
#3246 = EDGE_CURVE ( 'NONE', #3259, #4215, #4082, .T. ) ;
#3247 =( LENGTH_UNIT ( ) NAMED_UNIT ( * ) SI_UNIT ( .MILLI., .METRE. ) );
#3248 = MECHANICAL_DESIGN_GEOMETRIC_PRESENTATION_REPRESENTATION (  '', ( #2572 ), #4725 ) ;
#3249 = AXIS2_PLACEMENT_3D ( 'NONE', #3981, #425, #4823 ) ;
#3250 = ORIENTED_EDGE ( 'NONE', *, *, #2543, .T. ) ;
#3251 = FACE_OUTER_BOUND ( 'NONE', #4602, .T. ) ;
#3252 = DIRECTION ( 'NONE',  ( 0.7071067811865389130, 0.7071067811865561215, 0.000000000000000000 ) ) ;
#3253 = FILL_AREA_STYLE ('',( #1331 ) ) ;
#3254 = MECHANICAL_DESIGN_GEOMETRIC_PRESENTATION_REPRESENTATION (  '', ( #3008 ), #2235 ) ;
#3255 = COLOUR_RGB ( '',1.000000000000000000, 1.000000000000000000, 1.000000000000000000 ) ;
#3256 = ADVANCED_FACE ( 'NONE', ( #2045, #1685 ), #1996, .T. ) ;
#3257 = DIRECTION ( 'NONE',  ( -0.7071067811865459074, -0.7071067811865492381, 5.983584065563804758E-16 ) ) ;
#3258 = CARTESIAN_POINT ( 'NONE',  ( -7.489706370123271562, -20.55631959837612399, 64.00000000000000000 ) ) ;
#3259 = VERTEX_POINT ( 'NONE', #897 ) ;
#3260 = PRESENTATION_LAYER_ASSIGNMENT (  '', '', ( #2590 ) ) ;
#3261 = CARTESIAN_POINT ( 'NONE',  ( 0.000000000000000000, -25.00000000000000000, 57.97500000000002984 ) ) ;
#3262 = AXIS2_PLACEMENT_3D ( 'NONE', #1637, #4125, #66 ) ;
#3263 = VECTOR ( 'NONE', #1836, 1000.000000000000000 ) ;
#3264 = VERTEX_POINT ( 'NONE', #4553 ) ;
#3265 =( LENGTH_UNIT ( ) NAMED_UNIT ( * ) SI_UNIT ( .MILLI., .METRE. ) );
#3266 =( NAMED_UNIT ( * ) SI_UNIT ( $, .STERADIAN. ) SOLID_ANGLE_UNIT ( ) );
#3267 = CARTESIAN_POINT ( 'NONE',  ( -24.99886811758394600, 0.2683313665700857720, 58.00166409125334610 ) ) ;
#3268 =( GEOMETRIC_REPRESENTATION_CONTEXT ( 3 ) GLOBAL_UNCERTAINTY_ASSIGNED_CONTEXT ( ( #228 ) ) GLOBAL_UNIT_ASSIGNED_CONTEXT ( ( #905, #2941, #3455 ) ) REPRESENTATION_CONTEXT ( 'NONE', 'WORKASPACE' ) );
#3269 = PRESENTATION_STYLE_ASSIGNMENT (( #3652 ) ) ;
#3270 = CARTESIAN_POINT ( 'NONE',  ( -0.9985886416618661166, 24.98010116619886389, 58.73264939198286072 ) ) ;
#3271 = STYLED_ITEM ( 'NONE', ( #4735 ), #3579 ) ;
#3272 = CARTESIAN_POINT ( 'NONE',  ( 1.255262969126026246E-16, -25.00000000000000000, 60.02500000000000568 ) ) ;
#3273 = FILL_AREA_STYLE_COLOUR ( '', #4144 ) ;
#3274 = UNCERTAINTY_MEASURE_WITH_UNIT (LENGTH_MEASURE( 1.000000000000000082E-05 ), #5275, 'distance_accuracy_value', 'NONE');
#3275 = FACE_OUTER_BOUND ( 'NONE', #1784, .T. ) ;
#3276 = CARTESIAN_POINT ( 'NONE',  ( 16.93802074834562887, -18.38758964977772692, 47.50000000000000000 ) ) ;
#3277 = ORIENTED_EDGE ( 'NONE', *, *, #5171, .T. ) ;
#3278 = EDGE_CURVE ( 'NONE', #4973, #5160, #4449, .T. ) ;
#3279 = SURFACE_STYLE_FILL_AREA ( #3716 ) ;
#3280 =( NAMED_UNIT ( * ) PLANE_ANGLE_UNIT ( ) SI_UNIT ( $, .RADIAN. ) );
#3281 = DIRECTION ( 'NONE',  ( 1.000000000000000000, 0.000000000000000000, 0.000000000000000000 ) ) ;
#3282 = CARTESIAN_POINT ( 'NONE',  ( 18.36953639576531927, 16.95767621547375015, 59.26833136223819309 ) ) ;
#3283 = VERTEX_POINT ( 'NONE', #3245 ) ;
#3284 = ADVANCED_FACE ( 'NONE', ( #3730 ), #4048, .F. ) ;
#3285 = DIRECTION ( 'NONE',  ( 0.7071067811865525687, -0.7071067811865423547, 0.000000000000000000 ) ) ;
#3286 = VERTEX_POINT ( 'NONE', #2 ) ;
#3287 = FILL_AREA_STYLE ('',( #76 ) ) ;
#3288 = CARTESIAN_POINT ( 'NONE',  ( 17.77269653572435715, -17.58263722810946206, 46.47509132878710147 ) ) ;
#3289 = ORIENTED_EDGE ( 'NONE', *, *, #1872, .T. ) ;
#3290 = CARTESIAN_POINT ( 'NONE',  ( 0.000000000000000000, 0.000000000000000000, 50.00000000000000711 ) ) ;
#3291 = FACE_BOUND ( 'NONE', #5128, .T. ) ;
#3292 = CARTESIAN_POINT ( 'NONE',  ( -24.97898240973567852, 1.024908670285914702, 58.86560777332609007 ) ) ;
#3293 = ADVANCED_FACE ( 'NONE', ( #87 ), #4999, .F. ) ;
#3294 = FACE_OUTER_BOUND ( 'NONE', #5011, .T. ) ;
#3295 = SURFACE_SIDE_STYLE ('',( #1708 ) ) ;
#3296 = CIRCLE ( 'NONE', #1359, 1.024999999999991251 ) ;
#3297 = FILL_AREA_STYLE ('',( #3001 ) ) ;
#3298 = FILL_AREA_STYLE ('',( #488 ) ) ;
#3299 = ORIENTED_EDGE ( 'NONE', *, *, #1253, .T. ) ;
#3300 = PRESENTATION_LAYER_ASSIGNMENT (  '', '', ( #1117 ) ) ;
#3301 = CARTESIAN_POINT ( 'NONE',  ( -25.00000000000000000, -8.728703347107833388E-14, 59.00000000000001421 ) ) ;
#3302 =( LENGTH_UNIT ( ) NAMED_UNIT ( * ) SI_UNIT ( .MILLI., .METRE. ) );
#3303 = CARTESIAN_POINT ( 'NONE',  ( -24.75000000000000355, 3.031000827889699650E-15, 61.50000000000000000 ) ) ;
#3304 = EDGE_LOOP ( 'NONE', ( #1237, #2662, #3056, #707 ) ) ;
#3305 =( GEOMETRIC_REPRESENTATION_CONTEXT ( 3 ) GLOBAL_UNCERTAINTY_ASSIGNED_CONTEXT ( ( #5062 ) ) GLOBAL_UNIT_ASSIGNED_CONTEXT ( ( #4270, #2950, #2980 ) ) REPRESENTATION_CONTEXT ( 'NONE', 'WORKASPACE' ) );
#3306 = CARTESIAN_POINT ( 'NONE',  ( 20.55631959837603162, 8.514706370123480639, 58.00000000000000000 ) ) ;
#3307 = PRESENTATION_STYLE_ASSIGNMENT (( #873 ) ) ;
#3308 = CARTESIAN_POINT ( 'NONE',  ( 24.75000000000000355, 0.000000000000000000, 61.50000000000000000 ) ) ;
#3309 = CYLINDRICAL_SURFACE ( 'NONE', #565, 1.024999999999988587 ) ;
#3310 = EDGE_CURVE ( 'NONE', #4351, #2167, #1219, .T. ) ;
#3311 = EDGE_LOOP ( 'NONE', ( #3150, #740, #1183 ) ) ;
#3312 =( NAMED_UNIT ( * ) PLANE_ANGLE_UNIT ( ) SI_UNIT ( $, .RADIAN. ) );
#3313 = EDGE_LOOP ( 'NONE', ( #4778, #3773, #3768, #16 ) ) ;
#3314 = CARTESIAN_POINT ( 'NONE',  ( -20.55631959837615597, 8.514706370123192869, 64.00000000000000000 ) ) ;
#3315 = EDGE_CURVE ( 'NONE', #3189, #4805, #3657, .T. ) ;
#3316 =( LENGTH_UNIT ( ) NAMED_UNIT ( * ) SI_UNIT ( .MILLI., .METRE. ) );
#3317 = ADVANCED_FACE ( 'NONE', ( #1664 ), #434, .F. ) ;
#3318 = DIRECTION ( 'NONE',  ( -1.000000000000000000, 0.000000000000000000, 0.000000000000000000 ) ) ;
#3319 = CARTESIAN_POINT ( 'NONE',  ( 16.93802074834562887, -18.38758964977772692, 47.50000000000000000 ) ) ;
#3320 = ORIENTED_EDGE ( 'NONE', *, *, #1206, .F. ) ;
#3321 = DIRECTION ( 'NONE',  ( 0.000000000000000000, 0.000000000000000000, 1.000000000000000000 ) ) ;
#3322 = DIRECTION ( 'NONE',  ( 0.000000000000000000, 0.000000000000000000, 1.000000000000000000 ) ) ;
#3323 = CARTESIAN_POINT ( 'NONE',  ( 19.05631959837621281, -8.514706370123048984, 62.00000000000000000 ) ) ;
#3324 = CARTESIAN_POINT ( 'NONE',  ( -0.1354353691713787999, -24.99999999999999645, 57.97500000000002274 ) ) ;
#3325 = SURFACE_STYLE_USAGE ( .BOTH. , #3295 ) ;
#3326 =( LENGTH_UNIT ( ) NAMED_UNIT ( * ) SI_UNIT ( .MILLI., .METRE. ) );
#3327 = EDGE_CURVE ( 'NONE', #218, #2167, #4053, .T. ) ;
#3328 = PRESENTATION_LAYER_ASSIGNMENT (  '', '', ( #3753 ) ) ;
#3329 = PRESENTATION_STYLE_ASSIGNMENT (( #2957 ) ) ;
#3330 = VERTEX_POINT ( 'NONE', #4628 ) ;
#3331 = VECTOR ( 'NONE', #5118, 1000.000000000000114 ) ;
#3332 = DIRECTION ( 'NONE',  ( 0.000000000000000000, 0.000000000000000000, -1.000000000000000000 ) ) ;
#3333 = CARTESIAN_POINT ( 'NONE',  ( 20.65000000004602043, 2.618611004132350143E-13, 59.00000000000001421 ) ) ;
#3334 = CIRCLE ( 'NONE', #3158, 1.499999999999999556 ) ;
#3335 = ORIENTED_EDGE ( 'NONE', *, *, #2754, .T. ) ;
#3336 = PRESENTATION_LAYER_ASSIGNMENT (  '', '', ( #649 ) ) ;
#3337 = COLOUR_RGB ( '',1.000000000000000000, 1.000000000000000000, 1.000000000000000000 ) ;
#3338 = CARTESIAN_POINT ( 'NONE',  ( -18.40245398037992786, 16.95288507894745678, 47.50000000000000000 ) ) ;
#3339 = CYLINDRICAL_SURFACE ( 'NONE', #1501, 1.024999999999991029 ) ;
#3340 = CARTESIAN_POINT ( 'NONE',  ( 16.93802074834524873, 18.38758964977808219, 47.50000000000000000 ) ) ;
#3341 = COLOUR_RGB ( '',1.000000000000000000, 1.000000000000000000, 1.000000000000000000 ) ;
#3342 = PRESENTATION_LAYER_ASSIGNMENT (  '', '', ( #304 ) ) ;
#3343 = AXIS2_PLACEMENT_3D ( 'NONE', #2195, #1804, #3432 ) ;
#3344 = ORIENTED_EDGE ( 'NONE', *, *, #3475, .F. ) ;
#3345 = CARTESIAN_POINT ( 'NONE',  ( 18.38758964977802535, -16.93802074834530913, 59.00000000000001421 ) ) ;
#3346 = MECHANICAL_DESIGN_GEOMETRIC_PRESENTATION_REPRESENTATION (  '', ( #3685 ), #4732 ) ;
#3347 = CONICAL_SURFACE ( 'NONE', #4821, 1.024999999999998135, 1.029744258676654756 ) ;
#3348 = FILL_AREA_STYLE_COLOUR ( '', #797 ) ;
#3349 = VERTEX_POINT ( 'NONE', #4197 ) ;
#3350 = DIRECTION ( 'NONE',  ( 1.000000000000000000, 0.000000000000000000, 0.000000000000000000 ) ) ;
#3351 = FILL_AREA_STYLE ('',( #2605 ) ) ;
#3352 = CIRCLE ( 'NONE', #3364, 22.50000000000000355 ) ;
#3353 = DIRECTION ( 'NONE',  ( -1.000000000000000000, -0.000000000000000000, -0.000000000000000000 ) ) ;
#3354 = AXIS2_PLACEMENT_3D ( 'NONE', #514, #2826, #862 ) ;
#3355 = COLOUR_RGB ( '',1.000000000000000000, 1.000000000000000000, 1.000000000000000000 ) ;
#3356 = ADVANCED_FACE ( 'NONE', ( #2526 ), #4232, .F. ) ;
#3357 = SURFACE_STYLE_FILL_AREA ( #1735 ) ;
#3358 = EDGE_LOOP ( 'NONE', ( #1335, #4466 ) ) ;
#3359 = CARTESIAN_POINT ( 'NONE',  ( -15.32653948220286111, 13.87697058078174450, 47.50000000000000000 ) ) ;
#3360 = CARTESIAN_POINT ( 'NONE',  ( 0.000000000000000000, -25.00000000000000000, 46.47500000000000853 ) ) ;
#3361 = DIRECTION ( 'NONE',  ( -0.7071067811865467956, -0.7071067811865483499, 0.000000000000000000 ) ) ;
#3362 = PRESENTATION_LAYER_ASSIGNMENT (  '', '', ( #2593 ) ) ;
#3363 = AXIS2_PLACEMENT_3D ( 'NONE', #3171, #4271, #3465 ) ;
#3364 = AXIS2_PLACEMENT_3D ( 'NONE', #1847, #3818, #2963 ) ;
#3365 = DIRECTION ( 'NONE',  ( 0.000000000000000000, 0.000000000000000000, -1.000000000000000000 ) ) ;
#3366 = EDGE_LOOP ( 'NONE', ( #3092, #1788, #46 ) ) ;
#3367 = LINE ( 'NONE', #2961, #55 ) ;
#3368 = FILL_AREA_STYLE ('',( #143 ) ) ;
#3369 = VERTEX_POINT ( 'NONE', #3411 ) ;
#3370 = B_SPLINE_CURVE_WITH_KNOTS ( 'NONE', 3,
 ( #4918, #4519, #506, #3692, #73, #936, #2538, #2132, #4185, #552, #3772, #1668, #2839, #826, #92, #4456 ),
 .UNSPECIFIED., .F., .F.,
 ( 4, 2, 2, 2, 2, 2, 2, 4 ),
 ( 0.000000000000000000, 0.0004005359259930523505, 0.0008010718519861047011, 0.001201607777979157160, 0.001602143703972209402, 0.002002679629965261644, 0.002403215555958314320, 0.003204287407944418804 ),
 .UNSPECIFIED. ) ;
#3371 = FILL_AREA_STYLE_COLOUR ( '', #2773 ) ;
#3372 = FACE_BOUND ( 'NONE', #2123, .T. ) ;
#3373 = EDGE_CURVE ( 'NONE', #63, #2698, #4580, .T. ) ;
#3374 = ORIENTED_EDGE ( 'NONE', *, *, #5210, .F. ) ;
#3375 = CARTESIAN_POINT ( 'NONE',  ( -0.5165658162314852309, -24.99497086695924963, 46.60454700487431978 ) ) ;
#3376 = ORIENTED_EDGE ( 'NONE', *, *, #191, .T. ) ;
#3377 = LINE ( 'NONE', #2415, #5074 ) ;
#3378 =( NAMED_UNIT ( * ) PLANE_ANGLE_UNIT ( ) SI_UNIT ( $, .RADIAN. ) );
#3379 = ORIENTED_EDGE ( 'NONE', *, *, #2692, .T. ) ;
#3380 = CARTESIAN_POINT ( 'NONE',  ( -17.86592197364774748, 17.48783110241199523, 59.99858864051689977 ) ) ;
#3381 = SURFACE_STYLE_USAGE ( .BOTH. , #1786 ) ;
#3382 = DIRECTION ( 'NONE',  ( -0.2419218955647996494, -0.9702957262846900743, 1.049727191115956324E-16 ) ) ;
#3383 = EDGE_CURVE ( 'NONE', #420, #2478, #2155, .T. ) ;
#3384 = ORIENTED_EDGE ( 'NONE', *, *, #1925, .F. ) ;
#3385 = CARTESIAN_POINT ( 'NONE',  ( 14.60175503150203546, 14.60175503150238896, 59.00000000000001421 ) ) ;
#3386 = CARTESIAN_POINT ( 'NONE',  ( 17.67766952966384508, -17.67766952966353600, 59.00000000000001421 ) ) ;
#3387 = VECTOR ( 'NONE', #20, 1000.000000000000000 ) ;
#3388 = CARTESIAN_POINT ( 'NONE',  ( 1.024908670285999079, -24.97898240973567852, 47.63439222667393835 ) ) ;
#3389 = ADVANCED_FACE ( 'NONE', ( #924 ), #1006, .F. ) ;
#3390 = ORIENTED_EDGE ( 'NONE', *, *, #4662, .F. ) ;
#3391 = AXIS2_PLACEMENT_3D ( 'NONE', #2446, #4087, #1196 ) ;
#3392 = CARTESIAN_POINT ( 'NONE',  ( 24.99886811758394956, -0.2683313665698563444, 58.00166409125335321 ) ) ;
#3393 = UNCERTAINTY_MEASURE_WITH_UNIT (LENGTH_MEASURE( 1.000000000000000082E-05 ), #1179, 'distance_accuracy_value', 'NONE');
#3394 = DIRECTION ( 'NONE',  ( -0.000000000000000000, -0.000000000000000000, 1.000000000000000000 ) ) ;
#3395 = AXIS2_PLACEMENT_3D ( 'NONE', #50, #27, #1627 ) ;
#3396 = EDGE_LOOP ( 'NONE', ( #4003, #2089, #1038, #3374 ) ) ;
#3397 = CARTESIAN_POINT ( 'NONE',  ( 18.31383994738937915, -17.01881181540873200, 59.53412252723373399 ) ) ;
#3398 = EDGE_CURVE ( 'NONE', #146, #685, #1582, .T. ) ;
#3399 = DIRECTION ( 'NONE',  ( -0.000000000000000000, -0.000000000000000000, -1.000000000000000000 ) ) ;
#3400 = ORIENTED_EDGE ( 'NONE', *, *, #829, .F. ) ;
#3401 = CIRCLE ( 'NONE', #2351, 4.000000000000000000 ) ;
#3402 = DIRECTION ( 'NONE',  ( 0.000000000000000000, -1.000000000000000000, 0.000000000000000000 ) ) ;
#3403 = SURFACE_STYLE_FILL_AREA ( #3351 ) ;
#3404 = CARTESIAN_POINT ( 'NONE',  ( 19.53131959837603659, 8.514706370123480639, 64.00000000000000000 ) ) ;
#3405 = CYLINDRICAL_SURFACE ( 'NONE', #3343, 1.024999999999991251 ) ;
#3406 = CARTESIAN_POINT ( 'NONE',  ( 0.5165658162314851198, 24.99497086695924253, 46.60454700487431978 ) ) ;
#3407 = CARTESIAN_POINT ( 'NONE',  ( -17.77171416942613646, 17.58363015780493654, 60.02509085295847768 ) ) ;
#3408 = LINE ( 'NONE', #2580, #811 ) ;
#3409 = ORIENTED_EDGE ( 'NONE', *, *, #1110, .F. ) ;
#3410 = FILL_AREA_STYLE ('',( #322 ) ) ;
#3411 = CARTESIAN_POINT ( 'NONE',  ( 22.50000000000000355, 0.000000000000000000, 45.48999999999999488 ) ) ;
#3412 = CARTESIAN_POINT ( 'NONE',  ( -24.98012564217998488, 0.9979684208313392979, 47.23073190871500771 ) ) ;
#3413 = SURFACE_STYLE_FILL_AREA ( #4234 ) ;
#3414 = ORIENTED_EDGE ( 'NONE', *, *, #4461, .F. ) ;
#3415 =( NAMED_UNIT ( * ) SI_UNIT ( $, .STERADIAN. ) SOLID_ANGLE_UNIT ( ) );
#3416 = COLOUR_RGB ( '',1.000000000000000000, 1.000000000000000000, 1.000000000000000000 ) ;
#3417 = FACE_OUTER_BOUND ( 'NONE', #5043, .T. ) ;
#3418 = DIRECTION ( 'NONE',  ( 1.000000000000000000, 0.000000000000000000, 0.000000000000000000 ) ) ;
#3419 = COLOUR_RGB ( '',1.000000000000000000, 1.000000000000000000, 1.000000000000000000 ) ;
#3420 = B_SPLINE_CURVE_WITH_KNOTS ( 'NONE', 3,
 ( #1154, #10, #4415, #2345, #1185, #3581, #3230, #4180, #3800, #906, #848, #2457, #2083, #2942, #524, #2481 ),
 .UNSPECIFIED., .F., .F.,
 ( 4, 2, 2, 2, 2, 2, 2, 4 ),
 ( 0.003204287391195128048, 0.003604823501101700120, 0.004005359611008272626, 0.004405895720914845132, 0.004806431830821416770, 0.005206967940727988409, 0.005607504050634561782, 0.006408576270447710263 ),
 .UNSPECIFIED. ) ;
#3421 = ORIENTED_EDGE ( 'NONE', *, *, #4021, .F. ) ;
#3422 =( GEOMETRIC_REPRESENTATION_CONTEXT ( 3 ) GLOBAL_UNCERTAINTY_ASSIGNED_CONTEXT ( ( #1997 ) ) GLOBAL_UNIT_ASSIGNED_CONTEXT ( ( #3763, #4237, #651 ) ) REPRESENTATION_CONTEXT ( 'NONE', 'WORKASPACE' ) );
#3423 = DIRECTION ( 'NONE',  ( 0.000000000000000000, 0.000000000000000000, 1.000000000000000000 ) ) ;
#3424 = ORIENTED_EDGE ( 'NONE', *, *, #4127, .F. ) ;
#3425 = CONICAL_SURFACE ( 'NONE', #1230, 1.024999999944174789, 1.029744258664269552 ) ;
#3426 = CIRCLE ( 'NONE', #973, 1.024999999999998135 ) ;
#3427 = CARTESIAN_POINT ( 'NONE',  ( 4.000000000000000000, 0.000000000000000000, 0.000000000000000000 ) ) ;
#3428 = LINE ( 'NONE', #2138, #659 ) ;
#3429 = EDGE_CURVE ( 'NONE', #4872, #3969, #219, .T. ) ;
#3430 = CIRCLE ( 'NONE', #4474, 1.024999999999991251 ) ;
#3431 = AXIS2_PLACEMENT_3D ( 'NONE', #3900, #4425, #4320 ) ;
#3432 = DIRECTION ( 'NONE',  ( 0.000000000000000000, 0.000000000000000000, -1.000000000000000000 ) ) ;
#3433 = ADVANCED_FACE ( 'NONE', ( #2203 ), #5005, .F. ) ;
#3434 = VERTEX_POINT ( 'NONE', #3272 ) ;
#3435 = DIRECTION ( 'NONE',  ( 0.000000000000000000, 0.000000000000000000, 1.000000000000000000 ) ) ;
#3436 = B_SPLINE_CURVE_WITH_KNOTS ( 'NONE', 3,
 ( #2882, #54, #4977, #2930, #1657, #2468, #4578, #3729, #923, #430, #3270, #2014, #30, #4528, #1292, #110 ),
 .UNSPECIFIED., .F., .F.,
 ( 4, 2, 2, 2, 2, 2, 2, 4 ),
 ( 0.003204287407944430514, 0.003604823519234627138, 0.004005359630524823328, 0.004405895741815019952, 0.004806431853105216576, 0.005206967964395413200, 0.005607504075685609823, 0.006408576298266003071 ),
 .UNSPECIFIED. ) ;
#3437 = MECHANICAL_DESIGN_GEOMETRIC_PRESENTATION_REPRESENTATION (  '', ( #649 ), #2387 ) ;
#3438 = CARTESIAN_POINT ( 'NONE',  ( 25.00000000000000000, 2.127305895803872904E-13, 57.97500000000002984 ) ) ;
#3439 = EDGE_CURVE ( 'NONE', #1937, #3139, #1091, .T. ) ;
#3440 = DIRECTION ( 'NONE',  ( 0.000000000000000000, 0.000000000000000000, 1.000000000000000000 ) ) ;
#3441 =( GEOMETRIC_REPRESENTATION_CONTEXT ( 3 ) GLOBAL_UNCERTAINTY_ASSIGNED_CONTEXT ( ( #2648 ) ) GLOBAL_UNIT_ASSIGNED_CONTEXT ( ( #5163, #2304, #2652 ) ) REPRESENTATION_CONTEXT ( 'NONE', 'WORKASPACE' ) );
#3442 = CARTESIAN_POINT ( 'NONE',  ( 20.55631959837621281, -8.514706370123050760, 57.38411786549675497 ) ) ;
#3443 = ORIENTED_EDGE ( 'NONE', *, *, #1136, .T. ) ;
#3444 = CARTESIAN_POINT ( 'NONE',  ( -8.514706370123267476, 20.55631959837612399, 62.00000000000000000 ) ) ;
#3445 = SURFACE_STYLE_FILL_AREA ( #4253 ) ;
#3446 = AXIS2_PLACEMENT_3D ( 'NONE', #5181, #3117, #3140 ) ;
#3447 = UNCERTAINTY_MEASURE_WITH_UNIT (LENGTH_MEASURE( 1.000000000000000082E-05 ), #163, 'distance_accuracy_value', 'NONE');
#3448 = CARTESIAN_POINT ( 'NONE',  ( -24.97897493392417090, 1.025090853875592956, 47.63299546728450196 ) ) ;
#3449 = CIRCLE ( 'NONE', #495, 10.00000000000000000 ) ;
#3450 = CARTESIAN_POINT ( 'NONE',  ( 0.2683313665701032580, -24.99886811758394600, 48.49833590874668943 ) ) ;
#3451 = ORIENTED_EDGE ( 'NONE', *, *, #3327, .T. ) ;
#3452 =( GEOMETRIC_REPRESENTATION_CONTEXT ( 3 ) GLOBAL_UNCERTAINTY_ASSIGNED_CONTEXT ( ( #4208 ) ) GLOBAL_UNIT_ASSIGNED_CONTEXT ( ( #4960, #3686, #1617 ) ) REPRESENTATION_CONTEXT ( 'NONE', 'WORKASPACE' ) );
#3453 = STYLED_ITEM ( 'NONE', ( #3603 ), #2314 ) ;
#3454 = DIRECTION ( 'NONE',  ( -0.7071067811865567876, 0.7071067811865381358, 0.000000000000000000 ) ) ;
#3455 =( NAMED_UNIT ( * ) SI_UNIT ( $, .STERADIAN. ) SOLID_ANGLE_UNIT ( ) );
#3456 = FILL_AREA_STYLE ('',( #981 ) ) ;
#3457 = DIRECTION ( 'NONE',  ( 0.000000000000000000, 0.000000000000000000, 1.000000000000000000 ) ) ;
#3458 = VECTOR ( 'NONE', #2834, 1000.000000000000227 ) ;
#3459 = EDGE_CURVE ( 'NONE', #511, #2252, #460, .T. ) ;
#3460 = ORIENTED_EDGE ( 'NONE', *, *, #1325, .F. ) ;
#3461 = CIRCLE ( 'NONE', #827, 22.50000000000000355 ) ;
#3462 = FACE_OUTER_BOUND ( 'NONE', #2284, .T. ) ;
#3463 = DIRECTION ( 'NONE',  ( -4.625929269271486900E-15, 1.000000000000000000, 0.000000000000000000 ) ) ;
#3464 = CARTESIAN_POINT ( 'NONE',  ( 0.000000000000000000, 0.000000000000000000, 61.50000000000000000 ) ) ;
#3465 = DIRECTION ( 'NONE',  ( 1.000000000000000000, 0.000000000000000000, 0.000000000000000000 ) ) ;
#3466 = EDGE_CURVE ( 'NONE', #5160, #3227, #4840, .T. ) ;
#3467 = FILL_AREA_STYLE_COLOUR ( '', #2694 ) ;
#3468 = CARTESIAN_POINT ( 'NONE',  ( 0.8960261247664075279, 24.98399028843315861, 48.01555097381281456 ) ) ;
#3469 = LINE ( 'NONE', #2663, #4691 ) ;
#3470 = VERTEX_POINT ( 'NONE', #3655 ) ;
#3471 = CARTESIAN_POINT ( 'NONE',  ( 0.000000000000000000, 20.64999999993233359, 47.50000000000000000 ) ) ;
#3472 = DIRECTION ( 'NONE',  ( -0.7071067811865487940, 0.7071067811865463515, 0.000000000000000000 ) ) ;
#3473 = LINE ( 'NONE', #1004, #4024 ) ;
#3474 = ORIENTED_EDGE ( 'NONE', *, *, #548, .F. ) ;
#3475 = EDGE_CURVE ( 'NONE', #308, #1937, #372, .T. ) ;
#3476 = SURFACE_STYLE_USAGE ( .BOTH. , #3839 ) ;
#3477 =( LENGTH_UNIT ( ) NAMED_UNIT ( * ) SI_UNIT ( .MILLI., .METRE. ) );
#3478 = CARTESIAN_POINT ( 'NONE',  ( -24.99502542996518883, 0.5341225688663897575, 48.41572315336030385 ) ) ;
#3479 = CYLINDRICAL_SURFACE ( 'NONE', #394, 1.024999999999994582 ) ;
#3480 = EDGE_LOOP ( 'NONE', ( #1624, #1305, #1570, #411 ) ) ;
#3481 = CARTESIAN_POINT ( 'NONE',  ( 24.97898240973568207, -1.024908670285723078, 58.86560777332598349 ) ) ;
#3482 = EDGE_LOOP ( 'NONE', ( #2905, #3720 ) ) ;
#3483 = ORIENTED_EDGE ( 'NONE', *, *, #2774, .F. ) ;
#3484 = DIRECTION ( 'NONE',  ( 0.000000000000000000, 0.000000000000000000, 1.000000000000000000 ) ) ;
#3485 = DIRECTION ( 'NONE',  ( 0.7071067811865406894, 0.7071067811865542341, 0.000000000000000000 ) ) ;
#3486 = EDGE_CURVE ( 'NONE', #2876, #276, #2884, .T. ) ;
#3487 = EDGE_CURVE ( 'NONE', #2270, #4241, #2421, .T. ) ;
#3488 = DIRECTION ( 'NONE',  ( 1.000000000000000000, 0.000000000000000000, 0.000000000000000000 ) ) ;
#3489 = ORIENTED_EDGE ( 'NONE', *, *, #1182, .T. ) ;
#3490 = CARTESIAN_POINT ( 'NONE',  ( 25.00000000000000000, 3.061616997868383043E-15, 64.00000000000000000 ) ) ;
#3491 = CARTESIAN_POINT ( 'NONE',  ( -21.58131959837609060, -8.514706370123338530, 62.00000000000000000 ) ) ;
#3492 = ORIENTED_EDGE ( 'NONE', *, *, #5009, .T. ) ;
#3493 = CARTESIAN_POINT ( 'NONE',  ( 13.87697058081042556, -15.32653948208893091, 47.50000000000000000 ) ) ;
#3494 = DIRECTION ( 'NONE',  ( -0.7071067811865560104, 0.7071067811865391350, 0.000000000000000000 ) ) ;
#3495 = DIRECTION ( 'NONE',  ( -0.000000000000000000, -0.000000000000000000, 1.000000000000000000 ) ) ;
#3496 = EDGE_CURVE ( 'NONE', #1327, #3259, #4484, .T. ) ;
#3497 = EDGE_LOOP ( 'NONE', ( #1096, #199, #19 ) ) ;
#3498 =( NAMED_UNIT ( * ) SI_UNIT ( $, .STERADIAN. ) SOLID_ANGLE_UNIT ( ) );
#3499 = UNCERTAINTY_MEASURE_WITH_UNIT (LENGTH_MEASURE( 1.000000000000000082E-05 ), #4690, 'distance_accuracy_value', 'NONE');
#3500 =( NAMED_UNIT ( * ) SI_UNIT ( $, .STERADIAN. ) SOLID_ANGLE_UNIT ( ) );
#3501 = VERTEX_POINT ( 'NONE', #2449 ) ;
#3502 = FILL_AREA_STYLE ('',( #1875 ) ) ;
#3503 = ORIENTED_EDGE ( 'NONE', *, *, #3795, .F. ) ;
#3504 = DIRECTION ( 'NONE',  ( -0.000000000000000000, -1.000000000000000000, -0.000000000000000000 ) ) ;
#3505 = VECTOR ( 'NONE', #4152, 1000.000000000000000 ) ;
#3506 = FACE_BOUND ( 'NONE', #1979, .T. ) ;
#3507 =( GEOMETRIC_REPRESENTATION_CONTEXT ( 3 ) GLOBAL_UNCERTAINTY_ASSIGNED_CONTEXT ( ( #435 ) ) GLOBAL_UNIT_ASSIGNED_CONTEXT ( ( #1138, #5215, #788 ) ) REPRESENTATION_CONTEXT ( 'NONE', 'WORKASPACE' ) );
#3508 = CIRCLE ( 'NONE', #566, 25.00000000000000000 ) ;
#3509 = FACE_OUTER_BOUND ( 'NONE', #161, .T. ) ;
#3510 = LINE ( 'NONE', #2770, #2287 ) ;
#3511 = EDGE_LOOP ( 'NONE', ( #2242, #3738 ) ) ;
#3512 = CARTESIAN_POINT ( 'NONE',  ( -10.01470637012312004, -20.55631959837618439, 62.00000000000000000 ) ) ;
#3513 = PRESENTATION_LAYER_ASSIGNMENT (  '', '', ( #567 ) ) ;
#3514 = LINE ( 'NONE', #4313, #1868 ) ;
#3515 = MECHANICAL_DESIGN_GEOMETRIC_PRESENTATION_REPRESENTATION (  '', ( #1967 ), #5232 ) ;
#3516 = STYLED_ITEM ( 'NONE', ( #664 ), #517 ) ;
#3517 = EDGE_CURVE ( 'NONE', #88, #3838, #433, .T. ) ;
#3518 = CARTESIAN_POINT ( 'NONE',  ( -18.38758964977790811, 16.93802074834543347, 59.00000000000001421 ) ) ;
#3519 = AXIS2_PLACEMENT_3D ( 'NONE', #1748, #1453, #2589 ) ;
#3520 = ORIENTED_EDGE ( 'NONE', *, *, #1110, .T. ) ;
#3521 = DIRECTION ( 'NONE',  ( 0.000000000000000000, -0.000000000000000000, 1.000000000000000000 ) ) ;
#3522 = AXIS2_PLACEMENT_3D ( 'NONE', #652, #4677, #5106 ) ;
#3523 = DIRECTION ( 'NONE',  ( 0.7071067811865389130, 0.7071067811865561215, 0.000000000000000000 ) ) ;
#3524 = SURFACE_STYLE_USAGE ( .BOTH. , #3574 ) ;
#3525 = CONICAL_SURFACE ( 'NONE', #1319, 1.025000000152535229, 1.029744258418978209 ) ;
#3526 = COLOUR_RGB ( '',1.000000000000000000, 1.000000000000000000, 1.000000000000000000 ) ;
#3527 = VECTOR ( 'NONE', #3504, 1000.000000000000000 ) ;
#3528 = EDGE_LOOP ( 'NONE', ( #4912, #115, #632, #3041 ) ) ;
#3529 = AXIS2_PLACEMENT_3D ( 'NONE', #3980, #341, #3152 ) ;
#3530 = COLOUR_RGB ( '',1.000000000000000000, 1.000000000000000000, 1.000000000000000000 ) ;
#3531 = DIRECTION ( 'NONE',  ( 0.000000000000000000, -1.000000000000000000, 0.000000000000000000 ) ) ;
#3532 = VECTOR ( 'NONE', #3399, 1000.000000000000000 ) ;
#3533 = STYLED_ITEM ( 'NONE', ( #2453 ), #2476 ) ;
#3534 = ORIENTED_EDGE ( 'NONE', *, *, #1097, .T. ) ;
#3535 = EDGE_CURVE ( 'NONE', #494, #1911, #4357, .T. ) ;
#3536 = DIRECTION ( 'NONE',  ( -0.000000000000000000, -0.000000000000000000, -1.000000000000000000 ) ) ;
#3537 = ORIENTED_EDGE ( 'NONE', *, *, #3278, .F. ) ;
#3538 = EDGE_CURVE ( 'NONE', #4973, #3369, #3461, .T. ) ;
#3539 = DIRECTION ( 'NONE',  ( 1.000000000000000000, 0.000000000000000000, 0.000000000000000000 ) ) ;
#3540 = CARTESIAN_POINT ( 'NONE',  ( -16.93802074834537308, -18.38758964977796850, 47.50000000000000000 ) ) ;
#3541 =( GEOMETRIC_REPRESENTATION_CONTEXT ( 3 ) GLOBAL_UNCERTAINTY_ASSIGNED_CONTEXT ( ( #1059 ) ) GLOBAL_UNIT_ASSIGNED_CONTEXT ( ( #5111, #3809, #4244 ) ) REPRESENTATION_CONTEXT ( 'NONE', 'WORKASPACE' ) );
#3542 = DIRECTION ( 'NONE',  ( 0.000000000000000000, -1.000000000000000000, 0.000000000000000000 ) ) ;
#3543 =( NAMED_UNIT ( * ) PLANE_ANGLE_UNIT ( ) SI_UNIT ( $, .RADIAN. ) );
#3544 = DIRECTION ( 'NONE',  ( 1.000000000000000000, 0.000000000000000000, 0.000000000000000000 ) ) ;
#3545 = EDGE_LOOP ( 'NONE', ( #4413, #2818 ) ) ;
#3546 = AXIS2_PLACEMENT_3D ( 'NONE', #3099, #3542, #3209 ) ;
#3547 = CARTESIAN_POINT ( 'NONE',  ( 19.53131959837621778, -8.514706370123050760, 64.00000000000000000 ) ) ;
#3548 = CARTESIAN_POINT ( 'NONE',  ( 24.98399028843314085, 0.8960261247666695406, 46.98444902618719254 ) ) ;
#3549 = VERTEX_POINT ( 'NONE', #4114 ) ;
#3550 = SURFACE_STYLE_FILL_AREA ( #4626 ) ;
#3551 = ADVANCED_FACE ( 'NONE', ( #1218 ), #487, .F. ) ;
#3552 = SURFACE_SIDE_STYLE ('',( #694 ) ) ;
#3553 = EDGE_CURVE ( 'NONE', #2350, #4378, #1504, .T. ) ;
#3554 = UNCERTAINTY_MEASURE_WITH_UNIT (LENGTH_MEASURE( 1.000000000000000082E-05 ), #3265, 'distance_accuracy_value', 'NONE');
#3555 = PRESENTATION_STYLE_ASSIGNMENT (( #770 ) ) ;
#3556 = CARTESIAN_POINT ( 'NONE',  ( 0.000000000000000000, -20.65000000000000924, 46.47500000008238175 ) ) ;
#3557 = ORIENTED_EDGE ( 'NONE', *, *, #1174, .F. ) ;
#3558 = FILL_AREA_STYLE ('',( #2322 ) ) ;
#3559 = ORIENTED_EDGE ( 'NONE', *, *, #4264, .F. ) ;
#3560 = DIRECTION ( 'NONE',  ( -0.000000000000000000, -0.000000000000000000, 1.000000000000000000 ) ) ;
#3561 = CARTESIAN_POINT ( 'NONE',  ( 20.55631959837603162, 8.514706370123480639, 64.00000000000000000 ) ) ;
#3562 = EDGE_CURVE ( 'NONE', #4241, #596, #3222, .T. ) ;
#3563 = FACE_BOUND ( 'NONE', #2050, .T. ) ;
#3564 =( NAMED_UNIT ( * ) SI_UNIT ( $, .STERADIAN. ) SOLID_ANGLE_UNIT ( ) );
#3565 = FACE_OUTER_BOUND ( 'NONE', #2809, .T. ) ;
#3566 = AXIS2_PLACEMENT_3D ( 'NONE', #1462, #681, #1493 ) ;
#3567 = CARTESIAN_POINT ( 'NONE',  ( 18.38758964977802535, -16.93802074834530913, 58.86456462869394812 ) ) ;
#3568 = ORIENTED_EDGE ( 'NONE', *, *, #3116, .T. ) ;
#3569 = DIRECTION ( 'NONE',  ( 1.000000000000000000, 0.000000000000000000, 0.000000000000000000 ) ) ;
#3570 = SURFACE_SIDE_STYLE ('',( #1470 ) ) ;
#3571 = CARTESIAN_POINT ( 'NONE',  ( -9.539706370123260726, 20.55631959837612399, 62.00000000000000000 ) ) ;
#3572 = ORIENTED_EDGE ( 'NONE', *, *, #123, .F. ) ;
#3573 = FILL_AREA_STYLE ('',( #2356 ) ) ;
#3574 = SURFACE_SIDE_STYLE ('',( #1172 ) ) ;
#3575 = DIRECTION ( 'NONE',  ( -0.2419218953496577451, 0.9702957263383309439, 1.232709447527036599E-15 ) ) ;
#3576 = CARTESIAN_POINT ( 'NONE',  ( -24.99223329972245367, -0.6302543902972977952, 48.31931789515658693 ) ) ;
#3577 = CYLINDRICAL_SURFACE ( 'NONE', #2161, 25.00000000000000000 ) ;
#3578 = ORIENTED_EDGE ( 'NONE', *, *, #4966, .T. ) ;
#3579 = ADVANCED_FACE ( 'NONE', ( #768 ), #208, .F. ) ;
#3580 = EDGE_LOOP ( 'NONE', ( #4388, #646, #2759, #3572 ) ) ;
#3581 = CARTESIAN_POINT ( 'NONE',  ( 17.22654172550761942, 18.11781462323833836, 58.18065958253605885 ) ) ;
#3582 =( NAMED_UNIT ( * ) PLANE_ANGLE_UNIT ( ) SI_UNIT ( $, .RADIAN. ) );
#3583 = DIRECTION ( 'NONE',  ( 1.000000000000000000, 0.000000000000000000, 0.000000000000000000 ) ) ;
#3584 = CARTESIAN_POINT ( 'NONE',  ( -20.55631959837615241, 8.514706370123194645, 58.00000000000000000 ) ) ;
#3585 =( GEOMETRIC_REPRESENTATION_CONTEXT ( 3 ) GLOBAL_UNCERTAINTY_ASSIGNED_CONTEXT ( ( #3113 ) ) GLOBAL_UNIT_ASSIGNED_CONTEXT ( ( #2278, #3543, #705 ) ) REPRESENTATION_CONTEXT ( 'NONE', 'WORKASPACE' ) );
#3586 = VERTEX_POINT ( 'NONE', #2695 ) ;
#3587 = EDGE_CURVE ( 'NONE', #2290, #3586, #962, .T. ) ;
#3588 = CARTESIAN_POINT ( 'NONE',  ( 24.99497086695925674, -0.5165658162312218860, 46.60454700487432689 ) ) ;
#3589 = AXIS2_PLACEMENT_3D ( 'NONE', #2510, #2104, #2870 ) ;
#3590 = ORIENTED_EDGE ( 'NONE', *, *, #5009, .F. ) ;
#3592 = AXIS2_PLACEMENT_3D ( 'NONE', #3914, #4384, #3939 ) ;
#3591 = DIRECTION ( 'NONE',  ( 1.000000000000000000, 0.000000000000000000, 0.000000000000000000 ) ) ;
#3593 = FILL_AREA_STYLE ('',( #4004 ) ) ;
#3594 = ADVANCED_FACE ( 'NONE', ( #1444 ), #5050, .F. ) ;
#3595 =( GEOMETRIC_REPRESENTATION_CONTEXT ( 3 ) GLOBAL_UNCERTAINTY_ASSIGNED_CONTEXT ( ( #4330 ) ) GLOBAL_UNIT_ASSIGNED_CONTEXT ( ( #4672, #4332, #173 ) ) REPRESENTATION_CONTEXT ( 'NONE', 'WORKASPACE' ) );
#3596 = SURFACE_STYLE_USAGE ( .BOTH. , #3984 ) ;
#3597 = DIRECTION ( 'NONE',  ( 1.000000000000000000, 0.000000000000000000, 0.000000000000000000 ) ) ;
#3598 = CARTESIAN_POINT ( 'NONE',  ( -18.38758964977790811, 16.93802074834543703, 47.50000000000000000 ) ) ;
#3599 = DIRECTION ( 'NONE',  ( 0.5150380751893181008, 1.049727190933124621E-16, 0.8571673005343136698 ) ) ;
#3600 = UNCERTAINTY_MEASURE_WITH_UNIT (LENGTH_MEASURE( 1.000000000000000082E-05 ), #1939, 'distance_accuracy_value', 'NONE');
#3601 =( NAMED_UNIT ( * ) SI_UNIT ( $, .STERADIAN. ) SOLID_ANGLE_UNIT ( ) );
#3602 =( GEOMETRIC_REPRESENTATION_CONTEXT ( 3 ) GLOBAL_UNCERTAINTY_ASSIGNED_CONTEXT ( ( #5219 ) ) GLOBAL_UNIT_ASSIGNED_CONTEXT ( ( #562, #1427, #540 ) ) REPRESENTATION_CONTEXT ( 'NONE', 'WORKASPACE' ) );
#3603 = PRESENTATION_STYLE_ASSIGNMENT (( #4836 ) ) ;
#3604 = ORIENTED_EDGE ( 'NONE', *, *, #4939, .F. ) ;
#3605 = PRESENTATION_LAYER_ASSIGNMENT (  '', '', ( #4649 ) ) ;
#3606 = CARTESIAN_POINT ( 'NONE',  ( 20.65000000000000924, 2.618611004132350143E-13, 46.47500000008238175 ) ) ;
#3607 =( NAMED_UNIT ( * ) SI_UNIT ( $, .STERADIAN. ) SOLID_ANGLE_UNIT ( ) );
#3608 = DIRECTION ( 'NONE',  ( 0.000000000000000000, 0.000000000000000000, 1.000000000000000000 ) ) ;
#3609 = DIRECTION ( 'NONE',  ( 0.000000000000000000, 1.000000000000000000, 0.000000000000000000 ) ) ;
#3610 = MECHANICAL_DESIGN_GEOMETRIC_PRESENTATION_REPRESENTATION (  '', ( #586 ), #3452 ) ;
#3611 = ADVANCED_FACE ( 'NONE', ( #1684 ), #3889, .F. ) ;
#3612 = AXIS2_PLACEMENT_3D ( 'NONE', #239, #4040, #2390 ) ;
#3613 = CARTESIAN_POINT ( 'NONE',  ( -20.55631959837609202, -8.514706370123338530, 62.00000000000000000 ) ) ;
#3614 = COLOUR_RGB ( '',1.000000000000000000, 1.000000000000000000, 1.000000000000000000 ) ;
#3615 = CIRCLE ( 'NONE', #4123, 1.024999999999991251 ) ;
#3616 = ORIENTED_EDGE ( 'NONE', *, *, #3587, .T. ) ;
#3617 = ORIENTED_EDGE ( 'NONE', *, *, #4410, .T. ) ;
#3618 = DIRECTION ( 'NONE',  ( -0.7071067811865412445, -0.7071067811865539010, 0.000000000000000000 ) ) ;
#3619 = EDGE_CURVE ( 'NONE', #4241, #2270, #4057, .T. ) ;
#3620 = CARTESIAN_POINT ( 'NONE',  ( 24.99886811758394600, 0.2683313665703608852, 48.49833590874668943 ) ) ;
#3621 = ORIENTED_EDGE ( 'NONE', *, *, #5123, .F. ) ;
#3622 = B_SPLINE_CURVE_WITH_KNOTS ( 'NONE', 3,
 ( #2558, #4206, #1380, #546, #1355, #3878, #2621, #4586, #3847, #4697, #172, #4261, #3822, #1795, #930, #2968 ),
 .UNSPECIFIED., .F., .F.,
 ( 4, 2, 2, 2, 2, 2, 2, 4 ),
 ( 0.003204287391195112002, 0.003604823501101681905, 0.004005359611008251809, 0.004405895720914822580, 0.004806431830821392484, 0.005206967940727962388, 0.005607504050634532292, 0.006408576270447678171 ),
 .UNSPECIFIED. ) ;
#3623 = FACE_OUTER_BOUND ( 'NONE', #612, .T. ) ;
#3624 = COLOUR_RGB ( '',1.000000000000000000, 1.000000000000000000, 1.000000000000000000 ) ;
#3625 = DIRECTION ( 'NONE',  ( -0.7071067811865437980, -0.7071067811865512365, -0.000000000000000000 ) ) ;
#3626 = FACE_OUTER_BOUND ( 'NONE', #2634, .T. ) ;
#3627 = EDGE_CURVE ( 'NONE', #2615, #3834, #82, .T. ) ;
#3628 = CARTESIAN_POINT ( 'NONE',  ( 0.000000000000000000, 0.000000000000000000, 45.50000000000000000 ) ) ;
#3629 = CARTESIAN_POINT ( 'NONE',  ( -20.55631959837615597, 8.514706370123192869, 62.00000000000000000 ) ) ;
#3630 = DIRECTION ( 'NONE',  ( 0.9702957262958452622, 0.2419218955200585219, 0.000000000000000000 ) ) ;
#3631 =( NAMED_UNIT ( * ) SI_UNIT ( $, .STERADIAN. ) SOLID_ANGLE_UNIT ( ) );
#3632 = FACE_BOUND ( 'NONE', #306, .T. ) ;
#3633 = EDGE_LOOP ( 'NONE', ( #2153, #3604 ) ) ;
#3634 = CARTESIAN_POINT ( 'NONE',  ( 24.98670175466626375, 0.8209026825100902425, 58.37147276201321233 ) ) ;
#3635 = DIRECTION ( 'NONE',  ( -0.7071067811865412445, -0.7071067811865539010, 0.000000000000000000 ) ) ;
#3636 = DIRECTION ( 'NONE',  ( -0.9702957263697457035, 0.2419218952236597830, 4.131500811072200745E-16 ) ) ;
#3637 = CARTESIAN_POINT ( 'NONE',  ( -18.03867776399201261, 17.30957853796036261, 48.39602610772526248 ) ) ;
#3638 = CARTESIAN_POINT ( 'NONE',  ( -16.93802074834536953, -18.38758964977796850, 59.27087061682098579 ) ) ;
#3639 = DIRECTION ( 'NONE',  ( -0.000000000000000000, -0.000000000000000000, 1.000000000000000000 ) ) ;
#3640 = VERTEX_POINT ( 'NONE', #2347 ) ;
#3641 = CARTESIAN_POINT ( 'NONE',  ( -17.48645794738397541, -17.86726053904555656, 58.00203157787441910 ) ) ;
#3642 = VERTEX_POINT ( 'NONE', #3997 ) ;
#3643 = MECHANICAL_DESIGN_GEOMETRIC_PRESENTATION_REPRESENTATION (  '', ( #934 ), #2445 ) ;
#3644 = CARTESIAN_POINT ( 'NONE',  ( -20.03411786543551898, -8.728703347109962682E-14, 47.50000000024101610 ) ) ;
#3645 = CARTESIAN_POINT ( 'NONE',  ( 25.00000000000000000, 2.618611004132350143E-13, 46.47500000000000853 ) ) ;
#3646 = ADVANCED_FACE ( 'NONE', ( #361 ), #3801, .F. ) ;
#3647 = CARTESIAN_POINT ( 'NONE',  ( 24.98010116619886389, 0.9985886416621286843, 47.23264939198283230 ) ) ;
#3648 = ORIENTED_EDGE ( 'NONE', *, *, #1549, .T. ) ;
#3649 = PRESENTATION_STYLE_ASSIGNMENT (( #2380 ) ) ;
#3650 = FILL_AREA_STYLE ('',( #786 ) ) ;
#3651 = DIRECTION ( 'NONE',  ( 1.000000000000000000, 0.000000000000000000, 0.000000000000000000 ) ) ;
#3652 = SURFACE_STYLE_USAGE ( .BOTH. , #84 ) ;
#3653 = DIRECTION ( 'NONE',  ( 0.000000000000000000, 0.000000000000000000, 1.000000000000000000 ) ) ;
#3654 =( NAMED_UNIT ( * ) SI_UNIT ( $, .STERADIAN. ) SOLID_ANGLE_UNIT ( ) );
#3655 = CARTESIAN_POINT ( 'NONE',  ( 13.87697058077552548, -15.32653948222891138, 47.50000000000000000 ) ) ;
#3656 = VECTOR ( 'NONE', #4182, 1000.000000000000000 ) ;
#3657 = LINE ( 'NONE', #57, #1171 ) ;
#3658 = UNCERTAINTY_MEASURE_WITH_UNIT (LENGTH_MEASURE( 1.000000000000000082E-05 ), #4746, 'distance_accuracy_value', 'NONE');
#3659 = PLANE ( 'NONE',  #2535 ) ;
#3660 = ADVANCED_FACE ( 'NONE', ( #2817 ), #287, .F. ) ;
#3661 = FACE_OUTER_BOUND ( 'NONE', #3229, .T. ) ;
#3662 = EDGE_LOOP ( 'NONE', ( #955, #1322, #1852, #833 ) ) ;
#3663 = CARTESIAN_POINT ( 'NONE',  ( 20.55631959837621281, -8.514706370123048984, 62.00000000000000000 ) ) ;
#3664 = DIRECTION ( 'NONE',  ( 0.000000000000000000, 0.000000000000000000, 1.000000000000000000 ) ) ;
#3665 = FACE_OUTER_BOUND ( 'NONE', #2394, .T. ) ;
#3666 =( LENGTH_UNIT ( ) NAMED_UNIT ( * ) SI_UNIT ( .MILLI., .METRE. ) );
#3667 = EDGE_LOOP ( 'NONE', ( #1056, #3173, #4080 ) ) ;
#3668 = CARTESIAN_POINT ( 'NONE',  ( 0.2708706130317802829, -25.00000000000000355, 57.97500000000002984 ) ) ;
#3669 = DIRECTION ( 'NONE',  ( -0.000000000000000000, -0.000000000000000000, 1.000000000000000000 ) ) ;
#3670 = ORIENTED_EDGE ( 'NONE', *, *, #1879, .T. ) ;
#3671 = DIRECTION ( 'NONE',  ( -0.000000000000000000, -0.000000000000000000, -1.000000000000000000 ) ) ;
#3672 = DIRECTION ( 'NONE',  ( 0.000000000000000000, 0.000000000000000000, 1.000000000000000000 ) ) ;
#3673 =( NAMED_UNIT ( * ) SI_UNIT ( $, .STERADIAN. ) SOLID_ANGLE_UNIT ( ) );
#3674 = ADVANCED_FACE ( 'NONE', ( #3509 ), #4627, .F. ) ;
#3675 = CARTESIAN_POINT ( 'NONE',  ( -17.22777569394643749, 18.11664750846003358, 46.67909735654357206 ) ) ;
#3676 = COLOUR_RGB ( '',1.000000000000000000, 1.000000000000000000, 1.000000000000000000 ) ;
#3677 = DIRECTION ( 'NONE',  ( -0.7071067811865475727, 0.7071067811865475727, 2.393433626061083059E-15 ) ) ;
#3678 = PRESENTATION_STYLE_ASSIGNMENT (( #2475 ) ) ;
#3679 = CARTESIAN_POINT ( 'NONE',  ( 14.16626059799597215, -14.16626059746306510, 59.00000000000001421 ) ) ;
#3680 = EDGE_CURVE ( 'NONE', #1574, #503, #832, .T. ) ;
#3681 = CONICAL_SURFACE ( 'NONE', #2391, 1.024999999813189344, 1.029744258398665790 ) ;
#3682 = STYLED_ITEM ( 'NONE', ( #3916 ), #738 ) ;
#3683 = EDGE_LOOP ( 'NONE', ( #3721, #245, #507, #3390 ) ) ;
#3684 = DIRECTION ( 'NONE',  ( 0.000000000000000000, 0.000000000000000000, 1.000000000000000000 ) ) ;
#3685 = STYLED_ITEM ( 'NONE', ( #1139 ), #1662 ) ;
#3686 =( NAMED_UNIT ( * ) PLANE_ANGLE_UNIT ( ) SI_UNIT ( $, .RADIAN. ) );
#3687 = EDGE_LOOP ( 'NONE', ( #1408, #2098 ) ) ;
#3688 = LINE ( 'NONE', #2559, #4112 ) ;
#3689 =( GEOMETRIC_REPRESENTATION_CONTEXT ( 3 ) GLOBAL_UNCERTAINTY_ASSIGNED_CONTEXT ( ( #4802 ) ) GLOBAL_UNIT_ASSIGNED_CONTEXT ( ( #4874, #4187, #4852 ) ) REPRESENTATION_CONTEXT ( 'NONE', 'WORKASPACE' ) );
#3690 = MECHANICAL_DESIGN_GEOMETRIC_PRESENTATION_REPRESENTATION (  '', ( #4647 ), #3777 ) ;
#3691 = EDGE_CURVE ( 'NONE', #2209, #1870, #99, .T. ) ;
#3692 = CARTESIAN_POINT ( 'NONE',  ( -0.5165658162314838986, 24.99497086695924963, 48.39545299512567311 ) ) ;
#3693 = ORIENTED_EDGE ( 'NONE', *, *, #677, .T. ) ;
#3694 = DIRECTION ( 'NONE',  ( -0.000000000000000000, -0.000000000000000000, 1.000000000000000000 ) ) ;
#3695 = PRESENTATION_LAYER_ASSIGNMENT (  '', '', ( #581 ) ) ;
#3696 = DIRECTION ( 'NONE',  ( 0.000000000000000000, 0.000000000000000000, 1.000000000000000000 ) ) ;
#3697 = CARTESIAN_POINT ( 'NONE',  ( 0.8209026825097970326, -24.98670175466627796, 58.37147276201317680 ) ) ;
#3698 = CIRCLE ( 'NONE', #3967, 1.499999999999999556 ) ;
#3699 = VECTOR ( 'NONE', #4933, 1000.000000000000000 ) ;
#3700 = CARTESIAN_POINT ( 'NONE',  ( 18.24764547299880135, -17.08895494857514308, 46.86974565204986476 ) ) ;
#3701 = ORIENTED_EDGE ( 'NONE', *, *, #4157, .F. ) ;
#3702 = CARTESIAN_POINT ( 'NONE',  ( -18.36953639576556085, 16.95767621547348369, 58.73166863776185664 ) ) ;
#3703 = CARTESIAN_POINT ( 'NONE',  ( 0.000000000000000000, 0.000000000000000000, 45.50000000000000000 ) ) ;
#3704 = CARTESIAN_POINT ( 'NONE',  ( -24.97897493392417090, 1.025090853875595620, 59.13299546728448064 ) ) ;
#3705 = SURFACE_SIDE_STYLE ('',( #5274 ) ) ;
#3706 =( GEOMETRIC_REPRESENTATION_CONTEXT ( 3 ) GLOBAL_UNCERTAINTY_ASSIGNED_CONTEXT ( ( #490 ) ) GLOBAL_UNIT_ASSIGNED_CONTEXT ( ( #974, #1403, #3040 ) ) REPRESENTATION_CONTEXT ( 'NONE', 'WORKASPACE' ) );
#3707 = DIRECTION ( 'NONE',  ( 0.000000000000000000, -0.000000000000000000, 1.000000000000000000 ) ) ;
#3708 = ADVANCED_FACE ( 'NONE', ( #4073 ), #2948, .F. ) ;
#3709 = ORIENTED_EDGE ( 'NONE', *, *, #2109, .F. ) ;
#3710 = UNCERTAINTY_MEASURE_WITH_UNIT (LENGTH_MEASURE( 1.000000000000000082E-05 ), #1675, 'distance_accuracy_value', 'NONE');
#3711 = FILL_AREA_STYLE_COLOUR ( '', #3676 ) ;
#3712 = PRESENTATION_STYLE_ASSIGNMENT (( #1634 ) ) ;
#3713 = CARTESIAN_POINT ( 'NONE',  ( 20.55631959837621281, -8.514706370123048984, 62.00000000000000000 ) ) ;
#3714 = ORIENTED_EDGE ( 'NONE', *, *, #5068, .F. ) ;
#3715 = EDGE_CURVE ( 'NONE', #5223, #3259, #4540, .T. ) ;
#3716 = FILL_AREA_STYLE ('',( #775 ) ) ;
#3717 = EDGE_CURVE ( 'NONE', #2664, #3805, #2489, .T. ) ;
#3718 = CARTESIAN_POINT ( 'NONE',  ( 18.40245398038004510, -16.95288507894732533, 59.00000000000001421 ) ) ;
#3719 = CARTESIAN_POINT ( 'NONE',  ( 1.255262969026836848E-16, 20.65000000000000924, 57.97500000008101750 ) ) ;
#3720 = ORIENTED_EDGE ( 'NONE', *, *, #504, .T. ) ;
#3721 = ORIENTED_EDGE ( 'NONE', *, *, #3619, .F. ) ;
#3722 = CARTESIAN_POINT ( 'NONE',  ( 0.000000000000000000, 0.000000000000000000, 0.000000000000000000 ) ) ;
#3723 = EDGE_CURVE ( 'NONE', #845, #5143, #3233, .T. ) ;
#3724 = ORIENTED_EDGE ( 'NONE', *, *, #5086, .T. ) ;
#3725 = DIRECTION ( 'NONE',  ( 0.7071067811865469066, 0.7071067811865481278, 0.000000000000000000 ) ) ;
#3726 = CARTESIAN_POINT ( 'NONE',  ( 20.55631959837621281, -8.514706370123048984, 62.00000000000000000 ) ) ;
#3727 = CARTESIAN_POINT ( 'NONE',  ( 1.255262968773048955E-16, 20.64999999987549018, 57.97500000028825440 ) ) ;
#3728 =( NAMED_UNIT ( * ) PLANE_ANGLE_UNIT ( ) SI_UNIT ( $, .RADIAN. ) );
#3729 = CARTESIAN_POINT ( 'NONE',  ( -0.9979684208314145710, 24.98012564217998488, 59.26926809128504203 ) ) ;
#3730 = FACE_OUTER_BOUND ( 'NONE', #2186, .T. ) ;
#3731 = VERTEX_POINT ( 'NONE', #1646 ) ;
#3732 = AXIS2_PLACEMENT_3D ( 'NONE', #2275, #4098, #780 ) ;
#3733 = CARTESIAN_POINT ( 'NONE',  ( -24.75000000000000355, 3.031000827889699650E-15, 61.50000000000000000 ) ) ;
#3734 = EDGE_LOOP ( 'NONE', ( #36, #2320, #3970, #1313, #696, #3489, #1394, #1018 ) ) ;
#3735 = CARTESIAN_POINT ( 'NONE',  ( 0.5341225688664911209, 24.99502542996518883, 59.91572315336030385 ) ) ;
#3736 = FILL_AREA_STYLE_COLOUR ( '', #132 ) ;
#3737 = EDGE_CURVE ( 'NONE', #2763, #4224, #3370, .T. ) ;
#3738 = ORIENTED_EDGE ( 'NONE', *, *, #1678, .F. ) ;
#3739 = CARTESIAN_POINT ( 'NONE',  ( 17.77171416942625726, -17.58363015780481220, 60.02509085295847768 ) ) ;
#3740 = MANIFOLD_SOLID_BREP ( 'ÕóÁÐ(Ô²ÖÜ)2', #3934 ) ;
#3741 =( LENGTH_UNIT ( ) NAMED_UNIT ( * ) SI_UNIT ( .MILLI., .METRE. ) );
#3742 = FACE_OUTER_BOUND ( 'NONE', #4175, .T. ) ;
#3743 = CARTESIAN_POINT ( 'NONE',  ( -20.55631959837615241, 8.514706370123194645, 64.00000000000000000 ) ) ;
#3744 = FACE_BOUND ( 'NONE', #3511, .T. ) ;
#3745 = CARTESIAN_POINT ( 'NONE',  ( -4.000000000000000000, 4.898587196589412829E-16, 0.000000000000000000 ) ) ;
#3746 = EDGE_LOOP ( 'NONE', ( #2244, #5038, #1702, #466 ) ) ;
#3747 = CARTESIAN_POINT ( 'NONE',  ( -18.31383994738926191, 17.01881181540885635, 59.53412252723374110 ) ) ;
#3748 = CARTESIAN_POINT ( 'NONE',  ( -25.00000000000000000, 0.1354353691713300056, 57.97500000000003695 ) ) ;
#3749 = DIRECTION ( 'NONE',  ( 0.7071067811865517916, -0.7071067811865433539, 0.000000000000000000 ) ) ;
#3750 = SURFACE_SIDE_STYLE ('',( #2118 ) ) ;
#3751 = EDGE_CURVE ( 'NONE', #3286, #3349, #2746, .T. ) ;
#3752 = ADVANCED_FACE ( 'NONE', ( #2026 ), #3845, .F. ) ;
#3753 = STYLED_ITEM ( 'NONE', ( #3203 ), #3740 ) ;
#3754 = CARTESIAN_POINT ( 'NONE',  ( 25.00000000000000000, 2.619866267101475982E-13, 48.52499999999999147 ) ) ;
#3755 = ORIENTED_EDGE ( 'NONE', *, *, #3310, .T. ) ;
#3756 = UNCERTAINTY_MEASURE_WITH_UNIT (LENGTH_MEASURE( 1.000000000000000082E-05 ), #3666, 'distance_accuracy_value', 'NONE');
#3757 = VECTOR ( 'NONE', #367, 1000.000000000000000 ) ;
#3758 = CYLINDRICAL_SURFACE ( 'NONE', #392, 1.024999999999991029 ) ;
#3759 = FACE_OUTER_BOUND ( 'NONE', #1073, .T. ) ;
#3760 = AXIS2_PLACEMENT_3D ( 'NONE', #67, #1670, #3281 ) ;
#3761 = ORIENTED_EDGE ( 'NONE', *, *, #4947, .T. ) ;
#3762 = PRESENTATION_LAYER_ASSIGNMENT (  '', '', ( #2051 ) ) ;
#3763 =( LENGTH_UNIT ( ) NAMED_UNIT ( * ) SI_UNIT ( .MILLI., .METRE. ) );
#3764 = CARTESIAN_POINT ( 'NONE',  ( 24.98012564217999554, -0.9979684208311302429, 58.73073190871490823 ) ) ;
#3765 = PRESENTATION_STYLE_ASSIGNMENT (( #4587 ) ) ;
#3766 = PRESENTATION_LAYER_ASSIGNMENT (  '', '', ( #802 ) ) ;
#3767 = SURFACE_SIDE_STYLE ('',( #118 ) ) ;
#3768 = ORIENTED_EDGE ( 'NONE', *, *, #3990, .T. ) ;
#3769 = CARTESIAN_POINT ( 'NONE',  ( 1.255262969126026246E-16, -25.00000000000000000, 48.52499999999999147 ) ) ;
#3770 = CIRCLE ( 'NONE', #4563, 10.00000000000000000 ) ;
#3771 = AXIS2_PLACEMENT_3D ( 'NONE', #1114, #3132, #2263 ) ;
#3772 = CARTESIAN_POINT ( 'NONE',  ( -0.9985886416618663386, 24.98010116619887100, 47.23264939198283940 ) ) ;
#3773 = ORIENTED_EDGE ( 'NONE', *, *, #1471, .F. ) ;
#3774 = ADVANCED_FACE ( 'NONE', ( #4515 ), #1224, .F. ) ;
#3775 = CARTESIAN_POINT ( 'NONE',  ( -20.55631959837609202, -8.514706370123338530, 62.00000000000000000 ) ) ;
#3776 = DIRECTION ( 'NONE',  ( 0.000000000000000000, 0.000000000000000000, 1.000000000000000000 ) ) ;
#3777 =( GEOMETRIC_REPRESENTATION_CONTEXT ( 3 ) GLOBAL_UNCERTAINTY_ASSIGNED_CONTEXT ( ( #2597 ) ) GLOBAL_UNIT_ASSIGNED_CONTEXT ( ( #5121, #1454, #1063 ) ) REPRESENTATION_CONTEXT ( 'NONE', 'WORKASPACE' ) );
#3778 = SURFACE_STYLE_USAGE ( .BOTH. , #1782 ) ;
#3779 = CIRCLE ( 'NONE', #4487, 1.024999999999994582 ) ;
#3780 = AXIS2_PLACEMENT_3D ( 'NONE', #2149, #3440, #2177 ) ;
#3781 = CARTESIAN_POINT ( 'NONE',  ( -25.00000000000000000, -8.716150717416573730E-14, 46.47500000000000853 ) ) ;
#3782 = ORIENTED_EDGE ( 'NONE', *, *, #1678, .T. ) ;
#3783 = PRESENTATION_STYLE_ASSIGNMENT (( #4597 ) ) ;
#3784 = CARTESIAN_POINT ( 'NONE',  ( -9.539706370123260726, 20.55631959837612399, 64.00000000000000000 ) ) ;
#3785 = PRESENTATION_STYLE_ASSIGNMENT (( #4277 ) ) ;
#3786 = CARTESIAN_POINT ( 'NONE',  ( -7.014706370123267476, 20.55631959837612399, 62.00000000000000000 ) ) ;
#3787 = CYLINDRICAL_SURFACE ( 'NONE', #1411, 1.024999999999991251 ) ;
#3788 = PRESENTATION_LAYER_ASSIGNMENT (  '', '', ( #2687 ) ) ;
#3789 = EDGE_LOOP ( 'NONE', ( #478, #3503 ) ) ;
#3790 = FILL_AREA_STYLE_COLOUR ( '', #2669 ) ;
#3791 = COLOUR_RGB ( '',1.000000000000000000, 1.000000000000000000, 1.000000000000000000 ) ;
#3792 = DIRECTION ( 'NONE',  ( -0.000000000000000000, -0.000000000000000000, -1.000000000000000000 ) ) ;
#3793 = DIRECTION ( 'NONE',  ( -0.000000000000000000, -0.000000000000000000, -1.000000000000000000 ) ) ;
#3794 = DIRECTION ( 'NONE',  ( 0.000000000000000000, 0.000000000000000000, 1.000000000000000000 ) ) ;
#3795 = EDGE_CURVE ( 'NONE', #3349, #3286, #4809, .T. ) ;
#3796 = AXIS2_PLACEMENT_3D ( 'NONE', #2074, #3707, #1608 ) ;
#3797 = ORIENTED_EDGE ( 'NONE', *, *, #3144, .T. ) ;
#3798 = CARTESIAN_POINT ( 'NONE',  ( 0.9979684208314145710, 24.98012564217998843, 58.73073190871499349 ) ) ;
#3799 = CARTESIAN_POINT ( 'NONE',  ( 25.00000000000000000, 2.127305895803872904E-13, 57.97500000000002984 ) ) ;
#3800 = CARTESIAN_POINT ( 'NONE',  ( 17.58263722810940166, 17.77269653572442110, 57.97509132878712279 ) ) ;
#3801 = CONICAL_SURFACE ( 'NONE', #3546, 1.024999999944174789, 1.029744258664269552 ) ;
#3802 = ORIENTED_EDGE ( 'NONE', *, *, #4522, .T. ) ;
#3803 = CARTESIAN_POINT ( 'NONE',  ( 16.95767621547368620, -18.36953639576537611, 59.26833136223818599 ) ) ;
#3804 = SURFACE_STYLE_FILL_AREA ( #178 ) ;
#3805 = VERTEX_POINT ( 'NONE', #1616 ) ;
#3806 = PRESENTATION_STYLE_ASSIGNMENT (( #2171 ) ) ;
#3807 = CARTESIAN_POINT ( 'NONE',  ( -9.539706370123260726, -20.55631959837612399, 62.00000000000000000 ) ) ;
#3808 = CARTESIAN_POINT ( 'NONE',  ( 1.255262968897260035E-16, 20.64999999993233359, 46.47500000018681021 ) ) ;
#3809 =( NAMED_UNIT ( * ) PLANE_ANGLE_UNIT ( ) SI_UNIT ( $, .RADIAN. ) );
#3810 = ORIENTED_EDGE ( 'NONE', *, *, #1517, .T. ) ;
#3811 = CARTESIAN_POINT ( 'NONE',  ( -16.93802074834550098, 18.38758964977784416, 59.00000000000001421 ) ) ;
#3812 = CARTESIAN_POINT ( 'NONE',  ( -25.00000000000000000, -8.728703347107833388E-14, 48.52499999999999147 ) ) ;
#3813 = DIRECTION ( 'NONE',  ( -1.000000000000000000, 0.000000000000000000, 0.000000000000000000 ) ) ;
#3814 = CYLINDRICAL_SURFACE ( 'NONE', #1812, 1.024999999999988587 ) ;
#3815 = EDGE_LOOP ( 'NONE', ( #4414, #1363, #4318, #4236 ) ) ;
#3816 = CARTESIAN_POINT ( 'NONE',  ( 20.55631959837603162, 8.514706370123482415, 64.00000000000000000 ) ) ;
#3817 = AXIS2_PLACEMENT_3D ( 'NONE', #4019, #1984, #3618 ) ;
#3818 = DIRECTION ( 'NONE',  ( 0.000000000000000000, 0.000000000000000000, 1.000000000000000000 ) ) ;
#3819 = ORIENTED_EDGE ( 'NONE', *, *, #1390, .T. ) ;
#3820 = CARTESIAN_POINT ( 'NONE',  ( 1.024908670285999079, 24.97898240973567852, 58.86560777332606875 ) ) ;
#3821 = CIRCLE ( 'NONE', #4780, 25.00000000000000000 ) ;
#3822 = CARTESIAN_POINT ( 'NONE',  ( 17.22777569394618169, 18.11664750846027161, 48.32090264345642794 ) ) ;
#3823 =( LENGTH_UNIT ( ) NAMED_UNIT ( * ) SI_UNIT ( .MILLI., .METRE. ) );
#3824 = EDGE_CURVE ( 'NONE', #568, #2698, #4970, .T. ) ;
#3825 = UNCERTAINTY_MEASURE_WITH_UNIT (LENGTH_MEASURE( 1.000000000000000082E-05 ), #2418, 'distance_accuracy_value', 'NONE');
#3826 = FILL_AREA_STYLE_COLOUR ( '', #2569 ) ;
#3827 = AXIS2_PLACEMENT_3D ( 'NONE', #3703, #4028, #1289 ) ;
#3828 = ORIENTED_EDGE ( 'NONE', *, *, #1543, .F. ) ;
#3829 = CYLINDRICAL_SURFACE ( 'NONE', #1328, 1.024999999999991029 ) ;
#3830 = EDGE_LOOP ( 'NONE', ( #1252, #3936 ) ) ;
#3831 = CARTESIAN_POINT ( 'NONE',  ( 0.000000000000000000, 25.00000000000000000, 59.00000000000001421 ) ) ;
#3832 = CYLINDRICAL_SURFACE ( 'NONE', #4443, 24.75000000000000355 ) ;
#3833 = FILL_AREA_STYLE_COLOUR ( '', #655 ) ;
#3834 = VERTEX_POINT ( 'NONE', #1970 ) ;
#3835 = CARTESIAN_POINT ( 'NONE',  ( 0.000000000000000000, 0.000000000000000000, 50.10000000000001563 ) ) ;
#3836 = DIRECTION ( 'NONE',  ( 0.000000000000000000, 1.000000000000000000, 0.000000000000000000 ) ) ;
#3837 = CARTESIAN_POINT ( 'NONE',  ( 0.000000000000000000, 0.000000000000000000, 50.00000000000000711 ) ) ;
#3838 = VERTEX_POINT ( 'NONE', #3606 ) ;
#3839 = SURFACE_SIDE_STYLE ('',( #253 ) ) ;
#3840 = CARTESIAN_POINT ( 'NONE',  ( 0.000000000000000000, -25.00000000000000000, 59.00000000000001421 ) ) ;
#3841 = ADVANCED_FACE ( 'NONE', ( #1590 ), #1143, .F. ) ;
#3842 = CARTESIAN_POINT ( 'NONE',  ( -24.98400139584355273, 0.8957077204994901010, 46.98409889184216581 ) ) ;
#3843 = AXIS2_PLACEMENT_3D ( 'NONE', #4787, #758, #4845 ) ;
#3844 = VERTEX_POINT ( 'NONE', #1379 ) ;
#3845 = CONICAL_SURFACE ( 'NONE', #3938, 1.024999999999998135, 1.029744258676655422 ) ;
#3846 = CARTESIAN_POINT ( 'NONE',  ( 1.255262969126026246E-16, 25.00000000000000000, 57.97500000000002984 ) ) ;
#3847 = CARTESIAN_POINT ( 'NONE',  ( 17.77269653572399122, 17.58263722810983154, 48.52490867121287721 ) ) ;
#3848 = DIRECTION ( 'NONE',  ( -0.000000000000000000, -0.000000000000000000, -1.000000000000000000 ) ) ;
#3849 = CIRCLE ( 'NONE', #305, 1.500000000000000888 ) ;
#3850 = ORIENTED_EDGE ( 'NONE', *, *, #3538, .T. ) ;
#3851 = DIRECTION ( 'NONE',  ( -4.625929269271486900E-15, 1.000000000000000000, 0.000000000000000000 ) ) ;
#3852 = ORIENTED_EDGE ( 'NONE', *, *, #3680, .F. ) ;
#3853 = B_SPLINE_CURVE_WITH_KNOTS ( 'NONE', 3,
 ( #470, #2373, #4462, #2403, #831, #2031, #2791, #4842, #1187, #417, #385, #4941, #1977, #2459, #3638, #1620 ),
 .UNSPECIFIED., .F., .F.,
 ( 4, 2, 2, 2, 2, 2, 2, 4 ),
 ( 0.000000000000000000, 0.0004005359238993894881, 0.0008010718477987789762, 0.001201607771698168410, 0.001602143695597557952, 0.002002679619496947061, 0.002403215543396336820, 0.003204287391195125879 ),
 .UNSPECIFIED. ) ;
#3854 = CIRCLE ( 'NONE', #4640, 1.024999999999991251 ) ;
#3855 = DIRECTION ( 'NONE',  ( 1.000000000000000000, 0.000000000000000000, 0.000000000000000000 ) ) ;
#3856 = CONICAL_SURFACE ( 'NONE', #3164, 1.024999999899592229, 1.029744258350855812 ) ;
#3857 = EDGE_CURVE ( 'NONE', #5034, #2001, #5103, .T. ) ;
#3858 = CARTESIAN_POINT ( 'NONE',  ( 24.98674903070517317, 0.8193404547553658768, 59.63022506219162722 ) ) ;
#3859 =( LENGTH_UNIT ( ) NAMED_UNIT ( * ) SI_UNIT ( .MILLI., .METRE. ) );
#3860 = ORIENTED_EDGE ( 'NONE', *, *, #3048, .F. ) ;
#3861 = MECHANICAL_DESIGN_GEOMETRIC_PRESENTATION_REPRESENTATION (  '', ( #2679 ), #313 ) ;
#3862 = DIRECTION ( 'NONE',  ( 0.000000000000000000, 0.000000000000000000, 1.000000000000000000 ) ) ;
#3863 = ORIENTED_EDGE ( 'NONE', *, *, #3198, .F. ) ;
#3864 = AXIS2_PLACEMENT_3D ( 'NONE', #5203, #2714, #1974 ) ;
#3865 = CARTESIAN_POINT ( 'NONE',  ( 0.000000000000000000, -25.00000000000000000, 57.97500000000002984 ) ) ;
#3866 = VECTOR ( 'NONE', #3472, 1000.000000000000000 ) ;
#3867 = LINE ( 'NONE', #611, #387 ) ;
#3868 = ORIENTED_EDGE ( 'NONE', *, *, #4915, .T. ) ;
#3869 = FILL_AREA_STYLE ('',( #4348 ) ) ;
#3870 = CYLINDRICAL_SURFACE ( 'NONE', #3431, 1.499999999999999556 ) ;
#3871 = STYLED_ITEM ( 'NONE', ( #155 ), #3004 ) ;
#3872 =( NAMED_UNIT ( * ) PLANE_ANGLE_UNIT ( ) SI_UNIT ( $, .RADIAN. ) );
#3873 = AXIS2_PLACEMENT_3D ( 'NONE', #2772, #5187, #1842 ) ;
#3874 = CARTESIAN_POINT ( 'NONE',  ( 1.025090853875685770, -24.97897493392416379, 47.36700453271554778 ) ) ;
#3875 = ORIENTED_EDGE ( 'NONE', *, *, #4713, .F. ) ;
#3876 = EDGE_CURVE ( 'NONE', #5189, #1752, #171, .T. ) ;
#3877 = VECTOR ( 'NONE', #114, 1000.000000000000000 ) ;
#3878 = CARTESIAN_POINT ( 'NONE',  ( 18.11781462323792269, 17.22654172550805995, 48.31934041746394826 ) ) ;
#3879 = UNCERTAINTY_MEASURE_WITH_UNIT (LENGTH_MEASURE( 1.000000000000000082E-05 ), #1609, 'distance_accuracy_value', 'NONE');
#3880 = SURFACE_STYLE_USAGE ( .BOTH. , #1039 ) ;
#3881 = AXIS2_PLACEMENT_3D ( 'NONE', #3628, #841, #1176 ) ;
#3882 = ORIENTED_EDGE ( 'NONE', *, *, #3517, .T. ) ;
#3883 = EDGE_CURVE ( 'NONE', #2224, #494, #4609, .T. ) ;
#3884 = COLOUR_RGB ( '',1.000000000000000000, 1.000000000000000000, 1.000000000000000000 ) ;
#3885 = DIRECTION ( 'NONE',  ( 0.7071067811865491270, -0.7071067811865457964, 0.000000000000000000 ) ) ;
#3886 = ORIENTED_EDGE ( 'NONE', *, *, #2213, .F. ) ;
#3887 =( NAMED_UNIT ( * ) SI_UNIT ( $, .STERADIAN. ) SOLID_ANGLE_UNIT ( ) );
#3888 = CARTESIAN_POINT ( 'NONE',  ( -25.00000000000000000, 0.000000000000000000, 64.00000000000000000 ) ) ;
#3889 = CYLINDRICAL_SURFACE ( 'NONE', #2255, 1.024999999999991029 ) ;
#3890 = CARTESIAN_POINT ( 'NONE',  ( -8.514706370123265700, -20.55631959837612399, 64.00000000000000000 ) ) ;
#3891 = CARTESIAN_POINT ( 'NONE',  ( -17.22777569394644459, 18.11664750846003002, 58.17909735654356496 ) ) ;
#3892 = DIRECTION ( 'NONE',  ( 1.000000000000000000, 0.000000000000000000, 0.000000000000000000 ) ) ;
#3893 = ORIENTED_EDGE ( 'NONE', *, *, #334, .T. ) ;
#3894 = ADVANCED_FACE ( 'NONE', ( #4178 ), #2840, .F. ) ;
#3895 =( NAMED_UNIT ( * ) SI_UNIT ( $, .STERADIAN. ) SOLID_ANGLE_UNIT ( ) );
#3896 = FILL_AREA_STYLE_COLOUR ( '', #4315 ) ;
#3897 = FILL_AREA_STYLE_COLOUR ( '', #3161 ) ;
#3898 = ORIENTED_EDGE ( 'NONE', *, *, #2054, .T. ) ;
#3899 = DIRECTION ( 'NONE',  ( 1.000000000000000000, 0.000000000000000000, 0.000000000000000000 ) ) ;
#3900 = CARTESIAN_POINT ( 'NONE',  ( 8.514706370123267476, -20.55631959837612399, 62.00000000000000000 ) ) ;
#3901 = DIRECTION ( 'NONE',  ( -0.7071067811865567876, 0.7071067811865381358, 0.000000000000000000 ) ) ;
#3902 = EDGE_LOOP ( 'NONE', ( #1653, #3443 ) ) ;
#3903 = CARTESIAN_POINT ( 'NONE',  ( 16.95767621547329895, 18.36953639576573138, 47.23166863776184954 ) ) ;
#3904 = CARTESIAN_POINT ( 'NONE',  ( -24.98670175466627441, -0.8209026825098681979, 46.87147276201313417 ) ) ;
#3905 = COLOUR_RGB ( '',1.000000000000000000, 1.000000000000000000, 1.000000000000000000 ) ;
#3906 = FACE_OUTER_BOUND ( 'NONE', #119, .T. ) ;
#3907 = VERTEX_POINT ( 'NONE', #2764 ) ;
#3908 = STYLED_ITEM ( 'NONE', ( #3208 ), #4518 ) ;
#3909 = FACE_OUTER_BOUND ( 'NONE', #1848, .T. ) ;
#3910 = VERTEX_POINT ( 'NONE', #2429 ) ;
#3911 = DIRECTION ( 'NONE',  ( 1.000000000000000000, 0.000000000000000000, 0.000000000000000000 ) ) ;
#3912 = AXIS2_PLACEMENT_3D ( 'NONE', #4684, #1450, #4248 ) ;
#3913 = EDGE_CURVE ( 'NONE', #2252, #603, #2220, .T. ) ;
#3914 = CARTESIAN_POINT ( 'NONE',  ( 8.514706370123267476, -20.55631959837612399, 62.00000000000000000 ) ) ;
#3915 = VECTOR ( 'NONE', #2303, 1000.000000000000000 ) ;
#3916 = PRESENTATION_STYLE_ASSIGNMENT (( #3000 ) ) ;
#3917 = CARTESIAN_POINT ( 'NONE',  ( 0.000000000000000000, -20.03411786557762753, 58.99999999999749889 ) ) ;
#3918 = CARTESIAN_POINT ( 'NONE',  ( 0.000000000000000000, 0.000000000000000000, 61.50000000000000000 ) ) ;
#3919 = ORIENTED_EDGE ( 'NONE', *, *, #5199, .T. ) ;
#3920 = CARTESIAN_POINT ( 'NONE',  ( 25.00000000000000000, 2.619866267101475982E-13, 60.02500000000000568 ) ) ;
#3921 =( NAMED_UNIT ( * ) PLANE_ANGLE_UNIT ( ) SI_UNIT ( $, .RADIAN. ) );
#3922 = PRESENTATION_STYLE_ASSIGNMENT (( #4346 ) ) ;
#3923 = ORIENTED_EDGE ( 'NONE', *, *, #4620, .F. ) ;
#3924 = PLANE ( 'NONE',  #3005 ) ;
#3925 = CARTESIAN_POINT ( 'NONE',  ( 0.000000000000000000, 0.000000000000000000, 50.00000000000000711 ) ) ;
#3926 = EDGE_CURVE ( 'NONE', #1894, #2664, #4894, .T. ) ;
#3927 = DIRECTION ( 'NONE',  ( 0.000000000000000000, 0.000000000000000000, 1.000000000000000000 ) ) ;
#3928 = ORIENTED_EDGE ( 'NONE', *, *, #2363, .T. ) ;
#3929 = EDGE_CURVE ( 'NONE', #4423, #146, #4493, .T. ) ;
#3930 = DIRECTION ( 'NONE',  ( -1.000000000000000000, -0.000000000000000000, -0.000000000000000000 ) ) ;
#3931 = UNCERTAINTY_MEASURE_WITH_UNIT (LENGTH_MEASURE( 1.000000000000000082E-05 ), #4657, 'distance_accuracy_value', 'NONE');
#3932 = SURFACE_STYLE_FILL_AREA ( #2784 ) ;
#3933 = ORIENTED_EDGE ( 'NONE', *, *, #4793, .T. ) ;
#3934 = CLOSED_SHELL ( 'NONE', ( #2078, #2043, #587, #3284, #3093, #5049, #2562, #5116, #4163, #1710, #1160, #4848, #1293, #3551, #2208, #1544, #1220, #2151, #1769, #1975, #3389, #4760, #4747, #2314, #3660, #767, #5270, #4294, #2610, #451, #3579, #5230, #1429, #4890, #2476, #3293, #2023, #170, #1021, #226, #1612, #3356, #3708, #738, #1440, #160, #830, #2903, #1802, #1361, #2933, #3138, #1332, #3157, #2802, #3036, #1348, #41, #1644, #1751, #3059, #517, #2285, #4076, #895, #792, #4450, #4831, #4590, #3433, #2722, #4728, #2437, #4518, #3646, #3674, #1075, #3611, #3004, #3201, #4556, #4362, #1455, #3111, #2185, #2894, #240, #1841, #2922, #4194, #3841, #1662, #4279, #730, #4810, #3594, #4217, #3894, #1286, #4154, #4608, #3317, #2943, #2300, #5108, #2711, #2785, #91, #2239, #70, #4505, #2269, #4921, #2372, #2117, #781, #686, #136, #884, #4111, #3256, #4451, #3752, #288, #1010, #2102, #938, #1261, #1412, #78, #4177, #3774, #359, #4682 ) ) ;
#3935 =( NAMED_UNIT ( * ) PLANE_ANGLE_UNIT ( ) SI_UNIT ( $, .RADIAN. ) );
#3936 = ORIENTED_EDGE ( 'NONE', *, *, #1581, .F. ) ;
#3937 = DIRECTION ( 'NONE',  ( -0.000000000000000000, -0.000000000000000000, 1.000000000000000000 ) ) ;
#3938 = AXIS2_PLACEMENT_3D ( 'NONE', #3306, #65, #4069 ) ;
#3939 = DIRECTION ( 'NONE',  ( -1.000000000000000000, 0.000000000000000000, 0.000000000000000000 ) ) ;
#3940 = AXIS2_PLACEMENT_3D ( 'NONE', #4436, #4013, #4783 ) ;
#3941 = STYLED_ITEM ( 'NONE', ( #675 ), #1348 ) ;
#3942 = EDGE_CURVE ( 'NONE', #2170, #1916, #3971, .T. ) ;
#3943 = VECTOR ( 'NONE', #106, 1000.000000000000227 ) ;
#3944 =( NAMED_UNIT ( * ) PLANE_ANGLE_UNIT ( ) SI_UNIT ( $, .RADIAN. ) );
#3945 = CARTESIAN_POINT ( 'NONE',  ( 0.000000000000000000, 0.000000000000000000, 45.48999999999999488 ) ) ;
#3946 = LINE ( 'NONE', #2744, #351 ) ;
#3947 = ORIENTED_EDGE ( 'NONE', *, *, #1517, .F. ) ;
#3948 =( NAMED_UNIT ( * ) PLANE_ANGLE_UNIT ( ) SI_UNIT ( $, .RADIAN. ) );
#3949 = VECTOR ( 'NONE', #3694, 1000.000000000000000 ) ;
#3950 = FACE_OUTER_BOUND ( 'NONE', #4942, .T. ) ;
#3951 = VECTOR ( 'NONE', #5188, 1000.000000000000000 ) ;
#3952 = CARTESIAN_POINT ( 'NONE',  ( 24.99497086695924253, 0.5165658162317469104, 48.39545299512567311 ) ) ;
#3953 = MECHANICAL_DESIGN_GEOMETRIC_PRESENTATION_REPRESENTATION (  '', ( #2578 ), #1739 ) ;
#3954 = ORIENTED_EDGE ( 'NONE', *, *, #4952, .T. ) ;
#3955 = CARTESIAN_POINT ( 'NONE',  ( 14.60175503144979992, -14.60175503144954945, 47.50000000000000000 ) ) ;
#3956 = DIRECTION ( 'NONE',  ( -0.7071067811865487940, 0.7071067811865463515, 0.000000000000000000 ) ) ;
#3957 = SURFACE_STYLE_USAGE ( .BOTH. , #4398 ) ;
#3958 = DIRECTION ( 'NONE',  ( -1.000000000000000000, 0.000000000000000000, 0.000000000000000000 ) ) ;
#3959 = FILL_AREA_STYLE_COLOUR ( '', #3960 ) ;
#3960 = COLOUR_RGB ( '',1.000000000000000000, 1.000000000000000000, 1.000000000000000000 ) ;
#3961 = STYLED_ITEM ( 'NONE', ( #2069 ), #1802 ) ;
#3962 = MECHANICAL_DESIGN_GEOMETRIC_PRESENTATION_REPRESENTATION (  '', ( #4405 ), #4570 ) ;
#3963 = LINE ( 'NONE', #4834, #505 ) ;
#3964 = B_SPLINE_CURVE_WITH_KNOTS ( 'NONE', 3,
 ( #1737, #1654, #3702, #81, #4141, #4948, #512, #2094, #560, #1704, #1050, #3101, #3891, #4764, #1105, #591 ),
 .UNSPECIFIED., .F., .F.,
 ( 4, 2, 2, 2, 2, 2, 2, 4 ),
 ( 0.003204287391195125446, 0.003604823501101699253, 0.004005359611008273493, 0.004405895720914846866, 0.004806431830821420240, 0.005206967940727994480, 0.005607504050634567853, 0.006408576270447705059 ),
 .UNSPECIFIED. ) ;
#3965 = FILL_AREA_STYLE ('',( #280 ) ) ;
#3966 = EDGE_CURVE ( 'NONE', #2224, #3086, #4468, .T. ) ;
#3967 = AXIS2_PLACEMENT_3D ( 'NONE', #2689, #4674, #3851 ) ;
#3968 = PRESENTATION_LAYER_ASSIGNMENT (  '', '', ( #3453 ) ) ;
#3969 = VERTEX_POINT ( 'NONE', #333 ) ;
#3970 = ORIENTED_EDGE ( 'NONE', *, *, #3496, .T. ) ;
#3971 = LINE ( 'NONE', #4839, #475 ) ;
#3972 = AXIS2_PLACEMENT_3D ( 'NONE', #1098, #3930, #327 ) ;
#3973 = LINE ( 'NONE', #1878, #2487 ) ;
#3974 =( LENGTH_UNIT ( ) NAMED_UNIT ( * ) SI_UNIT ( .MILLI., .METRE. ) );
#3975 = DIRECTION ( 'NONE',  ( -0.7071067811865560104, 0.7071067811865390240, 0.000000000000000000 ) ) ;
#3976 = CARTESIAN_POINT ( 'NONE',  ( 16.93802074834562177, -18.38758964977771981, 58.72912913159666459 ) ) ;
#3977 = ORIENTED_EDGE ( 'NONE', *, *, #4905, .T. ) ;
#3978 = PRESENTATION_LAYER_ASSIGNMENT (  '', '', ( #331 ) ) ;
#3979 = CARTESIAN_POINT ( 'NONE',  ( -20.55631959837615241, 8.514706370123194645, 58.00000000000000000 ) ) ;
#3980 = CARTESIAN_POINT ( 'NONE',  ( 0.000000000000000000, 20.64999999993233359, 47.50000000000000000 ) ) ;
#3981 = CARTESIAN_POINT ( 'NONE',  ( -20.55631959837609557, -8.514706370123338530, 64.00000000000000000 ) ) ;
#3982 = ORIENTED_EDGE ( 'NONE', *, *, #2877, .T. ) ;
#3983 = DIRECTION ( 'NONE',  ( 0.000000000000000000, 0.000000000000000000, 1.000000000000000000 ) ) ;
#3984 = SURFACE_SIDE_STYLE ('',( #2339 ) ) ;
#3985 = EDGE_CURVE ( 'NONE', #1885, #670, #3334, .T. ) ;
#3986 = CARTESIAN_POINT ( 'NONE',  ( -9.539706370123260726, -20.55631959837612399, 64.00000000000000000 ) ) ;
#3987 = UNCERTAINTY_MEASURE_WITH_UNIT (LENGTH_MEASURE( 1.000000000000000082E-05 ), #1950, 'distance_accuracy_value', 'NONE');
#3988 = FACE_OUTER_BOUND ( 'NONE', #544, .T. ) ;
#3989 = EDGE_LOOP ( 'NONE', ( #343, #4156, #1482, #918 ) ) ;
#3990 = EDGE_CURVE ( 'NONE', #5225, #1213, #5259, .T. ) ;
#3991 = FILL_AREA_STYLE ('',( #4863 ) ) ;
#3992 = ORIENTED_EDGE ( 'NONE', *, *, #1040, .F. ) ;
#3993 = DIRECTION ( 'NONE',  ( -0.000000000000000000, -0.000000000000000000, -1.000000000000000000 ) ) ;
#3994 = VECTOR ( 'NONE', #3123, 1000.000000000000000 ) ;
#3995 =( NAMED_UNIT ( * ) PLANE_ANGLE_UNIT ( ) SI_UNIT ( $, .RADIAN. ) );
#3996 = EDGE_CURVE ( 'NONE', #3330, #252, #2567, .T. ) ;
#3997 = CARTESIAN_POINT ( 'NONE',  ( 22.05631959837603517, 8.514706370123482415, 64.00000000000000000 ) ) ;
#3998 = DIRECTION ( 'NONE',  ( -0.000000000000000000, -0.000000000000000000, 1.000000000000000000 ) ) ;
#3999 =( GEOMETRIC_REPRESENTATION_CONTEXT ( 3 ) GLOBAL_UNCERTAINTY_ASSIGNED_CONTEXT ( ( #3756 ) ) GLOBAL_UNIT_ASSIGNED_CONTEXT ( ( #3666, #2815, #14 ) ) REPRESENTATION_CONTEXT ( 'NONE', 'WORKASPACE' ) );
#4000 = EDGE_LOOP ( 'NONE', ( #1601, #1773, #559 ) ) ;
#4001 = DIRECTION ( 'NONE',  ( -0.8571673007021124446, 1.049727191138618819E-16, 0.5150380749100539335 ) ) ;
#4002 = LINE ( 'NONE', #395, #1399 ) ;
#4003 = ORIENTED_EDGE ( 'NONE', *, *, #1628, .F. ) ;
#4004 = FILL_AREA_STYLE_COLOUR ( '', #1741 ) ;
#4005 = FILL_AREA_STYLE ('',( #348 ) ) ;
#4006 = LINE ( 'NONE', #789, #4737 ) ;
#4007 = DIRECTION ( 'NONE',  ( -0.000000000000000000, -0.000000000000000000, 1.000000000000000000 ) ) ;
#4008 = EDGE_CURVE ( 'NONE', #596, #203, #85, .T. ) ;
#4009 =( LENGTH_UNIT ( ) NAMED_UNIT ( * ) SI_UNIT ( .MILLI., .METRE. ) );
#4010 = FACE_OUTER_BOUND ( 'NONE', #2323, .T. ) ;
#4011 = EDGE_LOOP ( 'NONE', ( #3277, #887 ) ) ;
#4012 =( NAMED_UNIT ( * ) PLANE_ANGLE_UNIT ( ) SI_UNIT ( $, .RADIAN. ) );
#4013 = DIRECTION ( 'NONE',  ( 0.000000000000000000, 0.000000000000000000, 1.000000000000000000 ) ) ;
#4014 = CARTESIAN_POINT ( 'NONE',  ( -18.38758964977790811, 16.93802074834543703, 47.77087086840335672 ) ) ;
#4015 = DIRECTION ( 'NONE',  ( -0.7071067811865487940, 0.7071067811865463515, 0.000000000000000000 ) ) ;
#4016 = ORIENTED_EDGE ( 'NONE', *, *, #1667, .F. ) ;
#4017 = CARTESIAN_POINT ( 'NONE',  ( -17.03318281924052613, -18.29954461374708430, 58.48343421811452458 ) ) ;
#4018 = VERTEX_POINT ( 'NONE', #725 ) ;
#4019 = CARTESIAN_POINT ( 'NONE',  ( 20.55631959837621281, -8.514706370123048984, 64.00000000000000000 ) ) ;
#4020 = FILL_AREA_STYLE ('',( #806 ) ) ;
#4021 = EDGE_CURVE ( 'NONE', #4544, #4864, #2324, .T. ) ;
#4022 = STYLED_ITEM ( 'NONE', ( #1718 ), #4154 ) ;
#4023 = CIRCLE ( 'NONE', #4469, 1.024999999999998135 ) ;
#4024 = VECTOR ( 'NONE', #3010, 1000.000000000000000 ) ;
#4025 = CARTESIAN_POINT ( 'NONE',  ( -8.514706370123267476, 20.55631959837612399, 57.38411786549675497 ) ) ;
#4026 = ORIENTED_EDGE ( 'NONE', *, *, #3459, .F. ) ;
#4027 = DIRECTION ( 'NONE',  ( -0.7071067811865436870, -0.7071067811865513475, 5.983584066091682866E-16 ) ) ;
#4029 = CIRCLE ( 'NONE', #3592, 1.499999999999999556 ) ;
#4028 = DIRECTION ( 'NONE',  ( 0.000000000000000000, 0.000000000000000000, 1.000000000000000000 ) ) ;
#4030 = CYLINDRICAL_SURFACE ( 'NONE', #2147, 22.50000000000000355 ) ;
#4031 = SURFACE_STYLE_FILL_AREA ( #31 ) ;
#4032 = AXIS2_PLACEMENT_3D ( 'NONE', #1887, #3956, #3192 ) ;
#4033 = DIRECTION ( 'NONE',  ( 0.000000000000000000, 0.000000000000000000, 1.000000000000000000 ) ) ;
#4034 = CARTESIAN_POINT ( 'NONE',  ( -24.99502542996518173, -0.5341225688665135474, 58.08427684663969615 ) ) ;
#4035 = VECTOR ( 'NONE', #3575, 1000.000000000000227 ) ;
#4036 = UNCERTAINTY_MEASURE_WITH_UNIT (LENGTH_MEASURE( 1.000000000000000082E-05 ), #1042, 'distance_accuracy_value', 'NONE');
#4037 = LINE ( 'NONE', #407, #1898 ) ;
#4038 = MECHANICAL_DESIGN_GEOMETRIC_PRESENTATION_REPRESENTATION (  '', ( #3961 ), #2920 ) ;
#4039 = CARTESIAN_POINT ( 'NONE',  ( 25.00000000000000000, 2.618611004132350143E-13, 59.00000000000001421 ) ) ;
#4040 = DIRECTION ( 'NONE',  ( 0.000000000000000000, -0.000000000000000000, 1.000000000000000000 ) ) ;
#4041 = CIRCLE ( 'NONE', #383, 1.024999999999998135 ) ;
#4042 = ORIENTED_EDGE ( 'NONE', *, *, #4984, .F. ) ;
#4043 = CIRCLE ( 'NONE', #3873, 1.024999999999988587 ) ;
#4044 = DIRECTION ( 'NONE',  ( 1.000000000000000000, 0.000000000000000000, 0.000000000000000000 ) ) ;
#4045 =( NAMED_UNIT ( * ) SI_UNIT ( $, .STERADIAN. ) SOLID_ANGLE_UNIT ( ) );
#4046 = EDGE_CURVE ( 'NONE', #2776, #3501, #3420, .T. ) ;
#4047 = FACE_OUTER_BOUND ( 'NONE', #805, .T. ) ;
#4048 = CONICAL_SURFACE ( 'NONE', #2245, 1.024999999999998135, 1.029744258676655422 ) ;
#4049 =( NAMED_UNIT ( * ) PLANE_ANGLE_UNIT ( ) SI_UNIT ( $, .RADIAN. ) );
#4050 = ORIENTED_EDGE ( 'NONE', *, *, #4092, .T. ) ;
#4051 = CARTESIAN_POINT ( 'NONE',  ( 10.01470637012326748, -20.55631959837612399, 62.00000000000000000 ) ) ;
#4052 = DIRECTION ( 'NONE',  ( 1.000000000000000000, 0.000000000000000000, 0.000000000000000000 ) ) ;
#4053 = CIRCLE ( 'NONE', #2169, 1.024999999999991029 ) ;
#4054 = DIRECTION ( 'NONE',  ( 1.000000000000000000, 0.000000000000000000, 0.000000000000000000 ) ) ;
#4055 = EDGE_LOOP ( 'NONE', ( #2575, #2609 ) ) ;
#4056 = EDGE_CURVE ( 'NONE', #4378, #1596, #4096, .T. ) ;
#4057 = CIRCLE ( 'NONE', #4926, 1.024999999999988587 ) ;
#4058 = SURFACE_STYLE_USAGE ( .BOTH. , #2897 ) ;
#4059 = DIRECTION ( 'NONE',  ( 0.7071067811865469066, 0.7071067811865481278, 0.000000000000000000 ) ) ;
#4060 = CARTESIAN_POINT ( 'NONE',  ( 9.539706370123402834, -20.55631959837606360, 64.00000000000000000 ) ) ;
#4061 =( LENGTH_UNIT ( ) NAMED_UNIT ( * ) SI_UNIT ( .MILLI., .METRE. ) );
#4062 = PRESENTATION_STYLE_ASSIGNMENT (( #3325 ) ) ;
#4063 = DIRECTION ( 'NONE',  ( 0.7071067811865509034, -0.7071067811865440200, 0.000000000000000000 ) ) ;
#4064 = DIRECTION ( 'NONE',  ( 0.000000000000000000, -0.000000000000000000, 1.000000000000000000 ) ) ;
#4065 = CARTESIAN_POINT ( 'NONE',  ( -8.514706370123265700, 20.55631959837612399, 58.00000000000000000 ) ) ;
#4066 = DIRECTION ( 'NONE',  ( 0.7071067811865536790, -0.7071067811865414665, 0.000000000000000000 ) ) ;
#4067 =( LENGTH_UNIT ( ) NAMED_UNIT ( * ) SI_UNIT ( .MILLI., .METRE. ) );
#4068 = VERTEX_POINT ( 'NONE', #3719 ) ;
#4069 = DIRECTION ( 'NONE',  ( 1.000000000000000000, 0.000000000000000000, 0.000000000000000000 ) ) ;
#4070 = CARTESIAN_POINT ( 'NONE',  ( 16.93802074834524518, 18.38758964977808574, 59.00000000000001421 ) ) ;
#4071 = ORIENTED_EDGE ( 'NONE', *, *, #248, .F. ) ;
#4072 = SURFACE_STYLE_FILL_AREA ( #71 ) ;
#4073 = FACE_OUTER_BOUND ( 'NONE', #2749, .T. ) ;
#4074 = ORIENTED_EDGE ( 'NONE', *, *, #3429, .T. ) ;
#4075 = CARTESIAN_POINT ( 'NONE',  ( -18.38758964977778732, -16.93802074834556493, 59.00000000000001421 ) ) ;
#4076 = ADVANCED_FACE ( 'NONE', ( #3372, #94 ), #4126, .T. ) ;
#4077 = DIRECTION ( 'NONE',  ( 0.000000000000000000, 1.000000000000000000, 0.000000000000000000 ) ) ;
#4078 = CARTESIAN_POINT ( 'NONE',  ( 0.8193404547552047834, -24.98674903070518027, 59.63022506219149221 ) ) ;
#4079 = LINE ( 'NONE', #3781, #4210 ) ;
#4080 = ORIENTED_EDGE ( 'NONE', *, *, #2008, .T. ) ;
#4081 =( NAMED_UNIT ( * ) PLANE_ANGLE_UNIT ( ) SI_UNIT ( $, .RADIAN. ) );
#4082 = B_SPLINE_CURVE_WITH_KNOTS ( 'NONE', 3,
 ( #4721, #5194, #4352, #719, #4801, #350, #1146, #1942, #5218, #1555, #1068, #2686, #461, #4034, #1630, #406 ),
 .UNSPECIFIED., .F., .F.,
 ( 4, 2, 2, 2, 2, 2, 2, 4 ),
 ( 0.000000000000000000, 0.0004005359259930678004, 0.0008010718519861356008, 0.001201607777979203347, 0.001602143703972271202, 0.002002679629965338839, 0.002403215555958406694, 0.003204287407944542403 ),
 .UNSPECIFIED. ) ;
#4083 =( LENGTH_UNIT ( ) NAMED_UNIT ( * ) SI_UNIT ( .MILLI., .METRE. ) );
#4084 = CARTESIAN_POINT ( 'NONE',  ( -25.00000000000000000, 0.000000000000000000, 57.97500000000002984 ) ) ;
#4085 = CARTESIAN_POINT ( 'NONE',  ( 13.87697058079595536, 15.32653948214601769, 47.50000000000000000 ) ) ;
#4086 = STYLED_ITEM ( 'NONE', ( #1991 ), #4810 ) ;
#4087 = DIRECTION ( 'NONE',  ( 0.000000000000000000, 0.000000000000000000, 1.000000000000000000 ) ) ;
#4088 = DIRECTION ( 'NONE',  ( -0.7071067811865484609, 0.7071067811865466846, 2.393433625896852473E-15 ) ) ;
#4089 = UNCERTAINTY_MEASURE_WITH_UNIT (LENGTH_MEASURE( 1.000000000000000082E-05 ), #4083, 'distance_accuracy_value', 'NONE');
#4090 = CYLINDRICAL_SURFACE ( 'NONE', #1316, 1.024999999999991251 ) ;
#4091 = SURFACE_STYLE_FILL_AREA ( #869 ) ;
#4092 = EDGE_CURVE ( 'NONE', #621, #1894, #3688, .T. ) ;
#4093 = ORIENTED_EDGE ( 'NONE', *, *, #4345, .T. ) ;
#4094 = CARTESIAN_POINT ( 'NONE',  ( -20.55631959837609557, -8.514706370123338530, 64.00000000000000000 ) ) ;
#4095 = SURFACE_SIDE_STYLE ('',( #1717 ) ) ;
#4096 = LINE ( 'NONE', #3308, #1148 ) ;
#4097 = DIRECTION ( 'NONE',  ( -0.000000000000000000, -1.000000000000000000, -0.000000000000000000 ) ) ;
#4098 = DIRECTION ( 'NONE',  ( -0.000000000000000000, -0.000000000000000000, 1.000000000000000000 ) ) ;
#4099 = ORIENTED_EDGE ( 'NONE', *, *, #98, .T. ) ;
#4100 = CARTESIAN_POINT ( 'NONE',  ( 0.9979684208314145710, -24.98012564217998488, 59.26926809128504914 ) ) ;
#4101 = EDGE_CURVE ( 'NONE', #2167, #3501, #5016, .T. ) ;
#4102 = MECHANICAL_DESIGN_GEOMETRIC_PRESENTATION_REPRESENTATION (  '', ( #3241 ), #377 ) ;
#4103 = CARTESIAN_POINT ( 'NONE',  ( 17.30957853796055446, -18.03867776399183853, 46.60397389227475173 ) ) ;
#4104 = VERTEX_POINT ( 'NONE', #2053 ) ;
#4105 = SURFACE_STYLE_FILL_AREA ( #919 ) ;
#4106 = FACE_OUTER_BOUND ( 'NONE', #4489, .T. ) ;
#4107 = CARTESIAN_POINT ( 'NONE',  ( -24.99223329972245722, 0.6302543902971614598, 58.18068210484346281 ) ) ;
#4108 = SURFACE_STYLE_USAGE ( .BOTH. , #818 ) ;
#4109 = VECTOR ( 'NONE', #3639, 1000.000000000000000 ) ;
#4110 =( NAMED_UNIT ( * ) PLANE_ANGLE_UNIT ( ) SI_UNIT ( $, .RADIAN. ) );
#4111 = ADVANCED_FACE ( 'NONE', ( #4961 ), #578, .F. ) ;
#4112 = VECTOR ( 'NONE', #4517, 1000.000000000000000 ) ;
#4113 = B_SPLINE_CURVE_WITH_KNOTS ( 'NONE', 3,
 ( #1336, #4212, #1758, #3375, #97, #527, #277, #2566, #4326, #1065, #2683, #911, #4993, #4158, #5021, #3769 ),
 .UNSPECIFIED., .F., .F.,
 ( 4, 2, 2, 2, 2, 2, 2, 4 ),
 ( 0.003204287407944417937, 0.003604823519234613260, 0.004005359630524808583, 0.004405895741815003472, 0.004806431853105199228, 0.005206967964395394985, 0.005607504075685589874, 0.006408576298265980520 ),
 .UNSPECIFIED. ) ;
#4114 = CARTESIAN_POINT ( 'NONE',  ( -13.87697058081307766, -15.32653948219134143, 59.00000000000001421 ) ) ;
#4115 = MECHANICAL_DESIGN_GEOMETRIC_PRESENTATION_REPRESENTATION (  '', ( #4204 ), #2392 ) ;
#4116 = MECHANICAL_DESIGN_GEOMETRIC_PRESENTATION_REPRESENTATION (  '', ( #3682 ), #4980 ) ;
#4117 = DIRECTION ( 'NONE',  ( -0.000000000000000000, -0.000000000000000000, 1.000000000000000000 ) ) ;
#4118 = ORIENTED_EDGE ( 'NONE', *, *, #400, .F. ) ;
#4119 =( NAMED_UNIT ( * ) SI_UNIT ( $, .STERADIAN. ) SOLID_ANGLE_UNIT ( ) );
#4120 = AXIS2_PLACEMENT_3D ( 'NONE', #368, #2355, #1216 ) ;
#4121 = ORIENTED_EDGE ( 'NONE', *, *, #289, .T. ) ;
#4122 = CARTESIAN_POINT ( 'NONE',  ( 0.000000000000000000, -20.65000000000000924, 59.00000000000001421 ) ) ;
#4123 = AXIS2_PLACEMENT_3D ( 'NONE', #2207, #4324, #2643 ) ;
#4124 = AXIS2_PLACEMENT_3D ( 'NONE', #2156, #3793, #5064 ) ;
#4125 = DIRECTION ( 'NONE',  ( -0.000000000000000000, -0.000000000000000000, 1.000000000000000000 ) ) ;
#4126 = PLANE ( 'NONE',  #3589 ) ;
#4127 = EDGE_CURVE ( 'NONE', #1283, #4394, #303, .T. ) ;
#4128 = AXIS2_PLACEMENT_3D ( 'NONE', #604, #3402, #236 ) ;
#4129 = SURFACE_SIDE_STYLE ('',( #2028 ) ) ;
#4130 = STYLED_ITEM ( 'NONE', ( #204 ), #2943 ) ;
#4131 = EDGE_LOOP ( 'NONE', ( #1350, #3534, #176 ) ) ;
#4132 = SURFACE_STYLE_USAGE ( .BOTH. , #1621 ) ;
#4133 = VERTEX_POINT ( 'NONE', #952 ) ;
#4134 = FACE_OUTER_BOUND ( 'NONE', #4642, .T. ) ;
#4135 = STYLED_ITEM ( 'NONE', ( #497 ), #3111 ) ;
#4136 = PRESENTATION_LAYER_ASSIGNMENT (  '', '', ( #1167 ) ) ;
#4137 = CONICAL_SURFACE ( 'NONE', #2081, 1.024999999944174789, 1.029744258664269552 ) ;
#4138 = AXIS2_PLACEMENT_3D ( 'NONE', #4705, #2000, #771 ) ;
#4139 = CARTESIAN_POINT ( 'NONE',  ( 17.48783110241217997, -17.86592197364755918, 46.50141135948312154 ) ) ;
#4140 = EDGE_LOOP ( 'NONE', ( #5122, #2272, #1163 ) ) ;
#4141 = CARTESIAN_POINT ( 'NONE',  ( -18.24764547299868411, 17.08895494857526387, 58.36974565204987897 ) ) ;
#4142 = CARTESIAN_POINT ( 'NONE',  ( 22.05631959837621281, -8.514706370123048984, 62.00000000000000000 ) ) ;
#4143 = DIRECTION ( 'NONE',  ( -1.000000000000000000, 0.000000000000000000, 0.000000000000000000 ) ) ;
#4144 = COLOUR_RGB ( '',1.000000000000000000, 1.000000000000000000, 1.000000000000000000 ) ;
#4145 = DIRECTION ( 'NONE',  ( -0.000000000000000000, -0.000000000000000000, 1.000000000000000000 ) ) ;
#4146 = SURFACE_STYLE_FILL_AREA ( #3298 ) ;
#4147 = VERTEX_POINT ( 'NONE', #4611 ) ;
#4148 = UNCERTAINTY_MEASURE_WITH_UNIT (LENGTH_MEASURE( 1.000000000000000082E-05 ), #1978, 'distance_accuracy_value', 'NONE');
#4149 = EDGE_CURVE ( 'NONE', #3834, #2615, #1640, .T. ) ;
#4150 = FILL_AREA_STYLE ('',( #4453 ) ) ;
#4151 = ORIENTED_EDGE ( 'NONE', *, *, #1989, .F. ) ;
#4152 = DIRECTION ( 'NONE',  ( -0.7071067811865487940, 0.7071067811865463515, 0.000000000000000000 ) ) ;
#4153 = SURFACE_STYLE_FILL_AREA ( #2908 ) ;
#4154 = ADVANCED_FACE ( 'NONE', ( #4207 ), #1277, .F. ) ;
#4155 = SURFACE_STYLE_FILL_AREA ( #2842 ) ;
#4156 = ORIENTED_EDGE ( 'NONE', *, *, #598, .T. ) ;
#4157 = EDGE_CURVE ( 'NONE', #4541, #2615, #1826, .T. ) ;
#4158 = CARTESIAN_POINT ( 'NONE',  ( -0.5341225688664831273, -24.99502542996518883, 48.41572315336028254 ) ) ;
#4159 = DIRECTION ( 'NONE',  ( -0.7071067811865437980, -0.7071067811865512365, -0.000000000000000000 ) ) ;
#4160 = ORIENTED_EDGE ( 'NONE', *, *, #2248, .F. ) ;
#4161 = FACE_OUTER_BOUND ( 'NONE', #2787, .T. ) ;
#4162 = CARTESIAN_POINT ( 'NONE',  ( 20.65000000000000924, 2.618611004132350143E-13, 57.97500000013241817 ) ) ;
#4163 = ADVANCED_FACE ( 'NONE', ( #1069 ), #2993, .F. ) ;
#4164 = CARTESIAN_POINT ( 'NONE',  ( 17.22777569394656538, -18.11664750845991634, 46.67909735654357206 ) ) ;
#4165 = ORIENTED_EDGE ( 'NONE', *, *, #2767, .F. ) ;
#4166 = AXIS2_PLACEMENT_3D ( 'NONE', #1910, #1498, #3488 ) ;
#4167 = DIRECTION ( 'NONE',  ( -0.7071067811865414665, -0.7071067811865536790, 0.000000000000000000 ) ) ;
#4168 = CARTESIAN_POINT ( 'NONE',  ( -15.32653948221001805, -13.87697058079440815, 47.50000000000000000 ) ) ;
#4169 = DIRECTION ( 'NONE',  ( 0.7071067811865431318, 0.7071067811865516806, 0.000000000000000000 ) ) ;
#4170 = DIRECTION ( 'NONE',  ( 1.000000000000000000, 0.000000000000000000, -0.000000000000000000 ) ) ;
#4171 = PRODUCT_DEFINITION_FORMATION_WITH_SPECIFIED_SOURCE ( 'ä»', '', #2533, .NOT_KNOWN. ) ;
#4172 = SURFACE_STYLE_USAGE ( .BOTH. , #2042 ) ;
#4173 = COLOUR_RGB ( '',1.000000000000000000, 1.000000000000000000, 1.000000000000000000 ) ;
#4174 = CARTESIAN_POINT ( 'NONE',  ( 20.55631959837621281, -8.514706370123050760, 62.00000000000000000 ) ) ;
#4175 = EDGE_LOOP ( 'NONE', ( #1437, #7 ) ) ;
#4176 = AXIS2_PLACEMENT_3D ( 'NONE', #4899, #2441, #5245 ) ;
#4177 = ADVANCED_FACE ( 'NONE', ( #3017 ), #2309, .F. ) ;
#4178 = FACE_OUTER_BOUND ( 'NONE', #284, .T. ) ;
#4179 = DIRECTION ( 'NONE',  ( 0.7071067811865389130, 0.7071067811865561215, 0.000000000000000000 ) ) ;
#4180 = CARTESIAN_POINT ( 'NONE',  ( 17.48645794738385106, 17.86726053904567735, 58.00203157787441199 ) ) ;
#4181 = SURFACE_STYLE_USAGE ( .BOTH. , #4129 ) ;
#4182 = DIRECTION ( 'NONE',  ( -0.000000000000000000, -1.000000000000000000, -0.000000000000000000 ) ) ;
#4183 = EDGE_LOOP ( 'NONE', ( #3992, #3320, #712, #1513 ) ) ;
#4184 = CARTESIAN_POINT ( 'NONE',  ( 17.30932310439784771, -18.03891749477560680, 59.89570770412692724 ) ) ;
#4185 = CARTESIAN_POINT ( 'NONE',  ( -1.024908670285999079, 24.97898240973567852, 47.63439222667393835 ) ) ;
#4186 = EDGE_LOOP ( 'NONE', ( #4675, #3202, #4338, #2201 ) ) ;
#4187 =( NAMED_UNIT ( * ) PLANE_ANGLE_UNIT ( ) SI_UNIT ( $, .RADIAN. ) );
#4188 = PRESENTATION_STYLE_ASSIGNMENT (( #991 ) ) ;
#4189 = LINE ( 'NONE', #3404, #1572 ) ;
#4190 = PRESENTATION_STYLE_ASSIGNMENT (( #47 ) ) ;
#4191 = CARTESIAN_POINT ( 'NONE',  ( 0.6302543902972040923, 24.99223329972245011, 46.68068210484340597 ) ) ;
#4192 =( NAMED_UNIT ( * ) PLANE_ANGLE_UNIT ( ) SI_UNIT ( $, .RADIAN. ) );
#4193 = SURFACE_SIDE_STYLE ('',( #2012 ) ) ;
#4194 = ADVANCED_FACE ( 'NONE', ( #1888 ), #5231, .F. ) ;
#4195 = DIRECTION ( 'NONE',  ( -0.000000000000000000, -0.000000000000000000, -1.000000000000000000 ) ) ;
#4196 = EDGE_LOOP ( 'NONE', ( #300, #4419, #4498 ) ) ;
#4197 = CARTESIAN_POINT ( 'NONE',  ( -10.01470637012312004, -20.55631959837618439, 64.00000000000000000 ) ) ;
#4198 = PRODUCT_DEFINITION_CONTEXT ( 'detailed design', #2157, 'design' ) ;
#4199 = VECTOR ( 'NONE', #4372, 1000.000000000000000 ) ;
#4200 = CARTESIAN_POINT ( 'NONE',  ( -24.99886811758394600, 0.2683313665700879369, 46.50166409125333900 ) ) ;
#4201 = DIRECTION ( 'NONE',  ( 0.7071067811865378028, 0.7071067811865572317, 1.196716813089458592E-15 ) ) ;
#4202 = MECHANICAL_DESIGN_GEOMETRIC_PRESENTATION_REPRESENTATION (  '', ( #4022 ), #1553 ) ;
#4203 = ORIENTED_EDGE ( 'NONE', *, *, #4243, .T. ) ;
#4204 = STYLED_ITEM ( 'NONE', ( #3555 ), #1429 ) ;
#4205 = COLOUR_RGB ( '',1.000000000000000000, 1.000000000000000000, 1.000000000000000000 ) ;
#4206 = CARTESIAN_POINT ( 'NONE',  ( 18.38758964977767363, 16.93802074834569993, 47.63543537130606609 ) ) ;
#4207 = FACE_OUTER_BOUND ( 'NONE', #3313, .T. ) ;
#4208 = UNCERTAINTY_MEASURE_WITH_UNIT (LENGTH_MEASURE( 1.000000000000000082E-05 ), #4960, 'distance_accuracy_value', 'NONE');
#4209 = MECHANICAL_DESIGN_GEOMETRIC_PRESENTATION_REPRESENTATION (  '', ( #230 ), #882 ) ;
#4210 = VECTOR ( 'NONE', #1265, 1000.000000000000000 ) ;
#4211 = ORIENTED_EDGE ( 'NONE', *, *, #3398, .F. ) ;
#4212 = CARTESIAN_POINT ( 'NONE',  ( -0.1354353691713787999, -24.99999999999999645, 46.47500000000000853 ) ) ;
#4213 = AXIS2_PLACEMENT_3D ( 'NONE', #1713, #3224, #4582 ) ;
#4214 = PRESENTATION_LAYER_ASSIGNMENT (  '', '', ( #1240 ) ) ;
#4215 = VERTEX_POINT ( 'NONE', #4827 ) ;
#4216 = FACE_OUTER_BOUND ( 'NONE', #74, .T. ) ;
#4217 = ADVANCED_FACE ( 'NONE', ( #1115 ), #3681, .F. ) ;
#4218 = FACE_BOUND ( 'NONE', #522, .T. ) ;
#4219 =( NAMED_UNIT ( * ) SI_UNIT ( $, .STERADIAN. ) SOLID_ANGLE_UNIT ( ) );
#4220 =( GEOMETRIC_REPRESENTATION_CONTEXT ( 3 ) GLOBAL_UNCERTAINTY_ASSIGNED_CONTEXT ( ( #1434 ) ) GLOBAL_UNIT_ASSIGNED_CONTEXT ( ( #4547, #5273, #4506 ) ) REPRESENTATION_CONTEXT ( 'NONE', 'WORKASPACE' ) );
#4221 = CIRCLE ( 'NONE', #1567, 1.024999999999991251 ) ;
#4222 = AXIS2_PLACEMENT_3D ( 'NONE', #2282, #4820, #1913 ) ;
#4223 = VECTOR ( 'NONE', #5024, 1000.000000000000000 ) ;
#4224 = VERTEX_POINT ( 'NONE', #2416 ) ;
#4225 = DIRECTION ( 'NONE',  ( 1.000000000000000000, 0.000000000000000000, 0.000000000000000000 ) ) ;
#4226 = SURFACE_STYLE_USAGE ( .BOTH. , #3750 ) ;
#4227 = AXIS2_PLACEMENT_3D ( 'NONE', #3176, #2736, #2294 ) ;
#4228 = CONICAL_SURFACE ( 'NONE', #405, 1.024999999999998135, 1.029744258676654756 ) ;
#4229 =( NAMED_UNIT ( * ) SI_UNIT ( $, .STERADIAN. ) SOLID_ANGLE_UNIT ( ) );
#4230 = ORIENTED_EDGE ( 'NONE', *, *, #1872, .F. ) ;
#4231 = AXIS2_PLACEMENT_3D ( 'NONE', #2755, #698, #2291 ) ;
#4232 = CYLINDRICAL_SURFACE ( 'NONE', #1426, 1.024999999999991251 ) ;
#4233 = CARTESIAN_POINT ( 'NONE',  ( -24.98674903070517317, 0.8193404547551507155, 46.86977493780855042 ) ) ;
#4234 = FILL_AREA_STYLE ('',( #2591 ) ) ;
#4235 = STYLED_ITEM ( 'NONE', ( #3329 ), #3433 ) ;
#4236 = ORIENTED_EDGE ( 'NONE', *, *, #1136, .F. ) ;
#4237 =( NAMED_UNIT ( * ) PLANE_ANGLE_UNIT ( ) SI_UNIT ( $, .RADIAN. ) );
#4238 = DIRECTION ( 'NONE',  ( 0.000000000000000000, 0.000000000000000000, -1.000000000000000000 ) ) ;
#4239 =( LENGTH_UNIT ( ) NAMED_UNIT ( * ) SI_UNIT ( .MILLI., .METRE. ) );
#4240 = VERTEX_POINT ( 'NONE', #3239 ) ;
#4241 = VERTEX_POINT ( 'NONE', #4168 ) ;
#4242 = SURFACE_SIDE_STYLE ('',( #3403 ) ) ;
#4243 = EDGE_CURVE ( 'NONE', #5022, #4068, #3220, .T. ) ;
#4244 =( NAMED_UNIT ( * ) SI_UNIT ( $, .STERADIAN. ) SOLID_ANGLE_UNIT ( ) );
#4245 = ORIENTED_EDGE ( 'NONE', *, *, #1791, .F. ) ;
#4246 = DIRECTION ( 'NONE',  ( 0.000000000000000000, 1.000000000000000000, 0.000000000000000000 ) ) ;
#4247 = CARTESIAN_POINT ( 'NONE',  ( -0.2683313665700989836, -24.99886811758394600, 58.00166409125333900 ) ) ;
#4248 = DIRECTION ( 'NONE',  ( 1.000000000000000000, 0.000000000000000000, 0.000000000000000000 ) ) ;
#4249 = CARTESIAN_POINT ( 'NONE',  ( -8.514706370123265700, -20.55631959837612399, 58.00000000000000000 ) ) ;
#4250 = LINE ( 'NONE', #1473, #640 ) ;
#4251 = EDGE_LOOP ( 'NONE', ( #3238, #2550, #1084 ) ) ;
#4252 = CARTESIAN_POINT ( 'NONE',  ( 20.03411786529341043, 2.618611004132168389E-13, 47.49999999989995558 ) ) ;
#4253 = FILL_AREA_STYLE ('',( #1034 ) ) ;
#4254 = UNCERTAINTY_MEASURE_WITH_UNIT (LENGTH_MEASURE( 1.000000000000000082E-05 ), #3247, 'distance_accuracy_value', 'NONE');
#4255 = CARTESIAN_POINT ( 'NONE',  ( -25.00000000000000000, -8.728703347107833388E-14, 48.52499999999999147 ) ) ;
#4256 = CIRCLE ( 'NONE', #1607, 1.024999999999991251 ) ;
#4257 = PRESENTATION_STYLE_ASSIGNMENT (( #1008 ) ) ;
#4258 = EDGE_LOOP ( 'NONE', ( #735, #4963 ) ) ;
#4259 = CARTESIAN_POINT ( 'NONE',  ( 1.025090853875685770, 24.97897493392417090, 59.13299546728448775 ) ) ;
#4260 = MECHANICAL_DESIGN_GEOMETRIC_PRESENTATION_REPRESENTATION (  '', ( #1117 ), #5124 ) ;
#4261 = CARTESIAN_POINT ( 'NONE',  ( 17.30957853796017787, 18.03867776399220091, 48.39602610772525537 ) ) ;
#4262 = UNCERTAINTY_MEASURE_WITH_UNIT (LENGTH_MEASURE( 1.000000000000000082E-05 ), #1090, 'distance_accuracy_value', 'NONE');
#4263 = FACE_BOUND ( 'NONE', #4520, .T. ) ;
#4264 = EDGE_CURVE ( 'NONE', #1937, #3640, #1656, .T. ) ;
#4265 = CYLINDRICAL_SURFACE ( 'NONE', #2274, 1.024999999999988587 ) ;
#4266 = VERTEX_POINT ( 'NONE', #3323 ) ;
#4267 = CYLINDRICAL_SURFACE ( 'NONE', #5169, 1.024999999999991251 ) ;
#4268 = ORIENTED_EDGE ( 'NONE', *, *, #2199, .F. ) ;
#4269 = CARTESIAN_POINT ( 'NONE',  ( 1.255262969126026246E-16, -25.00000000000000000, 60.02500000000000568 ) ) ;
#4270 =( LENGTH_UNIT ( ) NAMED_UNIT ( * ) SI_UNIT ( .MILLI., .METRE. ) );
#4271 = DIRECTION ( 'NONE',  ( 0.000000000000000000, 0.000000000000000000, 1.000000000000000000 ) ) ;
#4272 = DIRECTION ( 'NONE',  ( -0.7071067811865487940, 0.7071067811865463515, 0.000000000000000000 ) ) ;
#4273 = CARTESIAN_POINT ( 'NONE',  ( 25.00000000000000000, 0.1354353691716537744, 60.02500000000000568 ) ) ;
#4274 = ORIENTED_EDGE ( 'NONE', *, *, #2651, .T. ) ;
#4275 = CARTESIAN_POINT ( 'NONE',  ( -17.03318281924066113, 18.29954461374697416, 59.51656578188551094 ) ) ;
#4276 = ORIENTED_EDGE ( 'NONE', *, *, #3195, .T. ) ;
#4277 = SURFACE_STYLE_USAGE ( .BOTH. , #943 ) ;
#4278 = CARTESIAN_POINT ( 'NONE',  ( -0.8957077204995494979, -24.98400139584354918, 58.48409889184213029 ) ) ;
#4279 = ADVANCED_FACE ( 'NONE', ( #2096 ), #3856, .F. ) ;
#4280 = B_SPLINE_CURVE_WITH_KNOTS ( 'NONE', 3,
 ( #940, #2063, #452, #2463, #3700, #4923, #2439, #2142, #3288, #4574, #4139, #4103, #4164, #1701, #104, #3319 ),
 .UNSPECIFIED., .F., .F.,
 ( 4, 2, 2, 2, 2, 2, 2, 4 ),
 ( 0.003204287391195127181, 0.003604823501101699253, 0.004005359611008270891, 0.004405895720914843397, 0.004806431830821415035, 0.005206967940727986674, 0.005607504050634559180, 0.006408576270447707661 ),
 .UNSPECIFIED. ) ;
#4281 =( NAMED_UNIT ( * ) PLANE_ANGLE_UNIT ( ) SI_UNIT ( $, .RADIAN. ) );
#4282 = VERTEX_POINT ( 'NONE', #2498 ) ;
#4283 = DIRECTION ( 'NONE',  ( 1.000000000000000000, 0.000000000000000000, 0.000000000000000000 ) ) ;
#4284 = DIRECTION ( 'NONE',  ( 1.000000000000000000, 0.000000000000000000, 0.000000000000000000 ) ) ;
#4285 = EDGE_CURVE ( 'NONE', #4215, #3259, #2342, .T. ) ;
#4286 = CARTESIAN_POINT ( 'NONE',  ( 1.255262969126026246E-16, -25.00000000000000000, 48.52499999999999147 ) ) ;
#4287 = FACE_OUTER_BOUND ( 'NONE', #3746, .T. ) ;
#4288 = ORIENTED_EDGE ( 'NONE', *, *, #2019, .F. ) ;
#4289 = STYLED_ITEM ( 'NONE', ( #2032 ), #3708 ) ;
#4290 =( NAMED_UNIT ( * ) PLANE_ANGLE_UNIT ( ) SI_UNIT ( $, .RADIAN. ) );
#4291 = DIRECTION ( 'NONE',  ( -0.7071067811865474617, -0.7071067811865474617, 0.000000000000000000 ) ) ;
#4292 = AXIS2_PLACEMENT_3D ( 'NONE', #1692, #931, #1256 ) ;
#4293 = ORIENTED_EDGE ( 'NONE', *, *, #1830, .T. ) ;
#4294 = ADVANCED_FACE ( 'NONE', ( #2068 ), #4975, .F. ) ;
#4295 = LINE ( 'NONE', #1076, #3532 ) ;
#4296 = EDGE_LOOP ( 'NONE', ( #3893, #3954 ) ) ;
#4297 = AXIS2_PLACEMENT_3D ( 'NONE', #2649, #1827, #3457 ) ;
#4298 = COLOUR_RGB ( '',1.000000000000000000, 1.000000000000000000, 1.000000000000000000 ) ;
#4299 = CARTESIAN_POINT ( 'NONE',  ( 0.000000000000000000, 0.000000000000000000, 45.48999999999999488 ) ) ;
#4300 = CARTESIAN_POINT ( 'NONE',  ( 17.48645794738422410, -17.86726053904530787, 48.49796842212560222 ) ) ;
#4301 = FACE_BOUND ( 'NONE', #2788, .T. ) ;
#4302 =( GEOMETRIC_REPRESENTATION_CONTEXT ( 3 ) GLOBAL_UNCERTAINTY_ASSIGNED_CONTEXT ( ( #2165 ) ) GLOBAL_UNIT_ASSIGNED_CONTEXT ( ( #4511, #4881, #4932 ) ) REPRESENTATION_CONTEXT ( 'NONE', 'WORKASPACE' ) );
#4303 = FACE_OUTER_BOUND ( 'NONE', #2796, .T. ) ;
#4304 = AXIS2_PLACEMENT_3D ( 'NONE', #4716, #3523, #3494 ) ;
#4305 = FILL_AREA_STYLE ('',( #1464 ) ) ;
#4306 = ORIENTED_EDGE ( 'NONE', *, *, #3913, .F. ) ;
#4307 = CONICAL_SURFACE ( 'NONE', #3168, 1.024999999941511142, 1.029744258473568763 ) ;
#4309 = AXIS2_PLACEMENT_3D ( 'NONE', #891, #1291, #2383 ) ;
#4308 = CARTESIAN_POINT ( 'NONE',  ( 17.58363015780513194, -17.77171416942595172, 57.97490914704156495 ) ) ;
#4310 = EDGE_LOOP ( 'NONE', ( #5241, #2735, #4770, #4687 ) ) ;
#4311 = MECHANICAL_DESIGN_GEOMETRIC_PRESENTATION_REPRESENTATION (  '', ( #1320 ), #883 ) ;
#4312 = LINE ( 'NONE', #3920, #4491 ) ;
#4313 = CARTESIAN_POINT ( 'NONE',  ( -21.58131959837615099, 8.514706370123194645, 58.00000000000000000 ) ) ;
#4314 = FILL_AREA_STYLE_COLOUR ( '', #983 ) ;
#4315 = COLOUR_RGB ( '',1.000000000000000000, 1.000000000000000000, 1.000000000000000000 ) ;
#4316 = PRESENTATION_LAYER_ASSIGNMENT (  '', '', ( #4405 ) ) ;
#4317 = SURFACE_STYLE_USAGE ( .BOTH. , #2670 ) ;
#4318 = ORIENTED_EDGE ( 'NONE', *, *, #3883, .T. ) ;
#4319 = LINE ( 'NONE', #2286, #4199 ) ;
#4320 = DIRECTION ( 'NONE',  ( 1.000000000000000000, 0.000000000000000000, 0.000000000000000000 ) ) ;
#4321 = MECHANICAL_DESIGN_GEOMETRIC_PRESENTATION_REPRESENTATION (  '', ( #4135 ), #1753 ) ;
#4322 = DIRECTION ( 'NONE',  ( 0.7071067811865423547, 0.7071067811865525687, 0.000000000000000000 ) ) ;
#4323 = MECHANICAL_DESIGN_GEOMETRIC_PRESENTATION_REPRESENTATION (  '', ( #3453 ), #4749 ) ;
#4324 = DIRECTION ( 'NONE',  ( -0.000000000000000000, -1.000000000000000000, -0.000000000000000000 ) ) ;
#4325 = ORIENTED_EDGE ( 'NONE', *, *, #1855, .T. ) ;
#4326 = CARTESIAN_POINT ( 'NONE',  ( -1.024908670285998857, -24.97898240973567852, 47.36560777332606165 ) ) ;
#4327 = CIRCLE ( 'NONE', #4231, 1.024999999999998135 ) ;
#4328 = EDGE_CURVE ( 'NONE', #4756, #5223, #3430, .T. ) ;
#4329 = FACE_OUTER_BOUND ( 'NONE', #261, .T. ) ;
#4330 = UNCERTAINTY_MEASURE_WITH_UNIT (LENGTH_MEASURE( 1.000000000000000082E-05 ), #4672, 'distance_accuracy_value', 'NONE');
#4331 = DIRECTION ( 'NONE',  ( 1.156482317317871764E-14, -1.000000000000000000, 0.000000000000000000 ) ) ;
#4332 =( NAMED_UNIT ( * ) PLANE_ANGLE_UNIT ( ) SI_UNIT ( $, .RADIAN. ) );
#4333 = STYLED_ITEM ( 'NONE', ( #5010 ), #3356 ) ;
#4334 = EDGE_LOOP ( 'NONE', ( #2820, #5051, #2101 ) ) ;
#4335 = MECHANICAL_DESIGN_GEOMETRIC_PRESENTATION_REPRESENTATION (  '', ( #669 ), #1222 ) ;
#4336 = EDGE_CURVE ( 'NONE', #3470, #1032, #2837, .T. ) ;
#4337 = SURFACE_SIDE_STYLE ('',( #2976 ) ) ;
#4338 = ORIENTED_EDGE ( 'NONE', *, *, #4046, .F. ) ;
#4339 = CYLINDRICAL_SURFACE ( 'NONE', #1726, 1.024999999999991251 ) ;
#4340 = CYLINDRICAL_SURFACE ( 'NONE', #3566, 25.00000000000000000 ) ;
#4341 = PRESENTATION_STYLE_ASSIGNMENT (( #2277 ) ) ;
#4342 = DIRECTION ( 'NONE',  ( -0.000000000000000000, -0.000000000000000000, 1.000000000000000000 ) ) ;
#4343 = ORIENTED_EDGE ( 'NONE', *, *, #2754, .F. ) ;
#4344 = CARTESIAN_POINT ( 'NONE',  ( 9.539706370123406387, -20.55631959837606360, 58.00000000000000000 ) ) ;
#4345 = EDGE_CURVE ( 'NONE', #4864, #2555, #4710, .T. ) ;
#4346 = SURFACE_STYLE_USAGE ( .BOTH. , #2259 ) ;
#4347 = EDGE_LOOP ( 'NONE', ( #4995, #2517, #2536, #5067 ) ) ;
#4348 = FILL_AREA_STYLE_COLOUR ( '', #4971 ) ;
#4349 = CARTESIAN_POINT ( 'NONE',  ( 15.32653948222884921, 13.87697058077559475, 47.50000000000000000 ) ) ;
#4350 = CARTESIAN_POINT ( 'NONE',  ( 0.000000000000000000, -20.65000000000000924, 57.97500000013241817 ) ) ;
#4351 = VERTEX_POINT ( 'NONE', #4599 ) ;
#4352 = CARTESIAN_POINT ( 'NONE',  ( -24.99886811758394245, -0.2683313665701583250, 59.99833590874671785 ) ) ;
#4353 = VECTOR ( 'NONE', #1552, 999.9999999999998863 ) ;
#4354 = EDGE_CURVE ( 'NONE', #5269, #2011, #2547, .T. ) ;
#4355 = ORIENTED_EDGE ( 'NONE', *, *, #3, .F. ) ;
#4356 = B_SPLINE_CURVE_WITH_KNOTS ( 'NONE', 3,
 ( #2196, #627, #184, #3406, #4191, #1445, #3049, #2222, #997, #607, #1736, #3468, #243, #209, #660, #5002 ),
 .UNSPECIFIED., .F., .F.,
 ( 4, 2, 2, 2, 2, 2, 2, 4 ),
 ( 0.003204287407944418804, 0.003604823519234614127, 0.004005359630524809450, 0.004405895741815005207, 0.004806431853105200096, 0.005206967964395394985, 0.005607504075685589874, 0.006408576298265980520 ),
 .UNSPECIFIED. ) ;
#4357 = B_SPLINE_CURVE_WITH_KNOTS ( 'NONE', 3,
 ( #3598, #5250, #1660, #1583, #4930, #4531, #2044, #1629, #2862, #3196, #2830, #4448, #3675, #2471, #3242, #4509 ),
 .UNSPECIFIED., .F., .F.,
 ( 4, 2, 2, 2, 2, 2, 2, 4 ),
 ( 0.000000000000000000, 0.0004005359238993891628, 0.0008010718477987783257, 0.001201607771698167543, 0.001602143695597556651, 0.002002679619496945760, 0.002403215543396335085, 0.003204287391195123277 ),
 .UNSPECIFIED. ) ;
#4358 = PRESENTATION_STYLE_ASSIGNMENT (( #4380 ) ) ;
#4359 = ORIENTED_EDGE ( 'NONE', *, *, #708, .T. ) ;
#4360 = CARTESIAN_POINT ( 'NONE',  ( -18.38758964977790811, 16.93802074834543703, 47.50000000000000000 ) ) ;
#4361 = PRESENTATION_LAYER_ASSIGNMENT (  '', '', ( #4529 ) ) ;
#4362 = ADVANCED_FACE ( 'NONE', ( #4134 ), #993, .F. ) ;
#4363 = CARTESIAN_POINT ( 'NONE',  ( -17.30932310439759547, -18.03891749477584838, 46.60429229587307987 ) ) ;
#4364 = CIRCLE ( 'NONE', #185, 25.00000000000000000 ) ;
#4365 = CARTESIAN_POINT ( 'NONE',  ( -18.03867776399189182, -17.30957853796049761, 58.10397389227477305 ) ) ;
#4366 = CARTESIAN_POINT ( 'NONE',  ( 18.11781462323828151, -17.22654172550767626, 58.18065958253605174 ) ) ;
#4367 = ORIENTED_EDGE ( 'NONE', *, *, #3082, .T. ) ;
#4368 = CARTESIAN_POINT ( 'NONE',  ( -0.8960261247664076389, -24.98399028843315861, 59.51555097381282877 ) ) ;
#4369 = CARTESIAN_POINT ( 'NONE',  ( 24.99502542996517818, 0.5341225688667530225, 46.58427684663973878 ) ) ;
#4370 = ORIENTED_EDGE ( 'NONE', *, *, #4939, .T. ) ;
#4371 = EDGE_CURVE ( 'NONE', #3586, #453, #2141, .T. ) ;
#4372 = DIRECTION ( 'NONE',  ( 0.000000000000000000, -0.000000000000000000, 1.000000000000000000 ) ) ;
#4373 = FILL_AREA_STYLE_COLOUR ( '', #4632 ) ;
#4374 = FACE_OUTER_BOUND ( 'NONE', #3070, .T. ) ;
#4375 = CARTESIAN_POINT ( 'NONE',  ( -20.55631959837609557, -8.514706370123338530, 58.00000000000000000 ) ) ;
#4376 = CARTESIAN_POINT ( 'NONE',  ( 19.05631959837621281, -8.514706370123048984, 64.00000000000000000 ) ) ;
#4377 = UNCERTAINTY_MEASURE_WITH_UNIT (LENGTH_MEASURE( 1.000000000000000082E-05 ), #765, 'distance_accuracy_value', 'NONE');
#4378 = VERTEX_POINT ( 'NONE', #2249 ) ;
#4379 = MECHANICAL_DESIGN_GEOMETRIC_PRESENTATION_REPRESENTATION (  '', ( #4629 ), #2128 ) ;
#4380 = SURFACE_STYLE_USAGE ( .BOTH. , #2712 ) ;
#4381 = ORIENTED_EDGE ( 'NONE', *, *, #1776, .F. ) ;
#4382 = CARTESIAN_POINT ( 'NONE',  ( -18.11781462323804348, -17.22654172550793561, 48.31934041746396247 ) ) ;
#4383 = AXIS2_PLACEMENT_3D ( 'NONE', #1548, #1957, #813 ) ;
#4384 = DIRECTION ( 'NONE',  ( 0.000000000000000000, 0.000000000000000000, 1.000000000000000000 ) ) ;
#4385 = AXIS2_PLACEMENT_3D ( 'NONE', #2125, #1638, #149 ) ;
#4386 = VECTOR ( 'NONE', #4502, 999.9999999999998863 ) ;
#4387 = CARTESIAN_POINT ( 'NONE',  ( 4.000000000000000000, 0.000000000000000000, 0.000000000000000000 ) ) ;
#4388 = ORIENTED_EDGE ( 'NONE', *, *, #5193, .F. ) ;
#4389 = CARTESIAN_POINT ( 'NONE',  ( 0.000000000000000000, 25.00000000000000000, 60.02500000000000568 ) ) ;
#4390 =( LENGTH_UNIT ( ) NAMED_UNIT ( * ) SI_UNIT ( .MILLI., .METRE. ) );
#4391 = VECTOR ( 'NONE', #3219, 1000.000000000000000 ) ;
#4392 = DIRECTION ( 'NONE',  ( 0.000000000000000000, 0.000000000000000000, 1.000000000000000000 ) ) ;
#4393 = PRESENTATION_LAYER_ASSIGNMENT (  '', '', ( #3685 ) ) ;
#4394 = VERTEX_POINT ( 'NONE', #1127 ) ;
#4395 = SURFACE_STYLE_USAGE ( .BOTH. , #3217 ) ;
#4396 = MECHANICAL_DESIGN_GEOMETRIC_PRESENTATION_REPRESENTATION (  '', ( #1900 ), #4643 ) ;
#4397 = EDGE_CURVE ( 'NONE', #203, #596, #2448, .T. ) ;
#4398 = SURFACE_SIDE_STYLE ('',( #4426 ) ) ;
#4399 = DIRECTION ( 'NONE',  ( 1.000000000000000000, 0.000000000000000000, 0.000000000000000000 ) ) ;
#4400 = DIRECTION ( 'NONE',  ( -1.000000000000000000, 0.000000000000000000, 0.000000000000000000 ) ) ;
#4401 = COLOUR_RGB ( '',1.000000000000000000, 1.000000000000000000, 1.000000000000000000 ) ;
#4402 = CONICAL_SURFACE ( 'NONE', #2844, 1.024999999891341940, 1.029744258640724830 ) ;
#4403 = EDGE_CURVE ( 'NONE', #1626, #1901, #3973, .T. ) ;
#4404 = STYLED_ITEM ( 'NONE', ( #541 ), #2894 ) ;
#4405 = STYLED_ITEM ( 'NONE', ( #1449 ), #2023 ) ;
#4406 = CARTESIAN_POINT ( 'NONE',  ( -25.00000000000000000, -0.2708708636538508796, 46.47500000000000853 ) ) ;
#4407 = EDGE_CURVE ( 'NONE', #5102, #5269, #4029, .T. ) ;
#4408 = CARTESIAN_POINT ( 'NONE',  ( 0.000000000000000000, 0.000000000000000000, 64.00000000000000000 ) ) ;
#4409 = DIRECTION ( 'NONE',  ( 1.000000000000000000, 0.000000000000000000, 0.000000000000000000 ) ) ;
#4410 = EDGE_CURVE ( 'NONE', #2745, #4614, #729, .T. ) ;
#4411 =( GEOMETRIC_REPRESENTATION_CONTEXT ( 3 ) GLOBAL_UNCERTAINTY_ASSIGNED_CONTEXT ( ( #953 ) ) GLOBAL_UNIT_ASSIGNED_CONTEXT ( ( #5200, #3935, #3607 ) ) REPRESENTATION_CONTEXT ( 'NONE', 'WORKASPACE' ) );
#4412 = COLOUR_RGB ( '',1.000000000000000000, 1.000000000000000000, 1.000000000000000000 ) ;
#4413 = ORIENTED_EDGE ( 'NONE', *, *, #3737, .T. ) ;
#4414 = ORIENTED_EDGE ( 'NONE', *, *, #2872, .F. ) ;
#4415 = CARTESIAN_POINT ( 'NONE',  ( 16.95767621547329895, 18.36953639576573849, 58.73166863776184954 ) ) ;
#4416 = FACE_OUTER_BOUND ( 'NONE', #3011, .T. ) ;
#4417 = CARTESIAN_POINT ( 'NONE',  ( -18.38758964977778732, -16.93802074834556848, 47.50000000000000000 ) ) ;
#4418 = AXIS2_PLACEMENT_3D ( 'NONE', #2017, #4007, #4855 ) ;
#4419 = ORIENTED_EDGE ( 'NONE', *, *, #859, .T. ) ;
#4420 = DIRECTION ( 'NONE',  ( -0.000000000000000000, -0.000000000000000000, -1.000000000000000000 ) ) ;
#4421 = EDGE_CURVE ( 'NONE', #3910, #1901, #5155, .T. ) ;
#4422 = CARTESIAN_POINT ( 'NONE',  ( -14.16626059757677680, 14.16626059764778134, 47.50000000000000000 ) ) ;
#4423 = VERTEX_POINT ( 'NONE', #3122 ) ;
#4424 = DIRECTION ( 'NONE',  ( 0.7071067811865431318, 0.7071067811865516806, 0.000000000000000000 ) ) ;
#4425 = DIRECTION ( 'NONE',  ( -0.000000000000000000, -0.000000000000000000, 1.000000000000000000 ) ) ;
#4426 = SURFACE_STYLE_FILL_AREA ( #3160 ) ;
#4427 = CARTESIAN_POINT ( 'NONE',  ( 0.000000000000000000, 0.000000000000000000, 50.10000000000001563 ) ) ;
#4428 = LINE ( 'NONE', #1891, #4035 ) ;
#4429 = DIRECTION ( 'NONE',  ( 1.000000000000000000, 0.000000000000000000, 0.000000000000000000 ) ) ;
#4430 = CARTESIAN_POINT ( 'NONE',  ( -24.99886811758394245, -0.2683313665701886896, 48.49833590874668943 ) ) ;
#4431 = UNCERTAINTY_MEASURE_WITH_UNIT (LENGTH_MEASURE( 1.000000000000000082E-05 ), #4962, 'distance_accuracy_value', 'NONE');
#4432 = CARTESIAN_POINT ( 'NONE',  ( 15.32653948222914764, -13.87697058077526613, 59.00000000000001421 ) ) ;
#4433 = DIRECTION ( 'NONE',  ( 0.000000000000000000, 0.000000000000000000, -1.000000000000000000 ) ) ;
#4434 = ORIENTED_EDGE ( 'NONE', *, *, #708, .F. ) ;
#4435 = LINE ( 'NONE', #2271, #324 ) ;
#4436 = CARTESIAN_POINT ( 'NONE',  ( -20.55631959837615597, 8.514706370123192869, 62.00000000000000000 ) ) ;
#4437 = EDGE_CURVE ( 'NONE', #1534, #1503, #2298, .T. ) ;
#4438 = AXIS2_PLACEMENT_3D ( 'NONE', #459, #2470, #4508 ) ;
#4439 = PRESENTATION_STYLE_ASSIGNMENT (( #1540 ) ) ;
#4440 = CONICAL_SURFACE ( 'NONE', #1203, 1.024999999711763365, 1.029744258311296345 ) ;
#4441 = ORIENTED_EDGE ( 'NONE', *, *, #2248, .T. ) ;
#4442 = CARTESIAN_POINT ( 'NONE',  ( 0.2683313665701032580, -24.99886811758394600, 59.99833590874671785 ) ) ;
#4443 = AXIS2_PLACEMENT_3D ( 'NONE', #3464, #653, #3855 ) ;
#4444 = CARTESIAN_POINT ( 'NONE',  ( -20.65000000000000924, -8.728703347107833388E-14, 59.00000000000001421 ) ) ;
#4445 = FACE_OUTER_BOUND ( 'NONE', #4818, .T. ) ;
#4446 = LINE ( 'NONE', #766, #1742 ) ;
#4447 = APPLICATION_PROTOCOL_DEFINITION ( 'draft international standard', 'automotive_design', 1998, #2157 ) ;
#4448 = CARTESIAN_POINT ( 'NONE',  ( -17.30957853796043366, 18.03867776399194511, 46.60397389227475884 ) ) ;
#4449 = LINE ( 'NONE', #4510, #994 ) ;
#4450 = ADVANCED_FACE ( 'NONE', ( #1930, #3563, #310, #3506 ), #4340, .T. ) ;
#4451 = ADVANCED_FACE ( 'NONE', ( #4303 ), #4706, .F. ) ;
#4452 = DIRECTION ( 'NONE',  ( 1.000000000000000000, 0.000000000000000000, 0.000000000000000000 ) ) ;
#4453 = FILL_AREA_STYLE_COLOUR ( '', #1031 ) ;
#4454 = CARTESIAN_POINT ( 'NONE',  ( -13.87697058079425005, -15.32653948221016194, 47.50000000000000000 ) ) ;
#4455 = ORIENTED_EDGE ( 'NONE', *, *, #1174, .T. ) ;
#4456 = CARTESIAN_POINT ( 'NONE',  ( 1.255262969126026246E-16, 25.00000000000000000, 46.47500000000000853 ) ) ;
#4457 = FACE_OUTER_BOUND ( 'NONE', #4958, .T. ) ;
#4458 = CARTESIAN_POINT ( 'NONE',  ( -14.60175503150224152, 14.60175503150218468, 47.50000000000000000 ) ) ;
#4459 = DIRECTION ( 'NONE',  ( -0.000000000000000000, -0.000000000000000000, -1.000000000000000000 ) ) ;
#4460 = AXIS2_PLACEMENT_3D ( 'NONE', #3945, #2696, #3583 ) ;
#4461 = EDGE_CURVE ( 'NONE', #2555, #4018, #3853, .T. ) ;
#4462 = CARTESIAN_POINT ( 'NONE',  ( -18.36953639576543651, -16.95767621547362225, 59.26833136223818599 ) ) ;
#4463 = ORIENTED_EDGE ( 'NONE', *, *, #4952, .F. ) ;
#4464 = CARTESIAN_POINT ( 'NONE',  ( 25.00000000000000000, 3.061616997868383043E-15, 60.02500000000000568 ) ) ;
#4465 = AXIS2_PLACEMENT_3D ( 'NONE', #3890, #691, #272 ) ;
#4466 = ORIENTED_EDGE ( 'NONE', *, *, #2932, .F. ) ;
#4467 = CARTESIAN_POINT ( 'NONE',  ( 25.00000000000000000, 2.619866267101475982E-13, 48.52499999999999147 ) ) ;
#4468 = CIRCLE ( 'NONE', #4548, 1.024999999999988587 ) ;
#4469 = AXIS2_PLACEMENT_3D ( 'NONE', #4990, #1258, #442 ) ;
#4470 = CONICAL_SURFACE ( 'NONE', #1478, 1.024999999999998135, 1.029744258676655422 ) ;
#4471 = CARTESIAN_POINT ( 'NONE',  ( 24.98012564217997777, 0.9979684208316764726, 47.76926809128503493 ) ) ;
#4472 = EDGE_LOOP ( 'NONE', ( #4535, #1112 ) ) ;
#4474 = AXIS2_PLACEMENT_3D ( 'NONE', #1808, #4655, #3435 ) ;
#4473 = CARTESIAN_POINT ( 'NONE',  ( 10.01470637012326748, -20.55631959837612399, 64.00000000000000000 ) ) ;
#4475 = DIRECTION ( 'NONE',  ( -0.000000000000000000, -0.000000000000000000, 1.000000000000000000 ) ) ;
#4476 = AXIS2_PLACEMENT_3D ( 'NONE', #2184, #3394, #954 ) ;
#4477 = PRESENTATION_LAYER_ASSIGNMENT (  '', '', ( #3682 ) ) ;
#4478 = CARTESIAN_POINT ( 'NONE',  ( 14.60175503144979992, -14.60175503144954767, 59.00000000000001421 ) ) ;
#4479 = DIRECTION ( 'NONE',  ( -0.7071067811865412445, -0.7071067811865539010, 0.000000000000000000 ) ) ;
#4480 = B_SPLINE_CURVE_WITH_KNOTS ( 'NONE', 3,
 ( #167, #4630, #4200, #5012, #3055, #4233, #3842, #3412, #1771, #3448, #1007, #4665, #3014, #3478, #635, #4255 ),
 .UNSPECIFIED., .F., .F.,
 ( 4, 2, 2, 2, 2, 2, 2, 4 ),
 ( 4.193797975203455706E-17, 0.0004005359259930819493, 0.0008010718519861219399, 0.001201607777979161931, 0.001602143703972201813, 0.002002679629965242129, 0.002403215555958282228, 0.003204287407944376304 ),
 .UNSPECIFIED. ) ;
#4481 = CIRCLE ( 'NONE', #1976, 10.00000000000000000 ) ;
#4482 =( LENGTH_UNIT ( ) NAMED_UNIT ( * ) SI_UNIT ( .MILLI., .METRE. ) );
#4483 = AXIS2_PLACEMENT_3D ( 'NONE', #2273, #5131, #3463 ) ;
#4484 = LINE ( 'NONE', #1554, #3098 ) ;
#4485 = UNCERTAINTY_MEASURE_WITH_UNIT (LENGTH_MEASURE( 1.000000000000000082E-05 ), #3741, 'distance_accuracy_value', 'NONE');
#4486 = DIRECTION ( 'NONE',  ( 1.000000000000000000, 0.000000000000000000, 0.000000000000000000 ) ) ;
#4487 = AXIS2_PLACEMENT_3D ( 'NONE', #944, #4195, #4225 ) ;
#4488 = LINE ( 'NONE', #4911, #3699 ) ;
#4489 = EDGE_LOOP ( 'NONE', ( #933, #902, #4455 ) ) ;
#4490 = EDGE_CURVE ( 'NONE', #4954, #845, #851, .T. ) ;
#4491 = VECTOR ( 'NONE', #1468, 1000.000000000000000 ) ;
#4492 = SURFACE_STYLE_USAGE ( .BOTH. , #4885 ) ;
#4493 = LINE ( 'NONE', #1536, #5228 ) ;
#4494 = SURFACE_SIDE_STYLE ('',( #4155 ) ) ;
#4495 = MECHANICAL_DESIGN_GEOMETRIC_PRESENTATION_REPRESENTATION (  '', ( #2593 ), #4411 ) ;
#4496 =( GEOMETRIC_REPRESENTATION_CONTEXT ( 3 ) GLOBAL_UNCERTAINTY_ASSIGNED_CONTEXT ( ( #4754 ) ) GLOBAL_UNIT_ASSIGNED_CONTEXT ( ( #4067, #521, #1714 ) ) REPRESENTATION_CONTEXT ( 'NONE', 'WORKASPACE' ) );
#4497 = VECTOR ( 'NONE', #1255, 1000.000000000000000 ) ;
#4498 = ORIENTED_EDGE ( 'NONE', *, *, #3487, .T. ) ;
#4499 = CARTESIAN_POINT ( 'NONE',  ( 1.025090853875685770, -24.97897493392416379, 58.86700453271554778 ) ) ;
#4500 = VECTOR ( 'NONE', #4283, 1000.000000000000000 ) ;
#4501 = EDGE_CURVE ( 'NONE', #3189, #1721, #1279, .T. ) ;
#4502 = DIRECTION ( 'NONE',  ( -0.5150380752232273096, 0.000000000000000000, 0.8571673005139390789 ) ) ;
#4503 = ORIENTED_EDGE ( 'NONE', *, *, #4878, .F. ) ;
#4504 = LINE ( 'NONE', #763, #3757 ) ;
#4505 = ADVANCED_FACE ( 'NONE', ( #1594, #3232 ), #2433, .T. ) ;
#4506 =( NAMED_UNIT ( * ) SI_UNIT ( $, .STERADIAN. ) SOLID_ANGLE_UNIT ( ) );
#4507 = FILL_AREA_STYLE ('',( #2071 ) ) ;
#4508 = DIRECTION ( 'NONE',  ( -0.7071067811865474617, -0.7071067811865474617, 0.000000000000000000 ) ) ;
#4509 = CARTESIAN_POINT ( 'NONE',  ( -16.93802074834550098, 18.38758964977784416, 47.50000000000000000 ) ) ;
#4510 = CARTESIAN_POINT ( 'NONE',  ( -22.50000000000000355, 2.755455298081544383E-15, 45.48999999999999488 ) ) ;
#4511 =( LENGTH_UNIT ( ) NAMED_UNIT ( * ) SI_UNIT ( .MILLI., .METRE. ) );
#4512 =( LENGTH_UNIT ( ) NAMED_UNIT ( * ) SI_UNIT ( .MILLI., .METRE. ) );
#4513 = DIRECTION ( 'NONE',  ( -0.000000000000000000, -0.000000000000000000, -1.000000000000000000 ) ) ;
#4514 = VERTEX_POINT ( 'NONE', #1233 ) ;
#4515 = FACE_OUTER_BOUND ( 'NONE', #194, .T. ) ;
#4516 = SURFACE_STYLE_FILL_AREA ( #4916 ) ;
#4517 = DIRECTION ( 'NONE',  ( -0.8571673007021127777, 1.049727191138619189E-16, 0.5150380749100533784 ) ) ;
#4518 = ADVANCED_FACE ( 'NONE', ( #4047 ), #2020, .F. ) ;
#4519 = CARTESIAN_POINT ( 'NONE',  ( -0.1354353691713813534, 24.99999999999999645, 48.52499999999998437 ) ) ;
#4520 = EDGE_LOOP ( 'NONE', ( #48, #128 ) ) ;
#4521 = CIRCLE ( 'NONE', #102, 25.00000000000000000 ) ;
#4522 = EDGE_CURVE ( 'NONE', #1870, #276, #4113, .T. ) ;
#4523 =( NAMED_UNIT ( * ) PLANE_ANGLE_UNIT ( ) SI_UNIT ( $, .RADIAN. ) );
#4524 =( GEOMETRIC_REPRESENTATION_CONTEXT ( 3 ) GLOBAL_UNCERTAINTY_ASSIGNED_CONTEXT ( ( #1790 ) ) GLOBAL_UNIT_ASSIGNED_CONTEXT ( ( #4512, #4910, #4119 ) ) REPRESENTATION_CONTEXT ( 'NONE', 'WORKASPACE' ) );
#4525 = ORIENTED_EDGE ( 'NONE', *, *, #3383, .F. ) ;
#4526 = CARTESIAN_POINT ( 'NONE',  ( -14.60175503150213494, -14.60175503150228948, 59.00000000000001421 ) ) ;
#4527 = CARTESIAN_POINT ( 'NONE',  ( -25.00000000000000000, 0.2708708636537402459, 60.02500000000000568 ) ) ;
#4528 = CARTESIAN_POINT ( 'NONE',  ( -0.5341225688664908988, 24.99502542996518528, 58.08427684663975299 ) ) ;
#4529 = STYLED_ITEM ( 'NONE', ( #4188 ), #4682 ) ;
#4530 = EDGE_CURVE ( 'NONE', #1213, #2982, #516, .T. ) ;
#4531 = CARTESIAN_POINT ( 'NONE',  ( -18.11781462323816072, 17.22654172550781126, 46.68065958253602332 ) ) ;
#4532 =( NAMED_UNIT ( * ) PLANE_ANGLE_UNIT ( ) SI_UNIT ( $, .RADIAN. ) );
#4533 = FACE_OUTER_BOUND ( 'NONE', #4183, .T. ) ;
#4534 = CARTESIAN_POINT ( 'NONE',  ( 21.58131959837620784, -8.514706370123050760, 64.00000000000000000 ) ) ;
#4535 = ORIENTED_EDGE ( 'NONE', *, *, #2431, .F. ) ;
#4536 = CARTESIAN_POINT ( 'NONE',  ( -8.514706370123120038, -20.55631959837618439, 64.00000000000000000 ) ) ;
#4537 = LINE ( 'NONE', #3718, #4497 ) ;
#4538 = CARTESIAN_POINT ( 'NONE',  ( 8.514706370123407808, -20.55631959837606360, 62.00000000000000000 ) ) ;
#4539 = EDGE_LOOP ( 'NONE', ( #3709, #4211, #4325, #3923 ) ) ;
#4540 = LINE ( 'NONE', #878, #2217 ) ;
#4541 = VERTEX_POINT ( 'NONE', #2914 ) ;
#4542 = EDGE_CURVE ( 'NONE', #503, #5257, #2070, .T. ) ;
#4543 = CYLINDRICAL_SURFACE ( 'NONE', #2912, 1.024999999999988587 ) ;
#4544 = VERTEX_POINT ( 'NONE', #4589 ) ;
#4545 = CARTESIAN_POINT ( 'NONE',  ( 1.255262969126026246E-16, -25.00000000000000000, 48.52499999999999147 ) ) ;
#4546 = DIRECTION ( 'NONE',  ( -0.000000000000000000, -0.000000000000000000, -1.000000000000000000 ) ) ;
#4547 =( LENGTH_UNIT ( ) NAMED_UNIT ( * ) SI_UNIT ( .MILLI., .METRE. ) );
#4548 = AXIS2_PLACEMENT_3D ( 'NONE', #4458, #357, #1125 ) ;
#4549 = PRESENTATION_LAYER_ASSIGNMENT (  '', '', ( #135 ) ) ;
#4550 = VECTOR ( 'NONE', #3097, 1000.000000000000000 ) ;
#4551 = AXIS2_PLACEMENT_3D ( 'NONE', #4408, #302, #1556 ) ;
#4552 = COLOUR_RGB ( '',1.000000000000000000, 1.000000000000000000, 1.000000000000000000 ) ;
#4553 = CARTESIAN_POINT ( 'NONE',  ( -25.00000000000000000, 0.000000000000000000, 50.10000000000000142 ) ) ;
#4554 = ORIENTED_EDGE ( 'NONE', *, *, #907, .F. ) ;
#4555 =( NAMED_UNIT ( * ) PLANE_ANGLE_UNIT ( ) SI_UNIT ( $, .RADIAN. ) );
#4556 = ADVANCED_FACE ( 'NONE', ( #935 ), #4956, .F. ) ;
#4557 = SURFACE_SIDE_STYLE ('',( #4091 ) ) ;
#4558 = CIRCLE ( 'NONE', #1566, 1.024999999999991029 ) ;
#4559 = CIRCLE ( 'NONE', #2674, 25.00000000000000000 ) ;
#4560 = ORIENTED_EDGE ( 'NONE', *, *, #3913, .T. ) ;
#4561 = SURFACE_STYLE_FILL_AREA ( #1432 ) ;
#4562 = AXIS2_PLACEMENT_3D ( 'NONE', #4773, #2706, #3927 ) ;
#4563 = AXIS2_PLACEMENT_3D ( 'NONE', #370, #1959, #5216 ) ;
#4564 = CARTESIAN_POINT ( 'NONE',  ( 18.38758964977767363, 16.93802074834569282, 59.00000000000001421 ) ) ;
#4565 = EDGE_CURVE ( 'NONE', #1032, #3124, #1273, .T. ) ;
#4566 =( GEOMETRIC_REPRESENTATION_CONTEXT ( 3 ) GLOBAL_UNCERTAINTY_ASSIGNED_CONTEXT ( ( #3931 ) ) GLOBAL_UNIT_ASSIGNED_CONTEXT ( ( #4657, #1054, #2638 ) ) REPRESENTATION_CONTEXT ( 'NONE', 'WORKASPACE' ) );
#4567 = ORIENTED_EDGE ( 'NONE', *, *, #3942, .T. ) ;
#4568 = ORIENTED_EDGE ( 'NONE', *, *, #774, .F. ) ;
#4569 = CIRCLE ( 'NONE', #3446, 1.024999999999993694 ) ;
#4570 =( GEOMETRIC_REPRESENTATION_CONTEXT ( 3 ) GLOBAL_UNCERTAINTY_ASSIGNED_CONTEXT ( ( #374 ) ) GLOBAL_UNIT_ASSIGNED_CONTEXT ( ( #4767, #3948, #3895 ) ) REPRESENTATION_CONTEXT ( 'NONE', 'WORKASPACE' ) );
#4571 = SURFACE_SIDE_STYLE ('',( #1992 ) ) ;
#4572 = AXIS2_PLACEMENT_3D ( 'NONE', #3629, #842, #866 ) ;
#4573 = MECHANICAL_DESIGN_GEOMETRIC_PRESENTATION_REPRESENTATION (  '', ( #3533 ), #2076 ) ;
#4574 = CARTESIAN_POINT ( 'NONE',  ( 17.58363015780512484, -17.77171416942594817, 46.47490914704154363 ) ) ;
#4575 = FILL_AREA_STYLE ('',( #2928 ) ) ;
#4576 = AXIS2_PLACEMENT_3D ( 'NONE', #2986, #4603, #4688 ) ;
#4577 = FILL_AREA_STYLE ('',( #4976 ) ) ;
#4578 = CARTESIAN_POINT ( 'NONE',  ( -0.8957077204995494979, 24.98400139584354207, 59.51590110815789814 ) ) ;
#4579 = EDGE_CURVE ( 'NONE', #1838, #2478, #3821, .T. ) ;
#4580 = LINE ( 'NONE', #2120, #4843 ) ;
#4581 = ORIENTED_EDGE ( 'NONE', *, *, #2587, .F. ) ;
#4582 = DIRECTION ( 'NONE',  ( -0.7071067811865560104, 0.7071067811865391350, 0.000000000000000000 ) ) ;
#4583 = DIRECTION ( 'NONE',  ( -0.7071067811865412445, -0.7071067811865539010, 0.000000000000000000 ) ) ;
#4584 = ORIENTED_EDGE ( 'NONE', *, *, #191, .F. ) ;
#4585 =( LENGTH_UNIT ( ) NAMED_UNIT ( * ) SI_UNIT ( .MILLI., .METRE. ) );
#4586 = CARTESIAN_POINT ( 'NONE',  ( 17.86726053904524747, 17.48645794738428094, 48.49796842212559511 ) ) ;
#4587 = SURFACE_STYLE_USAGE ( .BOTH. , #4494 ) ;
#4588 = ORIENTED_EDGE ( 'NONE', *, *, #5266, .F. ) ;
#4589 = CARTESIAN_POINT ( 'NONE',  ( -14.16626059749859223, -14.16626059771175505, 59.00000000000001421 ) ) ;
#4590 = ADVANCED_FACE ( 'NONE', ( #2866 ), #4440, .F. ) ;
#4591 = VERTEX_POINT ( 'NONE', #3679 ) ;
#4592 = DIRECTION ( 'NONE',  ( -0.000000000000000000, -0.000000000000000000, 1.000000000000000000 ) ) ;
#4593 = FILL_AREA_STYLE ('',( #4811 ) ) ;
#4594 = DIRECTION ( 'NONE',  ( -1.000000000000000000, 0.000000000000000000, 0.000000000000000000 ) ) ;
#4595 = PLANE ( 'NONE',  #3075 ) ;
#4596 = ORIENTED_EDGE ( 'NONE', *, *, #347, .T. ) ;
#4597 = SURFACE_STYLE_USAGE ( .BOTH. , #964 ) ;
#4598 = CARTESIAN_POINT ( 'NONE',  ( -13.87697058073916345, 15.32653948225965657, 59.00000000000001421 ) ) ;
#4599 = CARTESIAN_POINT ( 'NONE',  ( 14.16626059751990852, 14.16626059751990852, 59.00000000000001421 ) ) ;
#4600 = FILL_AREA_STYLE_COLOUR ( '', #5248 ) ;
#4601 = MECHANICAL_DESIGN_GEOMETRIC_PRESENTATION_REPRESENTATION (  '', ( #2630 ), #4524 ) ;
#4602 = EDGE_LOOP ( 'NONE', ( #1431, #1542, #5112 ) ) ;
#4603 = DIRECTION ( 'NONE',  ( -0.000000000000000000, -0.000000000000000000, 1.000000000000000000 ) ) ;
#4604 = STYLED_ITEM ( 'NONE', ( #2917 ), #4728 ) ;
#4605 = LINE ( 'NONE', #2205, #3170 ) ;
#4606 = ORIENTED_EDGE ( 'NONE', *, *, #4149, .F. ) ;
#4607 = COLOUR_RGB ( '',1.000000000000000000, 1.000000000000000000, 1.000000000000000000 ) ;
#4608 = ADVANCED_FACE ( 'NONE', ( #436, #492 ), #3659, .T. ) ;
#4609 = LINE ( 'NONE', #3338, #3505 ) ;
#4610 = DIRECTION ( 'NONE',  ( -0.7071067811865560104, 0.7071067811865391350, 0.000000000000000000 ) ) ;
#4611 = CARTESIAN_POINT ( 'NONE',  ( -7.489706370123271562, 20.55631959837612399, 62.00000000000000000 ) ) ;
#4612 = DIRECTION ( 'NONE',  ( 0.000000000000000000, 0.000000000000000000, 1.000000000000000000 ) ) ;
#4613 = SURFACE_STYLE_USAGE ( .BOTH. , #3767 ) ;
#4614 = VERTEX_POINT ( 'NONE', #3034 ) ;
#4615 = CARTESIAN_POINT ( 'NONE',  ( 18.03867776399177458, 17.30957853796061130, 46.60397389227475884 ) ) ;
#4616 =( NAMED_UNIT ( * ) PLANE_ANGLE_UNIT ( ) SI_UNIT ( $, .RADIAN. ) );
#4617 = ORIENTED_EDGE ( 'NONE', *, *, #3587, .F. ) ;
#4618 = DIRECTION ( 'NONE',  ( 0.000000000000000000, 0.000000000000000000, 1.000000000000000000 ) ) ;
#4619 = DIRECTION ( 'NONE',  ( -0.000000000000000000, -0.000000000000000000, 1.000000000000000000 ) ) ;
#4620 = EDGE_CURVE ( 'NONE', #723, #1904, #939, .T. ) ;
#4621 = EDGE_LOOP ( 'NONE', ( #2710, #1428 ) ) ;
#4622 =( NAMED_UNIT ( * ) SI_UNIT ( $, .STERADIAN. ) SOLID_ANGLE_UNIT ( ) );
#4623 = CARTESIAN_POINT ( 'NONE',  ( -25.00000000000000000, 0.000000000000000000, 0.000000000000000000 ) ) ;
#4624 = CARTESIAN_POINT ( 'NONE',  ( -14.60175503143538656, -14.60175503143553932, 47.50000000000000000 ) ) ;
#4625 = ORIENTED_EDGE ( 'NONE', *, *, #5047, .T. ) ;
#4626 = FILL_AREA_STYLE ('',( #3790 ) ) ;
#4627 = CONICAL_SURFACE ( 'NONE', #5144, 1.024999999891341940, 1.029744258640724830 ) ;
#4628 = CARTESIAN_POINT ( 'NONE',  ( -19.05631959837615597, 8.514706370123192869, 62.00000000000000000 ) ) ;
#4629 = STYLED_ITEM ( 'NONE', ( #2641 ), #160 ) ;
#4630 = CARTESIAN_POINT ( 'NONE',  ( -25.00000000000000000, 0.1354353691713324759, 46.47500000000001563 ) ) ;
#4631 = CARTESIAN_POINT ( 'NONE',  ( 0.8960261247664071949, -24.98399028843315861, 46.98444902618719965 ) ) ;
#4632 = COLOUR_RGB ( '',1.000000000000000000, 1.000000000000000000, 1.000000000000000000 ) ;
#4633 = ORIENTED_EDGE ( 'NONE', *, *, #5008, .F. ) ;
#4634 = CIRCLE ( 'NONE', #2911, 1.499999999999999556 ) ;
#4635 =( GEOMETRIC_REPRESENTATION_CONTEXT ( 3 ) GLOBAL_UNCERTAINTY_ASSIGNED_CONTEXT ( ( #3554 ) ) GLOBAL_UNIT_ASSIGNED_CONTEXT ( ( #3265, #162, #4622 ) ) REPRESENTATION_CONTEXT ( 'NONE', 'WORKASPACE' ) );
#4636 = CARTESIAN_POINT ( 'NONE',  ( 24.97897493392418156, -1.025090853875437524, 59.13299546728436695 ) ) ;
#4637 = DIRECTION ( 'NONE',  ( -0.000000000000000000, -0.000000000000000000, 1.000000000000000000 ) ) ;
#4638 = UNCERTAINTY_MEASURE_WITH_UNIT (LENGTH_MEASURE( 1.000000000000000082E-05 ), #732, 'distance_accuracy_value', 'NONE');
#4639 = AXIS2_PLACEMENT_3D ( 'NONE', #1605, #764, #3133 ) ;
#4640 = AXIS2_PLACEMENT_3D ( 'NONE', #761, #320, #3129 ) ;
#4641 = EDGE_CURVE ( 'NONE', #1688, #4394, #3514, .T. ) ;
#4642 = EDGE_LOOP ( 'NONE', ( #1089, #4118, #4709, #3414 ) ) ;
#4643 =( GEOMETRIC_REPRESENTATION_CONTEXT ( 3 ) GLOBAL_UNCERTAINTY_ASSIGNED_CONTEXT ( ( #5126 ) ) GLOBAL_UNIT_ASSIGNED_CONTEXT ( ( #3477, #3159, #713 ) ) REPRESENTATION_CONTEXT ( 'NONE', 'WORKASPACE' ) );
#4644 = ORIENTED_EDGE ( 'NONE', *, *, #2258, .T. ) ;
#4645 = FILL_AREA_STYLE ('',( #1418 ) ) ;
#4646 = CARTESIAN_POINT ( 'NONE',  ( -20.65000000000000924, -8.716150717417565801E-14, 57.97500000008101750 ) ) ;
#4647 = STYLED_ITEM ( 'NONE', ( #4257 ), #2562 ) ;
#4648 = SURFACE_STYLE_FILL_AREA ( #124 ) ;
#4649 = STYLED_ITEM ( 'NONE', ( #133 ), #2903 ) ;
#4650 = CARTESIAN_POINT ( 'NONE',  ( 24.99886811758394245, 0.2683313665701337336, 59.99833590874676048 ) ) ;
#4651 = VECTOR ( 'NONE', #4001, 1000.000000000000000 ) ;
#4652 =( NAMED_UNIT ( * ) PLANE_ANGLE_UNIT ( ) SI_UNIT ( $, .RADIAN. ) );
#4653 = DIRECTION ( 'NONE',  ( 0.000000000000000000, 0.000000000000000000, 1.000000000000000000 ) ) ;
#4654 = CARTESIAN_POINT ( 'NONE',  ( 0.000000000000000000, 20.65000000000000924, 47.50000000000000000 ) ) ;
#4655 = DIRECTION ( 'NONE',  ( -1.000000000000000000, -0.000000000000000000, -0.000000000000000000 ) ) ;
#4656 = CARTESIAN_POINT ( 'NONE',  ( -7.014706370123120038, -20.55631959837618439, 62.00000000000000000 ) ) ;
#4657 =( LENGTH_UNIT ( ) NAMED_UNIT ( * ) SI_UNIT ( .MILLI., .METRE. ) );
#4658 =( GEOMETRIC_REPRESENTATION_CONTEXT ( 3 ) GLOBAL_UNCERTAINTY_ASSIGNED_CONTEXT ( ( #2970 ) ) GLOBAL_UNIT_ASSIGNED_CONTEXT ( ( #2188, #4616, #5045 ) ) REPRESENTATION_CONTEXT ( 'NONE', 'WORKASPACE' ) );
#4659 = CIRCLE ( 'NONE', #2594, 1.024999999999994582 ) ;
#4660 = SURFACE_SIDE_STYLE ('',( #4686 ) ) ;
#4661 = VERTEX_POINT ( 'NONE', #5137 ) ;
#4662 = EDGE_CURVE ( 'NONE', #2270, #203, #2257, .T. ) ;
#4663 = SURFACE_SIDE_STYLE ('',( #5059 ) ) ;
#4664 = CARTESIAN_POINT ( 'NONE',  ( 25.00000000000000000, 3.061616997868383043E-15, 64.00000000000000000 ) ) ;
#4665 = CARTESIAN_POINT ( 'NONE',  ( -24.98399028843315861, 0.8960261247663061646, 48.01555097381282877 ) ) ;
#4666 = SURFACE_SIDE_STYLE ('',( #3413 ) ) ;
#4667 = AXIS2_PLACEMENT_3D ( 'NONE', #1373, #2616, #614 ) ;
#4668 = EDGE_LOOP ( 'NONE', ( #5097, #5166 ) ) ;
#4669 = FILL_AREA_STYLE ('',( #2124 ) ) ;
#4670 = CARTESIAN_POINT ( 'NONE',  ( 25.00000000000000355, -0.2708706130314925131, 60.02500000000000568 ) ) ;
#4671 = CARTESIAN_POINT ( 'NONE',  ( -20.55631959837609557, -8.514706370123338530, 58.00000000000000000 ) ) ;
#4672 =( LENGTH_UNIT ( ) NAMED_UNIT ( * ) SI_UNIT ( .MILLI., .METRE. ) );
#4673 = VERTEX_POINT ( 'NONE', #3491 ) ;
#4674 = DIRECTION ( 'NONE',  ( 0.000000000000000000, 0.000000000000000000, 1.000000000000000000 ) ) ;
#4675 = ORIENTED_EDGE ( 'NONE', *, *, #347, .F. ) ;
#4676 = EDGE_CURVE ( 'NONE', #3838, #4541, #609, .T. ) ;
#4677 = DIRECTION ( 'NONE',  ( -0.000000000000000000, -0.000000000000000000, 1.000000000000000000 ) ) ;
#4678 = DIRECTION ( 'NONE',  ( -0.000000000000000000, -0.000000000000000000, 1.000000000000000000 ) ) ;
#4679 = CARTESIAN_POINT ( 'NONE',  ( 0.000000000000000000, 0.000000000000000000, 50.10000000000000142 ) ) ;
#4680 = CARTESIAN_POINT ( 'NONE',  ( 17.67766952966384508, -17.67766952966353600, 47.50000000000000000 ) ) ;
#4681 = EDGE_LOOP ( 'NONE', ( #3185, #5013, #3451 ) ) ;
#4682 = ADVANCED_FACE ( 'NONE', ( #3950 ), #2629, .F. ) ;
#4683 = CARTESIAN_POINT ( 'NONE',  ( -0.5165658162314852309, -24.99497086695924963, 58.10454700487434820 ) ) ;
#4684 = CARTESIAN_POINT ( 'NONE',  ( 20.55631959837603162, 8.514706370123480639, 62.00000000000000000 ) ) ;
#4685 = SURFACE_STYLE_FILL_AREA ( #5115 ) ;
#4686 = SURFACE_STYLE_FILL_AREA ( #293 ) ;
#4687 = ORIENTED_EDGE ( 'NONE', *, *, #3990, .F. ) ;
#4688 = DIRECTION ( 'NONE',  ( 1.000000000000000000, 0.000000000000000000, 0.000000000000000000 ) ) ;
#4689 = UNCERTAINTY_MEASURE_WITH_UNIT (LENGTH_MEASURE( 1.000000000000000082E-05 ), #3974, 'distance_accuracy_value', 'NONE');
#4690 =( LENGTH_UNIT ( ) NAMED_UNIT ( * ) SI_UNIT ( .MILLI., .METRE. ) );
#4691 = VECTOR ( 'NONE', #1083, 1000.000000000000000 ) ;
#4692 =( LENGTH_UNIT ( ) NAMED_UNIT ( * ) SI_UNIT ( .MILLI., .METRE. ) );
#4693 = EDGE_CURVE ( 'NONE', #3044, #2058, #1419, .T. ) ;
#4694 = CARTESIAN_POINT ( 'NONE',  ( 7.014706370123267476, -20.55631959837612399, 62.00000000000000000 ) ) ;
#4695 = ORIENTED_EDGE ( 'NONE', *, *, #3723, .F. ) ;
#4696 = PRESENTATION_LAYER_ASSIGNMENT (  '', '', ( #1694 ) ) ;
#4697 = CARTESIAN_POINT ( 'NONE',  ( 17.58363015780475536, 17.77171416942632121, 48.52509085295844926 ) ) ;
#4698 = LINE ( 'NONE', #1797, #3243 ) ;
#4699 = VECTOR ( 'NONE', #4678, 1000.000000000000000 ) ;
#4700 = VERTEX_POINT ( 'NONE', #1781 ) ;
#4701 = CARTESIAN_POINT ( 'NONE',  ( -10.00000000000000000, 1.224646799147353256E-15, 50.10000000000000142 ) ) ;
#4702 = ORIENTED_EDGE ( 'NONE', *, *, #3486, .F. ) ;
#4703 = SURFACE_STYLE_FILL_AREA ( #2216 ) ;
#4704 = CARTESIAN_POINT ( 'NONE',  ( 17.22654172550799956, -18.11781462323798308, 48.31934041746396247 ) ) ;
#4705 = CARTESIAN_POINT ( 'NONE',  ( 0.000000000000000000, 0.000000000000000000, 64.00000000000000000 ) ) ;
#4706 = CYLINDRICAL_SURFACE ( 'NONE', #3732, 1.500000000000001332 ) ;
#4707 = ORIENTED_EDGE ( 'NONE', *, *, #485, .T. ) ;
#4708 = DIRECTION ( 'NONE',  ( -0.000000000000000000, -0.000000000000000000, 1.000000000000000000 ) ) ;
#4709 = ORIENTED_EDGE ( 'NONE', *, *, #2515, .T. ) ;
#4710 = LINE ( 'NONE', #2254, #1966 ) ;
#4711 = DIRECTION ( 'NONE',  ( -0.000000000000000000, -0.000000000000000000, 1.000000000000000000 ) ) ;
#4712 = FACE_OUTER_BOUND ( 'NONE', #4196, .T. ) ;
#4713 = EDGE_CURVE ( 'NONE', #4104, #420, #2725, .T. ) ;
#4714 = FILL_AREA_STYLE ('',( #3897 ) ) ;
#4715 = ORIENTED_EDGE ( 'NONE', *, *, #4285, .F. ) ;
#4716 = CARTESIAN_POINT ( 'NONE',  ( 17.67766952966347205, 17.67766952966390193, 47.50000000000000000 ) ) ;
#4717 = DIRECTION ( 'NONE',  ( 1.000000000000000000, 0.000000000000000000, 0.000000000000000000 ) ) ;
#4718 = CARTESIAN_POINT ( 'NONE',  ( 0.2708706130317802829, -25.00000000000000355, 46.47500000000000853 ) ) ;
#4719 = ORIENTED_EDGE ( 'NONE', *, *, #1954, .T. ) ;
#4720 = PRESENTATION_LAYER_ASSIGNMENT (  '', '', ( #2827 ) ) ;
#4721 = CARTESIAN_POINT ( 'NONE',  ( -25.00000000000000000, -5.169952958049080662E-14, 60.02500000000000568 ) ) ;
#4722 = DIRECTION ( 'NONE',  ( -0.7071067811865487940, 0.7071067811865463515, 0.000000000000000000 ) ) ;
#4723 = CIRCLE ( 'NONE', #1889, 25.00000000000000000 ) ;
#4724 = ORIENTED_EDGE ( 'NONE', *, *, #4791, .F. ) ;
#4725 =( GEOMETRIC_REPRESENTATION_CONTEXT ( 3 ) GLOBAL_UNCERTAINTY_ASSIGNED_CONTEXT ( ( #3658 ) ) GLOBAL_UNIT_ASSIGNED_CONTEXT ( ( #4746, #28, #131 ) ) REPRESENTATION_CONTEXT ( 'NONE', 'WORKASPACE' ) );
#4726 = DIRECTION ( 'NONE',  ( -0.000000000000000000, -0.000000000000000000, 1.000000000000000000 ) ) ;
#4727 = VERTEX_POINT ( 'NONE', #3427 ) ;
#4728 = ADVANCED_FACE ( 'NONE', ( #1801 ), #945, .F. ) ;
#4729 = PRESENTATION_LAYER_ASSIGNMENT (  '', '', ( #1967 ) ) ;
#4730 = CIRCLE ( 'NONE', #225, 4.000000000000000000 ) ;
#4731 = CARTESIAN_POINT ( 'NONE',  ( 14.60175503150233922, -14.60175503150208520, 47.50000000000000000 ) ) ;
#4732 =( GEOMETRIC_REPRESENTATION_CONTEXT ( 3 ) GLOBAL_UNCERTAINTY_ASSIGNED_CONTEXT ( ( #4377 ) ) GLOBAL_UNIT_ASSIGNED_CONTEXT ( ( #765, #1061, #1918 ) ) REPRESENTATION_CONTEXT ( 'NONE', 'WORKASPACE' ) );
#4733 = AXIS2_PLACEMENT_3D ( 'NONE', #3314, #4967, #4059 ) ;
#4734 = SURFACE_STYLE_FILL_AREA ( #3067 ) ;
#4735 = PRESENTATION_STYLE_ASSIGNMENT (( #3068 ) ) ;
#4736 = SURFACE_SIDE_STYLE ('',( #264 ) ) ;
#4737 = VECTOR ( 'NONE', #4799, 1000.000000000000000 ) ;
#4739 = AXIS2_PLACEMENT_3D ( 'NONE', #5170, #693, #4399 ) ;
#4738 = CARTESIAN_POINT ( 'NONE',  ( 20.55631959837621281, -8.514706370123050760, 58.00000000000000000 ) ) ;
#4740 = ORIENTED_EDGE ( 'NONE', *, *, #4149, .T. ) ;
#4741 = CONICAL_SURFACE ( 'NONE', #4128, 1.024999999899592229, 1.029744258350855812 ) ;
#4742 = CARTESIAN_POINT ( 'NONE',  ( 0.000000000000000000, 0.000000000000000000, 50.00000000000000711 ) ) ;
#4743 = PRESENTATION_LAYER_ASSIGNMENT (  '', '', ( #4130 ) ) ;
#4744 = VERTEX_POINT ( 'NONE', #3807 ) ;
#4745 = SURFACE_STYLE_USAGE ( .BOTH. , #1169 ) ;
#4746 =( LENGTH_UNIT ( ) NAMED_UNIT ( * ) SI_UNIT ( .MILLI., .METRE. ) );
#4747 = ADVANCED_FACE ( 'NONE', ( #5023, #181, #4218, #5048 ), #1699, .T. ) ;
#4748 = FACE_OUTER_BOUND ( 'NONE', #2890, .T. ) ;
#4749 =( GEOMETRIC_REPRESENTATION_CONTEXT ( 3 ) GLOBAL_UNCERTAINTY_ASSIGNED_CONTEXT ( ( #4856 ) ) GLOBAL_UNIT_ASSIGNED_CONTEXT ( ( #262, #748, #2786 ) ) REPRESENTATION_CONTEXT ( 'NONE', 'WORKASPACE' ) );
#4750 = FILL_AREA_STYLE ('',( #3083 ) ) ;
#4751 = EDGE_LOOP ( 'NONE', ( #1510, #26, #4981 ) ) ;
#4752 = CIRCLE ( 'NONE', #2934, 1.024999999999985922 ) ;
#4753 = SURFACE_STYLE_FILL_AREA ( #4776 ) ;
#4754 = UNCERTAINTY_MEASURE_WITH_UNIT (LENGTH_MEASURE( 1.000000000000000082E-05 ), #4067, 'distance_accuracy_value', 'NONE');
#4755 = PRESENTATION_LAYER_ASSIGNMENT (  '', '', ( #4333 ) ) ;
#4756 = VERTEX_POINT ( 'NONE', #4646 ) ;
#4757 = PRESENTATION_LAYER_ASSIGNMENT (  '', '', ( #2511 ) ) ;
#4758 = SURFACE_STYLE_FILL_AREA ( #3558 ) ;
#4759 = VERTEX_POINT ( 'NONE', #605 ) ;
#4760 = ADVANCED_FACE ( 'NONE', ( #2192 ), #3832, .T. ) ;
#4761 = SURFACE_SIDE_STYLE ('',( #4812 ) ) ;
#4762 = CARTESIAN_POINT ( 'NONE',  ( 0.000000000000000000, 0.000000000000000000, 45.50000000000000000 ) ) ;
#4763 = PRESENTATION_STYLE_ASSIGNMENT (( #1860 ) ) ;
#4764 = CARTESIAN_POINT ( 'NONE',  ( -17.01881181540892740, 18.31383994738920507, 58.46587747276631575 ) ) ;
#4765 = PLANE ( 'NONE',  #2029 ) ;
#4766 = ORIENTED_EDGE ( 'NONE', *, *, #772, .T. ) ;
#4767 =( LENGTH_UNIT ( ) NAMED_UNIT ( * ) SI_UNIT ( .MILLI., .METRE. ) );
#4768 = DIRECTION ( 'NONE',  ( 0.000000000000000000, 1.000000000000000000, 0.000000000000000000 ) ) ;
#4769 =( NAMED_UNIT ( * ) SI_UNIT ( $, .STERADIAN. ) SOLID_ANGLE_UNIT ( ) );
#4770 = ORIENTED_EDGE ( 'NONE', *, *, #4530, .F. ) ;
#4771 = DIRECTION ( 'NONE',  ( 0.7071067811865389130, 0.7071067811865561215, 0.000000000000000000 ) ) ;
#4772 = FACE_OUTER_BOUND ( 'NONE', #2823, .T. ) ;
#4773 = CARTESIAN_POINT ( 'NONE',  ( -20.64999999993233359, -8.728703347107833388E-14, 47.50000000000000000 ) ) ;
#4774 = DIRECTION ( 'NONE',  ( 0.000000000000000000, 0.000000000000000000, -1.000000000000000000 ) ) ;
#4775 = ORIENTED_EDGE ( 'NONE', *, *, #3691, .T. ) ;
#4776 = FILL_AREA_STYLE ('',( #745 ) ) ;
#4777 = CARTESIAN_POINT ( 'NONE',  ( -8.514706370123265700, -20.55631959837612399, 58.00000000000000000 ) ) ;
#4778 = ORIENTED_EDGE ( 'NONE', *, *, #870, .F. ) ;
#4779 = EDGE_CURVE ( 'NONE', #2343, #3124, #2190, .T. ) ;
#4780 = AXIS2_PLACEMENT_3D ( 'NONE', #1221, #4882, #3813 ) ;
#4781 = CYLINDRICAL_SURFACE ( 'NONE', #2075, 25.00000000000000000 ) ;
#4782 = VERTEX_POINT ( 'NONE', #4473 ) ;
#4783 = DIRECTION ( 'NONE',  ( 0.7071067811865469066, 0.7071067811865481278, 0.000000000000000000 ) ) ;
#4784 = SURFACE_SIDE_STYLE ('',( #1207 ) ) ;
#4785 = CARTESIAN_POINT ( 'NONE',  ( -17.86592197364762669, -17.48783110241212668, 46.50141135948313575 ) ) ;
#4786 = SURFACE_SIDE_STYLE ('',( #1951 ) ) ;
#4787 = CARTESIAN_POINT ( 'NONE',  ( -8.514706370123265700, 20.55631959837612399, 64.00000000000000000 ) ) ;
#4788 = DIRECTION ( 'NONE',  ( 0.7071067811865389130, 0.7071067811865561215, 0.000000000000000000 ) ) ;
#4789 = FACE_OUTER_BOUND ( 'NONE', #2110, .T. ) ;
#4790 = ORIENTED_EDGE ( 'NONE', *, *, #3383, .T. ) ;
#4791 = EDGE_CURVE ( 'NONE', #1752, #1626, #1119, .T. ) ;
#4792 = CARTESIAN_POINT ( 'NONE',  ( -0.5341225688664831273, -24.99502542996518883, 59.91572315336031096 ) ) ;
#4793 = EDGE_CURVE ( 'NONE', #1688, #1283, #4927, .T. ) ;
#4794 = DIRECTION ( 'NONE',  ( -1.000000000000000000, -0.000000000000000000, -0.000000000000000000 ) ) ;
#4795 = ORIENTED_EDGE ( 'NONE', *, *, #4878, .T. ) ;
#4796 = SURFACE_STYLE_FILL_AREA ( #1602 ) ;
#4797 = FACE_BOUND ( 'NONE', #4472, .T. ) ;
#4798 = DIRECTION ( 'NONE',  ( 0.000000000000000000, 0.000000000000000000, 1.000000000000000000 ) ) ;
#4799 = DIRECTION ( 'NONE',  ( -0.000000000000000000, -0.000000000000000000, 1.000000000000000000 ) ) ;
#4800 = DIRECTION ( 'NONE',  ( 0.7071067811865509034, -0.7071067811865440200, 0.000000000000000000 ) ) ;
#4801 = CARTESIAN_POINT ( 'NONE',  ( -24.99223329972245367, -0.6302543902972803647, 59.81931789515662246 ) ) ;
#4802 = UNCERTAINTY_MEASURE_WITH_UNIT (LENGTH_MEASURE( 1.000000000000000082E-05 ), #4874, 'distance_accuracy_value', 'NONE');
#4803 = FACE_OUTER_BOUND ( 'NONE', #4131, .T. ) ;
#4804 = VECTOR ( 'NONE', #116, 1000.000000000000000 ) ;
#4805 = VERTEX_POINT ( 'NONE', #1655 ) ;
#4806 = EDGE_LOOP ( 'NONE', ( #1301, #3616, #1276 ) ) ;
#4807 = CARTESIAN_POINT ( 'NONE',  ( -17.77269653572410846, -17.58263722810971075, 48.52490867121289142 ) ) ;
#4808 = LINE ( 'NONE', #704, #2659 ) ;
#4809 = CIRCLE ( 'NONE', #1720, 1.500000000000000888 ) ;
#4810 = ADVANCED_FACE ( 'NONE', ( #4445 ), #1267, .F. ) ;
#4811 = FILL_AREA_STYLE_COLOUR ( '', #5127 ) ;
#4812 = SURFACE_STYLE_FILL_AREA ( #5205 ) ;
#4813 = AXIS2_PLACEMENT_3D ( 'NONE', #499, #1299, #4937 ) ;
#4814 = CIRCLE ( 'NONE', #4895, 1.024999999999991251 ) ;
#4815 = PRESENTATION_LAYER_ASSIGNMENT (  '', '', ( #3516 ) ) ;
#4816 = DIRECTION ( 'NONE',  ( 0.000000000000000000, 0.000000000000000000, -1.000000000000000000 ) ) ;
#4817 = CARTESIAN_POINT ( 'NONE',  ( 17.48783110241218708, -17.86592197364756984, 58.00141135948316418 ) ) ;
#4818 = EDGE_LOOP ( 'NONE', ( #4702, #3474, #4775, #1274 ) ) ;
#4819 = CARTESIAN_POINT ( 'NONE',  ( -1.024908670285998857, -24.97898240973567852, 58.86560777332606875 ) ) ;
#4820 = DIRECTION ( 'NONE',  ( 0.000000000000000000, 0.000000000000000000, 1.000000000000000000 ) ) ;
#4821 = AXIS2_PLACEMENT_3D ( 'NONE', #1307, #2916, #3350 ) ;
#4822 = CIRCLE ( 'NONE', #2321, 1.024999999999998135 ) ;
#4823 = DIRECTION ( 'NONE',  ( 1.000000000000000000, 0.000000000000000000, 0.000000000000000000 ) ) ;
#4824 = ORIENTED_EDGE ( 'NONE', *, *, #4565, .T. ) ;
#4825 = AXIS2_PLACEMENT_3D ( 'NONE', #1155, #4459, #415 ) ;
#4826 = CYLINDRICAL_SURFACE ( 'NONE', #4304, 1.024999999999985922 ) ;
#4827 = CARTESIAN_POINT ( 'NONE',  ( -25.00000000000000000, 0.000000000000000000, 57.97500000000002984 ) ) ;
#4828 = CARTESIAN_POINT ( 'NONE',  ( -22.05631959837609202, -8.514706370123338530, 62.00000000000000000 ) ) ;
#4829 = MECHANICAL_DESIGN_GEOMETRIC_PRESENTATION_REPRESENTATION (  '', ( #4404 ), #4566 ) ;
#4830 = VECTOR ( 'NONE', #1346, 1000.000000000000000 ) ;
#4831 = ADVANCED_FACE ( 'NONE', ( #3291, #2798 ), #4949, .F. ) ;
#4832 = CARTESIAN_POINT ( 'NONE',  ( -18.40245398037979996, -16.95288507894758112, 47.50000000000000000 ) ) ;
#4833 = PRESENTATION_LAYER_ASSIGNMENT (  '', '', ( #3871 ) ) ;
#4834 = CARTESIAN_POINT ( 'NONE',  ( 20.64999999998917701, 2.619866267101353299E-13, 48.52499999989959178 ) ) ;
#4835 = DIRECTION ( 'NONE',  ( 0.000000000000000000, 0.000000000000000000, 1.000000000000000000 ) ) ;
#4836 = SURFACE_STYLE_USAGE ( .BOTH. , #1533 ) ;
#4837 = ORIENTED_EDGE ( 'NONE', *, *, #2740, .F. ) ;
#4838 = CARTESIAN_POINT ( 'NONE',  ( -1.262177448353618889E-26, -20.03411786529341043, 47.49999999989995558 ) ) ;
#4839 = CARTESIAN_POINT ( 'NONE',  ( 25.00000000000000000, 2.618611004132350143E-13, 57.97500000000002984 ) ) ;
#4840 = CIRCLE ( 'NONE', #3881, 22.50000000000000355 ) ;
#4841 = CARTESIAN_POINT ( 'NONE',  ( -16.93802074834550453, 18.38758964977784061, 47.63543537130605898 ) ) ;
#4842 = CARTESIAN_POINT ( 'NONE',  ( -17.86726053904537537, -17.48645794738416370, 59.99796842212560222 ) ) ;
#4843 = VECTOR ( 'NONE', #1430, 1000.000000000000000 ) ;
#4844 = EDGE_CURVE ( 'NONE', #4147, #550, #2888, .T. ) ;
#4845 = DIRECTION ( 'NONE',  ( 1.000000000000000000, 0.000000000000000000, 0.000000000000000000 ) ) ;
#4846 = EDGE_LOOP ( 'NONE', ( #2215, #3898, #783, #3118, #4370, #972, #1297, #2003 ) ) ;
#4847 = SURFACE_STYLE_USAGE ( .BOTH. , #21 ) ;
#4848 = ADVANCED_FACE ( 'NONE', ( #4106 ), #2194, .F. ) ;
#4849 = CARTESIAN_POINT ( 'NONE',  ( 21.58131959837620784, -8.514706370123050760, 62.00000000000000000 ) ) ;
#4850 = ORIENTED_EDGE ( 'NONE', *, *, #2814, .T. ) ;
#4851 = DIRECTION ( 'NONE',  ( 0.7071067811865509034, -0.7071067811865441310, 0.000000000000000000 ) ) ;
#4852 =( NAMED_UNIT ( * ) SI_UNIT ( $, .STERADIAN. ) SOLID_ANGLE_UNIT ( ) );
#4853 = SURFACE_STYLE_FILL_AREA ( #456 ) ;
#4854 = CARTESIAN_POINT ( 'NONE',  ( 0.000000000000000000, 0.000000000000000000, 61.50000000000000000 ) ) ;
#4855 = DIRECTION ( 'NONE',  ( 1.000000000000000000, 0.000000000000000000, 0.000000000000000000 ) ) ;
#4856 = UNCERTAINTY_MEASURE_WITH_UNIT (LENGTH_MEASURE( 1.000000000000000082E-05 ), #262, 'distance_accuracy_value', 'NONE');
#4857 = SURFACE_STYLE_USAGE ( .BOTH. , #3199 ) ;
#4858 = EDGE_CURVE ( 'NONE', #4514, #1190, #2879, .T. ) ;
#4859 = CARTESIAN_POINT ( 'NONE',  ( 0.000000000000000000, 0.000000000000000000, 0.000000000000000000 ) ) ;
#4860 = ORIENTED_EDGE ( 'NONE', *, *, #318, .T. ) ;
#4861 = CIRCLE ( 'NONE', #3817, 1.499999999999998224 ) ;
#4862 = CARTESIAN_POINT ( 'NONE',  ( -9.539706370123264279, -20.55631959837612399, 58.00000000000000000 ) ) ;
#4863 = FILL_AREA_STYLE_COLOUR ( '', #1417 ) ;
#4864 = VERTEX_POINT ( 'NONE', #1575 ) ;
#4865 = DIRECTION ( 'NONE',  ( 1.000000000000000000, 0.000000000000000000, 0.000000000000000000 ) ) ;
#4866 = FILL_AREA_STYLE_COLOUR ( '', #1489 ) ;
#4867 = EDGE_LOOP ( 'NONE', ( #1456, #2896, #1815, #1287 ) ) ;
#4868 = EDGE_LOOP ( 'NONE', ( #2915, #2545 ) ) ;
#4869 = CARTESIAN_POINT ( 'NONE',  ( 24.98674903070519804, -0.8193404547549429928, 46.86977493780851489 ) ) ;
#4870 = AXIS2_PLACEMENT_3D ( 'NONE', #513, #4546, #889 ) ;
#4871 =( LENGTH_UNIT ( ) NAMED_UNIT ( * ) SI_UNIT ( .MILLI., .METRE. ) );
#4872 = VERTEX_POINT ( 'NONE', #3191 ) ;
#4873 = PRESENTATION_STYLE_ASSIGNMENT (( #4395 ) ) ;
#4874 =( LENGTH_UNIT ( ) NAMED_UNIT ( * ) SI_UNIT ( .MILLI., .METRE. ) );
#4875 =( NAMED_UNIT ( * ) SI_UNIT ( $, .STERADIAN. ) SOLID_ANGLE_UNIT ( ) );
#4876 = DIRECTION ( 'NONE',  ( -1.000000000000000000, 0.000000000000000000, 0.000000000000000000 ) ) ;
#4877 = DIRECTION ( 'NONE',  ( 0.7071067811865386910, 0.7071067811865563435, 2.393433625686168236E-15 ) ) ;
#4878 = EDGE_CURVE ( 'NONE', #4864, #3549, #3223, .T. ) ;
#4879 = SURFACE_STYLE_USAGE ( .BOTH. , #431 ) ;
#4880 = DIRECTION ( 'NONE',  ( -0.7071067811865439090, -0.7071067811865512365, -0.000000000000000000 ) ) ;
#4881 =( NAMED_UNIT ( * ) PLANE_ANGLE_UNIT ( ) SI_UNIT ( $, .RADIAN. ) );
#4882 = DIRECTION ( 'NONE',  ( 0.000000000000000000, 0.000000000000000000, 1.000000000000000000 ) ) ;
#4883 = FILL_AREA_STYLE_COLOUR ( '', #4412 ) ;
#4884 = ORIENTED_EDGE ( 'NONE', *, *, #2692, .F. ) ;
#4885 = SURFACE_SIDE_STYLE ('',( #3279 ) ) ;
#4886 = FILL_AREA_STYLE_COLOUR ( '', #1166 ) ;
#4887 = ORIENTED_EDGE ( 'NONE', *, *, #1628, .T. ) ;
#4888 = CARTESIAN_POINT ( 'NONE',  ( -18.24764547299855622, -17.08895494857539532, 48.13025434795013524 ) ) ;
#4889 = CARTESIAN_POINT ( 'NONE',  ( 20.55631959837603162, 8.514706370123482415, 62.00000000000000000 ) ) ;
#4890 = ADVANCED_FACE ( 'NONE', ( #5271 ), #3218, .T. ) ;
#4891 = FILL_AREA_STYLE_COLOUR ( '', #3884 ) ;
#4892 = ORIENTED_EDGE ( 'NONE', *, *, #2816, .T. ) ;
#4893 = DIRECTION ( 'NONE',  ( 0.7071067811865509034, -0.7071067811865441310, 0.000000000000000000 ) ) ;
#4894 = CIRCLE ( 'NONE', #1057, 1.024999999999998135 ) ;
#4895 = AXIS2_PLACEMENT_3D ( 'NONE', #1435, #601, #5019 ) ;
#4896 =( GEOMETRIC_REPRESENTATION_CONTEXT ( 3 ) GLOBAL_UNCERTAINTY_ASSIGNED_CONTEXT ( ( #5018 ) ) GLOBAL_UNIT_ASSIGNED_CONTEXT ( ( #838, #4081, #2797 ) ) REPRESENTATION_CONTEXT ( 'NONE', 'WORKASPACE' ) );
#4897 = FACE_OUTER_BOUND ( 'NONE', #1241, .T. ) ;
#4898 = EDGE_LOOP ( 'NONE', ( #629, #1474 ) ) ;
#4899 = CARTESIAN_POINT ( 'NONE',  ( 0.000000000000000000, -25.00000000000000000, 47.50000000000000000 ) ) ;
#4900 = DIRECTION ( 'NONE',  ( -0.2419218954026278734, 0.9702957263251239528, 6.163547238344124400E-16 ) ) ;
#4901 = AXIS2_PLACEMENT_3D ( 'NONE', #3816, #2553, #142 ) ;
#4902 =( NAMED_UNIT ( * ) PLANE_ANGLE_UNIT ( ) SI_UNIT ( $, .RADIAN. ) );
#4903 = CIRCLE ( 'NONE', #3771, 1.499999999999999556 ) ;
#4904 = CARTESIAN_POINT ( 'NONE',  ( -14.60175503150213139, -14.60175503150228771, 47.50000000000000000 ) ) ;
#4905 = EDGE_CURVE ( 'NONE', #2290, #2745, #592, .T. ) ;
#4906 = SURFACE_SIDE_STYLE ('',( #33 ) ) ;
#4907 = PRESENTATION_LAYER_ASSIGNMENT (  '', '', ( #4647 ) ) ;
#4908 = UNCERTAINTY_MEASURE_WITH_UNIT (LENGTH_MEASURE( 1.000000000000000082E-05 ), #1690, 'distance_accuracy_value', 'NONE');
#4909 = SURFACE_STYLE_FILL_AREA ( #1323 ) ;
#4910 =( NAMED_UNIT ( * ) PLANE_ANGLE_UNIT ( ) SI_UNIT ( $, .RADIAN. ) );
#4911 = CARTESIAN_POINT ( 'NONE',  ( -19.53131959837609699, -8.514706370123338530, 58.00000000000000000 ) ) ;
#4912 = ORIENTED_EDGE ( 'NONE', *, *, #5086, .F. ) ;
#4913 = CIRCLE ( 'NONE', #898, 1.024999999999998135 ) ;
#4914 =( GEOMETRIC_REPRESENTATION_CONTEXT ( 3 ) GLOBAL_UNCERTAINTY_ASSIGNED_CONTEXT ( ( #1120 ) ) GLOBAL_UNIT_ASSIGNED_CONTEXT ( ( #1389, #3378, #1763 ) ) REPRESENTATION_CONTEXT ( 'NONE', 'WORKASPACE' ) );
#4915 = EDGE_CURVE ( 'NONE', #4133, #550, #920, .T. ) ;
#4916 = FILL_AREA_STYLE ('',( #1691 ) ) ;
#4917 = FILL_AREA_STYLE_COLOUR ( '', #1865 ) ;
#4918 = CARTESIAN_POINT ( 'NONE',  ( -6.625339183387177274E-16, 25.00000000000000000, 48.52499999999999147 ) ) ;
#4919 = ORIENTED_EDGE ( 'NONE', *, *, #598, .F. ) ;
#4920 = CYLINDRICAL_SURFACE ( 'NONE', #2931, 1.024999999999994582 ) ;
#4921 = ADVANCED_FACE ( 'NONE', ( #211, #942 ), #2522, .T. ) ;
#4922 = VECTOR ( 'NONE', #1249, 1000.000000000000000 ) ;
#4923 = CARTESIAN_POINT ( 'NONE',  ( 18.11781462323828151, -17.22654172550768337, 46.68065958253601622 ) ) ;
#4924 = EDGE_LOOP ( 'NONE', ( #3886, #2771, #5085, #2650 ) ) ;
#4925 = CARTESIAN_POINT ( 'NONE',  ( -15.32653948203218519, -13.87697058083874779, 47.50000000000000000 ) ) ;
#4926 = AXIS2_PLACEMENT_3D ( 'NONE', #1129, #757, #2717 ) ;
#4927 = LINE ( 'NONE', #2039, #1035 ) ;
#4928 =( LENGTH_UNIT ( ) NAMED_UNIT ( * ) SI_UNIT ( .MILLI., .METRE. ) );
#4929 = CARTESIAN_POINT ( 'NONE',  ( -8.514706370123267476, 20.55631959837612399, 62.00000000000000000 ) ) ;
#4930 = CARTESIAN_POINT ( 'NONE',  ( -18.24764547299867701, 17.08895494857526387, 46.86974565204985765 ) ) ;
#4931 = PRESENTATION_STYLE_ASSIGNMENT (( #1198 ) ) ;
#4932 =( NAMED_UNIT ( * ) SI_UNIT ( $, .STERADIAN. ) SOLID_ANGLE_UNIT ( ) );
#4933 = DIRECTION ( 'NONE',  ( 0.8571673007021127777, 0.000000000000000000, 0.5150380749100533784 ) ) ;
#4934 = ORIENTED_EDGE ( 'NONE', *, *, #2501, .T. ) ;
#4935 =( NAMED_UNIT ( * ) PLANE_ANGLE_UNIT ( ) SI_UNIT ( $, .RADIAN. ) );
#4936 = SURFACE_SIDE_STYLE ('',( #4516 ) ) ;
#4937 = DIRECTION ( 'NONE',  ( 1.000000000000000000, 0.000000000000000000, 0.000000000000000000 ) ) ;
#4938 = CARTESIAN_POINT ( 'NONE',  ( 8.514706370123407808, -20.55631959837606360, 64.00000000000000000 ) ) ;
#4939 = EDGE_CURVE ( 'NONE', #5151, #3264, #4364, .T. ) ;
#4940 = ORIENTED_EDGE ( 'NONE', *, *, #174, .T. ) ;
#4941 = CARTESIAN_POINT ( 'NONE',  ( -17.30957853796029511, -18.03867776399208012, 59.89602610772526958 ) ) ;
#4942 = EDGE_LOOP ( 'NONE', ( #1132, #3424, #1876, #4230 ) ) ;
#4943 = CONICAL_SURFACE ( 'NONE', #5039, 1.024999999999998135, 1.029744258676654756 ) ;
#4944 = CARTESIAN_POINT ( 'NONE',  ( 19.05631959837603162, 8.514706370123482415, 64.00000000000000000 ) ) ;
#4945 = FILL_AREA_STYLE_COLOUR ( '', #4552 ) ;
#4946 = EDGE_LOOP ( 'NONE', ( #2952, #949 ) ) ;
#4947 = EDGE_CURVE ( 'NONE', #2170, #489, #4256, .T. ) ;
#4948 = CARTESIAN_POINT ( 'NONE',  ( -18.11781462323816783, 17.22654172550781126, 58.18065958253605174 ) ) ;
#4949 = PLANE ( 'NONE',  #3827 ) ;
#4950 = PLANE ( 'NONE',  #5158 ) ;
#4951 = VECTOR ( 'NONE', #1424, 1000.000000000000114 ) ;
#4952 = EDGE_CURVE ( 'NONE', #4614, #453, #2965, .T. ) ;
#4953 =( NAMED_UNIT ( * ) SI_UNIT ( $, .STERADIAN. ) SOLID_ANGLE_UNIT ( ) );
#4954 = VERTEX_POINT ( 'NONE', #2095 ) ;
#4955 = DIRECTION ( 'NONE',  ( -0.000000000000000000, -1.000000000000000000, -0.000000000000000000 ) ) ;
#4956 = CYLINDRICAL_SURFACE ( 'NONE', #2451, 1.024999999999991251 ) ;
#4957 = CARTESIAN_POINT ( 'NONE',  ( -25.00000000000000000, -8.728703347107833388E-14, 47.50000000000000000 ) ) ;
#4958 = EDGE_LOOP ( 'NONE', ( #90, #4203, #5080 ) ) ;
#4959 = B_SPLINE_CURVE_WITH_KNOTS ( 'NONE', 3,
 ( #2720, #3567, #5207, #1541, #734, #4366, #2223, #1447, #706, #4308, #4817, #2301, #3149, #2331, #3976, #5113 ),
 .UNSPECIFIED., .F., .F.,
 ( 4, 2, 2, 2, 2, 2, 2, 4 ),
 ( 0.003204287391195125446, 0.003604823501101698819, 0.004005359611008271759, 0.004405895720914845132, 0.004806431830821418505, 0.005206967940727991878, 0.005607504050634565251, 0.006408576270447706794 ),
 .UNSPECIFIED. ) ;
#4960 =( LENGTH_UNIT ( ) NAMED_UNIT ( * ) SI_UNIT ( .MILLI., .METRE. ) );
#4961 = FACE_OUTER_BOUND ( 'NONE', #2336, .T. ) ;
#4962 =( LENGTH_UNIT ( ) NAMED_UNIT ( * ) SI_UNIT ( .MILLI., .METRE. ) );
#4963 = ORIENTED_EDGE ( 'NONE', *, *, #3553, .F. ) ;
#4964 = CARTESIAN_POINT ( 'NONE',  ( 17.08895494857507558, 18.24764547299885109, 46.86974565204985765 ) ) ;
#4965 = ORIENTED_EDGE ( 'NONE', *, *, #854, .T. ) ;
#4966 = EDGE_CURVE ( 'NONE', #574, #2224, #5053, .T. ) ;
#4967 = DIRECTION ( 'NONE',  ( 0.000000000000000000, 0.000000000000000000, 1.000000000000000000 ) ) ;
#4968 = CARTESIAN_POINT ( 'NONE',  ( 0.000000000000000000, 0.000000000000000000, 64.00000000000000000 ) ) ;
#4969 = CARTESIAN_POINT ( 'NONE',  ( 20.55631959837621281, -8.514706370123050760, 64.00000000000000000 ) ) ;
#4970 = CIRCLE ( 'NONE', #2561, 1.024999999999991251 ) ;
#4971 = COLOUR_RGB ( '',1.000000000000000000, 1.000000000000000000, 1.000000000000000000 ) ;
#4972 = CARTESIAN_POINT ( 'NONE',  ( 19.53131959837603304, 8.514706370123480639, 58.00000000000000000 ) ) ;
#4973 = VERTEX_POINT ( 'NONE', #3002 ) ;
#4974 = LINE ( 'NONE', #339, #3994 ) ;
#4975 = CYLINDRICAL_SURFACE ( 'NONE', #307, 1.024999999999991251 ) ;
#4976 = FILL_AREA_STYLE_COLOUR ( '', #2064 ) ;
#4977 = CARTESIAN_POINT ( 'NONE',  ( -0.2683313665700984285, 24.99886811758394956, 59.99833590874671074 ) ) ;
#4978 = MECHANICAL_DESIGN_GEOMETRIC_PRESENTATION_REPRESENTATION (  '', ( #567 ), #2719 ) ;
#4979 = CONICAL_SURFACE ( 'NONE', #722, 1.024999999999998135, 1.029744258676654756 ) ;
#4980 =( GEOMETRIC_REPRESENTATION_CONTEXT ( 3 ) GLOBAL_UNCERTAINTY_ASSIGNED_CONTEXT ( ( #2709 ) ) GLOBAL_UNIT_ASSIGNED_CONTEXT ( ( #626, #5026, #961 ) ) REPRESENTATION_CONTEXT ( 'NONE', 'WORKASPACE' ) );
#4981 = ORIENTED_EDGE ( 'NONE', *, *, #5008, .T. ) ;
#4982 = FACE_OUTER_BOUND ( 'NONE', #3528, .T. ) ;
#4983 = MECHANICAL_DESIGN_GEOMETRIC_PRESENTATION_REPRESENTATION (  '', ( #2492 ), #144 ) ;
#4984 = EDGE_CURVE ( 'NONE', #3077, #1695, #1344, .T. ) ;
#4985 = PRESENTATION_LAYER_ASSIGNMENT (  '', '', ( #570 ) ) ;
#4986 = EDGE_LOOP ( 'NONE', ( #2990, #676, #5046 ) ) ;
#4987 = SURFACE_STYLE_FILL_AREA ( #4669 ) ;
#4988 = VECTOR ( 'NONE', #1093, 1000.000000000000000 ) ;
#4989 = PRESENTATION_LAYER_ASSIGNMENT (  '', '', ( #1162 ) ) ;
#4990 = CARTESIAN_POINT ( 'NONE',  ( -8.514706370123265700, -20.55631959837612399, 58.00000000000000000 ) ) ;
#4991 = PRESENTATION_STYLE_ASSIGNMENT (( #4613 ) ) ;
#4992 = ORIENTED_EDGE ( 'NONE', *, *, #3466, .F. ) ;
#4993 = CARTESIAN_POINT ( 'NONE',  ( -0.8209026825097969216, -24.98670175466627796, 48.12852723798683741 ) ) ;
#4994 = CARTESIAN_POINT ( 'NONE',  ( 0.000000000000000000, -25.00000000000000000, 46.47500000000000853 ) ) ;
#4995 = ORIENTED_EDGE ( 'NONE', *, *, #2206, .T. ) ;
#4996 = MECHANICAL_DESIGN_GEOMETRIC_PRESENTATION_REPRESENTATION (  '', ( #2327 ), #3091 ) ;
#4997 = CIRCLE ( 'NONE', #4138, 24.75000000000000355 ) ;
#4998 =( NAMED_UNIT ( * ) SI_UNIT ( $, .STERADIAN. ) SOLID_ANGLE_UNIT ( ) );
#4999 = CONICAL_SURFACE ( 'NONE', #1175, 1.024999999991971222, 1.029744258470917773 ) ;
#5000 = PRESENTATION_LAYER_ASSIGNMENT (  '', '', ( #2062 ) ) ;
#5001 = SURFACE_SIDE_STYLE ('',( #3357 ) ) ;
#5002 = CARTESIAN_POINT ( 'NONE',  ( -6.625339183387177274E-16, 25.00000000000000000, 48.52499999999999147 ) ) ;
#5003 = CARTESIAN_POINT ( 'NONE',  ( -9.539706370123264279, -20.55631959837612399, 58.00000000000000000 ) ) ;
#5004 = CARTESIAN_POINT ( 'NONE',  ( -17.22654172550787521, 18.11781462323810743, 59.81934041746398378 ) ) ;
#5005 = CONICAL_SURFACE ( 'NONE', #1257, 1.025000000062310068, 1.029744258540069790 ) ;
#5006 = CARTESIAN_POINT ( 'NONE',  ( 14.60175503144979992, -14.60175503144954945, 47.50000000000000000 ) ) ;
#5007 =( NAMED_UNIT ( * ) SI_UNIT ( $, .STERADIAN. ) SOLID_ANGLE_UNIT ( ) );
#5008 = EDGE_CURVE ( 'NONE', #1503, #1948, #3296, .T. ) ;
#5009 = EDGE_CURVE ( 'NONE', #1866, #3969, #4974, .T. ) ;
#5010 = PRESENTATION_STYLE_ASSIGNMENT (( #5061 ) ) ;
#5011 = EDGE_LOOP ( 'NONE', ( #4588, #616, #1280 ) ) ;
#5012 = CARTESIAN_POINT ( 'NONE',  ( -24.99497086695924608, 0.5165658162314580304, 46.60454700487434110 ) ) ;
#5013 = ORIENTED_EDGE ( 'NONE', *, *, #2639, .T. ) ;
#5014 =( NAMED_UNIT ( * ) PLANE_ANGLE_UNIT ( ) SI_UNIT ( $, .RADIAN. ) );
#5015 = PRESENTATION_STYLE_ASSIGNMENT (( #641 ) ) ;
#5016 = LINE ( 'NONE', #468, #1397 ) ;
#5017 = EDGE_CURVE ( 'NONE', #1894, #4673, #3469, .T. ) ;
#5018 = UNCERTAINTY_MEASURE_WITH_UNIT (LENGTH_MEASURE( 1.000000000000000082E-05 ), #838, 'distance_accuracy_value', 'NONE');
#5019 = DIRECTION ( 'NONE',  ( 0.000000000000000000, 0.000000000000000000, 1.000000000000000000 ) ) ;
#5020 = ORIENTED_EDGE ( 'NONE', *, *, #926, .T. ) ;
#5021 = CARTESIAN_POINT ( 'NONE',  ( -0.2708708636538009751, -25.00000000000000355, 48.52499999999999147 ) ) ;
#5022 = VERTEX_POINT ( 'NONE', #1932 ) ;
#5023 = FACE_BOUND ( 'NONE', #3545, .T. ) ;
#5024 = DIRECTION ( 'NONE',  ( 1.049727190963280061E-16, 0.5150380751483369934, -0.8571673005589375283 ) ) ;
#5025 = CARTESIAN_POINT ( 'NONE',  ( -18.40245398037992786, 16.95288507894745322, 59.00000000000001421 ) ) ;
#5026 =( NAMED_UNIT ( * ) PLANE_ANGLE_UNIT ( ) SI_UNIT ( $, .RADIAN. ) );
#5027 = EDGE_LOOP ( 'NONE', ( #423, #2565, #4707, #3376 ) ) ;
#5028 = CIRCLE ( 'NONE', #1936, 1.024999999999998135 ) ;
#5029 = CARTESIAN_POINT ( 'NONE',  ( 20.55631959837603162, 8.514706370123480639, 64.00000000000000000 ) ) ;
#5030 = CARTESIAN_POINT ( 'NONE',  ( -17.48645794738410686, 17.86726053904543221, 59.99796842212561643 ) ) ;
#5031 =( NAMED_UNIT ( * ) PLANE_ANGLE_UNIT ( ) SI_UNIT ( $, .RADIAN. ) );
#5032 = DIRECTION ( 'NONE',  ( 0.7071067811865431318, 0.7071067811865516806, 0.000000000000000000 ) ) ;
#5033 = CARTESIAN_POINT ( 'NONE',  ( 0.000000000000000000, -25.00000000000000000, 57.97500000000002984 ) ) ;
#5034 = VERTEX_POINT ( 'NONE', #5159 ) ;
#5035 =( GEOMETRIC_REPRESENTATION_CONTEXT ( 3 ) GLOBAL_UNCERTAINTY_ASSIGNED_CONTEXT ( ( #2204 ) ) GLOBAL_UNIT_ASSIGNED_CONTEXT ( ( #130, #1785, #608 ) ) REPRESENTATION_CONTEXT ( 'NONE', 'WORKASPACE' ) );
#5036 = EDGE_CURVE ( 'NONE', #3227, #5160, #688, .T. ) ;
#5037 = CARTESIAN_POINT ( 'NONE',  ( -2.524354896707237777E-26, 20.03411786543551898, 47.50000000024101610 ) ) ;
#5038 = ORIENTED_EDGE ( 'NONE', *, *, #2872, .T. ) ;
#5039 = AXIS2_PLACEMENT_3D ( 'NONE', #314, #2253, #3892 ) ;
#5040 = CARTESIAN_POINT ( 'NONE',  ( 24.98674903070519093, -0.8193404547549159034, 58.36977493780850068 ) ) ;
#5041 = EDGE_CURVE ( 'NONE', #2958, #4756, #3069, .T. ) ;
#5042 = FACE_BOUND ( 'NONE', #4296, .T. ) ;
#5043 = EDGE_LOOP ( 'NONE', ( #2406, #3755, #4596 ) ) ;
#5044 = CARTESIAN_POINT ( 'NONE',  ( 18.38758964977803245, -16.93802074834530913, 59.27087061682099289 ) ) ;
#5045 =( NAMED_UNIT ( * ) SI_UNIT ( $, .STERADIAN. ) SOLID_ANGLE_UNIT ( ) );
#5046 = ORIENTED_EDGE ( 'NONE', *, *, #1206, .T. ) ;
#5047 = EDGE_CURVE ( 'NONE', #5257, #503, #4959, .T. ) ;
#5048 = FACE_OUTER_BOUND ( 'NONE', #2189, .T. ) ;
#5049 = ADVANCED_FACE ( 'NONE', ( #4789 ), #1857, .F. ) ;
#5050 = CYLINDRICAL_SURFACE ( 'NONE', #418, 1.024999999999988587 ) ;
#5051 = ORIENTED_EDGE ( 'NONE', *, *, #2647, .T. ) ;
#5052 = COLOUR_RGB ( '',1.000000000000000000, 1.000000000000000000, 1.000000000000000000 ) ;
#5053 = LINE ( 'NONE', #3359, #8 ) ;
#5054 = FACE_OUTER_BOUND ( 'NONE', #2280, .T. ) ;
#5055 = DIRECTION ( 'NONE',  ( -0.7071067811865439090, -0.7071067811865512365, -0.000000000000000000 ) ) ;
#5056 =( LENGTH_UNIT ( ) NAMED_UNIT ( * ) SI_UNIT ( .MILLI., .METRE. ) );
#5057 = AXIS2_PLACEMENT_3D ( 'NONE', #5139, #3521, #2202 ) ;
#5058 = ORIENTED_EDGE ( 'NONE', *, *, #4693, .T. ) ;
#5059 = SURFACE_STYLE_FILL_AREA ( #3410 ) ;
#5060 = MECHANICAL_DESIGN_GEOMETRIC_PRESENTATION_REPRESENTATION (  '', ( #4289 ), #1391 ) ;
#5061 = SURFACE_STYLE_USAGE ( .BOTH. , #2935 ) ;
#5062 = UNCERTAINTY_MEASURE_WITH_UNIT (LENGTH_MEASURE( 1.000000000000000082E-05 ), #4270, 'distance_accuracy_value', 'NONE');
#5063 = MECHANICAL_DESIGN_GEOMETRIC_PRESENTATION_REPRESENTATION (  '', ( #473 ), #4896 ) ;
#5064 = DIRECTION ( 'NONE',  ( 1.000000000000000000, 0.000000000000000000, 0.000000000000000000 ) ) ;
#5065 = CARTESIAN_POINT ( 'NONE',  ( 0.8957077204995496089, -24.98400139584354918, 48.01590110815789103 ) ) ;
#5066 =( GEOMETRIC_REPRESENTATION_CONTEXT ( 3 ) GLOBAL_UNCERTAINTY_ASSIGNED_CONTEXT ( ( #1272 ) ) GLOBAL_UNIT_ASSIGNED_CONTEXT ( ( #3823, #4290, #2183 ) ) REPRESENTATION_CONTEXT ( 'NONE', 'WORKASPACE' ) );
#5067 = ORIENTED_EDGE ( 'NONE', *, *, #4056, .F. ) ;
#5068 = EDGE_CURVE ( 'NONE', #3731, #3642, #3946, .T. ) ;
#5069 = CIRCLE ( 'NONE', #139, 1.024999999999998135 ) ;
#5070 = CARTESIAN_POINT ( 'NONE',  ( 0.000000000000000000, 25.00000000000000000, 60.02500000000000568 ) ) ;
#5071 = FILL_AREA_STYLE ('',( #3371 ) ) ;
#5072 = UNCERTAINTY_MEASURE_WITH_UNIT (LENGTH_MEASURE( 1.000000000000000082E-05 ), #2596, 'distance_accuracy_value', 'NONE');
#5073 = FACE_OUTER_BOUND ( 'NONE', #4846, .T. ) ;
#5074 = VECTOR ( 'NONE', #2090, 1000.000000000000000 ) ;
#5075 = ORIENTED_EDGE ( 'NONE', *, *, #4056, .T. ) ;
#5076 = EDGE_CURVE ( 'NONE', #4727, #4700, #1839, .T. ) ;
#5077 = CIRCLE ( 'NONE', #728, 1.024999999999994582 ) ;
#5078 = COLOUR_RGB ( '',1.000000000000000000, 1.000000000000000000, 1.000000000000000000 ) ;
#5079 = LINE ( 'NONE', #2214, #988 ) ;
#5080 = ORIENTED_EDGE ( 'NONE', *, *, #1321, .T. ) ;
#5081 = DIRECTION ( 'NONE',  ( 0.7071067811865536790, -0.7071067811865413555, 0.000000000000000000 ) ) ;
#5082 =( NAMED_UNIT ( * ) PLANE_ANGLE_UNIT ( ) SI_UNIT ( $, .RADIAN. ) );
#5083 = MECHANICAL_DESIGN_GEOMETRIC_PRESENTATION_REPRESENTATION (  '', ( #581 ), #2848 ) ;
#5084 = DIRECTION ( 'NONE',  ( 0.000000000000000000, 0.000000000000000000, -1.000000000000000000 ) ) ;
#5085 = ORIENTED_EDGE ( 'NONE', *, *, #5047, .F. ) ;
#5086 = EDGE_CURVE ( 'NONE', #4266, #3234, #3510, .T. ) ;
#5087 = LINE ( 'NONE', #2548, #577 ) ;
#5088 = DIRECTION ( 'NONE',  ( 0.000000000000000000, 0.000000000000000000, 1.000000000000000000 ) ) ;
#5089 = AXIS2_PLACEMENT_3D ( 'NONE', #4679, #1020, #509 ) ;
#5090 = CARTESIAN_POINT ( 'NONE',  ( 25.00000000000000000, 3.061616997868383043E-15, 45.48999999999999488 ) ) ;
#5091 = ORIENTED_EDGE ( 'NONE', *, *, #1776, .T. ) ;
#5092 = FACE_OUTER_BOUND ( 'NONE', #519, .T. ) ;
#5093 = STYLED_ITEM ( 'NONE', ( #3307 ), #3138 ) ;
#5094 = DIRECTION ( 'NONE',  ( 0.000000000000000000, 0.000000000000000000, -1.000000000000000000 ) ) ;
#5095 = PRESENTATION_STYLE_ASSIGNMENT (( #1818 ) ) ;
#5096 = AXIS2_PLACEMENT_3D ( 'NONE', #2179, #195, #5094 ) ;
#5097 = ORIENTED_EDGE ( 'NONE', *, *, #1003, .F. ) ;
#5098 = CARTESIAN_POINT ( 'NONE',  ( 0.2683313665700989281, 24.99886811758394600, 58.00166409125332478 ) ) ;
#5099 =( NAMED_UNIT ( * ) SI_UNIT ( $, .STERADIAN. ) SOLID_ANGLE_UNIT ( ) );
#5100 = FILL_AREA_STYLE ('',( #2623 ) ) ;
#5101 = CARTESIAN_POINT ( 'NONE',  ( 0.000000000000000000, -25.00000000000000000, 57.97500000000002984 ) ) ;
#5102 = VERTEX_POINT ( 'NONE', #5185 ) ;
#5103 = B_SPLINE_CURVE_WITH_KNOTS ( 'NONE', 3,
 ( #3846, #1011, #5098, #2940, #575, #1329, #1716, #3798, #3820, #4259, #617, #2966, #1754, #3735, #2595, #5070 ),
 .UNSPECIFIED., .F., .F.,
 ( 4, 2, 2, 2, 2, 2, 2, 4 ),
 ( 6.438495075696312383E-19, 0.0004005359259930542479, 0.0008010718519861078453, 0.001201607777979161497, 0.001602143703972215257, 0.002002679629965269017, 0.002403215555958322994, 0.003204287407944430514 ),
 .UNSPECIFIED. ) ;
#5104 = SURFACE_STYLE_USAGE ( .BOTH. , #234 ) ;
#5105 = EDGE_LOOP ( 'NONE', ( #803, #2464 ) ) ;
#5106 = DIRECTION ( 'NONE',  ( 1.000000000000000000, 0.000000000000000000, 0.000000000000000000 ) ) ;
#5107 = CARTESIAN_POINT ( 'NONE',  ( 16.93802074834562887, -18.38758964977772692, 47.50000000000000000 ) ) ;
#5108 = ADVANCED_FACE ( 'NONE', ( #244, #2279 ), #4765, .T. ) ;
#5109 = DIRECTION ( 'NONE',  ( 1.000000000000000000, 0.000000000000000000, 0.000000000000000000 ) ) ;
#5110 = CARTESIAN_POINT ( 'NONE',  ( 24.97898240973566431, 1.024908670286246437, 59.13439222667407336 ) ) ;
#5111 =( LENGTH_UNIT ( ) NAMED_UNIT ( * ) SI_UNIT ( .MILLI., .METRE. ) );
#5112 = ORIENTED_EDGE ( 'NONE', *, *, #1791, .T. ) ;
#5113 = CARTESIAN_POINT ( 'NONE',  ( 16.93802074834562532, -18.38758964977773047, 59.00000000000001421 ) ) ;
#5114 = ORIENTED_EDGE ( 'NONE', *, *, #3459, .T. ) ;
#5115 = FILL_AREA_STYLE ('',( #4600 ) ) ;
#5116 = ADVANCED_FACE ( 'NONE', ( #2697 ), #4943, .F. ) ;
#5117 = EDGE_LOOP ( 'NONE', ( #1798, #3379 ) ) ;
#5118 = DIRECTION ( 'NONE',  ( -0.2419218955200469756, -0.9702957262958481488, 1.049727191086864860E-16 ) ) ;
#5119 = DIRECTION ( 'NONE',  ( 0.000000000000000000, 0.000000000000000000, 1.000000000000000000 ) ) ;
#5120 = FILL_AREA_STYLE_COLOUR ( '', #2671 ) ;
#5121 =( LENGTH_UNIT ( ) NAMED_UNIT ( * ) SI_UNIT ( .MILLI., .METRE. ) );
#5122 = ORIENTED_EDGE ( 'NONE', *, *, #4092, .F. ) ;
#5123 = EDGE_CURVE ( 'NONE', #4700, #1448, #3401, .T. ) ;
#5124 =( GEOMETRIC_REPRESENTATION_CONTEXT ( 3 ) GLOBAL_UNCERTAINTY_ASSIGNED_CONTEXT ( ( #4254 ) ) GLOBAL_UNIT_ASSIGNED_CONTEXT ( ( #3247, #4555, #3631 ) ) REPRESENTATION_CONTEXT ( 'NONE', 'WORKASPACE' ) );
#5125 = DIRECTION ( 'NONE',  ( -0.7071067811865560104, 0.7071067811865391350, 0.000000000000000000 ) ) ;
#5126 = UNCERTAINTY_MEASURE_WITH_UNIT (LENGTH_MEASURE( 1.000000000000000082E-05 ), #3477, 'distance_accuracy_value', 'NONE');
#5127 = COLOUR_RGB ( '',1.000000000000000000, 1.000000000000000000, 1.000000000000000000 ) ;
#5128 = EDGE_LOOP ( 'NONE', ( #5179, #2592 ) ) ;
#5129 = FACE_OUTER_BOUND ( 'NONE', #929, .T. ) ;
#5130 = ORIENTED_EDGE ( 'NONE', *, *, #3278, .T. ) ;
#5131 = DIRECTION ( 'NONE',  ( 0.000000000000000000, 0.000000000000000000, 1.000000000000000000 ) ) ;
#5132 =( LENGTH_UNIT ( ) NAMED_UNIT ( * ) SI_UNIT ( .MILLI., .METRE. ) );
#5133 = EDGE_CURVE ( 'NONE', #1327, #3211, #4521, .T. ) ;
#5134 = DIRECTION ( 'NONE',  ( -0.9702957263090389306, -0.2419218954671414623, 1.232709447387119101E-15 ) ) ;
#5135 = CARTESIAN_POINT ( 'NONE',  ( 0.000000000000000000, 0.000000000000000000, 61.50000000000000000 ) ) ;
#5136 = CARTESIAN_POINT ( 'NONE',  ( -1.025090853875685770, -24.97897493392416379, 59.13299546728448775 ) ) ;
#5137 = CARTESIAN_POINT ( 'NONE',  ( -21.58131959837614744, 8.514706370123194645, 62.00000000000000000 ) ) ;
#5138 = ORIENTED_EDGE ( 'NONE', *, *, #5173, .T. ) ;
#5139 = CARTESIAN_POINT ( 'NONE',  ( -8.514706370123120038, -20.55631959837618439, 62.00000000000000000 ) ) ;
#5140 = FILL_AREA_STYLE ('',( #692 ) ) ;
#5141 = DIRECTION ( 'NONE',  ( 1.000000000000000000, 0.000000000000000000, 0.000000000000000000 ) ) ;
#5142 = CARTESIAN_POINT ( 'NONE',  ( 14.60175503154897925, 14.60175503154933097, 59.00000000000001421 ) ) ;
#5143 = VERTEX_POINT ( 'NONE', #290 ) ;
#5144 = AXIS2_PLACEMENT_3D ( 'NONE', #2329, #2434, #15 ) ;
#5145 = EDGE_CURVE ( 'NONE', #603, #2252, #5028, .T. ) ;
#5146 = AXIS2_PLACEMENT_3D ( 'NONE', #4671, #1012, #2622 ) ;
#5147 = PRESENTATION_LAYER_ASSIGNMENT (  '', '', ( #1728 ) ) ;
#5148 = EDGE_LOOP ( 'NONE', ( #2887, #3520, #4165, #3060 ) ) ;
#5149 = VECTOR ( 'NONE', #2658, 1000.000000000000000 ) ;
#5150 = SURFACE_STYLE_FILL_AREA ( #3502 ) ;
#5151 = VERTEX_POINT ( 'NONE', #1520 ) ;
#5152 =( GEOMETRIC_REPRESENTATION_CONTEXT ( 3 ) GLOBAL_UNCERTAINTY_ASSIGNED_CONTEXT ( ( #2268 ) ) GLOBAL_UNIT_ASSIGNED_CONTEXT ( ( #2260, #4281, #1884 ) ) REPRESENTATION_CONTEXT ( 'NONE', 'WORKASPACE' ) );
#5153 = DIRECTION ( 'NONE',  ( 0.7071067811865406894, 0.7071067811865542341, 0.000000000000000000 ) ) ;
#5154 = CONICAL_SURFACE ( 'NONE', #4739, 1.024999999999998135, 1.029744258676655422 ) ;
#5155 = LINE ( 'NONE', #3888, #5149 ) ;
#5156 = CONICAL_SURFACE ( 'NONE', #3522, 1.024999999999998135, 1.029744258676655422 ) ;
#5157 = FILL_AREA_STYLE_COLOUR ( '', #1588 ) ;
#5158 = AXIS2_PLACEMENT_3D ( 'NONE', #4929, #863, #4170 ) ;
#5159 = CARTESIAN_POINT ( 'NONE',  ( 1.255262969126026246E-16, 25.00000000000000000, 57.97500000000002984 ) ) ;
#5160 = VERTEX_POINT ( 'NONE', #422 ) ;
#5161 = AXIS2_PLACEMENT_3D ( 'NONE', #2296, #3993, #358 ) ;
#5162 = CARTESIAN_POINT ( 'NONE',  ( 1.255262969035192117E-16, 20.65000000000000924, 46.47500000007418208 ) ) ;
#5163 =( LENGTH_UNIT ( ) NAMED_UNIT ( * ) SI_UNIT ( .MILLI., .METRE. ) );
#5164 = B_SPLINE_CURVE_WITH_KNOTS ( 'NONE', 3,
 ( #3865, #3324, #4247, #4683, #2929, #1028, #4278, #1318, #4819, #5136, #1085, #4368, #1164, #4792, #3105, #709 ),
 .UNSPECIFIED., .F., .F.,
 ( 4, 2, 2, 2, 2, 2, 2, 4 ),
 ( 0.003204287407944417937, 0.003604823519234613260, 0.004005359630524808583, 0.004405895741815003472, 0.004806431853105199228, 0.005206967964395394985, 0.005607504075685589874, 0.006408576298265980520 ),
 .UNSPECIFIED. ) ;
#5165 = DIRECTION ( 'NONE',  ( 1.000000000000000000, 0.000000000000000000, 0.000000000000000000 ) ) ;
#5166 = ORIENTED_EDGE ( 'NONE', *, *, #2991, .F. ) ;
#5167 = CYLINDRICAL_SURFACE ( 'NONE', #5224, 1.024999999999991029 ) ;
#5168 = LINE ( 'NONE', #3054, #1407 ) ;
#5169 = AXIS2_PLACEMENT_3D ( 'NONE', #986, #1799, #3423 ) ;
#5170 = CARTESIAN_POINT ( 'NONE',  ( 20.55631959837621281, -8.514706370123050760, 58.00000000000000000 ) ) ;
#5171 = EDGE_CURVE ( 'NONE', #3731, #3044, #3121, .T. ) ;
#5172 = DIRECTION ( 'NONE',  ( 0.000000000000000000, 0.5150380752232273096, 0.8571673005139390789 ) ) ;
#5173 = EDGE_CURVE ( 'NONE', #1948, #1503, #3212, .T. ) ;
#5174 = ORIENTED_EDGE ( 'NONE', *, *, #3942, .F. ) ;
#5175 = CONICAL_SURFACE ( 'NONE', #589, 1.025000000152535229, 1.029744258418978209 ) ;
#5176 =( LENGTH_UNIT ( ) NAMED_UNIT ( * ) SI_UNIT ( .MILLI., .METRE. ) );
#5177 = DIRECTION ( 'NONE',  ( 0.000000000000000000, 0.000000000000000000, -1.000000000000000000 ) ) ;
#5178 = PRESENTATION_LAYER_ASSIGNMENT (  '', '', ( #4235 ) ) ;
#5179 = ORIENTED_EDGE ( 'NONE', *, *, #5036, .T. ) ;
#5180 = COLOUR_RGB ( '',1.000000000000000000, 1.000000000000000000, 1.000000000000000000 ) ;
#5181 = CARTESIAN_POINT ( 'NONE',  ( -8.514706370123265700, -20.55631959837612399, 62.00000000000000000 ) ) ;
#5182 = EDGE_LOOP ( 'NONE', ( #4740, #836 ) ) ;
#5183 = CARTESIAN_POINT ( 'NONE',  ( -18.11664750845997673, -17.22777569394650854, 46.67909735654356496 ) ) ;
#5184 = FILL_AREA_STYLE_COLOUR ( '', #2607 ) ;
#5185 = CARTESIAN_POINT ( 'NONE',  ( 10.01470637012326748, -20.55631959837612399, 62.00000000000000000 ) ) ;
#5186 = ORIENTED_EDGE ( 'NONE', *, *, #4403, .F. ) ;
#5187 = DIRECTION ( 'NONE',  ( -0.7071067811865487940, 0.7071067811865463515, 0.000000000000000000 ) ) ;
#5188 = DIRECTION ( 'NONE',  ( -0.000000000000000000, -0.000000000000000000, 1.000000000000000000 ) ) ;
#5189 = VERTEX_POINT ( 'NONE', #3644 ) ;
#5190 = PRESENTATION_STYLE_ASSIGNMENT (( #4745 ) ) ;
#5191 = DIRECTION ( 'NONE',  ( 1.000000000000000000, 0.000000000000000000, 0.000000000000000000 ) ) ;
#5192 = LINE ( 'NONE', #744, #58 ) ;
#5193 = EDGE_CURVE ( 'NONE', #1927, #1874, #2978, .T. ) ;
#5194 = CARTESIAN_POINT ( 'NONE',  ( -25.00000000000000000, -0.1354353691714374752, 60.02500000000000568 ) ) ;
#5195 = MECHANICAL_DESIGN_GEOMETRIC_PRESENTATION_REPRESENTATION (  '', ( #2715 ), #2883 ) ;
#5196 =( LENGTH_UNIT ( ) NAMED_UNIT ( * ) SI_UNIT ( .MILLI., .METRE. ) );
#5197 = DIRECTION ( 'NONE',  ( -0.000000000000000000, -0.000000000000000000, 1.000000000000000000 ) ) ;
#5198 = EDGE_LOOP ( 'NONE', ( #937, #5114, #4560 ) ) ;
#5199 = EDGE_CURVE ( 'NONE', #3234, #1190, #4861, .T. ) ;
#5200 =( LENGTH_UNIT ( ) NAMED_UNIT ( * ) SI_UNIT ( .MILLI., .METRE. ) );
#5201 = ORIENTED_EDGE ( 'NONE', *, *, #4530, .T. ) ;
#5202 = DIRECTION ( 'NONE',  ( -0.000000000000000000, -0.000000000000000000, 1.000000000000000000 ) ) ;
#5203 = CARTESIAN_POINT ( 'NONE',  ( 0.000000000000000000, 0.000000000000000000, 50.10000000000000142 ) ) ;
#5204 = STYLED_ITEM ( 'NONE', ( #1395 ), #4890 ) ;
#5205 = FILL_AREA_STYLE ('',( #3064 ) ) ;
#5206 = DIRECTION ( 'NONE',  ( -0.000000000000000000, -0.000000000000000000, -1.000000000000000000 ) ) ;
#5207 = CARTESIAN_POINT ( 'NONE',  ( 18.36953639576567809, -16.95767621547336290, 58.73166863776186375 ) ) ;
#5208 = ORIENTED_EDGE ( 'NONE', *, *, #5036, .F. ) ;
#5209 = LINE ( 'NONE', #3490, #3088 ) ;
#5210 = EDGE_CURVE ( 'NONE', #5102, #4782, #1597, .T. ) ;
#5211 = SURFACE_STYLE_USAGE ( .BOTH. , #3570 ) ;
#5212 = ORIENTED_EDGE ( 'NONE', *, *, #4407, .T. ) ;
#5213 = CARTESIAN_POINT ( 'NONE',  ( -8.514706370123267476, 20.55631959837612399, 64.00000000000000000 ) ) ;
#5214 = SURFACE_STYLE_USAGE ( .BOTH. , #3080 ) ;
#5215 =( NAMED_UNIT ( * ) PLANE_ANGLE_UNIT ( ) SI_UNIT ( $, .RADIAN. ) );
#5216 = DIRECTION ( 'NONE',  ( 1.000000000000000000, 0.000000000000000000, 0.000000000000000000 ) ) ;
#5217 = FACE_OUTER_BOUND ( 'NONE', #2490, .T. ) ;
#5218 = CARTESIAN_POINT ( 'NONE',  ( -24.97898240973567496, -1.024908670286089007, 59.13439222667395256 ) ) ;
#5219 = UNCERTAINTY_MEASURE_WITH_UNIT (LENGTH_MEASURE( 1.000000000000000082E-05 ), #562, 'distance_accuracy_value', 'NONE');
#5220 = PRESENTATION_STYLE_ASSIGNMENT (( #4857 ) ) ;
#5221 = EDGE_CURVE ( 'NONE', #2698, #2847, #2564, .T. ) ;
#5222 = AXIS2_PLACEMENT_3D ( 'NONE', #412, #3684, #9 ) ;
#5223 = VERTEX_POINT ( 'NONE', #1436 ) ;
#5224 = AXIS2_PLACEMENT_3D ( 'NONE', #2308, #4771, #1113 ) ;
#5225 = VERTEX_POINT ( 'NONE', #549 ) ;
#5226 = DIRECTION ( 'NONE',  ( 0.8571673007021127777, 0.000000000000000000, 0.5150380749100533784 ) ) ;
#5227 = DIRECTION ( 'NONE',  ( 0.000000000000000000, 1.000000000000000000, 0.000000000000000000 ) ) ;
#5228 = VECTOR ( 'NONE', #5226, 1000.000000000000000 ) ;
#5229 = AXIS2_PLACEMENT_3D ( 'NONE', #397, #4027, #1990 ) ;
#5230 = ADVANCED_FACE ( 'NONE', ( #2241 ), #4265, .F. ) ;
#5231 = CONICAL_SURFACE ( 'NONE', #4639, 1.024999999991971222, 1.029744258470917773 ) ;
#5232 =( GEOMETRIC_REPRESENTATION_CONTEXT ( 3 ) GLOBAL_UNCERTAINTY_ASSIGNED_CONTEXT ( ( #3393 ) ) GLOBAL_UNIT_ASSIGNED_CONTEXT ( ( #1179, #1586, #3601 ) ) REPRESENTATION_CONTEXT ( 'NONE', 'WORKASPACE' ) );
#5233 = MECHANICAL_DESIGN_GEOMETRIC_PRESENTATION_REPRESENTATION (  '', ( #1895 ), #2999 ) ;
#5234 =( NAMED_UNIT ( * ) SI_UNIT ( $, .STERADIAN. ) SOLID_ANGLE_UNIT ( ) );
#5235 = ORIENTED_EDGE ( 'NONE', *, *, #4008, .F. ) ;
#5236 = PRESENTATION_STYLE_ASSIGNMENT (( #364 ) ) ;
#5237 = AXIS2_PLACEMENT_3D ( 'NONE', #3162, #668, #5191 ) ;
#5238 = VECTOR ( 'NONE', #4618, 1000.000000000000000 ) ;
#5239 = CIRCLE ( 'NONE', #1409, 1.499999999999998224 ) ;
#5240 = FILL_AREA_STYLE_COLOUR ( '', #1734 ) ;
#5241 = ORIENTED_EDGE ( 'NONE', *, *, #3184, .F. ) ;
#5242 = EDGE_CURVE ( 'NONE', #4872, #3838, #2015, .T. ) ;
#5243 = FILL_AREA_STYLE_COLOUR ( '', #1145 ) ;
#5244 = AXIS2_PLACEMENT_3D ( 'NONE', #3561, #3937, #778 ) ;
#5245 = DIRECTION ( 'NONE',  ( 0.000000000000000000, 0.000000000000000000, -1.000000000000000000 ) ) ;
#5246 = DIRECTION ( 'NONE',  ( -0.7071067811865487940, 0.7071067811865463515, 0.000000000000000000 ) ) ;
#5247 = CARTESIAN_POINT ( 'NONE',  ( -24.75000000000000355, 3.031000827889699650E-15, 64.00000000000000000 ) ) ;
#5248 = COLOUR_RGB ( '',1.000000000000000000, 1.000000000000000000, 1.000000000000000000 ) ;
#5249 =( NAMED_UNIT ( * ) PLANE_ANGLE_UNIT ( ) SI_UNIT ( $, .RADIAN. ) );
#5250 = CARTESIAN_POINT ( 'NONE',  ( -18.38758964977791166, 16.93802074834543347, 47.36456462869394812 ) ) ;
#5251 = STYLED_ITEM ( 'NONE', ( #391 ), #2078 ) ;
#5252 = CARTESIAN_POINT ( 'NONE',  ( -24.98012564217998133, -0.9979684208315060534, 47.76926809128501361 ) ) ;
#5253 = DIRECTION ( 'NONE',  ( 0.000000000000000000, 0.000000000000000000, 1.000000000000000000 ) ) ;
#5254 = CARTESIAN_POINT ( 'NONE',  ( -8.514706370123265700, 20.55631959837612399, 58.00000000000000000 ) ) ;
#5255 = PRESENTATION_LAYER_ASSIGNMENT (  '', '', ( #1832 ) ) ;
#5256 = AXIS2_PLACEMENT_3D ( 'NONE', #3200, #5197, #1442 ) ;
#5257 = VERTEX_POINT ( 'NONE', #3136 ) ;
#5258 = SURFACE_STYLE_USAGE ( .BOTH. , #2367 ) ;
#5259 = LINE ( 'NONE', #2370, #1303 ) ;
#5260 = CARTESIAN_POINT ( 'NONE',  ( -17.77171416942614002, 17.58363015780494010, 48.52509085295847058 ) ) ;
#5261 = DIRECTION ( 'NONE',  ( 0.000000000000000000, 0.000000000000000000, 1.000000000000000000 ) ) ;
#5262 = MECHANICAL_DESIGN_GEOMETRIC_PRESENTATION_REPRESENTATION (  '', ( #2511 ), #2426 ) ;
#5263 = DIRECTION ( 'NONE',  ( -0.7071067811865457964, -0.7071067811865491270, 0.000000000000000000 ) ) ;
#5264 = VERTEX_POINT ( 'NONE', #1118 ) ;
#5265 = DIRECTION ( 'NONE',  ( 1.000000000000000000, 0.000000000000000000, 0.000000000000000000 ) ) ;
#5266 = EDGE_CURVE ( 'NONE', #4591, #1401, #1142, .T. ) ;
#5267 = EDGE_LOOP ( 'NONE', ( #1124, #3882, #4441 ) ) ;
#5268 = CARTESIAN_POINT ( 'NONE',  ( 24.99223329972245011, 0.6302543902974643286, 48.31931789515659403 ) ) ;
#5269 = VERTEX_POINT ( 'NONE', #4694 ) ;
#5270 = ADVANCED_FACE ( 'NONE', ( #4287 ), #638, .F. ) ;
#5271 = FACE_OUTER_BOUND ( 'NONE', #2454, .T. ) ;
#5272 = CYLINDRICAL_SURFACE ( 'NONE', #2398, 1.024999999999991029 ) ;
#5273 =( NAMED_UNIT ( * ) PLANE_ANGLE_UNIT ( ) SI_UNIT ( $, .RADIAN. ) );
#5274 = SURFACE_STYLE_FILL_AREA ( #4507 ) ;
#5275 =( LENGTH_UNIT ( ) NAMED_UNIT ( * ) SI_UNIT ( .MILLI., .METRE. ) );
ENDSEC;
END-ISO-10303-21;
