ISO-10303-21;
HEADER;
FILE_DESCRIPTION (( 'STEP AP214' ),
    '1' );
FILE_NAME ('WHG60关节-对外模型.STEP',
    '2026-05-15T08:38:11',
    ( '' ),
    ( '' ),
    'SwSTEP 2.0',
    'SolidWorks 2024',
    '' );
FILE_SCHEMA (( 'AUTOMOTIVE_DESIGN' ));
ENDSEC;

DATA;
#1 = ORIENTED_EDGE ( 'NONE', *, *, #12155, .T. ) ;
#2 = CARTESIAN_POINT ( 'NONE',  ( 6.599999999999999645, -3.301963206785260407E-12, 34.42296358256754729 ) ) ;
#3 = DIRECTION ( 'NONE',  ( 0.000000000000000000, 1.000000000000000000, 9.714451465470232062E-14 ) ) ;
#4 = DIRECTION ( 'NONE',  ( -1.000000000000000000, 0.000000000000000000, -1.074775770116589937E-17 ) ) ;
#5 = AXIS2_PLACEMENT_3D ( 'NONE', #12125, #1123, #6971 ) ;
#6 = PLANE ( 'NONE',  #12652 ) ;
#7 = EDGE_LOOP ( 'NONE', ( #5616, #324, #6553, #4493 ) ) ;
#8 = CARTESIAN_POINT ( 'NONE',  ( -78.79999999999999716, -13.99067572559281913, 13.91306913449752081 ) ) ;
#9 = CARTESIAN_POINT ( 'NONE',  ( -2.651075773784429934, -21.92031021678205249, -21.92031021678390346 ) ) ;
#10 = CIRCLE ( 'NONE', #1676, 1.000000000000000888 ) ;
#11 = EDGE_CURVE ( 'NONE', #243, #6569, #2964, .T. ) ;
#12 = ORIENTED_EDGE ( 'NONE', *, *, #2093, .F. ) ;
#13 = AXIS2_PLACEMENT_3D ( 'NONE', #5582, #2495, #9561 ) ;
#14 = ORIENTED_EDGE ( 'NONE', *, *, #9777, .F. ) ;
#15 = EDGE_LOOP ( 'NONE', ( #12168, #2241, #10125, #11271 ) ) ;
#16 = DIRECTION ( 'NONE',  ( 0.000000000000000000, -0.9238795325112914014, 0.3826834323650783465 ) ) ;
#17 = CARTESIAN_POINT ( 'NONE',  ( 7.000000000000950351, -9.540979117872440597E-15, 0.000000000000000000 ) ) ;
#18 = DIRECTION ( 'NONE',  ( -1.164243943608595441E-16, -1.000000000000000000, -3.515417124066999971E-15 ) ) ;
#19 = DIRECTION ( 'NONE',  ( 0.000000000000000000, 0.000000000000000000, -1.000000000000000000 ) ) ;
#20 = AXIS2_PLACEMENT_3D ( 'NONE', #910, #11713, #12814 ) ;
#21 = CARTESIAN_POINT ( 'NONE',  ( -72.84391516214240880, -13.02600148181846151, -5.969571625808899995 ) ) ;
#22 = VERTEX_POINT ( 'NONE', #5868 ) ;
#23 = VECTOR ( 'NONE', #12453, 1000.000000000000000 ) ;
#24 = DIRECTION ( 'NONE',  ( 1.000000000000000000, -6.705557021117060106E-18, -5.440889002481110112E-18 ) ) ;
#25 = VECTOR ( 'NONE', #6918, 1000.000000000000114 ) ;
#26 = DIRECTION ( 'NONE',  ( 1.000000000000000000, -6.705557021117060106E-18, -5.440889002481110112E-18 ) ) ;
#27 = ADVANCED_FACE ( 'NONE', ( #1072 ), #6127, .F. ) ;
#28 = DIRECTION ( 'NONE',  ( -1.000000000000000000, 0.000000000000000000, 0.000000000000000000 ) ) ;
#29 = ORIENTED_EDGE ( 'NONE', *, *, #3501, .T. ) ;
#30 = CIRCLE ( 'NONE', #7556, 1.599999999999997202 ) ;
#31 = CIRCLE ( 'NONE', #3171, 1.000000000000000888 ) ;
#32 = FACE_OUTER_BOUND ( 'NONE', #12224, .T. ) ;
#33 = CIRCLE ( 'NONE', #6319, 1.000000000000000888 ) ;
#34 = LINE ( 'NONE', #11168, #5493 ) ;
#35 = LINE ( 'NONE', #12204, #12459 ) ;
#36 = VERTEX_POINT ( 'NONE', #6260 ) ;
#37 = FACE_OUTER_BOUND ( 'NONE', #15, .T. ) ;
#38 = EDGE_LOOP ( 'NONE', ( #5686, #4302, #6111, #7577 ) ) ;
#39 = ADVANCED_FACE ( 'NONE', ( #12267 ), #3383, .T. ) ;
#40 = DIRECTION ( 'NONE',  ( 1.000000000000000000, -1.984102504227365030E-17, 0.000000000000000000 ) ) ;
#41 = AXIS2_PLACEMENT_3D ( 'NONE', #7170, #12137, #4027 ) ;
#42 = CARTESIAN_POINT ( 'NONE',  ( 5.600000000000000533, 3.989273081794881486E-15, -2.303207887645388045E-15 ) ) ;
#43 = AXIS2_PLACEMENT_3D ( 'NONE', #11911, #10940, #5953 ) ;
#44 = ADVANCED_FACE ( 'NONE', ( #4276 ), #7045, .T. ) ;
#45 = AXIS2_PLACEMENT_3D ( 'NONE', #10223, #2377, #9239 ) ;
#46 = DIRECTION ( 'NONE',  ( 1.000000000000000000, -6.322502648911719004E-17, 9.462293898829198836E-17 ) ) ;
#47 = ORIENTED_EDGE ( 'NONE', *, *, #4334, .T. ) ;
#48 = ORIENTED_EDGE ( 'NONE', *, *, #3485, .T. ) ;
#49 = EDGE_CURVE ( 'NONE', #8892, #9679, #4220, .T. ) ;
#50 = ORIENTED_EDGE ( 'NONE', *, *, #2595, .T. ) ;
#51 = CARTESIAN_POINT ( 'NONE',  ( -14.90000000000000036, -36.80607966083890403, -21.24999999999954881 ) ) ;
#52 = VECTOR ( 'NONE', #5410, 1000.000000000000227 ) ;
#53 = ADVANCED_FACE ( 'NONE', ( #5087 ), #9441, .F. ) ;
#54 = ORIENTED_EDGE ( 'NONE', *, *, #8557, .F. ) ;
#55 = DIRECTION ( 'NONE',  ( 1.000000000000000000, -6.705557021117060106E-18, -5.440889002481110112E-18 ) ) ;
#56 = CARTESIAN_POINT ( 'NONE',  ( -73.59999999999999432, -18.00885176542625032, 4.212334043129004613 ) ) ;
#57 = CIRCLE ( 'NONE', #7368, 1.599999999999997202 ) ;
#58 = DIRECTION ( 'NONE',  ( 0.5150380749100549327, 0.8571673007021118895, 8.222228984407215679E-14 ) ) ;
#59 = CARTESIAN_POINT ( 'NONE',  ( -73.29999999999999716, 24.17792842093690098, -15.47943042353630005 ) ) ;
#60 = FACE_OUTER_BOUND ( 'NONE', #12896, .T. ) ;
#61 = VERTEX_POINT ( 'NONE', #1264 ) ;
#62 = FACE_BOUND ( 'NONE', #3837, .T. ) ;
#63 = AXIS2_PLACEMENT_3D ( 'NONE', #11538, #10351, #530 ) ;
#64 = DIRECTION ( 'NONE',  ( 0.000000000000000000, -0.9238795325112872936, 0.3826834323650886160 ) ) ;
#65 = ORIENTED_EDGE ( 'NONE', *, *, #11370, .F. ) ;
#66 = TOROIDAL_SURFACE ( 'NONE', #6757, 1.300000000000000044, 0.2999999999999999889 ) ;
#67 = DIRECTION ( 'NONE',  ( 0.000000000000000000, 0.9238795325112874046, -0.3826834323650882275 ) ) ;
#68 = EDGE_LOOP ( 'NONE', ( #8226, #10971, #6945, #96, #6016 ) ) ;
#69 = CARTESIAN_POINT ( 'NONE',  ( 17.54641016151380128, 11.86318640331584007, -28.64026550785180092 ) ) ;
#70 = CARTESIAN_POINT ( 'NONE',  ( -1.899999999999999911, -28.64026550784945258, -11.86318640331884033 ) ) ;
#71 = CARTESIAN_POINT ( 'NONE',  ( -73.59999999999999432, -12.24140380577454046, 5.070555478837420083 ) ) ;
#72 = DIRECTION ( 'NONE',  ( 4.112988807310475997E-18, 0.9238795325112874046, -0.3826834323650881720 ) ) ;
#73 = ORIENTED_EDGE ( 'NONE', *, *, #5814, .T. ) ;
#74 = DIRECTION ( 'NONE',  ( 1.000000000000000000, 0.000000000000000000, 0.000000000000000000 ) ) ;
#75 = EDGE_CURVE ( 'NONE', #374, #11885, #34, .T. ) ;
#76 = FACE_OUTER_BOUND ( 'NONE', #10264, .T. ) ;
#77 = ORIENTED_EDGE ( 'NONE', *, *, #12522, .T. ) ;
#78 = EDGE_LOOP ( 'NONE', ( #4566, #3290, #11332, #1991 ) ) ;
#79 = ORIENTED_EDGE ( 'NONE', *, *, #7155, .T. ) ;
#80 = CYLINDRICAL_SURFACE ( 'NONE', #11619, 1.599999999999997202 ) ;
#81 = CARTESIAN_POINT ( 'NONE',  ( -63.60000000000000142, 3.123683511066989826, -16.37941089669294925 ) ) ;
#82 = FACE_OUTER_BOUND ( 'NONE', #2162, .T. ) ;
#83 = CARTESIAN_POINT ( 'NONE',  ( 14.10000000000099973, 8.265957363029490854E-13, 31.00000000000000000 ) ) ;
#84 = CARTESIAN_POINT ( 'NONE',  ( 17.10000000000000142, -1.578749275297414948E-12, -1.742439805832375052E-12 ) ) ;
#85 = ORIENTED_EDGE ( 'NONE', *, *, #8310, .T. ) ;
#86 = EDGE_CURVE ( 'NONE', #10524, #12221, #2184, .T. ) ;
#87 = CARTESIAN_POINT ( 'NONE',  ( -73.59999999999999432, 1.049419181516655842E-14, 5.142634763737189527E-15 ) ) ;
#88 = CARTESIAN_POINT ( 'NONE',  ( -14.90000000000000036, 36.80607966083874771, 19.65000000000000213 ) ) ;
#89 = DIRECTION ( 'NONE',  ( -6.705557021117060106E-18, -1.000000000000000000, 0.000000000000000000 ) ) ;
#90 = VERTEX_POINT ( 'NONE', #3045 ) ;
#91 = CARTESIAN_POINT ( 'NONE',  ( -73.59999999999999432, -12.39428389932959895, 22.99335179182930133 ) ) ;
#92 = DIRECTION ( 'NONE',  ( 1.000000000000000000, 0.000000000000000000, 0.000000000000000000 ) ) ;
#93 = CARTESIAN_POINT ( 'NONE',  ( -72.84391516214240880, 8.747006983318289741, 7.741989180407549576 ) ) ;
#94 = ORIENTED_EDGE ( 'NONE', *, *, #10243, .T. ) ;
#95 = DIRECTION ( 'NONE',  ( 1.000000000000000000, 0.000000000000000000, 0.000000000000000000 ) ) ;
#96 = ORIENTED_EDGE ( 'NONE', *, *, #2304, .T. ) ;
#97 = DIRECTION ( 'NONE',  ( 1.000000000000000000, 2.638697247430395030E-33, 6.370378681743249463E-33 ) ) ;
#98 = AXIS2_PLACEMENT_3D ( 'NONE', #3130, #1349, #10127 ) ;
#99 = DIRECTION ( 'NONE',  ( 1.000000000000000000, -1.984102504227365030E-17, 0.000000000000000000 ) ) ;
#100 = CIRCLE ( 'NONE', #9919, 1.599999999999999423 ) ;
#101 = FACE_OUTER_BOUND ( 'NONE', #7714, .T. ) ;
#102 = EDGE_LOOP ( 'NONE', ( #1875, #7654, #4117, #10341 ) ) ;
#103 = CIRCLE ( 'NONE', #6182, 1.599999999999997646 ) ;
#104 = ORIENTED_EDGE ( 'NONE', *, *, #4526, .T. ) ;
#105 = CIRCLE ( 'NONE', #525, 1.249999999999987121 ) ;
#106 = VECTOR ( 'NONE', #7663, 1000.000000000000114 ) ;
#107 = ORIENTED_EDGE ( 'NONE', *, *, #5597, .F. ) ;
#108 = DIRECTION ( 'NONE',  ( -1.000000000000000000, 0.000000000000000000, 0.000000000000000000 ) ) ;
#109 = AXIS2_PLACEMENT_3D ( 'NONE', #4097, #11111, #2133 ) ;
#110 = VERTEX_POINT ( 'NONE', #10042 ) ;
#111 = CARTESIAN_POINT ( 'NONE',  ( -68.79999999999999716, -13.47434301098641996, -12.27821568560679921 ) ) ;
#112 = CIRCLE ( 'NONE', #12028, 1.249999999999999334 ) ;
#113 = EDGE_LOOP ( 'NONE', ( #9796, #2454, #122, #8501 ) ) ;
#114 = CARTESIAN_POINT ( 'NONE',  ( 14.10000000000099973, 10.24639722142207887, -27.97056950121135088 ) ) ;
#115 = DIRECTION ( 'NONE',  ( 1.000000000000000000, -1.984102504227365030E-17, 0.000000000000000000 ) ) ;
#116 = ORIENTED_EDGE ( 'NONE', *, *, #6636, .T. ) ;
#117 = DIRECTION ( 'NONE',  ( 1.000000000000000000, 0.000000000000000000, 0.000000000000000000 ) ) ;
#118 = VECTOR ( 'NONE', #11632, 1000.000000000000000 ) ;
#119 = AXIS2_PLACEMENT_3D ( 'NONE', #7251, #8089, #11061 ) ;
#120 = AXIS2_PLACEMENT_3D ( 'NONE', #8830, #2756, #10874 ) ;
#121 = CARTESIAN_POINT ( 'NONE',  ( -72.84391516214240880, -13.47434301098641996, -12.27821568560679921 ) ) ;
#122 = ORIENTED_EDGE ( 'NONE', *, *, #4448, .F. ) ;
#123 = ADVANCED_FACE ( 'NONE', ( #10104 ), #1078, .T. ) ;
#124 = CARTESIAN_POINT ( 'NONE',  ( -78.79999999999999716, -22.60105295380730084, -6.874220347006439802 ) ) ;
#125 = VECTOR ( 'NONE', #8635, 1000.000000000000000 ) ;
#126 = AXIS2_PLACEMENT_3D ( 'NONE', #2953, #3940, #10950 ) ;
#127 = CARTESIAN_POINT ( 'NONE',  ( -78.79999999999999716, -19.49315820939744981, -3.290787599253285123 ) ) ;
#128 = ORIENTED_EDGE ( 'NONE', *, *, #6963, .T. ) ;
#129 = CARTESIAN_POINT ( 'NONE',  ( -2.651075773784429934, 11.86318640331944074, -28.64026550784920033 ) ) ;
#130 = VECTOR ( 'NONE', #2564, 1000.000000000000000 ) ;
#131 = VECTOR ( 'NONE', #1073, 1000.000000000000114 ) ;
#132 = AXIS2_PLACEMENT_3D ( 'NONE', #5213, #228, #10432 ) ;
#133 = DIRECTION ( 'NONE',  ( 1.000000000000000000, -6.322502648911719004E-17, 9.462293898829198836E-17 ) ) ;
#134 = EDGE_CURVE ( 'NONE', #11571, #10092, #12784, .T. ) ;
#135 = CARTESIAN_POINT ( 'NONE',  ( -73.59999999999999432, -19.94149973856539759, -9.599431659051180787 ) ) ;
#136 = DIRECTION ( 'NONE',  ( 0.000000000000000000, -0.8314696123025479002, -0.5555702330195982919 ) ) ;
#137 = CARTESIAN_POINT ( 'NONE',  ( -2.651075773784429934, 21.92031021678435110, -21.92031021678160130 ) ) ;
#138 = EDGE_CURVE ( 'NONE', #6344, #4641, #8012, .T. ) ;
#139 = PLANE ( 'NONE',  #2615 ) ;
#140 = ORIENTED_EDGE ( 'NONE', *, *, #5242, .T. ) ;
#141 = EDGE_CURVE ( 'NONE', #1532, #9690, #10928, .T. ) ;
#142 = AXIS2_PLACEMENT_3D ( 'NONE', #694, #9223, #393 ) ;
#143 = CARTESIAN_POINT ( 'NONE',  ( -72.84391516214240880, -25.02283716737749941, -7.494672781043200338 ) ) ;
#144 = EDGE_CURVE ( 'NONE', #12780, #4094, #11137, .T. ) ;
#145 = CARTESIAN_POINT ( 'NONE',  ( -1.899999999999999911, -28.64026550785020220, 11.86318640331699825 ) ) ;
#146 = EDGE_LOOP ( 'NONE', ( #7114, #7468, #9591, #1929 ) ) ;
#147 = EDGE_CURVE ( 'NONE', #8434, #5803, #12075, .T. ) ;
#148 = FACE_OUTER_BOUND ( 'NONE', #5941, .T. ) ;
#149 = EDGE_LOOP ( 'NONE', ( #6131, #9684 ) ) ;
#150 = ORIENTED_EDGE ( 'NONE', *, *, #927, .T. ) ;
#151 = ORIENTED_EDGE ( 'NONE', *, *, #8903, .F. ) ;
#152 = FACE_OUTER_BOUND ( 'NONE', #4052, .T. ) ;
#153 = ADVANCED_FACE ( 'NONE', ( #9253 ), #3107, .F. ) ;
#154 = CARTESIAN_POINT ( 'NONE',  ( -72.84391516214240880, -10.15587573908030095, 0.9595248680257540963 ) ) ;
#155 = DIRECTION ( 'NONE',  ( 1.000000000000000000, -6.705557021117060106E-18, -5.440889002481110112E-18 ) ) ;
#156 = DIRECTION ( 'NONE',  ( 0.000000000000000000, 0.8314696123025475671, 0.5555702330195986249 ) ) ;
#157 = FACE_BOUND ( 'NONE', #10436, .T. ) ;
#158 = ORIENTED_EDGE ( 'NONE', *, *, #1169, .F. ) ;
#159 = CARTESIAN_POINT ( 'NONE',  ( -72.84391516214240880, 18.46578437083690005, -19.86251271240145044 ) ) ;
#160 = CIRCLE ( 'NONE', #5604, 2.050000000000002043 ) ;
#161 = CARTESIAN_POINT ( 'NONE',  ( -1.899999999999999911, -10.61318640331642094, -28.64026550785035141 ) ) ;
#162 = ADVANCED_FACE ( 'NONE', ( #6003 ), #10289, .F. ) ;
#163 = ORIENTED_EDGE ( 'NONE', *, *, #2692, .T. ) ;
#164 = CARTESIAN_POINT ( 'NONE',  ( -68.79999999999999716, -12.39428389932959895, 22.99335179182930133 ) ) ;
#165 = DIRECTION ( 'NONE',  ( -1.000000000000000000, 6.322502648911719004E-17, -9.462293898829198836E-17 ) ) ;
#166 = FACE_OUTER_BOUND ( 'NONE', #12002, .T. ) ;
#167 = ORIENTED_EDGE ( 'NONE', *, *, #9999, .F. ) ;
#168 = VECTOR ( 'NONE', #2369, 1000.000000000000000 ) ;
#169 = CARTESIAN_POINT ( 'NONE',  ( -78.79999999999999716, -15.70478550837409948, -12.43672835338790073 ) ) ;
#170 = ORIENTED_EDGE ( 'NONE', *, *, #5290, .F. ) ;
#171 = FACE_OUTER_BOUND ( 'NONE', #8284, .T. ) ;
#172 = CARTESIAN_POINT ( 'NONE',  ( -73.29999999999999716, 11.76616776325921876, -18.70480676635960293 ) ) ;
#173 = AXIS2_PLACEMENT_3D ( 'NONE', #5028, #8999, #40 ) ;
#174 = DIRECTION ( 'NONE',  ( 0.000000000000000000, -3.491481338843136511E-15, -1.000000000000000000 ) ) ;
#175 = ORIENTED_EDGE ( 'NONE', *, *, #710, .F. ) ;
#176 = EDGE_LOOP ( 'NONE', ( #1149, #6200 ) ) ;
#177 = ADVANCED_FACE ( 'NONE', ( #9983 ), #7235, .F. ) ;
#178 = EDGE_LOOP ( 'NONE', ( #3539, #6390, #10131, #5208 ) ) ;
#179 = DIRECTION ( 'NONE',  ( 0.000000000000000000, 0.9238795325112874046, -0.3826834323650882275 ) ) ;
#180 = ORIENTED_EDGE ( 'NONE', *, *, #4630, .F. ) ;
#181 = CARTESIAN_POINT ( 'NONE',  ( 14.09999999999999964, -11.86318640331920093, 28.64026550784825176 ) ) ;
#182 = EDGE_LOOP ( 'NONE', ( #2459, #10168 ) ) ;
#183 = VECTOR ( 'NONE', #5041, 1000.000000000000000 ) ;
#184 = EDGE_CURVE ( 'NONE', #5026, #7885, #1518, .T. ) ;
#185 = DIRECTION ( 'NONE',  ( 0.000000000000000000, 0.8314696123025480112, 0.5555702330195979588 ) ) ;
#186 = LINE ( 'NONE', #10994, #1849 ) ;
#187 = ORIENTED_EDGE ( 'NONE', *, *, #8291, .T. ) ;
#188 = EDGE_LOOP ( 'NONE', ( #8143, #12466, #769, #8024 ) ) ;
#189 = DIRECTION ( 'NONE',  ( 0.000000000000000000, 1.000000000000000000, 9.575673587392073611E-14 ) ) ;
#190 = CARTESIAN_POINT ( 'NONE',  ( -78.79999999999999716, -23.55776153472005063, -9.183919178284670082 ) ) ;
#191 = VERTEX_POINT ( 'NONE', #9380 ) ;
#192 = DIRECTION ( 'NONE',  ( 1.000000000000000000, -2.905650844594894626E-18, -7.014861676541880450E-18 ) ) ;
#193 = CARTESIAN_POINT ( 'NONE',  ( -73.59999999999999432, -21.21523365504034686, -7.448245495554079554 ) ) ;
#194 = EDGE_LOOP ( 'NONE', ( #12813, #10313, #9662, #3826 ) ) ;
#195 = ADVANCED_FACE ( 'NONE', ( #3362 ), #4652, .T. ) ;
#196 = FACE_OUTER_BOUND ( 'NONE', #12348, .T. ) ;
#197 = DIRECTION ( 'NONE',  ( -4.112988807310479849E-18, -0.9238795325112876267, 0.3826834323650878389 ) ) ;
#198 = PLANE ( 'NONE',  #3450 ) ;
#199 = DIRECTION ( 'NONE',  ( 1.000000000000000000, 0.000000000000000000, 0.000000000000000000 ) ) ;
#200 = FACE_OUTER_BOUND ( 'NONE', #12476, .T. ) ;
#201 = DIRECTION ( 'NONE',  ( 1.000000000000000000, 0.000000000000000000, 0.000000000000000000 ) ) ;
#202 = EDGE_LOOP ( 'NONE', ( #12586, #6783 ) ) ;
#204 = ADVANCED_FACE ( 'NONE', ( #1452 ), #11432, .F. ) ;
#203 = PLANE ( 'NONE',  #1684 ) ;
#205 = CARTESIAN_POINT ( 'NONE',  ( -72.84391516214240880, -21.21523365504034686, -7.448245495554079554 ) ) ;
#206 = EDGE_CURVE ( 'NONE', #12410, #10446, #11490, .T. ) ;
#207 = ORIENTED_EDGE ( 'NONE', *, *, #6449, .F. ) ;
#208 = DIRECTION ( 'NONE',  ( 0.000000000000000000, -0.8314696123025432373, -0.5555702330196052863 ) ) ;
#209 = VERTEX_POINT ( 'NONE', #9444 ) ;
#210 = EDGE_CURVE ( 'NONE', #4306, #5311, #8193, .T. ) ;
#211 = ORIENTED_EDGE ( 'NONE', *, *, #1892, .T. ) ;
#212 = EDGE_LOOP ( 'NONE', ( #8680, #10444 ) ) ;
#213 = CARTESIAN_POINT ( 'NONE',  ( -78.79999999999999716, -20.86537927107670143, -9.216748226686098278 ) ) ;
#214 = EDGE_CURVE ( 'NONE', #9734, #901, #8458, .T. ) ;
#215 = AXIS2_PLACEMENT_3D ( 'NONE', #6646, #8354, #11614 ) ;
#216 = CYLINDRICAL_SURFACE ( 'NONE', #7375, 1.599999999999997202 ) ;
#217 = DIRECTION ( 'NONE',  ( -1.000000000000000000, 1.164243943608597907E-16, -6.264279228234968532E-17 ) ) ;
#218 = DIRECTION ( 'NONE',  ( 1.000000000000000000, -2.905650844594909648E-18, -7.014861676541880450E-18 ) ) ;
#219 = DIRECTION ( 'NONE',  ( 1.000000000000000000, -6.322502648911709143E-17, 9.462293898829198836E-17 ) ) ;
#220 = ORIENTED_EDGE ( 'NONE', *, *, #4587, .F. ) ;
#221 = CARTESIAN_POINT ( 'NONE',  ( 5.599999999999999645, -21.25000000000045119, -38.40607966083854308 ) ) ;
#222 = AXIS2_PLACEMENT_3D ( 'NONE', #7414, #479, #10623 ) ;
#223 = CARTESIAN_POINT ( 'NONE',  ( 6.599999999999999645, -3.301963206785260407E-12, 34.42296358256754729 ) ) ;
#224 = EDGE_CURVE ( 'NONE', #9722, #6716, #12461, .T. ) ;
#225 = AXIS2_PLACEMENT_3D ( 'NONE', #4749, #6838, #1594 ) ;
#226 = ORIENTED_EDGE ( 'NONE', *, *, #1154, .F. ) ;
#227 = EDGE_CURVE ( 'NONE', #9262, #5396, #4227, .T. ) ;
#228 = DIRECTION ( 'NONE',  ( 1.000000000000000000, 0.000000000000000000, 0.000000000000000000 ) ) ;
#229 = AXIS2_PLACEMENT_3D ( 'NONE', #5766, #7843, #7974 ) ;
#230 = CARTESIAN_POINT ( 'NONE',  ( -1.899999999999999911, -11.86318640331823993, 28.64026550784970127 ) ) ;
#231 = CARTESIAN_POINT ( 'NONE',  ( -73.59999999999999432, -22.72673657318700080, -1.951395585975469915 ) ) ;
#232 = VECTOR ( 'NONE', #1678, 1000.000000000000000 ) ;
#233 = ORIENTED_EDGE ( 'NONE', *, *, #11983, .F. ) ;
#234 = CARTESIAN_POINT ( 'NONE',  ( 6.600000000000989964, 13.47997558521310069, 27.97056950121070074 ) ) ;
#235 = AXIS2_PLACEMENT_3D ( 'NONE', #5518, #528, #4536 ) ;
#236 = VERTEX_POINT ( 'NONE', #6384 ) ;
#237 = DIRECTION ( 'NONE',  ( 1.000000000000000000, 0.000000000000000000, 0.000000000000000000 ) ) ;
#238 = FACE_OUTER_BOUND ( 'NONE', #5975, .T. ) ;
#239 = EDGE_CURVE ( 'NONE', #7214, #2748, #4604, .T. ) ;
#240 = CIRCLE ( 'NONE', #8804, 1.000000000000000666 ) ;
#241 = AXIS2_PLACEMENT_3D ( 'NONE', #11603, #5655, #11992 ) ;
#242 = DIRECTION ( 'NONE',  ( -4.112988807310475227E-18, -0.9238795325112871826, 0.3826834323650885605 ) ) ;
#243 = VERTEX_POINT ( 'NONE', #1394 ) ;
#244 = ORIENTED_EDGE ( 'NONE', *, *, #7209, .T. ) ;
#245 = AXIS2_PLACEMENT_3D ( 'NONE', #11953, #9915, #1870 ) ;
#246 = ORIENTED_EDGE ( 'NONE', *, *, #5082, .F. ) ;
#247 = FACE_BOUND ( 'NONE', #8829, .T. ) ;
#248 = EDGE_LOOP ( 'NONE', ( #3441, #1469 ) ) ;
#249 = DIRECTION ( 'NONE',  ( 1.000000000000000000, -2.905650844594909648E-18, -7.014861676541880450E-18 ) ) ;
#250 = EDGE_LOOP ( 'NONE', ( #3185, #1748, #10683, #10876 ) ) ;
#251 = DIRECTION ( 'NONE',  ( 0.000000000000000000, 1.000000000000000000, 9.714451465470232062E-14 ) ) ;
#252 = ORIENTED_EDGE ( 'NONE', *, *, #5544, .T. ) ;
#253 = ORIENTED_EDGE ( 'NONE', *, *, #5195, .T. ) ;
#254 = CARTESIAN_POINT ( 'NONE',  ( 14.10000000000099973, 28.64026550785025194, 11.86318640331695917 ) ) ;
#255 = AXIS2_PLACEMENT_3D ( 'NONE', #10891, #1921, #19 ) ;
#256 = DIRECTION ( 'NONE',  ( 0.000000000000000000, 0.000000000000000000, 1.000000000000000000 ) ) ;
#257 = EDGE_CURVE ( 'NONE', #11797, #8069, #6333, .T. ) ;
#258 = CARTESIAN_POINT ( 'NONE',  ( 17.60000000000000142, 28.64026550784820202, -11.86318640331981911 ) ) ;
#259 = EDGE_CURVE ( 'NONE', #11626, #10234, #690, .T. ) ;
#260 = CARTESIAN_POINT ( 'NONE',  ( -72.84391516214240880, -1.769669275449794910, 18.59249231963075033 ) ) ;
#261 = ORIENTED_EDGE ( 'NONE', *, *, #144, .F. ) ;
#262 = AXIS2_PLACEMENT_3D ( 'NONE', #5343, #7485, #10497 ) ;
#263 = CARTESIAN_POINT ( 'NONE',  ( -73.59999999999999432, -17.63180090728720018, -10.55614023996390038 ) ) ;
#264 = CIRCLE ( 'NONE', #3599, 1.849999999999998979 ) ;
#265 = DIRECTION ( 'NONE',  ( 0.000000000000000000, 0.8314696123025432373, 0.5555702330196052863 ) ) ;
#266 = ADVANCED_FACE ( 'NONE', ( #8528 ), #418, .F. ) ;
#267 = CARTESIAN_POINT ( 'NONE',  ( -73.29999999999999716, 14.81321579678460054, -15.10239267065399993 ) ) ;
#268 = CARTESIAN_POINT ( 'NONE',  ( 6.599999999999999645, 13.11318640331944074, -28.64026550784910086 ) ) ;
#269 = CARTESIAN_POINT ( 'NONE',  ( -73.59999999999999432, 4.448338024599760132, -16.87467892491325117 ) ) ;
#270 = CIRCLE ( 'NONE', #9660, 1.599999999999997202 ) ;
#271 = EDGE_CURVE ( 'NONE', #5909, #11858, #3605, .T. ) ;
#272 = DIRECTION ( 'NONE',  ( 1.000000000000000000, -1.067925513466054003E-16, 6.551204957150059656E-17 ) ) ;
#273 = ORIENTED_EDGE ( 'NONE', *, *, #7571, .F. ) ;
#274 = LINE ( 'NONE', #7275, #1263 ) ;
#275 = AXIS2_PLACEMENT_3D ( 'NONE', #12491, #1427, #3527 ) ;
#276 = DIRECTION ( 'NONE',  ( 1.000000000000000000, 0.000000000000000000, 0.000000000000000000 ) ) ;
#277 = ORIENTED_EDGE ( 'NONE', *, *, #9541, .F. ) ;
#278 = ADVANCED_FACE ( 'NONE', ( #12580 ), #4353, .T. ) ;
#279 = DIRECTION ( 'NONE',  ( 0.7071067811865718866, -0.6532814824381691921, 0.2705980500730811311 ) ) ;
#280 = ORIENTED_EDGE ( 'NONE', *, *, #547, .T. ) ;
#281 = FACE_OUTER_BOUND ( 'NONE', #1146, .T. ) ;
#282 = CARTESIAN_POINT ( 'NONE',  ( 14.10000000000099973, -10.24639722142364029, -29.30996151448859877 ) ) ;
#283 = CARTESIAN_POINT ( 'NONE',  ( 17.54641016151380128, 27.10204672508849910, -12.89099133440610068 ) ) ;
#284 = EDGE_CURVE ( 'NONE', #11060, #7249, #1714, .T. ) ;
#285 = DIRECTION ( 'NONE',  ( 0.000000000000000000, 0.8314696123025483443, 0.5555702330195975147 ) ) ;
#286 = CARTESIAN_POINT ( 'NONE',  ( -72.84391516214240880, 5.540170065047729686, 0.000000000000000000 ) ) ;
#287 = ORIENTED_EDGE ( 'NONE', *, *, #7783, .T. ) ;
#288 = CARTESIAN_POINT ( 'NONE',  ( -78.79999999999999716, -22.17194223595310021, -9.757944326832300064 ) ) ;
#289 = CARTESIAN_POINT ( 'NONE',  ( 6.599999999999999645, 10.24639722142210019, -27.97056950121135088 ) ) ;
#290 = EDGE_CURVE ( 'NONE', #1861, #1117, #3392, .T. ) ;
#291 = EDGE_LOOP ( 'NONE', ( #1190, #6607, #5104, #8809 ) ) ;
#292 = LINE ( 'NONE', #9251, #8871 ) ;
#293 = CARTESIAN_POINT ( 'NONE',  ( -14.90000000000000036, -36.80607966083890403, -21.24999999999954881 ) ) ;
#294 = CYLINDRICAL_SURFACE ( 'NONE', #5379, 1.249999999999986011 ) ;
#295 = ADVANCED_FACE ( 'NONE', ( #360 ), #8335, .F. ) ;
#296 = DIRECTION ( 'NONE',  ( -1.000000000000000000, 0.000000000000000000, 0.000000000000000000 ) ) ;
#297 = ORIENTED_EDGE ( 'NONE', *, *, #2685, .T. ) ;
#298 = CARTESIAN_POINT ( 'NONE',  ( 5.599999999999999645, -42.50000000000000000, -3.429011037612799803E-16 ) ) ;
#299 = LINE ( 'NONE', #8275, #11200 ) ;
#300 = EDGE_CURVE ( 'NONE', #10713, #12666, #10754, .T. ) ;
#301 = DIRECTION ( 'NONE',  ( 1.000000000000000000, 0.000000000000000000, 0.000000000000000000 ) ) ;
#302 = ORIENTED_EDGE ( 'NONE', *, *, #6450, .F. ) ;
#303 = ORIENTED_EDGE ( 'NONE', *, *, #8986, .T. ) ;
#304 = ORIENTED_EDGE ( 'NONE', *, *, #2181, .T. ) ;
#305 = FACE_OUTER_BOUND ( 'NONE', #7732, .T. ) ;
#306 = ORIENTED_EDGE ( 'NONE', *, *, #5653, .F. ) ;
#307 = ORIENTED_EDGE ( 'NONE', *, *, #206, .F. ) ;
#308 = DIRECTION ( 'NONE',  ( 1.000000000000000000, -1.067925513466054003E-16, 6.551204957150059656E-17 ) ) ;
#309 = ORIENTED_EDGE ( 'NONE', *, *, #11, .T. ) ;
#310 = DIRECTION ( 'NONE',  ( -1.000000000000000000, 0.000000000000000000, -1.074775770116589937E-17 ) ) ;
#311 = EDGE_CURVE ( 'NONE', #565, #6258, #6123, .T. ) ;
#312 = VECTOR ( 'NONE', #6026, 999.9999999999998863 ) ;
#313 = EDGE_LOOP ( 'NONE', ( #1341, #4003 ) ) ;
#314 = CIRCLE ( 'NONE', #7006, 1.600000000000002753 ) ;
#315 = FACE_OUTER_BOUND ( 'NONE', #12637, .T. ) ;
#316 = DIRECTION ( 'NONE',  ( 4.112988807310472916E-18, 0.9238795325112876267, -0.3826834323650878389 ) ) ;
#317 = VECTOR ( 'NONE', #11607, 1000.000000000000000 ) ;
#318 = DIRECTION ( 'NONE',  ( 0.7071067811865350272, -8.659560562355085700E-17, -0.7071067811865600072 ) ) ;
#319 = VECTOR ( 'NONE', #8847, 1000.000000000000000 ) ;
#320 = DIRECTION ( 'NONE',  ( -1.000000000000000000, 6.705557021117060106E-18, 5.440889002481110112E-18 ) ) ;
#321 = EDGE_LOOP ( 'NONE', ( #2874, #2521, #6298, #6338 ) ) ;
#322 = AXIS2_PLACEMENT_3D ( 'NONE', #10919, #5816, #1020 ) ;
#323 = VECTOR ( 'NONE', #2500, 1000.000000000000000 ) ;
#324 = ORIENTED_EDGE ( 'NONE', *, *, #12200, .T. ) ;
#325 = DIRECTION ( 'NONE',  ( 0.000000000000000000, 1.000000000000000000, 9.592326932761342412E-14 ) ) ;
#326 = CARTESIAN_POINT ( 'NONE',  ( -73.59999999999999432, -11.09335350867927872, 7.842194076371291622 ) ) ;
#327 = CIRCLE ( 'NONE', #10997, 4.500000000000000000 ) ;
#328 = DIRECTION ( 'NONE',  ( 1.000000000000000000, -6.705557021117060106E-18, -5.440889002481110112E-18 ) ) ;
#329 = DIRECTION ( 'NONE',  ( 0.000000000000000000, -0.4999999999999950040, 0.8660254037844414832 ) ) ;
#330 = DIRECTION ( 'NONE',  ( 1.000000000000000000, 2.638697247430395030E-33, 6.370378681743239884E-33 ) ) ;
#331 = AXIS2_PLACEMENT_3D ( 'NONE', #5392, #11152, #3090 ) ;
#332 = DIRECTION ( 'NONE',  ( 1.000000000000000000, 0.000000000000000000, 0.000000000000000000 ) ) ;
#333 = VERTEX_POINT ( 'NONE', #5727 ) ;
#334 = AXIS2_PLACEMENT_3D ( 'NONE', #8371, #1367, #10141 ) ;
#335 = DIRECTION ( 'NONE',  ( 0.000000000000000000, 0.8660254037844384856, -0.5000000000000001110 ) ) ;
#336 = DIRECTION ( 'NONE',  ( 0.000000000000000000, 0.3826834323650878389, 0.9238795325112876267 ) ) ;
#337 = AXIS2_PLACEMENT_3D ( 'NONE', #6782, #4826, #8736 ) ;
#338 = ORIENTED_EDGE ( 'NONE', *, *, #12053, .F. ) ;
#339 = AXIS2_PLACEMENT_3D ( 'NONE', #11044, #9056, #2253 ) ;
#340 = CARTESIAN_POINT ( 'NONE',  ( 14.10000000000099973, 11.86318640331682062, -28.64026550785030167 ) ) ;
#341 = DIRECTION ( 'NONE',  ( 0.000000000000000000, 0.8314696123025480112, 0.5555702330195980698 ) ) ;
#342 = AXIS2_PLACEMENT_3D ( 'NONE', #7848, #8961, #984 ) ;
#343 = VECTOR ( 'NONE', #6349, 1000.000000000000000 ) ;
#344 = ADVANCED_FACE ( 'NONE', ( #6765 ), #4883, .F. ) ;
#345 = ORIENTED_EDGE ( 'NONE', *, *, #12607, .F. ) ;
#346 = CARTESIAN_POINT ( 'NONE',  ( 5.599999999999999645, 36.80607966083890403, 21.24999999999954881 ) ) ;
#347 = DIRECTION ( 'NONE',  ( 2.344629897928335987E-19, -0.6087614290087192126, 0.7933533402912363863 ) ) ;
#348 = CARTESIAN_POINT ( 'NONE',  ( -72.84391516214240880, -16.28677631978335327, 8.369791939429800820 ) ) ;
#349 = EDGE_CURVE ( 'NONE', #11155, #9690, #12640, .T. ) ;
#350 = DIRECTION ( 'NONE',  ( 0.000000000000000000, -0.9238795325112783008, 0.3826834323651103764 ) ) ;
#351 = CONICAL_SURFACE ( 'NONE', #10378, 1.249999999999987121, 1.029744258676652313 ) ;
#352 = AXIS2_PLACEMENT_3D ( 'NONE', #7421, #4479, #553 ) ;
#353 = DIRECTION ( 'NONE',  ( 7.592831564818957410E-18, 0.3826834323650886160, 0.9238795325112872936 ) ) ;
#354 = EDGE_LOOP ( 'NONE', ( #5453, #627 ) ) ;
#355 = CARTESIAN_POINT ( 'NONE',  ( -12.30000000000000071, -1.505188971403552700E-14, 45.00000000000000000 ) ) ;
#356 = CARTESIAN_POINT ( 'NONE',  ( 17.54641016151375155, -27.10204672509194879, -10.83538147223281989 ) ) ;
#357 = AXIS2_PLACEMENT_3D ( 'NONE', #6369, #5397, #1119 ) ;
#358 = ORIENTED_EDGE ( 'NONE', *, *, #1846, .T. ) ;
#359 = DIRECTION ( 'NONE',  ( 0.000000000000000000, 1.000000000000000000, 0.000000000000000000 ) ) ;
#360 = FACE_OUTER_BOUND ( 'NONE', #38, .T. ) ;
#361 = DIRECTION ( 'NONE',  ( 0.000000000000000000, 0.9238795325112914014, -0.3826834323650783465 ) ) ;
#362 = DIRECTION ( 'NONE',  ( 0.000000000000000000, 0.3826834323650881720, 0.9238795325112874046 ) ) ;
#363 = EDGE_LOOP ( 'NONE', ( #406, #2592, #2654, #180 ) ) ;
#364 = AXIS2_PLACEMENT_3D ( 'NONE', #10113, #301, #7247 ) ;
#365 = DIRECTION ( 'NONE',  ( 1.000000000000000000, -6.322502648911719004E-17, 9.462293898829198836E-17 ) ) ;
#366 = EDGE_CURVE ( 'NONE', #10282, #9997, #5661, .T. ) ;
#367 = CARTESIAN_POINT ( 'NONE',  ( -59.50000000000000000, 23.45852899954100224, -20.89250528569855092 ) ) ;
#368 = ORIENTED_EDGE ( 'NONE', *, *, #485, .T. ) ;
#369 = ADVANCED_FACE ( 'NONE', ( #4813 ), #807, .F. ) ;
#370 = ORIENTED_EDGE ( 'NONE', *, *, #206, .T. ) ;
#371 = ORIENTED_EDGE ( 'NONE', *, *, #10101, .F. ) ;
#372 = LINE ( 'NONE', #8344, #12460 ) ;
#373 = EDGE_CURVE ( 'NONE', #10387, #10909, #1853, .T. ) ;
#374 = VERTEX_POINT ( 'NONE', #7676 ) ;
#375 = ORIENTED_EDGE ( 'NONE', *, *, #2294, .F. ) ;
#376 = CARTESIAN_POINT ( 'NONE',  ( -1.899999999999999911, -23.17031021678204894, -21.92031021678400293 ) ) ;
#377 = ORIENTED_EDGE ( 'NONE', *, *, #3959, .T. ) ;
#378 = EDGE_CURVE ( 'NONE', #9817, #7161, #10084, .T. ) ;
#379 = LINE ( 'NONE', #4437, #5466 ) ;
#380 = EDGE_CURVE ( 'NONE', #2362, #8100, #270, .T. ) ;
#381 = ORIENTED_EDGE ( 'NONE', *, *, #9958, .F. ) ;
#382 = DIRECTION ( 'NONE',  ( 1.000000000000000000, 0.000000000000000000, 0.000000000000000000 ) ) ;
#383 = CARTESIAN_POINT ( 'NONE',  ( 17.54641016151380128, -10.32496762056006112, -27.61246057676520138 ) ) ;
#384 = VECTOR ( 'NONE', #9946, 1000.000000000000000 ) ;
#385 = PLANE ( 'NONE',  #3170 ) ;
#386 = CYLINDRICAL_SURFACE ( 'NONE', #10467, 1.599999999999997202 ) ;
#387 = ORIENTED_EDGE ( 'NONE', *, *, #10212, .F. ) ;
#388 = ADVANCED_FACE ( 'NONE', ( #871 ), #10695, .F. ) ;
#389 = ORIENTED_EDGE ( 'NONE', *, *, #11970, .F. ) ;
#390 = DIRECTION ( 'NONE',  ( 1.000000000000000000, 0.000000000000000000, 0.000000000000000000 ) ) ;
#391 = LINE ( 'NONE', #2356, #7838 ) ;
#392 = DIRECTION ( 'NONE',  ( 1.000000000000000000, -1.164243943608597907E-16, 6.264279228234968532E-17 ) ) ;
#393 = DIRECTION ( 'NONE',  ( -4.970554372426381287E-17, -0.8314696123025480112, -0.5555702330195979588 ) ) ;
#394 = CARTESIAN_POINT ( 'NONE',  ( -1.899999999999999911, -29.89026550784939928, -11.86318640331895935 ) ) ;
#395 = EDGE_CURVE ( 'NONE', #1524, #4696, #7367, .T. ) ;
#396 = CYLINDRICAL_SURFACE ( 'NONE', #8901, 1.850000000000001865 ) ;
#397 = EDGE_LOOP ( 'NONE', ( #8294, #7910, #11499 ) ) ;
#398 = AXIS2_PLACEMENT_3D ( 'NONE', #10521, #8743, #4769 ) ;
#399 = DIRECTION ( 'NONE',  ( 0.000000000000000000, 0.8314696123025481223, 0.5555702330195977368 ) ) ;
#400 = EDGE_CURVE ( 'NONE', #6572, #12212, #1302, .T. ) ;
#401 = CARTESIAN_POINT ( 'NONE',  ( 13.60000000000099796, 32.15100773139249668, -13.31738344630579185 ) ) ;
#402 = VERTEX_POINT ( 'NONE', #7871 ) ;
#403 = CARTESIAN_POINT ( 'NONE',  ( -14.56873145130309588, 38.97114317029483033, -22.49999999999897682 ) ) ;
#404 = CARTESIAN_POINT ( 'NONE',  ( 14.10000000000099973, -13.39392013277882043, -32.33578363789474963 ) ) ;
#405 = ORIENTED_EDGE ( 'NONE', *, *, #7346, .F. ) ;
#406 = ORIENTED_EDGE ( 'NONE', *, *, #12747, .F. ) ;
#407 = DIRECTION ( 'NONE',  ( 1.000000000000000000, -3.061616997868494568E-17, 5.302876193624889562E-17 ) ) ;
#408 = LINE ( 'NONE', #6370, #7234 ) ;
#409 = DIRECTION ( 'NONE',  ( 1.000000000000000000, -1.067925513466054003E-16, 6.551204957150059656E-17 ) ) ;
#410 = PRESENTATION_STYLE_ASSIGNMENT (( #3288 ) ) ;
#411 = CARTESIAN_POINT ( 'NONE',  ( 6.600000000000989964, 31.00000000000000000, -9.454242944073600684E-13 ) ) ;
#412 = VERTEX_POINT ( 'NONE', #5795 ) ;
#413 = DIRECTION ( 'NONE',  ( 4.233019071658685438E-17, 0.5000000000000009992, -0.8660254037844380415 ) ) ;
#414 = EDGE_CURVE ( 'NONE', #3078, #1763, #11874, .T. ) ;
#415 = DIRECTION ( 'NONE',  ( 0.000000000000000000, -1.000000000000000000, -9.592326932761360082E-14 ) ) ;
#416 = VERTEX_POINT ( 'NONE', #5852 ) ;
#417 = CARTESIAN_POINT ( 'NONE',  ( 14.10000000000099973, 1.616789181893669713, -31.66969600663895079 ) ) ;
#418 = CYLINDRICAL_SURFACE ( 'NONE', #8823, 1.249999999999999334 ) ;
#419 = FACE_OUTER_BOUND ( 'NONE', #1181, .T. ) ;
#420 = FACE_OUTER_BOUND ( 'NONE', #577, .T. ) ;
#421 = ORIENTED_EDGE ( 'NONE', *, *, #6871, .T. ) ;
#422 = DIRECTION ( 'NONE',  ( 0.000000000000000000, -0.9238795325112788559, 0.3826834323651088221 ) ) ;
#423 = ORIENTED_EDGE ( 'NONE', *, *, #9076, .T. ) ;
#424 = CIRCLE ( 'NONE', #9403, 1.750000000000001110 ) ;
#425 = ADVANCED_FACE ( 'NONE', ( #4946 ), #9450, .F. ) ;
#426 = CARTESIAN_POINT ( 'NONE',  ( 17.60000000000000142, -1.991666858855570196E-12, -31.00000000000174794 ) ) ;
#427 = ORIENTED_EDGE ( 'NONE', *, *, #12102, .F. ) ;
#428 = EDGE_LOOP ( 'NONE', ( #8352, #3857, #1687, #9142 ) ) ;
#429 = AXIS2_PLACEMENT_3D ( 'NONE', #2311, #11096, #3354 ) ;
#430 = CIRCLE ( 'NONE', #2102, 1.599999999999997646 ) ;
#431 = VERTEX_POINT ( 'NONE', #9696 ) ;
#432 = FACE_OUTER_BOUND ( 'NONE', #11669, .T. ) ;
#433 = AXIS2_PLACEMENT_3D ( 'NONE', #12347, #5364, #7445 ) ;
#434 = ORIENTED_EDGE ( 'NONE', *, *, #8246, .F. ) ;
#435 = ORIENTED_EDGE ( 'NONE', *, *, #12252, .T. ) ;
#436 = PLANE ( 'NONE',  #6206 ) ;
#437 = ORIENTED_EDGE ( 'NONE', *, *, #8286, .T. ) ;
#438 = CARTESIAN_POINT ( 'NONE',  ( -72.84391516214240880, -2.693548807961069880, 18.97517575199585238 ) ) ;
#439 = ADVANCED_FACE ( 'NONE', ( #2706 ), #8782, .F. ) ;
#440 = VERTEX_POINT ( 'NONE', #734 ) ;
#441 = EDGE_LOOP ( 'NONE', ( #12700, #11487, #6215, #5645 ) ) ;
#442 = ADVANCED_FACE ( 'NONE', ( #12709 ), #3749, .F. ) ;
#443 = VECTOR ( 'NONE', #1183, 999.9999999999998863 ) ;
#444 = CYLINDRICAL_SURFACE ( 'NONE', #8071, 1.249999999999987121 ) ;
#445 = VECTOR ( 'NONE', #2638, 1000.000000000000000 ) ;
#446 = DIRECTION ( 'NONE',  ( 0.000000000000000000, 0.9238795325112875156, -0.3826834323650881720 ) ) ;
#447 = AXIS2_PLACEMENT_3D ( 'NONE', #2188, #9186, #10173 ) ;
#448 = DIRECTION ( 'NONE',  ( 0.000000000000000000, 1.000000000000000000, 9.714451465470232062E-14 ) ) ;
#449 = EDGE_CURVE ( 'NONE', #6716, #2155, #4143, .T. ) ;
#450 = EDGE_LOOP ( 'NONE', ( #7337, #2277 ) ) ;
#451 = ADVANCED_FACE ( 'NONE', ( #2244, #5010 ), #8128, .T. ) ;
#452 = ORIENTED_EDGE ( 'NONE', *, *, #4809, .T. ) ;
#453 = DIRECTION ( 'NONE',  ( 0.000000000000000000, -0.9099612708765443259, -0.4146932426562364160 ) ) ;
#454 = VECTOR ( 'NONE', #318, 1000.000000000000000 ) ;
#455 = LINE ( 'NONE', #11460, #1994 ) ;
#456 = CIRCLE ( 'NONE', #3590, 1.850000000000001421 ) ;
#457 = AXIS2_PLACEMENT_3D ( 'NONE', #674, #6576, #3556 ) ;
#458 = CARTESIAN_POINT ( 'NONE',  ( -59.50000000000000000, -31.00000000000159872, -1.228775709512490088E-12 ) ) ;
#459 = DIRECTION ( 'NONE',  ( 1.000000000000000000, 0.000000000000000000, 0.000000000000000000 ) ) ;
#460 = CARTESIAN_POINT ( 'NONE',  ( -73.29999999999999716, 3.909236809146660274, -15.69172927277374896 ) ) ;
#461 = CYLINDRICAL_SURFACE ( 'NONE', #9528, 1.000000000000000222 ) ;
#462 = ORIENTED_EDGE ( 'NONE', *, *, #1617, .F. ) ;
#463 = DIRECTION ( 'NONE',  ( 1.000000000000000000, 0.000000000000000000, 0.000000000000000000 ) ) ;
#464 = CARTESIAN_POINT ( 'NONE',  ( -1.899999999999999911, -1.250000000002960077, 31.00000000000000000 ) ) ;
#465 = VERTEX_POINT ( 'NONE', #4070 ) ;
#466 = FACE_OUTER_BOUND ( 'NONE', #10086, .T. ) ;
#467 = DIRECTION ( 'NONE',  ( -1.000000000000000000, 0.000000000000000000, 0.000000000000000000 ) ) ;
#468 = ORIENTED_EDGE ( 'NONE', *, *, #5639, .F. ) ;
#469 = ORIENTED_EDGE ( 'NONE', *, *, #4973, .F. ) ;
#470 = LINE ( 'NONE', #8440, #10677 ) ;
#471 = AXIS2_PLACEMENT_3D ( 'NONE', #9633, #2899, #10826 ) ;
#472 = CARTESIAN_POINT ( 'NONE',  ( 17.54641016151380128, -1.578796948577510217E-12, -1.742410560587744990E-12 ) ) ;
#473 = LINE ( 'NONE', #6441, #8882 ) ;
#474 = PLANE ( 'NONE',  #9869 ) ;
#475 = ADVANCED_FACE ( 'NONE', ( #11226 ), #10300, .T. ) ;
#476 = AXIS2_PLACEMENT_3D ( 'NONE', #11522, #8691, #1688 ) ;
#477 = PLANE ( 'NONE',  #1989 ) ;
#478 = ORIENTED_EDGE ( 'NONE', *, *, #9671, .T. ) ;
#479 = DIRECTION ( 'NONE',  ( -7.592831564818951247E-18, -0.3826834323650886160, -0.9238795325112872936 ) ) ;
#480 = DIRECTION ( 'NONE',  ( -9.941108744852762574E-17, -0.8314696123025480112, -0.5555702330195979588 ) ) ;
#481 = EDGE_LOOP ( 'NONE', ( #11268, #10453, #2995, #5742 ) ) ;
#482 = DIRECTION ( 'NONE',  ( 0.000000000000000000, -0.9238795325112875156, 0.3826834323650881720 ) ) ;
#483 = DIRECTION ( 'NONE',  ( 0.000000000000000000, 1.000000000000000000, 9.575673587392073611E-14 ) ) ;
#484 = DIRECTION ( 'NONE',  ( 1.000000000000000000, 0.000000000000000000, 0.000000000000000000 ) ) ;
#485 = EDGE_CURVE ( 'NONE', #1516, #12593, #1507, .T. ) ;
#486 = CARTESIAN_POINT ( 'NONE',  ( 14.10000000000099973, 28.64026550784949876, -11.86318640331868046 ) ) ;
#487 = VERTEX_POINT ( 'NONE', #154 ) ;
#488 = CARTESIAN_POINT ( 'NONE',  ( -14.90000000000000036, -23.50000000000000000, -8.610250095438289205E-14 ) ) ;
#489 = VERTEX_POINT ( 'NONE', #8194 ) ;
#490 = LINE ( 'NONE', #6335, #3081 ) ;
#491 = EDGE_LOOP ( 'NONE', ( #8402, #4236 ) ) ;
#492 = ORIENTED_EDGE ( 'NONE', *, *, #9523, .T. ) ;
#493 = ORIENTED_EDGE ( 'NONE', *, *, #4153, .T. ) ;
#494 = CARTESIAN_POINT ( 'NONE',  ( -73.59999999999999432, -10.39364474075195766, 4.305188614107244405 ) ) ;
#495 = VERTEX_POINT ( 'NONE', #8976 ) ;
#496 = ORIENTED_EDGE ( 'NONE', *, *, #9005, .F. ) ;
#497 = CARTESIAN_POINT ( 'NONE',  ( 14.10000000000099973, 21.92031021678225144, -21.92031021678365121 ) ) ;
#499 = EDGE_CURVE ( 'NONE', #4369, #8987, #1250, .T. ) ;
#498 = ORIENTED_EDGE ( 'NONE', *, *, #6563, .T. ) ;
#500 = LINE ( 'NONE', #4239, #6089 ) ;
#501 = VERTEX_POINT ( 'NONE', #10094 ) ;
#502 = EDGE_LOOP ( 'NONE', ( #5424, #7042, #2501, #4700 ) ) ;
#503 = EDGE_CURVE ( 'NONE', #5904, #10910, #4878, .T. ) ;
#504 = DIRECTION ( 'NONE',  ( 1.000000000000000000, 0.000000000000000000, 0.000000000000000000 ) ) ;
#505 = DIRECTION ( 'NONE',  ( 1.000000000000000000, -6.705557021117060106E-18, -5.440889002481110112E-18 ) ) ;
#506 = LINE ( 'NONE', #6418, #232 ) ;
#507 = EDGE_LOOP ( 'NONE', ( #5534, #898, #226, #478 ) ) ;
#508 = VERTEX_POINT ( 'NONE', #7091 ) ;
#509 = CARTESIAN_POINT ( 'NONE',  ( 17.60000000000000142, 28.64026550784845071, 11.86318640331580099 ) ) ;
#510 = DIRECTION ( 'NONE',  ( 1.000000000000000000, 0.000000000000000000, 0.000000000000000000 ) ) ;
#511 = CARTESIAN_POINT ( 'NONE',  ( -73.59999999999999432, -21.00466112754410020, 2.206062310325320297 ) ) ;
#512 = EDGE_CURVE ( 'NONE', #6562, #3312, #11998, .T. ) ;
#513 = DIRECTION ( 'NONE',  ( 1.000000000000000000, 0.000000000000000000, 0.000000000000000000 ) ) ;
#514 = DIRECTION ( 'NONE',  ( 1.000000000000000000, 0.000000000000000000, 0.000000000000000000 ) ) ;
#515 = ORIENTED_EDGE ( 'NONE', *, *, #12706, .T. ) ;
#516 = CARTESIAN_POINT ( 'NONE',  ( -78.79999999999999716, -22.17194223595310021, -9.757944326832300064 ) ) ;
#517 = CIRCLE ( 'NONE', #4081, 1.599999999999997202 ) ;
#518 = CIRCLE ( 'NONE', #10550, 1.249999999999986011 ) ;
#519 = DIRECTION ( 'NONE',  ( 0.000000000000000000, -0.9238795325112870716, 0.3826834323650889491 ) ) ;
#520 = ORIENTED_EDGE ( 'NONE', *, *, #4045, .F. ) ;
#521 = PLANE ( 'NONE',  #5412 ) ;
#522 = EDGE_CURVE ( 'NONE', #1861, #12213, #5266, .T. ) ;
#523 = CARTESIAN_POINT ( 'NONE',  ( -73.59999999999999432, 23.93795893626959881, -17.30217962362624817 ) ) ;
#524 = CIRCLE ( 'NONE', #4926, 1.249999999999987121 ) ;
#525 = AXIS2_PLACEMENT_3D ( 'NONE', #3158, #9046, #8977 ) ;
#526 = ORIENTED_EDGE ( 'NONE', *, *, #12933, .T. ) ;
#527 = EDGE_LOOP ( 'NONE', ( #12298, #925, #10461, #9484 ) ) ;
#528 = DIRECTION ( 'NONE',  ( 1.000000000000000000, -6.705557021117060106E-18, -5.440889002481110112E-18 ) ) ;
#529 = EDGE_CURVE ( 'NONE', #6913, #11156, #9246, .T. ) ;
#530 = DIRECTION ( 'NONE',  ( 0.000000000000000000, 1.000000000000000000, 9.575673587392073611E-14 ) ) ;
#531 = DIRECTION ( 'NONE',  ( 1.000000000000000000, -6.705557021117060106E-18, -5.440889002481110112E-18 ) ) ;
#532 = CIRCLE ( 'NONE', #12232, 1.750000000000001110 ) ;
#533 = EDGE_CURVE ( 'NONE', #6428, #12655, #5915, .T. ) ;
#534 = DIRECTION ( 'NONE',  ( 7.592831564818957410E-18, 0.3826834323650886160, 0.9238795325112872936 ) ) ;
#535 = EDGE_CURVE ( 'NONE', #10986, #5227, #5297, .T. ) ;
#536 = DIRECTION ( 'NONE',  ( 1.000000000000000000, -1.067925513466054003E-16, 6.551204957150059656E-17 ) ) ;
#537 = ORIENTED_EDGE ( 'NONE', *, *, #400, .F. ) ;
#538 = AXIS2_PLACEMENT_3D ( 'NONE', #7121, #12218, #4169 ) ;
#539 = EDGE_CURVE ( 'NONE', #12212, #2735, #6340, .T. ) ;
#540 = CARTESIAN_POINT ( 'NONE',  ( -11.90000000000000746, -36.80607966083846350, -21.25000000000029843 ) ) ;
#541 = VECTOR ( 'NONE', #1025, 1000.000000000000227 ) ;
#542 = VECTOR ( 'NONE', #6885, 1000.000000000000000 ) ;
#543 = LINE ( 'NONE', #8452, #862 ) ;
#544 = AXIS2_PLACEMENT_3D ( 'NONE', #11220, #11085, #6306 ) ;
#545 = CIRCLE ( 'NONE', #966, 1.600000000000000089 ) ;
#546 = VERTEX_POINT ( 'NONE', #9970 ) ;
#547 = EDGE_CURVE ( 'NONE', #431, #12807, #6114, .T. ) ;
#548 = LINE ( 'NONE', #5281, #6387 ) ;
#549 = AXIS2_PLACEMENT_3D ( 'NONE', #12665, #7459, #1426 ) ;
#550 = CIRCLE ( 'NONE', #2635, 44.90000000000000568 ) ;
#551 = AXIS2_PLACEMENT_3D ( 'NONE', #3901, #5930, #2719 ) ;
#552 = DIRECTION ( 'NONE',  ( 1.000000000000000000, -3.103811398048830141E-16, 1.871678662600109722E-16 ) ) ;
#553 = DIRECTION ( 'NONE',  ( -6.705557021117060106E-18, -1.000000000000000000, 0.000000000000000000 ) ) ;
#554 = DIRECTION ( 'NONE',  ( -1.000000000000000000, 0.000000000000000000, 0.000000000000000000 ) ) ;
#555 = VERTEX_POINT ( 'NONE', #9045 ) ;
#556 = ADVANCED_FACE ( 'NONE', ( #9172 ), #216, .F. ) ;
#557 = CARTESIAN_POINT ( 'NONE',  ( 14.10000000000099973, -13.39392013277882043, -32.33578363789474963 ) ) ;
#558 = ORIENTED_EDGE ( 'NONE', *, *, #10628, .T. ) ;
#559 = AXIS2_PLACEMENT_3D ( 'NONE', #11394, #1300, #5685 ) ;
#560 = ORIENTED_EDGE ( 'NONE', *, *, #4386, .T. ) ;
#561 = DIRECTION ( 'NONE',  ( 1.000000000000000000, -6.322502648911719004E-17, 9.462293898829198836E-17 ) ) ;
#562 = EDGE_LOOP ( 'NONE', ( #1255, #9487 ) ) ;
#563 = ORIENTED_EDGE ( 'NONE', *, *, #1544, .F. ) ;
#564 = DIRECTION ( 'NONE',  ( -1.000000000000000000, 6.705557021117060106E-18, 5.440889002481110112E-18 ) ) ;
#565 = VERTEX_POINT ( 'NONE', #1977 ) ;
#566 = VERTEX_POINT ( 'NONE', #5984 ) ;
#567 = DIRECTION ( 'NONE',  ( 1.000000000000000000, -6.322502648911709143E-17, 9.462293898829198836E-17 ) ) ;
#568 = ORIENTED_EDGE ( 'NONE', *, *, #2031, .F. ) ;
#569 = AXIS2_PLACEMENT_3D ( 'NONE', #2135, #11176, #12086 ) ;
#570 = CARTESIAN_POINT ( 'NONE',  ( -59.50000000000000000, -31.00000000000159872, -1.228775709512490088E-12 ) ) ;
#571 = ORIENTED_EDGE ( 'NONE', *, *, #11178, .T. ) ;
#572 = DIRECTION ( 'NONE',  ( 0.000000000000000000, 0.000000000000000000, -1.000000000000000000 ) ) ;
#573 = LINE ( 'NONE', #10455, #12638 ) ;
#574 = EDGE_CURVE ( 'NONE', #10760, #3093, #9041, .T. ) ;
#575 = VECTOR ( 'NONE', #3476, 1000.000000000000000 ) ;
#576 = FACE_BOUND ( 'NONE', #2954, .T. ) ;
#577 = EDGE_LOOP ( 'NONE', ( #618, #12598, #1143, #11037 ) ) ;
#578 = EDGE_CURVE ( 'NONE', #3498, #11373, #5584, .T. ) ;
#579 = EDGE_LOOP ( 'NONE', ( #8539, #4294, #4964 ) ) ;
#580 = DIRECTION ( 'NONE',  ( 2.170249086492581050E-18, -0.4146932426562366936, 0.9099612708765444369 ) ) ;
#581 = DIRECTION ( 'NONE',  ( 1.000000000000000000, -1.067925513466054003E-16, 6.551204957150059656E-17 ) ) ;
#582 = CARTESIAN_POINT ( 'NONE',  ( -72.84391516214240880, -7.312946470517519337, 20.88859291382130223 ) ) ;
#583 = AXIS2_PLACEMENT_3D ( 'NONE', #7090, #8321, #10288 ) ;
#584 = CARTESIAN_POINT ( 'NONE',  ( 6.600000000000989964, 28.64026550785025194, 11.86318640331695917 ) ) ;
#585 = FACE_OUTER_BOUND ( 'NONE', #6308, .T. ) ;
#586 = ORIENTED_EDGE ( 'NONE', *, *, #6942, .F. ) ;
#587 = DIRECTION ( 'NONE',  ( 1.000000000000000000, -6.322502648911709143E-17, 9.462293898829198836E-17 ) ) ;
#588 = EDGE_CURVE ( 'NONE', #8419, #61, #3401, .T. ) ;
#589 = CARTESIAN_POINT ( 'NONE',  ( -73.59999999999999432, -2.066205161904769999E-14, 1.491883645478428116E-14 ) ) ;
#590 = ORIENTED_EDGE ( 'NONE', *, *, #3168, .F. ) ;
#591 = CIRCLE ( 'NONE', #9574, 1.249999999999987121 ) ;
#592 = CARTESIAN_POINT ( 'NONE',  ( -78.79999999999999716, -17.77108276375460250, 0.8666702970475089751 ) ) ;
#593 = DIRECTION ( 'NONE',  ( 9.637352644316613366E-17, 1.000000000000000000, 0.000000000000000000 ) ) ;
#594 = LINE ( 'NONE', #8766, #10430 ) ;
#595 = VERTEX_POINT ( 'NONE', #9300 ) ;
#596 = LINE ( 'NONE', #10676, #4355 ) ;
#597 = DIRECTION ( 'NONE',  ( 0.000000000000000000, 0.8314696123025481223, 0.5555702330195977368 ) ) ;
#598 = FACE_OUTER_BOUND ( 'NONE', #4159, .T. ) ;
#599 = DIRECTION ( 'NONE',  ( -2.344629897975771641E-19, 0.6087614290087187685, -0.7933533402912367194 ) ) ;
#600 = EDGE_CURVE ( 'NONE', #11380, #6581, #1725, .T. ) ;
#601 = CARTESIAN_POINT ( 'NONE',  ( -72.84391516214240880, -8.196486320422168959, 5.689909376520580153 ) ) ;
#602 = VERTEX_POINT ( 'NONE', #9431 ) ;
#603 = EDGE_CURVE ( 'NONE', #8667, #8100, #1570, .T. ) ;
#604 = CARTESIAN_POINT ( 'NONE',  ( -56.21032168798580386, -16.41245993916304968, 13.29261670046076027 ) ) ;
#605 = FACE_OUTER_BOUND ( 'NONE', #778, .T. ) ;
#606 = ADVANCED_FACE ( 'NONE', ( #10420 ), #11290, .F. ) ;
#607 = ORIENTED_EDGE ( 'NONE', *, *, #9482, .T. ) ;
#608 = ADVANCED_FACE ( 'NONE', ( #8250, #4468 ), #11353, .F. ) ;
#609 = DIRECTION ( 'NONE',  ( -1.000000000000000000, 0.000000000000000000, 5.440889002465050938E-18 ) ) ;
#610 = DIRECTION ( 'NONE',  ( 0.000000000000000000, 0.8314696123025475671, 0.5555702330195986249 ) ) ;
#611 = CYLINDRICAL_SURFACE ( 'NONE', #8277, 1.849999999999998979 ) ;
#612 = CARTESIAN_POINT ( 'NONE',  ( -11.90000000000000568, -21.25000000000045119, -36.80607966083839955 ) ) ;
#613 = CARTESIAN_POINT ( 'NONE',  ( -72.84391516214240880, -12.81588398297859932, 7.603326538346020236 ) ) ;
#614 = ORIENTED_EDGE ( 'NONE', *, *, #781, .F. ) ;
#615 = CARTESIAN_POINT ( 'NONE',  ( -1.899999999999999911, 11.86318640331520058, 28.64026550785100156 ) ) ;
#616 = EDGE_CURVE ( 'NONE', #4157, #9312, #7347, .T. ) ;
#617 = ORIENTED_EDGE ( 'NONE', *, *, #11088, .F. ) ;
#618 = ORIENTED_EDGE ( 'NONE', *, *, #9812, .F. ) ;
#619 = ADVANCED_FACE ( 'NONE', ( #1508 ), #12319, .F. ) ;
#620 = LINE ( 'NONE', #9329, #2452 ) ;
#621 = ORIENTED_EDGE ( 'NONE', *, *, #7177, .F. ) ;
#622 = EDGE_LOOP ( 'NONE', ( #12754, #11618, #9401, #9305 ) ) ;
#623 = CARTESIAN_POINT ( 'NONE',  ( -59.50000000000000000, -11.86318640331920093, 28.64026550784825176 ) ) ;
#624 = ORIENTED_EDGE ( 'NONE', *, *, #6541, .T. ) ;
#625 = ORIENTED_EDGE ( 'NONE', *, *, #1476, .T. ) ;
#626 = CARTESIAN_POINT ( 'NONE',  ( -73.59999999999999432, 1.049419181516655842E-14, 5.142634763737189527E-15 ) ) ;
#627 = ORIENTED_EDGE ( 'NONE', *, *, #12529, .T. ) ;
#628 = CARTESIAN_POINT ( 'NONE',  ( 17.54641016151380128, 30.17848429060815008, 12.89099133440203993 ) ) ;
#629 = CIRCLE ( 'NONE', #2929, 34.80000000000000426 ) ;
#630 = EDGE_LOOP ( 'NONE', ( #6219, #5101, #5008 ) ) ;
#631 = DIRECTION ( 'NONE',  ( 0.000000000000000000, 0.000000000000000000, -1.000000000000000000 ) ) ;
#632 = EDGE_CURVE ( 'NONE', #4639, #6165, #3461, .T. ) ;
#633 = DIRECTION ( 'NONE',  ( -1.159058001766240692E-16, -1.000000000000000000, -3.515417124066999971E-15 ) ) ;
#634 = LINE ( 'NONE', #3519, #6916 ) ;
#635 = ORIENTED_EDGE ( 'NONE', *, *, #8282, .T. ) ;
#636 = AXIS2_PLACEMENT_3D ( 'NONE', #12220, #10451, #9202 ) ;
#637 = ORIENTED_EDGE ( 'NONE', *, *, #8278, .F. ) ;
#638 = CARTESIAN_POINT ( 'NONE',  ( -72.84391516214240880, 7.024931537675390025, 3.584531284106760030 ) ) ;
#639 = CARTESIAN_POINT ( 'NONE',  ( 14.10000000000099973, -13.39392013277882043, -32.33578363789474963 ) ) ;
#640 = AXIS2_PLACEMENT_3D ( 'NONE', #11851, #8695, #12883 ) ;
#641 = CARTESIAN_POINT ( 'NONE',  ( -73.59999999999999432, -9.007825441985040982, 3.731163465559614867 ) ) ;
#642 = CIRCLE ( 'NONE', #4849, 1.000000000000000888 ) ;
#643 = EDGE_CURVE ( 'NONE', #7977, #5608, #6498, .T. ) ;
#644 = CARTESIAN_POINT ( 'NONE',  ( 6.600000000000989964, 8.265957363029490854E-13, 31.00000000000000000 ) ) ;
#645 = CARTESIAN_POINT ( 'NONE',  ( 6.600000000000989964, -1.067722299463723959E-12, -31.00000000000000000 ) ) ;
#646 = ORIENTED_EDGE ( 'NONE', *, *, #11649, .F. ) ;
#647 = CYLINDRICAL_SURFACE ( 'NONE', #5878, 1.600000000000000089 ) ;
#648 = CARTESIAN_POINT ( 'NONE',  ( 17.60000000000000142, 10.15867369809560117, -29.77918448554194697 ) ) ;
#649 = EDGE_LOOP ( 'NONE', ( #7371, #10830, #12543, #7370 ) ) ;
#650 = AXIS2_PLACEMENT_3D ( 'NONE', #9052, #1065, #2841 ) ;
#651 = LINE ( 'NONE', #5710, #3293 ) ;
#652 = CIRCLE ( 'NONE', #7969, 1.599999999999997202 ) ;
#653 = DIRECTION ( 'NONE',  ( -1.000000000000000000, 0.000000000000000000, -1.074775770116589937E-17 ) ) ;
#654 = CIRCLE ( 'NONE', #5903, 1.750000000000001110 ) ;
#655 = DIRECTION ( 'NONE',  ( 0.000000000000000000, -0.9238795325112788559, 0.3826834323651088221 ) ) ;
#656 = ORIENTED_EDGE ( 'NONE', *, *, #5723, .F. ) ;
#657 = LINE ( 'NONE', #8512, #1623 ) ;
#658 = ADVANCED_FACE ( 'NONE', ( #10484 ), #3348, .F. ) ;
#659 = CARTESIAN_POINT ( 'NONE',  ( -59.50000000000000000, -23.45852899954460113, -22.94811514787064866 ) ) ;
#660 = DIRECTION ( 'NONE',  ( -4.112988807310475227E-18, -0.9238795325112871826, 0.3826834323650885605 ) ) ;
#661 = LINE ( 'NONE', #2758, #666 ) ;
#662 = CYLINDRICAL_SURFACE ( 'NONE', #11412, 1.849999999999999867 ) ;
#663 = VERTEX_POINT ( 'NONE', #7284 ) ;
#664 = VECTOR ( 'NONE', #5833, 1000.000000000000000 ) ;
#665 = CARTESIAN_POINT ( 'NONE',  ( -63.30000000000001137, -44.89999999999999147, -1.556214482373785600E-13 ) ) ;
#666 = VECTOR ( 'NONE', #7725, 1000.000000000000227 ) ;
#667 = EDGE_CURVE ( 'NONE', #5320, #10446, #12382, .T. ) ;
#668 = CARTESIAN_POINT ( 'NONE',  ( -1.899999999999999911, 28.64026550784895164, 11.86318640332005891 ) ) ;
#669 = EDGE_LOOP ( 'NONE', ( #2001, #7538 ) ) ;
#670 = EDGE_CURVE ( 'NONE', #4925, #8169, #5563, .T. ) ;
#671 = DIRECTION ( 'NONE',  ( 1.000000000000000000, -2.905650844594899633E-18, -7.014861676541869665E-18 ) ) ;
#672 = DIRECTION ( 'NONE',  ( -1.000000000000000000, 2.003086131649719993E-16, -1.156482317318063517E-16 ) ) ;
#673 = DIRECTION ( 'NONE',  ( 0.2588190451025334515, -0.8031379722975868773, -0.5366396363910639344 ) ) ;
#674 = CARTESIAN_POINT ( 'NONE',  ( -73.29999999999999716, 14.40356226223126157, -15.63626355095800236 ) ) ;
#675 = DIRECTION ( 'NONE',  ( 0.000000000000000000, 0.9238795325112874046, -0.3826834323650882275 ) ) ;
#676 = EDGE_LOOP ( 'NONE', ( #9391, #4872 ) ) ;
#677 = EDGE_CURVE ( 'NONE', #1709, #10163, #9102, .T. ) ;
#678 = LINE ( 'NONE', #3623, #2472 ) ;
#679 = AXIS2_PLACEMENT_3D ( 'NONE', #472, #1313, #2496 ) ;
#680 = ORIENTED_EDGE ( 'NONE', *, *, #3677, .F. ) ;
#681 = ORIENTED_EDGE ( 'NONE', *, *, #3193, .F. ) ;
#682 = CIRCLE ( 'NONE', #1731, 1.750000000000001110 ) ;
#683 = CARTESIAN_POINT ( 'NONE',  ( 6.600000000000989964, 11.86318640331835894, 28.64026550784965153 ) ) ;
#684 = ORIENTED_EDGE ( 'NONE', *, *, #7451, .F. ) ;
#685 = ORIENTED_EDGE ( 'NONE', *, *, #4787, .F. ) ;
#686 = EDGE_CURVE ( 'NONE', #1212, #10789, #11835, .T. ) ;
#687 = EDGE_CURVE ( 'NONE', #1913, #9069, #6813, .T. ) ;
#688 = PLANE ( 'NONE',  #9115 ) ;
#689 = ORIENTED_EDGE ( 'NONE', *, *, #5947, .T. ) ;
#690 = LINE ( 'NONE', #4549, #52 ) ;
#691 = DIRECTION ( 'NONE',  ( 1.000000000000000000, 0.000000000000000000, 0.000000000000000000 ) ) ;
#692 = ORIENTED_EDGE ( 'NONE', *, *, #8519, .F. ) ;
#693 = CARTESIAN_POINT ( 'NONE',  ( 6.599999999999999645, 21.92031021678110037, 21.92031021678485203 ) ) ;
#694 = CARTESIAN_POINT ( 'NONE',  ( 13.59999999999999964, -1.578375501367704987E-12, -1.742669098005880165E-12 ) ) ;
#695 = ORIENTED_EDGE ( 'NONE', *, *, #4421, .F. ) ;
#696 = DIRECTION ( 'NONE',  ( 1.551905699024413838E-16, 1.000000000000000000, -9.769962616701380711E-15 ) ) ;
#697 = EDGE_CURVE ( 'NONE', #546, #10012, #408, .T. ) ;
#698 = LINE ( 'NONE', #6476, #1148 ) ;
#699 = CYLINDRICAL_SURFACE ( 'NONE', #3917, 1.249999999999987121 ) ;
#700 = ORIENTED_EDGE ( 'NONE', *, *, #11269, .T. ) ;
#701 = VERTEX_POINT ( 'NONE', #4403 ) ;
#702 = FACE_OUTER_BOUND ( 'NONE', #11014, .T. ) ;
#703 = EDGE_CURVE ( 'NONE', #9262, #11380, #9686, .T. ) ;
#704 = CARTESIAN_POINT ( 'NONE',  ( -59.50000000000000000, 28.64026550784820202, -11.86318640331983865 ) ) ;
#705 = CYLINDRICAL_SURFACE ( 'NONE', #5834, 1.000000000000000666 ) ;
#706 = CARTESIAN_POINT ( 'NONE',  ( -11.90000000000000036, 36.80607966083849902, -19.65000000000030056 ) ) ;
#707 = DIRECTION ( 'NONE',  ( 9.637352644316613366E-17, 1.000000000000000000, 0.000000000000000000 ) ) ;
#708 = VERTEX_POINT ( 'NONE', #6754 ) ;
#709 = CARTESIAN_POINT ( 'NONE',  ( -78.79999999999999716, -19.15690206252150318, 1.440695445595141955 ) ) ;
#710 = EDGE_CURVE ( 'NONE', #1275, #5374, #10744, .T. ) ;
#711 = CARTESIAN_POINT ( 'NONE',  ( 6.600000000000989964, -30.25705468974433998, 12.53288240995741987 ) ) ;
#712 = ORIENTED_EDGE ( 'NONE', *, *, #5478, .F. ) ;
#713 = LINE ( 'NONE', #3663, #11048 ) ;
#714 = DIRECTION ( 'NONE',  ( 1.000000000000000000, 0.000000000000000000, 0.000000000000000000 ) ) ;
#715 = DIRECTION ( 'NONE',  ( -1.000000000000000000, 1.551905699024409893E-16, -6.264279228235009208E-17 ) ) ;
#716 = ORIENTED_EDGE ( 'NONE', *, *, #6687, .F. ) ;
#717 = LINE ( 'NONE', #12440, #6035 ) ;
#718 = DIRECTION ( 'NONE',  ( -1.000000000000000000, 2.003086131649754259E-16, -5.928782740801666850E-30 ) ) ;
#719 = DIRECTION ( 'NONE',  ( 0.000000000000000000, -0.8314696123025480112, -0.5555702330195979588 ) ) ;
#720 = CARTESIAN_POINT ( 'NONE',  ( -73.59999999999999432, -5.003247639239299716, 19.93188433290860218 ) ) ;
#721 = AXIS2_PLACEMENT_3D ( 'NONE', #2150, #12226, #2403 ) ;
#722 = CARTESIAN_POINT ( 'NONE',  ( -63.48791531425349177, -6.162975822039154730E-30, -44.71208468574655370 ) ) ;
#723 = ORIENTED_EDGE ( 'NONE', *, *, #3979, .F. ) ;
#724 = AXIS2_PLACEMENT_3D ( 'NONE', #1619, #10462, #5438 ) ;
#725 = CARTESIAN_POINT ( 'NONE',  ( -14.50000000000000000, -9.540979117872440597E-15, 0.000000000000000000 ) ) ;
#726 = DIRECTION ( 'NONE',  ( -1.000000000000000000, 6.705557021117060106E-18, 5.440889002481110112E-18 ) ) ;
#727 = AXIS2_PLACEMENT_3D ( 'NONE', #9315, #4547, #359 ) ;
#728 = AXIS2_PLACEMENT_3D ( 'NONE', #3750, #2707, #10696 ) ;
#729 = VECTOR ( 'NONE', #6358, 1000.000000000000000 ) ;
#730 = EDGE_CURVE ( 'NONE', #6830, #3456, #1580, .T. ) ;
#731 = EDGE_LOOP ( 'NONE', ( #9125, #10549, #6651, #6735 ) ) ;
#732 = EDGE_CURVE ( 'NONE', #3764, #3353, #1765, .T. ) ;
#733 = FACE_OUTER_BOUND ( 'NONE', #7875, .T. ) ;
#734 = CARTESIAN_POINT ( 'NONE',  ( 14.09999999999999964, 10.32496762055670025, 27.61246057676180143 ) ) ;
#735 = DIRECTION ( 'NONE',  ( 0.000000000000000000, 1.000000000000000000, 9.714451465470124777E-14 ) ) ;
#736 = CARTESIAN_POINT ( 'NONE',  ( -63.60000000000000142, 14.68072612198463922, -15.75106858066749993 ) ) ;
#737 = AXIS2_PLACEMENT_3D ( 'NONE', #12739, #11775, #12875 ) ;
#738 = AXIS2_PLACEMENT_3D ( 'NONE', #770, #4776, #8750 ) ;
#739 = PLANE ( 'NONE',  #2305 ) ;
#740 = ORIENTED_EDGE ( 'NONE', *, *, #1692, .F. ) ;
#741 = DIRECTION ( 'NONE',  ( 0.000000000000000000, 1.000000000000000000, 9.714451465470232062E-14 ) ) ;
#742 = ORIENTED_EDGE ( 'NONE', *, *, #5190, .T. ) ;
#743 = VECTOR ( 'NONE', #6686, 1000.000000000000000 ) ;
#744 = AXIS2_PLACEMENT_3D ( 'NONE', #6486, #10600, #9548 ) ;
#745 = CARTESIAN_POINT ( 'NONE',  ( 14.09999999999999964, 11.86318640331584007, -28.64026550785180092 ) ) ;
#746 = VERTEX_POINT ( 'NONE', #7855 ) ;
#747 = FACE_BOUND ( 'NONE', #11378, .T. ) ;
#748 = AXIS2_PLACEMENT_3D ( 'NONE', #5962, #3938, #6161 ) ;
#749 = CONICAL_SURFACE ( 'NONE', #6414, 44.69999999999999574, 0.7853981633974136400 ) ;
#750 = ORIENTED_EDGE ( 'NONE', *, *, #10823, .F. ) ;
#751 = AXIS2_PLACEMENT_3D ( 'NONE', #8208, #11167, #2183 ) ;
#752 = CARTESIAN_POINT ( 'NONE',  ( 13.60000000000099796, -9.540979117872440597E-15, 0.000000000000000000 ) ) ;
#753 = EDGE_LOOP ( 'NONE', ( #3216, #9022, #8998, #5958, #6772 ) ) ;
#754 = EDGE_LOOP ( 'NONE', ( #1157, #6036, #468, #8410 ) ) ;
#755 = FACE_OUTER_BOUND ( 'NONE', #6858, .T. ) ;
#756 = VECTOR ( 'NONE', #1886, 1000.000000000000000 ) ;
#757 = VERTEX_POINT ( 'NONE', #3606 ) ;
#758 = LINE ( 'NONE', #628, #1268 ) ;
#759 = DIRECTION ( 'NONE',  ( 0.000000000000000000, -0.8314696123025481223, -0.5555702330195977368 ) ) ;
#760 = ORIENTED_EDGE ( 'NONE', *, *, #5393, .T. ) ;
#761 = AXIS2_PLACEMENT_3D ( 'NONE', #12925, #5872, #6008 ) ;
#762 = EDGE_CURVE ( 'NONE', #8090, #4631, #7851, .T. ) ;
#763 = DIRECTION ( 'NONE',  ( 0.000000000000000000, 0.8314696123025479002, 0.5555702330195982919 ) ) ;
#764 = CARTESIAN_POINT ( 'NONE',  ( -73.59999999999999432, -0.8457897429385049515, 18.20980888726569802 ) ) ;
#765 = EDGE_CURVE ( 'NONE', #11978, #2846, #8896, .T. ) ;
#766 = CARTESIAN_POINT ( 'NONE',  ( 14.10000000000099973, 30.17848429060816073, 12.89099133440204703 ) ) ;
#767 = ORIENTED_EDGE ( 'NONE', *, *, #12274, .F. ) ;
#768 = EDGE_CURVE ( 'NONE', #1665, #4420, #7436, .T. ) ;
#769 = ORIENTED_EDGE ( 'NONE', *, *, #2600, .T. ) ;
#770 = CARTESIAN_POINT ( 'NONE',  ( 6.599999999999999645, -31.00000000000000000, -9.693681929906711246E-13 ) ) ;
#771 = EDGE_CURVE ( 'NONE', #2579, #3504, #12452, .T. ) ;
#772 = ORIENTED_EDGE ( 'NONE', *, *, #11970, .T. ) ;
#773 = DIRECTION ( 'NONE',  ( -4.112988807310478308E-18, -0.9238795325112874046, 0.3826834323650881720 ) ) ;
#774 = UNCERTAINTY_MEASURE_WITH_UNIT (LENGTH_MEASURE( 1.000000000000000082E-05 ), #3160, 'distance_accuracy_value', 'NONE');
#775 = DIRECTION ( 'NONE',  ( 0.000000000000000000, 0.9238795325112868495, -0.3826834323650896152 ) ) ;
#776 = CARTESIAN_POINT ( 'NONE',  ( -73.59999999999999432, -18.55568043979849691, -10.17345680759880011 ) ) ;
#777 = CARTESIAN_POINT ( 'NONE',  ( -72.84391516214240880, -7.854142570663721123, 22.19515587869770101 ) ) ;
#778 = EDGE_LOOP ( 'NONE', ( #10748, #7282, #7102 ) ) ;
#779 = VECTOR ( 'NONE', #7702, 1000.000000000000000 ) ;
#780 = DIRECTION ( 'NONE',  ( 0.2588190451025250138, -0.8031379722975888757, -0.5366396363910649336 ) ) ;
#781 = EDGE_CURVE ( 'NONE', #6474, #11716, #2884, .T. ) ;
#782 = CARTESIAN_POINT ( 'NONE',  ( -78.79999999999999716, -20.87897750816440023, -2.716762450705650256 ) ) ;
#783 = ORIENTED_EDGE ( 'NONE', *, *, #1104, .T. ) ;
#784 = LINE ( 'NONE', #5836, #8943 ) ;
#785 = DIRECTION ( 'NONE',  ( 1.000000000000000000, 0.000000000000000000, 0.000000000000000000 ) ) ;
#786 = AXIS2_PLACEMENT_3D ( 'NONE', #2717, #3700, #7749 ) ;
#787 = CARTESIAN_POINT ( 'NONE',  ( -43.88791531425349746, 9.190404468138918949E-15, -5.306082496537519856E-15 ) ) ;
#788 = VERTEX_POINT ( 'NONE', #7791 ) ;
#789 = ADVANCED_FACE ( 'NONE', ( #2693 ), #6818, .F. ) ;
#790 = DIRECTION ( 'NONE',  ( 1.000000000000000000, -6.322502648911709143E-17, 9.462293898829198836E-17 ) ) ;
#791 = DIRECTION ( 'NONE',  ( 1.000000000000000000, 0.000000000000000000, 0.000000000000000000 ) ) ;
#792 = CYLINDRICAL_SURFACE ( 'NONE', #9113, 1.249999999999985567 ) ;
#793 = PLANE ( 'NONE',  #10720 ) ;
#794 = ADVANCED_FACE ( 'NONE', ( #1901 ), #4799, .T. ) ;
#795 = DIRECTION ( 'NONE',  ( -1.000000000000000000, 0.000000000000000000, -1.074775770116589937E-17 ) ) ;
#796 = ORIENTED_EDGE ( 'NONE', *, *, #7408, .F. ) ;
#797 = CIRCLE ( 'NONE', #7279, 1.750000000000001110 ) ;
#798 = CARTESIAN_POINT ( 'NONE',  ( -73.59999999999999432, -22.72673657318700080, -1.951395585975469915 ) ) ;
#799 = CONICAL_SURFACE ( 'NONE', #4325, 1.249999999999987121, 1.029744258676653645 ) ;
#800 = CARTESIAN_POINT ( 'NONE',  ( -14.90000000000000036, -21.25000000000045119, -36.80607966083839955 ) ) ;
#801 = ORIENTED_EDGE ( 'NONE', *, *, #11438, .T. ) ;
#802 = AXIS2_PLACEMENT_3D ( 'NONE', #11969, #5891, #11906 ) ;
#803 = CARTESIAN_POINT ( 'NONE',  ( 6.599999999999999645, -27.39026550784944902, -11.86318640331871954 ) ) ;
#804 = EDGE_LOOP ( 'NONE', ( #7382, #7116, #2165, #5845, #10956 ) ) ;
#805 = CIRCLE ( 'NONE', #1632, 1.250000000000001110 ) ;
#806 = DIRECTION ( 'NONE',  ( 0.000000000000000000, -0.9238795325112872936, 0.3826834323650886160 ) ) ;
#807 = PLANE ( 'NONE',  #1087 ) ;
#808 = FACE_OUTER_BOUND ( 'NONE', #3890, .T. ) ;
#809 = DIRECTION ( 'NONE',  ( -1.000000000000000000, 2.003086131649754259E-16, -5.928782740801666850E-30 ) ) ;
#810 = FACE_OUTER_BOUND ( 'NONE', #5098, .T. ) ;
#811 = ORIENTED_EDGE ( 'NONE', *, *, #3536, .T. ) ;
#812 = ADVANCED_FACE ( 'NONE', ( #9563 ), #6389, .F. ) ;
#813 = CARTESIAN_POINT ( 'NONE',  ( -63.48791531425352019, 5.475651139360492882E-15, 44.71208468574653949 ) ) ;
#814 = DIRECTION ( 'NONE',  ( 1.000000000000000000, 0.000000000000000000, 0.000000000000000000 ) ) ;
#815 = ORIENTED_EDGE ( 'NONE', *, *, #284, .F. ) ;
#816 = DIRECTION ( 'NONE',  ( 0.000000000000000000, -0.9238795325112868495, 0.3826834323650897818 ) ) ;
#817 = ORIENTED_EDGE ( 'NONE', *, *, #5988, .T. ) ;
#818 = FACE_OUTER_BOUND ( 'NONE', #8348, .T. ) ;
#819 = EDGE_CURVE ( 'NONE', #8928, #9456, #11789, .T. ) ;
#820 = ORIENTED_EDGE ( 'NONE', *, *, #2907, .T. ) ;
#821 = EDGE_LOOP ( 'NONE', ( #9596, #8974, #2926, #10188 ) ) ;
#822 = CARTESIAN_POINT ( 'NONE',  ( -78.79999999999999716, -4.989649402151609792, 13.43189855692811996 ) ) ;
#823 = VERTEX_POINT ( 'NONE', #5647 ) ;
#824 = DIRECTION ( 'NONE',  ( -7.592831564818952788E-18, -0.3826834323650881720, -0.9238795325112874046 ) ) ;
#825 = EDGE_CURVE ( 'NONE', #9466, #1741, #11726, .T. ) ;
#826 = ORIENTED_EDGE ( 'NONE', *, *, #5230, .F. ) ;
#827 = CARTESIAN_POINT ( 'NONE',  ( -73.59999999999999432, -12.24140380577454046, 5.070555478837420083 ) ) ;
#828 = PLANE ( 'NONE',  #3454 ) ;
#829 = CARTESIAN_POINT ( 'NONE',  ( -56.21032168798580386, -12.39428389932959895, 22.99335179182930133 ) ) ;
#830 = ADVANCED_FACE ( 'NONE', ( #5779 ), #7025, .T. ) ;
#831 = ORIENTED_EDGE ( 'NONE', *, *, #1339, .F. ) ;
#832 = EDGE_LOOP ( 'NONE', ( #10880, #5808, #5323, #12186 ) ) ;
#833 = ORIENTED_EDGE ( 'NONE', *, *, #7372, .F. ) ;
#834 = CARTESIAN_POINT ( 'NONE',  ( -73.59999999999999432, -16.86080146833100102, 6.983972640662860165 ) ) ;
#835 = ORIENTED_EDGE ( 'NONE', *, *, #9608, .F. ) ;
#836 = DIRECTION ( 'NONE',  ( 0.2588190451025303984, 0.8031379722975878765, 0.5366396363910638234 ) ) ;
#837 = EDGE_CURVE ( 'NONE', #1343, #10594, #9620, .T. ) ;
#838 = PLANE ( 'NONE',  #12093 ) ;
#839 = FACE_OUTER_BOUND ( 'NONE', #4406, .T. ) ;
#840 = CARTESIAN_POINT ( 'NONE',  ( -59.50000000000000000, 30.99999999999844746, -2.056238807553425052E-12 ) ) ;
#841 = VERTEX_POINT ( 'NONE', #8639 ) ;
#842 = PLANE ( 'NONE',  #7540 ) ;
#843 = EDGE_CURVE ( 'NONE', #9117, #6472, #12626, .T. ) ;
#844 = AXIS2_PLACEMENT_3D ( 'NONE', #2837, #2649, #4677 ) ;
#845 = DIRECTION ( 'NONE',  ( -4.112988807310475227E-18, -0.9238795325112871826, 0.3826834323650885605 ) ) ;
#846 = ORIENTED_EDGE ( 'NONE', *, *, #9154, .F. ) ;
#847 = CARTESIAN_POINT ( 'NONE',  ( -1.899999999999999911, 21.92031021678110037, 21.92031021678485203 ) ) ;
#848 = DIRECTION ( 'NONE',  ( 0.000000000000000000, 1.000000000000000000, 9.714451465470219441E-14 ) ) ;
#849 = CIRCLE ( 'NONE', #9615, 1.849999999999998979 ) ;
#850 = CIRCLE ( 'NONE', #3568, 34.60000000000000142 ) ;
#851 = CARTESIAN_POINT ( 'NONE',  ( 6.599999999999999645, -28.64026550784945258, -11.86318640331884033 ) ) ;
#852 = ORIENTED_EDGE ( 'NONE', *, *, #2461, .F. ) ;
#853 = CIRCLE ( 'NONE', #7543, 1.850000000000000311 ) ;
#854 = DIRECTION ( 'NONE',  ( 0.000000000000000000, -1.000000000000000000, -9.592326932761360082E-14 ) ) ;
#855 = CARTESIAN_POINT ( 'NONE',  ( -73.59999999999999432, -14.78090597586279920, -12.81941178575300100 ) ) ;
#856 = ORIENTED_EDGE ( 'NONE', *, *, #4903, .F. ) ;
#857 = LINE ( 'NONE', #2816, #4025 ) ;
#858 = CARTESIAN_POINT ( 'NONE',  ( -73.59999999999999432, 12.78353227435326112, -16.65982361447174753 ) ) ;
#859 = VERTEX_POINT ( 'NONE', #11666 ) ;
#860 = DIRECTION ( 'NONE',  ( 7.592831564818952788E-18, 0.3826834323650881720, 0.9238795325112874046 ) ) ;
#861 = AXIS2_PLACEMENT_3D ( 'NONE', #516, #4524, #8503 ) ;
#862 = VECTOR ( 'NONE', #5594, 1000.000000000000227 ) ;
#863 = DIRECTION ( 'NONE',  ( 0.000000000000000000, 0.000000000000000000, 1.000000000000000000 ) ) ;
#864 = AXIS2_PLACEMENT_3D ( 'NONE', #693, #12727, #12600 ) ;
#865 = ORIENTED_EDGE ( 'NONE', *, *, #8296, .T. ) ;
#866 = DIRECTION ( 'NONE',  ( 1.000000000000000000, 0.000000000000000000, 0.000000000000000000 ) ) ;
#867 = EDGE_LOOP ( 'NONE', ( #7379, #9585, #9335, #8200 ) ) ;
#868 = CARTESIAN_POINT ( 'NONE',  ( 14.10000000000099973, 10.24639722142362075, 29.30996151448859877 ) ) ;
#869 = ADVANCED_FACE ( 'NONE', ( #916 ), #6100, .F. ) ;
#870 = AXIS2_PLACEMENT_3D ( 'NONE', #6843, #3036, #10900 ) ;
#871 = FACE_OUTER_BOUND ( 'NONE', #2790, .T. ) ;
#872 = LINE ( 'NONE', #9634, #6388 ) ;
#873 = CIRCLE ( 'NONE', #9017, 1.249999999999987121 ) ;
#874 = CARTESIAN_POINT ( 'NONE',  ( -72.84391516214240880, -12.81588398297859932, 7.603326538346020236 ) ) ;
#875 = CIRCLE ( 'NONE', #457, 0.2999999999999993783 ) ;
#876 = FACE_BOUND ( 'NONE', #5991, .T. ) ;
#877 = ORIENTED_EDGE ( 'NONE', *, *, #12770, .T. ) ;
#878 = CARTESIAN_POINT ( 'NONE',  ( -73.59999999999999432, -9.945303211584011649, 10.61383267390514007 ) ) ;
#879 = CARTESIAN_POINT ( 'NONE',  ( -78.79999999999999716, -12.81542895432216156, 3.684736180070489642 ) ) ;
#880 = EDGE_LOOP ( 'NONE', ( #3771, #1411, #5420, #8851 ) ) ;
#881 = CARTESIAN_POINT ( 'NONE',  ( 5.599999999999999645, 36.80607966083874771, 22.84999999999955023 ) ) ;
#882 = ORIENTED_EDGE ( 'NONE', *, *, #8358, .F. ) ;
#883 = AXIS2_PLACEMENT_3D ( 'NONE', #720, #4730, #8708 ) ;
#884 = ADVANCED_FACE ( 'NONE', ( #10081, #5961 ), #5905, .T. ) ;
#885 = DIRECTION ( 'NONE',  ( 1.000000000000000000, 0.000000000000000000, 0.000000000000000000 ) ) ;
#886 = EDGE_LOOP ( 'NONE', ( #3178, #9877, #12331, #3310 ) ) ;
#887 = ORIENTED_EDGE ( 'NONE', *, *, #11792, .F. ) ;
#888 = CARTESIAN_POINT ( 'NONE',  ( -11.90000000000000036, 42.50000000000000000, 1.600000000000000089 ) ) ;
#889 = VERTEX_POINT ( 'NONE', #1108 ) ;
#890 = LINE ( 'NONE', #4899, #3166 ) ;
#891 = AXIS2_PLACEMENT_3D ( 'NONE', #4415, #1590, #3618 ) ;
#892 = DIRECTION ( 'NONE',  ( -1.000000000000000000, 1.001543065824855929E-16, -5.782411586590338538E-17 ) ) ;
#893 = VERTEX_POINT ( 'NONE', #1176 ) ;
#894 = CARTESIAN_POINT ( 'NONE',  ( -1.899999999999999911, -1.249999999998345990, -31.00000000000000000 ) ) ;
#895 = AXIS2_PLACEMENT_3D ( 'NONE', #9821, #4869, #4 ) ;
#896 = CARTESIAN_POINT ( 'NONE',  ( 6.599999999999999645, 32.24999999999998579, 2.427735511344645726E-12 ) ) ;
#897 = DIRECTION ( 'NONE',  ( 0.000000000000000000, 0.8314696123025475671, 0.5555702330195986249 ) ) ;
#898 = ORIENTED_EDGE ( 'NONE', *, *, #12517, .T. ) ;
#899 = ORIENTED_EDGE ( 'NONE', *, *, #10051, .T. ) ;
#900 = EDGE_CURVE ( 'NONE', #11888, #3794, #6953, .T. ) ;
#901 = VERTEX_POINT ( 'NONE', #9884 ) ;
#902 = LINE ( 'NONE', #12938, #7233 ) ;
#903 = VERTEX_POINT ( 'NONE', #10016 ) ;
#904 = DIRECTION ( 'NONE',  ( -4.112988807310475227E-18, -0.9238795325112871826, 0.3826834323650885605 ) ) ;
#905 = EDGE_CURVE ( 'NONE', #6048, #12807, #5356, .T. ) ;
#906 = DIRECTION ( 'NONE',  ( 0.000000000000000000, 0.000000000000000000, -1.000000000000000000 ) ) ;
#907 = DIRECTION ( 'NONE',  ( 1.000000000000000000, -6.705557021117060106E-18, -5.440889002481110112E-18 ) ) ;
#908 = LINE ( 'NONE', #9938, #12662 ) ;
#909 = ORIENTED_EDGE ( 'NONE', *, *, #2299, .T. ) ;
#910 = CARTESIAN_POINT ( 'NONE',  ( 14.10000000000099973, -28.64026550784960179, 11.86318640331847796 ) ) ;
#911 = FACE_OUTER_BOUND ( 'NONE', #9911, .T. ) ;
#912 = EDGE_LOOP ( 'NONE', ( #3565, #11762 ) ) ;
#913 = CARTESIAN_POINT ( 'NONE',  ( 17.60000000000000142, -21.92031021678490177, -21.92031021678440084 ) ) ;
#914 = DIRECTION ( 'NONE',  ( 1.000000000000000000, 0.000000000000000000, 0.000000000000000000 ) ) ;
#915 = ORIENTED_EDGE ( 'NONE', *, *, #1808, .T. ) ;
#916 = FACE_OUTER_BOUND ( 'NONE', #7990, .T. ) ;
#917 = CARTESIAN_POINT ( 'NONE',  ( 17.54641016151380128, -1.991661135859989902E-12, -31.00000000000174794 ) ) ;
#918 = ORIENTED_EDGE ( 'NONE', *, *, #11160, .F. ) ;
#919 = CARTESIAN_POINT ( 'NONE',  ( -72.84391516214240880, -14.20124825308909955, 4.258761328618125397 ) ) ;
#920 = CARTESIAN_POINT ( 'NONE',  ( 6.599999999999999645, -3.301963206785260407E-12, 34.42296358256754729 ) ) ;
#921 = ORIENTED_EDGE ( 'NONE', *, *, #2364, .F. ) ;
#922 = LINE ( 'NONE', #12898, #4185 ) ;
#923 = CARTESIAN_POINT ( 'NONE',  ( -56.21032168798580386, -21.00466112754410020, 2.206062310325320297 ) ) ;
#924 = ADVANCED_FACE ( 'NONE', ( #7012 ), #10346, .F. ) ;
#925 = ORIENTED_EDGE ( 'NONE', *, *, #4296, .T. ) ;
#926 = EDGE_CURVE ( 'NONE', #4811, #6572, #9030, .T. ) ;
#927 = EDGE_CURVE ( 'NONE', #2424, #2993, #11206, .T. ) ;
#928 = VERTEX_POINT ( 'NONE', #135 ) ;
#929 = ORIENTED_EDGE ( 'NONE', *, *, #2698, .F. ) ;
#930 = FACE_OUTER_BOUND ( 'NONE', #2524, .T. ) ;
#931 = EDGE_CURVE ( 'NONE', #2594, #9883, #1774, .T. ) ;
#932 = CARTESIAN_POINT ( 'NONE',  ( 14.10000000000099973, -30.25705468974489776, -11.19349039667821977 ) ) ;
#933 = CARTESIAN_POINT ( 'NONE',  ( 5.599999999999999645, 0.000000000000000000, 0.000000000000000000 ) ) ;
#934 = CIRCLE ( 'NONE', #10556, 1.850000000000001865 ) ;
#935 = CARTESIAN_POINT ( 'NONE',  ( 3.600000000000994849, -9.540979117872440597E-15, 0.000000000000000000 ) ) ;
#936 = EDGE_CURVE ( 'NONE', #6524, #8223, #3997, .T. ) ;
#937 = CARTESIAN_POINT ( 'NONE',  ( -14.90000000000000036, -42.50000000000000000, 0.000000000000000000 ) ) ;
#938 = VERTEX_POINT ( 'NONE', #4126 ) ;
#939 = CIRCLE ( 'NONE', #5145, 5.500000000000000000 ) ;
#940 = LINE ( 'NONE', #4818, #6166 ) ;
#941 = LINE ( 'NONE', #1860, #7146 ) ;
#942 = EDGE_CURVE ( 'NONE', #3047, #4817, #9937, .T. ) ;
#943 = ORIENTED_EDGE ( 'NONE', *, *, #11616, .T. ) ;
#944 = AXIS2_PLACEMENT_3D ( 'NONE', #286, #3352, #11231 ) ;
#945 = CARTESIAN_POINT ( 'NONE',  ( -63.60000000000000142, 4.448338024599770790, -16.87467892491325117 ) ) ;
#946 = EDGE_LOOP ( 'NONE', ( #9820, #303, #9760, #7680 ) ) ;
#947 = DIRECTION ( 'NONE',  ( 0.000000000000000000, -0.9238795325112874046, 0.3826834323650882275 ) ) ;
#948 = AXIS2_PLACEMENT_3D ( 'NONE', #970, #1881, #6868 ) ;
#949 = VECTOR ( 'NONE', #7872, 1000.000000000000000 ) ;
#950 = AXIS2_PLACEMENT_3D ( 'NONE', #7392, #11708, #10529 ) ;
#951 = VERTEX_POINT ( 'NONE', #9158 ) ;
#952 = EDGE_LOOP ( 'NONE', ( #846, #2777, #8933, #2797 ) ) ;
#953 = PLANE ( 'NONE',  #5368 ) ;
#954 = EDGE_LOOP ( 'NONE', ( #9964, #3935 ) ) ;
#955 = EDGE_CURVE ( 'NONE', #9128, #110, #4506, .T. ) ;
#956 = VECTOR ( 'NONE', #4463, 999.9999999999998863 ) ;
#957 = ORIENTED_EDGE ( 'NONE', *, *, #7196, .T. ) ;
#958 = AXIS2_PLACEMENT_3D ( 'NONE', #6297, #2423, #1303 ) ;
#959 = DIRECTION ( 'NONE',  ( 1.000000000000000000, -6.322502648911709143E-17, 9.462293898829198836E-17 ) ) ;
#960 = CARTESIAN_POINT ( 'NONE',  ( -11.90000000000000036, 38.62473300881482174, -22.30000000001846416 ) ) ;
#961 = VECTOR ( 'NONE', #10515, 1000.000000000000000 ) ;
#962 = AXIS2_PLACEMENT_3D ( 'NONE', #2996, #6991, #1147 ) ;
#963 = CARTESIAN_POINT ( 'NONE',  ( 5.599999999999999645, -36.80607966083844929, 21.25000000000029843 ) ) ;
#964 = ORIENTED_EDGE ( 'NONE', *, *, #2746, .F. ) ;
#965 = ORIENTED_EDGE ( 'NONE', *, *, #10263, .T. ) ;
#966 = AXIS2_PLACEMENT_3D ( 'NONE', #7395, #6427, #2161 ) ;
#967 = EDGE_LOOP ( 'NONE', ( #11955, #10762, #3778, #8518 ) ) ;
#968 = CARTESIAN_POINT ( 'NONE',  ( 6.599999999999999645, -3.301963206785260407E-12, 34.42296358256754729 ) ) ;
#969 = ORIENTED_EDGE ( 'NONE', *, *, #2315, .T. ) ;
#970 = CARTESIAN_POINT ( 'NONE',  ( 14.10000000000099973, -1.067722299463723959E-12, -31.00000000000000000 ) ) ;
#971 = AXIS2_PLACEMENT_3D ( 'NONE', #5060, #12050, #4928 ) ;
#972 = VECTOR ( 'NONE', #1395, 1000.000000000000000 ) ;
#973 = VECTOR ( 'NONE', #11238, 999.9999999999998863 ) ;
#974 = CARTESIAN_POINT ( 'NONE',  ( 6.599999999999999645, -23.53709939867820111, -21.25061421014360263 ) ) ;
#975 = CARTESIAN_POINT ( 'NONE',  ( -59.50000000000000000, -1.983433153146744857E-12, -31.00000000000174794 ) ) ;
#976 = LINE ( 'NONE', #7909, #1346 ) ;
#977 = ORIENTED_EDGE ( 'NONE', *, *, #5195, .F. ) ;
#978 = ADVANCED_FACE ( 'NONE', ( #3079 ), #1361, .F. ) ;
#979 = PLANE ( 'NONE',  #4847 ) ;
#980 = DIRECTION ( 'NONE',  ( 1.000000000000000000, -2.905650844594899633E-18, -7.014861676541880450E-18 ) ) ;
#981 = ADVANCED_FACE ( 'NONE', ( #10137, #3207 ), #198, .T. ) ;
#982 = ORIENTED_EDGE ( 'NONE', *, *, #8795, .F. ) ;
#983 = DIRECTION ( 'NONE',  ( 1.000000000000000000, -6.705557021117060106E-18, -5.440889002481110112E-18 ) ) ;
#984 = DIRECTION ( 'NONE',  ( 3.090821338043308677E-16, 1.000000000000000000, 3.432150397220114808E-15 ) ) ;
#985 = VERTEX_POINT ( 'NONE', #11207 ) ;
#986 = DIRECTION ( 'NONE',  ( 1.000000000000000000, -3.090821338043315087E-16, 1.871678662600109722E-16 ) ) ;
#987 = CARTESIAN_POINT ( 'NONE',  ( -73.59999999999999432, 1.049419181516655842E-14, 5.142634763737189527E-15 ) ) ;
#988 = CARTESIAN_POINT ( 'NONE',  ( 17.54641016151380128, 30.99999999999844746, -2.051191339311620287E-12 ) ) ;
#989 = ADVANCED_FACE ( 'NONE', ( #3937 ), #8899, .F. ) ;
#990 = DIRECTION ( 'NONE',  ( -1.000000000000000000, 2.905650844594884611E-18, 7.014861676541869665E-18 ) ) ;
#991 = ORIENTED_EDGE ( 'NONE', *, *, #6956, .T. ) ;
#992 = LINE ( 'NONE', #4806, #7526 ) ;
#993 = DIRECTION ( 'NONE',  ( 1.000000000000000000, -1.984102504227365030E-17, 0.000000000000000000 ) ) ;
#994 = CIRCLE ( 'NONE', #786, 2.050000000000002043 ) ;
#995 = ORIENTED_EDGE ( 'NONE', *, *, #3907, .F. ) ;
#996 = ADVANCED_FACE ( 'NONE', ( #3013 ), #11011, .F. ) ;
#997 = CARTESIAN_POINT ( 'NONE',  ( -14.90000000000000036, -4.547048498203718976E-13, -42.50000000000000000 ) ) ;
#998 = DIRECTION ( 'NONE',  ( 0.000000000000000000, 0.000000000000000000, 1.000000000000000000 ) ) ;
#999 = DIRECTION ( 'NONE',  ( 1.000000000000000000, 0.000000000000000000, 0.000000000000000000 ) ) ;
#1000 = EDGE_CURVE ( 'NONE', #10885, #6245, #9411, .T. ) ;
#1001 = DIRECTION ( 'NONE',  ( 1.000000000000000000, 0.000000000000000000, 0.000000000000000000 ) ) ;
#1002 = CARTESIAN_POINT ( 'NONE',  ( 14.10000000000099973, 20.30352103488754878, -21.25061421014475016 ) ) ;
#1003 = VERTEX_POINT ( 'NONE', #12489 ) ;
#1004 = AXIS2_PLACEMENT_3D ( 'NONE', #9297, #10349, #9368 ) ;
#1005 = LINE ( 'NONE', #8982, #11799 ) ;
#1006 = EDGE_CURVE ( 'NONE', #12338, #6914, #2419, .T. ) ;
#1007 = FACE_OUTER_BOUND ( 'NONE', #2259, .T. ) ;
#1008 = ADVANCED_FACE ( 'NONE', ( #12303 ), #4939, .F. ) ;
#1009 = FACE_BOUND ( 'NONE', #10329, .T. ) ;
#1010 = CIRCLE ( 'NONE', #8951, 1.600000000000000755 ) ;
#1011 = EDGE_LOOP ( 'NONE', ( #11927, #11701, #10758, #12903 ) ) ;
#1012 = CARTESIAN_POINT ( 'NONE',  ( 17.54641016151380128, -23.45852899954460113, -22.94811514787064866 ) ) ;
#1013 = DIRECTION ( 'NONE',  ( 1.000000000000000000, -6.322502648911709143E-17, 9.462293898829198836E-17 ) ) ;
#1014 = CARTESIAN_POINT ( 'NONE',  ( 5.599999999999999645, -1.536314259392209869E-13, -44.10000000000000142 ) ) ;
#1015 = ORIENTED_EDGE ( 'NONE', *, *, #6773, .T. ) ;
#1016 = CARTESIAN_POINT ( 'NONE',  ( -73.29999999999999716, 14.20249088519598146, -15.94916010175009902 ) ) ;
#1017 = CARTESIAN_POINT ( 'NONE',  ( 5.100000000000011191, 4.039350235086123505E-15, -2.332119945578339300E-15 ) ) ;
#1018 = VERTEX_POINT ( 'NONE', #2357 ) ;
#1019 = DIRECTION ( 'NONE',  ( -1.000000000000000000, 0.000000000000000000, 2.384990609987200221E-18 ) ) ;
#1020 = DIRECTION ( 'NONE',  ( 0.000000000000000000, -0.9238795325112789669, 0.3826834323651084890 ) ) ;
#1021 = DIRECTION ( 'NONE',  ( -1.000000000000000000, 0.000000000000000000, 0.000000000000000000 ) ) ;
#1022 = ORIENTED_EDGE ( 'NONE', *, *, #12131, .T. ) ;
#1023 = ORIENTED_EDGE ( 'NONE', *, *, #8350, .T. ) ;
#1024 = ORIENTED_EDGE ( 'NONE', *, *, #1720, .T. ) ;
#1025 = DIRECTION ( 'NONE',  ( 4.112988807310475227E-18, 0.9238795325112871826, -0.3826834323650885605 ) ) ;
#1026 = ORIENTED_EDGE ( 'NONE', *, *, #6403, .T. ) ;
#1027 = DIRECTION ( 'NONE',  ( -1.000000000000000000, 3.090821338043315087E-16, -1.871678662600109722E-16 ) ) ;
#1028 = CARTESIAN_POINT ( 'NONE',  ( -59.50000000000000000, 11.86318640331641916, 28.64026550784804925 ) ) ;
#1029 = EDGE_CURVE ( 'NONE', #7190, #5513, #3273, .T. ) ;
#1030 = CARTESIAN_POINT ( 'NONE',  ( -72.84391516214240880, 7.024931537675390025, 3.584531284106760030 ) ) ;
#1031 = CARTESIAN_POINT ( 'NONE',  ( 17.54641016151375155, -28.64026550785165171, -11.86318640331909968 ) ) ;
#1032 = FACE_OUTER_BOUND ( 'NONE', #4620, .T. ) ;
#1033 = ORIENTED_EDGE ( 'NONE', *, *, #6880, .F. ) ;
#1034 = LINE ( 'NONE', #12294, #9014 ) ;
#1035 = CARTESIAN_POINT ( 'NONE',  ( -72.84391516214240880, -9.582305619189098067, 6.263934525068219905 ) ) ;
#1036 = ORIENTED_EDGE ( 'NONE', *, *, #6555, .T. ) ;
#1037 = EDGE_CURVE ( 'NONE', #985, #5311, #10332, .T. ) ;
#1038 = DIRECTION ( 'NONE',  ( 5.782411586589632261E-17, 0.8660254037844397068, -0.4999999999999979461 ) ) ;
#1039 = DIRECTION ( 'NONE',  ( 1.000000000000000000, 0.000000000000000000, 0.000000000000000000 ) ) ;
#1040 = ADVANCED_FACE ( 'NONE', ( #8427 ), #3334, .T. ) ;
#1041 = ORIENTED_EDGE ( 'NONE', *, *, #2687, .T. ) ;
#1042 = EDGE_CURVE ( 'NONE', #1117, #1861, #12436, .T. ) ;
#1043 = CARTESIAN_POINT ( 'NONE',  ( -72.84391516214240880, -1.585445690539095009, -17.20275819739720191 ) ) ;
#1044 = DIRECTION ( 'NONE',  ( 0.5150380749100560429, -0.8571673007021111124, -8.211731712495831096E-14 ) ) ;
#1045 = CARTESIAN_POINT ( 'NONE',  ( -43.89999999999998437, 44.70000000000000284, 1.537089795069089382E-13 ) ) ;
#1046 = AXIS2_PLACEMENT_3D ( 'NONE', #4115, #8098, #5367 ) ;
#1047 = DIRECTION ( 'NONE',  ( -8.632079425444796368E-18, -0.7933533402912366084, -0.6087614290087186575 ) ) ;
#1048 = ORIENTED_EDGE ( 'NONE', *, *, #5756, .F. ) ;
#1049 = DIRECTION ( 'NONE',  ( 1.000000000000000000, 0.000000000000000000, 0.000000000000000000 ) ) ;
#1050 = FACE_OUTER_BOUND ( 'NONE', #5403, .T. ) ;
#1051 = TOROIDAL_SURFACE ( 'NONE', #10241, 1.300000000000000044, 0.2999999999999999889 ) ;
#1052 = VECTOR ( 'NONE', #4507, 1000.000000000000000 ) ;
#1053 = EDGE_LOOP ( 'NONE', ( #2379, #10773 ) ) ;
#1054 = VERTEX_POINT ( 'NONE', #12422 ) ;
#1055 = DIRECTION ( 'NONE',  ( -0.7071067811865230368, -0.6532814824382053853, 0.2705980500731213767 ) ) ;
#1056 = DIRECTION ( 'NONE',  ( 0.000000000000000000, 0.4146932426562391361, -0.9099612708765432156 ) ) ;
#1057 = FACE_OUTER_BOUND ( 'NONE', #6742, .T. ) ;
#1058 = CARTESIAN_POINT ( 'NONE',  ( -78.79999999999999716, -14.90095702101639930, 7.795766790882160180 ) ) ;
#1059 = VECTOR ( 'NONE', #5048, 1000.000000000000000 ) ;
#1060 = CARTESIAN_POINT ( 'NONE',  ( -73.59999999999999432, -14.98584592913302060, -6.781365776028199122 ) ) ;
#1061 = ORIENTED_EDGE ( 'NONE', *, *, #11870, .T. ) ;
#1062 = CIRCLE ( 'NONE', #5056, 1.749999999999999556 ) ;
#1063 = DIRECTION ( 'NONE',  ( -6.705557021117060106E-18, -1.000000000000000000, 0.000000000000000000 ) ) ;
#1064 = VECTOR ( 'NONE', #1454, 1000.000000000000227 ) ;
#1065 = DIRECTION ( 'NONE',  ( 1.000000000000000000, -3.061616997868494568E-17, 5.302876193624889562E-17 ) ) ;
#1066 = CARTESIAN_POINT ( 'NONE',  ( -63.70000000000000995, 41.48219100975698836, -17.18248611319201302 ) ) ;
#1067 = VERTEX_POINT ( 'NONE', #6291 ) ;
#1068 = AXIS2_PLACEMENT_3D ( 'NONE', #8990, #8138, #1201 ) ;
#1069 = CIRCLE ( 'NONE', #10904, 1.600000000000000089 ) ;
#1070 = CARTESIAN_POINT ( 'NONE',  ( -72.84391516214240880, 3.289464451693330016, -1.727027159122559885 ) ) ;
#1071 = VECTOR ( 'NONE', #10096, 999.9999999999998863 ) ;
#1072 = FACE_OUTER_BOUND ( 'NONE', #10045, .T. ) ;
#1073 = DIRECTION ( 'NONE',  ( 0.5150380749100560429, 0.8571673007021111124, 8.222228984407219466E-14 ) ) ;
#1074 = ORIENTED_EDGE ( 'NONE', *, *, #7695, .T. ) ;
#1075 = FACE_OUTER_BOUND ( 'NONE', #10398, .T. ) ;
#1076 = ORIENTED_EDGE ( 'NONE', *, *, #10606, .F. ) ;
#1077 = FACE_OUTER_BOUND ( 'NONE', #5166, .T. ) ;
#1078 = CONICAL_SURFACE ( 'NONE', #1497, 34.60000000000000142, 0.7853981633974476129 ) ;
#1079 = CARTESIAN_POINT ( 'NONE',  ( 6.600000000000989964, 21.92031021678225144, -21.92031021678365121 ) ) ;
#1080 = VECTOR ( 'NONE', #11161, 1000.000000000000000 ) ;
#1081 = CARTESIAN_POINT ( 'NONE',  ( -72.84391516214240880, -21.78925880358800171, -8.834064794321010439 ) ) ;
#1082 = ORIENTED_EDGE ( 'NONE', *, *, #10073, .T. ) ;
#1083 = EDGE_CURVE ( 'NONE', #10834, #9679, #3462, .T. ) ;
#1084 = VERTEX_POINT ( 'NONE', #10204 ) ;
#1085 = ORIENTED_EDGE ( 'NONE', *, *, #6252, .F. ) ;
#1086 = DIRECTION ( 'NONE',  ( 1.000000000000000000, -6.322502648911719004E-17, 9.462293898829198836E-17 ) ) ;
#1087 = AXIS2_PLACEMENT_3D ( 'NONE', #11608, #7735, #3689 ) ;
#1088 = ORIENTED_EDGE ( 'NONE', *, *, #6220, .F. ) ;
#1089 = CARTESIAN_POINT ( 'NONE',  ( -2.651075773784429934, 28.64026550785075287, -11.86318640331580099 ) ) ;
#1090 = ORIENTED_EDGE ( 'NONE', *, *, #5969, .F. ) ;
#1091 = ADVANCED_FACE ( 'NONE', ( #7458 ), #8498, .F. ) ;
#1092 = CARTESIAN_POINT ( 'NONE',  ( -73.29999999999999716, 6.812089507740330063, -22.06145816890959921 ) ) ;
#1093 = EDGE_CURVE ( 'NONE', #9168, #2594, #2229, .T. ) ;
#1094 = CIRCLE ( 'NONE', #8624, 34.90000000000001279 ) ;
#1095 = CARTESIAN_POINT ( 'NONE',  ( 17.54641016151375155, -30.17848429061135107, -12.89099133440534040 ) ) ;
#1096 = EDGE_LOOP ( 'NONE', ( #11259, #6952, #2972, #8409 ) ) ;
#1097 = DIRECTION ( 'NONE',  ( 3.103811398048827676E-16, 1.000000000000000000, 0.000000000000000000 ) ) ;
#1098 = EDGE_CURVE ( 'NONE', #333, #12902, #5440, .T. ) ;
#1099 = DIRECTION ( 'NONE',  ( -1.000000000000000000, 2.905650844594909648E-18, 7.014861676541880450E-18 ) ) ;
#1100 = EDGE_LOOP ( 'NONE', ( #1247, #6210, #5091, #7248 ) ) ;
#1101 = LINE ( 'NONE', #3072, #2541 ) ;
#1102 = DIRECTION ( 'NONE',  ( 7.592831564818952788E-18, 0.3826834323650881720, 0.9238795325112874046 ) ) ;
#1103 = ORIENTED_EDGE ( 'NONE', *, *, #1037, .F. ) ;
#1104 = EDGE_CURVE ( 'NONE', #5870, #10386, #4388, .T. ) ;
#1105 = CIRCLE ( 'NONE', #11980, 1.249999999999986011 ) ;
#1106 = DIRECTION ( 'NONE',  ( 0.000000000000000000, 0.000000000000000000, 1.000000000000000000 ) ) ;
#1107 = CARTESIAN_POINT ( 'NONE',  ( 14.10000000000099973, 23.45852899954131487, 22.94811514786730910 ) ) ;
#1108 = CARTESIAN_POINT ( 'NONE',  ( 14.09999999999999964, 27.10204672508849910, -12.89099133440610068 ) ) ;
#1109 = CARTESIAN_POINT ( 'NONE',  ( -73.29999999999999716, 24.54868384785824631, -16.45541219253015086 ) ) ;
#1110 = FACE_BOUND ( 'NONE', #202, .T. ) ;
#1111 = ADVANCED_FACE ( 'NONE', ( #6232 ), #9281, .F. ) ;
#1112 = CARTESIAN_POINT ( 'NONE',  ( -73.59999999999999432, 1.049419181516655842E-14, 5.142634763737189527E-15 ) ) ;
#1113 = ORIENTED_EDGE ( 'NONE', *, *, #6984, .T. ) ;
#1114 = LINE ( 'NONE', #1242, #10041 ) ;
#1115 = DIRECTION ( 'NONE',  ( 1.000000000000000000, 5.302876193624849502E-17, 3.061616997868539558E-17 ) ) ;
#1116 = FACE_BOUND ( 'NONE', #7358, .T. ) ;
#1117 = VERTEX_POINT ( 'NONE', #9222 ) ;
#1118 = ORIENTED_EDGE ( 'NONE', *, *, #7400, .T. ) ;
#1119 = DIRECTION ( 'NONE',  ( 0.000000000000000000, 1.000000000000000000, 9.714451465470219441E-14 ) ) ;
#1120 = CARTESIAN_POINT ( 'NONE',  ( -63.70000000000000995, -2.066205161904769999E-14, 1.491883645478428116E-14 ) ) ;
#1121 = CARTESIAN_POINT ( 'NONE',  ( 6.600000000000989964, 30.25705468974424051, -12.53288240995762060 ) ) ;
#1122 = LINE ( 'NONE', #874, #4863 ) ;
#1123 = DIRECTION ( 'NONE',  ( -4.112988807310478308E-18, -0.9238795325112874046, 0.3826834323650881720 ) ) ;
#1124 = ORIENTED_EDGE ( 'NONE', *, *, #1894, .T. ) ;
#1125 = CARTESIAN_POINT ( 'NONE',  ( -72.84391516214240880, 9.321032131865921500, 9.127808479174481349 ) ) ;
#1126 = EDGE_CURVE ( 'NONE', #3954, #7562, #8366, .T. ) ;
#1127 = EDGE_CURVE ( 'NONE', #9166, #9117, #10999, .T. ) ;
#1128 = ORIENTED_EDGE ( 'NONE', *, *, #6683, .F. ) ;
#1129 = DIRECTION ( 'NONE',  ( -4.112988807310475227E-18, -0.9238795325112871826, 0.3826834323650885605 ) ) ;
#1130 = DIRECTION ( 'NONE',  ( 0.000000000000000000, 0.4146932426562352503, -0.9099612708765447699 ) ) ;
#1131 = CARTESIAN_POINT ( 'NONE',  ( -72.59999999999999432, -1.573077990421341054E-12, -1.750927483459624843E-12 ) ) ;
#1132 = ORIENTED_EDGE ( 'NONE', *, *, #8302, .F. ) ;
#1133 = CYLINDRICAL_SURFACE ( 'NONE', #245, 1.250000000000001110 ) ;
#1134 = ORIENTED_EDGE ( 'NONE', *, *, #2765, .F. ) ;
#1135 = DIRECTION ( 'NONE',  ( 0.7071067811865717756, -0.7071067811865232589, -2.207953546850140791E-15 ) ) ;
#1136 = AXIS2_PLACEMENT_3D ( 'NONE', #9467, #3446, #2473 ) ;
#1138 = ADVANCED_FACE ( 'NONE', ( #8236 ), #3397, .F. ) ;
#1137 = CYLINDRICAL_SURFACE ( 'NONE', #7428, 1.249999999999999334 ) ;
#1139 = VECTOR ( 'NONE', #6882, 1000.000000000000000 ) ;
#1140 = CARTESIAN_POINT ( 'NONE',  ( -56.21032168798580386, -19.85661083044884734, 4.977700907859180290 ) ) ;
#1141 = ORIENTED_EDGE ( 'NONE', *, *, #10779, .T. ) ;
#1142 = AXIS2_PLACEMENT_3D ( 'NONE', #11335, #197, #5314 ) ;
#1143 = ORIENTED_EDGE ( 'NONE', *, *, #11734, .T. ) ;
#1144 = AXIS2_PLACEMENT_3D ( 'NONE', #11091, #12064, #3951 ) ;
#1145 = AXIS2_PLACEMENT_3D ( 'NONE', #1299, #1425, #5507 ) ;
#1146 = EDGE_LOOP ( 'NONE', ( #12849, #12910, #11051, #8380 ) ) ;
#1147 = DIRECTION ( 'NONE',  ( -6.551204957150059656E-17, 0.000000000000000000, 1.000000000000000000 ) ) ;
#1148 = VECTOR ( 'NONE', #11642, 1000.000000000000227 ) ;
#1149 = ORIENTED_EDGE ( 'NONE', *, *, #395, .T. ) ;
#1150 = FACE_OUTER_BOUND ( 'NONE', #3999, .T. ) ;
#1151 = CIRCLE ( 'NONE', #2413, 34.90000000000001279 ) ;
#1152 = ORIENTED_EDGE ( 'NONE', *, *, #3579, .T. ) ;
#1153 = CYLINDRICAL_SURFACE ( 'NONE', #7949, 1.850000000000000311 ) ;
#1154 = EDGE_CURVE ( 'NONE', #10647, #7879, #1752, .T. ) ;
#1155 = DIRECTION ( 'NONE',  ( 1.000000000000000000, -6.322502648911709143E-17, 9.462293898829198836E-17 ) ) ;
#1156 = ORIENTED_EDGE ( 'NONE', *, *, #926, .T. ) ;
#1157 = ORIENTED_EDGE ( 'NONE', *, *, #6092, .F. ) ;
#1158 = ADVANCED_FACE ( 'NONE', ( #8626 ), #8556, .F. ) ;
#1159 = CARTESIAN_POINT ( 'NONE',  ( 6.599999999999999645, 0.000000000000000000, 0.000000000000000000 ) ) ;
#1160 = VECTOR ( 'NONE', #10187, 999.9999999999998863 ) ;
#1161 = AXIS2_PLACEMENT_3D ( 'NONE', #3437, #7374, #9333 ) ;
#1162 = AXIS2_PLACEMENT_3D ( 'NONE', #12505, #3542, #2375 ) ;
#1163 = FACE_OUTER_BOUND ( 'NONE', #8028, .T. ) ;
#1164 = EDGE_LOOP ( 'NONE', ( #2512, #4213, #2283, #8480 ) ) ;
#1165 = DIRECTION ( 'NONE',  ( 0.000000000000000000, 0.000000000000000000, 1.000000000000000000 ) ) ;
#1166 = CIRCLE ( 'NONE', #10152, 44.71208468574654660 ) ;
#1167 = VECTOR ( 'NONE', #9162, 1000.000000000000000 ) ;
#1168 = DIRECTION ( 'NONE',  ( 0.000000000000000000, -0.8314696123025475671, -0.5555702330195986249 ) ) ;
#1169 = EDGE_CURVE ( 'NONE', #191, #3353, #4293, .T. ) ;
#1170 = ORIENTED_EDGE ( 'NONE', *, *, #12689, .T. ) ;
#1171 = ADVANCED_FACE ( 'NONE', ( #5634 ), #11650, .F. ) ;
#1172 = LINE ( 'NONE', #1234, #11400 ) ;
#1173 = CIRCLE ( 'NONE', #12045, 1.850000000000000311 ) ;
#1174 = AXIS2_PLACEMENT_3D ( 'NONE', #9124, #12138, #8013 ) ;
#1175 = DIRECTION ( 'NONE',  ( 1.138020410947518757E-16, 0.5555702330195980698, -0.8314696123025482333 ) ) ;
#1176 = CARTESIAN_POINT ( 'NONE',  ( -72.84391516214240880, -6.137699699246859986, 10.66025995939425997 ) ) ;
#1177 = DIRECTION ( 'NONE',  ( 1.000000000000000000, 5.302876193624849502E-17, -3.061616997868594408E-17 ) ) ;
#1178 = FACE_BOUND ( 'NONE', #562, .T. ) ;
#1179 = EDGE_CURVE ( 'NONE', #6884, #8085, #1010, .T. ) ;
#1180 = PLANE ( 'NONE',  #4523 ) ;
#1181 = EDGE_LOOP ( 'NONE', ( #921, #12464, #253, #5981 ) ) ;
#1182 = AXIS2_PLACEMENT_3D ( 'NONE', #8739, #10975, #11954 ) ;
#1183 = DIRECTION ( 'NONE',  ( 7.592831564818948166E-18, 0.3826834323650878389, 0.9238795325112876267 ) ) ;
#1184 = DIRECTION ( 'NONE',  ( 0.000000000000000000, -0.9238795325112870716, 0.3826834323650889491 ) ) ;
#1185 = EDGE_LOOP ( 'NONE', ( #7437, #5237, #4845, #9843 ) ) ;
#1186 = DIRECTION ( 'NONE',  ( 1.000000000000000000, 0.000000000000000000, 0.000000000000000000 ) ) ;
#1187 = EDGE_LOOP ( 'NONE', ( #9330, #7846, #716, #1022 ) ) ;
#1188 = ADVANCED_FACE ( 'NONE', ( #9546 ), #838, .F. ) ;
#1189 = ORIENTED_EDGE ( 'NONE', *, *, #366, .F. ) ;
#1190 = ORIENTED_EDGE ( 'NONE', *, *, #4394, .T. ) ;
#1191 = DIRECTION ( 'NONE',  ( -1.000000000000000000, -2.638697247430395030E-33, -6.370378681743239884E-33 ) ) ;
#1192 = DIRECTION ( 'NONE',  ( 0.000000000000000000, 1.000000000000000000, 0.000000000000000000 ) ) ;
#1193 = DIRECTION ( 'NONE',  ( -0.7071067811865598962, -0.6532814824381802943, 0.2705980500730856275 ) ) ;
#1194 = FACE_OUTER_BOUND ( 'NONE', #11525, .T. ) ;
#1195 = LINE ( 'NONE', #11415, #7429 ) ;
#1196 = VERTEX_POINT ( 'NONE', #582 ) ;
#1197 = PLANE ( 'NONE',  #7822 ) ;
#1198 = PLANE ( 'NONE',  #1285 ) ;
#1199 = ORIENTED_EDGE ( 'NONE', *, *, #5549, .F. ) ;
#1200 = CARTESIAN_POINT ( 'NONE',  ( -73.59999999999999432, -10.75709736180330189, 12.57367712121969916 ) ) ;
#1201 = DIRECTION ( 'NONE',  ( 1.000000000000000000, -1.984102504227365030E-17, 0.000000000000000000 ) ) ;
#1202 = CARTESIAN_POINT ( 'NONE',  ( 3.600000000000994849, -32.33578363789477095, 13.39392013277881155 ) ) ;
#1204 = EDGE_CURVE ( 'NONE', #9459, #6569, #2739, .T. ) ;
#1203 = ORIENTED_EDGE ( 'NONE', *, *, #7715, .T. ) ;
#1205 = CIRCLE ( 'NONE', #10414, 1.750000000000001110 ) ;
#1206 = CARTESIAN_POINT ( 'NONE',  ( -72.84391516214240880, -8.236826003028799192, 21.27127634618639718 ) ) ;
#1207 = EDGE_LOOP ( 'NONE', ( #6680, #277, #5666, #1152 ) ) ;
#1208 = DIRECTION ( 'NONE',  ( 1.000000000000000000, -3.103811398048830141E-16, 1.871678662600109722E-16 ) ) ;
#1209 = DIRECTION ( 'NONE',  ( 1.000000000000000000, 0.000000000000000000, 0.000000000000000000 ) ) ;
#1210 = VECTOR ( 'NONE', #8725, 1000.000000000000227 ) ;
#1211 = CYLINDRICAL_SURFACE ( 'NONE', #12069, 1.749999999999999556 ) ;
#1212 = VERTEX_POINT ( 'NONE', #4647 ) ;
#1213 = ORIENTED_EDGE ( 'NONE', *, *, #9500, .T. ) ;
#1214 = EDGE_CURVE ( 'NONE', #5305, #5610, #8742, .T. ) ;
#1215 = ORIENTED_EDGE ( 'NONE', *, *, #5416, .T. ) ;
#1216 = CARTESIAN_POINT ( 'NONE',  ( 14.10000000000099973, 1.538218782758337122, 32.02780493108451054 ) ) ;
#1217 = EDGE_CURVE ( 'NONE', #2659, #9722, #10800, .T. ) ;
#1218 = VERTEX_POINT ( 'NONE', #6550 ) ;
#1219 = DIRECTION ( 'NONE',  ( 0.000000000000000000, -0.9238795325112868495, 0.3826834323650896152 ) ) ;
#1220 = VERTEX_POINT ( 'NONE', #2677 ) ;
#1221 = AXIS2_PLACEMENT_3D ( 'NONE', #2871, #1155, #9144 ) ;
#1222 = FACE_OUTER_BOUND ( 'NONE', #3530, .T. ) ;
#1223 = CARTESIAN_POINT ( 'NONE',  ( 17.60000000000000142, -28.64026550785165171, -11.86318640331909968 ) ) ;
#1224 = ORIENTED_EDGE ( 'NONE', *, *, #6549, .F. ) ;
#1225 = ORIENTED_EDGE ( 'NONE', *, *, #11267, .T. ) ;
#1226 = CARTESIAN_POINT ( 'NONE',  ( -73.59999999999999432, -19.28258568190119959, 6.363520206626120057 ) ) ;
#1227 = CARTESIAN_POINT ( 'NONE',  ( -72.84391516214240880, -4.415624253603974481, 14.81771785569506150 ) ) ;
#1228 = VERTEX_POINT ( 'NONE', #1547 ) ;
#1229 = ADVANCED_FACE ( 'NONE', ( #4580 ), #6677, .F. ) ;
#1230 = DIRECTION ( 'NONE',  ( -1.000000000000000000, 0.000000000000000000, 0.000000000000000000 ) ) ;
#1231 = DIRECTION ( 'NONE',  ( 0.000000000000000000, -0.9238795325112786339, 0.3826834323651093772 ) ) ;
#1232 = ORIENTED_EDGE ( 'NONE', *, *, #4556, .T. ) ;
#1233 = ADVANCED_FACE ( 'NONE', ( #12679 ), #8535, .F. ) ;
#1234 = CARTESIAN_POINT ( 'NONE',  ( -73.59999999999999432, -7.854142570663721123, 22.19515587869770101 ) ) ;
#1235 = CARTESIAN_POINT ( 'NONE',  ( -72.84391516214240880, -11.43006468421165955, 7.029301389798390254 ) ) ;
#1236 = CARTESIAN_POINT ( 'NONE',  ( -78.79999999999999716, -20.32418317093049964, -10.52331119156246153 ) ) ;
#1237 = CARTESIAN_POINT ( 'NONE',  ( 14.10000000000099973, 27.02347632595476057, -11.19349039667974033 ) ) ;
#1238 = DIRECTION ( 'NONE',  ( 4.112988807310475997E-18, 0.9238795325112874046, -0.3826834323650881720 ) ) ;
#1239 = ADVANCED_FACE ( 'NONE', ( #8755 ), #9604, .F. ) ;
#1240 = CARTESIAN_POINT ( 'NONE',  ( -78.79999999999999716, -17.09060480714099839, -11.86270320484029916 ) ) ;
#1241 = VERTEX_POINT ( 'NONE', #3722 ) ;
#1242 = CARTESIAN_POINT ( 'NONE',  ( -14.90000000000000036, -9.540979117872440597E-15, -45.00000000000000000 ) ) ;
#1243 = CYLINDRICAL_SURFACE ( 'NONE', #2968, 1.600000000000000089 ) ;
#1244 = ORIENTED_EDGE ( 'NONE', *, *, #12770, .F. ) ;
#1245 = DIRECTION ( 'NONE',  ( 0.000000000000000000, 1.000000000000000000, 9.714451465470219441E-14 ) ) ;
#1246 = ORIENTED_EDGE ( 'NONE', *, *, #12651, .F. ) ;
#1247 = ORIENTED_EDGE ( 'NONE', *, *, #2404, .F. ) ;
#1248 = DIRECTION ( 'NONE',  ( 0.000000000000000000, 1.000000000000000000, 9.592326932761342412E-14 ) ) ;
#1249 = VECTOR ( 'NONE', #2278, 1000.000000000000227 ) ;
#1250 = LINE ( 'NONE', #3221, #4662 ) ;
#1251 = CARTESIAN_POINT ( 'NONE',  ( -1.899999999999999911, -21.92031021678345226, 21.92031021678250013 ) ) ;
#1252 = DIRECTION ( 'NONE',  ( 0.2588190451025250138, 0.8031379722975888757, 0.5366396363910649336 ) ) ;
#1253 = EDGE_CURVE ( 'NONE', #1709, #2147, #1824, .T. ) ;
#1254 = CYLINDRICAL_SURFACE ( 'NONE', #4082, 44.90000000000000568 ) ;
#1255 = ORIENTED_EDGE ( 'NONE', *, *, #6508, .F. ) ;
#1256 = FACE_OUTER_BOUND ( 'NONE', #7303, .T. ) ;
#1257 = AXIS2_PLACEMENT_3D ( 'NONE', #4004, #4873, #7021 ) ;
#1258 = DIRECTION ( 'NONE',  ( 0.000000000000000000, 0.000000000000000000, 1.000000000000000000 ) ) ;
#1259 = CONICAL_SURFACE ( 'NONE', #8574, 1.249999999999986011, 1.029744258676652313 ) ;
#1260 = EDGE_LOOP ( 'NONE', ( #11664, #12725, #8613, #496 ) ) ;
#1261 = EDGE_CURVE ( 'NONE', #10724, #11716, #1622, .T. ) ;
#1262 = DIRECTION ( 'NONE',  ( -1.156482317317983152E-16, -0.8660254037844328234, -0.5000000000000101030 ) ) ;
#1263 = VECTOR ( 'NONE', #11282, 1000.000000000000000 ) ;
#1264 = CARTESIAN_POINT ( 'NONE',  ( 6.599999999999999645, 27.39026550785075287, -11.86318640331589869 ) ) ;
#1265 = LINE ( 'NONE', #4221, #10572 ) ;
#1266 = AXIS2_PLACEMENT_3D ( 'NONE', #8971, #7084, #6828 ) ;
#1267 = DIRECTION ( 'NONE',  ( 0.000000000000000000, 0.3826834323650881720, 0.9238795325112874046 ) ) ;
#1268 = VECTOR ( 'NONE', #5812, 1000.000000000000227 ) ;
#1269 = ORIENTED_EDGE ( 'NONE', *, *, #3292, .F. ) ;
#1270 = LINE ( 'NONE', #9385, #8106 ) ;
#1271 = CARTESIAN_POINT ( 'NONE',  ( -1.899999999999999911, 31.00000000000000000, 2.307831424685130031E-12 ) ) ;
#1272 = AXIS2_PLACEMENT_3D ( 'NONE', #745, #5802, #11687 ) ;
#1273 = VECTOR ( 'NONE', #4936, 999.9999999999998863 ) ;
#1274 = CARTESIAN_POINT ( 'NONE',  ( -72.84391516214240880, -11.09335350867927872, 7.842194076371291622 ) ) ;
#1275 = VERTEX_POINT ( 'NONE', #5827 ) ;
#1276 = ORIENTED_EDGE ( 'NONE', *, *, #4274, .F. ) ;
#1277 = VECTOR ( 'NONE', #11806, 1000.000000000000000 ) ;
#1278 = EDGE_LOOP ( 'NONE', ( #4976, #6635, #151, #12583 ) ) ;
#1279 = DIRECTION ( 'NONE',  ( 7.592831564818952788E-18, 0.3826834323650881720, 0.9238795325112874046 ) ) ;
#1280 = EDGE_LOOP ( 'NONE', ( #12024, #7413, #10154, #7109 ) ) ;
#1281 = ORIENTED_EDGE ( 'NONE', *, *, #1436, .F. ) ;
#1282 = DIRECTION ( 'NONE',  ( 1.000000000000000000, 0.000000000000000000, 0.000000000000000000 ) ) ;
#1283 = ORIENTED_EDGE ( 'NONE', *, *, #8087, .T. ) ;
#1284 = DIRECTION ( 'NONE',  ( 1.000000000000000000, 0.000000000000000000, 0.000000000000000000 ) ) ;
#1285 = AXIS2_PLACEMENT_3D ( 'NONE', #7291, #11361, #3294 ) ;
#1286 = ORIENTED_EDGE ( 'NONE', *, *, #12562, .F. ) ;
#1287 = CIRCLE ( 'NONE', #10067, 1.299999999999999600 ) ;
#1288 = CYLINDRICAL_SURFACE ( 'NONE', #7521, 1.749999999999998002 ) ;
#1289 = VECTOR ( 'NONE', #12760, 1000.000000000000114 ) ;
#1290 = LINE ( 'NONE', #9274, #7417 ) ;
#1291 = CARTESIAN_POINT ( 'NONE',  ( -73.59999999999999432, -20.86537927107670143, -9.216748226686098278 ) ) ;
#1292 = ADVANCED_FACE ( 'NONE', ( #3651 ), #705, .F. ) ;
#1293 = CARTESIAN_POINT ( 'NONE',  ( -73.59999999999999432, -9.007825441985040982, 3.731163465559614867 ) ) ;
#1294 = VERTEX_POINT ( 'NONE', #8027 ) ;
#1295 = EDGE_CURVE ( 'NONE', #4811, #5252, #186, .T. ) ;
#1296 = ORIENTED_EDGE ( 'NONE', *, *, #1859, .T. ) ;
#1297 = DIRECTION ( 'NONE',  ( 1.000000000000000000, -4.233019071658840745E-17, -4.233019071658604087E-17 ) ) ;
#1298 = DIRECTION ( 'NONE',  ( 0.000000000000000000, 1.000000000000000000, 0.000000000000000000 ) ) ;
#1299 = CARTESIAN_POINT ( 'NONE',  ( -56.21032168798580386, -18.13453538480590055, 9.135158804159978274 ) ) ;
#1300 = DIRECTION ( 'NONE',  ( 1.000000000000000000, 0.000000000000000000, 0.000000000000000000 ) ) ;
#1301 = FACE_OUTER_BOUND ( 'NONE', #1801, .T. ) ;
#1302 = CIRCLE ( 'NONE', #2984, 1.000000000000000000 ) ;
#1303 = DIRECTION ( 'NONE',  ( 0.000000000000000000, -0.9238795325112788559, 0.3826834323651089331 ) ) ;
#1304 = ORIENTED_EDGE ( 'NONE', *, *, #290, .T. ) ;
#1305 = DIRECTION ( 'NONE',  ( 0.5150380749100549327, -0.8571673007021118895, -8.211731712495829834E-14 ) ) ;
#1306 = AXIS2_PLACEMENT_3D ( 'NONE', #988, #12052, #6821 ) ;
#1307 = CARTESIAN_POINT ( 'NONE',  ( -59.50000000000000000, 1.538218782757730052, -29.97219506891550012 ) ) ;
#1308 = ORIENTED_EDGE ( 'NONE', *, *, #7388, .F. ) ;
#1309 = FACE_BOUND ( 'NONE', #8039, .T. ) ;
#1310 = FACE_BOUND ( 'NONE', #1449, .T. ) ;
#1311 = ORIENTED_EDGE ( 'NONE', *, *, #6636, .F. ) ;
#1312 = DIRECTION ( 'NONE',  ( 4.112988807310475227E-18, 0.9238795325112871826, -0.3826834323650885605 ) ) ;
#1313 = DIRECTION ( 'NONE',  ( 1.000000000000000000, -6.322502648911719004E-17, 9.462293898829198836E-17 ) ) ;
#1314 = LINE ( 'NONE', #283, #9738 ) ;
#1315 = CARTESIAN_POINT ( 'NONE',  ( 17.54641016151380128, 30.99999999999844746, -2.051191339311620287E-12 ) ) ;
#1316 = EDGE_CURVE ( 'NONE', #11503, #6062, #2263, .T. ) ;
#1317 = CARTESIAN_POINT ( 'NONE',  ( 6.600000000000989964, -10.24639722142364029, -29.30996151448859877 ) ) ;
#1318 = ORIENTED_EDGE ( 'NONE', *, *, #10492, .T. ) ;
#1319 = ADVANCED_FACE ( 'NONE', ( #1882 ), #7968, .F. ) ;
#1320 = DIRECTION ( 'NONE',  ( 0.000000000000000000, -0.9238795325112788559, 0.3826834323651088221 ) ) ;
#1321 = CARTESIAN_POINT ( 'NONE',  ( 5.599999999999999645, 0.000000000000000000, 0.000000000000000000 ) ) ;
#1322 = EDGE_CURVE ( 'NONE', #465, #1713, #6257, .T. ) ;
#1323 = ADVANCED_FACE ( 'NONE', ( #1951 ), #2932, .T. ) ;
#1324 = ORIENTED_EDGE ( 'NONE', *, *, #1965, .T. ) ;
#1325 = EDGE_CURVE ( 'NONE', #6135, #1564, #3731, .T. ) ;
#1326 = DIRECTION ( 'NONE',  ( 1.000000000000000000, -2.905650844594894626E-18, -7.014861676541880450E-18 ) ) ;
#1327 = ADVANCED_FACE ( 'NONE', ( #8879 ), #3923, .F. ) ;
#1328 = DIRECTION ( 'NONE',  ( 1.000000000000000000, -1.164243943608597907E-16, 6.264279228234968532E-17 ) ) ;
#1329 = DIRECTION ( 'NONE',  ( -1.000000000000000000, 0.000000000000000000, -1.074775770116589937E-17 ) ) ;
#1330 = CARTESIAN_POINT ( 'NONE',  ( 17.54641016151375155, -11.86318640331920093, 28.64026550784825176 ) ) ;
#1331 = ORIENTED_EDGE ( 'NONE', *, *, #2470, .F. ) ;
#1332 = CARTESIAN_POINT ( 'NONE',  ( -72.84391516214240880, -18.34510791230219695, -0.5191490017194220208 ) ) ;
#1333 = ADVANCED_FACE ( 'NONE', ( #10933 ), #3001, .F. ) ;
#1334 = PLANE ( 'NONE',  #4977 ) ;
#1335 = VERTEX_POINT ( 'NONE', #7907 ) ;
#1336 = VERTEX_POINT ( 'NONE', #11847 ) ;
#1337 = ORIENTED_EDGE ( 'NONE', *, *, #12800, .T. ) ;
#1338 = DIRECTION ( 'NONE',  ( 0.000000000000000000, 0.8314696123025479002, 0.5555702330195982919 ) ) ;
#1339 = EDGE_CURVE ( 'NONE', #4040, #4375, #8095, .T. ) ;
#1340 = ORIENTED_EDGE ( 'NONE', *, *, #11445, .F. ) ;
#1341 = ORIENTED_EDGE ( 'NONE', *, *, #7228, .F. ) ;
#1342 = CARTESIAN_POINT ( 'NONE',  ( -73.59999999999999432, -9.160705535540088817, 21.65395977855149923 ) ) ;
#1343 = VERTEX_POINT ( 'NONE', #5948 ) ;
#1344 = FACE_OUTER_BOUND ( 'NONE', #4508, .T. ) ;
#1345 = EDGE_CURVE ( 'NONE', #4920, #10910, #6872, .T. ) ;
#1346 = VECTOR ( 'NONE', #4852, 999.9999999999998863 ) ;
#1347 = ORIENTED_EDGE ( 'NONE', *, *, #2746, .T. ) ;
#1348 = DIRECTION ( 'NONE',  ( 1.000000000000000000, 0.000000000000000000, -1.417974105143441988E-17 ) ) ;
#1349 = DIRECTION ( 'NONE',  ( -1.000000000000000000, 2.905650844594909648E-18, 7.014861676541880450E-18 ) ) ;
#1350 = AXIS2_PLACEMENT_3D ( 'NONE', #6159, #8107, #6895 ) ;
#1351 = DIRECTION ( 'NONE',  ( -7.592831564818948166E-18, -0.3826834323650878389, -0.9238795325112876267 ) ) ;
#1352 = LINE ( 'NONE', #127, #10895 ) ;
#1353 = VERTEX_POINT ( 'NONE', #9933 ) ;
#1354 = CIRCLE ( 'NONE', #1555, 1.750000000000001110 ) ;
#1355 = CIRCLE ( 'NONE', #3878, 1.000000000000000888 ) ;
#1356 = ORIENTED_EDGE ( 'NONE', *, *, #8891, .F. ) ;
#1357 = PLANE ( 'NONE',  #3869 ) ;
#1358 = DIRECTION ( 'NONE',  ( 0.000000000000000000, 0.3826834323650881720, 0.9238795325112874046 ) ) ;
#1359 = AXIS2_PLACEMENT_3D ( 'NONE', #181, #9011, #8222 ) ;
#1360 = TOROIDAL_SURFACE ( 'NONE', #6194, 1.300000000000000044, 0.2999999999999999889 ) ;
#1361 = CONICAL_SURFACE ( 'NONE', #9089, 1.850000000000001865, 1.308996938995731441 ) ;
#1362 = CARTESIAN_POINT ( 'NONE',  ( -78.79999999999999716, -16.49734884727964612, -1.284515866449597921 ) ) ;
#1363 = DIRECTION ( 'NONE',  ( -1.000000000000000000, 0.000000000000000000, 0.000000000000000000 ) ) ;
#1364 = EDGE_CURVE ( 'NONE', #3474, #5305, #5108, .T. ) ;
#1365 = CARTESIAN_POINT ( 'NONE',  ( -72.84391516214240880, -4.653393255275640072, 18.16338160177654970 ) ) ;
#1366 = CIRCLE ( 'NONE', #3049, 32.99999999999999289 ) ;
#1367 = DIRECTION ( 'NONE',  ( -1.000000000000000000, 2.905650844594899633E-18, 7.014861676541869665E-18 ) ) ;
#1368 = ORIENTED_EDGE ( 'NONE', *, *, #4556, .F. ) ;
#1369 = CIRCLE ( 'NONE', #8263, 1.249999999999987121 ) ;
#1370 = DIRECTION ( 'NONE',  ( -4.112988807310478308E-18, -0.9238795325112874046, 0.3826834323650881720 ) ) ;
#1371 = DIRECTION ( 'NONE',  ( -1.000000000000000000, 0.000000000000000000, 0.000000000000000000 ) ) ;
#1372 = AXIS2_PLACEMENT_3D ( 'NONE', #9656, #691, #9716 ) ;
#1373 = VERTEX_POINT ( 'NONE', #974 ) ;
#1374 = CARTESIAN_POINT ( 'NONE',  ( 6.599999999999999645, 0.000000000000000000, 0.000000000000000000 ) ) ;
#1375 = FACE_OUTER_BOUND ( 'NONE', #3622, .T. ) ;
#1376 = VECTOR ( 'NONE', #3725, 1000.000000000000000 ) ;
#1377 = VERTEX_POINT ( 'NONE', #7064 ) ;
#1378 = VERTEX_POINT ( 'NONE', #3126 ) ;
#1379 = DIRECTION ( 'NONE',  ( 1.000000000000000000, 0.000000000000000000, 0.000000000000000000 ) ) ;
#1380 = ADVANCED_FACE ( 'NONE', ( #12096 ), #7124, .F. ) ;
#1381 = DIRECTION ( 'NONE',  ( 0.000000000000000000, -0.7933533402912362753, -0.6087614290087191016 ) ) ;
#1382 = CARTESIAN_POINT ( 'NONE',  ( -63.70000000000000995, -41.48219100975703100, 17.18248611319203434 ) ) ;
#1383 = LINE ( 'NONE', #10293, #6118 ) ;
#1384 = CARTESIAN_POINT ( 'NONE',  ( -72.84391516214240880, -4.079368106728010090, 19.54920090054350013 ) ) ;
#1385 = ORIENTED_EDGE ( 'NONE', *, *, #3936, .T. ) ;
#1386 = DIRECTION ( 'NONE',  ( 7.592831564818957410E-18, 0.3826834323650886160, 0.9238795325112872936 ) ) ;
#1387 = DIRECTION ( 'NONE',  ( -1.000000000000000000, 0.000000000000000000, 0.000000000000000000 ) ) ;
#1388 = CIRCLE ( 'NONE', #5385, 2.049999999999999822 ) ;
#1389 = AXIS2_PLACEMENT_3D ( 'NONE', #5247, #9412, #4453 ) ;
#1390 = VERTEX_POINT ( 'NONE', #11126 ) ;
#1391 = EDGE_CURVE ( 'NONE', #9075, #10056, #6996, .T. ) ;
#1392 = EDGE_CURVE ( 'NONE', #9272, #5225, #4044, .T. ) ;
#1393 = CARTESIAN_POINT ( 'NONE',  ( 17.54641016151375155, -30.17848429061094961, 10.83538147223029924 ) ) ;
#1394 = CARTESIAN_POINT ( 'NONE',  ( 17.54641016151380128, 10.32496762055614070, -29.66807043893804874 ) ) ;
#1395 = DIRECTION ( 'NONE',  ( 1.000000000000000000, 0.000000000000000000, 0.000000000000000000 ) ) ;
#1396 = LINE ( 'NONE', #3233, #11747 ) ;
#1397 = EDGE_LOOP ( 'NONE', ( #10482, #11960, #10807, #1215 ) ) ;
#1398 = AXIS2_PLACEMENT_3D ( 'NONE', #8870, #4699, #6733 ) ;
#1399 = EDGE_CURVE ( 'NONE', #10910, #5904, #3521, .T. ) ;
#1400 = DIRECTION ( 'NONE',  ( -1.000000000000000000, 6.705557021117060106E-18, 5.440889002481110112E-18 ) ) ;
#1401 = EDGE_CURVE ( 'NONE', #431, #2748, #12707, .T. ) ;
#1402 = CYLINDRICAL_SURFACE ( 'NONE', #7672, 1.599999999999997202 ) ;
#1403 = ORIENTED_EDGE ( 'NONE', *, *, #600, .F. ) ;
#1404 = ORIENTED_EDGE ( 'NONE', *, *, #8293, .F. ) ;
#1405 = CIRCLE ( 'NONE', #7271, 1.749999999999999556 ) ;
#1406 = ORIENTED_EDGE ( 'NONE', *, *, #7571, .T. ) ;
#1407 = FACE_OUTER_BOUND ( 'NONE', #12945, .T. ) ;
#1408 = EDGE_LOOP ( 'NONE', ( #5934, #5449, #5222, #5018 ) ) ;
#1409 = ORIENTED_EDGE ( 'NONE', *, *, #6236, .T. ) ;
#1410 = DIRECTION ( 'NONE',  ( 3.104650516289588173E-16, 1.000000000000000000, 3.432150397220115203E-15 ) ) ;
#1411 = ORIENTED_EDGE ( 'NONE', *, *, #1448, .F. ) ;
#1412 = DIRECTION ( 'NONE',  ( 1.000000000000000000, 0.000000000000000000, 0.000000000000000000 ) ) ;
#1413 = ORIENTED_EDGE ( 'NONE', *, *, #1659, .F. ) ;
#1414 = VECTOR ( 'NONE', #11557, 1000.000000000000000 ) ;
#1415 = CARTESIAN_POINT ( 'NONE',  ( -78.79999999999999716, -4.415624253603974481, 14.81771785569506150 ) ) ;
#1416 = CIRCLE ( 'NONE', #12085, 1.000000000000000000 ) ;
#1417 = CARTESIAN_POINT ( 'NONE',  ( 14.09999999999999964, -11.86318640331920093, 28.64026550784825176 ) ) ;
#1418 = CARTESIAN_POINT ( 'NONE',  ( -73.59999999999999432, -8.097544146561439504, 9.848465809174969721 ) ) ;
#1419 = ORIENTED_EDGE ( 'NONE', *, *, #10731, .F. ) ;
#1420 = AXIS2_PLACEMENT_3D ( 'NONE', #6798, #11520, #775 ) ;
#1421 = VERTEX_POINT ( 'NONE', #5232 ) ;
#1422 = CARTESIAN_POINT ( 'NONE',  ( -73.59999999999999432, -12.39428389932959895, 22.99335179182930133 ) ) ;
#1423 = ADVANCED_FACE ( 'NONE', ( #12161 ), #2211, .F. ) ;
#1424 = DIRECTION ( 'NONE',  ( 0.000000000000000000, 1.000000000000000000, 0.000000000000000000 ) ) ;
#1425 = DIRECTION ( 'NONE',  ( -7.592831564818951247E-18, -0.3826834323650886160, -0.9238795325112872936 ) ) ;
#1426 = DIRECTION ( 'NONE',  ( -1.000000000000000000, 4.451867004922774877E-18, 0.000000000000000000 ) ) ;
#1427 = DIRECTION ( 'NONE',  ( 1.000000000000000000, -6.705557021117060106E-18, -5.440889002481110112E-18 ) ) ;
#1428 = FACE_OUTER_BOUND ( 'NONE', #4090, .T. ) ;
#1429 = ORIENTED_EDGE ( 'NONE', *, *, #12680, .T. ) ;
#1430 = CIRCLE ( 'NONE', #8748, 2.050000000000002043 ) ;
#1431 = DIRECTION ( 'NONE',  ( 0.000000000000000000, 0.000000000000000000, 1.000000000000000000 ) ) ;
#1432 = ADVANCED_FACE ( 'NONE', ( #8702 ), #8114, .F. ) ;
#1433 = FACE_OUTER_BOUND ( 'NONE', #3184, .T. ) ;
#1434 = ORIENTED_EDGE ( 'NONE', *, *, #7555, .F. ) ;
#1435 = LINE ( 'NONE', #11942, #5186 ) ;
#1436 = EDGE_CURVE ( 'NONE', #6562, #10713, #12914, .T. ) ;
#1437 = CARTESIAN_POINT ( 'NONE',  ( -11.90000000000000036, 36.80607966083849902, -22.85000000000029985 ) ) ;
#1438 = ORIENTED_EDGE ( 'NONE', *, *, #8533, .T. ) ;
#1439 = ORIENTED_EDGE ( 'NONE', *, *, #7118, .F. ) ;
#1440 = CARTESIAN_POINT ( 'NONE',  ( 6.599999999999999645, 1.642041500214240179E-12, -31.00000000000000000 ) ) ;
#1441 = DIRECTION ( 'NONE',  ( 0.000000000000000000, -0.9238795325112783008, 0.3826834323651103764 ) ) ;
#1442 = CARTESIAN_POINT ( 'NONE',  ( -56.21032168798580386, -19.28258568190119959, 6.363520206626110287 ) ) ;
#1443 = CARTESIAN_POINT ( 'NONE',  ( -11.50000000000000000, 5.683796335793679713E-15, -3.281541344489749607E-15 ) ) ;
#1444 = LINE ( 'NONE', #4344, #5967 ) ;
#1445 = ORIENTED_EDGE ( 'NONE', *, *, #12209, .F. ) ;
#1446 = CARTESIAN_POINT ( 'NONE',  ( 6.599999999999999645, 20.67031021678110037, 21.92031021678475255 ) ) ;
#1447 = CARTESIAN_POINT ( 'NONE',  ( -72.84391516214240880, 4.448338024599770790, -16.87467892491325117 ) ) ;
#1448 = EDGE_CURVE ( 'NONE', #12276, #6689, #12563, .T. ) ;
#1449 = EDGE_LOOP ( 'NONE', ( #8703, #5233 ) ) ;
#1450 = EDGE_CURVE ( 'NONE', #7821, #6572, #10673, .T. ) ;
#1451 = CARTESIAN_POINT ( 'NONE',  ( -43.91208468574653523, 44.71208468574655370, 1.540660714986521307E-13 ) ) ;
#1452 = FACE_OUTER_BOUND ( 'NONE', #11343, .T. ) ;
#1453 = DIRECTION ( 'NONE',  ( 8.358097092242370159E-18, 0.9099612708765432156, 0.4146932426562390805 ) ) ;
#1454 = DIRECTION ( 'NONE',  ( -4.112988807310475227E-18, -0.9238795325112871826, 0.3826834323650885605 ) ) ;
#1455 = EDGE_LOOP ( 'NONE', ( #943, #7901, #12936, #8524 ) ) ;
#1456 = DIRECTION ( 'NONE',  ( -1.000000000000000000, 2.905650844594909648E-18, 7.014861676541880450E-18 ) ) ;
#1457 = VERTEX_POINT ( 'NONE', #7719 ) ;
#1458 = CARTESIAN_POINT ( 'NONE',  ( -59.50000000000000000, -21.92031021678445057, 21.92031021678135261 ) ) ;
#1459 = ORIENTED_EDGE ( 'NONE', *, *, #11574, .T. ) ;
#1460 = VERTEX_POINT ( 'NONE', #8571 ) ;
#1461 = VECTOR ( 'NONE', #8451, 1000.000000000000000 ) ;
#1462 = VECTOR ( 'NONE', #5310, 1000.000000000000000 ) ;
#1463 = VERTEX_POINT ( 'NONE', #1702 ) ;
#1464 = DIRECTION ( 'NONE',  ( -4.112988807310478308E-18, -0.9238795325112874046, 0.3826834323650881720 ) ) ;
#1465 = AXIS2_PLACEMENT_3D ( 'NONE', #2469, #4303, #2276 ) ;
#1466 = EDGE_LOOP ( 'NONE', ( #3258, #3929, #10554, #8190 ) ) ;
#1467 = ORIENTED_EDGE ( 'NONE', *, *, #3536, .F. ) ;
#1468 = DIRECTION ( 'NONE',  ( 1.000000000000000000, 0.000000000000000000, 0.000000000000000000 ) ) ;
#1469 = ORIENTED_EDGE ( 'NONE', *, *, #7400, .F. ) ;
#1470 = DIRECTION ( 'NONE',  ( 7.592831564818952788E-18, 0.3826834323650881720, 0.9238795325112874046 ) ) ;
#1471 = EDGE_LOOP ( 'NONE', ( #9850, #12143 ) ) ;
#1472 = ORIENTED_EDGE ( 'NONE', *, *, #9881, .T. ) ;
#1473 = VECTOR ( 'NONE', #463, 1000.000000000000000 ) ;
#1474 = FACE_OUTER_BOUND ( 'NONE', #6781, .T. ) ;
#1475 = CIRCLE ( 'NONE', #7752, 1.850000000000000311 ) ;
#1476 = EDGE_CURVE ( 'NONE', #10386, #11443, #6627, .T. ) ;
#1477 = CARTESIAN_POINT ( 'NONE',  ( -73.29999999999999716, 9.817109522774901009, -14.42798879323981964 ) ) ;
#1478 = CIRCLE ( 'NONE', #10899, 1.599999999999997202 ) ;
#1479 = CARTESIAN_POINT ( 'NONE',  ( 6.599999999999999645, -11.86318640331823993, 28.64026550784970127 ) ) ;
#1480 = EDGE_LOOP ( 'NONE', ( #882, #5112, #7152, #4431 ) ) ;
#1481 = ADVANCED_FACE ( 'NONE', ( #7595 ), #11535, .F. ) ;
#1482 = ADVANCED_FACE ( 'NONE', ( #9617 ), #11593, .F. ) ;
#1483 = EDGE_LOOP ( 'NONE', ( #12473, #6896, #10312, #5033 ) ) ;
#1484 = LINE ( 'NONE', #7390, #3649 ) ;
#1485 = VECTOR ( 'NONE', #9978, 1000.000000000000000 ) ;
#1486 = EDGE_CURVE ( 'NONE', #7885, #10061, #4864, .T. ) ;
#1487 = FACE_BOUND ( 'NONE', #8552, .T. ) ;
#1488 = VECTOR ( 'NONE', #5389, 1000.000000000000000 ) ;
#1489 = EDGE_CURVE ( 'NONE', #1528, #5467, #1565, .T. ) ;
#1490 = VECTOR ( 'NONE', #1267, 1000.000000000000000 ) ;
#1491 = DIRECTION ( 'NONE',  ( -7.592831564818952788E-18, -0.3826834323650881720, -0.9238795325112874046 ) ) ;
#1492 = FACE_BOUND ( 'NONE', #8290, .T. ) ;
#1493 = DIRECTION ( 'NONE',  ( 1.000000000000000000, 0.000000000000000000, 0.000000000000000000 ) ) ;
#1494 = EDGE_LOOP ( 'NONE', ( #10108, #8872, #8798, #9554 ) ) ;
#1495 = CARTESIAN_POINT ( 'NONE',  ( -14.90000000000000036, 42.50000000000000000, 0.000000000000000000 ) ) ;
#1496 = EDGE_CURVE ( 'NONE', #10092, #9595, #11721, .T. ) ;
#1497 = AXIS2_PLACEMENT_3D ( 'NONE', #11239, #2062, #9123 ) ;
#1498 = CARTESIAN_POINT ( 'NONE',  ( -72.84391516214240880, -16.04946234676810235, 8.942718551623828560 ) ) ;
#1499 = EDGE_LOOP ( 'NONE', ( #3560, #8212 ) ) ;
#1500 = AXIS2_PLACEMENT_3D ( 'NONE', #5205, #11292, #5458 ) ;
#1501 = DIRECTION ( 'NONE',  ( 0.5150380749100560429, -0.8571673007021111124, -8.211731712495831096E-14 ) ) ;
#1502 = CARTESIAN_POINT ( 'NONE',  ( -73.40000000000000568, 1.019234904488324013E-14, 5.266018448560029681E-15 ) ) ;
#1503 = ORIENTED_EDGE ( 'NONE', *, *, #6116, .F. ) ;
#1504 = ORIENTED_EDGE ( 'NONE', *, *, #4182, .T. ) ;
#1505 = EDGE_CURVE ( 'NONE', #7744, #1054, #6688, .T. ) ;
#1506 = PLANE ( 'NONE',  #235 ) ;
#1507 = CIRCLE ( 'NONE', #10503, 35.00000000000000711 ) ;
#1508 = FACE_OUTER_BOUND ( 'NONE', #8256, .T. ) ;
#1509 = CARTESIAN_POINT ( 'NONE',  ( 17.54641016151380128, 23.45852899954130066, 22.94811514786729845 ) ) ;
#1510 = PLANE ( 'NONE',  #3386 ) ;
#1511 = AXIS2_PLACEMENT_3D ( 'NONE', #5384, #1238, #12305 ) ;
#1512 = DIRECTION ( 'NONE',  ( 1.000000000000000000, 0.000000000000000000, 0.000000000000000000 ) ) ;
#1513 = ORIENTED_EDGE ( 'NONE', *, *, #10263, .F. ) ;
#1514 = DIRECTION ( 'NONE',  ( -1.579784224483935758E-16, -0.5000000000000069944, 0.8660254037844344888 ) ) ;
#1515 = FACE_OUTER_BOUND ( 'NONE', #2043, .T. ) ;
#1516 = VERTEX_POINT ( 'NONE', #2753 ) ;
#1517 = CARTESIAN_POINT ( 'NONE',  ( -72.84391516214240880, -8.196486320422168959, 5.689909376520580153 ) ) ;
#1518 = LINE ( 'NONE', #12328, #8813 ) ;
#1519 = FACE_OUTER_BOUND ( 'NONE', #2350, .T. ) ;
#1520 = DIRECTION ( 'NONE',  ( 0.000000000000000000, -0.9238795325112789669, 0.3826834323651084890 ) ) ;
#1521 = ORIENTED_EDGE ( 'NONE', *, *, #11331, .T. ) ;
#1522 = EDGE_CURVE ( 'NONE', #3093, #10760, #3318, .T. ) ;
#1523 = LINE ( 'NONE', #12584, #2265 ) ;
#1524 = VERTEX_POINT ( 'NONE', #1762 ) ;
#1525 = ADVANCED_FACE ( 'NONE', ( #8636 ), #5775, .F. ) ;
#1526 = CARTESIAN_POINT ( 'NONE',  ( -73.59999999999999432, -8.236826003028799192, 21.27127634618639718 ) ) ;
#1527 = ORIENTED_EDGE ( 'NONE', *, *, #2060, .F. ) ;
#1528 = VERTEX_POINT ( 'NONE', #12623 ) ;
#1529 = ORIENTED_EDGE ( 'NONE', *, *, #12599, .T. ) ;
#1530 = LINE ( 'NONE', #5539, #3271 ) ;
#1531 = ORIENTED_EDGE ( 'NONE', *, *, #11463, .F. ) ;
#1532 = VERTEX_POINT ( 'NONE', #9559 ) ;
#1533 = CARTESIAN_POINT ( 'NONE',  ( 17.54641016151380128, 10.32496762055670025, 27.61246057676180143 ) ) ;
#1534 = ORIENTED_EDGE ( 'NONE', *, *, #2456, .F. ) ;
#1535 = DIRECTION ( 'NONE',  ( 0.000000000000000000, 1.000000000000000000, 9.575673587392073611E-14 ) ) ;
#1536 = EDGE_CURVE ( 'NONE', #2435, #3968, #4373, .T. ) ;
#1537 = ORIENTED_EDGE ( 'NONE', *, *, #12073, .F. ) ;
#1538 = DIRECTION ( 'NONE',  ( -1.000000000000000000, 2.905650844594949708E-18, 7.014861676541880450E-18 ) ) ;
#1539 = CARTESIAN_POINT ( 'NONE',  ( 14.10000000000099973, -21.92031021678345226, -21.92031021678255343 ) ) ;
#1540 = DIRECTION ( 'NONE',  ( 1.000000000000000000, -6.322502648911719004E-17, 9.462293898829198836E-17 ) ) ;
#1541 = ORIENTED_EDGE ( 'NONE', *, *, #3366, .F. ) ;
#1542 = VERTEX_POINT ( 'NONE', #4796 ) ;
#1543 = CARTESIAN_POINT ( 'NONE',  ( -73.29999999999999716, 18.46382088825699697, -21.50263348378874895 ) ) ;
#1544 = EDGE_CURVE ( 'NONE', #11030, #4438, #594, .T. ) ;
#1545 = FACE_OUTER_BOUND ( 'NONE', #11247, .T. ) ;
#1546 = ADVANCED_FACE ( 'NONE', ( #11663, #3800 ), #2689, .T. ) ;
#1547 = CARTESIAN_POINT ( 'NONE',  ( 17.54641016151380128, 32.53821878275815038, 1.027804931084203899 ) ) ;
#1548 = CARTESIAN_POINT ( 'NONE',  ( 17.54641016151375155, -21.92031021678445057, 21.92031021678135261 ) ) ;
#1549 = AXIS2_PLACEMENT_3D ( 'NONE', #2897, #133, #7322 ) ;
#1550 = CARTESIAN_POINT ( 'NONE',  ( 6.599999999999999645, -3.301963206785260407E-12, 34.42296358256754729 ) ) ;
#1551 = EDGE_LOOP ( 'NONE', ( #1385, #783, #625, #965 ) ) ;
#1552 = EDGE_CURVE ( 'NONE', #4967, #4429, #12603, .T. ) ;
#1553 = DIRECTION ( 'NONE',  ( 1.000000000000000000, -1.984102504227365030E-17, 0.000000000000000000 ) ) ;
#1554 = EDGE_CURVE ( 'NONE', #8773, #9083, #12928, .T. ) ;
#1555 = AXIS2_PLACEMENT_3D ( 'NONE', #1079, #11054, #2070 ) ;
#1556 = AXIS2_PLACEMENT_3D ( 'NONE', #3077, #2284, #12172 ) ;
#1557 = DIRECTION ( 'NONE',  ( -1.000000000000000000, 0.000000000000000000, 0.000000000000000000 ) ) ;
#1558 = ORIENTED_EDGE ( 'NONE', *, *, #10525, .T. ) ;
#1559 = LINE ( 'NONE', #5576, #8108 ) ;
#1560 = CARTESIAN_POINT ( 'NONE',  ( 5.599999999999999645, 35.00000000000000000, 3.361600690263492213E-12 ) ) ;
#1561 = AXIS2_PLACEMENT_3D ( 'NONE', #5826, #1027, #1950 ) ;
#1562 = VECTOR ( 'NONE', #8514, 1000.000000000000000 ) ;
#1563 = VECTOR ( 'NONE', #11776, 1000.000000000000000 ) ;
#1564 = VERTEX_POINT ( 'NONE', #5687 ) ;
#1565 = LINE ( 'NONE', #8828, #9583 ) ;
#1566 = ORIENTED_EDGE ( 'NONE', *, *, #1897, .F. ) ;
#1567 = CARTESIAN_POINT ( 'NONE',  ( -72.84391516214240880, 14.81125231420470101, -16.74251344204130021 ) ) ;
#1568 = EDGE_CURVE ( 'NONE', #903, #2657, #8332, .T. ) ;
#1569 = VECTOR ( 'NONE', #3664, 1000.000000000000000 ) ;
#1570 = LINE ( 'NONE', #3413, #2360 ) ;
#1571 = DIRECTION ( 'NONE',  ( 0.000000000000000000, 1.000000000000000000, 9.714451465470232062E-14 ) ) ;
#1572 = AXIS2_PLACEMENT_3D ( 'NONE', #5522, #9495, #4541 ) ;
#1573 = LINE ( 'NONE', #6633, #4874 ) ;
#1574 = DIRECTION ( 'NONE',  ( 1.000000000000000000, -1.552325258144794826E-16, 6.264279228234948811E-17 ) ) ;
#1575 = ORIENTED_EDGE ( 'NONE', *, *, #8051, .T. ) ;
#1576 = ADVANCED_FACE ( 'NONE', ( #9597 ), #6728, .F. ) ;
#1577 = AXIS2_PLACEMENT_3D ( 'NONE', #10043, #1997, #8269 ) ;
#1578 = CYLINDRICAL_SURFACE ( 'NONE', #6705, 1.750000000000001110 ) ;
#1579 = AXIS2_PLACEMENT_3D ( 'NONE', #1878, #9864, #5823 ) ;
#1580 = CIRCLE ( 'NONE', #1786, 1.599999999999999423 ) ;
#1581 = DIRECTION ( 'NONE',  ( 1.000000000000000000, -1.984102504227365030E-17, 0.000000000000000000 ) ) ;
#1582 = AXIS2_PLACEMENT_3D ( 'NONE', #11592, #467, #1634 ) ;
#1583 = AXIS2_PLACEMENT_3D ( 'NONE', #11146, #7331, #2232 ) ;
#1584 = ORIENTED_EDGE ( 'NONE', *, *, #6579, .F. ) ;
#1585 = CARTESIAN_POINT ( 'NONE',  ( -73.59999999999999432, -18.01448433965229867, -11.48001977247520067 ) ) ;
#1586 = VECTOR ( 'NONE', #660, 1000.000000000000227 ) ;
#1587 = AXIS2_PLACEMENT_3D ( 'NONE', #6065, #9058, #4089 ) ;
#1588 = ADVANCED_FACE ( 'NONE', ( #10718 ), #9535, .F. ) ;
#1589 = VECTOR ( 'NONE', #1803, 1000.000000000000000 ) ;
#1590 = DIRECTION ( 'NONE',  ( -1.000000000000000000, 0.000000000000000000, 0.000000000000000000 ) ) ;
#1591 = DIRECTION ( 'NONE',  ( 1.000000000000000000, 0.000000000000000000, 0.000000000000000000 ) ) ;
#1592 = FACE_OUTER_BOUND ( 'NONE', #9146, .T. ) ;
#1593 = ORIENTED_EDGE ( 'NONE', *, *, #9139, .F. ) ;
#1594 = DIRECTION ( 'NONE',  ( 0.000000000000000000, -0.8314696123025475671, -0.5555702330195986249 ) ) ;
#1595 = ORIENTED_EDGE ( 'NONE', *, *, #7430, .T. ) ;
#1596 = DIRECTION ( 'NONE',  ( -1.000000000000000000, 6.322502648911719004E-17, -9.462293898829198836E-17 ) ) ;
#1597 = ORIENTED_EDGE ( 'NONE', *, *, #11940, .F. ) ;
#1598 = AXIS2_PLACEMENT_3D ( 'NONE', #8669, #11208, #7326 ) ;
#1599 = ORIENTED_EDGE ( 'NONE', *, *, #10794, .F. ) ;
#1600 = DIRECTION ( 'NONE',  ( 0.000000000000000000, -0.9238795325112788559, 0.3826834323651088221 ) ) ;
#1601 = VERTEX_POINT ( 'NONE', #5748 ) ;
#1602 = EDGE_LOOP ( 'NONE', ( #2828, #7278, #10519, #7596 ) ) ;
#1603 = EDGE_CURVE ( 'NONE', #595, #11475, #9724, .T. ) ;
#1604 = LINE ( 'NONE', #4432, #8895 ) ;
#1605 = ORIENTED_EDGE ( 'NONE', *, *, #349, .T. ) ;
#1606 = VERTEX_POINT ( 'NONE', #4571 ) ;
#1607 = CARTESIAN_POINT ( 'NONE',  ( -73.59999999999999432, -12.24140380577454046, 5.070555478837420083 ) ) ;
#1608 = ORIENTED_EDGE ( 'NONE', *, *, #6880, .T. ) ;
#1609 = AXIS2_PLACEMENT_3D ( 'NONE', #2329, #2458, #3372 ) ;
#1610 = DIRECTION ( 'NONE',  ( 0.000000000000000000, 0.8314696123025483443, 0.5555702330195975147 ) ) ;
#1611 = EDGE_LOOP ( 'NONE', ( #3701, #6342, #4495, #7572 ) ) ;
#1612 = FACE_OUTER_BOUND ( 'NONE', #5057, .T. ) ;
#1613 = CARTESIAN_POINT ( 'NONE',  ( -15.10000000000000142, 6.066901297475659103E-15, -3.502727097264869114E-15 ) ) ;
#1614 = VECTOR ( 'NONE', #2781, 1000.000000000000227 ) ;
#1615 = PLANE ( 'NONE',  #8570 ) ;
#1616 = ORIENTED_EDGE ( 'NONE', *, *, #2577, .F. ) ;
#1617 = EDGE_CURVE ( 'NONE', #823, #4712, #7292, .T. ) ;
#1618 = ORIENTED_EDGE ( 'NONE', *, *, #9878, .F. ) ;
#1619 = CARTESIAN_POINT ( 'NONE',  ( 6.600000000000989964, 28.64026550784949876, -11.86318640331868046 ) ) ;
#1620 = LINE ( 'NONE', #3524, #12236 ) ;
#1621 = TOROIDAL_SURFACE ( 'NONE', #8445, 1.300000000000000044, 0.2999999999999999889 ) ;
#1622 = LINE ( 'NONE', #641, #11270 ) ;
#1623 = VECTOR ( 'NONE', #5454, 999.9999999999998863 ) ;
#1624 = ADVANCED_FACE ( 'NONE', ( #12731 ), #4633, .F. ) ;
#1625 = LINE ( 'NONE', #2547, #7582 ) ;
#1626 = FACE_OUTER_BOUND ( 'NONE', #912, .T. ) ;
#1627 = ORIENTED_EDGE ( 'NONE', *, *, #5308, .F. ) ;
#1628 = DIRECTION ( 'NONE',  ( 0.000000000000000000, -0.9238795325112874046, 0.3826834323650882275 ) ) ;
#1629 = LINE ( 'NONE', #11527, #9229 ) ;
#1630 = ADVANCED_FACE ( 'NONE', ( #2727 ), #5427, .F. ) ;
#1631 = VERTEX_POINT ( 'NONE', #5815 ) ;
#1632 = AXIS2_PLACEMENT_3D ( 'NONE', #9856, #12930, #7110 ) ;
#1633 = CARTESIAN_POINT ( 'NONE',  ( 17.54641016151380128, 28.64026550784820202, -11.86318640331981911 ) ) ;
#1634 = DIRECTION ( 'NONE',  ( 0.000000000000000000, 0.000000000000000000, -1.000000000000000000 ) ) ;
#1635 = PRODUCT_DEFINITION ( '鏈', '', #3484, #6548 ) ;
#1636 = DIRECTION ( 'NONE',  ( 1.000000000000000000, 0.000000000000000000, 0.000000000000000000 ) ) ;
#1637 = ORIENTED_EDGE ( 'NONE', *, *, #11463, .T. ) ;
#1638 = DIRECTION ( 'NONE',  ( 1.000000000000000000, 0.000000000000000000, 0.000000000000000000 ) ) ;
#1639 = EDGE_CURVE ( 'NONE', #3968, #7076, #2275, .T. ) ;
#1640 = DIRECTION ( 'NONE',  ( 1.000000000000000000, -2.905650844594909648E-18, -7.014861676541880450E-18 ) ) ;
#1641 = CARTESIAN_POINT ( 'NONE',  ( 17.54641016151380128, -11.86318640331978003, -28.64026550785144920 ) ) ;
#1642 = CIRCLE ( 'NONE', #12716, 1.000000000000000000 ) ;
#1643 = CARTESIAN_POINT ( 'NONE',  ( -11.90000000000001101, -36.80607966083859850, 22.84999999999999787 ) ) ;
#1644 = CARTESIAN_POINT ( 'NONE',  ( -73.59999999999999432, -8.223227765941111045, 14.77129057020593983 ) ) ;
#1645 = ORIENTED_EDGE ( 'NONE', *, *, #11780, .T. ) ;
#1646 = DIRECTION ( 'NONE',  ( 0.000000000000000000, -0.9238795325112870716, 0.3826834323650889491 ) ) ;
#1647 = PLANE ( 'NONE',  #6304 ) ;
#1648 = EDGE_CURVE ( 'NONE', #6472, #5610, #1642, .T. ) ;
#1649 = ORIENTED_EDGE ( 'NONE', *, *, #6305, .F. ) ;
#1650 = FACE_OUTER_BOUND ( 'NONE', #2079, .T. ) ;
#1651 = EDGE_CURVE ( 'NONE', #2486, #5374, #7700, .T. ) ;
#1652 = CARTESIAN_POINT ( 'NONE',  ( 6.599999999999999645, 28.64026550784895164, 11.86318640332005891 ) ) ;
#1653 = LINE ( 'NONE', #1854, #4709 ) ;
#1654 = DIRECTION ( 'NONE',  ( 1.000000000000000000, 0.000000000000000000, 0.000000000000000000 ) ) ;
#1655 = LINE ( 'NONE', #2709, #4831 ) ;
#1656 = VERTEX_POINT ( 'NONE', #12670 ) ;
#1657 = DIRECTION ( 'NONE',  ( -1.579784224483885715E-16, -1.000000000000000000, -1.047444401652940007E-14 ) ) ;
#1658 = VERTEX_POINT ( 'NONE', #6535 ) ;
#1659 = EDGE_CURVE ( 'NONE', #12503, #4037, #1430, .T. ) ;
#1660 = EDGE_LOOP ( 'NONE', ( #12316, #3112, #7617, #9451 ) ) ;
#1661 = FACE_OUTER_BOUND ( 'NONE', #10316, .T. ) ;
#1662 = EDGE_LOOP ( 'NONE', ( #10894, #568, #5490, #4367 ) ) ;
#1663 = EDGE_LOOP ( 'NONE', ( #7185, #1738, #12608, #9428 ) ) ;
#1664 = DIRECTION ( 'NONE',  ( 1.000000000000000000, 0.000000000000000000, 0.000000000000000000 ) ) ;
#1665 = VERTEX_POINT ( 'NONE', #3517 ) ;
#1666 = ORIENTED_EDGE ( 'NONE', *, *, #3306, .F. ) ;
#1667 = CARTESIAN_POINT ( 'NONE',  ( -63.48791531425352019, -44.71208468574653239, -1.571248752918540517E-13 ) ) ;
#1668 = VERTEX_POINT ( 'NONE', #7508 ) ;
#1669 = DIRECTION ( 'NONE',  ( -1.000000000000000000, 0.000000000000000000, 0.000000000000000000 ) ) ;
#1670 = EDGE_CURVE ( 'NONE', #5860, #10116, #12104, .T. ) ;
#1671 = CARTESIAN_POINT ( 'NONE',  ( 6.600000000000989964, -29.38321081810529734, -0.6696960066381980603 ) ) ;
#1672 = AXIS2_PLACEMENT_3D ( 'NONE', #254, #117, #9341 ) ;
#1673 = ORIENTED_EDGE ( 'NONE', *, *, #8918, .F. ) ;
#1674 = CARTESIAN_POINT ( 'NONE',  ( 17.60000000000000142, 30.99999999999844746, -2.051187828531464886E-12 ) ) ;
#1675 = CARTESIAN_POINT ( 'NONE',  ( 17.60000000000000142, 28.64026550784845071, 11.86318640331580099 ) ) ;
#1676 = AXIS2_PLACEMENT_3D ( 'NONE', #10087, #2235, #9227 ) ;
#1677 = CIRCLE ( 'NONE', #12550, 1.599999999999999423 ) ;
#1678 = DIRECTION ( 'NONE',  ( 1.000000000000000000, -1.067925513466054003E-16, 6.551204957150059656E-17 ) ) ;
#1679 = ORIENTED_EDGE ( 'NONE', *, *, #5290, .T. ) ;
#1680 = CIRCLE ( 'NONE', #1465, 1.600000000000000755 ) ;
#1681 = ORIENTED_EDGE ( 'NONE', *, *, #5650, .F. ) ;
#1682 = CARTESIAN_POINT ( 'NONE',  ( 6.599999999999999645, -29.89026550785019865, 11.86318640331690055 ) ) ;
#1683 = CARTESIAN_POINT ( 'NONE',  ( -72.84391516214240880, -16.04946234676810235, 8.942718551623828560 ) ) ;
#1684 = AXIS2_PLACEMENT_3D ( 'NONE', #8182, #12183, #11215 ) ;
#1685 = DIRECTION ( 'NONE',  ( -1.000000000000000000, 0.000000000000000000, -1.074775770116589937E-17 ) ) ;
#1686 = CIRCLE ( 'NONE', #2322, 1.250000000000001110 ) ;
#1687 = ORIENTED_EDGE ( 'NONE', *, *, #2407, .F. ) ;
#1688 = DIRECTION ( 'NONE',  ( 0.000000000000000000, 1.000000000000000000, 0.000000000000000000 ) ) ;
#1689 = AXIS2_PLACEMENT_3D ( 'NONE', #8141, #5871, #9852 ) ;
#1690 = DIRECTION ( 'NONE',  ( 1.000000000000000000, -6.322502648911709143E-17, 9.462293898829198836E-17 ) ) ;
#1691 = ORIENTED_EDGE ( 'NONE', *, *, #11028, .T. ) ;
#1692 = EDGE_CURVE ( 'NONE', #3436, #9861, #7573, .T. ) ;
#1693 = DIRECTION ( 'NONE',  ( 0.000000000000000000, -0.9238795325112789669, 0.3826834323651084890 ) ) ;
#1694 = DIRECTION ( 'NONE',  ( -6.705557021117060106E-18, -1.000000000000000000, 0.000000000000000000 ) ) ;
#1695 = ADVANCED_FACE ( 'NONE', ( #1612, #5624 ), #8017, .T. ) ;
#1696 = ORIENTED_EDGE ( 'NONE', *, *, #2333, .T. ) ;
#1697 = CIRCLE ( 'NONE', #1272, 1.850000000000000311 ) ;
#1698 = LINE ( 'NONE', #592, #10405 ) ;
#1699 = VECTOR ( 'NONE', #5640, 1000.000000000000000 ) ;
#1700 = CARTESIAN_POINT ( 'NONE',  ( -78.79999999999999716, -13.38945410286980042, 2.298916881303564974 ) ) ;
#1701 = AXIS2_PLACEMENT_3D ( 'NONE', #7550, #1783, #3751 ) ;
#1702 = CARTESIAN_POINT ( 'NONE',  ( -73.59999999999999432, 17.43442502845830333, -20.65390257011275210 ) ) ;
#1703 = VERTEX_POINT ( 'NONE', #11053 ) ;
#1704 = CARTESIAN_POINT ( 'NONE',  ( -59.50000000000000000, -11.86318640331978003, -28.64026550785144920 ) ) ;
#1705 = DIRECTION ( 'NONE',  ( 0.000000000000000000, 1.000000000000000000, 0.000000000000000000 ) ) ;
#1706 = DIRECTION ( 'NONE',  ( 0.000000000000000000, 0.9238795325112917345, -0.3826834323650779024 ) ) ;
#1707 = DIRECTION ( 'NONE',  ( 1.000000000000000000, 0.000000000000000000, 0.000000000000000000 ) ) ;
#1708 = DIRECTION ( 'NONE',  ( 1.000000000000000000, -6.322502648911699282E-17, 9.462293898829198836E-17 ) ) ;
#1709 = VERTEX_POINT ( 'NONE', #5938 ) ;
#1710 = PLANE ( 'NONE',  #7738 ) ;
#1711 = MECHANICAL_DESIGN_GEOMETRIC_PRESENTATION_REPRESENTATION (  '', ( #6951 ), #2346 ) ;
#1712 = LINE ( 'NONE', #9439, #3994 ) ;
#1713 = VERTEX_POINT ( 'NONE', #2919 ) ;
#1714 = CIRCLE ( 'NONE', #4445, 1.000000000000000000 ) ;
#1715 = CARTESIAN_POINT ( 'NONE',  ( 5.599999999999999645, -21.25000000000000000, 38.40607966083884151 ) ) ;
#1716 = EDGE_CURVE ( 'NONE', #9714, #236, #12916, .T. ) ;
#1717 = VECTOR ( 'NONE', #4454, 1000.000000000000227 ) ;
#1718 = DIRECTION ( 'NONE',  ( -1.000000000000000000, 0.000000000000000000, 0.000000000000000000 ) ) ;
#1719 = FACE_OUTER_BOUND ( 'NONE', #11163, .T. ) ;
#1720 = EDGE_CURVE ( 'NONE', #10282, #3118, #11110, .T. ) ;
#1721 = CARTESIAN_POINT ( 'NONE',  ( 17.54641016151380128, 13.40140518607555897, -27.61246057676554955 ) ) ;
#1722 = CARTESIAN_POINT ( 'NONE',  ( -1.899999999999999911, -23.17031021678339897, 21.92031021678235092 ) ) ;
#1723 = VERTEX_POINT ( 'NONE', #2002 ) ;
#1724 = LINE ( 'NONE', #11494, #2049 ) ;
#1725 = CIRCLE ( 'NONE', #679, 26.99999999999999645 ) ;
#1726 = ORIENTED_EDGE ( 'NONE', *, *, #7196, .F. ) ;
#1727 = EDGE_CURVE ( 'NONE', #8811, #1758, #3115, .T. ) ;
#1728 = DIRECTION ( 'NONE',  ( 1.000000000000000000, -6.123233995737139512E-17, 6.413747168845830273E-31 ) ) ;
#1729 = ORIENTED_EDGE ( 'NONE', *, *, #7267, .F. ) ;
#1730 = EDGE_CURVE ( 'NONE', #11797, #2424, #6922, .T. ) ;
#1731 = AXIS2_PLACEMENT_3D ( 'NONE', #5761, #2021, #12880 ) ;
#1732 = FACE_OUTER_BOUND ( 'NONE', #6316, .T. ) ;
#1733 = ORIENTED_EDGE ( 'NONE', *, *, #2973, .F. ) ;
#1734 = DIRECTION ( 'NONE',  ( 1.000000000000000000, -6.705557021117060106E-18, -5.440889002481110112E-18 ) ) ;
#1735 = VERTEX_POINT ( 'NONE', #7823 ) ;
#1736 = ORIENTED_EDGE ( 'NONE', *, *, #9644, .T. ) ;
#1737 = CARTESIAN_POINT ( 'NONE',  ( -1.899999999999999911, -20.67031021678344871, 21.92031021678259961 ) ) ;
#1738 = ORIENTED_EDGE ( 'NONE', *, *, #6136, .T. ) ;
#1739 = DIRECTION ( 'NONE',  ( -1.000000000000000000, 0.000000000000000000, 0.000000000000000000 ) ) ;
#1740 = EDGE_CURVE ( 'NONE', #10668, #12734, #805, .T. ) ;
#1741 = VERTEX_POINT ( 'NONE', #10917 ) ;
#1742 = DIRECTION ( 'NONE',  ( -1.000000000000000000, 0.000000000000000000, 0.000000000000000000 ) ) ;
#1743 = CARTESIAN_POINT ( 'NONE',  ( 5.599999999999999645, 42.50000000000000000, 3.429011037612799803E-16 ) ) ;
#1744 = LINE ( 'NONE', #7898, #4128 ) ;
#1745 = ORIENTED_EDGE ( 'NONE', *, *, #11870, .F. ) ;
#1746 = ORIENTED_EDGE ( 'NONE', *, *, #9497, .F. ) ;
#1747 = ADVANCED_FACE ( 'NONE', ( #10110 ), #3308, .T. ) ;
#1748 = ORIENTED_EDGE ( 'NONE', *, *, #11994, .F. ) ;
#1749 = DIRECTION ( 'NONE',  ( 7.592831564818948166E-18, 0.3826834323650878389, 0.9238795325112876267 ) ) ;
#1750 = EDGE_CURVE ( 'NONE', #12807, #6048, #8115, .T. ) ;
#1751 = CYLINDRICAL_SURFACE ( 'NONE', #6812, 1.249999999999985567 ) ;
#1752 = LINE ( 'NONE', #7645, #1563 ) ;
#1753 = DIRECTION ( 'NONE',  ( 0.000000000000000000, 0.8314696123025475671, 0.5555702330195986249 ) ) ;
#1754 = DIRECTION ( 'NONE',  ( 1.000000000000000000, 0.000000000000000000, 0.000000000000000000 ) ) ;
#1755 = VERTEX_POINT ( 'NONE', #6069 ) ;
#1756 = DIRECTION ( 'NONE',  ( 1.000000000000000000, -1.984102504227365030E-17, 0.000000000000000000 ) ) ;
#1757 = CARTESIAN_POINT ( 'NONE',  ( -73.40000000000000568, 1.019234904488324013E-14, 5.266018448560029681E-15 ) ) ;
#1758 = VERTEX_POINT ( 'NONE', #9990 ) ;
#1759 = DIRECTION ( 'NONE',  ( 0.000000000000000000, 0.9238795325112916235, -0.3826834323650783465 ) ) ;
#1760 = CARTESIAN_POINT ( 'NONE',  ( 17.60000000000000142, -28.64026550785125380, 11.86318640331655949 ) ) ;
#1761 = EDGE_CURVE ( 'NONE', #9096, #10986, #4033, .T. ) ;
#1762 = CARTESIAN_POINT ( 'NONE',  ( 14.10000000000099973, -29.46178121724189225, 1.027804931085037010 ) ) ;
#1763 = VERTEX_POINT ( 'NONE', #1941 ) ;
#1764 = CARTESIAN_POINT ( 'NONE',  ( -65.00000000000000000, 41.48219100975696705, -17.18248611319200592 ) ) ;
#1765 = LINE ( 'NONE', #9756, #542 ) ;
#1766 = CARTESIAN_POINT ( 'NONE',  ( -72.84391516214240880, 8.747006983318289741, 7.741989180407549576 ) ) ;
#1767 = DIRECTION ( 'NONE',  ( 1.156482317317993998E-16, 0.8660254037844211661, -0.5000000000000301981 ) ) ;
#1768 = LINE ( 'NONE', #4597, #6606 ) ;
#1769 = ORIENTED_EDGE ( 'NONE', *, *, #8759, .T. ) ;
#1770 = CIRCLE ( 'NONE', #4705, 1.000000000000000000 ) ;
#1771 = DIRECTION ( 'NONE',  ( 1.000000000000000000, -6.705557021117060106E-18, -5.440889002481110112E-18 ) ) ;
#1772 = DIRECTION ( 'NONE',  ( -9.077766515988411834E-34, 0.9238795325112915124, -0.3826834323650782910 ) ) ;
#1773 = AXIS2_PLACEMENT_3D ( 'NONE', #8195, #999, #4071 ) ;
#1774 = CIRCLE ( 'NONE', #8463, 1.000000000000000666 ) ;
#1775 = VERTEX_POINT ( 'NONE', #2988 ) ;
#1776 = AXIS2_PLACEMENT_3D ( 'NONE', #1916, #11031, #4068 ) ;
#1777 = ADVANCED_FACE ( 'NONE', ( #1077 ), #5093, .F. ) ;
#1778 = AXIS2_PLACEMENT_3D ( 'NONE', #2567, #6568, #3807 ) ;
#1779 = CARTESIAN_POINT ( 'NONE',  ( 14.10000000000099973, 23.53709939867835033, 21.25061421014340013 ) ) ;
#1780 = PLANE ( 'NONE',  #4297 ) ;
#1781 = DIRECTION ( 'NONE',  ( 1.000000000000000000, 0.000000000000000000, 0.000000000000000000 ) ) ;
#1782 = CARTESIAN_POINT ( 'NONE',  ( 6.599999999999999645, -11.86318640331639962, -28.64026550785050418 ) ) ;
#1783 = DIRECTION ( 'NONE',  ( 2.170249086492544843E-18, -0.4146932426562469076, 0.9099612708765397739 ) ) ;
#1784 = CONICAL_SURFACE ( 'NONE', #10358, 44.90000000000002700, 0.7853981633974476129 ) ;
#1785 = AXIS2_PLACEMENT_3D ( 'NONE', #10185, #5102, #5296 ) ;
#1786 = AXIS2_PLACEMENT_3D ( 'NONE', #4594, #7598, #12566 ) ;
#1787 = CARTESIAN_POINT ( 'NONE',  ( -59.50000000000000000, -1.374545213078886173E-12, 30.99999999999824851 ) ) ;
#1788 = EDGE_LOOP ( 'NONE', ( #2343, #6839, #10644, #11453 ) ) ;
#1789 = CARTESIAN_POINT ( 'NONE',  ( -78.79999999999999716, -12.60485642682587937, 13.33904398594989971 ) ) ;
#1790 = ORIENTED_EDGE ( 'NONE', *, *, #4573, .T. ) ;
#1791 = CIRCLE ( 'NONE', #5151, 44.99999999999524647 ) ;
#1792 = ORIENTED_EDGE ( 'NONE', *, *, #3718, .T. ) ;
#1793 = CIRCLE ( 'NONE', #4956, 0.2999999999999999889 ) ;
#1794 = DIRECTION ( 'NONE',  ( 0.000000000000000000, 1.000000000000000000, 9.592326932761342412E-14 ) ) ;
#1795 = ADVANCED_FACE ( 'NONE', ( #5876 ), #11273, .F. ) ;
#1796 = ORIENTED_EDGE ( 'NONE', *, *, #4665, .F. ) ;
#1797 = DIRECTION ( 'NONE',  ( 0.2588190451025240701, 0.8031379722975892088, 0.5366396363910650447 ) ) ;
#1798 = EDGE_CURVE ( 'NONE', #4696, #1524, #10004, .T. ) ;
#1799 = AXIS2_PLACEMENT_3D ( 'NONE', #5906, #1964, #9885 ) ;
#1800 = VECTOR ( 'NONE', #4156, 1000.000000000000000 ) ;
#1801 = EDGE_LOOP ( 'NONE', ( #5937, #3777, #6432, #11495 ) ) ;
#1802 = AXIS2_PLACEMENT_3D ( 'NONE', #12789, #3833, #9784 ) ;
#1803 = DIRECTION ( 'NONE',  ( -1.000000000000000000, 0.000000000000000000, 0.000000000000000000 ) ) ;
#1804 = ORIENTED_EDGE ( 'NONE', *, *, #5256, .T. ) ;
#1805 = ORIENTED_EDGE ( 'NONE', *, *, #4491, .T. ) ;
#1806 = DIRECTION ( 'NONE',  ( 0.000000000000000000, -0.9238795325112788559, 0.3826834323651088221 ) ) ;
#1807 = EDGE_LOOP ( 'NONE', ( #10656, #4689, #6663, #4617 ) ) ;
#1808 = EDGE_CURVE ( 'NONE', #9922, #4168, #5623, .T. ) ;
#1809 = CARTESIAN_POINT ( 'NONE',  ( -63.60000000000000142, 18.46578437083690005, -19.86251271240145044 ) ) ;
#1810 = APPLICATION_PROTOCOL_DEFINITION ( 'draft international standard', 'automotive_design', 1998, #3769 ) ;
#1811 = EDGE_CURVE ( 'NONE', #3353, #191, #11677, .T. ) ;
#1812 = EDGE_LOOP ( 'NONE', ( #7959, #8873, #2818, #10585, #4103 ) ) ;
#1813 = VECTOR ( 'NONE', #1363, 1000.000000000000000 ) ;
#1814 = DIRECTION ( 'NONE',  ( 0.000000000000000000, 0.3826834323650878389, 0.9238795325112876267 ) ) ;
#1815 = CARTESIAN_POINT ( 'NONE',  ( -72.84391516214240880, -14.98584592913302060, -6.781365776028199122 ) ) ;
#1816 = LINE ( 'NONE', #4288, #12477 ) ;
#1817 = VERTEX_POINT ( 'NONE', #7893 ) ;
#1818 = ORIENTED_EDGE ( 'NONE', *, *, #6220, .T. ) ;
#1819 = CIRCLE ( 'NONE', #6225, 1.249999999999985567 ) ;
#1820 = ORIENTED_EDGE ( 'NONE', *, *, #12633, .T. ) ;
#1821 = DIRECTION ( 'NONE',  ( 1.000000000000000000, -2.905650844594909648E-18, -7.014861676541880450E-18 ) ) ;
#1822 = EDGE_LOOP ( 'NONE', ( #10184, #12041, #7293, #6149 ) ) ;
#1823 = DIRECTION ( 'NONE',  ( 4.112988807310475227E-18, 0.9238795325112871826, -0.3826834323650885605 ) ) ;
#1824 = LINE ( 'NONE', #10598, #10422 ) ;
#1825 = PLANE ( 'NONE',  #7993 ) ;
#1826 = DIRECTION ( 'NONE',  ( -1.000000000000000000, 0.000000000000000000, 0.000000000000000000 ) ) ;
#1827 = VERTEX_POINT ( 'NONE', #11896 ) ;
#1828 = CONICAL_SURFACE ( 'NONE', #3713, 1.850000000000001865, 1.308996938995737658 ) ;
#1829 = DIRECTION ( 'NONE',  ( 1.000000000000000000, 0.000000000000000000, 0.000000000000000000 ) ) ;
#1830 = CARTESIAN_POINT ( 'NONE',  ( -72.84391516214240880, 5.876881240580130061, 0.8128926865728960394 ) ) ;
#1831 = ORIENTED_EDGE ( 'NONE', *, *, #12529, .F. ) ;
#1832 = ADVANCED_FACE ( 'NONE', ( #6985 ), #10976, .F. ) ;
#1833 = CARTESIAN_POINT ( 'NONE',  ( -73.29999999999999716, 13.96448488310860014, -16.13178853045269889 ) ) ;
#1834 = LINE ( 'NONE', #4990, #1139 ) ;
#1835 = AXIS2_PLACEMENT_3D ( 'NONE', #213, #12379, #7345 ) ;
#1836 = DIRECTION ( 'NONE',  ( 1.000000000000000000, 0.000000000000000000, 0.000000000000000000 ) ) ;
#1837 = ORIENTED_EDGE ( 'NONE', *, *, #11370, .T. ) ;
#1838 = DIRECTION ( 'NONE',  ( 1.000000000000000000, -6.322502648911709143E-17, 9.462293898829198836E-17 ) ) ;
#1839 = CARTESIAN_POINT ( 'NONE',  ( -72.84391516214240880, -3.267573956508709632, 17.58935645322894814 ) ) ;
#1840 = EDGE_LOOP ( 'NONE', ( #1076, #700, #1409, #8553 ) ) ;
#1841 = FACE_OUTER_BOUND ( 'NONE', #12647, .T. ) ;
#1842 = DIRECTION ( 'NONE',  ( -6.705557021117060106E-18, -1.000000000000000000, 0.000000000000000000 ) ) ;
#1843 = ORIENTED_EDGE ( 'NONE', *, *, #5751, .T. ) ;
#1844 = CIRCLE ( 'NONE', #7906, 1.249999999999986011 ) ;
#1845 = CARTESIAN_POINT ( 'NONE',  ( -73.29999999999999716, 3.538376753723230017, -17.28937216756949979 ) ) ;
#1846 = EDGE_CURVE ( 'NONE', #6412, #11825, #8274, .T. ) ;
#1847 = DIRECTION ( 'NONE',  ( 0.000000000000000000, -0.9238795325112788559, 0.3826834323651088221 ) ) ;
#1848 = ORIENTED_EDGE ( 'NONE', *, *, #1936, .T. ) ;
#1849 = VECTOR ( 'NONE', #10123, 1000.000000000000000 ) ;
#1850 = CYLINDRICAL_SURFACE ( 'NONE', #2609, 1.850000000000001865 ) ;
#1851 = ORIENTED_EDGE ( 'NONE', *, *, #8676, .F. ) ;
#1852 = CARTESIAN_POINT ( 'NONE',  ( -73.59999999999999432, 1.049419181516655842E-14, 5.142634763737189527E-15 ) ) ;
#1853 = LINE ( 'NONE', #8718, #2767 ) ;
#1854 = CARTESIAN_POINT ( 'NONE',  ( -59.50000000000000000, -1.538218782761090031, 29.97219506891200069 ) ) ;
#1855 = DIRECTION ( 'NONE',  ( 1.000000000000000000, -6.705557021117060106E-18, -5.440889002481110112E-18 ) ) ;
#1856 = CARTESIAN_POINT ( 'NONE',  ( -56.21032168798580386, -12.96830904787720051, 21.60753249306235091 ) ) ;
#1857 = ORIENTED_EDGE ( 'NONE', *, *, #5136, .F. ) ;
#1858 = CARTESIAN_POINT ( 'NONE',  ( -78.79999999999999716, -6.501152320298220211, 18.92874846650675025 ) ) ;
#1859 = EDGE_CURVE ( 'NONE', #1343, #495, #4352, .T. ) ;
#1860 = CARTESIAN_POINT ( 'NONE',  ( -72.84391516214240880, 2.432730349294330185, -7.502023106028689270 ) ) ;
#1861 = VERTEX_POINT ( 'NONE', #12399 ) ;
#1862 = DIRECTION ( 'NONE',  ( 0.000000000000000000, -0.9238795325112788559, 0.3826834323651088221 ) ) ;
#1863 = EDGE_CURVE ( 'NONE', #2059, #10381, #10177, .T. ) ;
#1864 = VERTEX_POINT ( 'NONE', #2261 ) ;
#1865 = DIRECTION ( 'NONE',  ( -1.000000000000000000, 6.705557021117060106E-18, 5.440889002481110112E-18 ) ) ;
#1866 = EDGE_LOOP ( 'NONE', ( #9785, #10795 ) ) ;
#1867 = DIRECTION ( 'NONE',  ( 0.000000000000000000, -0.8314696123025479002, -0.5555702330195982919 ) ) ;
#1868 = DIRECTION ( 'NONE',  ( 1.000000000000000000, -6.705557021117060106E-18, -5.440889002481110112E-18 ) ) ;
#1869 = ORIENTED_EDGE ( 'NONE', *, *, #6449, .T. ) ;
#1870 = DIRECTION ( 'NONE',  ( 0.000000000000000000, 1.000000000000000000, 9.714451465470110893E-14 ) ) ;
#1871 = ORIENTED_EDGE ( 'NONE', *, *, #8645, .T. ) ;
#1872 = CARTESIAN_POINT ( 'NONE',  ( -11.90000000000000746, 1.388469777829607980E-13, 42.50000000000000000 ) ) ;
#1873 = CARTESIAN_POINT ( 'NONE',  ( 5.599999999999999645, -36.80607966083890403, -19.65000000000000213 ) ) ;
#1874 = FACE_OUTER_BOUND ( 'NONE', #3487, .T. ) ;
#1875 = ORIENTED_EDGE ( 'NONE', *, *, #1006, .T. ) ;
#1876 = ORIENTED_EDGE ( 'NONE', *, *, #10145, .F. ) ;
#1877 = VERTEX_POINT ( 'NONE', #10308 ) ;
#1878 = CARTESIAN_POINT ( 'NONE',  ( 17.39999999999999858, -1.578781313062820085E-12, -1.742420152217504864E-12 ) ) ;
#1879 = CIRCLE ( 'NONE', #5241, 6.500000000000000000 ) ;
#1880 = ORIENTED_EDGE ( 'NONE', *, *, #603, .F. ) ;
#1881 = DIRECTION ( 'NONE',  ( 1.000000000000000000, 0.000000000000000000, 0.000000000000000000 ) ) ;
#1882 = FACE_OUTER_BOUND ( 'NONE', #188, .T. ) ;
#1883 = EDGE_CURVE ( 'NONE', #2866, #8667, #9361, .T. ) ;
#1884 = DIRECTION ( 'NONE',  ( 0.000000000000000000, -0.8314696123025481223, -0.5555702330195977368 ) ) ;
#1885 = VECTOR ( 'NONE', #10818, 1000.000000000000227 ) ;
#1886 = DIRECTION ( 'NONE',  ( -1.000000000000000000, 0.000000000000000000, 0.000000000000000000 ) ) ;
#1887 = ORIENTED_EDGE ( 'NONE', *, *, #1322, .T. ) ;
#1888 = FACE_OUTER_BOUND ( 'NONE', #6368, .T. ) ;
#1889 = ADVANCED_FACE ( 'NONE', ( #9324 ), #8942, .F. ) ;
#1890 = AXIS2_PLACEMENT_3D ( 'NONE', #3192, #7188, #6216 ) ;
#1891 = DIRECTION ( 'NONE',  ( 0.000000000000000000, 0.9238795325112874046, -0.3826834323650882275 ) ) ;
#1892 = EDGE_CURVE ( 'NONE', #2147, #11797, #3516, .T. ) ;
#1893 = VERTEX_POINT ( 'NONE', #5219 ) ;
#1894 = EDGE_CURVE ( 'NONE', #3502, #10254, #3236, .T. ) ;
#1895 = CARTESIAN_POINT ( 'NONE',  ( -73.59999999999999432, -20.86537927107670143, -9.216748226686098278 ) ) ;
#1896 = CARTESIAN_POINT ( 'NONE',  ( 6.600000000000989964, -11.86318640331703911, 28.64026550785020220 ) ) ;
#1897 = EDGE_CURVE ( 'NONE', #11115, #9560, #12499, .T. ) ;
#1898 = AXIS2_PLACEMENT_3D ( 'NONE', #3006, #9807, #12685 ) ;
#1899 = VERTEX_POINT ( 'NONE', #1332 ) ;
#1900 = AXIS2_PLACEMENT_3D ( 'NONE', #2341, #3442, #6345 ) ;
#1901 = FACE_OUTER_BOUND ( 'NONE', #10389, .T. ) ;
#1902 = LINE ( 'NONE', #1109, #12876 ) ;
#1903 = ORIENTED_EDGE ( 'NONE', *, *, #1392, .T. ) ;
#1904 = LINE ( 'NONE', #3805, #12589 ) ;
#1905 = ADVANCED_FACE ( 'NONE', ( #6265 ), #3179, .F. ) ;
#1906 = DIRECTION ( 'NONE',  ( -1.000000000000000000, 4.233019071658840745E-17, 4.233019071658604703E-17 ) ) ;
#1907 = EDGE_LOOP ( 'NONE', ( #8800, #11375, #3284, #2766 ) ) ;
#1908 = CARTESIAN_POINT ( 'NONE',  ( -73.29999999999999716, 6.026536209660669385, -22.74913979282875331 ) ) ;
#1909 = VECTOR ( 'NONE', #505, 1000.000000000000000 ) ;
#1910 = AXIS2_PLACEMENT_3D ( 'NONE', #12767, #10883, #11867 ) ;
#1911 = PLANE ( 'NONE',  #10054 ) ;
#1912 = CIRCLE ( 'NONE', #2116, 1.249999999999985567 ) ;
#1913 = VERTEX_POINT ( 'NONE', #6391 ) ;
#1914 = EDGE_CURVE ( 'NONE', #4024, #9867, #797, .T. ) ;
#1915 = EDGE_LOOP ( 'NONE', ( #7867, #7995, #12230, #5620 ) ) ;
#1916 = CARTESIAN_POINT ( 'NONE',  ( -78.79999999999999716, -22.17194223595310021, -9.757944326832300064 ) ) ;
#1917 = CIRCLE ( 'NONE', #10278, 1.599999999999997202 ) ;
#1918 = DIRECTION ( 'NONE',  ( 0.000000000000000000, 0.9238795325112875156, -0.3826834323650881720 ) ) ;
#1919 = LINE ( 'NONE', #11609, #10768 ) ;
#1920 = AXIS2_PLACEMENT_3D ( 'NONE', #589, #6556, #11658 ) ;
#1921 = DIRECTION ( 'NONE',  ( -1.000000000000000000, 0.000000000000000000, 0.000000000000000000 ) ) ;
#1922 = CIRCLE ( 'NONE', #12561, 1.599999999999997202 ) ;
#1923 = FACE_BOUND ( 'NONE', #1471, .T. ) ;
#1924 = EDGE_LOOP ( 'NONE', ( #10566, #11116 ) ) ;
#1925 = DIRECTION ( 'NONE',  ( -1.000000000000000000, 0.000000000000000000, -1.074775770116589937E-17 ) ) ;
#1926 = CARTESIAN_POINT ( 'NONE',  ( 14.10000000000099973, -28.64026550784960179, 11.86318640331847796 ) ) ;
#1927 = ORIENTED_EDGE ( 'NONE', *, *, #6262, .T. ) ;
#1928 = FACE_BOUND ( 'NONE', #5945, .T. ) ;
#1929 = ORIENTED_EDGE ( 'NONE', *, *, #4584, .T. ) ;
#1930 = CIRCLE ( 'NONE', #6960, 1.249999999999985567 ) ;
#1931 = FACE_OUTER_BOUND ( 'NONE', #622, .T. ) ;
#1932 = EDGE_LOOP ( 'NONE', ( #8287, #9827, #9107 ) ) ;
#1933 = ORIENTED_EDGE ( 'NONE', *, *, #3388, .F. ) ;
#1934 = DIRECTION ( 'NONE',  ( -4.112988807310479849E-18, -0.9238795325112876267, 0.3826834323650878389 ) ) ;
#1936 = EDGE_CURVE ( 'NONE', #3235, #6587, #1844, .T. ) ;
#1935 = ORIENTED_EDGE ( 'NONE', *, *, #11868, .T. ) ;
#1937 = DIRECTION ( 'NONE',  ( 1.000000000000000000, 0.000000000000000000, 0.000000000000000000 ) ) ;
#1938 = VECTOR ( 'NONE', #10156, 999.9999999999998863 ) ;
#1939 = ORIENTED_EDGE ( 'NONE', *, *, #1617, .T. ) ;
#1940 = EDGE_CURVE ( 'NONE', #3419, #6437, #591, .T. ) ;
#1941 = CARTESIAN_POINT ( 'NONE',  ( 14.10000000000099973, -30.25705468974489776, -11.19349039667821977 ) ) ;
#1942 = DIRECTION ( 'NONE',  ( 1.000000000000000000, 0.000000000000000000, 0.000000000000000000 ) ) ;
#1943 = FACE_OUTER_BOUND ( 'NONE', #3251, .T. ) ;
#1944 = ORIENTED_EDGE ( 'NONE', *, *, #6098, .T. ) ;
#1945 = ORIENTED_EDGE ( 'NONE', *, *, #4211, .F. ) ;
#1946 = EDGE_LOOP ( 'NONE', ( #5830, #3726, #8963, #6056 ) ) ;
#1947 = LINE ( 'NONE', #834, #3666 ) ;
#1948 = ADVANCED_FACE ( 'NONE', ( #2388 ), #11670, .F. ) ;
#1949 = EDGE_LOOP ( 'NONE', ( #3844, #7165 ) ) ;
#1950 = DIRECTION ( 'NONE',  ( 3.090821338043308677E-16, 1.000000000000000000, 3.432150397220114808E-15 ) ) ;
#1951 = FACE_OUTER_BOUND ( 'NONE', #9465, .T. ) ;
#1952 = DIRECTION ( 'NONE',  ( 0.000000000000000000, 0.8314696123025479002, 0.5555702330195982919 ) ) ;
#1953 = CARTESIAN_POINT ( 'NONE',  ( 6.600000000000989964, 23.53709939867700029, -22.59000622342259845 ) ) ;
#1954 = VERTEX_POINT ( 'NONE', #7366 ) ;
#1955 = CARTESIAN_POINT ( 'NONE',  ( -1.899999999999999911, 13.11318640331944074, -28.64026550784910086 ) ) ;
#1956 = LINE ( 'NONE', #10806, #664 ) ;
#1957 = ORIENTED_EDGE ( 'NONE', *, *, #11893, .T. ) ;
#1958 = ADVANCED_FACE ( 'NONE', ( #171 ), #9257, .F. ) ;
#1959 = CARTESIAN_POINT ( 'NONE',  ( -1.899999999999999911, -31.00000000000000000, -9.693681929906711246E-13 ) ) ;
#1960 = EDGE_CURVE ( 'NONE', #8947, #10901, #5415, .T. ) ;
#1961 = DIRECTION ( 'NONE',  ( 1.000000000000000000, 0.000000000000000000, 0.000000000000000000 ) ) ;
#1962 = ORIENTED_EDGE ( 'NONE', *, *, #9899, .F. ) ;
#1963 = DIRECTION ( 'NONE',  ( 1.000000000000000000, -6.322502648911719004E-17, 9.462293898829198836E-17 ) ) ;
#1964 = DIRECTION ( 'NONE',  ( -7.592831564818951247E-18, -0.3826834323650886160, -0.9238795325112872936 ) ) ;
#1965 = EDGE_CURVE ( 'NONE', #3456, #12196, #1270, .T. ) ;
#1966 = DIRECTION ( 'NONE',  ( -0.7071067811865717756, 0.7071067811865232589, 2.381144758097233384E-15 ) ) ;
#1967 = EDGE_CURVE ( 'NONE', #8897, #7977, #8731, .T. ) ;
#1968 = LINE ( 'NONE', #4998, #5153 ) ;
#1969 = ORIENTED_EDGE ( 'NONE', *, *, #11983, .T. ) ;
#1970 = CARTESIAN_POINT ( 'NONE',  ( 6.599999999999999645, 21.92031021678110037, 21.92031021678485203 ) ) ;
#1971 = CARTESIAN_POINT ( 'NONE',  ( -73.59999999999999432, -15.47498216956404882, 6.409947492115229295 ) ) ;
#1972 = ORIENTED_EDGE ( 'NONE', *, *, #6829, .T. ) ;
#1973 = ADVANCED_FACE ( 'NONE', ( #10502 ), #12465, .T. ) ;
#1974 = ORIENTED_EDGE ( 'NONE', *, *, #6764, .T. ) ;
#1975 = DIRECTION ( 'NONE',  ( -7.592831564818951247E-18, -0.3826834323650886160, -0.9238795325112872936 ) ) ;
#1976 = VECTOR ( 'NONE', #4244, 1000.000000000000000 ) ;
#1977 = CARTESIAN_POINT ( 'NONE',  ( -73.59999999999999432, 11.00005917491439966, -13.88888757778671845 ) ) ;
#1978 = DIRECTION ( 'NONE',  ( 0.000000000000000000, 1.000000000000000000, 0.000000000000000000 ) ) ;
#1979 = EDGE_CURVE ( 'NONE', #2652, #9096, #10702, .T. ) ;
#1980 = AXIS2_PLACEMENT_3D ( 'NONE', #7642, #3645, #11646 ) ;
#1981 = CARTESIAN_POINT ( 'NONE',  ( -73.59999999999999432, -15.83843479061540194, 14.67843599922770004 ) ) ;
#1982 = DIRECTION ( 'NONE',  ( -1.000000000000000000, 1.067925513466054003E-16, -6.551204957150059656E-17 ) ) ;
#1983 = ORIENTED_EDGE ( 'NONE', *, *, #8926, .T. ) ;
#1984 = VECTOR ( 'NONE', #10331, 1000.000000000000000 ) ;
#1985 = CARTESIAN_POINT ( 'NONE',  ( -73.59999999999999432, 1.049419181516655842E-14, 5.142634763737189527E-15 ) ) ;
#1986 = AXIS2_PLACEMENT_3D ( 'NONE', #1251, #2245, #10029 ) ;
#1987 = FACE_OUTER_BOUND ( 'NONE', #6347, .T. ) ;
#1988 = CIRCLE ( 'NONE', #6806, 1.000000000000000666 ) ;
#1989 = AXIS2_PLACEMENT_3D ( 'NONE', #6253, #353, #11358 ) ;
#1990 = LINE ( 'NONE', #9053, #6234 ) ;
#1991 = ORIENTED_EDGE ( 'NONE', *, *, #12680, .F. ) ;
#1992 = EDGE_CURVE ( 'NONE', #11435, #951, #1724, .T. ) ;
#1993 = DIRECTION ( 'NONE',  ( 1.000000000000000000, -6.322502648911719004E-17, 9.462293898829198836E-17 ) ) ;
#1994 = VECTOR ( 'NONE', #4450, 1000.000000000000114 ) ;
#1995 = TOROIDAL_SURFACE ( 'NONE', #1579, 34.70000000000000284, 0.2000000000000000111 ) ;
#1996 = DIRECTION ( 'NONE',  ( 0.000000000000000000, -0.8314696123025484553, -0.5555702330195974037 ) ) ;
#1997 = DIRECTION ( 'NONE',  ( -8.632079425444800990E-18, -0.7933533402912371635, -0.6087614290087181024 ) ) ;
#1998 = VERTEX_POINT ( 'NONE', #4751 ) ;
#1999 = CARTESIAN_POINT ( 'NONE',  ( -14.90000000000000036, -36.80607966083859850, 21.25000000000000000 ) ) ;
#2000 = AXIS2_PLACEMENT_3D ( 'NONE', #3094, #2045, #5009 ) ;
#2001 = ORIENTED_EDGE ( 'NONE', *, *, #9572, .T. ) ;
#2002 = CARTESIAN_POINT ( 'NONE',  ( 6.599999999999999645, -10.61318640331823993, 28.64026550784985048 ) ) ;
#2003 = EDGE_CURVE ( 'NONE', #8223, #4271, #1523, .T. ) ;
#2004 = DIRECTION ( 'NONE',  ( 1.000000000000000000, 0.000000000000000000, 6.123233995737139512E-17 ) ) ;
#2005 = AXIS2_PLACEMENT_3D ( 'NONE', #10772, #4966, #3705 ) ;
#2006 = VECTOR ( 'NONE', #2573, 1000.000000000000000 ) ;
#2007 = ADVANCED_FACE ( 'NONE', ( #11684 ), #7484, .T. ) ;
#2008 = DIRECTION ( 'NONE',  ( 1.000000000000000000, 0.000000000000000000, 0.000000000000000000 ) ) ;
#2009 = ORIENTED_EDGE ( 'NONE', *, *, #4491, .F. ) ;
#2010 = ORIENTED_EDGE ( 'NONE', *, *, #10848, .F. ) ;
#2011 = EDGE_CURVE ( 'NONE', #1220, #10234, #3298, .T. ) ;
#2012 = ORIENTED_EDGE ( 'NONE', *, *, #3779, .F. ) ;
#2013 = CARTESIAN_POINT ( 'NONE',  ( -73.59999999999999432, -12.39428389932959895, 22.99335179182930133 ) ) ;
#2014 = ORIENTED_EDGE ( 'NONE', *, *, #6963, .F. ) ;
#2015 = DIRECTION ( 'NONE',  ( -1.000000000000000000, -2.638697247430395030E-33, -6.370378681743239884E-33 ) ) ;
#2016 = DIRECTION ( 'NONE',  ( 0.000000000000000000, 0.9238795325112874046, -0.3826834323650882275 ) ) ;
#2017 = CIRCLE ( 'NONE', #3687, 0.4999999999999983902 ) ;
#2018 = AXIS2_PLACEMENT_3D ( 'NONE', #6289, #1175, #265 ) ;
#2019 = DIRECTION ( 'NONE',  ( 1.000000000000000000, -2.905650844594909648E-18, -7.014861676541880450E-18 ) ) ;
#2020 = ORIENTED_EDGE ( 'NONE', *, *, #5262, .F. ) ;
#2021 = DIRECTION ( 'NONE',  ( 1.000000000000000000, 0.000000000000000000, 0.000000000000000000 ) ) ;
#2022 = CARTESIAN_POINT ( 'NONE',  ( -72.84391516214240880, -16.04946234676810235, 8.942718551623828560 ) ) ;
#2023 = ORIENTED_EDGE ( 'NONE', *, *, #8962, .T. ) ;
#2024 = CARTESIAN_POINT ( 'NONE',  ( 17.60000000000000142, 21.92031021678154801, 21.92031021678105063 ) ) ;
#2025 = VECTOR ( 'NONE', #1312, 1000.000000000000227 ) ;
#2026 = EDGE_CURVE ( 'NONE', #1658, #9117, #6452, .T. ) ;
#2027 = CARTESIAN_POINT ( 'NONE',  ( -11.90000000000000746, 1.388469777829607980E-13, 40.90000000000000568 ) ) ;
#2028 = ORIENTED_EDGE ( 'NONE', *, *, #2570, .T. ) ;
#2029 = DIRECTION ( 'NONE',  ( 0.000000000000000000, 1.000000000000000000, 9.592326932761342412E-14 ) ) ;
#2030 = CYLINDRICAL_SURFACE ( 'NONE', #5548, 1.249999999999986011 ) ;
#2031 = EDGE_CURVE ( 'NONE', #1817, #10594, #11471, .T. ) ;
#2032 = ORIENTED_EDGE ( 'NONE', *, *, #11859, .T. ) ;
#2033 = DIRECTION ( 'NONE',  ( 0.000000000000000000, 0.8314696123025479002, 0.5555702330195982919 ) ) ;
#2034 = CARTESIAN_POINT ( 'NONE',  ( -78.79999999999999716, -17.09060480714099839, -11.86270320484029916 ) ) ;
#2035 = CIRCLE ( 'NONE', #6842, 1.849999999999998979 ) ;
#2036 = CARTESIAN_POINT ( 'NONE',  ( 17.60000000000000142, -1.578802671573090108E-12, -1.742407049807590194E-12 ) ) ;
#2037 = FACE_OUTER_BOUND ( 'NONE', #12858, .T. ) ;
#2038 = ORIENTED_EDGE ( 'NONE', *, *, #512, .F. ) ;
#2039 = ADVANCED_FACE ( 'NONE', ( #9581, #2511 ), #9511, .F. ) ;
#2040 = DIRECTION ( 'NONE',  ( 1.000000000000000000, -6.322502648911719004E-17, 9.462293898829198836E-17 ) ) ;
#2041 = DIRECTION ( 'NONE',  ( 7.592831564818957410E-18, 0.3826834323650886160, 0.9238795325112872936 ) ) ;
#2042 = CIRCLE ( 'NONE', #8101, 1.749999999999999556 ) ;
#2043 = EDGE_LOOP ( 'NONE', ( #8092, #12346, #8786 ) ) ;
#2044 = ORIENTED_EDGE ( 'NONE', *, *, #4877, .T. ) ;
#2045 = DIRECTION ( 'NONE',  ( 1.000000000000000000, -2.905650844594909648E-18, -7.014861676541880450E-18 ) ) ;
#2046 = CARTESIAN_POINT ( 'NONE',  ( 17.60000000000000142, -21.92031021678490177, -21.92031021678440084 ) ) ;
#2047 = LINE ( 'NONE', #5011, #5960 ) ;
#2048 = DIRECTION ( 'NONE',  ( -1.000000000000000000, 6.322502648911728864E-17, -9.462293898829198836E-17 ) ) ;
#2049 = VECTOR ( 'NONE', #8598, 1000.000000000000114 ) ;
#2050 = LINE ( 'NONE', #5134, #5037 ) ;
#2051 = EDGE_LOOP ( 'NONE', ( #2723, #12595 ) ) ;
#2052 = CIRCLE ( 'NONE', #9570, 2.049999999999999822 ) ;
#2053 = EDGE_CURVE ( 'NONE', #3436, #5298, #6655, .T. ) ;
#2054 = DIRECTION ( 'NONE',  ( 0.000000000000000000, 0.9238795325112787449, -0.3826834323651089331 ) ) ;
#2055 = DIRECTION ( 'NONE',  ( 0.000000000000000000, 1.000000000000000000, 9.575673587392073611E-14 ) ) ;
#2056 = DIRECTION ( 'NONE',  ( 0.000000000000000000, 0.000000000000000000, 1.000000000000000000 ) ) ;
#2057 = AXIS2_PLACEMENT_3D ( 'NONE', #2606, #3786, #6614 ) ;
#2058 = ADVANCED_FACE ( 'NONE', ( #3754 ), #7614, .T. ) ;
#2059 = VERTEX_POINT ( 'NONE', #4612 ) ;
#2060 = EDGE_CURVE ( 'NONE', #4639, #2106, #7743, .T. ) ;
#2061 = CARTESIAN_POINT ( 'NONE',  ( -78.79999999999999716, -14.56470087414044023, 12.52724983573060058 ) ) ;
#2062 = DIRECTION ( 'NONE',  ( 1.000000000000000000, 0.000000000000000000, 0.000000000000000000 ) ) ;
#2063 = FACE_OUTER_BOUND ( 'NONE', #5882, .T. ) ;
#2064 = ORIENTED_EDGE ( 'NONE', *, *, #10109, .F. ) ;
#2065 = DIRECTION ( 'NONE',  ( -1.000000000000000000, 2.905650844594894626E-18, 7.014861676541880450E-18 ) ) ;
#2066 = ORIENTED_EDGE ( 'NONE', *, *, #3946, .T. ) ;
#2067 = AXIS2_PLACEMENT_3D ( 'NONE', #3637, #10780, #763 ) ;
#2068 = DIRECTION ( 'NONE',  ( 1.000000000000000000, -6.705557021117060106E-18, -5.440889002481110112E-18 ) ) ;
#2069 = EDGE_CURVE ( 'NONE', #11133, #243, #2580, .T. ) ;
#2070 = DIRECTION ( 'NONE',  ( 0.000000000000000000, -0.9238795325112789669, 0.3826834323651084890 ) ) ;
#2071 = DIRECTION ( 'NONE',  ( 0.000000000000000000, -0.9238795325112872936, 0.3826834323650886160 ) ) ;
#2072 = ORIENTED_EDGE ( 'NONE', *, *, #11267, .F. ) ;
#2073 = EDGE_LOOP ( 'NONE', ( #10843, #3189, #11170, #826 ) ) ;
#2074 = EDGE_LOOP ( 'NONE', ( #4932, #2650, #2082, #8860 ) ) ;
#2075 = FACE_OUTER_BOUND ( 'NONE', #7208, .T. ) ;
#2076 = EDGE_CURVE ( 'NONE', #10301, #4817, #11750, .T. ) ;
#2077 = ORIENTED_EDGE ( 'NONE', *, *, #4457, .F. ) ;
#2078 = LINE ( 'NONE', #5039, #4515 ) ;
#2079 = EDGE_LOOP ( 'NONE', ( #11382, #3835, #10075, #434 ) ) ;
#2080 = DIRECTION ( 'NONE',  ( 0.000000000000000000, 1.000000000000000000, 9.714451465470228276E-14 ) ) ;
#2081 = DIRECTION ( 'NONE',  ( 0.000000000000000000, -0.9238795325112868495, 0.3826834323650896152 ) ) ;
#2082 = ORIENTED_EDGE ( 'NONE', *, *, #5979, .T. ) ;
#2083 = DIRECTION ( 'NONE',  ( 1.000000000000000000, 0.000000000000000000, 0.000000000000000000 ) ) ;
#2084 = DIRECTION ( 'NONE',  ( 0.000000000000000000, 0.8314696123025483443, 0.5555702330195975147 ) ) ;
#2085 = EDGE_LOOP ( 'NONE', ( #10253, #9649, #5621, #3550 ) ) ;
#2086 = FACE_OUTER_BOUND ( 'NONE', #12825, .T. ) ;
#2087 = DIRECTION ( 'NONE',  ( 0.000000000000000000, -0.9238795325112789669, 0.3826834323651084890 ) ) ;
#2088 = EDGE_LOOP ( 'NONE', ( #387, #423, #2726, #4061 ) ) ;
#2089 = CARTESIAN_POINT ( 'NONE',  ( -14.90000000000000036, 21.25000000000000000, 38.40607966083854308 ) ) ;
#2090 = DIRECTION ( 'NONE',  ( 0.2588190451025339511, 0.8031379722975867663, 0.5366396363910638234 ) ) ;
#2091 = DIRECTION ( 'NONE',  ( 1.000000000000000000, -2.905650844594909648E-18, -7.014861676541880450E-18 ) ) ;
#2092 = PLANE ( 'NONE',  #6413 ) ;
#2093 = EDGE_CURVE ( 'NONE', #465, #4370, #678, .T. ) ;
#2094 = CYLINDRICAL_SURFACE ( 'NONE', #4240, 1.249999999999987121 ) ;
#2095 = AXIS2_PLACEMENT_3D ( 'NONE', #7160, #6901, #2902 ) ;
#2096 = PLANE ( 'NONE',  #5351 ) ;
#2097 = ORIENTED_EDGE ( 'NONE', *, *, #819, .T. ) ;
#2098 = EDGE_CURVE ( 'NONE', #5516, #3453, #2712, .T. ) ;
#2099 = DIRECTION ( 'NONE',  ( -0.7071067811865376918, 0.7071067811865574537, 4.570778117865418083E-17 ) ) ;
#2100 = LINE ( 'NONE', #1307, #6522 ) ;
#2101 = AXIS2_PLACEMENT_3D ( 'NONE', #3291, #11360, #1320 ) ;
#2102 = AXIS2_PLACEMENT_3D ( 'NONE', #963, #10852, #12801 ) ;
#2103 = DIRECTION ( 'NONE',  ( 1.000000000000000000, -6.322502648911719004E-17, 9.462293898829198836E-17 ) ) ;
#2104 = ORIENTED_EDGE ( 'NONE', *, *, #10228, .F. ) ;
#2105 = VECTOR ( 'NONE', #10122, 1000.000000000000000 ) ;
#2106 = VERTEX_POINT ( 'NONE', #4679 ) ;
#2107 = CARTESIAN_POINT ( 'NONE',  ( -78.79999999999999716, -11.47040436681830045, 22.61066835946420284 ) ) ;
#2108 = DIRECTION ( 'NONE',  ( -1.000000000000000000, 0.000000000000000000, 0.000000000000000000 ) ) ;
#2109 = CARTESIAN_POINT ( 'NONE',  ( 6.600000000000989964, 32.61678918189475240, -0.6696960066398860434 ) ) ;
#2110 = DIRECTION ( 'NONE',  ( 0.000000000000000000, -0.9238795325112783008, 0.3826834323651103764 ) ) ;
#2111 = AXIS2_PLACEMENT_3D ( 'NONE', #7651, #6681, #2550 ) ;
#2112 = CARTESIAN_POINT ( 'NONE',  ( -73.29999999999999716, 23.75533050756699893, -17.06417362153884909 ) ) ;
#2113 = VERTEX_POINT ( 'NONE', #2651 ) ;
#2114 = CIRCLE ( 'NONE', #3164, 35.00000000000000000 ) ;
#2115 = CARTESIAN_POINT ( 'NONE',  ( 14.09999999999999964, -21.92031021678445057, 21.92031021678135261 ) ) ;
#2116 = AXIS2_PLACEMENT_3D ( 'NONE', #11049, #10046, #5090 ) ;
#2117 = CARTESIAN_POINT ( 'NONE',  ( 17.10000000000000142, 5.404552479964982226, 3.611206514625644459 ) ) ;
#2118 = ORIENTED_EDGE ( 'NONE', *, *, #227, .T. ) ;
#2119 = ADVANCED_FACE ( 'NONE', ( #6649, #5476 ), #6709, .F. ) ;
#2120 = AXIS2_PLACEMENT_3D ( 'NONE', #1417, #7315, #2406 ) ;
#2121 = EDGE_CURVE ( 'NONE', #10532, #3794, #8527, .T. ) ;
#2122 = CARTESIAN_POINT ( 'NONE',  ( -59.50000000000000000, 11.86318640331585961, -28.64026550785180092 ) ) ;
#2123 = AXIS2_PLACEMENT_3D ( 'NONE', #7933, #3823, #4886 ) ;
#2124 = CARTESIAN_POINT ( 'NONE',  ( -73.59999999999999432, -13.62722310454145891, 5.644580627385050065 ) ) ;
#2125 = DIRECTION ( 'NONE',  ( 0.000000000000000000, 1.000000000000000000, 9.714451465470124777E-14 ) ) ;
#2126 = ORIENTED_EDGE ( 'NONE', *, *, #670, .F. ) ;
#2127 = FACE_OUTER_BOUND ( 'NONE', #8283, .T. ) ;
#2128 = VERTEX_POINT ( 'NONE', #4077 ) ;
#2129 = ADVANCED_FACE ( 'NONE', ( #7037 ), #8788, .F. ) ;
#2130 = DIRECTION ( 'NONE',  ( 0.000000000000000000, 1.000000000000000000, 9.575673587392073611E-14 ) ) ;
#2131 = VECTOR ( 'NONE', #10558, 1000.000000000000000 ) ;
#2132 = ADVANCED_FACE ( 'NONE', ( #5015 ), #3891, .F. ) ;
#2133 = DIRECTION ( 'NONE',  ( -9.998406201595429065E-17, -0.8314696123025480112, -0.5555702330195979588 ) ) ;
#2134 = AXIS2_PLACEMENT_3D ( 'NONE', #12569, #534, #2631 ) ;
#2135 = CARTESIAN_POINT ( 'NONE',  ( -56.21032168798580386, -14.69038449352011888, 17.45007459676154937 ) ) ;
#2136 = ORIENTED_EDGE ( 'NONE', *, *, #12209, .T. ) ;
#2137 = VERTEX_POINT ( 'NONE', #5992 ) ;
#2138 = ORIENTED_EDGE ( 'NONE', *, *, #3643, .T. ) ;
#2139 = CYLINDRICAL_SURFACE ( 'NONE', #119, 1.750000000000001110 ) ;
#2140 = EDGE_CURVE ( 'NONE', #10365, #3154, #4954, .T. ) ;
#2141 = ORIENTED_EDGE ( 'NONE', *, *, #3257, .F. ) ;
#2142 = CARTESIAN_POINT ( 'NONE',  ( -78.79999999999999716, -11.30392603617555913, -1.812113729508110227 ) ) ;
#2143 = EDGE_LOOP ( 'NONE', ( #5611, #11513, #12790, #3277 ) ) ;
#2144 = DIRECTION ( 'NONE',  ( 0.000000000000000000, 0.000000000000000000, -1.000000000000000000 ) ) ;
#2145 = CIRCLE ( 'NONE', #6125, 1.000000000000000888 ) ;
#2146 = DIRECTION ( 'NONE',  ( 0.000000000000000000, -0.9238795325112874046, 0.3826834323650882275 ) ) ;
#2147 = VERTEX_POINT ( 'NONE', #813 ) ;
#2148 = ORIENTED_EDGE ( 'NONE', *, *, #4488, .T. ) ;
#2149 = PLANE ( 'NONE',  #8563 ) ;
#2150 = CARTESIAN_POINT ( 'NONE',  ( 6.600000000000989964, -21.92031021678345226, -21.92031021678255343 ) ) ;
#2151 = ORIENTED_EDGE ( 'NONE', *, *, #4795, .T. ) ;
#2152 = LINE ( 'NONE', #12169, #11740 ) ;
#2153 = ADVANCED_FACE ( 'NONE', ( #7876 ), #8070, .F. ) ;
#2154 = CARTESIAN_POINT ( 'NONE',  ( 14.10000000000099973, 21.92031021678225144, -21.92031021678365121 ) ) ;
#2155 = VERTEX_POINT ( 'NONE', #9976 ) ;
#2156 = DIRECTION ( 'NONE',  ( 0.000000000000000000, -0.9238795325112875156, 0.3826834323650881720 ) ) ;
#2157 = DIRECTION ( 'NONE',  ( 1.000000000000000000, 0.000000000000000000, 0.000000000000000000 ) ) ;
#2158 = DIRECTION ( 'NONE',  ( 0.000000000000000000, 1.000000000000000000, 0.000000000000000000 ) ) ;
#2159 = FACE_OUTER_BOUND ( 'NONE', #5848, .T. ) ;
#2160 = CARTESIAN_POINT ( 'NONE',  ( -73.59999999999999432, -19.15690206252150318, 1.440695445595141955 ) ) ;
#2161 = DIRECTION ( 'NONE',  ( 0.000000000000000000, 0.000000000000000000, -1.000000000000000000 ) ) ;
#2162 = EDGE_LOOP ( 'NONE', ( #6560, #8075, #85, #12077, #4827 ) ) ;
#2163 = CARTESIAN_POINT ( 'NONE',  ( 6.599999999999999645, -10.61318640331823993, 28.64026550784985048 ) ) ;
#2164 = DIRECTION ( 'NONE',  ( 0.2588190451025354499, -0.8031379722975868773, -0.5366396363910628242 ) ) ;
#2165 = ORIENTED_EDGE ( 'NONE', *, *, #7646, .F. ) ;
#2166 = EDGE_CURVE ( 'NONE', #416, #12803, #11880, .T. ) ;
#2167 = DIRECTION ( 'NONE',  ( 0.000000000000000000, -0.9238795325112788559, 0.3826834323651088221 ) ) ;
#2168 = ORIENTED_EDGE ( 'NONE', *, *, #12043, .F. ) ;
#2169 = ADVANCED_FACE ( 'NONE', ( #3827 ), #1621, .T. ) ;
#2170 = EDGE_LOOP ( 'NONE', ( #835, #5084, #1281, #11984 ) ) ;
#2171 = ORIENTED_EDGE ( 'NONE', *, *, #10459, .F. ) ;
#2172 = LINE ( 'NONE', #6174, #2025 ) ;
#2173 = DIRECTION ( 'NONE',  ( -8.358097092242370159E-18, -0.9099612708765432156, -0.4146932426562391361 ) ) ;
#2174 = DIRECTION ( 'NONE',  ( -1.000000000000000000, -2.638697247430395030E-33, -6.370378681743239884E-33 ) ) ;
#2175 = DIRECTION ( 'NONE',  ( 0.000000000000000000, -0.9238795325112788559, 0.3826834323651088221 ) ) ;
#2176 = FACE_BOUND ( 'NONE', #669, .T. ) ;
#2177 = ORIENTED_EDGE ( 'NONE', *, *, #4215, .T. ) ;
#2178 = CARTESIAN_POINT ( 'NONE',  ( -63.49999999999998579, 44.70000000000000995, 1.445663181360240335E-13 ) ) ;
#2179 = EDGE_CURVE ( 'NONE', #36, #2155, #6057, .T. ) ;
#2180 = DIRECTION ( 'NONE',  ( 0.000000000000000000, -0.9238795325112788559, 0.3826834323651088221 ) ) ;
#2181 = EDGE_CURVE ( 'NONE', #7161, #4261, #7810, .T. ) ;
#2182 = ORIENTED_EDGE ( 'NONE', *, *, #9349, .T. ) ;
#2183 = DIRECTION ( 'NONE',  ( 0.000000000000000000, 0.000000000000000000, 1.000000000000000000 ) ) ;
#2184 = LINE ( 'NONE', #5147, #2976 ) ;
#2185 = CARTESIAN_POINT ( 'NONE',  ( 14.10000000000099973, 13.47997558521310069, 27.97056950121070074 ) ) ;
#2186 = ORIENTED_EDGE ( 'NONE', *, *, #11092, .F. ) ;
#2187 = EDGE_CURVE ( 'NONE', #2961, #12474, #8007, .T. ) ;
#2188 = CARTESIAN_POINT ( 'NONE',  ( -73.40000000000000568, -2.066205161904769999E-14, 1.491883645478428116E-14 ) ) ;
#2189 = EDGE_LOOP ( 'NONE', ( #1296, #9346 ) ) ;
#2190 = DIRECTION ( 'NONE',  ( 0.000000000000000000, 1.000000000000000000, 9.714451465470228276E-14 ) ) ;
#2191 = CIRCLE ( 'NONE', #6596, 6.500000000000000000 ) ;
#2192 = CARTESIAN_POINT ( 'NONE',  ( 6.599999999999999645, 11.86318640331520058, 28.64026550785100156 ) ) ;
#2193 = AXIS2_PLACEMENT_3D ( 'NONE', #10330, #8496, #6480 ) ;
#2194 = EDGE_CURVE ( 'NONE', #3478, #2744, #1005, .T. ) ;
#2195 = CYLINDRICAL_SURFACE ( 'NONE', #4545, 0.2999999999999999889 ) ;
#2196 = ORIENTED_EDGE ( 'NONE', *, *, #6857, .T. ) ;
#2197 = CONICAL_SURFACE ( 'NONE', #7212, 1.249999999999987121, 1.029744258676653645 ) ;
#2198 = EDGE_LOOP ( 'NONE', ( #7755, #4174, #2463, #6540 ) ) ;
#2199 = VECTOR ( 'NONE', #10421, 1000.000000000000000 ) ;
#2200 = AXIS2_PLACEMENT_3D ( 'NONE', #8109, #5184, #4186 ) ;
#2201 = EDGE_CURVE ( 'NONE', #6301, #10539, #940, .T. ) ;
#2202 = EDGE_LOOP ( 'NONE', ( #12519, #1605, #9396, #10951 ) ) ;
#2203 = CARTESIAN_POINT ( 'NONE',  ( -56.21032168798580386, -23.30076172173459881, -3.337214884742405019 ) ) ;
#2204 = ADVANCED_FACE ( 'NONE', ( #10759, #9839 ), #12003, .F. ) ;
#2205 = CIRCLE ( 'NONE', #6817, 1.249999999999987121 ) ;
#2206 = ORIENTED_EDGE ( 'NONE', *, *, #6791, .F. ) ;
#2207 = DIRECTION ( 'NONE',  ( -1.000000000000000000, -2.638697247430395030E-33, -6.370378681743239884E-33 ) ) ;
#2208 = CONICAL_SURFACE ( 'NONE', #9097, 44.69999999999999574, 0.7853981633974659315 ) ;
#2209 = VERTEX_POINT ( 'NONE', #2974 ) ;
#2210 = CARTESIAN_POINT ( 'NONE',  ( -72.84391516214240880, -9.734730684087701036, 20.26814047978455235 ) ) ;
#2211 = CYLINDRICAL_SURFACE ( 'NONE', #8324, 1.000000000000000000 ) ;
#2212 = VERTEX_POINT ( 'NONE', #878 ) ;
#2213 = ORIENTED_EDGE ( 'NONE', *, *, #9878, .T. ) ;
#2214 = DIRECTION ( 'NONE',  ( 0.000000000000000000, 0.000000000000000000, -1.000000000000000000 ) ) ;
#2215 = AXIS2_PLACEMENT_3D ( 'NONE', #2335, #8541, #7438 ) ;
#2216 = AXIS2_PLACEMENT_3D ( 'NONE', #11597, #1640, #10678 ) ;
#2217 = CARTESIAN_POINT ( 'NONE',  ( 17.54641016151380128, 10.32496762055670025, 27.61246057676180143 ) ) ;
#2218 = ORIENTED_EDGE ( 'NONE', *, *, #3946, .F. ) ;
#2219 = CARTESIAN_POINT ( 'NONE',  ( -72.84391516214240880, 7.598956686223020895, 4.970350582873690470 ) ) ;
#2220 = AXIS2_PLACEMENT_3D ( 'NONE', #3010, #11007, #7718 ) ;
#2221 = AXIS2_PLACEMENT_3D ( 'NONE', #5121, #10085, #5062 ) ;
#2222 = CARTESIAN_POINT ( 'NONE',  ( -72.84391516214240880, -13.05319795599383959, 7.030399926151990719 ) ) ;
#2223 = ORIENTED_EDGE ( 'NONE', *, *, #3114, .F. ) ;
#2224 = PLANE ( 'NONE',  #3239 ) ;
#2225 = VECTOR ( 'NONE', #11824, 1000.000000000000227 ) ;
#2226 = AXIS2_PLACEMENT_3D ( 'NONE', #3106, #6126, #7941 ) ;
#2227 = ADVANCED_FACE ( 'NONE', ( #3034 ), #10545, .T. ) ;
#2228 = PLANE ( 'NONE',  #1142 ) ;
#2229 = LINE ( 'NONE', #11461, #4710 ) ;
#2230 = LINE ( 'NONE', #6233, #10391 ) ;
#2231 = DIRECTION ( 'NONE',  ( 0.000000000000000000, -0.9238795325112870716, 0.3826834323650889491 ) ) ;
#2232 = DIRECTION ( 'NONE',  ( 0.000000000000000000, 0.000000000000000000, -1.000000000000000000 ) ) ;
#2233 = ORIENTED_EDGE ( 'NONE', *, *, #1093, .F. ) ;
#2234 = VECTOR ( 'NONE', #2420, 1000.000000000000114 ) ;
#2235 = DIRECTION ( 'NONE',  ( -1.000000000000000000, 0.000000000000000000, 0.000000000000000000 ) ) ;
#2236 = EDGE_CURVE ( 'NONE', #501, #11177, #9050, .T. ) ;
#2237 = DIRECTION ( 'NONE',  ( 0.000000000000000000, -0.8314696123025479002, -0.5555702330195982919 ) ) ;
#2238 = ORIENTED_EDGE ( 'NONE', *, *, #687, .T. ) ;
#2239 = FACE_OUTER_BOUND ( 'NONE', #12048, .T. ) ;
#2240 = ORIENTED_EDGE ( 'NONE', *, *, #3670, .T. ) ;
#2241 = ORIENTED_EDGE ( 'NONE', *, *, #12418, .T. ) ;
#2242 = ORIENTED_EDGE ( 'NONE', *, *, #6403, .F. ) ;
#2243 = FACE_OUTER_BOUND ( 'NONE', #7455, .T. ) ;
#2244 = FACE_BOUND ( 'NONE', #1949, .T. ) ;
#2245 = DIRECTION ( 'NONE',  ( 1.000000000000000000, 0.000000000000000000, 0.000000000000000000 ) ) ;
#2246 =( NAMED_UNIT ( * ) PLANE_ANGLE_UNIT ( ) SI_UNIT ( $, .RADIAN. ) );
#2247 = LINE ( 'NONE', #9373, #4287 ) ;
#2248 = ORIENTED_EDGE ( 'NONE', *, *, #6144, .T. ) ;
#2249 = CARTESIAN_POINT ( 'NONE',  ( -56.21032168798580386, -15.83843479061540194, 14.67843599922770004 ) ) ;
#2250 = AXIS2_PLACEMENT_3D ( 'NONE', #9293, #12376, #2056 ) ;
#2251 = DIRECTION ( 'NONE',  ( 0.000000000000000000, 0.000000000000000000, 1.000000000000000000 ) ) ;
#2252 = ORIENTED_EDGE ( 'NONE', *, *, #10923, .F. ) ;
#2253 = DIRECTION ( 'NONE',  ( 0.000000000000000000, 0.8314696123025481223, 0.5555702330195977368 ) ) ;
#2254 = AXIS2_PLACEMENT_3D ( 'NONE', #488, #8852, #10965 ) ;
#2255 = CARTESIAN_POINT ( 'NONE',  ( -59.50000000000000000, -28.64026550785125380, 11.86318640331655949 ) ) ;
#2256 = DIRECTION ( 'NONE',  ( 0.000000000000000000, 1.000000000000000000, 9.714451465470232062E-14 ) ) ;
#2257 = AXIS2_PLACEMENT_3D ( 'NONE', #5328, #10219, #4142 ) ;
#2258 = DIRECTION ( 'NONE',  ( -1.000000000000000000, -2.638697247430395030E-33, -6.370378681743239884E-33 ) ) ;
#2259 = EDGE_LOOP ( 'NONE', ( #6557, #2539, #9642, #7056 ) ) ;
#2260 = ADVANCED_FACE ( 'NONE', ( #9375 ), #1197, .T. ) ;
#2261 = CARTESIAN_POINT ( 'NONE',  ( -73.59999999999999432, -16.62303246665929990, 3.638308894581370190 ) ) ;
#2262 = DIRECTION ( 'NONE',  ( 1.000000000000000000, 0.000000000000000000, 0.000000000000000000 ) ) ;
#2263 = CIRCLE ( 'NONE', #2894, 1.599999999999996758 ) ;
#2264 = EDGE_CURVE ( 'NONE', #6169, #859, #8133, .T. ) ;
#2265 = VECTOR ( 'NONE', #12714, 999.9999999999998863 ) ;
#2266 = CARTESIAN_POINT ( 'NONE',  ( -73.59999999999999432, -21.24806270344179993, -10.14062775919740034 ) ) ;
#2267 = ORIENTED_EDGE ( 'NONE', *, *, #9781, .T. ) ;
#2268 = ORIENTED_EDGE ( 'NONE', *, *, #224, .F. ) ;
#2269 = EDGE_LOOP ( 'NONE', ( #3152, #9394, #7630, #10508 ) ) ;
#2270 = CARTESIAN_POINT ( 'NONE',  ( -73.59999999999999432, -10.39364474075195766, 4.305188614107244405 ) ) ;
#2271 = ORIENTED_EDGE ( 'NONE', *, *, #4614, .F. ) ;
#2272 = ORIENTED_EDGE ( 'NONE', *, *, #4614, .T. ) ;
#2273 = FACE_OUTER_BOUND ( 'NONE', #4358, .T. ) ;
#2274 = EDGE_LOOP ( 'NONE', ( #6727, #1804, #11556 ) ) ;
#2275 = CIRCLE ( 'NONE', #4801, 44.71208468574654660 ) ;
#2276 = DIRECTION ( 'NONE',  ( 0.000000000000000000, 0.000000000000000000, -1.000000000000000000 ) ) ;
#2277 = ORIENTED_EDGE ( 'NONE', *, *, #380, .F. ) ;
#2278 = DIRECTION ( 'NONE',  ( 4.112988807310475227E-18, 0.9238795325112871826, -0.3826834323650885605 ) ) ;
#2279 = CARTESIAN_POINT ( 'NONE',  ( -73.59999999999999432, -13.17888157537352001, 11.95322468718295994 ) ) ;
#2280 = LINE ( 'NONE', #2219, #9207 ) ;
#2281 = CARTESIAN_POINT ( 'NONE',  ( -72.84391516214240880, -20.87897750816440023, -2.716762450705650256 ) ) ;
#2282 = EDGE_LOOP ( 'NONE', ( #4893, #304, #10217, #5437, #909, #11887, #4985, #624, #4232 ) ) ;
#2283 = ORIENTED_EDGE ( 'NONE', *, *, #6157, .F. ) ;
#2284 = DIRECTION ( 'NONE',  ( 1.000000000000000000, 0.000000000000000000, 0.000000000000000000 ) ) ;
#2285 = ADVANCED_FACE ( 'NONE', ( #12128 ), #8201, .F. ) ;
#2286 = DIRECTION ( 'NONE',  ( 1.000000000000000000, -6.705557021117060106E-18, -5.440889002481110112E-18 ) ) ;
#2287 = EDGE_CURVE ( 'NONE', #1723, #4805, #9907, .T. ) ;
#2288 = CARTESIAN_POINT ( 'NONE',  ( -14.90000000000000036, 6.045201197718049712E-15, -3.490198538808399630E-15 ) ) ;
#2289 = CARTESIAN_POINT ( 'NONE',  ( -73.29999999999999716, 4.448338024599770790, -16.87467892491325117 ) ) ;
#2290 = CARTESIAN_POINT ( 'NONE',  ( -78.79999999999999716, -23.55776153472005063, -9.183919178284670082 ) ) ;
#2291 = EDGE_CURVE ( 'NONE', #8855, #8453, #9178, .T. ) ;
#2292 = FACE_OUTER_BOUND ( 'NONE', #9040, .T. ) ;
#2293 = ORIENTED_EDGE ( 'NONE', *, *, #5895, .T. ) ;
#2294 = EDGE_CURVE ( 'NONE', #7274, #3710, #9118, .T. ) ;
#2295 = LINE ( 'NONE', #8050, #7135 ) ;
#2296 = ADVANCED_FACE ( 'NONE', ( #1256 ), #4407, .T. ) ;
#2297 = CARTESIAN_POINT ( 'NONE',  ( 5.599999999999999645, 21.25000000000000000, -36.80607966083870508 ) ) ;
#2298 = EDGE_LOOP ( 'NONE', ( #11483, #8303, #7748, #3432 ) ) ;
#2299 = EDGE_CURVE ( 'NONE', #209, #7625, #7636, .T. ) ;
#2300 = CARTESIAN_POINT ( 'NONE',  ( 17.60000000000000142, -11.86318640331920093, 28.64026550784825176 ) ) ;
#2301 = PLANE ( 'NONE',  #544 ) ;
#2302 = EDGE_LOOP ( 'NONE', ( #4315, #5932, #5483, #11564 ) ) ;
#2303 = DIRECTION ( 'NONE',  ( -7.592831564818951247E-18, -0.3826834323650886160, -0.9238795325112872936 ) ) ;
#2304 = EDGE_CURVE ( 'NONE', #566, #2993, #9244, .T. ) ;
#2305 = AXIS2_PLACEMENT_3D ( 'NONE', #1856, #7383, #5855 ) ;
#2306 = CARTESIAN_POINT ( 'NONE',  ( -65.19999999999998863, -2.066205161904769999E-14, 1.491883645478428116E-14 ) ) ;
#2307 = DIRECTION ( 'NONE',  ( 1.000000000000000000, -1.159058001766241925E-16, 6.264279228234968532E-17 ) ) ;
#2308 = LINE ( 'NONE', #6179, #7361 ) ;
#2309 = DIRECTION ( 'NONE',  ( 1.000000000000000000, -3.090821338043315087E-16, 1.871678662600109722E-16 ) ) ;
#2310 = ORIENTED_EDGE ( 'NONE', *, *, #8516, .F. ) ;
#2311 = CARTESIAN_POINT ( 'NONE',  ( 6.599999999999999645, -28.64026550784945258, -11.86318640331884033 ) ) ;
#2312 = VECTOR ( 'NONE', #7097, 999.9999999999998863 ) ;
#2313 = AXIS2_PLACEMENT_3D ( 'NONE', #6603, #11643, #4574 ) ;
#2314 = LINE ( 'NONE', #12389, #10918 ) ;
#2315 = EDGE_CURVE ( 'NONE', #8543, #11443, #4149, .T. ) ;
#2316 = CIRCLE ( 'NONE', #2940, 44.49999999999523936 ) ;
#2317 = EDGE_LOOP ( 'NONE', ( #6525, #3515 ) ) ;
#2318 = LINE ( 'NONE', #8526, #5575 ) ;
#2319 = CIRCLE ( 'NONE', #2532, 1.750000000000001110 ) ;
#2320 = DIRECTION ( 'NONE',  ( 0.7071067811865350272, 0.7071067811865598962, 2.530070430342439028E-15 ) ) ;
#2321 = DIRECTION ( 'NONE',  ( 1.000000000000000000, -6.322502648911709143E-17, 9.462293898829198836E-17 ) ) ;
#2322 = AXIS2_PLACEMENT_3D ( 'NONE', #10298, #11165, #10362 ) ;
#2323 = LINE ( 'NONE', #6329, #5261 ) ;
#2324 = CONICAL_SURFACE ( 'NONE', #10260, 44.69999999999999574, 0.7853981633973967647 ) ;
#2325 = ORIENTED_EDGE ( 'NONE', *, *, #6510, .T. ) ;
#2326 = CARTESIAN_POINT ( 'NONE',  ( -78.79999999999999716, -11.54169503784721940, 1.533550016573385077 ) ) ;
#2327 = AXIS2_PLACEMENT_3D ( 'NONE', #3828, #7811, #11811 ) ;
#2328 = VECTOR ( 'NONE', #8314, 1000.000000000000227 ) ;
#2329 = CARTESIAN_POINT ( 'NONE',  ( 14.10000000000099973, 28.64026550785025194, 11.86318640331695917 ) ) ;
#2330 = ORIENTED_EDGE ( 'NONE', *, *, #7742, .T. ) ;
#2331 = ORIENTED_EDGE ( 'NONE', *, *, #86, .T. ) ;
#2332 = VECTOR ( 'NONE', #10756, 1000.000000000000000 ) ;
#2333 = EDGE_CURVE ( 'NONE', #8423, #8763, #6318, .T. ) ;
#2334 = EDGE_LOOP ( 'NONE', ( #65, #7986, #2293 ) ) ;
#2335 = CARTESIAN_POINT ( 'NONE',  ( -11.90000000000000568, -21.24999999999965894, -36.80607966083884008 ) ) ;
#2336 = ORIENTED_EDGE ( 'NONE', *, *, #12369, .F. ) ;
#2337 = EDGE_LOOP ( 'NONE', ( #11890, #8749, #6714, #10711 ) ) ;
#2338 = CARTESIAN_POINT ( 'NONE',  ( -72.59999999999999432, -1.573077990421341054E-12, -1.750927483459624843E-12 ) ) ;
#2339 = ORIENTED_EDGE ( 'NONE', *, *, #600, .T. ) ;
#2340 = ADVANCED_FACE ( 'NONE', ( #8258 ), #10165, .F. ) ;
#2341 = CARTESIAN_POINT ( 'NONE',  ( -14.90000000000000036, 6.045201197718049712E-15, -3.490198538808399630E-15 ) ) ;
#2342 = VERTEX_POINT ( 'NONE', #221 ) ;
#2343 = ORIENTED_EDGE ( 'NONE', *, *, #4467, .T. ) ;
#2344 = VECTOR ( 'NONE', #845, 1000.000000000000227 ) ;
#2345 = DIRECTION ( 'NONE',  ( 1.000000000000000000, 2.638697247430395030E-33, 6.370378681743239884E-33 ) ) ;
#2346 =( GEOMETRIC_REPRESENTATION_CONTEXT ( 3 ) GLOBAL_UNCERTAINTY_ASSIGNED_CONTEXT ( ( #774 ) ) GLOBAL_UNIT_ASSIGNED_CONTEXT ( ( #3160, #2246, #9433 ) ) REPRESENTATION_CONTEXT ( 'NONE', 'WORKASPACE' ) );
#2347 = CARTESIAN_POINT ( 'NONE',  ( -78.79999999999999716, -5.003247639239299716, 19.93188433290860218 ) ) ;
#2348 = DIRECTION ( 'NONE',  ( 0.000000000000000000, 1.047444401652941111E-14, 1.000000000000000000 ) ) ;
#2349 = CARTESIAN_POINT ( 'NONE',  ( -73.59999999999999432, -10.39364474075195766, 4.305188614107244405 ) ) ;
#2350 = EDGE_LOOP ( 'NONE', ( #964, #5312, #6867, #2842 ) ) ;
#2351 = AXIS2_PLACEMENT_3D ( 'NONE', #12395, #2447, #8846 ) ;
#2352 = EDGE_CURVE ( 'NONE', #5744, #10909, #7127, .T. ) ;
#2353 = ORIENTED_EDGE ( 'NONE', *, *, #4349, .T. ) ;
#2354 = DIRECTION ( 'NONE',  ( -1.000000000000000000, 0.000000000000000000, 0.000000000000000000 ) ) ;
#2355 = AXIS2_PLACEMENT_3D ( 'NONE', #1548, #4581, #1753 ) ;
#2356 = CARTESIAN_POINT ( 'NONE',  ( -72.09999999999999432, 14.81125231420470101, -16.74251344204130021 ) ) ;
#2357 = CARTESIAN_POINT ( 'NONE',  ( 14.10000000000099973, 32.53821878275815749, 1.027804931084209228 ) ) ;
#2358 = DIRECTION ( 'NONE',  ( -1.000000000000000000, 2.905650844594784848E-18, 7.014861676541860420E-18 ) ) ;
#2359 = DIRECTION ( 'NONE',  ( 0.000000000000000000, 0.3826834323650881720, 0.9238795325112874046 ) ) ;
#2360 = VECTOR ( 'NONE', #12443, 1000.000000000000000 ) ;
#2361 = FACE_OUTER_BOUND ( 'NONE', #7059, .T. ) ;
#2362 = VERTEX_POINT ( 'NONE', #5138 ) ;
#2364 = EDGE_CURVE ( 'NONE', #985, #7962, #849, .T. ) ;
#2363 = DIRECTION ( 'NONE',  ( -1.000000000000000000, 6.705557021117060106E-18, 5.440889002481110112E-18 ) ) ;
#2365 = AXIS2_PLACEMENT_3D ( 'NONE', #12810, #11777, #5893 ) ;
#2366 = DIRECTION ( 'NONE',  ( 0.7071067811865350272, 0.000000000000000000, 0.7071067811865600072 ) ) ;
#2367 = EDGE_CURVE ( 'NONE', #938, #7613, #12261, .T. ) ;
#2368 = ORIENTED_EDGE ( 'NONE', *, *, #7544, .T. ) ;
#2369 = DIRECTION ( 'NONE',  ( 1.000000000000000000, -1.067925513466054003E-16, 6.551204957150059656E-17 ) ) ;
#2370 = CYLINDRICAL_SURFACE ( 'NONE', #331, 34.90000000000001279 ) ;
#2371 = ADVANCED_FACE ( 'NONE', ( #10226 ), #5273, .F. ) ;
#2372 = VERTEX_POINT ( 'NONE', #2380 ) ;
#2373 = LINE ( 'NONE', #4201, #10196 ) ;
#2374 = EDGE_CURVE ( 'NONE', #4512, #209, #10359, .T. ) ;
#2375 = DIRECTION ( 'NONE',  ( -9.941108744852762574E-17, -0.8314696123025480112, -0.5555702330195979588 ) ) ;
#2376 = CARTESIAN_POINT ( 'NONE',  ( -59.50000000000000000, -20.38209143402514556, -20.89250528569815302 ) ) ;
#2377 = DIRECTION ( 'NONE',  ( -1.000000000000000000, 2.905650844594894626E-18, 7.014861676541880450E-18 ) ) ;
#2378 = DIRECTION ( 'NONE',  ( 1.000000000000000000, 0.000000000000000000, 0.000000000000000000 ) ) ;
#2379 = ORIENTED_EDGE ( 'NONE', *, *, #6687, .T. ) ;
#2380 = CARTESIAN_POINT ( 'NONE',  ( -73.59999999999999432, 30.67280047937486032, -12.70508995452058620 ) ) ;
#2381 = CARTESIAN_POINT ( 'NONE',  ( -72.84391516214240880, -19.94149973856539759, -9.599431659051191446 ) ) ;
#2382 = ORIENTED_EDGE ( 'NONE', *, *, #11028, .F. ) ;
#2383 = DIRECTION ( 'NONE',  ( -1.000000000000000000, 2.158025383142854858E-16, -5.782411586590619570E-17 ) ) ;
#2384 = CARTESIAN_POINT ( 'NONE',  ( -1.899999999999999911, 23.17031021678435110, -21.92031021678150182 ) ) ;
#2385 = CARTESIAN_POINT ( 'NONE',  ( -72.84391516214240880, -18.55568043979849691, -10.17345680759881787 ) ) ;
#2386 = CARTESIAN_POINT ( 'NONE',  ( -73.59999999999999432, -23.30076172173459881, -3.337214884742405019 ) ) ;
#2387 = ORIENTED_EDGE ( 'NONE', *, *, #5840, .F. ) ;
#2388 = FACE_OUTER_BOUND ( 'NONE', #2468, .T. ) ;
#2389 = ADVANCED_FACE ( 'NONE', ( #3612 ), #1710, .F. ) ;
#2390 = FACE_OUTER_BOUND ( 'NONE', #6710, .T. ) ;
#2391 = ORIENTED_EDGE ( 'NONE', *, *, #5821, .F. ) ;
#2392 = VERTEX_POINT ( 'NONE', #7539 ) ;
#2393 = ORIENTED_EDGE ( 'NONE', *, *, #4001, .F. ) ;
#2394 = CARTESIAN_POINT ( 'NONE',  ( 6.599999999999999645, -27.39026550785025194, 11.86318640331711904 ) ) ;
#2395 = EDGE_LOOP ( 'NONE', ( #7687, #1403, #11749, #8301 ) ) ;
#2396 = EDGE_LOOP ( 'NONE', ( #2982, #4717, #8684, #3244 ) ) ;
#2397 = CYLINDRICAL_SURFACE ( 'NONE', #3473, 1.249999999999999334 ) ;
#2398 = EDGE_LOOP ( 'NONE', ( #5212, #7973, #8312, #8338 ) ) ;
#2399 = CYLINDRICAL_SURFACE ( 'NONE', #12768, 44.90000000000000568 ) ;
#2400 = TOROIDAL_SURFACE ( 'NONE', #11013, 1.300000000000000044, 0.2999999999999999889 ) ;
#2401 = ORIENTED_EDGE ( 'NONE', *, *, #4681, .T. ) ;
#2402 = AXIS2_PLACEMENT_3D ( 'NONE', #11459, #10401, #4513 ) ;
#2403 = DIRECTION ( 'NONE',  ( 0.000000000000000000, -0.9238795325112789669, 0.3826834323651084890 ) ) ;
#2404 = EDGE_CURVE ( 'NONE', #2579, #9654, #10685, .T. ) ;
#2405 = CIRCLE ( 'NONE', #11405, 1.000000000000000888 ) ;
#2406 = DIRECTION ( 'NONE',  ( 0.000000000000000000, 0.8314696123025479002, 0.5555702330195982919 ) ) ;
#2407 = EDGE_CURVE ( 'NONE', #8413, #9096, #5245, .T. ) ;
#2408 = AXIS2_PLACEMENT_3D ( 'NONE', #933, #7736, #3619 ) ;
#2409 = AXIS2_PLACEMENT_3D ( 'NONE', #69, #1963, #2033 ) ;
#2410 = DIRECTION ( 'NONE',  ( -1.000000000000000000, 1.067925513466054003E-16, -6.551204957150059656E-17 ) ) ;
#2411 = ORIENTED_EDGE ( 'NONE', *, *, #10855, .F. ) ;
#2412 = AXIS2_PLACEMENT_3D ( 'NONE', #1539, #5551, #9537 ) ;
#2413 = AXIS2_PLACEMENT_3D ( 'NONE', #10295, #8199, #12195 ) ;
#2414 = VERTEX_POINT ( 'NONE', #9437 ) ;
#2415 = CARTESIAN_POINT ( 'NONE',  ( 5.599999999999999645, -21.24999999999965183, 36.80607966083884719 ) ) ;
#2416 = DIRECTION ( 'NONE',  ( 4.112988807310475997E-18, 0.9238795325112874046, -0.3826834323650881720 ) ) ;
#2417 = CIRCLE ( 'NONE', #9100, 1.599999999999997202 ) ;
#2418 = AXIS2_PLACEMENT_3D ( 'NONE', #10245, #1086, #6139 ) ;
#2419 = LINE ( 'NONE', #5382, #10360 ) ;
#2420 = DIRECTION ( 'NONE',  ( 0.5150380749100560429, 0.8571673007021111124, 8.222228984407219466E-14 ) ) ;
#2421 = CARTESIAN_POINT ( 'NONE',  ( -73.59999999999999432, -14.69038449352011888, 17.45007459676154937 ) ) ;
#2422 = VECTOR ( 'NONE', #2557, 999.9999999999998863 ) ;
#2423 = DIRECTION ( 'NONE',  ( 1.000000000000000000, 0.000000000000000000, 0.000000000000000000 ) ) ;
#2424 = VERTEX_POINT ( 'NONE', #665 ) ;
#2425 = CIRCLE ( 'NONE', #4095, 1.750000000000000222 ) ;
#2426 = CARTESIAN_POINT ( 'NONE',  ( 14.09999999999999964, 28.64026550784820202, -11.86318640331981911 ) ) ;
#2427 = FACE_OUTER_BOUND ( 'NONE', #3329, .T. ) ;
#2428 = AXIS2_PLACEMENT_3D ( 'NONE', #11143, #199, #3 ) ;
#2429 = CONICAL_SURFACE ( 'NONE', #9948, 1.249999999999985567, 1.029744258676652313 ) ;
#2430 = ORIENTED_EDGE ( 'NONE', *, *, #2517, .F. ) ;
#2431 = AXIS2_PLACEMENT_3D ( 'NONE', #12514, #8334, #7419 ) ;
#2432 = DIRECTION ( 'NONE',  ( -1.000000000000000000, 1.001543065824859873E-16, -5.782411586590320049E-17 ) ) ;
#2433 = ADVANCED_FACE ( 'NONE', ( #6637 ), #10428, .T. ) ;
#2434 = DIRECTION ( 'NONE',  ( -1.000000000000000000, 6.322502648911709143E-17, -9.462293898829198836E-17 ) ) ;
#2435 = VERTEX_POINT ( 'NONE', #11545 ) ;
#2436 = VERTEX_POINT ( 'NONE', #4599 ) ;
#2437 = DIRECTION ( 'NONE',  ( 1.000000000000000000, -6.322502648911719004E-17, 9.462293898829198836E-17 ) ) ;
#2438 = DIRECTION ( 'NONE',  ( 0.000000000000000000, 0.8314696123025481223, 0.5555702330195977368 ) ) ;
#2439 = CYLINDRICAL_SURFACE ( 'NONE', #12258, 34.90000000000001279 ) ;
#2440 = CARTESIAN_POINT ( 'NONE',  ( -1.899999999999999911, -31.00000000000000000, -9.693681929906711246E-13 ) ) ;
#2441 = DIRECTION ( 'NONE',  ( 1.000000000000000000, -6.322502648911709143E-17, 9.462293898829198836E-17 ) ) ;
#2442 = ORIENTED_EDGE ( 'NONE', *, *, #1552, .T. ) ;
#2443 = CARTESIAN_POINT ( 'NONE',  ( 14.10000000000099973, 21.92031021678360148, 21.92031021678235092 ) ) ;
#2444 = DIRECTION ( 'NONE',  ( 1.000000000000000000, 0.000000000000000000, 0.000000000000000000 ) ) ;
#2445 = VERTEX_POINT ( 'NONE', #8713 ) ;
#2446 = CARTESIAN_POINT ( 'NONE',  ( -73.59999999999999432, -13.60002663036609860, -7.355390924575829992 ) ) ;
#2447 = DIRECTION ( 'NONE',  ( 1.000000000000000000, 0.000000000000000000, 0.000000000000000000 ) ) ;
#2448 = LINE ( 'NONE', #10498, #972 ) ;
#2449 = ADVANCED_FACE ( 'NONE', ( #3547 ), #4473, .F. ) ;
#2450 = CARTESIAN_POINT ( 'NONE',  ( 14.09999999999999964, -30.17848429061094961, 10.83538147223029924 ) ) ;
#2451 = VERTEX_POINT ( 'NONE', #6695 ) ;
#2452 = VECTOR ( 'NONE', #9515, 1000.000000000000114 ) ;
#2453 = CARTESIAN_POINT ( 'NONE',  ( -59.50000000000000000, -11.86318640331920093, 28.64026550784825176 ) ) ;
#2454 = ORIENTED_EDGE ( 'NONE', *, *, #11389, .T. ) ;
#2455 = ADVANCED_FACE ( 'NONE', ( #2636 ), #2502, .F. ) ;
#2456 = EDGE_CURVE ( 'NONE', #5418, #11771, #8581, .T. ) ;
#2457 = EDGE_CURVE ( 'NONE', #5674, #4498, #5462, .T. ) ;
#2458 = DIRECTION ( 'NONE',  ( 1.000000000000000000, 0.000000000000000000, 0.000000000000000000 ) ) ;
#2459 = ORIENTED_EDGE ( 'NONE', *, *, #1659, .T. ) ;
#2460 = VERTEX_POINT ( 'NONE', #11419 ) ;
#2461 = EDGE_CURVE ( 'NONE', #9166, #4688, #2729, .T. ) ;
#2462 = AXIS2_PLACEMENT_3D ( 'NONE', #8317, #7340, #11348 ) ;
#2463 = ORIENTED_EDGE ( 'NONE', *, *, #7054, .F. ) ;
#2464 = CYLINDRICAL_SURFACE ( 'NONE', #11834, 1.850000000000000311 ) ;
#2465 = EDGE_LOOP ( 'NONE', ( #8536, #3219, #11043, #1645 ) ) ;
#2466 = ORIENTED_EDGE ( 'NONE', *, *, #4122, .F. ) ;
#2467 = LINE ( 'NONE', #8481, #10160 ) ;
#2468 = EDGE_LOOP ( 'NONE', ( #1627, #1837, #7607 ) ) ;
#2469 = CARTESIAN_POINT ( 'NONE',  ( -11.90000000000001101, -36.80607966083859850, 21.25000000000000000 ) ) ;
#2470 = EDGE_CURVE ( 'NONE', #4632, #8232, #5044, .T. ) ;
#2471 = EDGE_LOOP ( 'NONE', ( #11812, #4680 ) ) ;
#2472 = VECTOR ( 'NONE', #6771, 1000.000000000000114 ) ;
#2473 = DIRECTION ( 'NONE',  ( 0.000000000000000000, -0.9238795325112789669, 0.3826834323651084890 ) ) ;
#2474 = DIRECTION ( 'NONE',  ( 0.000000000000000000, 1.000000000000000000, 0.000000000000000000 ) ) ;
#2475 = DIRECTION ( 'NONE',  ( 0.000000000000000000, -0.8314696123025479002, -0.5555702330195982919 ) ) ;
#2476 = EDGE_LOOP ( 'NONE', ( #8022, #6906, #8186, #12391 ) ) ;
#2477 = ADVANCED_FACE ( 'NONE', ( #6445 ), #1578, .F. ) ;
#2478 = VECTOR ( 'NONE', #3735, 1000.000000000000000 ) ;
#2479 = ORIENTED_EDGE ( 'NONE', *, *, #1401, .F. ) ;
#2480 = DIRECTION ( 'NONE',  ( 0.000000000000000000, -0.8314696123025481223, -0.5555702330195979588 ) ) ;
#2481 = DIRECTION ( 'NONE',  ( 0.000000000000000000, 1.000000000000000000, 0.000000000000000000 ) ) ;
#2482 = DIRECTION ( 'NONE',  ( 1.000000000000000000, -1.067925513466054003E-16, 6.551204957150059656E-17 ) ) ;
#2483 = FACE_OUTER_BOUND ( 'NONE', #1278, .T. ) ;
#2484 = FACE_OUTER_BOUND ( 'NONE', #1483, .T. ) ;
#2485 = CARTESIAN_POINT ( 'NONE',  ( 17.54641016151380128, -21.92031021678490177, -21.92031021678440084 ) ) ;
#2486 = VERTEX_POINT ( 'NONE', #3489 ) ;
#2487 = LINE ( 'NONE', #4393, #3567 ) ;
#2488 = CARTESIAN_POINT ( 'NONE',  ( -72.84391516214240880, 8.747006983318289741, 7.741989180407549576 ) ) ;
#2489 = EDGE_LOOP ( 'NONE', ( #2442, #4461, #9496, #6077 ) ) ;
#2490 = CARTESIAN_POINT ( 'NONE',  ( -72.09999999999999432, 19.67662893320859752, -11.74870624158758048 ) ) ;
#2491 = DIRECTION ( 'NONE',  ( 0.000000000000000000, -0.9238795325112872936, 0.3826834323650886160 ) ) ;
#2492 = EDGE_CURVE ( 'NONE', #5516, #4489, #7480, .T. ) ;
#2493 = VERTEX_POINT ( 'NONE', #9498 ) ;
#2494 = EDGE_LOOP ( 'NONE', ( #10925, #11062, #4555, #7298 ) ) ;
#2495 = DIRECTION ( 'NONE',  ( 7.592831564818952788E-18, 0.3826834323650861736, 0.9238795325112884038 ) ) ;
#2496 = DIRECTION ( 'NONE',  ( 0.000000000000000000, -0.8314696123025480112, -0.5555702330195980698 ) ) ;
#2497 = CARTESIAN_POINT ( 'NONE',  ( 17.54641016151380128, 32.53821878275815038, 1.027804931084206119 ) ) ;
#2498 = ADVANCED_FACE ( 'NONE', ( #8520 ), #1051, .T. ) ;
#2499 = CARTESIAN_POINT ( 'NONE',  ( -1.899999999999999911, 11.86318640331944074, -28.64026550784920033 ) ) ;
#2500 = DIRECTION ( 'NONE',  ( 1.000000000000000000, -6.705557021117060106E-18, -5.440889002481110112E-18 ) ) ;
#2501 = ORIENTED_EDGE ( 'NONE', *, *, #4336, .F. ) ;
#2502 = PLANE ( 'NONE',  #222 ) ;
#2503 = CARTESIAN_POINT ( 'NONE',  ( -73.59999999999999432, 23.75533050756699893, -17.06417362153884909 ) ) ;
#2504 = ORIENTED_EDGE ( 'NONE', *, *, #3206, .T. ) ;
#2505 = EDGE_CURVE ( 'NONE', #4925, #1658, #12751, .T. ) ;
#2506 = LINE ( 'NONE', #3425, #3033 ) ;
#2507 = DIRECTION ( 'NONE',  ( 0.5150380749100560429, 0.8571673007021111124, 8.222228984407219466E-14 ) ) ;
#2508 = CARTESIAN_POINT ( 'NONE',  ( 6.599999999999999645, 28.64026550784895164, 11.86318640332005891 ) ) ;
#2509 = DIRECTION ( 'NONE',  ( 1.000000000000000000, -2.905650844594904641E-18, -7.014861676541880450E-18 ) ) ;
#2510 = EDGE_LOOP ( 'NONE', ( #7312, #1957 ) ) ;
#2511 = FACE_OUTER_BOUND ( 'NONE', #5568, .T. ) ;
#2512 = ORIENTED_EDGE ( 'NONE', *, *, #4091, .T. ) ;
#2513 = AXIS2_PLACEMENT_3D ( 'NONE', #1787, #4074, #3953 ) ;
#2514 = ADVANCED_FACE ( 'NONE', ( #10749 ), #5846, .T. ) ;
#2515 = DIRECTION ( 'NONE',  ( -1.000000000000000000, 6.322502648911709143E-17, -9.462293898829198836E-17 ) ) ;
#2516 = ORIENTED_EDGE ( 'NONE', *, *, #10666, .T. ) ;
#2517 = EDGE_CURVE ( 'NONE', #1601, #1741, #9825, .T. ) ;
#2518 = ORIENTED_EDGE ( 'NONE', *, *, #10164, .T. ) ;
#2519 = VECTOR ( 'NONE', #5524, 1000.000000000000000 ) ;
#2520 = AXIS2_PLACEMENT_3D ( 'NONE', #1757, #980, #64 ) ;
#2521 = ORIENTED_EDGE ( 'NONE', *, *, #7430, .F. ) ;
#2522 = FACE_OUTER_BOUND ( 'NONE', #8375, .T. ) ;
#2523 = ORIENTED_EDGE ( 'NONE', *, *, #6392, .F. ) ;
#2524 = EDGE_LOOP ( 'NONE', ( #10765, #6270, #3627, #11766 ) ) ;
#2525 = LINE ( 'NONE', #11448, #12248 ) ;
#2526 = ORIENTED_EDGE ( 'NONE', *, *, #3155, .T. ) ;
#2527 = ADVANCED_FACE ( 'NONE', ( #2763 ), #10464, .F. ) ;
#2528 = LINE ( 'NONE', #6533, #11523 ) ;
#2529 = ADVANCED_FACE ( 'NONE', ( #5064 ), #5968, .F. ) ;
#2530 = ORIENTED_EDGE ( 'NONE', *, *, #6563, .F. ) ;
#2531 = DIRECTION ( 'NONE',  ( 0.000000000000000000, 0.8314696123025483443, 0.5555702330195975147 ) ) ;
#2532 = AXIS2_PLACEMENT_3D ( 'NONE', #11974, #10937, #11781 ) ;
#2533 = CARTESIAN_POINT ( 'NONE',  ( -73.59999999999999432, -17.64539914437489898, -4.056154463983459912 ) ) ;
#2534 = CIRCLE ( 'NONE', #241, 2.049999999999999822 ) ;
#2535 = AXIS2_PLACEMENT_3D ( 'NONE', #570, #10714, #1610 ) ;
#2536 = DIRECTION ( 'NONE',  ( -7.592831564818952788E-18, -0.3826834323650881720, -0.9238795325112874046 ) ) ;
#2537 = ORIENTED_EDGE ( 'NONE', *, *, #12127, .T. ) ;
#2538 = EDGE_CURVE ( 'NONE', #1601, #7946, #7991, .T. ) ;
#2539 = ORIENTED_EDGE ( 'NONE', *, *, #5474, .F. ) ;
#2540 = DIRECTION ( 'NONE',  ( 1.000000000000000000, -1.984102504227365030E-17, 0.000000000000000000 ) ) ;
#2541 = VECTOR ( 'NONE', #9023, 1000.000000000000000 ) ;
#2542 = CARTESIAN_POINT ( 'NONE',  ( -78.79999999999999716, -20.32418317093049964, -10.52331119156246153 ) ) ;
#2543 = AXIS2_PLACEMENT_3D ( 'NONE', #7522, #3661, #1694 ) ;
#2544 = ADVANCED_FACE ( 'NONE', ( #10023 ), #7865, .T. ) ;
#2545 = CONICAL_SURFACE ( 'NONE', #4007, 1.249999999999987121, 1.029744258676652313 ) ;
#2546 = DIRECTION ( 'NONE',  ( 2.344629897928395690E-19, -0.6087614290087192126, 0.7933533402912363863 ) ) ;
#2547 = CARTESIAN_POINT ( 'NONE',  ( -78.79999999999999716, -9.581850590532669187, 2.345344166792679985 ) ) ;
#2548 = DIRECTION ( 'NONE',  ( -1.000000000000000000, 6.322502648911719004E-17, -9.462293898829198836E-17 ) ) ;
#2549 = ORIENTED_EDGE ( 'NONE', *, *, #11657, .F. ) ;
#2550 = DIRECTION ( 'NONE',  ( 0.000000000000000000, 0.000000000000000000, 1.000000000000000000 ) ) ;
#2551 = VECTOR ( 'NONE', #7362, 999.9999999999998863 ) ;
#2552 = LINE ( 'NONE', #6682, #10920 ) ;
#2553 = ORIENTED_EDGE ( 'NONE', *, *, #8225, .F. ) ;
#2554 = EDGE_CURVE ( 'NONE', #12802, #1631, #4194, .T. ) ;
#2555 = VECTOR ( 'NONE', #1252, 1000.000000000000000 ) ;
#2556 = FACE_BOUND ( 'NONE', #1924, .T. ) ;
#2557 = DIRECTION ( 'NONE',  ( 0.000000000000000000, -0.9238795325112874046, 0.3826834323650882275 ) ) ;
#2558 = VERTEX_POINT ( 'NONE', #12764 ) ;
#2559 = DIRECTION ( 'NONE',  ( 0.000000000000000000, -0.9238795325112788559, 0.3826834323651086556 ) ) ;
#2560 = ORIENTED_EDGE ( 'NONE', *, *, #4067, .T. ) ;
#2561 = CARTESIAN_POINT ( 'NONE',  ( -59.50000000000000000, -1.570568965864264971E-12, -1.747458028829555207E-12 ) ) ;
#2562 = AXIS2_PLACEMENT_3D ( 'NONE', #11742, #9897, #3883 ) ;
#2563 = DIRECTION ( 'NONE',  ( 1.000000000000000000, 0.000000000000000000, 0.000000000000000000 ) ) ;
#2564 = DIRECTION ( 'NONE',  ( 1.000000000000000000, 0.000000000000000000, 0.000000000000000000 ) ) ;
#2565 = DIRECTION ( 'NONE',  ( -1.000000000000000000, 1.001543065824859873E-16, -5.782411586590320049E-17 ) ) ;
#2566 = AXIS2_PLACEMENT_3D ( 'NONE', #6615, #9605, #9477 ) ;
#2567 = CARTESIAN_POINT ( 'NONE',  ( -59.50000000000000000, -28.64026550785125380, 11.86318640331655949 ) ) ;
#2568 = VERTEX_POINT ( 'NONE', #11923 ) ;
#2569 = DIRECTION ( 'NONE',  ( 1.000000000000000000, 0.000000000000000000, 0.000000000000000000 ) ) ;
#2570 = EDGE_CURVE ( 'NONE', #8892, #10254, #5786, .T. ) ;
#2571 = CARTESIAN_POINT ( 'NONE',  ( -1.899999999999999911, 11.86318640331520058, 28.64026550785100156 ) ) ;
#2572 = ORIENTED_EDGE ( 'NONE', *, *, #2815, .T. ) ;
#2573 = DIRECTION ( 'NONE',  ( 0.2588190451025481065, 0.8031379722975841018, 0.5366396363910610479 ) ) ;
#2574 = DIRECTION ( 'NONE',  ( 1.000000000000000000, 0.000000000000000000, 0.000000000000000000 ) ) ;
#2575 = DIRECTION ( 'NONE',  ( 1.000000000000000000, 0.000000000000000000, 0.000000000000000000 ) ) ;
#2576 = CARTESIAN_POINT ( 'NONE',  ( -73.59999999999999432, -16.13389622622829833, -9.553004373562060891 ) ) ;
#2577 = EDGE_CURVE ( 'NONE', #3736, #757, #10952, .T. ) ;
#2578 = PLANE ( 'NONE',  #8984 ) ;
#2579 = VERTEX_POINT ( 'NONE', #5910 ) ;
#2580 = LINE ( 'NONE', #5668, #3099 ) ;
#2581 = ORIENTED_EDGE ( 'NONE', *, *, #6163, .F. ) ;
#2582 = EDGE_CURVE ( 'NONE', #9356, #3900, #922, .T. ) ;
#2583 = EDGE_LOOP ( 'NONE', ( #5501, #4785 ) ) ;
#2584 = CARTESIAN_POINT ( 'NONE',  ( 17.54641016151380128, 11.86318640331641916, 28.64026550784804925 ) ) ;
#2585 = ORIENTED_EDGE ( 'NONE', *, *, #10510, .F. ) ;
#2586 = ORIENTED_EDGE ( 'NONE', *, *, #5049, .F. ) ;
#2587 = EDGE_CURVE ( 'NONE', #2673, #11771, #11511, .T. ) ;
#2588 = DIRECTION ( 'NONE',  ( -1.000000000000000000, 3.104650516289595075E-16, -1.871678662600109722E-16 ) ) ;
#2589 = ORIENTED_EDGE ( 'NONE', *, *, #10858, .T. ) ;
#2590 = ORIENTED_EDGE ( 'NONE', *, *, #4305, .F. ) ;
#2591 = DIRECTION ( 'NONE',  ( -6.705557021117060106E-18, -1.000000000000000000, 0.000000000000000000 ) ) ;
#2592 = ORIENTED_EDGE ( 'NONE', *, *, #2877, .T. ) ;
#2593 = CARTESIAN_POINT ( 'NONE',  ( 5.599999999999996092, -44.49999999999523936, -2.303207887645388045E-15 ) ) ;
#2594 = VERTEX_POINT ( 'NONE', #11731 ) ;
#2595 = EDGE_CURVE ( 'NONE', #10834, #6301, #992, .T. ) ;
#2596 = CARTESIAN_POINT ( 'NONE',  ( 6.599999999999999645, 13.11318640331516150, 28.64026550785110459 ) ) ;
#2597 = CARTESIAN_POINT ( 'NONE',  ( 6.599999999999999645, -13.47997558521311845, -27.97056950121070074 ) ) ;
#2598 = DIRECTION ( 'NONE',  ( 0.000000000000000000, 0.000000000000000000, -1.000000000000000000 ) ) ;
#2599 = ORIENTED_EDGE ( 'NONE', *, *, #12494, .F. ) ;
#2600 = EDGE_CURVE ( 'NONE', #11903, #11317, #6890, .T. ) ;
#2601 = ORIENTED_EDGE ( 'NONE', *, *, #2607, .T. ) ;
#2602 = DIRECTION ( 'NONE',  ( -8.632079425444802531E-18, -0.7933533402912363863, -0.6087614290087192126 ) ) ;
#2603 = DIRECTION ( 'NONE',  ( 1.000000000000000000, -6.322502648911719004E-17, 9.462293898829198836E-17 ) ) ;
#2604 = CIRCLE ( 'NONE', #7834, 0.4999999999999983902 ) ;
#2605 = UNCERTAINTY_MEASURE_WITH_UNIT (LENGTH_MEASURE( 1.000000000000000082E-05 ), #10845, 'distance_accuracy_value', 'NONE');
#2606 = CARTESIAN_POINT ( 'NONE',  ( -14.90000000000000036, 36.80607966083874771, 21.25000000000000000 ) ) ;
#2607 = EDGE_CURVE ( 'NONE', #3091, #5431, #5003, .T. ) ;
#2608 = FACE_OUTER_BOUND ( 'NONE', #9939, .T. ) ;
#2609 = AXIS2_PLACEMENT_3D ( 'NONE', #6832, #9766, #4743 ) ;
#2610 = TOROIDAL_SURFACE ( 'NONE', #9713, 5.500000000000000000, 1.000000000000000000 ) ;
#2611 = CARTESIAN_POINT ( 'NONE',  ( -73.59999999999999432, -12.26860027994992031, 18.07052703079829570 ) ) ;
#2612 = EDGE_LOOP ( 'NONE', ( #9873, #7255, #2393, #11087 ) ) ;
#2613 = CARTESIAN_POINT ( 'NONE',  ( -1.899999999999999911, -21.92031021678205249, -21.92031021678390346 ) ) ;
#2614 = CIRCLE ( 'NONE', #322, 1.750000000000001110 ) ;
#2615 = AXIS2_PLACEMENT_3D ( 'NONE', #1112, #4132, #1842 ) ;
#2616 = CARTESIAN_POINT ( 'NONE',  ( -78.79999999999999716, -14.77527340163674019, 2.872942029851194956 ) ) ;
#2617 = VERTEX_POINT ( 'NONE', #1845 ) ;
#2618 = ADVANCED_FACE ( 'NONE', ( #9891 ), #9195, .T. ) ;
#2619 = CARTESIAN_POINT ( 'NONE',  ( -72.84391516214240880, 12.18086100591546028, -19.61476803723614992 ) ) ;
#2620 = CARTESIAN_POINT ( 'NONE',  ( -14.90000000000000036, -36.80607966083859850, 19.65000000000000213 ) ) ;
#2621 = VECTOR ( 'NONE', #836, 1000.000000000000227 ) ;
#2622 = AXIS2_PLACEMENT_3D ( 'NONE', #6575, #8529, #12516 ) ;
#2623 = AXIS2_PLACEMENT_3D ( 'NONE', #5700, #5760, #1685 ) ;
#2624 = DIRECTION ( 'NONE',  ( 0.000000000000000000, 1.000000000000000000, 9.714451465470228276E-14 ) ) ;
#2625 = ORIENTED_EDGE ( 'NONE', *, *, #8723, .F. ) ;
#2626 = DIRECTION ( 'NONE',  ( 1.000000000000000000, 0.000000000000000000, 0.000000000000000000 ) ) ;
#2627 = AXIS2_PLACEMENT_3D ( 'NONE', #9233, #10150, #341 ) ;
#2628 = DIRECTION ( 'NONE',  ( -0.8661430901883339084, -0.4997961057461369205, -4.794207646037914279E-14 ) ) ;
#2629 = CARTESIAN_POINT ( 'NONE',  ( 6.599999999999999645, 32.24999999999998579, 2.427735511344645726E-12 ) ) ;
#2630 = VECTOR ( 'NONE', #9889, 1000.000000000000114 ) ;
#2631 = DIRECTION ( 'NONE',  ( 1.000000000000000000, -1.984102504227365030E-17, 0.000000000000000000 ) ) ;
#2632 = EDGE_CURVE ( 'NONE', #12126, #9922, #8836, .T. ) ;
#2633 = CARTESIAN_POINT ( 'NONE',  ( -59.50000000000000000, -20.38209143402474766, 22.94811514786759687 ) ) ;
#2634 = ORIENTED_EDGE ( 'NONE', *, *, #5597, .T. ) ;
#2635 = AXIS2_PLACEMENT_3D ( 'NONE', #9393, #6593, #10579 ) ;
#2636 = FACE_OUTER_BOUND ( 'NONE', #5596, .T. ) ;
#2637 = AXIS2_PLACEMENT_3D ( 'NONE', #1543, #2602, #12357 ) ;
#2638 = DIRECTION ( 'NONE',  ( 1.000000000000000000, 0.000000000000000000, 0.000000000000000000 ) ) ;
#2639 = AXIS2_PLACEMENT_3D ( 'NONE', #4590, #10609, #7525 ) ;
#2640 = AXIS2_PLACEMENT_3D ( 'NONE', #3594, #12682, #7587 ) ;
#2641 = ORIENTED_EDGE ( 'NONE', *, *, #6609, .F. ) ;
#2642 = CARTESIAN_POINT ( 'NONE',  ( 6.599999999999999645, -21.92031021678345226, 21.92031021678250013 ) ) ;
#2643 = VECTOR ( 'NONE', #7723, 999.9999999999998863 ) ;
#2644 = AXIS2_PLACEMENT_3D ( 'NONE', #10371, #484, #10305 ) ;
#2645 = CONICAL_SURFACE ( 'NONE', #339, 1.850000000000001865, 1.308996938995732329 ) ;
#2646 = DIRECTION ( 'NONE',  ( 1.000000000000000000, 0.000000000000000000, 0.000000000000000000 ) ) ;
#2647 = CARTESIAN_POINT ( 'NONE',  ( -73.59999999999999432, -14.39822254349770070, -11.89553225324170072 ) ) ;
#2648 = CARTESIAN_POINT ( 'NONE',  ( 17.54641016151380128, -22.44967953217037859, -15.00039629153088327 ) ) ;
#2649 = DIRECTION ( 'NONE',  ( 1.000000000000000000, -6.705557021117060106E-18, -5.440889002481110112E-18 ) ) ;
#2650 = ORIENTED_EDGE ( 'NONE', *, *, #3856, .F. ) ;
#2651 = CARTESIAN_POINT ( 'NONE',  ( -72.84391516214240880, -10.75709736180330189, 12.57367712121969916 ) ) ;
#2652 = VERTEX_POINT ( 'NONE', #4935 ) ;
#2653 = CIRCLE ( 'NONE', #9966, 1.249999999999987121 ) ;
#2654 = ORIENTED_EDGE ( 'NONE', *, *, #12815, .T. ) ;
#2655 = DIRECTION ( 'NONE',  ( 1.000000000000000000, 0.000000000000000000, 0.000000000000000000 ) ) ;
#2656 = ORIENTED_EDGE ( 'NONE', *, *, #6492, .F. ) ;
#2657 = VERTEX_POINT ( 'NONE', #8908 ) ;
#2658 = FACE_OUTER_BOUND ( 'NONE', #8866, .T. ) ;
#2659 = VERTEX_POINT ( 'NONE', #3340 ) ;
#2660 = ORIENTED_EDGE ( 'NONE', *, *, #12467, .T. ) ;
#2661 = FACE_OUTER_BOUND ( 'NONE', #10822, .T. ) ;
#2663 = EDGE_CURVE ( 'NONE', #9272, #8219, #7083, .T. ) ;
#2662 = ORIENTED_EDGE ( 'NONE', *, *, #5942, .F. ) ;
#2664 = AXIS2_PLACEMENT_3D ( 'NONE', #1526, #7369, #5535 ) ;
#2665 = DIRECTION ( 'NONE',  ( 0.000000000000000000, 1.000000000000000000, 0.000000000000000000 ) ) ;
#2666 = ORIENTED_EDGE ( 'NONE', *, *, #5082, .T. ) ;
#2667 = ADVANCED_FACE ( 'NONE', ( #6363 ), #12114, .F. ) ;
#2668 = CARTESIAN_POINT ( 'NONE',  ( -14.90000000000000036, -4.547048498203718976E-13, -42.50000000000000000 ) ) ;
#2669 = LINE ( 'NONE', #5625, #8046 ) ;
#2670 = AXIS2_PLACEMENT_3D ( 'NONE', #12071, #7939, #11403 ) ;
#2671 = LINE ( 'NONE', #9599, #12139 ) ;
#2672 = ORIENTED_EDGE ( 'NONE', *, *, #3990, .F. ) ;
#2673 = VERTEX_POINT ( 'NONE', #11344 ) ;
#2674 = CARTESIAN_POINT ( 'NONE',  ( 14.10000000000099973, 27.02347632595550309, 12.53288240995590108 ) ) ;
#2675 = CYLINDRICAL_SURFACE ( 'NONE', #9088, 1.850000000000000311 ) ;
#2676 = AXIS2_PLACEMENT_3D ( 'NONE', #3369, #11371, #422 ) ;
#2677 = CARTESIAN_POINT ( 'NONE',  ( 17.60000000000000142, 1.704512705218865110, 32.13891897768845496 ) ) ;
#2678 = AXIS2_PLACEMENT_3D ( 'NONE', #8893, #6032, #11785 ) ;
#2679 = FACE_OUTER_BOUND ( 'NONE', #2471, .T. ) ;
#2680 = PLANE ( 'NONE',  #4301 ) ;
#2681 = EDGE_LOOP ( 'NONE', ( #9837, #796, #8140, #7115 ) ) ;
#2682 = CARTESIAN_POINT ( 'NONE',  ( -59.50000000000000000, 10.32496762055670025, 27.61246057676180143 ) ) ;
#2683 = DIRECTION ( 'NONE',  ( -1.000000000000000000, 0.000000000000000000, 0.000000000000000000 ) ) ;
#2684 = ORIENTED_EDGE ( 'NONE', *, *, #8584, .F. ) ;
#2685 = EDGE_CURVE ( 'NONE', #2779, #5674, #1114, .T. ) ;
#2686 = DIRECTION ( 'NONE',  ( 1.000000000000000000, -6.322502648911709143E-17, 9.462293898829198836E-17 ) ) ;
#2687 = EDGE_CURVE ( 'NONE', #9595, #11390, #10, .T. ) ;
#2688 = CARTESIAN_POINT ( 'NONE',  ( -78.79999999999999716, -5.801443552370909806, 15.39174300424269859 ) ) ;
#2689 = PLANE ( 'NONE',  #10640 ) ;
#2690 = EDGE_LOOP ( 'NONE', ( #3631, #9374, #10639, #10057 ) ) ;
#2691 = DIRECTION ( 'NONE',  ( 0.000000000000000000, -0.8314696123025484553, -0.5555702330195974037 ) ) ;
#2692 = EDGE_CURVE ( 'NONE', #5839, #508, #7206, .T. ) ;
#2693 = FACE_OUTER_BOUND ( 'NONE', #5769, .T. ) ;
#2694 = PLANE ( 'NONE',  #8906 ) ;
#2695 = AXIS2_PLACEMENT_3D ( 'NONE', #9753, #2811, #5580 ) ;
#2696 = ADVANCED_FACE ( 'NONE', ( #8116 ), #3212, .F. ) ;
#2697 = CARTESIAN_POINT ( 'NONE',  ( -1.899999999999999911, -27.39026550784944902, -11.86318640331871954 ) ) ;
#2698 = EDGE_CURVE ( 'NONE', #3900, #4298, #4062, .T. ) ;
#2699 = LINE ( 'NONE', #601, #10353 ) ;
#2700 = ORIENTED_EDGE ( 'NONE', *, *, #3979, .T. ) ;
#2701 = DIRECTION ( 'NONE',  ( 1.000000000000000000, -6.322502648911719004E-17, 9.462293898829198836E-17 ) ) ;
#2702 = CARTESIAN_POINT ( 'NONE',  ( -12.30000000000000071, -1.505188971403552700E-14, 45.00000000000000000 ) ) ;
#2703 = ORIENTED_EDGE ( 'NONE', *, *, #11893, .F. ) ;
#2704 = EDGE_CURVE ( 'NONE', #8219, #3945, #12246, .T. ) ;
#2705 = CARTESIAN_POINT ( 'NONE',  ( -72.84391516214240880, -6.711724847794499738, 9.274440660627339739 ) ) ;
#2706 = FACE_OUTER_BOUND ( 'NONE', #5805, .T. ) ;
#2707 = DIRECTION ( 'NONE',  ( 1.000000000000000000, -6.322502648911709143E-17, 9.462293898829198836E-17 ) ) ;
#2708 = PLANE ( 'NONE',  #7355 ) ;
#2709 = CARTESIAN_POINT ( 'NONE',  ( -72.84391516214240880, 4.154805794937229457, -3.344565209727899724 ) ) ;
#2710 = ORIENTED_EDGE ( 'NONE', *, *, #10823, .T. ) ;
#2711 = EDGE_CURVE ( 'NONE', #11156, #6913, #6094, .T. ) ;
#2712 = LINE ( 'NONE', #11617, #1210 ) ;
#2713 = ORIENTED_EDGE ( 'NONE', *, *, #588, .F. ) ;
#2714 = DIRECTION ( 'NONE',  ( 0.000000000000000000, -0.9238795325112787449, 0.3826834323651089331 ) ) ;
#2715 = ADVANCED_FACE ( 'NONE', ( #12056, #3279 ), #9098, .F. ) ;
#2716 = ORIENTED_EDGE ( 'NONE', *, *, #2140, .F. ) ;
#2717 = CARTESIAN_POINT ( 'NONE',  ( 17.60000000000000142, -11.86318640331920093, 28.64026550784825176 ) ) ;
#2718 = EDGE_LOOP ( 'NONE', ( #12312, #1504, #1851, #2213 ) ) ;
#2719 = DIRECTION ( 'NONE',  ( 0.000000000000000000, 1.000000000000000000, 9.714451465470228276E-14 ) ) ;
#2720 = ORIENTED_EDGE ( 'NONE', *, *, #11548, .F. ) ;
#2721 = ORIENTED_EDGE ( 'NONE', *, *, #12437, .T. ) ;
#2722 = CARTESIAN_POINT ( 'NONE',  ( 14.10000000000099973, -13.39392013277882043, -32.33578363789474963 ) ) ;
#2723 = ORIENTED_EDGE ( 'NONE', *, *, #4330, .T. ) ;
#2724 = LINE ( 'NONE', #2593, #11735 ) ;
#2725 = VECTOR ( 'NONE', #8785, 1000.000000000000000 ) ;
#2726 = ORIENTED_EDGE ( 'NONE', *, *, #1568, .F. ) ;
#2727 = FACE_OUTER_BOUND ( 'NONE', #10068, .T. ) ;
#2728 = CARTESIAN_POINT ( 'NONE',  ( -1.899999999999999911, -28.64026550785020220, 11.86318640331699825 ) ) ;
#2729 = CIRCLE ( 'NONE', #3149, 1.299999999999999600 ) ;
#2730 = CIRCLE ( 'NONE', #3356, 34.89999999999999858 ) ;
#2731 = EDGE_CURVE ( 'NONE', #8362, #1723, #4191, .T. ) ;
#2732 = DIRECTION ( 'NONE',  ( 1.000000000000000000, -6.705557021117060106E-18, -5.440889002481110112E-18 ) ) ;
#2733 = ORIENTED_EDGE ( 'NONE', *, *, #9382, .F. ) ;
#2734 = CIRCLE ( 'NONE', #13, 0.2999999999999999334 ) ;
#2735 = VERTEX_POINT ( 'NONE', #143 ) ;
#2736 = FACE_OUTER_BOUND ( 'NONE', #4190, .T. ) ;
#2737 = CARTESIAN_POINT ( 'NONE',  ( -63.70000000000000995, -2.066205161904769999E-14, 1.491883645478428116E-14 ) ) ;
#2738 = AXIS2_PLACEMENT_3D ( 'NONE', #9609, #12616, #3657 ) ;
#2739 = LINE ( 'NONE', #8818, #6043 ) ;
#2740 = AXIS2_PLACEMENT_3D ( 'NONE', #8585, #12576, #3613 ) ;
#2741 = DIRECTION ( 'NONE',  ( 0.000000000000000000, 0.8314696123025479002, 0.5555702330195982919 ) ) ;
#2742 = AXIS2_PLACEMENT_3D ( 'NONE', #8015, #5150, #12012 ) ;
#2743 = FACE_OUTER_BOUND ( 'NONE', #1907, .T. ) ;
#2744 = VERTEX_POINT ( 'NONE', #10144 ) ;
#2745 = LINE ( 'NONE', #6744, #9001 ) ;
#2746 = EDGE_CURVE ( 'NONE', #8090, #12556, #2295, .T. ) ;
#2747 = CARTESIAN_POINT ( 'NONE',  ( 5.599999999999999645, 21.24999999999965183, -38.40607966083869940 ) ) ;
#2748 = VERTEX_POINT ( 'NONE', #6299 ) ;
#2749 = CIRCLE ( 'NONE', #4634, 44.60000000000000142 ) ;
#2750 = CARTESIAN_POINT ( 'NONE',  ( -73.59999999999999432, -2.693548807961080094, 18.97517575199585238 ) ) ;
#2751 = VECTOR ( 'NONE', #2807, 1000.000000000000000 ) ;
#2752 = CYLINDRICAL_SURFACE ( 'NONE', #10133, 0.3000000000000005995 ) ;
#2753 = CARTESIAN_POINT ( 'NONE',  ( 7.000000000000950351, 32.33578363789475674, -13.39392013277881510 ) ) ;
#2754 = ORIENTED_EDGE ( 'NONE', *, *, #9181, .F. ) ;
#2755 = DIRECTION ( 'NONE',  ( 1.000000000000000000, 0.000000000000000000, 0.000000000000000000 ) ) ;
#2756 = DIRECTION ( 'NONE',  ( 1.000000000000000000, 0.000000000000000000, 0.000000000000000000 ) ) ;
#2757 = LINE ( 'NONE', #6755, #3269 ) ;
#2758 = CARTESIAN_POINT ( 'NONE',  ( -73.59999999999999432, -16.41245993916304968, 13.29261670046076027 ) ) ;
#2759 = EDGE_CURVE ( 'NONE', #7190, #5803, #4257, .T. ) ;
#2760 = DIRECTION ( 'NONE',  ( -1.000000000000000000, 0.000000000000000000, 0.000000000000000000 ) ) ;
#2761 = EDGE_LOOP ( 'NONE', ( #11878, #2331, #2893, #9029 ) ) ;
#2762 = ADVANCED_FACE ( 'NONE', ( #9164 ), #203, .F. ) ;
#2763 = FACE_OUTER_BOUND ( 'NONE', #2395, .T. ) ;
#2764 = DIRECTION ( 'NONE',  ( 1.000000000000000000, 0.000000000000000000, 0.000000000000000000 ) ) ;
#2765 = EDGE_CURVE ( 'NONE', #6990, #1741, #274, .T. ) ;
#2766 = ORIENTED_EDGE ( 'NONE', *, *, #5019, .F. ) ;
#2767 = VECTOR ( 'NONE', #1781, 1000.000000000000000 ) ;
#2768 = EDGE_CURVE ( 'NONE', #6062, #11503, #10686, .T. ) ;
#2769 = DIRECTION ( 'NONE',  ( 1.000000000000000000, 0.000000000000000000, 0.000000000000000000 ) ) ;
#2770 = AXIS2_PLACEMENT_3D ( 'NONE', #3016, #3864, #11863 ) ;
#2771 = CARTESIAN_POINT ( 'NONE',  ( -73.29999999999999716, 11.00005917491439966, -13.88888757778671845 ) ) ;
#2772 = DIRECTION ( 'NONE',  ( 1.000000000000000000, -2.905650844594894626E-18, -7.014861676541880450E-18 ) ) ;
#2773 = CARTESIAN_POINT ( 'NONE',  ( 17.54641016151380128, 23.45852899954100224, -20.89250528569855092 ) ) ;
#2774 = FACE_OUTER_BOUND ( 'NONE', #5820, .T. ) ;
#2775 = ORIENTED_EDGE ( 'NONE', *, *, #7252, .T. ) ;
#2776 = CARTESIAN_POINT ( 'NONE',  ( -73.29999999999999716, 15.60460565449595194, -16.13375201303259843 ) ) ;
#2777 = ORIENTED_EDGE ( 'NONE', *, *, #11485, .T. ) ;
#2778 = CARTESIAN_POINT ( 'NONE',  ( -73.59999999999999432, -3.867335401227054881, -1.762446281289814953 ) ) ;
#2779 = VERTEX_POINT ( 'NONE', #8313 ) ;
#2780 = AXIS2_PLACEMENT_3D ( 'NONE', #975, #2872, #1952 ) ;
#2781 = DIRECTION ( 'NONE',  ( 4.112988807310475227E-18, 0.9238795325112871826, -0.3826834323650885605 ) ) ;
#2782 = VERTEX_POINT ( 'NONE', #12309 ) ;
#2783 = CARTESIAN_POINT ( 'NONE',  ( -73.59999999999999432, -14.69038449352011888, 17.45007459676154937 ) ) ;
#2784 = EDGE_LOOP ( 'NONE', ( #12537, #4888, #8938, #3520 ) ) ;
#2785 = EDGE_LOOP ( 'NONE', ( #11310, #4830, #1413, #12882 ) ) ;
#2786 = FACE_BOUND ( 'NONE', #248, .T. ) ;
#2787 = VERTEX_POINT ( 'NONE', #8373 ) ;
#2788 = FACE_OUTER_BOUND ( 'NONE', #9744, .T. ) ;
#2789 = CARTESIAN_POINT ( 'NONE',  ( 17.54641016151380128, 28.64026550784845071, 11.86318640331580099 ) ) ;
#2790 = EDGE_LOOP ( 'NONE', ( #2662, #12164, #6365, #11705 ) ) ;
#2791 = DIRECTION ( 'NONE',  ( 0.000000000000000000, -0.8314696123025475671, -0.5555702330195985139 ) ) ;
#2792 = EDGE_CURVE ( 'NONE', #4375, #1668, #9551, .T. ) ;
#2793 = DIRECTION ( 'NONE',  ( 1.000000000000000000, 0.000000000000000000, 0.000000000000000000 ) ) ;
#2794 = DIRECTION ( 'NONE',  ( 1.000000000000000000, 0.000000000000000000, 0.000000000000000000 ) ) ;
#2795 = ORIENTED_EDGE ( 'NONE', *, *, #12947, .T. ) ;
#2796 = VERTEX_POINT ( 'NONE', #12427 ) ;
#2797 = ORIENTED_EDGE ( 'NONE', *, *, #6262, .F. ) ;
#2798 = CARTESIAN_POINT ( 'NONE',  ( -73.59999999999999432, -13.02600148181846151, -5.969571625808899995 ) ) ;
#2799 = ORIENTED_EDGE ( 'NONE', *, *, #10361, .F. ) ;
#2800 = FACE_OUTER_BOUND ( 'NONE', #9387, .T. ) ;
#2801 = DIRECTION ( 'NONE',  ( -6.705557021117060106E-18, -1.000000000000000000, 0.000000000000000000 ) ) ;
#2802 = EDGE_CURVE ( 'NONE', #2155, #2659, #11398, .T. ) ;
#2803 = FACE_BOUND ( 'NONE', #4446, .T. ) ;
#2804 = DIRECTION ( 'NONE',  ( 0.000000000000000000, 1.000000000000000000, 9.575673587392073611E-14 ) ) ;
#2805 = ORIENTED_EDGE ( 'NONE', *, *, #3729, .F. ) ;
#2806 = DIRECTION ( 'NONE',  ( 1.000000000000000000, -6.705557021117060106E-18, -5.440889002481110112E-18 ) ) ;
#2807 = DIRECTION ( 'NONE',  ( 0.000000000000000000, -0.3826834323650881720, -0.9238795325112874046 ) ) ;
#2808 = EDGE_LOOP ( 'NONE', ( #12796, #3832, #1283, #5725 ) ) ;
#2809 = CARTESIAN_POINT ( 'NONE',  ( -11.90000000000000568, 21.24999999999992184, 36.80607966083869798 ) ) ;
#2810 = CARTESIAN_POINT ( 'NONE',  ( 6.600000000000989964, 28.64026550784949876, -11.86318640331868046 ) ) ;
#2811 = DIRECTION ( 'NONE',  ( 1.000000000000000000, -6.705557021117060106E-18, -5.440889002481110112E-18 ) ) ;
#2812 = ORIENTED_EDGE ( 'NONE', *, *, #4153, .F. ) ;
#2813 = CARTESIAN_POINT ( 'NONE',  ( -11.90000000000000568, -21.25000000000045119, -36.80607966083839955 ) ) ;
#2814 = CARTESIAN_POINT ( 'NONE',  ( -11.90000000000001101, -36.80607966083876903, 21.24999999999978684 ) ) ;
#2815 = EDGE_CURVE ( 'NONE', #10006, #889, #5890, .T. ) ;
#2816 = CARTESIAN_POINT ( 'NONE',  ( -73.59999999999999432, -13.62722310454145891, 5.644580627385050065 ) ) ;
#2817 = CARTESIAN_POINT ( 'NONE',  ( -73.29999999999999716, 18.46578437083690005, -19.86251271240145044 ) ) ;
#2818 = ORIENTED_EDGE ( 'NONE', *, *, #677, .T. ) ;
#2819 = VECTOR ( 'NONE', #4578, 1000.000000000000114 ) ;
#2820 = EDGE_CURVE ( 'NONE', #11871, #6460, #2487, .T. ) ;
#2821 = CARTESIAN_POINT ( 'NONE',  ( 6.600000000000989964, -31.00000000000000000, 7.424616477180739413E-13 ) ) ;
#2822 = FACE_OUTER_BOUND ( 'NONE', #7194, .T. ) ;
#2823 = CONICAL_SURFACE ( 'NONE', #12434, 1.249999999999987121, 1.029744258676652313 ) ;
#2824 = AXIS2_PLACEMENT_3D ( 'NONE', #5985, #7218, #1978 ) ;
#2825 = ORIENTED_EDGE ( 'NONE', *, *, #11783, .F. ) ;
#2826 = AXIS2_PLACEMENT_3D ( 'NONE', #1675, #10653, #4635 ) ;
#2827 = AXIS2_PLACEMENT_3D ( 'NONE', #12447, #2441, #7478 ) ;
#2828 = ORIENTED_EDGE ( 'NONE', *, *, #6672, .F. ) ;
#2829 = DIRECTION ( 'NONE',  ( 0.000000000000000000, 1.000000000000000000, 9.714451465470219441E-14 ) ) ;
#2830 = VERTEX_POINT ( 'NONE', #7589 ) ;
#2831 = CARTESIAN_POINT ( 'NONE',  ( -65.19999999999998863, -2.066205161904769999E-14, 1.491883645478428116E-14 ) ) ;
#2832 = CARTESIAN_POINT ( 'NONE',  ( -72.84391516214240880, -24.09895763486624531, -7.877356213408289953 ) ) ;
#2833 = DIRECTION ( 'NONE',  ( 0.000000000000000000, -0.8314696123025481223, -0.5555702330195979588 ) ) ;
#2834 = CARTESIAN_POINT ( 'NONE',  ( -1.899999999999999911, 28.64026550785075287, -11.86318640331580099 ) ) ;
#2835 = CIRCLE ( 'NONE', #1561, 44.90000000000000568 ) ;
#2836 = VECTOR ( 'NONE', #3738, 1000.000000000000227 ) ;
#2837 = CARTESIAN_POINT ( 'NONE',  ( -73.59999999999999432, -1.573071284864320060E-12, -1.750922042570622547E-12 ) ) ;
#2838 = ORIENTED_EDGE ( 'NONE', *, *, #144, .T. ) ;
#2839 = DIRECTION ( 'NONE',  ( 1.000000000000000000, -6.705557021117060106E-18, -5.440889002481110112E-18 ) ) ;
#2840 = VECTOR ( 'NONE', #9167, 1000.000000000000000 ) ;
#2841 = DIRECTION ( 'NONE',  ( 0.000000000000000000, 0.8660254037844453689, 0.4999999999999882871 ) ) ;
#2842 = ORIENTED_EDGE ( 'NONE', *, *, #4051, .T. ) ;
#2843 = DIRECTION ( 'NONE',  ( 0.000000000000000000, 0.9238795325112867385, -0.3826834323650897818 ) ) ;
#2844 = VECTOR ( 'NONE', #1044, 1000.000000000000114 ) ;
#2845 = AXIS2_PLACEMENT_3D ( 'NONE', #1131, #6261, #11240 ) ;
#2846 = VERTEX_POINT ( 'NONE', #11468 ) ;
#2847 = VECTOR ( 'NONE', #1129, 1000.000000000000227 ) ;
#2848 = EDGE_CURVE ( 'NONE', #5396, #9262, #7751, .T. ) ;
#2849 = LINE ( 'NONE', #8609, #10369 ) ;
#2850 = ORIENTED_EDGE ( 'NONE', *, *, #11636, .T. ) ;
#2851 = ORIENTED_EDGE ( 'NONE', *, *, #7794, .F. ) ;
#2852 = LINE ( 'NONE', #7693, #2225 ) ;
#2853 = ORIENTED_EDGE ( 'NONE', *, *, #3646, .T. ) ;
#2854 = LINE ( 'NONE', #10650, #3996 ) ;
#2855 = ADVANCED_FACE ( 'NONE', ( #10409 ), #11529, .F. ) ;
#2856 = EDGE_LOOP ( 'NONE', ( #7703, #10037 ) ) ;
#2857 = EDGE_CURVE ( 'NONE', #9168, #7588, #11519, .T. ) ;
#2858 = DIRECTION ( 'NONE',  ( 1.000000000000000000, -6.322502648911719004E-17, 9.462293898829198836E-17 ) ) ;
#2859 = EDGE_CURVE ( 'NONE', #7050, #4255, #4204, .T. ) ;
#2860 = CARTESIAN_POINT ( 'NONE',  ( -73.59999999999999432, -21.57868627609169820, 0.8202430115583899672 ) ) ;
#2861 = ADVANCED_FACE ( 'NONE', ( #12370 ), #647, .F. ) ;
#2862 = FACE_OUTER_BOUND ( 'NONE', #2269, .T. ) ;
#2863 = EDGE_LOOP ( 'NONE', ( #1818, #8741 ) ) ;
#2864 = ORIENTED_EDGE ( 'NONE', *, *, #10794, .T. ) ;
#2865 = VECTOR ( 'NONE', #12211, 1000.000000000000114 ) ;
#2866 = VERTEX_POINT ( 'NONE', #3404 ) ;
#2867 = DIRECTION ( 'NONE',  ( -4.112988807310475227E-18, -0.9238795325112872936, 0.3826834323650886160 ) ) ;
#2868 = EDGE_CURVE ( 'NONE', #7230, #12097, #7520, .T. ) ;
#2869 = ORIENTED_EDGE ( 'NONE', *, *, #10727, .T. ) ;
#2870 = CYLINDRICAL_SURFACE ( 'NONE', #948, 1.750000000000000222 ) ;
#2871 = CARTESIAN_POINT ( 'NONE',  ( -59.50000000000000000, 28.64026550784820202, -11.86318640331983865 ) ) ;
#2872 = DIRECTION ( 'NONE',  ( 1.000000000000000000, -6.322502648911719004E-17, 9.462293898829198836E-17 ) ) ;
#2873 = DIRECTION ( 'NONE',  ( 4.112988807310475227E-18, 0.9238795325112871826, -0.3826834323650885605 ) ) ;
#2874 = ORIENTED_EDGE ( 'NONE', *, *, #3959, .F. ) ;
#2875 = AXIS2_PLACEMENT_3D ( 'NONE', #4892, #2655, #9648 ) ;
#2876 = CARTESIAN_POINT ( 'NONE',  ( -73.40000000000000568, 30.48802457287261802, -12.62855326804757539 ) ) ;
#2877 = EDGE_CURVE ( 'NONE', #440, #8776, #5511, .T. ) ;
#2878 = CARTESIAN_POINT ( 'NONE',  ( 6.600000000000989964, -9.540979117872440597E-15, 0.000000000000000000 ) ) ;
#2879 = ORIENTED_EDGE ( 'NONE', *, *, #10399, .T. ) ;
#2880 = CARTESIAN_POINT ( 'NONE',  ( 6.599999999999999645, -29.89026550784939928, -11.86318640331895935 ) ) ;
#2881 = FACE_OUTER_BOUND ( 'NONE', #5980, .T. ) ;
#2882 = ORIENTED_EDGE ( 'NONE', *, *, #3260, .F. ) ;
#2883 = EDGE_LOOP ( 'NONE', ( #2599, #3753, #8606, #4577 ) ) ;
#2884 = LINE ( 'NONE', #3803, #2836 ) ;
#2885 = CARTESIAN_POINT ( 'NONE',  ( -73.59999999999999432, -12.96830904787720051, 21.60753249306235091 ) ) ;
#2886 = CARTESIAN_POINT ( 'NONE',  ( -78.79999999999999716, -16.04900731811169834, 5.024128193348300186 ) ) ;
#2887 = CARTESIAN_POINT ( 'NONE',  ( -73.29999999999999716, 18.28119245955440064, -21.26462748170139960 ) ) ;
#2888 = ORIENTED_EDGE ( 'NONE', *, *, #239, .T. ) ;
#2889 = AXIS2_PLACEMENT_3D ( 'NONE', #10033, #3956, #12068 ) ;
#2890 = DIRECTION ( 'NONE',  ( 0.000000000000000000, 1.000000000000000000, 9.714451465470110893E-14 ) ) ;
#2891 = CYLINDRICAL_SURFACE ( 'NONE', #7549, 1.599999999999997202 ) ;
#2892 = ADVANCED_FACE ( 'NONE', ( #9481 ), #7397, .F. ) ;
#2893 = ORIENTED_EDGE ( 'NONE', *, *, #8941, .F. ) ;
#2894 = AXIS2_PLACEMENT_3D ( 'NONE', #4112, #10066, #12879 ) ;
#2895 = VERTEX_POINT ( 'NONE', #3469 ) ;
#2896 = EDGE_CURVE ( 'NONE', #11706, #6437, #7465, .T. ) ;
#2897 = CARTESIAN_POINT ( 'NONE',  ( 17.54641016151375155, -11.86318640331920093, 28.64026550784825176 ) ) ;
#2898 = DIRECTION ( 'NONE',  ( 1.000000000000000000, -1.984102504227365030E-17, 0.000000000000000000 ) ) ;
#2899 = DIRECTION ( 'NONE',  ( 1.000000000000000000, -6.705557021117060106E-18, -5.440889002481110112E-18 ) ) ;
#2900 = DIRECTION ( 'NONE',  ( 0.5150380749100560429, -0.8571673007021111124, -8.211731712495831096E-14 ) ) ;
#2901 = DIRECTION ( 'NONE',  ( 0.000000000000000000, 0.8314696123025475671, 0.5555702330195986249 ) ) ;
#2902 = DIRECTION ( 'NONE',  ( 0.000000000000000000, -0.8314696123025481223, -0.5555702330195977368 ) ) ;
#2903 = ORIENTED_EDGE ( 'NONE', *, *, #6322, .T. ) ;
#2904 = CARTESIAN_POINT ( 'NONE',  ( 13.60000000000099796, -9.540979117872440597E-15, 0.000000000000000000 ) ) ;
#2905 = DIRECTION ( 'NONE',  ( -1.000000000000000000, 4.451867004922774877E-18, 0.000000000000000000 ) ) ;
#2906 = ORIENTED_EDGE ( 'NONE', *, *, #8647, .F. ) ;
#2907 = EDGE_CURVE ( 'NONE', #10724, #7769, #5638, .T. ) ;
#2908 = FACE_BOUND ( 'NONE', #12653, .T. ) ;
#2909 = ORIENTED_EDGE ( 'NONE', *, *, #4379, .T. ) ;
#2910 = DIRECTION ( 'NONE',  ( 0.000000000000000000, 1.000000000000000000, 9.714451465470124777E-14 ) ) ;
#2911 = ORIENTED_EDGE ( 'NONE', *, *, #9965, .F. ) ;
#2912 = EDGE_LOOP ( 'NONE', ( #6396, #4941, #12113, #12787 ) ) ;
#2913 = CARTESIAN_POINT ( 'NONE',  ( -73.59999999999999432, -14.74807692746136034, -10.12702952210969976 ) ) ;
#2914 = ORIENTED_EDGE ( 'NONE', *, *, #1217, .T. ) ;
#2915 = CARTESIAN_POINT ( 'NONE',  ( -73.09999999999999432, -2.066205161904769999E-14, 1.491883645478428116E-14 ) ) ;
#2916 = DIRECTION ( 'NONE',  ( 0.5150380749100560429, 0.8571673007021111124, 8.222228984407219466E-14 ) ) ;
#2917 = EDGE_LOOP ( 'NONE', ( #5152, #10494 ) ) ;
#2918 = EDGE_CURVE ( 'NONE', #1713, #465, #7955, .T. ) ;
#2919 = CARTESIAN_POINT ( 'NONE',  ( 17.54641016151375155, -32.53821878276129809, -1.027804931087479945 ) ) ;
#2920 = DIRECTION ( 'NONE',  ( -4.112988807310475227E-18, -0.9238795325112871826, 0.3826834323650885605 ) ) ;
#2921 = EDGE_CURVE ( 'NONE', #4498, #5674, #4622, .T. ) ;
#2922 = CARTESIAN_POINT ( 'NONE',  ( -72.09999999999999432, 19.07454579984565157, -20.65586605269265164 ) ) ;
#2923 = EDGE_LOOP ( 'NONE', ( #10646, #8969 ) ) ;
#2924 = ORIENTED_EDGE ( 'NONE', *, *, #4587, .T. ) ;
#2925 = ADVANCED_FACE ( 'NONE', ( #5388 ), #9357, .F. ) ;
#2926 = ORIENTED_EDGE ( 'NONE', *, *, #5447, .T. ) ;
#2927 = FACE_OUTER_BOUND ( 'NONE', #9749, .T. ) ;
#2928 = ADVANCED_FACE ( 'NONE', ( #11910 ), #979, .F. ) ;
#2929 = AXIS2_PLACEMENT_3D ( 'NONE', #9206, #2083, #3259 ) ;
#2930 = ORIENTED_EDGE ( 'NONE', *, *, #7622, .F. ) ;
#2931 = DIRECTION ( 'NONE',  ( 1.000000000000000000, 0.000000000000000000, 0.000000000000000000 ) ) ;
#2932 = CYLINDRICAL_SURFACE ( 'NONE', #6250, 44.71208468574654660 ) ;
#2933 = DIRECTION ( 'NONE',  ( 1.000000000000000000, -6.322502648911719004E-17, 9.462293898829198836E-17 ) ) ;
#2934 = AXIS2_PLACEMENT_3D ( 'NONE', #2443, #2569, #12450 ) ;
#2935 = CARTESIAN_POINT ( 'NONE',  ( -73.59999999999999432, -14.11635934497249956, 18.83589389552849980 ) ) ;
#2936 = ORIENTED_EDGE ( 'NONE', *, *, #9051, .T. ) ;
#2937 = AXIS2_PLACEMENT_3D ( 'NONE', #8762, #12884, #3007 ) ;
#2938 = CYLINDRICAL_SURFACE ( 'NONE', #6512, 0.2999999999999996558 ) ;
#2939 = EDGE_CURVE ( 'NONE', #12219, #9384, #3161, .T. ) ;
#2940 = AXIS2_PLACEMENT_3D ( 'NONE', #10064, #6753, #2144 ) ;
#2941 = DIRECTION ( 'NONE',  ( -4.112988807310476767E-18, -0.9238795325112872936, 0.3826834323650883940 ) ) ;
#2942 = ORIENTED_EDGE ( 'NONE', *, *, #4284, .F. ) ;
#2943 = LINE ( 'NONE', #3156, #9150 ) ;
#2944 = EDGE_CURVE ( 'NONE', #7214, #431, #2745, .T. ) ;
#2945 = DIRECTION ( 'NONE',  ( 1.000000000000000000, -6.705557021117060106E-18, -5.440889002481110112E-18 ) ) ;
#2946 = VECTOR ( 'NONE', #8432, 1000.000000000000000 ) ;
#2947 = AXIS2_PLACEMENT_3D ( 'NONE', #12899, #6961, #10954 ) ;
#2948 = ORIENTED_EDGE ( 'NONE', *, *, #4065, .F. ) ;
#2949 = CIRCLE ( 'NONE', #11328, 1.849999999999998979 ) ;
#2950 = DIRECTION ( 'NONE',  ( 0.000000000000000000, 1.000000000000000000, 0.000000000000000000 ) ) ;
#2951 = DIRECTION ( 'NONE',  ( -6.705557021117060106E-18, -1.000000000000000000, 0.000000000000000000 ) ) ;
#2952 = CARTESIAN_POINT ( 'NONE',  ( -1.899999999999999911, 31.00000000000000000, 2.307831424685130031E-12 ) ) ;
#2953 = CARTESIAN_POINT ( 'NONE',  ( -65.00000000000000000, -2.066205161904769999E-14, 1.491883645478428116E-14 ) ) ;
#2954 = EDGE_LOOP ( 'NONE', ( #3905, #11508 ) ) ;
#2955 = DIRECTION ( 'NONE',  ( -7.333941228226594128E-30, 0.8660254037844363761, 0.5000000000000039968 ) ) ;
#2956 = EDGE_CURVE ( 'NONE', #5225, #12270, #7000, .T. ) ;
#2957 = TOROIDAL_SURFACE ( 'NONE', #11946, 1.300000000000000044, 0.2999999999999999889 ) ;
#2958 = TOROIDAL_SURFACE ( 'NONE', #6317, 1.300000000000000044, 0.2999999999999999889 ) ;
#2959 = PLANE ( 'NONE',  #6935 ) ;
#2960 = CIRCLE ( 'NONE', #2123, 1.599999999999997202 ) ;
#2961 = VERTEX_POINT ( 'NONE', #5831 ) ;
#2962 = EDGE_LOOP ( 'NONE', ( #12061, #12937, #3176, #10509 ) ) ;
#2963 = FACE_BOUND ( 'NONE', #5675, .T. ) ;
#2964 = CIRCLE ( 'NONE', #11945, 1.850000000000000311 ) ;
#2965 = AXIS2_PLACEMENT_3D ( 'NONE', #4020, #11040, #2055 ) ;
#2966 = CARTESIAN_POINT ( 'NONE',  ( 6.599999999999999645, -3.301963206785260407E-12, 34.42296358256754729 ) ) ;
#2967 = CARTESIAN_POINT ( 'NONE',  ( -56.21032168798580386, -18.13453538480590055, 9.135158804159978274 ) ) ;
#2968 = AXIS2_PLACEMENT_3D ( 'NONE', #5255, #12247, #3280 ) ;
#2969 = DIRECTION ( 'NONE',  ( 1.000000000000000000, 0.000000000000000000, 0.000000000000000000 ) ) ;
#2970 = VECTOR ( 'NONE', #3939, 1000.000000000000000 ) ;
#2971 = FACE_BOUND ( 'NONE', #7089, .T. ) ;
#2972 = ORIENTED_EDGE ( 'NONE', *, *, #7191, .F. ) ;
#2973 = EDGE_CURVE ( 'NONE', #5298, #3436, #12548, .T. ) ;
#2974 = CARTESIAN_POINT ( 'NONE',  ( -73.59999999999999432, -18.21942429292255383, -5.441973762750389909 ) ) ;
#2975 = CARTESIAN_POINT ( 'NONE',  ( -63.60000000000000142, 4.448338024599770790, -16.87467892491325117 ) ) ;
#2976 = VECTOR ( 'NONE', #5283, 1000.000000000000227 ) ;
#2977 = PLANE ( 'NONE',  #4347 ) ;
#2978 = ORIENTED_EDGE ( 'NONE', *, *, #8891, .T. ) ;
#2979 = FACE_OUTER_BOUND ( 'NONE', #11645, .T. ) ;
#2980 = VERTEX_POINT ( 'NONE', #4917 ) ;
#2981 = CARTESIAN_POINT ( 'NONE',  ( 6.599999999999999645, 20.67031021678110037, 21.92031021678475255 ) ) ;
#2982 = ORIENTED_EDGE ( 'NONE', *, *, #732, .F. ) ;
#2983 = FACE_OUTER_BOUND ( 'NONE', #2476, .T. ) ;
#2984 = AXIS2_PLACEMENT_3D ( 'NONE', #2832, #1718, #11679 ) ;
#2985 = PRODUCT_CONTEXT ( 'NONE', #10715, 'mechanical' ) ;
#2986 = ADVANCED_FACE ( 'NONE', ( #1888 ), #2938, .T. ) ;
#2987 = EDGE_LOOP ( 'NONE', ( #8097, #8540, #79, #7434 ) ) ;
#2988 = CARTESIAN_POINT ( 'NONE',  ( -72.59999999999999432, 4.499999999998426148, -1.750924763015123796E-12 ) ) ;
#2989 = AXIS2_PLACEMENT_3D ( 'NONE', #5949, #9742, #4983 ) ;
#2990 = FACE_OUTER_BOUND ( 'NONE', #5218, .T. ) ;
#2991 = DIRECTION ( 'NONE',  ( 4.112988807310475997E-18, 0.9238795325112874046, -0.3826834323650881720 ) ) ;
#2992 = EDGE_CURVE ( 'NONE', #7190, #11800, #6941, .T. ) ;
#2993 = VERTEX_POINT ( 'NONE', #4854 ) ;
#2994 = EDGE_LOOP ( 'NONE', ( #2168, #3860, #10098, #11232 ) ) ;
#2995 = ORIENTED_EDGE ( 'NONE', *, *, #9500, .F. ) ;
#2996 = CARTESIAN_POINT ( 'NONE',  ( 13.59999999999999964, -1.578375501367704987E-12, -1.742669098005880165E-12 ) ) ;
#2997 = ORIENTED_EDGE ( 'NONE', *, *, #12428, .F. ) ;
#2998 = FACE_OUTER_BOUND ( 'NONE', #12855, .T. ) ;
#2999 = EDGE_CURVE ( 'NONE', #8232, #4632, #5676, .T. ) ;
#3000 = CARTESIAN_POINT ( 'NONE',  ( -1.899999999999999911, 1.642041500214240179E-12, -31.00000000000000000 ) ) ;
#3001 = PLANE ( 'NONE',  #5000 ) ;
#3002 = DIRECTION ( 'NONE',  ( 0.000000000000000000, 0.000000000000000000, -1.000000000000000000 ) ) ;
#3003 = CARTESIAN_POINT ( 'NONE',  ( -72.09999999999999432, 6.812089507740319405, -22.06145816890955302 ) ) ;
#3004 = EDGE_LOOP ( 'NONE', ( #1246, #5301 ) ) ;
#3005 = EDGE_CURVE ( 'NONE', #7698, #11706, #6302, .T. ) ;
#3006 = CARTESIAN_POINT ( 'NONE',  ( -63.60000000000000142, 13.09082227679199839, -19.20007479457989774 ) ) ;
#3007 = DIRECTION ( 'NONE',  ( 1.552325258144794086E-16, 1.000000000000000000, 3.515417124066999971E-15 ) ) ;
#3008 = VERTEX_POINT ( 'NONE', #7781 ) ;
#3009 = LINE ( 'NONE', #9813, #384 ) ;
#3010 = CARTESIAN_POINT ( 'NONE',  ( -73.29999999999999716, 9.817109522774901009, -14.42798879323981964 ) ) ;
#3012 = EDGE_CURVE ( 'NONE', #1373, #11950, #2319, .T. ) ;
#3011 = ORIENTED_EDGE ( 'NONE', *, *, #1897, .T. ) ;
#3013 = FACE_OUTER_BOUND ( 'NONE', #10957, .T. ) ;
#3014 = DIRECTION ( 'NONE',  ( 1.000000000000000000, -6.705557021117060106E-18, -5.440889002481110112E-18 ) ) ;
#3015 = ORIENTED_EDGE ( 'NONE', *, *, #6060, .F. ) ;
#3016 = CARTESIAN_POINT ( 'NONE',  ( 17.10000000000000142, -1.578749275297414948E-12, -1.742439805832375052E-12 ) ) ;
#3017 = DIRECTION ( 'NONE',  ( 1.000000000000000000, -6.705557021117060106E-18, -5.440889002481110112E-18 ) ) ;
#3018 = VERTEX_POINT ( 'NONE', #1955 ) ;
#3019 = DIRECTION ( 'NONE',  ( 0.000000000000000000, -0.9238795325112786339, 0.3826834323651093772 ) ) ;
#3020 = ADVANCED_FACE ( 'NONE', ( #4713 ), #5952, .F. ) ;
#3021 = CARTESIAN_POINT ( 'NONE',  ( -14.90000000000000036, -42.50000000000000000, 1.600000000000000089 ) ) ;
#3022 = ORIENTED_EDGE ( 'NONE', *, *, #6286, .T. ) ;
#3023 = VERTEX_POINT ( 'NONE', #2876 ) ;
#3024 = FACE_OUTER_BOUND ( 'NONE', #12486, .T. ) ;
#3025 = ADVANCED_FACE ( 'NONE', ( #3854 ), #3986, .F. ) ;
#3026 = AXIS2_PLACEMENT_3D ( 'NONE', #3262, #11263, #4116 ) ;
#3027 = DIRECTION ( 'NONE',  ( -1.000000000000000000, 6.322502648911719004E-17, -9.462293898829198836E-17 ) ) ;
#3028 = DIRECTION ( 'NONE',  ( 0.000000000000000000, 0.3826834323650881720, 0.9238795325112874046 ) ) ;
#3029 = CIRCLE ( 'NONE', #8456, 1.249999999999987121 ) ;
#3030 = DIRECTION ( 'NONE',  ( -1.000000000000000000, 0.000000000000000000, 0.000000000000000000 ) ) ;
#3031 = CARTESIAN_POINT ( 'NONE',  ( 17.60000000000000142, -29.10143643059074847, -19.44495815568770070 ) ) ;
#3032 = ORIENTED_EDGE ( 'NONE', *, *, #8923, .F. ) ;
#3033 = VECTOR ( 'NONE', #8842, 1000.000000000000000 ) ;
#3034 = FACE_OUTER_BOUND ( 'NONE', #2302, .T. ) ;
#3035 = AXIS2_PLACEMENT_3D ( 'NONE', #7325, #4452, #3525 ) ;
#3036 = DIRECTION ( 'NONE',  ( 1.000000000000000000, 0.000000000000000000, 0.000000000000000000 ) ) ;
#3037 = ADVANCED_FACE ( 'NONE', ( #9940 ), #8956, .F. ) ;
#3038 = CIRCLE ( 'NONE', #11214, 0.9999999999999994449 ) ;
#3039 = LINE ( 'NONE', #7040, #168 ) ;
#3040 = ORIENTED_EDGE ( 'NONE', *, *, #578, .T. ) ;
#3041 = DIRECTION ( 'NONE',  ( 1.000000000000000000, -6.705557021117060106E-18, -5.440889002481110112E-18 ) ) ;
#3042 = VECTOR ( 'NONE', #3123, 1000.000000000000000 ) ;
#3043 = AXIS2_PLACEMENT_3D ( 'NONE', #968, #12737, #10658 ) ;
#3044 = VECTOR ( 'NONE', #5059, 999.9999999999998863 ) ;
#3045 = CARTESIAN_POINT ( 'NONE',  ( -73.59999999999999432, 30.30324866637023007, -12.55201658157490563 ) ) ;
#3046 = CARTESIAN_POINT ( 'NONE',  ( -1.899999999999999911, -20.67031021678205249, -21.92031021678380043 ) ) ;
#3047 = VERTEX_POINT ( 'NONE', #5706 ) ;
#3048 = CARTESIAN_POINT ( 'NONE',  ( -72.84391516214240880, -19.36747459001779958, -8.213612360284249903 ) ) ;
#3049 = AXIS2_PLACEMENT_3D ( 'NONE', #4532, #11533, #2491 ) ;
#3050 = VERTEX_POINT ( 'NONE', #6876 ) ;
#3051 = CIRCLE ( 'NONE', #126, 44.90000000000002700 ) ;
#3052 = CARTESIAN_POINT ( 'NONE',  ( 6.599999999999999645, -28.64026550785020220, 11.86318640331699825 ) ) ;
#3053 = FACE_OUTER_BOUND ( 'NONE', #6274, .T. ) ;
#3054 = AXIS2_PLACEMENT_3D ( 'NONE', #8991, #10232, #2125 ) ;
#3055 = AXIS2_PLACEMENT_3D ( 'NONE', #7305, #11313, #11501 ) ;
#3056 = DIRECTION ( 'NONE',  ( 1.000000000000000000, -6.322502648911709143E-17, 9.462293898829198836E-17 ) ) ;
#3057 = VERTEX_POINT ( 'NONE', #3792 ) ;
#3058 = EDGE_LOOP ( 'NONE', ( #6604, #12935, #12036, #12405 ) ) ;
#3059 = AXIS2_PLACEMENT_3D ( 'NONE', #3851, #10935, #7779 ) ;
#3060 = EDGE_CURVE ( 'NONE', #3353, #8758, #10865, .T. ) ;
#3061 = VERTEX_POINT ( 'NONE', #4786 ) ;
#3062 = CARTESIAN_POINT ( 'NONE',  ( -73.59999999999999432, 19.49400050450595145, -11.51070023950019916 ) ) ;
#3063 = EDGE_LOOP ( 'NONE', ( #10516, #10347 ) ) ;
#3064 = CARTESIAN_POINT ( 'NONE',  ( -72.84391516214240880, -12.26860027994992031, 18.07052703079829570 ) ) ;
#3065 = ADVANCED_FACE ( 'NONE', ( #10804 ), #842, .F. ) ;
#3066 = FACE_OUTER_BOUND ( 'NONE', #8158, .T. ) ;
#3067 = VECTOR ( 'NONE', #9564, 1000.000000000000000 ) ;
#3068 = CARTESIAN_POINT ( 'NONE',  ( -73.59999999999999432, 7.741827572531310153, 5.940513232682870459 ) ) ;
#3069 = DIRECTION ( 'NONE',  ( -4.112988807310475227E-18, -0.9238795325112871826, 0.3826834323650885605 ) ) ;
#3070 = FACE_OUTER_BOUND ( 'NONE', #6778, .T. ) ;
#3071 = ORIENTED_EDGE ( 'NONE', *, *, #3415, .T. ) ;
#3072 = CARTESIAN_POINT ( 'NONE',  ( -73.59999999999999432, -12.24140380577454046, 5.070555478837420083 ) ) ;
#3073 = CIRCLE ( 'NONE', #10385, 44.60000000000000142 ) ;
#3074 = DIRECTION ( 'NONE',  ( 1.000000000000000000, -1.159058001766241925E-16, 6.264279228234968532E-17 ) ) ;
#3075 = AXIS2_PLACEMENT_3D ( 'NONE', #2289, #2358, #12304 ) ;
#3076 = ORIENTED_EDGE ( 'NONE', *, *, #6630, .F. ) ;
#3077 = CARTESIAN_POINT ( 'NONE',  ( -1.899999999999999911, 11.86318640331520058, 28.64026550785100156 ) ) ;
#3078 = VERTEX_POINT ( 'NONE', #4049 ) ;
#3079 = FACE_OUTER_BOUND ( 'NONE', #8716, .T. ) ;
#3080 = DIRECTION ( 'NONE',  ( 0.2588190451025214056, 0.8031379722975896529, 0.5366396363910657108 ) ) ;
#3081 = VECTOR ( 'NONE', #7495, 1000.000000000000000 ) ;
#3082 = DIRECTION ( 'NONE',  ( 0.5150380749100560429, -0.8571673007021111124, -8.211731712495831096E-14 ) ) ;
#3083 = CARTESIAN_POINT ( 'NONE',  ( 17.54641016151380128, -21.92031021678490177, -21.92031021678440084 ) ) ;
#3084 = VERTEX_POINT ( 'NONE', #9151 ) ;
#3086 = EDGE_CURVE ( 'NONE', #928, #3522, #6282, .T. ) ;
#3085 = DIRECTION ( 'NONE',  ( 1.000000000000000000, -2.905650844594909648E-18, -7.014861676541880450E-18 ) ) ;
#3087 = DIRECTION ( 'NONE',  ( -1.000000000000000000, 0.000000000000000000, 0.000000000000000000 ) ) ;
#3088 = EDGE_CURVE ( 'NONE', #12722, #893, #2280, .T. ) ;
#3089 = AXIS2_PLACEMENT_3D ( 'NONE', #10836, #11816, #2843 ) ;
#3090 = DIRECTION ( 'NONE',  ( 0.000000000000000000, 0.9238795325112917345, -0.3826834323650779024 ) ) ;
#3091 = VERTEX_POINT ( 'NONE', #12228 ) ;
#3092 = EDGE_CURVE ( 'NONE', #5252, #4797, #8376, .T. ) ;
#3093 = VERTEX_POINT ( 'NONE', #10197 ) ;
#3094 = CARTESIAN_POINT ( 'NONE',  ( -63.60000000000000142, 6.397396265084100087, -21.15149689803300248 ) ) ;
#3095 = EDGE_CURVE ( 'NONE', #8125, #12803, #1101, .T. ) ;
#3096 = DIRECTION ( 'NONE',  ( 0.000000000000000000, -0.9238795325112788559, 0.3826834323651086556 ) ) ;
#3097 = CARTESIAN_POINT ( 'NONE',  ( -72.59999999999999432, -3.741613255363041901, -2.500066048589937306 ) ) ;
#3098 = DIRECTION ( 'NONE',  ( 1.000000000000000000, 0.000000000000000000, 0.000000000000000000 ) ) ;
#3099 = VECTOR ( 'NONE', #3559, 1000.000000000000000 ) ;
#3100 = FACE_BOUND ( 'NONE', #11127, .T. ) ;
#3101 = ORIENTED_EDGE ( 'NONE', *, *, #4330, .F. ) ;
#3102 = CARTESIAN_POINT ( 'NONE',  ( -73.59999999999999432, 24.17792842093690098, -15.47943042353630005 ) ) ;
#3103 = ADVANCED_FACE ( 'NONE', ( #62, #10010 ), #7069, .F. ) ;
#3104 = DIRECTION ( 'NONE',  ( 0.000000000000000000, -0.3826834323650878389, -0.9238795325112876267 ) ) ;
#3105 = ORIENTED_EDGE ( 'NONE', *, *, #5521, .F. ) ;
#3106 = CARTESIAN_POINT ( 'NONE',  ( 13.60000000000099796, -9.540979117872440597E-15, 0.000000000000000000 ) ) ;
#3107 = CYLINDRICAL_SURFACE ( 'NONE', #7773, 1.600000000000000755 ) ;
#3108 = DIRECTION ( 'NONE',  ( 1.000000000000000000, 0.000000000000000000, 0.000000000000000000 ) ) ;
#3109 = VERTEX_POINT ( 'NONE', #5238 ) ;
#3110 = CARTESIAN_POINT ( 'NONE',  ( 6.600000000000989964, -28.64026550784960179, 11.86318640331847796 ) ) ;
#3111 = EDGE_CURVE ( 'NONE', #10148, #11001, #8590, .T. ) ;
#3112 = ORIENTED_EDGE ( 'NONE', *, *, #4218, .T. ) ;
#3113 = VECTOR ( 'NONE', #10741, 1000.000000000000000 ) ;
#3114 = EDGE_CURVE ( 'NONE', #5293, #3203, #1034, .T. ) ;
#3115 = LINE ( 'NONE', #6132, #12095 ) ;
#3116 = CARTESIAN_POINT ( 'NONE',  ( 17.54641016151380128, -1.538218782761704873, -32.02780493108799931 ) ) ;
#3117 = DIRECTION ( 'NONE',  ( 0.000000000000000000, 0.8314696123025479002, 0.5555702330195982919 ) ) ;
#3118 = VERTEX_POINT ( 'NONE', #3326 ) ;
#3119 = ORIENTED_EDGE ( 'NONE', *, *, #9888, .T. ) ;
#3120 = ORIENTED_EDGE ( 'NONE', *, *, #12441, .T. ) ;
#3121 = CARTESIAN_POINT ( 'NONE',  ( -73.29999999999999716, 15.60460565449595194, -16.13375201303259843 ) ) ;
#3122 = ORIENTED_EDGE ( 'NONE', *, *, #7404, .T. ) ;
#3123 = DIRECTION ( 'NONE',  ( 1.000000000000000000, 0.000000000000000000, 0.000000000000000000 ) ) ;
#3124 = ORIENTED_EDGE ( 'NONE', *, *, #9694, .T. ) ;
#3125 = LINE ( 'NONE', #114, #2105 ) ;
#3126 = CARTESIAN_POINT ( 'NONE',  ( -65.19999999999998863, 32.24339568464405659, -13.35565178954120213 ) ) ;
#3127 = ORIENTED_EDGE ( 'NONE', *, *, #6379, .T. ) ;
#3128 = ORIENTED_EDGE ( 'NONE', *, *, #3005, .F. ) ;
#3129 = CARTESIAN_POINT ( 'NONE',  ( 6.599999999999999645, 13.11318640331944074, -28.64026550784910086 ) ) ;
#3130 = CARTESIAN_POINT ( 'NONE',  ( -73.29999999999999716, 4.448338024599770790, -16.87467892491325117 ) ) ;
#3131 = ORIENTED_EDGE ( 'NONE', *, *, #12404, .T. ) ;
#3132 = EDGE_CURVE ( 'NONE', #6062, #7332, #11002, .T. ) ;
#3133 = LINE ( 'NONE', #7131, #454 ) ;
#3134 = DIRECTION ( 'NONE',  ( -7.592831564818952788E-18, -0.3826834323650881720, -0.9238795325112874046 ) ) ;
#3135 = ORIENTED_EDGE ( 'NONE', *, *, #10450, .F. ) ;
#3136 = CARTESIAN_POINT ( 'NONE',  ( -72.84391516214240880, -17.63180090728720018, -10.55614023996390038 ) ) ;
#3137 = DIRECTION ( 'NONE',  ( 0.000000000000000000, -0.9238795325112786339, 0.3826834323651093772 ) ) ;
#3138 = EDGE_CURVE ( 'NONE', #11380, #3510, #8033, .T. ) ;
#3139 = DIRECTION ( 'NONE',  ( 1.000000000000000000, 0.000000000000000000, 0.000000000000000000 ) ) ;
#3140 = FACE_OUTER_BOUND ( 'NONE', #11579, .T. ) ;
#3141 = LINE ( 'NONE', #12241, #6334 ) ;
#3142 = AXIS2_PLACEMENT_3D ( 'NONE', #3031, #1982, #4147 ) ;
#3143 = ADVANCED_FACE ( 'NONE', ( #2086 ), #4118, .F. ) ;
#3144 = CARTESIAN_POINT ( 'NONE',  ( -72.84391516214240880, -18.00885176542625032, 4.212334043129004613 ) ) ;
#3145 = EDGE_LOOP ( 'NONE', ( #8767, #6478, #6786 ) ) ;
#3146 = CARTESIAN_POINT ( 'NONE',  ( -78.79999999999999716, -15.70478550837409948, -12.43672835338790073 ) ) ;
#3147 = DIRECTION ( 'NONE',  ( 0.000000000000000000, 0.4999999999999982792, -0.8660254037844397068 ) ) ;
#3148 = ORIENTED_EDGE ( 'NONE', *, *, #1214, .T. ) ;
#3149 = AXIS2_PLACEMENT_3D ( 'NONE', #3680, #4543, #1646 ) ;
#3150 = EDGE_CURVE ( 'NONE', #1218, #2779, #8102, .T. ) ;
#3151 = LINE ( 'NONE', #6244, #12861 ) ;
#3152 = ORIENTED_EDGE ( 'NONE', *, *, #6461, .F. ) ;
#3153 = AXIS2_PLACEMENT_3D ( 'NONE', #9685, #3412, #4593 ) ;
#3154 = VERTEX_POINT ( 'NONE', #5113 ) ;
#3155 = EDGE_CURVE ( 'NONE', #9779, #2594, #240, .T. ) ;
#3156 = CARTESIAN_POINT ( 'NONE',  ( 63.49637790110389091, 41.48219100975698836, -17.18248611319201302 ) ) ;
#3157 = DIRECTION ( 'NONE',  ( 0.000000000000000000, 0.9238795325112874046, -0.3826834323650882275 ) ) ;
#3158 = CARTESIAN_POINT ( 'NONE',  ( -1.899999999999999911, 28.64026550784895164, 11.86318640332005891 ) ) ;
#3159 = EDGE_CURVE ( 'NONE', #12067, #9356, #9080, .T. ) ;
#3160 =( LENGTH_UNIT ( ) NAMED_UNIT ( * ) SI_UNIT ( .MILLI., .METRE. ) );
#3161 = CIRCLE ( 'NONE', #20, 1.750000000000001110 ) ;
#3162 = CARTESIAN_POINT ( 'NONE',  ( -56.21032168798580386, -14.11635934497249956, 18.83589389552849980 ) ) ;
#3163 = EDGE_LOOP ( 'NONE', ( #2590, #1745, #6355, #6530 ) ) ;
#3164 = AXIS2_PLACEMENT_3D ( 'NONE', #1321, #9376, #415 ) ;
#3165 = DIRECTION ( 'NONE',  ( -1.000000000000000000, 4.451867004922774877E-18, 0.000000000000000000 ) ) ;
#3166 = VECTOR ( 'NONE', #8863, 1000.000000000000000 ) ;
#3167 = DIRECTION ( 'NONE',  ( -1.000000000000000000, 6.705557021117060106E-18, 5.440889002481110112E-18 ) ) ;
#3168 = EDGE_CURVE ( 'NONE', #8346, #12734, #2152, .T. ) ;
#3169 = VERTEX_POINT ( 'NONE', #10259 ) ;
#3170 = AXIS2_PLACEMENT_3D ( 'NONE', #12783, #4380, #4819 ) ;
#3171 = AXIS2_PLACEMENT_3D ( 'NONE', #12311, #1371, #12115 ) ;
#3172 = DIRECTION ( 'NONE',  ( -4.112988807310479849E-18, -0.9238795325112876267, 0.3826834323650878389 ) ) ;
#3173 = CIRCLE ( 'NONE', #5274, 1.600000000000000755 ) ;
#3174 = CARTESIAN_POINT ( 'NONE',  ( 17.60000000000000142, 21.92031021678129932, -21.92031021678479874 ) ) ;
#3175 = CARTESIAN_POINT ( 'NONE',  ( 6.599999999999999645, -2.973621349156020086E-12, 31.00000000000000000 ) ) ;
#3176 = ORIENTED_EDGE ( 'NONE', *, *, #11097, .T. ) ;
#3177 = CARTESIAN_POINT ( 'NONE',  ( -73.59999999999999432, 1.049419181516655842E-14, 5.142634763737189527E-15 ) ) ;
#3178 = ORIENTED_EDGE ( 'NONE', *, *, #2802, .F. ) ;
#3179 = CYLINDRICAL_SURFACE ( 'NONE', #6869, 1.849999999999998979 ) ;
#3180 = VECTOR ( 'NONE', #2320, 1000.000000000000114 ) ;
#3181 = CARTESIAN_POINT ( 'NONE',  ( -73.59999999999999432, 14.81321579678460054, -15.10239267065399993 ) ) ;
#3182 = AXIS2_PLACEMENT_3D ( 'NONE', #1443, #2565, #1767 ) ;
#3183 = DIRECTION ( 'NONE',  ( 1.000000000000000000, 6.123233995737139512E-17, -2.137915722948609799E-31 ) ) ;
#3184 = EDGE_LOOP ( 'NONE', ( #4316, #7887, #10514, #10969 ) ) ;
#3185 = ORIENTED_EDGE ( 'NONE', *, *, #12562, .T. ) ;
#3186 = EDGE_LOOP ( 'NONE', ( #11644, #10015, #7454, #3576 ) ) ;
#3187 = CARTESIAN_POINT ( 'NONE',  ( 17.60000000000000142, -1.704512705221630009, 29.86108102230810246 ) ) ;
#3188 = AXIS2_PLACEMENT_3D ( 'NONE', #7805, #9832, #6898 ) ;
#3189 = ORIENTED_EDGE ( 'NONE', *, *, #12082, .F. ) ;
#3190 = DIRECTION ( 'NONE',  ( -1.000000000000000000, 0.000000000000000000, -1.074775770116589937E-17 ) ) ;
#3191 = ORIENTED_EDGE ( 'NONE', *, *, #9709, .T. ) ;
#3192 = CARTESIAN_POINT ( 'NONE',  ( 17.54641016151380128, 11.86318640331641916, 28.64026550784804925 ) ) ;
#3193 = EDGE_CURVE ( 'NONE', #823, #5674, #3133, .T. ) ;
#3194 = CIRCLE ( 'NONE', #11561, 1.750000000000001110 ) ;
#3195 = DIRECTION ( 'NONE',  ( 0.000000000000000000, -0.8314696123025481223, -0.5555702330195979588 ) ) ;
#3196 = EDGE_LOOP ( 'NONE', ( #5366, #11730, #12836, #8925 ) ) ;
#3197 = EDGE_LOOP ( 'NONE', ( #1199, #11560, #2799, #7406 ) ) ;
#3198 = FACE_OUTER_BOUND ( 'NONE', #11185, .T. ) ;
#3199 = FACE_OUTER_BOUND ( 'NONE', #10025, .T. ) ;
#3200 = ORIENTED_EDGE ( 'NONE', *, *, #1894, .F. ) ;
#3201 = DIRECTION ( 'NONE',  ( 1.000000000000000000, 0.000000000000000000, 0.000000000000000000 ) ) ;
#3202 = LINE ( 'NONE', #8103, #10242 ) ;
#3203 = VERTEX_POINT ( 'NONE', #6154 ) ;
#3204 = LINE ( 'NONE', #4054, #8878 ) ;
#3205 = CARTESIAN_POINT ( 'NONE',  ( 6.599999999999999645, 31.00000000000000000, 2.307831424685130031E-12 ) ) ;
#3206 = EDGE_CURVE ( 'NONE', #8758, #9945, #6106, .T. ) ;
#3207 = FACE_OUTER_BOUND ( 'NONE', #3063, .T. ) ;
#3208 = LINE ( 'NONE', #7985, #3472 ) ;
#3209 = CARTESIAN_POINT ( 'NONE',  ( -11.50000000000000000, 5.683796335793679713E-15, -3.281541344489749607E-15 ) ) ;
#3210 = DIRECTION ( 'NONE',  ( -1.000000000000000000, -1.549392514931348033E-17, -5.782411586589934247E-17 ) ) ;
#3211 = ORIENTED_EDGE ( 'NONE', *, *, #6656, .T. ) ;
#3212 = PLANE ( 'NONE',  #11732 ) ;
#3213 = CARTESIAN_POINT ( 'NONE',  ( -72.84391516214240880, -14.66364304800118035, 8.368693403076200354 ) ) ;
#3214 = EDGE_LOOP ( 'NONE', ( #2104, #10274, #309, #5680 ) ) ;
#3215 = CARTESIAN_POINT ( 'NONE',  ( 17.54641016151375155, -1.382773195792131823E-12, 30.99999999999824851 ) ) ;
#3216 = ORIENTED_EDGE ( 'NONE', *, *, #11088, .T. ) ;
#3217 = ADVANCED_FACE ( 'NONE', ( #3756 ), #385, .F. ) ;
#3218 = ORIENTED_EDGE ( 'NONE', *, *, #8673, .T. ) ;
#3219 = ORIENTED_EDGE ( 'NONE', *, *, #10520, .T. ) ;
#3220 = CARTESIAN_POINT ( 'NONE',  ( 6.599999999999999645, -31.00000000000000000, -9.693681929906711246E-13 ) ) ;
#3221 = CARTESIAN_POINT ( 'NONE',  ( -72.84391516214240880, 0.7106549036514320239, -11.65948100232948015 ) ) ;
#3222 = CARTESIAN_POINT ( 'NONE',  ( -73.59999999999999432, -20.06718335794510111, -4.676606898020219560 ) ) ;
#3223 = EDGE_CURVE ( 'NONE', #3641, #11316, #6774, .T. ) ;
#3224 = FACE_OUTER_BOUND ( 'NONE', #4064, .T. ) ;
#3225 = VERTEX_POINT ( 'NONE', #8727 ) ;
#3226 = CARTESIAN_POINT ( 'NONE',  ( 17.54641016151375155, -10.32496762055949979, 29.66807043893449958 ) ) ;
#3227 = CARTESIAN_POINT ( 'NONE',  ( 6.599999999999999645, -28.64026550784945258, -11.86318640331884033 ) ) ;
#3228 = VECTOR ( 'NONE', #7162, 1000.000000000000000 ) ;
#3229 = ORIENTED_EDGE ( 'NONE', *, *, #9082, .T. ) ;
#3230 = LINE ( 'NONE', #12919, #2847 ) ;
#3231 = DIRECTION ( 'NONE',  ( 1.156482317317993998E-16, 0.8660254037844211661, -0.5000000000000301981 ) ) ;
#3232 = CARTESIAN_POINT ( 'NONE',  ( 5.100000000000005862, -38.97114317029482322, 22.49999999999896616 ) ) ;
#3233 = CARTESIAN_POINT ( 'NONE',  ( -74.80000000000001137, 32.24339568464407080, -13.35565178954120746 ) ) ;
#3234 = VECTOR ( 'NONE', #12457, 1000.000000000000000 ) ;
#3235 = VERTEX_POINT ( 'NONE', #10761 ) ;
#3236 = LINE ( 'NONE', #4283, #6251 ) ;
#3237 = CIRCLE ( 'NONE', #9929, 44.90000000000000568 ) ;
#3238 = DIRECTION ( 'NONE',  ( 0.000000000000000000, 0.3826834323650881720, 0.9238795325112874046 ) ) ;
#3239 = AXIS2_PLACEMENT_3D ( 'NONE', #6093, #1297, #8038 ) ;
#3240 = FACE_OUTER_BOUND ( 'NONE', #3058, .T. ) ;
#3241 = ORIENTED_EDGE ( 'NONE', *, *, #6331, .T. ) ;
#3242 = EDGE_CURVE ( 'NONE', #9459, #11133, #1697, .T. ) ;
#3243 = AXIS2_PLACEMENT_3D ( 'NONE', #12678, #3719, #7707 ) ;
#3244 = ORIENTED_EDGE ( 'NONE', *, *, #1169, .T. ) ;
#3245 = VECTOR ( 'NONE', #12383, 1000.000000000000000 ) ;
#3246 = VECTOR ( 'NONE', #6631, 1000.000000000000227 ) ;
#3247 = EDGE_LOOP ( 'NONE', ( #5835, #3603, #6273, #637 ) ) ;
#3248 = CARTESIAN_POINT ( 'NONE',  ( -72.84391516214240880, 9.321032131865921500, 9.127808479174481349 ) ) ;
#3249 = CIRCLE ( 'NONE', #8888, 0.2999999999999999889 ) ;
#3250 = EDGE_CURVE ( 'NONE', #1542, #3962, #6729, .T. ) ;
#3251 = EDGE_LOOP ( 'NONE', ( #11309, #4970, #2601, #10114 ) ) ;
#3252 = CARTESIAN_POINT ( 'NONE',  ( 6.599999999999999645, -3.301963206785260407E-12, 34.42296358256754729 ) ) ;
#3253 = CIRCLE ( 'NONE', #9723, 0.9999999999999991118 ) ;
#3254 = ORIENTED_EDGE ( 'NONE', *, *, #9313, .F. ) ;
#3255 = ADVANCED_FACE ( 'NONE', ( #12352 ), #4214, .F. ) ;
#3256 = CARTESIAN_POINT ( 'NONE',  ( -72.84391516214240880, -6.348727255399589708, 4.924542511790409804 ) ) ;
#3257 = EDGE_CURVE ( 'NONE', #12593, #1516, #11541, .T. ) ;
#3258 = ORIENTED_EDGE ( 'NONE', *, *, #12730, .F. ) ;
#3259 = DIRECTION ( 'NONE',  ( 0.000000000000000000, -0.9238795325112787449, 0.3826834323651089331 ) ) ;
#3260 = EDGE_CURVE ( 'NONE', #1864, #5513, #9778, .T. ) ;
#3261 = CONICAL_SURFACE ( 'NONE', #1161, 1.850000000000000311, 1.308996938995733439 ) ;
#3262 = CARTESIAN_POINT ( 'NONE',  ( -11.90000000000000746, -36.80607966083890403, -21.24999999999954881 ) ) ;
#3263 = CARTESIAN_POINT ( 'NONE',  ( -14.90000000000000036, 36.80607966083849902, -19.65000000000030056 ) ) ;
#3264 = AXIS2_PLACEMENT_3D ( 'NONE', #2810, #785, #7008 ) ;
#3265 = DIRECTION ( 'NONE',  ( -1.000000000000000000, 6.705557021117060106E-18, 5.440889002481110112E-18 ) ) ;
#3266 = ORIENTED_EDGE ( 'NONE', *, *, #1261, .F. ) ;
#3267 = EDGE_CURVE ( 'NONE', #7274, #9702, #2749, .T. ) ;
#3268 = DIRECTION ( 'NONE',  ( 1.000000000000000000, 0.000000000000000000, 0.000000000000000000 ) ) ;
#3269 = VECTOR ( 'NONE', #5717, 1000.000000000000000 ) ;
#3270 = AXIS2_PLACEMENT_3D ( 'NONE', #2508, #2575, #8336 ) ;
#3271 = VECTOR ( 'NONE', #564, 1000.000000000000000 ) ;
#3272 = FACE_OUTER_BOUND ( 'NONE', #527, .T. ) ;
#3273 = LINE ( 'NONE', #511, #3875 ) ;
#3274 = FACE_BOUND ( 'NONE', #10651, .T. ) ;
#3275 = ADVANCED_FACE ( 'NONE', ( #3698, #6417 ), #10395, .F. ) ;
#3276 = FACE_OUTER_BOUND ( 'NONE', #2198, .T. ) ;
#3277 = ORIENTED_EDGE ( 'NONE', *, *, #5464, .F. ) ;
#3278 = AXIS2_PLACEMENT_3D ( 'NONE', #8996, #11892, #3908 ) ;
#3279 = FACE_OUTER_BOUND ( 'NONE', #5357, .T. ) ;
#3280 = DIRECTION ( 'NONE',  ( 0.000000000000000000, 0.000000000000000000, -1.000000000000000000 ) ) ;
#3281 = ORIENTED_EDGE ( 'NONE', *, *, #11578, .T. ) ;
#3282 = CARTESIAN_POINT ( 'NONE',  ( 17.54641016151375155, -1.382773195792131823E-12, 30.99999999999824851 ) ) ;
#3283 = AXIS2_PLACEMENT_3D ( 'NONE', #9132, #1021, #5031 ) ;
#3284 = ORIENTED_EDGE ( 'NONE', *, *, #5400, .F. ) ;
#3285 = CYLINDRICAL_SURFACE ( 'NONE', #1835, 1.000000000000000000 ) ;
#3286 = DIRECTION ( 'NONE',  ( 0.000000000000000000, 0.000000000000000000, 1.000000000000000000 ) ) ;
#3287 = CARTESIAN_POINT ( 'NONE',  ( -72.84391516214240880, 11.04310757750882033, 13.28526637547527933 ) ) ;
#3288 = SURFACE_STYLE_USAGE ( .BOTH. , #12124 ) ;
#3289 = DIRECTION ( 'NONE',  ( 3.090821338043308677E-16, 1.000000000000000000, 3.432150397220114808E-15 ) ) ;
#3290 = ORIENTED_EDGE ( 'NONE', *, *, #10379, .F. ) ;
#3291 = CARTESIAN_POINT ( 'NONE',  ( 14.10000000000099973, 11.86318640331835894, 28.64026550784965153 ) ) ;
#3292 = EDGE_CURVE ( 'NONE', #12474, #2137, #1069, .T. ) ;
#3293 = VECTOR ( 'NONE', #4656, 1000.000000000000114 ) ;
#3294 = DIRECTION ( 'NONE',  ( -1.000000000000000000, 0.000000000000000000, -1.074775770116589937E-17 ) ) ;
#3295 = ADVANCED_FACE ( 'NONE', ( #3448 ), #9399, .F. ) ;
#3296 = ORIENTED_EDGE ( 'NONE', *, *, #11485, .F. ) ;
#3297 = LINE ( 'NONE', #8457, #3234 ) ;
#3298 = CIRCLE ( 'NONE', #5206, 2.050000000000024247 ) ;
#3299 = CARTESIAN_POINT ( 'NONE',  ( -73.59999999999999432, -21.00466112754410020, 2.206062310325320297 ) ) ;
#3300 = FACE_OUTER_BOUND ( 'NONE', #10172, .T. ) ;
#3301 = CIRCLE ( 'NONE', #6861, 1.600000000000000089 ) ;
#3302 = CARTESIAN_POINT ( 'NONE',  ( -73.59999999999999432, 14.99584422548720042, -15.34039867274135105 ) ) ;
#3303 = ORIENTED_EDGE ( 'NONE', *, *, #10870, .T. ) ;
#3304 = DIRECTION ( 'NONE',  ( 0.000000000000000000, 0.8314696123025475671, 0.5555702330195986249 ) ) ;
#3306 = EDGE_CURVE ( 'NONE', #12126, #2445, #30, .T. ) ;
#3305 = CARTESIAN_POINT ( 'NONE',  ( 14.09999999999999964, -13.40140518607949893, -29.66807043893774676 ) ) ;
#3307 = AXIS2_PLACEMENT_3D ( 'NONE', #9673, #7585, #11583 ) ;
#3308 = CONICAL_SURFACE ( 'NONE', #12300, 44.70000000000002416, 0.7853981633974136400 ) ;
#3309 = DIRECTION ( 'NONE',  ( 0.000000000000000000, 1.000000000000000000, 9.575673587392073611E-14 ) ) ;
#3310 = ORIENTED_EDGE ( 'NONE', *, *, #11577, .F. ) ;
#3311 = ORIENTED_EDGE ( 'NONE', *, *, #4903, .T. ) ;
#3312 = VERTEX_POINT ( 'NONE', #6350 ) ;
#3313 = CARTESIAN_POINT ( 'NONE',  ( -2.651075773784429934, 1.642041500214240179E-12, -31.00000000000000000 ) ) ;
#3314 = EDGE_LOOP ( 'NONE', ( #12244, #3566 ) ) ;
#3315 = ORIENTED_EDGE ( 'NONE', *, *, #11414, .T. ) ;
#3316 = DIRECTION ( 'NONE',  ( 1.000000000000000000, -2.905650844594899633E-18, -7.014861676541869665E-18 ) ) ;
#3317 = ORIENTED_EDGE ( 'NONE', *, *, #11813, .F. ) ;
#3318 = CIRCLE ( 'NONE', #6673, 1.750000000000000222 ) ;
#3319 = DIRECTION ( 'NONE',  ( 1.000000000000000000, 0.000000000000000000, 0.000000000000000000 ) ) ;
#3320 = ADVANCED_FACE ( 'NONE', ( #5371 ), #10694, .F. ) ;
#3321 = ORIENTED_EDGE ( 'NONE', *, *, #6659, .T. ) ;
#3322 = ORIENTED_EDGE ( 'NONE', *, *, #12372, .T. ) ;
#3323 = ADVANCED_FACE ( 'NONE', ( #11455 ), #3795, .T. ) ;
#3324 = CARTESIAN_POINT ( 'NONE',  ( -65.00000000000000000, -2.066205161904769999E-14, 1.491883645478428116E-14 ) ) ;
#3325 = FACE_OUTER_BOUND ( 'NONE', #3861, .T. ) ;
#3326 = CARTESIAN_POINT ( 'NONE',  ( -1.899999999999999911, -1.249999999998345990, -31.00000000000000000 ) ) ;
#3327 = DIRECTION ( 'NONE',  ( 1.000000000000000000, 0.000000000000000000, 0.000000000000000000 ) ) ;
#3328 = EDGE_CURVE ( 'NONE', #9466, #10751, #10456, .T. ) ;
#3329 = EDGE_LOOP ( 'NONE', ( #10209, #10441, #5361, #11779 ) ) ;
#3330 = ADVANCED_FACE ( 'NONE', ( #12717 ), #10704, .F. ) ;
#3331 = ORIENTED_EDGE ( 'NONE', *, *, #2685, .F. ) ;
#3332 = PLANE ( 'NONE',  #12847 ) ;
#3333 = PLANE ( 'NONE',  #7655 ) ;
#3334 = PLANE ( 'NONE',  #3035 ) ;
#3335 = CARTESIAN_POINT ( 'NONE',  ( -72.84391516214240880, -10.96766988929959830, 2.919369315340320181 ) ) ;
#3336 = PLANE ( 'NONE',  #3395 ) ;
#3337 = EDGE_CURVE ( 'NONE', #3050, #6135, #12070, .T. ) ;
#3338 = LINE ( 'NONE', #9285, #1167 ) ;
#3339 = ORIENTED_EDGE ( 'NONE', *, *, #7717, .F. ) ;
#3340 = CARTESIAN_POINT ( 'NONE',  ( -72.84391516214240880, -7.886971619065149319, 19.50277361505434826 ) ) ;
#3341 = CARTESIAN_POINT ( 'NONE',  ( -59.50000000000000000, 1.538218782758340009, 32.02780493108450344 ) ) ;
#3342 = VERTEX_POINT ( 'NONE', #2117 ) ;
#3343 = DIRECTION ( 'NONE',  ( 1.000000000000000000, -6.705557021117060106E-18, -5.440889002481110112E-18 ) ) ;
#3344 = DIRECTION ( 'NONE',  ( -1.000000000000000000, 0.000000000000000000, 0.000000000000000000 ) ) ;
#3345 = EDGE_LOOP ( 'NONE', ( #11837, #3393, #10408, #1134 ) ) ;
#3346 = CYLINDRICAL_SURFACE ( 'NONE', #7897, 1.000000000000000666 ) ;
#3347 = AXIS2_PLACEMENT_3D ( 'NONE', #3162, #10893, #12909 ) ;
#3348 = PLANE ( 'NONE',  #8055 ) ;
#3349 = CARTESIAN_POINT ( 'NONE',  ( -11.90000000000000391, -4.549007933082355345E-13, -40.90000000000000568 ) ) ;
#3350 = DIRECTION ( 'NONE',  ( -1.000000000000000000, 3.090821338043315087E-16, -1.871678662600109722E-16 ) ) ;
#3351 = ADVANCED_FACE ( 'NONE', ( #7098 ), #5269, .F. ) ;
#3352 = DIRECTION ( 'NONE',  ( -1.000000000000000000, 0.000000000000000000, 0.000000000000000000 ) ) ;
#3353 = VERTEX_POINT ( 'NONE', #11098 ) ;
#3354 = DIRECTION ( 'NONE',  ( 0.000000000000000000, 1.000000000000000000, 9.575673587392073611E-14 ) ) ;
#3355 = VECTOR ( 'NONE', #5461, 1000.000000000000114 ) ;
#3356 = AXIS2_PLACEMENT_3D ( 'NONE', #6226, #9345, #4180 ) ;
#3357 = CARTESIAN_POINT ( 'NONE',  ( 17.60000000000000142, 22.61597345462763897, 15.11151033813126610 ) ) ;
#3358 = AXIS2_PLACEMENT_3D ( 'NONE', #5404, #12197, #7354 ) ;
#3359 = EDGE_LOOP ( 'NONE', ( #11784, #11959, #5683, #8699 ) ) ;
#3360 = LINE ( 'NONE', #1517, #12878 ) ;
#3361 = VECTOR ( 'NONE', #780, 1000.000000000000000 ) ;
#3362 = FACE_OUTER_BOUND ( 'NONE', #10511, .T. ) ;
#3363 = PLANE ( 'NONE',  #5999 ) ;
#3364 = ADVANCED_FACE ( 'NONE', ( #1987 ), #2957, .T. ) ;
#3365 = LINE ( 'NONE', #6386, #3367 ) ;
#3366 = EDGE_CURVE ( 'NONE', #859, #2673, #10966, .T. ) ;
#3367 = VECTOR ( 'NONE', #11368, 1000.000000000000000 ) ;
#3368 = ORIENTED_EDGE ( 'NONE', *, *, #49, .T. ) ;
#3369 = CARTESIAN_POINT ( 'NONE',  ( 6.600000000000989964, -11.86318640331839980, -28.64026550784965153 ) ) ;
#3370 = VECTOR ( 'NONE', #6029, 999.9999999999998863 ) ;
#3371 = VECTOR ( 'NONE', #4586, 999.9999999999998863 ) ;
#3372 = DIRECTION ( 'NONE',  ( 0.000000000000000000, -0.9238795325112789669, 0.3826834323651084890 ) ) ;
#3373 = ORIENTED_EDGE ( 'NONE', *, *, #6746, .T. ) ;
#3374 = VERTEX_POINT ( 'NONE', #4890 ) ;
#3375 = AXIS2_PLACEMENT_3D ( 'NONE', #11492, #1654, #12711 ) ;
#3376 = ORIENTED_EDGE ( 'NONE', *, *, #6767, .T. ) ;
#3377 = CARTESIAN_POINT ( 'NONE',  ( 0.000000000000000000, 0.000000000000000000, 0.000000000000000000 ) ) ;
#3378 = VERTEX_POINT ( 'NONE', #7039 ) ;
#3379 = ORIENTED_EDGE ( 'NONE', *, *, #4400, .F. ) ;
#3380 = DIRECTION ( 'NONE',  ( 0.5150380749100560429, -0.8571673007021111124, -8.211731712495831096E-14 ) ) ;
#3381 = EDGE_LOOP ( 'NONE', ( #3266, #3127, #9334, #5162 ) ) ;
#3382 = CARTESIAN_POINT ( 'NONE',  ( -72.84391516214240880, -10.88278098118300008, 17.49650188225070124 ) ) ;
#3383 = TOROIDAL_SURFACE ( 'NONE', #41, 6.500000000000000000, 2.000000000000000000 ) ;
#3384 = ORIENTED_EDGE ( 'NONE', *, *, #2918, .T. ) ;
#3385 = DIRECTION ( 'NONE',  ( 0.000000000000000000, -0.9238795325112789669, 0.3826834323651084890 ) ) ;
#3386 = AXIS2_PLACEMENT_3D ( 'NONE', #5587, #3608, #3544 ) ;
#3387 = DIRECTION ( 'NONE',  ( 0.5150380749100560429, -0.8571673007021111124, -8.211731712495831096E-14 ) ) ;
#3388 = EDGE_CURVE ( 'NONE', #9384, #12219, #5065, .T. ) ;
#3389 = CARTESIAN_POINT ( 'NONE',  ( -1.899999999999999911, 31.00000000000000000, 2.307831424685130031E-12 ) ) ;
#3390 = CARTESIAN_POINT ( 'NONE',  ( 17.54641016151380128, 11.86318640331584007, -28.64026550785180092 ) ) ;
#3391 = ORIENTED_EDGE ( 'NONE', *, *, #259, .T. ) ;
#3392 = CIRCLE ( 'NONE', #12795, 44.69999999999999574 ) ;
#3393 = ORIENTED_EDGE ( 'NONE', *, *, #3328, .F. ) ;
#3394 = CARTESIAN_POINT ( 'NONE',  ( -73.59999999999999432, -14.53750439996506039, -0.4727217162303000153 ) ) ;
#3395 = AXIS2_PLACEMENT_3D ( 'NONE', #5249, #9354, #9224 ) ;
#3396 = DIRECTION ( 'NONE',  ( 0.000000000000000000, 0.8314696123025481223, 0.5555702330195977368 ) ) ;
#3397 = CYLINDRICAL_SURFACE ( 'NONE', #950, 1.750000000000001110 ) ;
#3398 = LINE ( 'NONE', #9282, #2234 ) ;
#3399 = EDGE_CURVE ( 'NONE', #3895, #9242, #5479, .T. ) ;
#3400 = CARTESIAN_POINT ( 'NONE',  ( 6.600000000000989964, 30.25705468974495105, 11.19349039667801904 ) ) ;
#3401 = CIRCLE ( 'NONE', #63, 1.249999999999987121 ) ;
#3402 = PLANE ( 'NONE',  #11003 ) ;
#3403 = ORIENTED_EDGE ( 'NONE', *, *, #9958, .T. ) ;
#3404 = CARTESIAN_POINT ( 'NONE',  ( 5.599999999999999645, -42.50000000000000000, 1.600000000000000089 ) ) ;
#3405 = AXIS2_PLACEMENT_3D ( 'NONE', #11710, #4850, #2741 ) ;
#3406 = LINE ( 'NONE', #3213, #10268 ) ;
#3407 = ORIENTED_EDGE ( 'NONE', *, *, #12301, .F. ) ;
#3408 = CARTESIAN_POINT ( 'NONE',  ( -15.09999999999999609, 44.89999999999998437, 1.598381659015149877E-13 ) ) ;
#3409 = EDGE_CURVE ( 'NONE', #11800, #595, #941, .T. ) ;
#3410 = LINE ( 'NONE', #5515, #125 ) ;
#3411 = EDGE_LOOP ( 'NONE', ( #12189, #3311, #817, #8955, #3876, #8113 ) ) ;
#3412 = DIRECTION ( 'NONE',  ( 1.000000000000000000, -6.322502648911709143E-17, 9.462293898829198836E-17 ) ) ;
#3413 = CARTESIAN_POINT ( 'NONE',  ( -14.90000000000000036, -42.50000000000000000, -1.600000000000000089 ) ) ;
#3414 = CARTESIAN_POINT ( 'NONE',  ( -78.79999999999999716, -8.223227765941111045, 14.77129057020593983 ) ) ;
#3415 = EDGE_CURVE ( 'NONE', #1827, #5005, #6313, .T. ) ;
#3416 = CARTESIAN_POINT ( 'NONE',  ( 5.599999999999999645, 21.25000000000000000, 38.40607966083839386 ) ) ;
#3417 = ADVANCED_FACE ( 'NONE', ( #9119 ), #4957, .F. ) ;
#3418 = FACE_OUTER_BOUND ( 'NONE', #1185, .T. ) ;
#3419 = VERTEX_POINT ( 'NONE', #8924 ) ;
#3420 = EDGE_CURVE ( 'NONE', #5396, #6581, #5995, .T. ) ;
#3421 = CARTESIAN_POINT ( 'NONE',  ( -78.79999999999999716, -17.09060480714099839, -11.86270320484029916 ) ) ;
#3422 = CARTESIAN_POINT ( 'NONE',  ( 14.10000000000099973, 11.86318640331682062, -28.64026550785030167 ) ) ;
#3423 = EDGE_LOOP ( 'NONE', ( #5355, #2906, #3801, #11426 ) ) ;
#3424 = EDGE_CURVE ( 'NONE', #7554, #7568, #6059, .T. ) ;
#3425 = CARTESIAN_POINT ( 'NONE',  ( -78.79999999999999716, -11.33112251035093898, 11.18785782245277893 ) ) ;
#3426 = CARTESIAN_POINT ( 'NONE',  ( 6.599999999999999645, 28.64026550784895164, 11.86318640332005891 ) ) ;
#3427 = LINE ( 'NONE', #12462, #11639 ) ;
#3428 = CARTESIAN_POINT ( 'NONE',  ( 6.599999999999999645, -20.67031021678344871, 21.92031021678259961 ) ) ;
#3429 = ORIENTED_EDGE ( 'NONE', *, *, #184, .T. ) ;
#3430 = ADVANCED_FACE ( 'NONE', ( #1007 ), #11881, .F. ) ;
#3431 = CARTESIAN_POINT ( 'NONE',  ( 14.09999999999999964, -21.92031021678490177, -21.92031021678440084 ) ) ;
#3432 = ORIENTED_EDGE ( 'NONE', *, *, #10608, .F. ) ;
#3433 = CARTESIAN_POINT ( 'NONE',  ( -73.59999999999999432, -16.86080146833100102, 6.983972640662860165 ) ) ;
#3434 = ORIENTED_EDGE ( 'NONE', *, *, #8441, .T. ) ;
#3435 = ORIENTED_EDGE ( 'NONE', *, *, #4658, .T. ) ;
#3436 = VERTEX_POINT ( 'NONE', #3957 ) ;
#3437 = CARTESIAN_POINT ( 'NONE',  ( 17.54641016151380128, 11.86318640331584007, -28.64026550785180092 ) ) ;
#3438 = ORIENTED_EDGE ( 'NONE', *, *, #4131, .F. ) ;
#3439 = EDGE_LOOP ( 'NONE', ( #3557, #7258, #1974, #6211 ) ) ;
#3440 = DIRECTION ( 'NONE',  ( 1.000000000000000000, -6.705557021117060106E-18, -5.440889002481110112E-18 ) ) ;
#3441 = ORIENTED_EDGE ( 'NONE', *, *, #8952, .F. ) ;
#3442 = DIRECTION ( 'NONE',  ( 1.000000000000000000, -1.159058001766241925E-16, 6.264279228234968532E-17 ) ) ;
#3443 = VECTOR ( 'NONE', #8757, 1000.000000000000000 ) ;
#3444 = ORIENTED_EDGE ( 'NONE', *, *, #11738, .T. ) ;
#3445 = VECTOR ( 'NONE', #2945, 1000.000000000000000 ) ;
#3446 = DIRECTION ( 'NONE',  ( 1.000000000000000000, 0.000000000000000000, 0.000000000000000000 ) ) ;
#3447 = VECTOR ( 'NONE', #7802, 1000.000000000000000 ) ;
#3448 = FACE_OUTER_BOUND ( 'NONE', #12356, .T. ) ;
#3449 = AXIS2_PLACEMENT_3D ( 'NONE', #6249, #11999, #12906 ) ;
#3450 = AXIS2_PLACEMENT_3D ( 'NONE', #2, #7984, #7201 ) ;
#3451 = ADVANCED_FACE ( 'NONE', ( #8008 ), #11941, .F. ) ;
#3452 = LINE ( 'NONE', #5500, #12339 ) ;
#3453 = VERTEX_POINT ( 'NONE', #8983 ) ;
#3454 = AXIS2_PLACEMENT_3D ( 'NONE', #9992, #1942, #4835 ) ;
#3455 = EDGE_CURVE ( 'NONE', #6460, #4774, #9228, .T. ) ;
#3456 = VERTEX_POINT ( 'NONE', #10034 ) ;
#3457 = DIRECTION ( 'NONE',  ( 0.000000000000000000, -0.9238795325112788559, 0.3826834323651086556 ) ) ;
#3458 = PLANE ( 'NONE',  #6193 ) ;
#3459 = AXIS2_PLACEMENT_3D ( 'NONE', #3648, #10597, #7457 ) ;
#3460 = VECTOR ( 'NONE', #10314, 1000.000000000000000 ) ;
#3461 = CIRCLE ( 'NONE', #10786, 1.850000000000001865 ) ;
#3462 = LINE ( 'NONE', #1362, #12854 ) ;
#3463 = FACE_OUTER_BOUND ( 'NONE', #5543, .T. ) ;
#3464 = LINE ( 'NONE', #7586, #5709 ) ;
#3465 = VECTOR ( 'NONE', #5711, 1000.000000000000000 ) ;
#3466 = DIRECTION ( 'NONE',  ( 1.000000000000000000, -4.233019071658316276E-17, 1.579784224483893850E-16 ) ) ;
#3467 = ORIENTED_EDGE ( 'NONE', *, *, #7463, .T. ) ;
#3468 = CIRCLE ( 'NONE', #9106, 1.600000000000000089 ) ;
#3469 = CARTESIAN_POINT ( 'NONE',  ( 14.10000000000099973, -27.10204672509194879, -10.83538147223281989 ) ) ;
#3470 = EDGE_CURVE ( 'NONE', #1827, #4199, #5080, .T. ) ;
#3471 = PLANE ( 'NONE',  #2543 ) ;
#3472 = VECTOR ( 'NONE', #4057, 999.9999999999998863 ) ;
#3473 = AXIS2_PLACEMENT_3D ( 'NONE', #5362, #5617, #3632 ) ;
#3474 = VERTEX_POINT ( 'NONE', #3102 ) ;
#3475 = CIRCLE ( 'NONE', #551, 1.249999999999986011 ) ;
#3476 = DIRECTION ( 'NONE',  ( 1.000000000000000000, -6.705557021117060106E-18, -5.440889002481110112E-18 ) ) ;
#3477 = PLANE ( 'NONE',  #9941 ) ;
#3478 = VERTEX_POINT ( 'NONE', #9310 ) ;
#3479 = ORIENTED_EDGE ( 'NONE', *, *, #1892, .F. ) ;
#3480 = LINE ( 'NONE', #10542, #12675 ) ;
#3481 = DIRECTION ( 'NONE',  ( 1.000000000000000000, 3.477373515934204839E-33, 6.022987596888519823E-33 ) ) ;
#3482 = DIRECTION ( 'NONE',  ( -8.358097092242377863E-18, -0.9099612708765427715, -0.4146932426562399132 ) ) ;
#3483 = DIRECTION ( 'NONE',  ( 1.000000000000000000, 0.000000000000000000, 0.000000000000000000 ) ) ;
#3484 = PRODUCT_DEFINITION_FORMATION_WITH_SPECIFIED_SOURCE ( '浠', '', #7731, .NOT_KNOWN. ) ;
#3485 = EDGE_CURVE ( 'NONE', #4168, #9922, #1917, .T. ) ;
#3486 = LINE ( 'NONE', #10224, #5142 ) ;
#3487 = EDGE_LOOP ( 'NONE', ( #7758, #8565, #5574, #1429 ) ) ;
#3488 = EDGE_CURVE ( 'NONE', #2128, #12593, #10429, .T. ) ;
#3489 = CARTESIAN_POINT ( 'NONE',  ( -73.59999999999999432, -16.83360499415559985, -6.015998911298029661 ) ) ;
#3490 = CARTESIAN_POINT ( 'NONE',  ( -14.90000000000000036, 42.50000000000000000, 1.600000000000000089 ) ) ;
#3491 = EDGE_CURVE ( 'NONE', #7744, #12722, #2314, .T. ) ;
#3492 = ORIENTED_EDGE ( 'NONE', *, *, #10281, .F. ) ;
#3493 = EDGE_CURVE ( 'NONE', #9018, #10532, #5465, .T. ) ;
#3494 = DIRECTION ( 'NONE',  ( 0.000000000000000000, 1.000000000000000000, 0.000000000000000000 ) ) ;
#3495 = CARTESIAN_POINT ( 'NONE',  ( -72.84391516214240880, 9.321032131865921500, 9.127808479174481349 ) ) ;
#3496 = CARTESIAN_POINT ( 'NONE',  ( -78.79999999999999716, -17.09060480714099839, -11.86270320484029916 ) ) ;
#3497 = LINE ( 'NONE', #8211, #1490 ) ;
#3498 = VERTEX_POINT ( 'NONE', #161 ) ;
#3499 = CIRCLE ( 'NONE', #10821, 44.90000000000000568 ) ;
#3500 = CARTESIAN_POINT ( 'NONE',  ( -59.50000000000000000, -1.538218782761699988, -32.02780493108799931 ) ) ;
#3501 = EDGE_CURVE ( 'NONE', #8811, #22, #8261, .T. ) ;
#3502 = VERTEX_POINT ( 'NONE', #6256 ) ;
#3503 = DIRECTION ( 'NONE',  ( 1.000000000000000000, 0.000000000000000000, 0.000000000000000000 ) ) ;
#3504 = VERTEX_POINT ( 'NONE', #289 ) ;
#3505 = ORIENTED_EDGE ( 'NONE', *, *, #7964, .F. ) ;
#3506 = CIRCLE ( 'NONE', #10831, 1.249999999999987121 ) ;
#3507 = ORIENTED_EDGE ( 'NONE', *, *, #703, .T. ) ;
#3508 = CARTESIAN_POINT ( 'NONE',  ( -43.89999999999999858, 9.023802240887999434E-15, -5.182314441018879711E-15 ) ) ;
#3509 = ADVANCED_FACE ( 'NONE', ( #6378 ), #1198, .F. ) ;
#3510 = VERTEX_POINT ( 'NONE', #3357 ) ;
#3511 = ORIENTED_EDGE ( 'NONE', *, *, #3881, .F. ) ;
#3512 = DIRECTION ( 'NONE',  ( 0.000000000000000000, -0.9238795325112789669, 0.3826834323651084890 ) ) ;
#3513 = EDGE_LOOP ( 'NONE', ( #1128, #1666 ) ) ;
#3514 = DIRECTION ( 'NONE',  ( 0.000000000000000000, -0.9238795325112788559, 0.3826834323651086556 ) ) ;
#3515 = ORIENTED_EDGE ( 'NONE', *, *, #9299, .T. ) ;
#3516 = CIRCLE ( 'NONE', #11055, 44.71208468574654660 ) ;
#3517 = CARTESIAN_POINT ( 'NONE',  ( -11.90000000000000568, -21.25000000000045119, -38.40607966083839386 ) ) ;
#3518 = CARTESIAN_POINT ( 'NONE',  ( -72.84391516214240880, -21.24806270344179993, -10.14062775919740034 ) ) ;
#3519 = CARTESIAN_POINT ( 'NONE',  ( -73.59999999999999432, -21.00466112754410020, 2.206062310325320297 ) ) ;
#3520 = ORIENTED_EDGE ( 'NONE', *, *, #1316, .T. ) ;
#3521 = CIRCLE ( 'NONE', #10847, 2.050000000000000711 ) ;
#3522 = VERTEX_POINT ( 'NONE', #2381 ) ;
#3523 = LINE ( 'NONE', #638, #9502 ) ;
#3524 = CARTESIAN_POINT ( 'NONE',  ( -59.50000000000000000, -30.17848429061094961, 10.83538147223029924 ) ) ;
#3525 = DIRECTION ( 'NONE',  ( 0.000000000000000000, 0.000000000000000000, -1.000000000000000000 ) ) ;
#3526 = EDGE_CURVE ( 'NONE', #10472, #8090, #4270, .T. ) ;
#3527 = DIRECTION ( 'NONE',  ( -6.705557021117060106E-18, -1.000000000000000000, 0.000000000000000000 ) ) ;
#3528 = EDGE_CURVE ( 'NONE', #6581, #11380, #6924, .T. ) ;
#3529 = DIRECTION ( 'NONE',  ( 0.000000000000000000, 0.000000000000000000, 1.000000000000000000 ) ) ;
#3530 = EDGE_LOOP ( 'NONE', ( #7365, #8945, #11416, #11689 ) ) ;
#3531 = DIRECTION ( 'NONE',  ( 0.000000000000000000, 0.000000000000000000, -1.000000000000000000 ) ) ;
#3532 = LINE ( 'NONE', #10534, #8593 ) ;
#3533 = ORIENTED_EDGE ( 'NONE', *, *, #9808, .T. ) ;
#3534 = CARTESIAN_POINT ( 'NONE',  ( 3.600000000000994849, 32.33578363789475674, -13.39392013277881510 ) ) ;
#3535 = CARTESIAN_POINT ( 'NONE',  ( -72.84391516214240880, -9.245594443656699468, 7.076827211641109727 ) ) ;
#3536 = EDGE_CURVE ( 'NONE', #7444, #9624, #1686, .T. ) ;
#3537 = VERTEX_POINT ( 'NONE', #10227 ) ;
#3538 = CARTESIAN_POINT ( 'NONE',  ( -78.79999999999999716, -6.375468700918540677, 14.00592370547576060 ) ) ;
#3539 = ORIENTED_EDGE ( 'NONE', *, *, #86, .F. ) ;
#3540 = CYLINDRICAL_SURFACE ( 'NONE', #11264, 0.9999999999999998890 ) ;
#3541 = EDGE_CURVE ( 'NONE', #11674, #7562, #642, .T. ) ;
#3542 = DIRECTION ( 'NONE',  ( -1.000000000000000000, 1.458823248285189857E-16, -3.939309796978184926E-17 ) ) ;
#3543 = CARTESIAN_POINT ( 'NONE',  ( 6.599999999999999645, -1.249999999998345990, -31.00000000000000000 ) ) ;
#3544 = DIRECTION ( 'NONE',  ( 0.000000000000000000, -0.9238795325112872936, 0.3826834323650886160 ) ) ;
#3545 = PLANE ( 'NONE',  #7229 ) ;
#3546 = ORIENTED_EDGE ( 'NONE', *, *, #3337, .T. ) ;
#3547 = FACE_OUTER_BOUND ( 'NONE', #7, .T. ) ;
#3548 = EDGE_CURVE ( 'NONE', #412, #9654, #6515, .T. ) ;
#3549 = DIRECTION ( 'NONE',  ( 1.000000000000000000, 0.000000000000000000, 0.000000000000000000 ) ) ;
#3550 = ORIENTED_EDGE ( 'NONE', *, *, #3757, .F. ) ;
#3551 = CIRCLE ( 'NONE', #225, 1.849999999999998979 ) ;
#3552 = ADVANCED_FACE ( 'NONE', ( #4150, #9179 ), #5406, .T. ) ;
#3553 = CARTESIAN_POINT ( 'NONE',  ( -73.29999999999999716, 3.123683511066989826, -16.37941089669294925 ) ) ;
#3554 = DIRECTION ( 'NONE',  ( 0.000000000000000000, 0.000000000000000000, 1.000000000000000000 ) ) ;
#3555 = FACE_OUTER_BOUND ( 'NONE', #2143, .T. ) ;
#3556 = DIRECTION ( 'NONE',  ( 0.000000000000000000, -0.9238795325112859613, 0.3826834323650918357 ) ) ;
#3557 = ORIENTED_EDGE ( 'NONE', *, *, #6439, .T. ) ;
#3558 = EDGE_CURVE ( 'NONE', #9456, #5887, #2114, .T. ) ;
#3559 = DIRECTION ( 'NONE',  ( 1.000000000000000000, -1.067925513466054003E-16, 6.551204957150059656E-17 ) ) ;
#3560 = ORIENTED_EDGE ( 'NONE', *, *, #4051, .F. ) ;
#3561 = EDGE_CURVE ( 'NONE', #10539, #10254, #4210, .T. ) ;
#3562 = CIRCLE ( 'NONE', #636, 44.70000000000002416 ) ;
#3563 = ORIENTED_EDGE ( 'NONE', *, *, #10423, .T. ) ;
#3564 = DIRECTION ( 'NONE',  ( 7.592831564818948166E-18, 0.3826834323650878389, 0.9238795325112876267 ) ) ;
#3565 = ORIENTED_EDGE ( 'NONE', *, *, #1914, .T. ) ;
#3566 = ORIENTED_EDGE ( 'NONE', *, *, #5192, .F. ) ;
#3567 = VECTOR ( 'NONE', #8630, 1000.000000000000114 ) ;
#3568 = AXIS2_PLACEMENT_3D ( 'NONE', #2878, #6877, #11976 ) ;
#3569 = DIRECTION ( 'NONE',  ( 2.344629897928335987E-19, -0.6087614290087192126, 0.7933533402912363863 ) ) ;
#3570 = VECTOR ( 'NONE', #1739, 1000.000000000000000 ) ;
#3571 = ORIENTED_EDGE ( 'NONE', *, *, #2704, .F. ) ;
#3572 = ORIENTED_EDGE ( 'NONE', *, *, #4366, .F. ) ;
#3573 = FACE_OUTER_BOUND ( 'NONE', #6268, .T. ) ;
#3574 = ORIENTED_EDGE ( 'NONE', *, *, #7606, .F. ) ;
#3575 = FACE_OUTER_BOUND ( 'NONE', #12402, .T. ) ;
#3576 = ORIENTED_EDGE ( 'NONE', *, *, #12362, .T. ) ;
#3577 = ORIENTED_EDGE ( 'NONE', *, *, #1261, .T. ) ;
#3578 = DIRECTION ( 'NONE',  ( 0.000000000000000000, -0.9238795325112875156, 0.3826834323650881720 ) ) ;
#3579 = EDGE_CURVE ( 'NONE', #10909, #5744, #6096, .T. ) ;
#3580 = CARTESIAN_POINT ( 'NONE',  ( -72.84391516214240880, -21.45300265671205153, -4.102581749472585138 ) ) ;
#3581 = CONICAL_SURFACE ( 'NONE', #1910, 44.69999999999999574, 0.7853981633974136400 ) ;
#3582 = CIRCLE ( 'NONE', #9628, 1.299999999999999600 ) ;
#3583 = CARTESIAN_POINT ( 'NONE',  ( -14.90000000000000036, -21.25000000000045119, -36.80607966083839955 ) ) ;
#3584 = ORIENTED_EDGE ( 'NONE', *, *, #7926, .T. ) ;
#3585 = ORIENTED_EDGE ( 'NONE', *, *, #6458, .T. ) ;
#3586 = DIRECTION ( 'NONE',  ( 0.000000000000000000, -0.9238795325112874046, 0.3826834323650882275 ) ) ;
#3587 = EDGE_CURVE ( 'NONE', #4564, #5904, #5338, .T. ) ;
#3588 = VECTOR ( 'NONE', #8391, 1000.000000000000114 ) ;
#3589 = DIRECTION ( 'NONE',  ( -1.000000000000000000, 0.000000000000000000, -1.074775770116589937E-17 ) ) ;
#3590 = AXIS2_PLACEMENT_3D ( 'NONE', #7277, #5571, #4460 ) ;
#3591 = VECTOR ( 'NONE', #8530, 1000.000000000000000 ) ;
#3592 = DIRECTION ( 'NONE',  ( 0.000000000000000000, -0.3826834323650881720, -0.9238795325112874046 ) ) ;
#3593 = DIRECTION ( 'NONE',  ( 1.000000000000000000, -1.067925513466054003E-16, 6.551204957150059656E-17 ) ) ;
#3594 = CARTESIAN_POINT ( 'NONE',  ( -63.29999999999999716, 1.438623229800845975E-14, -8.813371046463099217E-15 ) ) ;
#3595 = ORIENTED_EDGE ( 'NONE', *, *, #4234, .T. ) ;
#3596 = DIRECTION ( 'NONE',  ( 0.000000000000000000, -0.9238795325112874046, 0.3826834323650882275 ) ) ;
#3597 = AXIS2_PLACEMENT_3D ( 'NONE', #6064, #9057, #1130 ) ;
#3598 = EDGE_LOOP ( 'NONE', ( #2775, #4008 ) ) ;
#3599 = AXIS2_PLACEMENT_3D ( 'NONE', #5268, #8197, #156 ) ;
#3600 = DIRECTION ( 'NONE',  ( 1.000000000000000000, -6.705557021117060106E-18, -5.440889002481110112E-18 ) ) ;
#3601 = DIRECTION ( 'NONE',  ( -0.8661430901883339084, 0.4997961057461369205, 4.800328383049197252E-14 ) ) ;
#3602 = DIRECTION ( 'NONE',  ( 1.000000000000000000, -6.705557021117060106E-18, -5.440889002481110112E-18 ) ) ;
#3603 = ORIENTED_EDGE ( 'NONE', *, *, #9888, .F. ) ;
#3604 = FACE_OUTER_BOUND ( 'NONE', #649, .T. ) ;
#3605 = CIRCLE ( 'NONE', #12179, 1.000000000000000888 ) ;
#3606 = CARTESIAN_POINT ( 'NONE',  ( 14.10000000000099973, -13.47997558521175954, 29.30996151448914944 ) ) ;
#3607 = CARTESIAN_POINT ( 'NONE',  ( 6.600000000000989964, 21.92031021678360148, 21.92031021678235092 ) ) ;
#3608 = DIRECTION ( 'NONE',  ( -7.592831564818951247E-18, -0.3826834323650886160, -0.9238795325112872936 ) ) ;
#3609 = AXIS2_PLACEMENT_3D ( 'NONE', #460, #8429, #6551 ) ;
#3610 = DIRECTION ( 'NONE',  ( 1.000000000000000000, 0.000000000000000000, 0.000000000000000000 ) ) ;
#3611 = ORIENTED_EDGE ( 'NONE', *, *, #11649, .T. ) ;
#3612 = FACE_OUTER_BOUND ( 'NONE', #6628, .T. ) ;
#3613 = DIRECTION ( 'NONE',  ( 0.000000000000000000, 1.000000000000000000, 2.664535259100389108E-15 ) ) ;
#3614 = EDGE_CURVE ( 'NONE', #10262, #6759, #11113, .T. ) ;
#3615 = ORIENTED_EDGE ( 'NONE', *, *, #12897, .F. ) ;
#3616 = ADVANCED_FACE ( 'NONE', ( #5275 ), #5272, .T. ) ;
#3617 = LINE ( 'NONE', #5660, #317 ) ;
#3618 = DIRECTION ( 'NONE',  ( 0.000000000000000000, 0.000000000000000000, -1.000000000000000000 ) ) ;
#3619 = DIRECTION ( 'NONE',  ( 0.000000000000000000, -1.000000000000000000, -9.592326932761360082E-14 ) ) ;
#3620 = DIRECTION ( 'NONE',  ( 1.000000000000000000, -1.984102504227365030E-17, 0.000000000000000000 ) ) ;
#3621 = DIRECTION ( 'NONE',  ( 0.000000000000000000, -0.9238795325112914014, 0.3826834323650783465 ) ) ;
#3622 = EDGE_LOOP ( 'NONE', ( #9669, #9059 ) ) ;
#3623 = CARTESIAN_POINT ( 'NONE',  ( 17.54641016151375155, -29.46178121724189580, 1.027804931085031903 ) ) ;
#3624 = ORIENTED_EDGE ( 'NONE', *, *, #732, .T. ) ;
#3625 = ORIENTED_EDGE ( 'NONE', *, *, #7954, .T. ) ;
#3626 = LINE ( 'NONE', #8341, #12684 ) ;
#3627 = ORIENTED_EDGE ( 'NONE', *, *, #2577, .T. ) ;
#3628 = ORIENTED_EDGE ( 'NONE', *, *, #9704, .T. ) ;
#3629 = CARTESIAN_POINT ( 'NONE',  ( -2.651075773784429934, 31.00000000000000000, 2.304701564694075327E-12 ) ) ;
#3630 = ORIENTED_EDGE ( 'NONE', *, *, #5583, .T. ) ;
#3631 = ORIENTED_EDGE ( 'NONE', *, *, #2299, .F. ) ;
#3632 = DIRECTION ( 'NONE',  ( 0.000000000000000000, 1.000000000000000000, 9.714451465470124777E-14 ) ) ;
#3633 = ORIENTED_EDGE ( 'NONE', *, *, #10076, .F. ) ;
#3634 = DIRECTION ( 'NONE',  ( 1.000000000000000000, -6.705557021117060106E-18, -5.440889002481110112E-18 ) ) ;
#3635 = EDGE_LOOP ( 'NONE', ( #10864, #4392, #3131, #2930, #1857 ) ) ;
#3636 = ADVANCED_FACE ( 'NONE', ( #1515 ), #11531, .F. ) ;
#3637 = CARTESIAN_POINT ( 'NONE',  ( 14.09999999999999964, -11.86318640331978003, -28.64026550785144920 ) ) ;
#3638 = DIRECTION ( 'NONE',  ( 1.000000000000000000, -6.322502648911709143E-17, 9.462293898829198836E-17 ) ) ;
#3639 = ADVANCED_FACE ( 'NONE', ( #605 ), #12148, .F. ) ;
#3640 = DIRECTION ( 'NONE',  ( -6.551204957150059656E-17, 0.000000000000000000, 1.000000000000000000 ) ) ;
#3641 = VERTEX_POINT ( 'NONE', #5525 ) ;
#3642 = EDGE_CURVE ( 'NONE', #4512, #7771, #11486, .T. ) ;
#3643 = EDGE_CURVE ( 'NONE', #10472, #4631, #1712, .T. ) ;
#3644 = ORIENTED_EDGE ( 'NONE', *, *, #3541, .F. ) ;
#3645 = DIRECTION ( 'NONE',  ( 1.000000000000000000, 0.000000000000000000, 0.000000000000000000 ) ) ;
#3646 = EDGE_CURVE ( 'NONE', #2735, #11060, #7671, .T. ) ;
#3647 = VECTOR ( 'NONE', #12350, 1000.000000000000227 ) ;
#3648 = CARTESIAN_POINT ( 'NONE',  ( 5.599999999999999645, -21.25000000000000000, -36.80607966083854876 ) ) ;
#3649 = VECTOR ( 'NONE', #8363, 1000.000000000000000 ) ;
#3650 = EDGE_CURVE ( 'NONE', #6460, #9624, #11733, .T. ) ;
#3651 = FACE_OUTER_BOUND ( 'NONE', #10564, .T. ) ;
#3652 = LINE ( 'NONE', #2421, #1717 ) ;
#3653 = AXIS2_PLACEMENT_3D ( 'NONE', #9157, #12235, #1298 ) ;
#3654 = CONICAL_SURFACE ( 'NONE', #11406, 44.69999999999999574, 0.7853981633973967647 ) ;
#3655 = DIRECTION ( 'NONE',  ( 0.000000000000000000, -0.9238795325112788559, 0.3826834323651086556 ) ) ;
#3656 = EDGE_LOOP ( 'NONE', ( #11964, #287 ) ) ;
#3657 = DIRECTION ( 'NONE',  ( 0.000000000000000000, -0.8314696123025483443, -0.5555702330195975147 ) ) ;
#3658 = ADVANCED_FACE ( 'NONE', ( #4670 ), #1647, .F. ) ;
#3659 = AXIS2_PLACEMENT_3D ( 'NONE', #1271, #2262, #11175 ) ;
#3660 = CIRCLE ( 'NONE', #8469, 1.000000000000000888 ) ;
#3661 = DIRECTION ( 'NONE',  ( 1.000000000000000000, -6.705557021117060106E-18, -5.440889002481110112E-18 ) ) ;
#3662 = ORIENTED_EDGE ( 'NONE', *, *, #522, .T. ) ;
#3663 = CARTESIAN_POINT ( 'NONE',  ( -78.79999999999999716, -9.035021916160410171, 16.73113501752050070 ) ) ;
#3664 = DIRECTION ( 'NONE',  ( -1.000000000000000000, 0.000000000000000000, 0.000000000000000000 ) ) ;
#3665 = AXIS2_PLACEMENT_3D ( 'NONE', #3783, #773, #10001 ) ;
#3666 = VECTOR ( 'NONE', #1749, 999.9999999999998863 ) ;
#3667 = AXIS2_PLACEMENT_3D ( 'NONE', #8176, #11142, #2158 ) ;
#3668 = DIRECTION ( 'NONE',  ( 1.000000000000000000, -6.705557021117060106E-18, -5.440889002481110112E-18 ) ) ;
#3669 = ORIENTED_EDGE ( 'NONE', *, *, #9258, .T. ) ;
#3670 = EDGE_CURVE ( 'NONE', #2128, #6883, #9220, .T. ) ;
#3671 = DIRECTION ( 'NONE',  ( -4.112988807310475227E-18, -0.9238795325112871826, 0.3826834323650885605 ) ) ;
#3672 = AXIS2_PLACEMENT_3D ( 'NONE', #3282, #11287, #12251 ) ;
#3673 = CARTESIAN_POINT ( 'NONE',  ( -73.29999999999999716, 20.46998227349979871, -11.13994481257886093 ) ) ;
#3674 = CARTESIAN_POINT ( 'NONE',  ( -78.79999999999999716, -18.93836387216359896, -11.09733634011009862 ) ) ;
#3675 = AXIS2_PLACEMENT_3D ( 'NONE', #9355, #3210, #7204 ) ;
#3676 = CARTESIAN_POINT ( 'NONE',  ( -14.90000000000000036, 36.80607966083849902, -22.85000000000029630 ) ) ;
#3677 = EDGE_CURVE ( 'NONE', #9069, #1913, #9002, .T. ) ;
#3678 = CARTESIAN_POINT ( 'NONE',  ( -11.90000000000001101, -42.50000000000000000, -1.600000000000000089 ) ) ;
#3679 = ORIENTED_EDGE ( 'NONE', *, *, #6871, .F. ) ;
#3680 = CARTESIAN_POINT ( 'NONE',  ( -73.59999999999999432, 15.60460565449595194, -16.13375201303259843 ) ) ;
#3681 = VECTOR ( 'NONE', #6511, 1000.000000000000114 ) ;
#3682 = DIRECTION ( 'NONE',  ( 0.5150380749100549327, 0.8571673007021118895, 8.222228984407233350E-14 ) ) ;
#3683 = CIRCLE ( 'NONE', #2640, 44.90000000000000568 ) ;
#3684 = ORIENTED_EDGE ( 'NONE', *, *, #7646, .T. ) ;
#3685 = CARTESIAN_POINT ( 'NONE',  ( -73.59999999999999432, -15.71275117123570020, 9.755611238196729929 ) ) ;
#3686 = CIRCLE ( 'NONE', #11018, 1.249999999999987121 ) ;
#3687 = AXIS2_PLACEMENT_3D ( 'NONE', #11367, #11491, #4550 ) ;
#3688 = VECTOR ( 'NONE', #1358, 1000.000000000000000 ) ;
#3689 = DIRECTION ( 'NONE',  ( -1.000000000000000000, -3.851475777290629700E-19, 0.000000000000000000 ) ) ;
#3690 = DIRECTION ( 'NONE',  ( 6.705557021117060106E-18, 1.000000000000000000, -3.648419145170580376E-35 ) ) ;
#3691 = CARTESIAN_POINT ( 'NONE',  ( 14.10000000000099973, -29.38321081810529734, -0.6696960066381980603 ) ) ;
#3692 = CARTESIAN_POINT ( 'NONE',  ( -73.59999999999999432, -16.86080146833100102, 6.983972640662860165 ) ) ;
#3693 = EDGE_LOOP ( 'NONE', ( #3716, #6420 ) ) ;
#3694 = EDGE_CURVE ( 'NONE', #3050, #8776, #1475, .T. ) ;
#3695 = DIRECTION ( 'NONE',  ( 1.000000000000000000, 0.000000000000000000, 0.000000000000000000 ) ) ;
#3696 = VERTEX_POINT ( 'NONE', #4474 ) ;
#3697 = CIRCLE ( 'NONE', #11027, 1.749999999999999556 ) ;
#3698 = FACE_BOUND ( 'NONE', #8315, .T. ) ;
#3699 = ORIENTED_EDGE ( 'NONE', *, *, #5688, .T. ) ;
#3700 = DIRECTION ( 'NONE',  ( -1.000000000000000000, 6.322502648911728864E-17, -9.462293898829198836E-17 ) ) ;
#3701 = ORIENTED_EDGE ( 'NONE', *, *, #9750, .F. ) ;
#3702 = DIRECTION ( 'NONE',  ( -1.000000000000000000, 2.905650844594894626E-18, 7.014861676541880450E-18 ) ) ;
#3703 = EDGE_LOOP ( 'NONE', ( #8088, #2010 ) ) ;
#3704 = ORIENTED_EDGE ( 'NONE', *, *, #7372, .T. ) ;
#3705 = DIRECTION ( 'NONE',  ( 0.000000000000000000, 0.000000000000000000, -1.000000000000000000 ) ) ;
#3706 = VERTEX_POINT ( 'NONE', #8714 ) ;
#3707 = VECTOR ( 'NONE', #2732, 1000.000000000000000 ) ;
#3708 = LINE ( 'NONE', #5684, #6307 ) ;
#3709 = EDGE_CURVE ( 'NONE', #5713, #11156, #543, .T. ) ;
#3710 = VERTEX_POINT ( 'NONE', #2702 ) ;
#3711 = DIRECTION ( 'NONE',  ( -1.000000000000000000, 6.322502648911728864E-17, -9.462293898829198836E-17 ) ) ;
#3712 = DIRECTION ( 'NONE',  ( -1.000000000000000000, 6.322502648911719004E-17, -9.462293898829198836E-17 ) ) ;
#3713 = AXIS2_PLACEMENT_3D ( 'NONE', #1633, #11591, #7524 ) ;
#3714 = CARTESIAN_POINT ( 'NONE',  ( -1.899999999999999911, 32.24999999999998579, 2.427735511344645726E-12 ) ) ;
#3715 = VERTEX_POINT ( 'NONE', #10625 ) ;
#3716 = ORIENTED_EDGE ( 'NONE', *, *, #3748, .T. ) ;
#3717 = CARTESIAN_POINT ( 'NONE',  ( -63.51208468574660770, -2.066205161904769999E-14, 1.491883645478428116E-14 ) ) ;
#3718 = EDGE_CURVE ( 'NONE', #12534, #11751, #4739, .T. ) ;
#3719 = DIRECTION ( 'NONE',  ( 1.000000000000000000, -6.322502648911709143E-17, 9.462293898829198836E-17 ) ) ;
#3720 = ADVANCED_FACE ( 'NONE', ( #9571 ), #10687, .F. ) ;
#3721 = VECTOR ( 'NONE', #10235, 1000.000000000000000 ) ;
#3722 = CARTESIAN_POINT ( 'NONE',  ( 6.599999999999999645, 10.61318640331520058, 28.64026550785084879 ) ) ;
#3723 = CIRCLE ( 'NONE', #10624, 1.249999999999987121 ) ;
#3724 = DIRECTION ( 'NONE',  ( 0.000000000000000000, 1.000000000000000000, 9.714451465470228276E-14 ) ) ;
#3725 = DIRECTION ( 'NONE',  ( 1.000000000000000000, -6.705557021117060106E-18, -5.440889002481110112E-18 ) ) ;
#3726 = ORIENTED_EDGE ( 'NONE', *, *, #4263, .F. ) ;
#3727 = ADVANCED_FACE ( 'NONE', ( #12512 ), #7542, .F. ) ;
#3728 = CARTESIAN_POINT ( 'NONE',  ( -73.59999999999999432, 1.049419181516655842E-14, 5.142634763737189527E-15 ) ) ;
#3729 = EDGE_CURVE ( 'NONE', #12214, #7660, #8173, .T. ) ;
#3730 = DIRECTION ( 'NONE',  ( 0.000000000000000000, 1.000000000000000000, 9.575673587392073611E-14 ) ) ;
#3731 = CIRCLE ( 'NONE', #10629, 2.049999999999999822 ) ;
#3732 = ORIENTED_EDGE ( 'NONE', *, *, #5230, .T. ) ;
#3733 = FACE_OUTER_BOUND ( 'NONE', #12340, .T. ) ;
#3734 = DIRECTION ( 'NONE',  ( -1.000000000000000000, 6.322502648911728864E-17, -9.462293898829198836E-17 ) ) ;
#3735 = DIRECTION ( 'NONE',  ( 1.000000000000000000, -6.705557021117060106E-18, -5.440889002481110112E-18 ) ) ;
#3736 = VERTEX_POINT ( 'NONE', #7605 ) ;
#3737 = DIRECTION ( 'NONE',  ( 1.000000000000000000, 0.000000000000000000, 0.000000000000000000 ) ) ;
#3738 = DIRECTION ( 'NONE',  ( 4.112988807310475227E-18, 0.9238795325112871826, -0.3826834323650885605 ) ) ;
#3739 = FACE_OUTER_BOUND ( 'NONE', #5721, .T. ) ;
#3740 = AXIS2_PLACEMENT_3D ( 'NONE', #2668, #1742, #631 ) ;
#3741 = DIRECTION ( 'NONE',  ( 1.000000000000000000, 0.000000000000000000, 0.000000000000000000 ) ) ;
#3742 = LINE ( 'NONE', #7727, #8889 ) ;
#3743 = EDGE_LOOP ( 'NONE', ( #1103, #2703, #4500, #11695 ) ) ;
#3744 = DIRECTION ( 'NONE',  ( 1.000000000000000000, 0.000000000000000000, 0.000000000000000000 ) ) ;
#3745 = CARTESIAN_POINT ( 'NONE',  ( 6.599999999999999645, 27.39026550784895164, 11.86318640331993990 ) ) ;
#3746 = ORIENTED_EDGE ( 'NONE', *, *, #6381, .T. ) ;
#3747 = DIRECTION ( 'NONE',  ( 0.000000000000000000, 0.9238795325112914014, -0.3826834323650783465 ) ) ;
#3748 = EDGE_CURVE ( 'NONE', #4569, #7915, #2534, .T. ) ;
#3749 = PLANE ( 'NONE',  #9875 ) ;
#3750 = CARTESIAN_POINT ( 'NONE',  ( -59.50000000000000000, 30.99999999999844746, -2.056238807553425052E-12 ) ) ;
#3751 = DIRECTION ( 'NONE',  ( 0.000000000000000000, -0.9099612708765395519, -0.4146932426562471297 ) ) ;
#3752 = LINE ( 'NONE', #8596, #5861 ) ;
#3753 = ORIENTED_EDGE ( 'NONE', *, *, #9033, .T. ) ;
#3754 = FACE_OUTER_BOUND ( 'NONE', #4822, .T. ) ;
#3755 = ORIENTED_EDGE ( 'NONE', *, *, #765, .T. ) ;
#3756 = FACE_OUTER_BOUND ( 'NONE', #1660, .T. ) ;
#3757 = EDGE_CURVE ( 'NONE', #5395, #12780, #3944, .T. ) ;
#3758 = EDGE_LOOP ( 'NONE', ( #5503, #7621, #5452, #9847 ) ) ;
#3759 = FACE_BOUND ( 'NONE', #3909, .T. ) ;
#3760 = ORIENTED_EDGE ( 'NONE', *, *, #9490, .F. ) ;
#3761 = EDGE_CURVE ( 'NONE', #9312, #11825, #1062, .T. ) ;
#3762 = DIRECTION ( 'NONE',  ( -0.7071067811865230368, 0.6532814824382053853, -0.2705980500731214322 ) ) ;
#3763 = ADVANCED_FACE ( 'NONE', ( #11023 ), #2891, .F. ) ;
#3764 = VERTEX_POINT ( 'NONE', #9963 ) ;
#3765 = ORIENTED_EDGE ( 'NONE', *, *, #5832, .T. ) ;
#3766 = DIRECTION ( 'NONE',  ( 1.000000000000000000, 0.000000000000000000, 0.000000000000000000 ) ) ;
#3767 = VERTEX_POINT ( 'NONE', #5004 ) ;
#3768 = CARTESIAN_POINT ( 'NONE',  ( -78.79999999999999716, -6.711724847794499738, 9.274440660627339739 ) ) ;
#3769 = APPLICATION_CONTEXT ( 'automotive_design' ) ;
#3770 = VECTOR ( 'NONE', #5990, 1000.000000000000000 ) ;
#3771 = ORIENTED_EDGE ( 'NONE', *, *, #12380, .F. ) ;
#3772 = CARTESIAN_POINT ( 'NONE',  ( 17.54641016151375155, -31.00000000000159872, -1.223728241270682092E-12 ) ) ;
#3773 = FACE_OUTER_BOUND ( 'NONE', #8660, .T. ) ;
#3774 = AXIS2_PLACEMENT_3D ( 'NONE', #7603, #2701, #11602 ) ;
#3775 = VECTOR ( 'NONE', #12869, 1000.000000000000000 ) ;
#3776 = CARTESIAN_POINT ( 'NONE',  ( 14.10000000000099973, 29.38321081810525115, 0.6696960066379969989 ) ) ;
#3777 = ORIENTED_EDGE ( 'NONE', *, *, #7975, .T. ) ;
#3778 = ORIENTED_EDGE ( 'NONE', *, *, #2517, .T. ) ;
#3779 = EDGE_CURVE ( 'NONE', #12288, #4094, #4006, .T. ) ;
#3780 = VERTEX_POINT ( 'NONE', #8052 ) ;
#3781 = CARTESIAN_POINT ( 'NONE',  ( -73.59999999999999432, -5.003247639239299716, 19.93188433290860218 ) ) ;
#3782 = ORIENTED_EDGE ( 'NONE', *, *, #11417, .T. ) ;
#3783 = CARTESIAN_POINT ( 'NONE',  ( -78.79999999999999716, -15.70478550837409948, -12.43672835338790073 ) ) ;
#3784 = ADVANCED_FACE ( 'NONE', ( #12057 ), #3581, .T. ) ;
#3785 = AXIS2_PLACEMENT_3D ( 'NONE', #6167, #5253, #7145 ) ;
#3786 = DIRECTION ( 'NONE',  ( -1.000000000000000000, 0.000000000000000000, 0.000000000000000000 ) ) ;
#3787 = AXIS2_PLACEMENT_3D ( 'NONE', #11547, #8644, #1581 ) ;
#3788 = CARTESIAN_POINT ( 'NONE',  ( 6.599999999999999645, -23.53709939867719925, 22.59000622342244924 ) ) ;
#3789 = CIRCLE ( 'NONE', #12353, 1.750000000000001110 ) ;
#3790 = CARTESIAN_POINT ( 'NONE',  ( 5.100000000000015632, 38.97114317029483743, -22.49999999999898037 ) ) ;
#3791 = ORIENTED_EDGE ( 'NONE', *, *, #9538, .F. ) ;
#3792 = CARTESIAN_POINT ( 'NONE',  ( 14.10000000000099973, 13.40140518607610964, 29.66807043893434326 ) ) ;
#3793 = CYLINDRICAL_SURFACE ( 'NONE', #7980, 1.749999999999999556 ) ;
#3794 = VERTEX_POINT ( 'NONE', #7925 ) ;
#3795 = TOROIDAL_SURFACE ( 'NONE', #12160, 1.300000000000000044, 0.2999999999999999889 ) ;
#3796 = CARTESIAN_POINT ( 'NONE',  ( 17.10000000000000142, -22.44967953217037859, -15.00039629153088327 ) ) ;
#3797 = VECTOR ( 'NONE', #2164, 1000.000000000000114 ) ;
#3798 = FACE_OUTER_BOUND ( 'NONE', #12528, .T. ) ;
#3799 = AXIS2_PLACEMENT_3D ( 'NONE', #6456, #9383, #8400 ) ;
#3800 = FACE_OUTER_BOUND ( 'NONE', #12785, .T. ) ;
#3801 = ORIENTED_EDGE ( 'NONE', *, *, #10076, .T. ) ;
#3802 = DIRECTION ( 'NONE',  ( 1.000000000000000000, 0.000000000000000000, 0.000000000000000000 ) ) ;
#3803 = CARTESIAN_POINT ( 'NONE',  ( -73.59999999999999432, -24.44881201882990140, -6.108853482276259683 ) ) ;
#3804 = DIRECTION ( 'NONE',  ( -1.000000000000000000, 6.322502648911719004E-17, -9.462293898829198836E-17 ) ) ;
#3805 = CARTESIAN_POINT ( 'NONE',  ( -72.84391516214240880, 4.547092755829229560, -0.4525714035845229688 ) ) ;
#3806 = AXIS2_PLACEMENT_3D ( 'NONE', #9504, #4478, #10370 ) ;
#3807 = DIRECTION ( 'NONE',  ( 0.000000000000000000, 0.8314696123025475671, 0.5555702330195986249 ) ) ;
#3808 = VERTEX_POINT ( 'NONE', #9 ) ;
#3809 = CARTESIAN_POINT ( 'NONE',  ( -11.90000000000001101, -21.25000000000016698, 36.80607966083855587 ) ) ;
#3810 = VECTOR ( 'NONE', #9688, 1000.000000000000000 ) ;
#3811 = LINE ( 'NONE', #7799, #11947 ) ;
#3812 = ADVANCED_FACE ( 'NONE', ( #8910 ), #2959, .F. ) ;
#3813 = ORIENTED_EDGE ( 'NONE', *, *, #9636, .T. ) ;
#3814 = AXIS2_PLACEMENT_3D ( 'NONE', #8916, #2646, #6643 ) ;
#3815 = ADVANCED_FACE ( 'NONE', ( #10024, #5913 ), #1911, .F. ) ;
#3816 = CARTESIAN_POINT ( 'NONE',  ( 63.49637790110389091, -2.066205161904769999E-14, 1.491883645478428116E-14 ) ) ;
#3817 = ORIENTED_EDGE ( 'NONE', *, *, #12182, .T. ) ;
#3818 = DIRECTION ( 'NONE',  ( 3.103811398048827676E-16, 1.000000000000000000, 0.000000000000000000 ) ) ;
#3819 = ADVANCED_FACE ( 'NONE', ( #1050 ), #10258, .F. ) ;
#3820 = CONICAL_SURFACE ( 'NONE', #12798, 1.249999999999986011, 1.029744258676652313 ) ;
#3821 = DIRECTION ( 'NONE',  ( 0.2588190451025250138, -0.8031379722975888757, -0.5366396363910649336 ) ) ;
#3822 = LINE ( 'NONE', #12839, #949 ) ;
#3823 = DIRECTION ( 'NONE',  ( 1.000000000000000000, -6.123233995737139512E-17, 6.413747168845830273E-31 ) ) ;
#3824 = EDGE_CURVE ( 'NONE', #4139, #8643, #9892, .T. ) ;
#3825 = CARTESIAN_POINT ( 'NONE',  ( 14.10000000000099973, -13.39392013277882043, -32.33578363789474963 ) ) ;
#3826 = ORIENTED_EDGE ( 'NONE', *, *, #2992, .T. ) ;
#3827 = FACE_OUTER_BOUND ( 'NONE', #5791, .T. ) ;
#3828 = CARTESIAN_POINT ( 'NONE',  ( -56.21032168798580386, -15.83843479061540194, 14.67843599922770004 ) ) ;
#3829 = EDGE_CURVE ( 'NONE', #10789, #4906, #12766, .T. ) ;
#3830 = ORIENTED_EDGE ( 'NONE', *, *, #11692, .T. ) ;
#3831 = CARTESIAN_POINT ( 'NONE',  ( -72.84391516214240880, -14.41182078058539950, -5.395546477261270013 ) ) ;
#3832 = ORIENTED_EDGE ( 'NONE', *, *, #12929, .F. ) ;
#3833 = DIRECTION ( 'NONE',  ( 1.000000000000000000, -6.322502648911709143E-17, 9.462293898829198836E-17 ) ) ;
#3834 = ORIENTED_EDGE ( 'NONE', *, *, #8454, .T. ) ;
#3835 = ORIENTED_EDGE ( 'NONE', *, *, #843, .F. ) ;
#3836 = DIRECTION ( 'NONE',  ( 1.000000000000000000, -2.905650844594899633E-18, -7.014861676541869665E-18 ) ) ;
#3837 = EDGE_LOOP ( 'NONE', ( #1331, #5822 ) ) ;
#3838 = CARTESIAN_POINT ( 'NONE',  ( -73.59999999999999432, -14.41182078058539950, -5.395546477261270013 ) ) ;
#3839 = EDGE_CURVE ( 'NONE', #2866, #2362, #5970, .T. ) ;
#3840 = ORIENTED_EDGE ( 'NONE', *, *, #5202, .T. ) ;
#3841 = CARTESIAN_POINT ( 'NONE',  ( 17.54641016151375155, -1.382773195792131823E-12, 30.99999999999824851 ) ) ;
#3842 = LINE ( 'NONE', #3912, #7831 ) ;
#3843 = CARTESIAN_POINT ( 'NONE',  ( 14.10000000000099973, -20.30352103488874960, -22.59000622342144737 ) ) ;
#3844 = ORIENTED_EDGE ( 'NONE', *, *, #1740, .F. ) ;
#3845 = EDGE_LOOP ( 'NONE', ( #5407, #1679, #4148, #11242 ) ) ;
#3846 = DIRECTION ( 'NONE',  ( 1.000000000000000000, -6.705557021117060106E-18, -5.440889002481110112E-18 ) ) ;
#3847 = ORIENTED_EDGE ( 'NONE', *, *, #7903, .F. ) ;
#3848 = DIRECTION ( 'NONE',  ( 1.000000000000000000, -6.705557021117060106E-18, -5.440889002481110112E-18 ) ) ;
#3849 = CARTESIAN_POINT ( 'NONE',  ( -73.29999999999999716, 21.31674970459589957, -11.75066972416748179 ) ) ;
#3850 = CARTESIAN_POINT ( 'NONE',  ( -56.21032168798580386, -21.57868627609169820, 0.8202430115583919656 ) ) ;
#3851 = CARTESIAN_POINT ( 'NONE',  ( 14.09999999999999964, 21.92031021678154801, 21.92031021678105063 ) ) ;
#3852 = ORIENTED_EDGE ( 'NONE', *, *, #311, .F. ) ;
#3853 = ADVANCED_FACE ( 'NONE', ( #76 ), #9859, .T. ) ;
#3854 = FACE_OUTER_BOUND ( 'NONE', #7036, .T. ) ;
#3855 = DIRECTION ( 'NONE',  ( 1.000000000000000000, -6.705557021117060106E-18, -5.440889002481110112E-18 ) ) ;
#3856 = EDGE_CURVE ( 'NONE', #11346, #3061, #3872, .T. ) ;
#3857 = ORIENTED_EDGE ( 'NONE', *, *, #1761, .F. ) ;
#3858 = LINE ( 'NONE', #2880, #6009 ) ;
#3859 = DIRECTION ( 'NONE',  ( 1.000000000000000000, 0.000000000000000000, 0.000000000000000000 ) ) ;
#3860 = ORIENTED_EDGE ( 'NONE', *, *, #1979, .T. ) ;
#3861 = EDGE_LOOP ( 'NONE', ( #6698, #5485, #273, #6534, #12181, #621 ) ) ;
#3862 = CARTESIAN_POINT ( 'NONE',  ( -73.59999999999999432, -24.44881201882990140, -6.108853482276259683 ) ) ;
#3863 = CARTESIAN_POINT ( 'NONE',  ( 17.60000000000000142, 13.56769910853610028, -27.50134653016159803 ) ) ;
#3864 = DIRECTION ( 'NONE',  ( 1.000000000000000000, -6.322502648911719004E-17, 9.462293898829198836E-17 ) ) ;
#3865 = AXIS2_PLACEMENT_3D ( 'NONE', #7242, #4161, #12083 ) ;
#3866 = EDGE_CURVE ( 'NONE', #90, #3023, #4063, .T. ) ;
#3867 = CARTESIAN_POINT ( 'NONE',  ( -78.79999999999999716, -17.09060480714099839, -11.86270320484029916 ) ) ;
#3868 = ORIENTED_EDGE ( 'NONE', *, *, #2792, .T. ) ;
#3869 = AXIS2_PLACEMENT_3D ( 'NONE', #11516, #5377, #2540 ) ;
#3870 = ORIENTED_EDGE ( 'NONE', *, *, #2554, .T. ) ;
#3871 = CARTESIAN_POINT ( 'NONE',  ( -14.90000000000000036, 1.386510342950972117E-13, 44.10000000000000142 ) ) ;
#3872 = LINE ( 'NONE', #5067, #7765 ) ;
#3873 = CIRCLE ( 'NONE', #3459, 1.599999999999996758 ) ;
#3874 = VECTOR ( 'NONE', #9833, 1000.000000000000000 ) ;
#3875 = VECTOR ( 'NONE', #10270, 1000.000000000000227 ) ;
#3876 = ORIENTED_EDGE ( 'NONE', *, *, #11578, .F. ) ;
#3877 = AXIS2_PLACEMENT_3D ( 'NONE', #7029, #1975, #806 ) ;
#3878 = AXIS2_PLACEMENT_3D ( 'NONE', #4016, #11036, #5459 ) ;
#3879 = LINE ( 'NONE', #5849, #4502 ) ;
#3880 = ORIENTED_EDGE ( 'NONE', *, *, #12380, .T. ) ;
#3881 = EDGE_CURVE ( 'NONE', #7019, #5286, #3811, .T. ) ;
#3882 = FACE_OUTER_BOUND ( 'NONE', #5856, .T. ) ;
#3883 = DIRECTION ( 'NONE',  ( 0.000000000000000000, 0.8314696123025483443, 0.5555702330195975147 ) ) ;
#3884 = DIRECTION ( 'NONE',  ( 1.000000000000000000, -6.705557021117060106E-18, -5.440889002481110112E-18 ) ) ;
#3885 = ADVANCED_FACE ( 'NONE', ( #2822 ), #8837, .F. ) ;
#3886 = LINE ( 'NONE', #10962, #1071 ) ;
#3887 = AXIS2_PLACEMENT_3D ( 'NONE', #6610, #2603, #4579 ) ;
#3888 = AXIS2_PLACEMENT_3D ( 'NONE', #6310, #347, #1381 ) ;
#3889 = CARTESIAN_POINT ( 'NONE',  ( -72.84391516214240880, -16.83360499415559985, -6.015998911298029661 ) ) ;
#3890 = EDGE_LOOP ( 'NONE', ( #4592, #2805, #2641, #10063, #918 ) ) ;
#3891 = PLANE ( 'NONE',  #4570 ) ;
#3892 = CONICAL_SURFACE ( 'NONE', #11620, 1.849999999999998979, 1.308996938995743653 ) ;
#3893 = ADVANCED_FACE ( 'NONE', ( #10213 ), #11336, .F. ) ;
#3894 = DIRECTION ( 'NONE',  ( 1.000000000000000000, 0.000000000000000000, 0.000000000000000000 ) ) ;
#3895 = VERTEX_POINT ( 'NONE', #9291 ) ;
#3896 = ADVANCED_FACE ( 'NONE', ( #8374 ), #10340, .T. ) ;
#3897 = FACE_BOUND ( 'NONE', #11470, .T. ) ;
#3898 = AXIS2_PLACEMENT_3D ( 'NONE', #11480, #3482, #7285 ) ;
#3899 = CIRCLE ( 'NONE', #11846, 1.850000000000001421 ) ;
#3900 = VERTEX_POINT ( 'NONE', #205 ) ;
#3901 = CARTESIAN_POINT ( 'NONE',  ( 6.599999999999999645, -2.973621349156020086E-12, 31.00000000000000000 ) ) ;
#3902 = ORIENTED_EDGE ( 'NONE', *, *, #1730, .T. ) ;
#3903 = ORIENTED_EDGE ( 'NONE', *, *, #6846, .F. ) ;
#3904 = LINE ( 'NONE', #12661, #8066 ) ;
#3905 = ORIENTED_EDGE ( 'NONE', *, *, #8006, .F. ) ;
#3906 = CARTESIAN_POINT ( 'NONE',  ( 14.10000000000099973, -10.24639722142229914, 27.97056950121129759 ) ) ;
#3907 = EDGE_CURVE ( 'NONE', #1954, #11626, #6107, .T. ) ;
#3908 = DIRECTION ( 'NONE',  ( 3.104650516289588173E-16, 1.000000000000000000, 3.432150397220115203E-15 ) ) ;
#3909 = EDGE_LOOP ( 'NONE', ( #9531, #5014, #3868, #1203 ) ) ;
#3910 = VECTOR ( 'NONE', #2916, 1000.000000000000114 ) ;
#3911 = DIRECTION ( 'NONE',  ( 0.000000000000000000, -0.8314696123025475671, -0.5555702330195986249 ) ) ;
#3912 = CARTESIAN_POINT ( 'NONE',  ( 17.54641016151380128, 29.46178121723869836, -1.027804931088307949 ) ) ;
#3913 = EDGE_CURVE ( 'NONE', #10174, #1954, #10146, .T. ) ;
#3914 = DIRECTION ( 'NONE',  ( 0.000000000000000000, 1.000000000000000000, 9.714451465470232062E-14 ) ) ;
#3915 = ORIENTED_EDGE ( 'NONE', *, *, #11340, .T. ) ;
#3916 = ORIENTED_EDGE ( 'NONE', *, *, #10766, .T. ) ;
#3917 = AXIS2_PLACEMENT_3D ( 'NONE', #8807, #8679, #12673 ) ;
#3918 = ORIENTED_EDGE ( 'NONE', *, *, #8683, .T. ) ;
#3919 = LINE ( 'NONE', #10857, #9949 ) ;
#3920 = EDGE_LOOP ( 'NONE', ( #3840, #11899, #9549, #7692 ) ) ;
#3921 = FACE_OUTER_BOUND ( 'NONE', #502, .T. ) ;
#3922 = EDGE_CURVE ( 'NONE', #4712, #4498, #10280, .T. ) ;
#3923 = CYLINDRICAL_SURFACE ( 'NONE', #1221, 1.850000000000001865 ) ;
#3924 = CARTESIAN_POINT ( 'NONE',  ( -1.899999999999999911, -2.973621349156020086E-12, 31.00000000000000000 ) ) ;
#3925 = LINE ( 'NONE', #2935, #10132 ) ;
#3926 = EDGE_LOOP ( 'NONE', ( #5135, #2754, #11759, #4900 ) ) ;
#3927 = DIRECTION ( 'NONE',  ( 1.000000000000000000, 0.000000000000000000, 0.000000000000000000 ) ) ;
#3928 = DIRECTION ( 'NONE',  ( -1.159058001766240692E-16, -1.000000000000000000, -3.515417124066999971E-15 ) ) ;
#3929 = ORIENTED_EDGE ( 'NONE', *, *, #1761, .T. ) ;
#3930 = CARTESIAN_POINT ( 'NONE',  ( -1.899999999999999911, 20.67031021678110037, 21.92031021678475255 ) ) ;
#3931 = CARTESIAN_POINT ( 'NONE',  ( -72.84391516214240880, -8.223227765941111045, 14.77129057020593983 ) ) ;
#3932 = AXIS2_PLACEMENT_3D ( 'NONE', #2453, #10376, #6459 ) ;
#3933 = EDGE_CURVE ( 'NONE', #12793, #8413, #2100, .T. ) ;
#3934 = CIRCLE ( 'NONE', #5613, 1.249999999999986011 ) ;
#3935 = ORIENTED_EDGE ( 'NONE', *, *, #2352, .F. ) ;
#3936 = EDGE_CURVE ( 'NONE', #6024, #5870, #3406, .T. ) ;
#3937 = FACE_OUTER_BOUND ( 'NONE', #9286, .T. ) ;
#3938 = DIRECTION ( 'NONE',  ( 1.000000000000000000, -6.322502648911719004E-17, 9.462293898829198836E-17 ) ) ;
#3939 = DIRECTION ( 'NONE',  ( -7.592831564818952788E-18, -0.3826834323650881720, -0.9238795325112874046 ) ) ;
#3940 = DIRECTION ( 'NONE',  ( 1.000000000000000000, 2.638697247430395030E-33, 6.370378681743239884E-33 ) ) ;
#3941 = ORIENTED_EDGE ( 'NONE', *, *, #2848, .F. ) ;
#3942 = AXIS2_PLACEMENT_3D ( 'NONE', #9062, #12797, #1019 ) ;
#3943 = DIRECTION ( 'NONE',  ( -4.112988807310479849E-18, -0.9238795325112876267, 0.3826834323650878389 ) ) ;
#3944 = LINE ( 'NONE', #5847, #9845 ) ;
#3945 = VERTEX_POINT ( 'NONE', #4331 ) ;
#3946 = EDGE_CURVE ( 'NONE', #1275, #6171, #9359, .T. ) ;
#3947 = VECTOR ( 'NONE', #1814, 999.9999999999998863 ) ;
#3948 = ORIENTED_EDGE ( 'NONE', *, *, #1179, .F. ) ;
#3949 = FACE_BOUND ( 'NONE', #8722, .T. ) ;
#3950 = DIRECTION ( 'NONE',  ( 0.000000000000000000, -0.8314696123025484553, -0.5555702330195974037 ) ) ;
#3951 = DIRECTION ( 'NONE',  ( 0.000000000000000000, 0.8314696123025480112, 0.5555702330195979588 ) ) ;
#3952 = CARTESIAN_POINT ( 'NONE',  ( 14.10000000000099973, 21.92031021678225144, -21.92031021678365121 ) ) ;
#3953 = DIRECTION ( 'NONE',  ( 0.000000000000000000, 0.8314696123025491215, 0.5555702330195964045 ) ) ;
#3954 = VERTEX_POINT ( 'NONE', #6168 ) ;
#3955 = EDGE_CURVE ( 'NONE', #701, #3478, #6364, .T. ) ;
#3956 = DIRECTION ( 'NONE',  ( -1.000000000000000000, 1.001543065824859873E-16, -5.782411586590320049E-17 ) ) ;
#3957 = CARTESIAN_POINT ( 'NONE',  ( -1.899999999999999911, 13.11318640331516150, 28.64026550785110459 ) ) ;
#3958 = FACE_BOUND ( 'NONE', #11569, .T. ) ;
#3959 = EDGE_CURVE ( 'NONE', #12019, #12510, #9230, .T. ) ;
#3960 = EDGE_LOOP ( 'NONE', ( #1534, #8693, #8415, #6653 ) ) ;
#3961 = LINE ( 'NONE', #4963, #12047 ) ;
#3962 = VERTEX_POINT ( 'NONE', #11284 ) ;
#3963 = ORIENTED_EDGE ( 'NONE', *, *, #8073, .T. ) ;
#3964 = DIRECTION ( 'NONE',  ( 1.000000000000000000, 3.061616997868539558E-17, -5.302876193624869840E-17 ) ) ;
#3965 = ORIENTED_EDGE ( 'NONE', *, *, #2595, .F. ) ;
#3966 = CARTESIAN_POINT ( 'NONE',  ( -78.79999999999999716, -17.63180090728720018, -10.55614023996390038 ) ) ;
#3967 = EDGE_CURVE ( 'NONE', #2782, #7927, #31, .T. ) ;
#3968 = VERTEX_POINT ( 'NONE', #10089 ) ;
#3969 = CARTESIAN_POINT ( 'NONE',  ( -63.50000000000001421, -44.69999999999998153, -1.567937561832655772E-13 ) ) ;
#3970 = DIRECTION ( 'NONE',  ( -1.000000000000000000, 6.705557021117060106E-18, 5.440889002481110112E-18 ) ) ;
#3971 = DIRECTION ( 'NONE',  ( 7.592831564818957410E-18, 0.3826834323650886160, 0.9238795325112872936 ) ) ;
#3972 = EDGE_CURVE ( 'NONE', #10301, #4177, #7353, .T. ) ;
#3973 = ORIENTED_EDGE ( 'NONE', *, *, #8117, .F. ) ;
#3974 = VERTEX_POINT ( 'NONE', #401 ) ;
#3975 = DIRECTION ( 'NONE',  ( 1.000000000000000000, 0.000000000000000000, 0.000000000000000000 ) ) ;
#3976 = AXIS2_PLACEMENT_3D ( 'NONE', #10563, #12582, #7739 ) ;
#3977 = ORIENTED_EDGE ( 'NONE', *, *, #2367, .F. ) ;
#3978 = CARTESIAN_POINT ( 'NONE',  ( -73.59999999999999432, -4.653393255275640072, 18.16338160177654970 ) ) ;
#3979 = EDGE_CURVE ( 'NONE', #10817, #3641, #1287, .T. ) ;
#3980 = DIRECTION ( 'NONE',  ( 0.000000000000000000, 0.8314696123025480112, 0.5555702330195980698 ) ) ;
#3981 = DIRECTION ( 'NONE',  ( -7.592831564818951247E-18, -0.3826834323650886160, -0.9238795325112872936 ) ) ;
#3982 = VECTOR ( 'NONE', #1771, 1000.000000000000000 ) ;
#3983 = DIRECTION ( 'NONE',  ( 0.000000000000000000, 0.3826834323650881720, 0.9238795325112874046 ) ) ;
#3984 = EDGE_LOOP ( 'NONE', ( #5495, #7624, #1848, #2064 ) ) ;
#3985 = CIRCLE ( 'NONE', #10672, 1.000000000000000888 ) ;
#3986 = PLANE ( 'NONE',  #229 ) ;
#3987 = AXIS2_PLACEMENT_3D ( 'NONE', #6473, #5491, #11256 ) ;
#3988 = DIRECTION ( 'NONE',  ( 0.000000000000000000, 0.000000000000000000, 1.000000000000000000 ) ) ;
#3989 = EDGE_LOOP ( 'NONE', ( #1074, #8821 ) ) ;
#3990 = EDGE_CURVE ( 'NONE', #6172, #3342, #8184, .T. ) ;
#3991 = DIRECTION ( 'NONE',  ( 1.000000000000000000, 0.000000000000000000, 0.000000000000000000 ) ) ;
#3992 = CYLINDRICAL_SURFACE ( 'NONE', #5566, 1.749999999999999556 ) ;
#3993 = VECTOR ( 'NONE', #10337, 1000.000000000000000 ) ;
#3994 = VECTOR ( 'NONE', #3682, 999.9999999999998863 ) ;
#3995 = EDGE_LOOP ( 'NONE', ( #8272, #9065 ) ) ;
#3996 = VECTOR ( 'NONE', #1669, 1000.000000000000000 ) ;
#3997 = LINE ( 'NONE', #7077, #9509 ) ;
#3998 = DIRECTION ( 'NONE',  ( 0.000000000000000000, -0.5000000000000001110, -0.8660254037844384856 ) ) ;
#3999 = EDGE_LOOP ( 'NONE', ( #1673, #9540, #12438, #2066 ) ) ;
#4000 = CYLINDRICAL_SURFACE ( 'NONE', #2770, 4.500000000000000000 ) ;
#4001 = EDGE_CURVE ( 'NONE', #2846, #11978, #9635, .T. ) ;
#4002 = DIRECTION ( 'NONE',  ( 0.000000000000000000, 0.8314696123025481223, 0.5555702330195977368 ) ) ;
#4003 = ORIENTED_EDGE ( 'NONE', *, *, #9636, .F. ) ;
#4004 = CARTESIAN_POINT ( 'NONE',  ( -11.50000000000000000, 5.683796335793679713E-15, -3.281541344489749607E-15 ) ) ;
#4005 = AXIS2_PLACEMENT_3D ( 'NONE', #4192, #8185, #7207 ) ;
#4006 = LINE ( 'NONE', #6892, #5472 ) ;
#4007 = AXIS2_PLACEMENT_3D ( 'NONE', #2834, #2969, #8848 ) ;
#4008 = ORIENTED_EDGE ( 'NONE', *, *, #6611, .T. ) ;
#4009 = ORIENTED_EDGE ( 'NONE', *, *, #11188, .F. ) ;
#4010 = VERTEX_POINT ( 'NONE', #11216 ) ;
#4011 = CARTESIAN_POINT ( 'NONE',  ( -63.48791531425350598, 1.443817470673763893E-14, -8.848542754869498254E-15 ) ) ;
#4012 = DIRECTION ( 'NONE',  ( 1.000000000000000000, 0.000000000000000000, 0.000000000000000000 ) ) ;
#4013 = CARTESIAN_POINT ( 'NONE',  ( 14.10000000000099973, -30.25705468974433998, 12.53288240995741987 ) ) ;
#4014 = AXIS2_PLACEMENT_3D ( 'NONE', #6808, #8957, #12948 ) ;
#4015 = DIRECTION ( 'NONE',  ( 0.000000000000000000, 1.000000000000000000, 0.000000000000000000 ) ) ;
#4016 = CARTESIAN_POINT ( 'NONE',  ( -72.84391516214240880, 6.397396265084100087, -21.15149689803300248 ) ) ;
#4017 = ORIENTED_EDGE ( 'NONE', *, *, #5443, .T. ) ;
#4018 = DIRECTION ( 'NONE',  ( 1.000000000000000000, -6.705557021117060106E-18, -5.440889002481110112E-18 ) ) ;
#4019 = ADVANCED_FACE ( 'NONE', ( #6241 ), #1243, .F. ) ;
#4020 = CARTESIAN_POINT ( 'NONE',  ( -1.899999999999999911, 28.64026550784895164, 11.86318640332005891 ) ) ;
#4021 = VECTOR ( 'NONE', #9110, 1000.000000000000000 ) ;
#4022 = DIRECTION ( 'NONE',  ( 0.000000000000000000, -0.9238795325112787449, 0.3826834323651089331 ) ) ;
#4023 = EDGE_CURVE ( 'NONE', #1018, #333, #456, .T. ) ;
#4024 = VERTEX_POINT ( 'NONE', #711 ) ;
#4025 = VECTOR ( 'NONE', #10815, 1000.000000000000000 ) ;
#4026 = LINE ( 'NONE', #4154, #7034 ) ;
#4027 = DIRECTION ( 'NONE',  ( -5.239821661893190970E-17, -0.8314696123025481223, -0.5555702330195980698 ) ) ;
#4028 = CYLINDRICAL_SURFACE ( 'NONE', #6612, 1.599999999999997202 ) ;
#4029 = ORIENTED_EDGE ( 'NONE', *, *, #9473, .F. ) ;
#4030 = DIRECTION ( 'NONE',  ( 0.000000000000000000, 0.8314696123025475671, 0.5555702330195986249 ) ) ;
#4031 = AXIS2_PLACEMENT_3D ( 'NONE', #2306, #3481, #11479 ) ;
#4032 = ORIENTED_EDGE ( 'NONE', *, *, #11994, .T. ) ;
#4033 = LINE ( 'NONE', #7952, #6667 ) ;
#4034 = CIRCLE ( 'NONE', #2365, 1.850000000000000311 ) ;
#4035 = DIRECTION ( 'NONE',  ( 0.000000000000000000, -0.8314696123025475671, -0.5555702330195986249 ) ) ;
#4036 = CARTESIAN_POINT ( 'NONE',  ( -14.90000000000000036, -9.540979117872440597E-15, 44.60000000000000142 ) ) ;
#4037 = VERTEX_POINT ( 'NONE', #648 ) ;
#4038 = ORIENTED_EDGE ( 'NONE', *, *, #12578, .T. ) ;
#4039 = CARTESIAN_POINT ( 'NONE',  ( -73.59999999999999432, -12.24140380577454046, 5.070555478837420083 ) ) ;
#4040 = VERTEX_POINT ( 'NONE', #7466 ) ;
#4041 = CARTESIAN_POINT ( 'NONE',  ( 14.10000000000099973, 23.53709939867700029, -22.59000622342259845 ) ) ;
#4042 = DIRECTION ( 'NONE',  ( 0.000000000000000000, 0.000000000000000000, -1.000000000000000000 ) ) ;
#4043 = EDGE_CURVE ( 'NONE', #1668, #555, #7652, .T. ) ;
#4044 = LINE ( 'NONE', #9016, #5622 ) ;
#4045 = EDGE_CURVE ( 'NONE', #4177, #10301, #5066, .T. ) ;
#4046 = DIRECTION ( 'NONE',  ( 8.632079425444793286E-18, 0.7933533402912376076, 0.6087614290087176583 ) ) ;
#4047 = CARTESIAN_POINT ( 'NONE',  ( 6.599999999999999645, 28.64026550785075287, -11.86318640331580099 ) ) ;
#4048 = ORIENTED_EDGE ( 'NONE', *, *, #9299, .F. ) ;
#4049 = CARTESIAN_POINT ( 'NONE',  ( 6.599999999999999645, -30.25705468974489776, -11.19349039667821977 ) ) ;
#4050 = LINE ( 'NONE', #9081, #6708 ) ;
#4051 = EDGE_CURVE ( 'NONE', #12577, #12556, #4860, .T. ) ;
#4052 = EDGE_LOOP ( 'NONE', ( #7800, #6398, #6010, #7377 ) ) ;
#4053 = EDGE_CURVE ( 'NONE', #11885, #11736, #873, .T. ) ;
#4054 = CARTESIAN_POINT ( 'NONE',  ( 17.54641016151380128, 10.32496762055614070, -29.66807043893804874 ) ) ;
#4055 = EDGE_LOOP ( 'NONE', ( #12693, #6863, #6479, #4820 ) ) ;
#4056 = DIRECTION ( 'NONE',  ( -3.090821338043308677E-16, -1.000000000000000000, -3.432150397220114808E-15 ) ) ;
#4057 = DIRECTION ( 'NONE',  ( 0.000000000000000000, -0.9238795325112874046, 0.3826834323650882275 ) ) ;
#4058 = CARTESIAN_POINT ( 'NONE',  ( 14.09999999999999964, -30.17848429061135107, -12.89099133440534040 ) ) ;
#4059 = ADVANCED_FACE ( 'NONE', ( #1433 ), #3471, .F. ) ;
#4060 = CARTESIAN_POINT ( 'NONE',  ( 14.10000000000099973, 23.53709939867835033, 21.25061421014340013 ) ) ;
#4061 = ORIENTED_EDGE ( 'NONE', *, *, #12362, .F. ) ;
#4062 = LINE ( 'NONE', #7334, #4414 ) ;
#4063 = LINE ( 'NONE', #11084, #4216 ) ;
#4064 = EDGE_LOOP ( 'NONE', ( #10912, #150, #8079, #1521 ) ) ;
#4065 = EDGE_CURVE ( 'NONE', #8599, #3715, #10474, .T. ) ;
#4066 = VERTEX_POINT ( 'NONE', #5448 ) ;
#4067 = EDGE_CURVE ( 'NONE', #6707, #2372, #5901, .T. ) ;
#4068 = DIRECTION ( 'NONE',  ( -1.000000000000000000, 4.451867004922774877E-18, 0.000000000000000000 ) ) ;
#4069 = AXIS2_PLACEMENT_3D ( 'NONE', #5111, #9078, #11384 ) ;
#4070 = CARTESIAN_POINT ( 'NONE',  ( 17.54641016151375155, -29.46178121724189580, 1.027804931085031903 ) ) ;
#4071 = DIRECTION ( 'NONE',  ( 0.000000000000000000, -0.9238795325112788559, 0.3826834323651086556 ) ) ;
#4072 = CIRCLE ( 'NONE', #10979, 1.749999999999999556 ) ;
#4073 = CARTESIAN_POINT ( 'NONE',  ( -72.84391516214240880, -20.06718335794510111, -4.676606898020219560 ) ) ;
#4074 = DIRECTION ( 'NONE',  ( 1.000000000000000000, -6.322502648911699282E-17, 9.462293898829198836E-17 ) ) ;
#4075 = VERTEX_POINT ( 'NONE', #464 ) ;
#4076 = CIRCLE ( 'NONE', #12227, 1.749999999999998002 ) ;
#4077 = CARTESIAN_POINT ( 'NONE',  ( 6.600000000000989964, -31.96623182489025794, 13.24084675983277037 ) ) ;
#4078 = AXIS2_PLACEMENT_3D ( 'NONE', #12776, #10633, #7677 ) ;
#4079 = AXIS2_PLACEMENT_3D ( 'NONE', #458, #8306, #7269 ) ;
#4080 = CARTESIAN_POINT ( 'NONE',  ( 17.54641016151380128, 13.40140518607612030, 29.66807043893434681 ) ) ;
#4081 = AXIS2_PLACEMENT_3D ( 'NONE', #1743, #2004, #9000 ) ;
#4082 = AXIS2_PLACEMENT_3D ( 'NONE', #5270, #2309, #3289 ) ;
#4083 = LINE ( 'NONE', #11286, #9136 ) ;
#4084 = EDGE_LOOP ( 'NONE', ( #5810, #3391, #8483, #10872 ) ) ;
#4085 = LINE ( 'NONE', #1070, #5989 ) ;
#4086 = AXIS2_PLACEMENT_3D ( 'NONE', #4642, #10793, #6675 ) ;
#4087 = AXIS2_PLACEMENT_3D ( 'NONE', #6440, #4538, #3286 ) ;
#4088 = CARTESIAN_POINT ( 'NONE',  ( -78.79999999999999716, -18.00885176542625032, 4.212334043129004613 ) ) ;
#4089 = DIRECTION ( 'NONE',  ( 0.000000000000000000, -0.9238795325112787449, 0.3826834323651089331 ) ) ;
#4091 = EDGE_CURVE ( 'NONE', #9036, #10382, #1629, .T. ) ;
#4090 = EDGE_LOOP ( 'NONE', ( #750, #9296, #5799, #7087 ) ) ;
#4092 = DIRECTION ( 'NONE',  ( 0.000000000000000000, 0.9238795325112875156, -0.3826834323650881720 ) ) ;
#4093 = VECTOR ( 'NONE', #12501, 1000.000000000000000 ) ;
#4094 = VERTEX_POINT ( 'NONE', #4716 ) ;
#4095 = AXIS2_PLACEMENT_3D ( 'NONE', #645, #1493, #3655 ) ;
#4096 = CARTESIAN_POINT ( 'NONE',  ( 14.09999999999999964, -31.00000000000159872, -1.223954022664025947E-12 ) ) ;
#4097 = CARTESIAN_POINT ( 'NONE',  ( 17.60000000000000142, -1.578802671573090108E-12, -1.742407049807590194E-12 ) ) ;
#4098 = VECTOR ( 'NONE', #4342, 999.9999999999998863 ) ;
#4099 = CIRCLE ( 'NONE', #2005, 1.599999999999997202 ) ;
#4100 = VECTOR ( 'NONE', #8796, 1000.000000000000000 ) ;
#4101 = CARTESIAN_POINT ( 'NONE',  ( 6.599999999999999645, -28.64026550785020220, 11.86318640331699825 ) ) ;
#4102 = ORIENTED_EDGE ( 'NONE', *, *, #3193, .T. ) ;
#4103 = ORIENTED_EDGE ( 'NONE', *, *, #12317, .F. ) ;
#4104 = AXIS2_PLACEMENT_3D ( 'NONE', #4047, #9021, #2804 ) ;
#4105 = ORIENTED_EDGE ( 'NONE', *, *, #7184, .T. ) ;
#4106 = DIRECTION ( 'NONE',  ( -4.112988807310478308E-18, -0.9238795325112874046, 0.3826834323650881720 ) ) ;
#4107 = EDGE_CURVE ( 'NONE', #4241, #8419, #2552, .T. ) ;
#4108 = EDGE_LOOP ( 'NONE', ( #5071, #9841, #5051 ) ) ;
#4109 = DIRECTION ( 'NONE',  ( 4.112988807310475997E-18, 0.9238795325112874046, -0.3826834323650881720 ) ) ;
#4110 = VERTEX_POINT ( 'NONE', #9610 ) ;
#4111 = CARTESIAN_POINT ( 'NONE',  ( 5.599999999999999645, 44.49999999999524647, 3.162630509571959917E-15 ) ) ;
#4112 = CARTESIAN_POINT ( 'NONE',  ( 5.599999999999999645, 36.80607966083859850, -21.25000000000000000 ) ) ;
#4113 = VERTEX_POINT ( 'NONE', #8697 ) ;
#4114 = ORIENTED_EDGE ( 'NONE', *, *, #1496, .T. ) ;
#4115 = CARTESIAN_POINT ( 'NONE',  ( 14.10000000000099973, 21.92031021678360148, 21.92031021678235092 ) ) ;
#4116 = DIRECTION ( 'NONE',  ( 0.000000000000000000, 1.000000000000000000, 0.000000000000000000 ) ) ;
#4117 = ORIENTED_EDGE ( 'NONE', *, *, #10145, .T. ) ;
#4118 = PLANE ( 'NONE',  #8386 ) ;
#4119 = AXIS2_PLACEMENT_3D ( 'NONE', #1458, #11372, #12590 ) ;
#4120 = CYLINDRICAL_SURFACE ( 'NONE', #4195, 1.750000000000001110 ) ;
#4121 = VERTEX_POINT ( 'NONE', #12686 ) ;
#4122 = EDGE_CURVE ( 'NONE', #4684, #7744, #11401, .T. ) ;
#4123 = ADVANCED_FACE ( 'NONE', ( #2427 ), #4636, .F. ) ;
#4124 = DIRECTION ( 'NONE',  ( 0.2588190451025339511, -0.8031379722975867663, -0.5366396363910638234 ) ) ;
#4125 = CARTESIAN_POINT ( 'NONE',  ( -1.899999999999999911, -31.00000000000000000, -9.693681929906711246E-13 ) ) ;
#4126 = CARTESIAN_POINT ( 'NONE',  ( -72.84391516214240880, -12.68974533494249890, -1.238088580960476248 ) ) ;
#4127 = CARTESIAN_POINT ( 'NONE',  ( 6.599999999999999645, -23.17031021678204894, -21.92031021678400293 ) ) ;
#4128 = VECTOR ( 'NONE', #8944, 999.9999999999998863 ) ;
#4129 = ADVANCED_FACE ( 'NONE', ( #4525 ), #9420, .F. ) ;
#4130 = CARTESIAN_POINT ( 'NONE',  ( -72.84391516214240880, 21.07874370250854668, -11.93329815287010121 ) ) ;
#4131 = EDGE_CURVE ( 'NONE', #11316, #4896, #5279, .T. ) ;
#4132 = DIRECTION ( 'NONE',  ( 1.000000000000000000, -6.705557021117060106E-18, -5.440889002481110112E-18 ) ) ;
#4133 = ORIENTED_EDGE ( 'NONE', *, *, #2287, .T. ) ;
#4134 = DIRECTION ( 'NONE',  ( -1.000000000000000000, 4.451867004922774877E-18, 0.000000000000000000 ) ) ;
#4135 = DIRECTION ( 'NONE',  ( -1.000000000000000000, 0.000000000000000000, 0.000000000000000000 ) ) ;
#4136 = ORIENTED_EDGE ( 'NONE', *, *, #1670, .T. ) ;
#4137 = VECTOR ( 'NONE', #5997, 1000.000000000000000 ) ;
#4138 = PLANE ( 'NONE',  #10567 ) ;
#4139 = VERTEX_POINT ( 'NONE', #12496 ) ;
#4140 = EDGE_LOOP ( 'NONE', ( #8240, #5070 ) ) ;
#4141 = ORIENTED_EDGE ( 'NONE', *, *, #9154, .T. ) ;
#4142 = DIRECTION ( 'NONE',  ( 0.000000000000000000, 0.9238795325112916235, -0.3826834323650779024 ) ) ;
#4143 = LINE ( 'NONE', #11033, #11145 ) ;
#4144 = CARTESIAN_POINT ( 'NONE',  ( -63.70000000000000995, -2.066205161904769999E-14, 1.491883645478428116E-14 ) ) ;
#4145 = SURFACE_STYLE_FILL_AREA ( #12257 ) ;
#4146 = AXIS2_PLACEMENT_3D ( 'NONE', #11174, #365, #4160 ) ;
#4147 = DIRECTION ( 'NONE',  ( -6.551204957150059656E-17, 0.000000000000000000, 1.000000000000000000 ) ) ;
#4148 = ORIENTED_EDGE ( 'NONE', *, *, #12607, .T. ) ;
#4149 = LINE ( 'NONE', #12324, #11719 ) ;
#4150 = FACE_OUTER_BOUND ( 'NONE', #11476, .T. ) ;
#4151 = AXIS2_PLACEMENT_3D ( 'NONE', #3849, #2546, #9741 ) ;
#4152 = ORIENTED_EDGE ( 'NONE', *, *, #5656, .F. ) ;
#4153 = EDGE_CURVE ( 'NONE', #5005, #9455, #3532, .T. ) ;
#4154 = CARTESIAN_POINT ( 'NONE',  ( -72.84391516214240880, -1.585445690539095009, -17.20275819739720191 ) ) ;
#4155 = DIRECTION ( 'NONE',  ( 0.000000000000000000, -0.9238795325112789669, 0.3826834323651084890 ) ) ;
#4156 = DIRECTION ( 'NONE',  ( -1.000000000000000000, 0.000000000000000000, 0.000000000000000000 ) ) ;
#4157 = VERTEX_POINT ( 'NONE', #8564 ) ;
#4158 = DIRECTION ( 'NONE',  ( -4.112988807310478308E-18, -0.9238795325112874046, 0.3826834323650881720 ) ) ;
#4159 = EDGE_LOOP ( 'NONE', ( #1324, #7057, #7673, #12817 ) ) ;
#4160 = DIRECTION ( 'NONE',  ( 0.000000000000000000, 0.8314696123025479002, 0.5555702330195982919 ) ) ;
#4161 = DIRECTION ( 'NONE',  ( -4.112988807310478308E-18, -0.9238795325112874046, 0.3826834323650881720 ) ) ;
#4162 = ADVANCED_FACE ( 'NONE', ( #12555 ), #2958, .T. ) ;
#4163 = FACE_OUTER_BOUND ( 'NONE', #5360, .T. ) ;
#4164 = ORIENTED_EDGE ( 'NONE', *, *, #3267, .T. ) ;
#4165 = VERTEX_POINT ( 'NONE', #7590 ) ;
#4166 = ORIENTED_EDGE ( 'NONE', *, *, #12651, .T. ) ;
#4167 = CYLINDRICAL_SURFACE ( 'NONE', #12644, 1.600000000000000755 ) ;
#4168 = VERTEX_POINT ( 'NONE', #2027 ) ;
#4169 = DIRECTION ( 'NONE',  ( 0.000000000000000000, 0.000000000000000000, 1.000000000000000000 ) ) ;
#4170 = ORIENTED_EDGE ( 'NONE', *, *, #4934, .F. ) ;
#4171 = DIRECTION ( 'NONE',  ( 0.000000000000000000, 0.8314696123025481223, 0.5555702330195977368 ) ) ;
#4172 = DIRECTION ( 'NONE',  ( -1.000000000000000000, 6.322502648911719004E-17, -9.462293898829198836E-17 ) ) ;
#4173 = ORIENTED_EDGE ( 'NONE', *, *, #7742, .F. ) ;
#4174 = ORIENTED_EDGE ( 'NONE', *, *, #4356, .T. ) ;
#4175 = CYLINDRICAL_SURFACE ( 'NONE', #11920, 1.599999999999997202 ) ;
#4176 = DIRECTION ( 'NONE',  ( 1.000000000000000000, -6.322502648911709143E-17, 9.462293898829198836E-17 ) ) ;
#4177 = VERTEX_POINT ( 'NONE', #2747 ) ;
#4178 = CARTESIAN_POINT ( 'NONE',  ( 14.10000000000099973, -13.39392013277882043, -32.33578363789474963 ) ) ;
#4179 = EDGE_CURVE ( 'NONE', #11047, #4762, #12745, .T. ) ;
#4180 = DIRECTION ( 'NONE',  ( -4.970554372426381287E-17, -0.8314696123025480112, -0.5555702330195979588 ) ) ;
#4181 = EDGE_LOOP ( 'NONE', ( #8746, #7566 ) ) ;
#4182 = EDGE_CURVE ( 'NONE', #10250, #12572, #652, .T. ) ;
#4183 = DIRECTION ( 'NONE',  ( -7.592831564818951247E-18, -0.3826834323650886160, -0.9238795325112872936 ) ) ;
#4184 = LINE ( 'NONE', #1235, #3688 ) ;
#4185 = VECTOR ( 'NONE', #7729, 999.9999999999998863 ) ;
#4186 = DIRECTION ( 'NONE',  ( 0.000000000000000000, 0.9238795325112867385, -0.3826834323650899483 ) ) ;
#4187 = CARTESIAN_POINT ( 'NONE',  ( 5.599999999999999645, -21.25000000000000000, -36.80607966083854876 ) ) ;
#4188 = CARTESIAN_POINT ( 'NONE',  ( -72.84391516214240880, -8.196486320422168959, 5.689909376520580153 ) ) ;
#4189 = DIRECTION ( 'NONE',  ( 0.000000000000000000, 1.000000000000000000, 9.714451465470228276E-14 ) ) ;
#4190 = EDGE_LOOP ( 'NONE', ( #7473, #2795, #2909, #6921, #1033 ) ) ;
#4191 = LINE ( 'NONE', #2163, #10256 ) ;
#4192 = CARTESIAN_POINT ( 'NONE',  ( -73.59999999999999432, -2.066205161904769999E-14, 1.491883645478428116E-14 ) ) ;
#4193 = ORIENTED_EDGE ( 'NONE', *, *, #184, .F. ) ;
#4194 = CIRCLE ( 'NONE', #8989, 1.749999999999998002 ) ;
#4195 = AXIS2_PLACEMENT_3D ( 'NONE', #2154, #8231, #6283 ) ;
#4196 = FACE_BOUND ( 'NONE', #6879, .T. ) ;
#4197 = ORIENTED_EDGE ( 'NONE', *, *, #9249, .T. ) ;
#4198 = CONICAL_SURFACE ( 'NONE', #433, 1.849999999999998979, 1.308996938995734549 ) ;
#4199 = VERTEX_POINT ( 'NONE', #7784 ) ;
#4200 = ORIENTED_EDGE ( 'NONE', *, *, #4844, .T. ) ;
#4201 = CARTESIAN_POINT ( 'NONE',  ( -72.84391516214240880, -14.66364304800118035, 8.368693403076200354 ) ) ;
#4202 = DIRECTION ( 'NONE',  ( -1.000000000000000000, 6.322502648911709143E-17, -9.462293898829198836E-17 ) ) ;
#4203 = FACE_OUTER_BOUND ( 'NONE', #8086, .T. ) ;
#4204 = CIRCLE ( 'NONE', #10892, 0.2999999999999999889 ) ;
#4205 = LINE ( 'NONE', #7221, #7020 ) ;
#4206 = ORIENTED_EDGE ( 'NONE', *, *, #9553, .F. ) ;
#4207 = AXIS2_PLACEMENT_3D ( 'NONE', #3227, #4410, #6447 ) ;
#4208 = ADVANCED_FACE ( 'NONE', ( #8890 ), #3793, .F. ) ;
#4209 = CARTESIAN_POINT ( 'NONE',  ( -11.90000000000000391, 36.80607966083861982, 21.25000000000003908 ) ) ;
#4210 = LINE ( 'NONE', #12198, #11325 ) ;
#4211 = EDGE_CURVE ( 'NONE', #2059, #938, #7845, .T. ) ;
#4212 = EDGE_CURVE ( 'NONE', #5115, #6592, #9647, .T. ) ;
#4213 = ORIENTED_EDGE ( 'NONE', *, *, #8761, .T. ) ;
#4214 = CONICAL_SURFACE ( 'NONE', #11334, 1.249999999999987121, 1.029744258676653645 ) ;
#4215 = EDGE_CURVE ( 'NONE', #6344, #938, #1956, .T. ) ;
#4216 = VECTOR ( 'NONE', #9763, 1000.000000000000114 ) ;
#4217 = CARTESIAN_POINT ( 'NONE',  ( -56.21032168798580386, -19.28258568190119959, 6.363520206626110287 ) ) ;
#4218 = EDGE_CURVE ( 'NONE', #9004, #10837, #7976, .T. ) ;
#4219 = AXIS2_PLACEMENT_3D ( 'NONE', #12397, #4223, #11241 ) ;
#4220 = LINE ( 'NONE', #2124, #9865 ) ;
#4221 = CARTESIAN_POINT ( 'NONE',  ( -72.84391516214240880, -9.582305619189098067, 6.263934525068219905 ) ) ;
#4222 = EDGE_LOOP ( 'NONE', ( #12118, #1041, #4960, #1869, #6665, #7740, #7812, #4522, #8288 ) ) ;
#4223 = DIRECTION ( 'NONE',  ( 7.592831564818957410E-18, 0.3826834323650886160, 0.9238795325112872936 ) ) ;
#4224 = EDGE_LOOP ( 'NONE', ( #7528, #5435 ) ) ;
#4225 = DIRECTION ( 'NONE',  ( 0.000000000000000000, 1.000000000000000000, 9.714451465470219441E-14 ) ) ;
#4226 = ADVANCED_FACE ( 'NONE', ( #9024 ), #6030, .F. ) ;
#4227 = CIRCLE ( 'NONE', #262, 26.99999999999999645 ) ;
#4228 = FACE_OUTER_BOUND ( 'NONE', #11829, .T. ) ;
#4229 = PLANE ( 'NONE',  #8299 ) ;
#4230 = ORIENTED_EDGE ( 'NONE', *, *, #12601, .F. ) ;
#4231 = ORIENTED_EDGE ( 'NONE', *, *, #8187, .F. ) ;
#4232 = ORIENTED_EDGE ( 'NONE', *, *, #5183, .T. ) ;
#4233 = LINE ( 'NONE', #2270, #5146 ) ;
#4234 = EDGE_CURVE ( 'NONE', #2212, #5431, #9944, .T. ) ;
#4235 = VECTOR ( 'NONE', #7156, 1000.000000000000000 ) ;
#4236 = ORIENTED_EDGE ( 'NONE', *, *, #8296, .F. ) ;
#4237 = FACE_BOUND ( 'NONE', #5390, .T. ) ;
#4238 = ORIENTED_EDGE ( 'NONE', *, *, #4918, .T. ) ;
#4239 = CARTESIAN_POINT ( 'NONE',  ( -73.59999999999999432, -18.13453538480590055, 9.135158804159978274 ) ) ;
#4240 = AXIS2_PLACEMENT_3D ( 'NONE', #12366, #7141, #11209 ) ;
#4241 = VERTEX_POINT ( 'NONE', #10011 ) ;
#4242 = ORIENTED_EDGE ( 'NONE', *, *, #11071, .F. ) ;
#4243 = LINE ( 'NONE', #8228, #5873 ) ;
#4244 = DIRECTION ( 'NONE',  ( 7.592831564818952788E-18, 0.3826834323650881720, 0.9238795325112874046 ) ) ;
#4245 = CARTESIAN_POINT ( 'NONE',  ( -12.30000000000000071, -9.540979117872440597E-15, -45.00000000000000000 ) ) ;
#4246 = DIRECTION ( 'NONE',  ( 0.000000000000000000, 0.000000000000000000, 1.000000000000000000 ) ) ;
#4247 = EDGE_LOOP ( 'NONE', ( #6844, #6020, #4583, #9797 ) ) ;
#4248 = FACE_OUTER_BOUND ( 'NONE', #7446, .T. ) ;
#4249 = CYLINDRICAL_SURFACE ( 'NONE', #1350, 1.000000000000000666 ) ;
#4250 = DIRECTION ( 'NONE',  ( -1.000000000000000000, 0.000000000000000000, -1.074775770116589937E-17 ) ) ;
#4251 = CARTESIAN_POINT ( 'NONE',  ( 5.599999999999999645, -21.24999999999965183, 36.80607966083884719 ) ) ;
#4252 = EDGE_CURVE ( 'NONE', #3522, #8949, #10279, .T. ) ;
#4253 = FACE_OUTER_BOUND ( 'NONE', #10887, .T. ) ;
#4254 = FACE_OUTER_BOUND ( 'NONE', #3163, .T. ) ;
#4255 = VERTEX_POINT ( 'NONE', #11004 ) ;
#4256 = ADVANCED_FACE ( 'NONE', ( #5898 ), #4409, .T. ) ;
#4257 = LINE ( 'NONE', #11148, #443 ) ;
#4258 = CARTESIAN_POINT ( 'NONE',  ( 17.54641016151375155, -1.382773195792131823E-12, 30.99999999999824851 ) ) ;
#4259 = VERTEX_POINT ( 'NONE', #8824 ) ;
#4260 = CARTESIAN_POINT ( 'NONE',  ( -11.90000000000000391, 36.80607966083874771, 22.85000000000000142 ) ) ;
#4261 = VERTEX_POINT ( 'NONE', #12816 ) ;
#4262 = DIRECTION ( 'NONE',  ( -1.000000000000000000, 2.905650844594909648E-18, 7.014861676541880450E-18 ) ) ;
#4263 = EDGE_CURVE ( 'NONE', #4165, #4369, #9747, .T. ) ;
#4264 = CARTESIAN_POINT ( 'NONE',  ( 14.10000000000099973, 8.265957363029490854E-13, 31.00000000000000000 ) ) ;
#4265 = LINE ( 'NONE', #2376, #9533 ) ;
#4266 = CARTESIAN_POINT ( 'NONE',  ( -63.51208468574660770, -41.30857989707288880, 17.11057403573958524 ) ) ;
#4267 = FACE_OUTER_BOUND ( 'NONE', #6072, .T. ) ;
#4268 = ORIENTED_EDGE ( 'NONE', *, *, #8584, .T. ) ;
#4269 = DIRECTION ( 'NONE',  ( 1.000000000000000000, 1.549392514931347416E-17, 5.782411586589934247E-17 ) ) ;
#4270 = LINE ( 'NONE', #12129, #4643 ) ;
#4271 = VERTEX_POINT ( 'NONE', #11852 ) ;
#4272 = EDGE_CURVE ( 'NONE', #6883, #2128, #850, .T. ) ;
#4273 = CIRCLE ( 'NONE', #11201, 0.2999999999999997669 ) ;
#4274 = EDGE_CURVE ( 'NONE', #6592, #5115, #7741, .T. ) ;
#4275 = PLANE ( 'NONE',  #8461 ) ;
#4276 = FACE_OUTER_BOUND ( 'NONE', #11153, .T. ) ;
#4277 = PLANE ( 'NONE',  #1577 ) ;
#4278 = DIRECTION ( 'NONE',  ( 0.000000000000000000, 0.000000000000000000, 1.000000000000000000 ) ) ;
#4279 = AXIS2_PLACEMENT_3D ( 'NONE', #2642, #866, #2829 ) ;
#4280 = CIRCLE ( 'NONE', #2408, 35.00000000000000000 ) ;
#4281 = ORIENTED_EDGE ( 'NONE', *, *, #10210, .T. ) ;
#4282 = ADVANCED_FACE ( 'NONE', ( #911 ), #9838, .T. ) ;
#4283 = CARTESIAN_POINT ( 'NONE',  ( -73.59999999999999432, -12.24140380577454046, 5.070555478837420083 ) ) ;
#4284 = EDGE_CURVE ( 'NONE', #5149, #12213, #9616, .T. ) ;
#4285 = CIRCLE ( 'NONE', #2412, 1.750000000000001110 ) ;
#4286 = FACE_OUTER_BOUND ( 'NONE', #5753, .T. ) ;
#4287 = VECTOR ( 'NONE', #6443, 1000.000000000000000 ) ;
#4288 = CARTESIAN_POINT ( 'NONE',  ( -73.59999999999999432, -19.85661083044884734, 4.977700907859180290 ) ) ;
#4289 = ORIENTED_EDGE ( 'NONE', *, *, #3424, .F. ) ;
#4290 = AXIS2_PLACEMENT_3D ( 'NONE', #5697, #510, #9672 ) ;
#4291 = ORIENTED_EDGE ( 'NONE', *, *, #10500, .F. ) ;
#4292 = AXIS2_PLACEMENT_3D ( 'NONE', #3781, #1821, #10927 ) ;
#4293 = CIRCLE ( 'NONE', #5974, 1.849999999999998979 ) ;
#4294 = ORIENTED_EDGE ( 'NONE', *, *, #5747, .T. ) ;
#4295 = CARTESIAN_POINT ( 'NONE',  ( -11.90000000000001101, -21.25000000000000000, 38.40607966083869940 ) ) ;
#4296 = EDGE_CURVE ( 'NONE', #8987, #10837, #1352, .T. ) ;
#4297 = AXIS2_PLACEMENT_3D ( 'NONE', #1852, #5794, #7930 ) ;
#4298 = VERTEX_POINT ( 'NONE', #193 ) ;
#4299 = ORIENTED_EDGE ( 'NONE', *, *, #9452, .F. ) ;
#4300 = CARTESIAN_POINT ( 'NONE',  ( -73.59999999999999432, 18.46578437083690005, -19.86251271240145044 ) ) ;
#4301 = AXIS2_PLACEMENT_3D ( 'NONE', #1550, #1754, #11524 ) ;
#4302 = ORIENTED_EDGE ( 'NONE', *, *, #5586, .F. ) ;
#4303 = DIRECTION ( 'NONE',  ( -1.000000000000000000, 1.579784224483829016E-16, -1.579784224483928116E-16 ) ) ;
#4304 = ORIENTED_EDGE ( 'NONE', *, *, #11694, .F. ) ;
#4305 = EDGE_CURVE ( 'NONE', #11858, #1998, #3985, .T. ) ;
#4306 = VERTEX_POINT ( 'NONE', #5179 ) ;
#4307 = FACE_OUTER_BOUND ( 'NONE', #12715, .T. ) ;
#4308 = CIRCLE ( 'NONE', #4735, 1.600000000000002753 ) ;
#4309 = CIRCLE ( 'NONE', #738, 1.249999999999987121 ) ;
#4310 = DIRECTION ( 'NONE',  ( -4.112988807310476767E-18, -0.9238795325112872936, 0.3826834323650883940 ) ) ;
#4311 = DIRECTION ( 'NONE',  ( 0.000000000000000000, -0.9099612708765432156, -0.4146932426562390805 ) ) ;
#4312 = CONICAL_SURFACE ( 'NONE', #8271, 1.249999999999987121, 1.029744258676652313 ) ;
#4313 = AXIS2_PLACEMENT_3D ( 'NONE', #6679, #11585, #707 ) ;
#4314 = CARTESIAN_POINT ( 'NONE',  ( -73.59999999999999432, -9.007825441985040982, 3.731163465559614867 ) ) ;
#4315 = ORIENTED_EDGE ( 'NONE', *, *, #7544, .F. ) ;
#4316 = ORIENTED_EDGE ( 'NONE', *, *, #7903, .T. ) ;
#4317 = LINE ( 'NONE', #2089, #7219 ) ;
#4318 = AXIS2_PLACEMENT_3D ( 'NONE', #917, #7139, #136 ) ;
#4319 = ADVANCED_FACE ( 'NONE', ( #10327 ), #4120, .F. ) ;
#4320 = AXIS2_PLACEMENT_3D ( 'NONE', #752, #885, #11886 ) ;
#4321 = LINE ( 'NONE', #8305, #7423 ) ;
#4322 = DIRECTION ( 'NONE',  ( 0.000000000000000000, 0.6087614290087191016, -0.7933533402912362753 ) ) ;
#4323 = DIRECTION ( 'NONE',  ( 1.000000000000000000, 0.000000000000000000, 0.000000000000000000 ) ) ;
#4324 = DIRECTION ( 'NONE',  ( -1.000000000000000000, -3.477373515934200049E-33, 0.000000000000000000 ) ) ;
#4325 = AXIS2_PLACEMENT_3D ( 'NONE', #1959, #3991, #2029 ) ;
#4326 = CARTESIAN_POINT ( 'NONE',  ( 17.54641016151380128, 1.538218782757724945, -29.97219506891550012 ) ) ;
#4327 = ORIENTED_EDGE ( 'NONE', *, *, #1505, .F. ) ;
#4328 = AXIS2_PLACEMENT_3D ( 'NONE', #7697, #12728, #11700 ) ;
#4329 = DIRECTION ( 'NONE',  ( 0.000000000000000000, -0.8314696123025484553, -0.5555702330195974037 ) ) ;
#4330 = EDGE_CURVE ( 'NONE', #9650, #90, #5248, .T. ) ;
#4331 = CARTESIAN_POINT ( 'NONE',  ( 6.599999999999999645, -32.24999999999998579, -1.089119198800293116E-12 ) ) ;
#4332 = ORIENTED_EDGE ( 'NONE', *, *, #12620, .T. ) ;
#4333 = DIRECTION ( 'NONE',  ( 1.000000000000000000, 0.000000000000000000, 0.000000000000000000 ) ) ;
#4334 = EDGE_CURVE ( 'NONE', #11995, #7472, #3202, .T. ) ;
#4335 = CARTESIAN_POINT ( 'NONE',  ( 6.600000000000989964, -21.92031021678245040, 21.92031021678350200 ) ) ;
#4336 = EDGE_CURVE ( 'NONE', #11903, #3061, #11329, .T. ) ;
#4337 = AXIS2_PLACEMENT_3D ( 'NONE', #426, #2515, #10310 ) ;
#4338 = ORIENTED_EDGE ( 'NONE', *, *, #2896, .F. ) ;
#4339 = ORIENTED_EDGE ( 'NONE', *, *, #2848, .T. ) ;
#4340 = DIRECTION ( 'NONE',  ( 0.000000000000000000, 0.3826834323650878389, 0.9238795325112876267 ) ) ;
#4341 = CARTESIAN_POINT ( 'NONE',  ( -43.91208468574654944, 9.027142616252849676E-15, -5.184576305864479733E-15 ) ) ;
#4342 = DIRECTION ( 'NONE',  ( 0.000000000000000000, 0.9238795325112874046, -0.3826834323650882275 ) ) ;
#4343 = LINE ( 'NONE', #7220, #1080 ) ;
#4344 = CARTESIAN_POINT ( 'NONE',  ( -73.59999999999999432, -12.24140380577454046, 5.070555478837420083 ) ) ;
#4345 = ORIENTED_EDGE ( 'NONE', *, *, #1399, .T. ) ;
#4346 = DIRECTION ( 'NONE',  ( 0.5150380749100560429, 0.8571673007021111124, 8.222228984407219466E-14 ) ) ;
#4347 = AXIS2_PLACEMENT_3D ( 'NONE', #9979, #3343, #89 ) ;
#4348 = DIRECTION ( 'NONE',  ( -7.592831564818948166E-18, -0.3826834323650878389, -0.9238795325112876267 ) ) ;
#4349 = EDGE_CURVE ( 'NONE', #2436, #1294, #2730, .T. ) ;
#4350 = ORIENTED_EDGE ( 'NONE', *, *, #2404, .T. ) ;
#4351 = LINE ( 'NONE', #3553, #3681 ) ;
#4352 = CIRCLE ( 'NONE', #7688, 1.849999999999998979 ) ;
#4353 = CYLINDRICAL_SURFACE ( 'NONE', #891, 45.00000000000000000 ) ;
#4354 = CARTESIAN_POINT ( 'NONE',  ( -73.59999999999999432, -31.78145591838846329, 13.16431007335871151 ) ) ;
#4355 = VECTOR ( 'NONE', #2626, 1000.000000000000000 ) ;
#4356 = EDGE_CURVE ( 'NONE', #4762, #11095, #4050, .T. ) ;
#4357 = CYLINDRICAL_SURFACE ( 'NONE', #3799, 1.849999999999998979 ) ;
#4358 = EDGE_LOOP ( 'NONE', ( #9278, #6120, #3435, #1944 ) ) ;
#4359 = CARTESIAN_POINT ( 'NONE',  ( -59.50000000000000000, -21.92031021678490177, -21.92031021678440084 ) ) ;
#4360 = AXIS2_PLACEMENT_3D ( 'NONE', #5838, #1836, #655 ) ;
#4361 = EDGE_CURVE ( 'NONE', #1294, #9069, #11266, .T. ) ;
#4362 = AXIS2_PLACEMENT_3D ( 'NONE', #3841, #2858, #6859 ) ;
#4363 = DIRECTION ( 'NONE',  ( 1.000000000000000000, 0.000000000000000000, 0.000000000000000000 ) ) ;
#4364 = ORIENTED_EDGE ( 'NONE', *, *, #771, .F. ) ;
#4365 = ORIENTED_EDGE ( 'NONE', *, *, #8246, .T. ) ;
#4366 = EDGE_CURVE ( 'NONE', #6490, #12213, #12040, .T. ) ;
#4367 = ORIENTED_EDGE ( 'NONE', *, *, #533, .F. ) ;
#4368 = CYLINDRICAL_SURFACE ( 'NONE', #3055, 1.850000000000001865 ) ;
#4369 = VERTEX_POINT ( 'NONE', #2281 ) ;
#4370 = VERTEX_POINT ( 'NONE', #7316 ) ;
#4371 = CARTESIAN_POINT ( 'NONE',  ( 17.54641016151380128, 30.99999999999844746, -2.051191339311620287E-12 ) ) ;
#4372 = VERTEX_POINT ( 'NONE', #12103 ) ;
#4373 = CIRCLE ( 'NONE', #5006, 44.71208468574654660 ) ;
#4374 = DIRECTION ( 'NONE',  ( 0.000000000000000000, -0.3826834323650881720, -0.9238795325112874046 ) ) ;
#4375 = VERTEX_POINT ( 'NONE', #7070 ) ;
#4376 = EDGE_LOOP ( 'NONE', ( #11190, #4009, #8726, #5164 ) ) ;
#4377 = DIRECTION ( 'NONE',  ( 0.000000000000000000, -0.9238795325112788559, 0.3826834323651088221 ) ) ;
#4378 = FACE_OUTER_BOUND ( 'NONE', #6375, .T. ) ;
#4379 = EDGE_CURVE ( 'NONE', #508, #8664, #7327, .T. ) ;
#4380 = DIRECTION ( 'NONE',  ( 1.000000000000000000, -6.705557021117060106E-18, -5.440889002481110112E-18 ) ) ;
#4381 = CARTESIAN_POINT ( 'NONE',  ( -72.84391516214240880, 23.75533050756699893, -17.06417362153884909 ) ) ;
#4382 = VERTEX_POINT ( 'NONE', #2222 ) ;
#4383 = EDGE_CURVE ( 'NONE', #4372, #1763, #7130, .T. ) ;
#4384 = ORIENTED_EDGE ( 'NONE', *, *, #2687, .F. ) ;
#4385 = CARTESIAN_POINT ( 'NONE',  ( 6.600000000000989964, 31.00000000000000000, -9.454242944073600684E-13 ) ) ;
#4386 = EDGE_CURVE ( 'NONE', #10594, #1817, #11521, .T. ) ;
#4387 = CARTESIAN_POINT ( 'NONE',  ( -72.84391516214240880, -11.66737865722689982, 6.456374777604359849 ) ) ;
#4388 = LINE ( 'NONE', #10465, #11821 ) ;
#4389 = CYLINDRICAL_SURFACE ( 'NONE', #6429, 1.249999999999987121 ) ;
#4390 = CARTESIAN_POINT ( 'NONE',  ( -73.09999999999999432, -2.066205161904769999E-14, 1.491883645478428116E-14 ) ) ;
#4391 = DIRECTION ( 'NONE',  ( -1.000000000000000000, 6.705557021117060106E-18, 5.440889002481110112E-18 ) ) ;
#4392 = ORIENTED_EDGE ( 'NONE', *, *, #3614, .T. ) ;
#4393 = CARTESIAN_POINT ( 'NONE',  ( -1.899999999999999911, 27.39026550784895164, 11.86318640331993990 ) ) ;
#4394 = EDGE_CURVE ( 'NONE', #1735, #9263, #10074, .T. ) ;
#4395 = DIRECTION ( 'NONE',  ( 1.000000000000000000, -6.705557021117060106E-18, -5.440889002481110112E-18 ) ) ;
#4396 = ORIENTED_EDGE ( 'NONE', *, *, #12522, .F. ) ;
#4397 = CARTESIAN_POINT ( 'NONE',  ( -73.59999999999999432, -11.87795118472319977, -3.197933028275040002 ) ) ;
#4398 = DIRECTION ( 'NONE',  ( 0.000000000000000000, -0.9238795325112872936, 0.3826834323650886160 ) ) ;
#4399 = ORIENTED_EDGE ( 'NONE', *, *, #3159, .T. ) ;
#4400 = EDGE_CURVE ( 'NONE', #6344, #10381, #7197, .T. ) ;
#4401 = DIRECTION ( 'NONE',  ( -1.000000000000000000, 1.001543065824855929E-16, -5.782411586590338538E-17 ) ) ;
#4402 = AXIS2_PLACEMENT_3D ( 'NONE', #11907, #2933, #10934 ) ;
#4403 = CARTESIAN_POINT ( 'NONE',  ( -73.59999999999999432, -15.32210207600899921, -11.51284882087661998 ) ) ;
#4404 = LINE ( 'NONE', #1509, #4734 ) ;
#4405 = CARTESIAN_POINT ( 'NONE',  ( -72.84391516214240880, -14.39822254349770070, -11.89553225324170072 ) ) ;
#4406 = EDGE_LOOP ( 'NONE', ( #8408, #4575, #1368, #6465 ) ) ;
#4407 = CYLINDRICAL_SURFACE ( 'NONE', #10626, 0.2999999999999997669 ) ;
#4408 = AXIS2_PLACEMENT_3D ( 'NONE', #159, #8389, #5336 ) ;
#4409 = CONICAL_SURFACE ( 'NONE', #2520, 32.99999999999999289, 0.7853981633974476129 ) ;
#4410 = DIRECTION ( 'NONE',  ( 1.000000000000000000, 0.000000000000000000, 0.000000000000000000 ) ) ;
#4411 = AXIS2_PLACEMENT_3D ( 'NONE', #11451, #8484, #7505 ) ;
#4412 = ORIENTED_EDGE ( 'NONE', *, *, #5589, .F. ) ;
#4413 = CARTESIAN_POINT ( 'NONE',  ( -72.84391516214240880, -16.49734884727964612, -1.284515866449597921 ) ) ;
#4414 = VECTOR ( 'NONE', #2363, 1000.000000000000000 ) ;
#4415 = CARTESIAN_POINT ( 'NONE',  ( -14.90000000000000036, -9.540979117872440597E-15, 0.000000000000000000 ) ) ;
#4416 = CARTESIAN_POINT ( 'NONE',  ( -59.50000000000000000, -21.92031021678445057, 21.92031021678135261 ) ) ;
#4417 = VECTOR ( 'NONE', #7226, 999.9999999999998863 ) ;
#4418 = CARTESIAN_POINT ( 'NONE',  ( -63.70000000000000995, 41.48219100975698836, -17.18248611319201302 ) ) ;
#4419 = AXIS2_PLACEMENT_3D ( 'NONE', #1809, #8546, #9789 ) ;
#4420 = VERTEX_POINT ( 'NONE', #7132 ) ;
#4421 = EDGE_CURVE ( 'NONE', #8081, #2782, #11135, .T. ) ;
#4422 = CARTESIAN_POINT ( 'NONE',  ( 6.599999999999999645, -2.973621349156020086E-12, 31.00000000000000000 ) ) ;
#4423 = EDGE_LOOP ( 'NONE', ( #3011, #7462, #8004, #6494 ) ) ;
#4424 = ADVANCED_FACE ( 'NONE', ( #9276 ), #10130, .F. ) ;
#4425 = AXIS2_PLACEMENT_3D ( 'NONE', #1926, #8853, #10100 ) ;
#4426 = AXIS2_PLACEMENT_3D ( 'NONE', #4807, #4875, #6046 ) ;
#4427 = FACE_OUTER_BOUND ( 'NONE', #2718, .T. ) ;
#4428 = EDGE_LOOP ( 'NONE', ( #7565, #8342 ) ) ;
#4429 = VERTEX_POINT ( 'NONE', #9214 ) ;
#4430 = VECTOR ( 'NONE', #6645, 1000.000000000000114 ) ;
#4431 = ORIENTED_EDGE ( 'NONE', *, *, #5092, .F. ) ;
#4432 = CARTESIAN_POINT ( 'NONE',  ( -72.09999999999999432, 23.93992241884949834, -15.66205885223889993 ) ) ;
#4433 = EDGE_LOOP ( 'NONE', ( #8449, #9914 ) ) ;
#4434 = ORIENTED_EDGE ( 'NONE', *, *, #3650, .T. ) ;
#4435 = CARTESIAN_POINT ( 'NONE',  ( -78.79999999999999716, -13.85702644335149891, -13.20209521811810127 ) ) ;
#4436 = ORIENTED_EDGE ( 'NONE', *, *, #8696, .F. ) ;
#4437 = CARTESIAN_POINT ( 'NONE',  ( -78.79999999999999716, -9.945303211584011649, 10.61383267390514007 ) ) ;
#4438 = VERTEX_POINT ( 'NONE', #7637 ) ;
#4439 = VERTEX_POINT ( 'NONE', #12354 ) ;
#4440 = CIRCLE ( 'NONE', #5497, 1.249999999999987121 ) ;
#4441 = DIRECTION ( 'NONE',  ( -1.000000000000000000, 6.705557021117060106E-18, 5.440889002481110112E-18 ) ) ;
#4442 = DIRECTION ( 'NONE',  ( 0.000000000000000000, 0.000000000000000000, -1.000000000000000000 ) ) ;
#4443 = DIRECTION ( 'NONE',  ( 1.000000000000000000, 0.000000000000000000, -6.123233995737139512E-17 ) ) ;
#4444 = EDGE_LOOP ( 'NONE', ( #4487, #6091, #2238, #6902 ) ) ;
#4445 = AXIS2_PLACEMENT_3D ( 'NONE', #8397, #11300, #6327 ) ;
#4446 = EDGE_LOOP ( 'NONE', ( #7253, #2713 ) ) ;
#4447 = DIRECTION ( 'NONE',  ( 1.000000000000000000, 3.061616997868539558E-17, -5.302876193624869840E-17 ) ) ;
#4448 = EDGE_CURVE ( 'NONE', #1656, #4641, #8619, .T. ) ;
#4449 = VECTOR ( 'NONE', #2359, 1000.000000000000000 ) ;
#4450 = DIRECTION ( 'NONE',  ( 0.5150380749100560429, 0.8571673007021111124, 8.222228984407219466E-14 ) ) ;
#4451 = ADVANCED_FACE ( 'NONE', ( #576, #7386 ), #9469, .F. ) ;
#4452 = DIRECTION ( 'NONE',  ( 1.000000000000000000, 0.000000000000000000, 0.000000000000000000 ) ) ;
#4453 = DIRECTION ( 'NONE',  ( 0.000000000000000000, -0.8314696123025479002, -0.5555702330195982919 ) ) ;
#4454 = DIRECTION ( 'NONE',  ( -4.112988807310475227E-18, -0.9238795325112871826, 0.3826834323650885605 ) ) ;
#4455 = CARTESIAN_POINT ( 'NONE',  ( -72.84391516214240880, -11.47040436681830045, 22.61066835946420284 ) ) ;
#4456 = EDGE_LOOP ( 'NONE', ( #8611, #3403 ) ) ;
#4457 = EDGE_CURVE ( 'NONE', #2414, #10885, #2671, .T. ) ;
#4458 = DIRECTION ( 'NONE',  ( -8.632079425444802531E-18, -0.7933533402912363863, -0.6087614290087192126 ) ) ;
#4459 = EDGE_CURVE ( 'NONE', #2558, #6884, #7453, .T. ) ;
#4460 = DIRECTION ( 'NONE',  ( 0.000000000000000000, 0.8314696123025483443, 0.5555702330195975147 ) ) ;
#4461 = ORIENTED_EDGE ( 'NONE', *, *, #10959, .T. ) ;
#4462 = DIRECTION ( 'NONE',  ( 0.000000000000000000, -1.000000000000000000, -9.592326932761361345E-14 ) ) ;
#4463 = DIRECTION ( 'NONE',  ( 0.000000000000000000, -0.9238795325112874046, 0.3826834323650882275 ) ) ;
#4464 = ORIENTED_EDGE ( 'NONE', *, *, #9051, .F. ) ;
#4465 = ORIENTED_EDGE ( 'NONE', *, *, #6081, .F. ) ;
#4466 = DIRECTION ( 'NONE',  ( 0.000000000000000000, -0.9238795325112872936, 0.3826834323650886160 ) ) ;
#4467 = EDGE_CURVE ( 'NONE', #4177, #3047, #8551, .T. ) ;
#4468 = FACE_OUTER_BOUND ( 'NONE', #9479, .T. ) ;
#4469 = DIRECTION ( 'NONE',  ( 0.000000000000000000, -0.9238795325112874046, 0.3826834323650882275 ) ) ;
#4470 = DIRECTION ( 'NONE',  ( -1.000000000000000000, 0.000000000000000000, 2.955341307462154992E-19 ) ) ;
#4471 = FACE_OUTER_BOUND ( 'NONE', #2170, .T. ) ;
#4472 = ORIENTED_EDGE ( 'NONE', *, *, #224, .T. ) ;
#4473 = PLANE ( 'NONE',  #8160 ) ;
#4474 = CARTESIAN_POINT ( 'NONE',  ( 6.600000000000989964, 23.53709939867835033, 21.25061421014340013 ) ) ;
#4475 = ADVANCED_FACE ( 'NONE', ( #6477, #10592 ), #1615, .F. ) ;
#4476 = ORIENTED_EDGE ( 'NONE', *, *, #7512, .T. ) ;
#4477 = CARTESIAN_POINT ( 'NONE',  ( -73.59999999999999432, 3.247294632335094633, -16.37719046283864799 ) ) ;
#4478 = DIRECTION ( 'NONE',  ( 1.000000000000000000, -6.322502648911709143E-17, 9.462293898829198836E-17 ) ) ;
#4479 = DIRECTION ( 'NONE',  ( 1.000000000000000000, -6.705557021117060106E-18, -5.440889002481110112E-18 ) ) ;
#4480 = CARTESIAN_POINT ( 'NONE',  ( 17.60000000000000142, -23.62482292200514777, -23.05922919447454689 ) ) ;
#4481 = ORIENTED_EDGE ( 'NONE', *, *, #1967, .F. ) ;
#4482 = DIRECTION ( 'NONE',  ( 1.000000000000000000, -2.003086131649719993E-16, 1.156482317318063517E-16 ) ) ;
#4483 = ORIENTED_EDGE ( 'NONE', *, *, #1154, .T. ) ;
#4484 = VECTOR ( 'NONE', #4889, 999.9999999999998863 ) ;
#4485 = DIRECTION ( 'NONE',  ( 0.000000000000000000, -0.9238795325112788559, 0.3826834323651088221 ) ) ;
#4486 = EDGE_LOOP ( 'NONE', ( #10214, #187, #3135, #10742 ) ) ;
#4487 = ORIENTED_EDGE ( 'NONE', *, *, #4349, .F. ) ;
#4488 = EDGE_CURVE ( 'NONE', #9055, #6562, #506, .T. ) ;
#4489 = VERTEX_POINT ( 'NONE', #1418 ) ;
#4490 = DIRECTION ( 'NONE',  ( 1.000000000000000000, -6.322502648911709143E-17, 9.462293898829198836E-17 ) ) ;
#4491 = EDGE_CURVE ( 'NONE', #3456, #6830, #1677, .T. ) ;
#4492 = ORIENTED_EDGE ( 'NONE', *, *, #1083, .T. ) ;
#4493 = ORIENTED_EDGE ( 'NONE', *, *, #9558, .T. ) ;
#4494 = CARTESIAN_POINT ( 'NONE',  ( -78.79999999999999716, -8.433800293437398565, 5.116982764326550637 ) ) ;
#4495 = ORIENTED_EDGE ( 'NONE', *, *, #10118, .T. ) ;
#4496 = LINE ( 'NONE', #3256, #6507 ) ;
#4497 = VECTOR ( 'NONE', #6013, 1000.000000000000000 ) ;
#4498 = VERTEX_POINT ( 'NONE', #8422 ) ;
#4499 = VECTOR ( 'NONE', #4469, 999.9999999999998863 ) ;
#4500 = ORIENTED_EDGE ( 'NONE', *, *, #8119, .T. ) ;
#4501 = CARTESIAN_POINT ( 'NONE',  ( 5.599999999999999645, -36.80607966083859850, 19.65000000000030056 ) ) ;
#4502 = VECTOR ( 'NONE', #5793, 1000.000000000000000 ) ;
#4503 = CARTESIAN_POINT ( 'NONE',  ( -78.79999999999999716, -18.93836387216359896, -11.09733634011009862 ) ) ;
#4504 = AXIS2_PLACEMENT_3D ( 'NONE', #10559, #1591, #735 ) ;
#4505 = EDGE_CURVE ( 'NONE', #6569, #243, #12541, .T. ) ;
#4506 = CIRCLE ( 'NONE', #7840, 1.850000000000001865 ) ;
#4507 = DIRECTION ( 'NONE',  ( -1.000000000000000000, 0.000000000000000000, 0.000000000000000000 ) ) ;
#4508 = EDGE_LOOP ( 'NONE', ( #2310, #11909, #6940, #2038 ) ) ;
#4509 = AXIS2_PLACEMENT_3D ( 'NONE', #10721, #8018, #10850 ) ;
#4510 = ADVANCED_FACE ( 'NONE', ( #5692 ), #386, .F. ) ;
#4511 = CIRCLE ( 'NONE', #6394, 1.599999999999997202 ) ;
#4512 = VERTEX_POINT ( 'NONE', #4381 ) ;
#4513 = DIRECTION ( 'NONE',  ( 0.000000000000000000, -0.9238795325112868495, 0.3826834323650896152 ) ) ;
#4514 = FACE_BOUND ( 'NONE', #12448, .T. ) ;
#4515 = VECTOR ( 'NONE', #5300, 1000.000000000000000 ) ;
#4516 = CIRCLE ( 'NONE', #9727, 0.2999999999999999889 ) ;
#4517 = DIRECTION ( 'NONE',  ( 0.000000000000000000, -0.9238795325112874046, 0.3826834323650882275 ) ) ;
#4518 = EDGE_CURVE ( 'NONE', #3008, #9989, #634, .T. ) ;
#4519 = DIRECTION ( 'NONE',  ( 1.000000000000000000, 0.000000000000000000, 0.000000000000000000 ) ) ;
#4520 = CIRCLE ( 'NONE', #5359, 1.750000000000001110 ) ;
#4521 = DIRECTION ( 'NONE',  ( 0.000000000000000000, 0.9238795325112874046, -0.3826834323650882275 ) ) ;
#4522 = ORIENTED_EDGE ( 'NONE', *, *, #3541, .T. ) ;
#4523 = AXIS2_PLACEMENT_3D ( 'NONE', #9225, #7273, #11279 ) ;
#4524 = DIRECTION ( 'NONE',  ( -4.112988807310479849E-18, -0.9238795325112876267, 0.3826834323650878389 ) ) ;
#4525 = FACE_OUTER_BOUND ( 'NONE', #3381, .T. ) ;
#4526 = EDGE_CURVE ( 'NONE', #8667, #2866, #11311, .T. ) ;
#4527 = CIRCLE ( 'NONE', #7863, 1.249999999999987121 ) ;
#4528 = AXIS2_PLACEMENT_3D ( 'NONE', #626, #11568, #2591 ) ;
#4529 = ORIENTED_EDGE ( 'NONE', *, *, #6909, .F. ) ;
#4530 = VECTOR ( 'NONE', #6718, 1000.000000000000000 ) ;
#4531 = CARTESIAN_POINT ( 'NONE',  ( -59.50000000000000000, -13.40140518607949893, -29.66807043893774676 ) ) ;
#4532 = CARTESIAN_POINT ( 'NONE',  ( -73.40000000000000568, 1.019234904488324013E-14, 5.266018448560029681E-15 ) ) ;
#4533 = ADVANCED_FACE ( 'NONE', ( #11512 ), #4638, .F. ) ;
#4534 = ORIENTED_EDGE ( 'NONE', *, *, #6549, .T. ) ;
#4535 = EDGE_LOOP ( 'NONE', ( #1124, #7832, #3368, #2014 ) ) ;
#4536 = DIRECTION ( 'NONE',  ( -6.705557021117060106E-18, -1.000000000000000000, 0.000000000000000000 ) ) ;
#4537 = EDGE_CURVE ( 'NONE', #4805, #1723, #8992, .T. ) ;
#4538 = DIRECTION ( 'NONE',  ( -1.000000000000000000, -3.477373515934200049E-33, 0.000000000000000000 ) ) ;
#4539 = LINE ( 'NONE', #2497, #1562 ) ;
#4540 = DIRECTION ( 'NONE',  ( 0.5150380749100560429, 0.8571673007021111124, 8.222228984407219466E-14 ) ) ;
#4541 = DIRECTION ( 'NONE',  ( 0.000000000000000000, 0.000000000000000000, -1.000000000000000000 ) ) ;
#4542 = EDGE_LOOP ( 'NONE', ( #9340, #1903, #7174 ) ) ;
#4543 = DIRECTION ( 'NONE',  ( 1.000000000000000000, -2.905650844594904641E-18, -7.014861676541880450E-18 ) ) ;
#4544 = DIRECTION ( 'NONE',  ( -1.000000000000000000, 0.000000000000000000, 0.000000000000000000 ) ) ;
#4545 = AXIS2_PLACEMENT_3D ( 'NONE', #9003, #9994, #11114 ) ;
#4546 = EDGE_LOOP ( 'NONE', ( #462, #4102, #9360, #11698 ) ) ;
#4547 = DIRECTION ( 'NONE',  ( -1.000000000000000000, 1.001543065824886127E-16, 5.782411586589632261E-17 ) ) ;
#4548 = EDGE_CURVE ( 'NONE', #10594, #6428, #3452, .T. ) ;
#4549 = CARTESIAN_POINT ( 'NONE',  ( 17.54641016151375155, -1.538218782761100023, 29.97219506891200069 ) ) ;
#4550 = DIRECTION ( 'NONE',  ( 0.000000000000000000, -0.9238795325112905132, 0.3826834323650807335 ) ) ;
#4551 = CARTESIAN_POINT ( 'NONE',  ( 6.600000000000989964, 1.616789181895544880, 30.33030399336105276 ) ) ;
#4552 = ORIENTED_EDGE ( 'NONE', *, *, #12430, .T. ) ;
#4553 = AXIS2_PLACEMENT_3D ( 'NONE', #8729, #8856, #11755 ) ;
#4554 = DIRECTION ( 'NONE',  ( -1.000000000000000000, 0.000000000000000000, 0.000000000000000000 ) ) ;
#4555 = ORIENTED_EDGE ( 'NONE', *, *, #7961, .F. ) ;
#4556 = EDGE_CURVE ( 'NONE', #12793, #2652, #11720, .T. ) ;
#4557 = ORIENTED_EDGE ( 'NONE', *, *, #8795, .T. ) ;
#4558 = DIRECTION ( 'NONE',  ( 1.000000000000000000, 0.000000000000000000, 0.000000000000000000 ) ) ;
#4559 = ORIENTED_EDGE ( 'NONE', *, *, #7912, .T. ) ;
#4560 = EDGE_LOOP ( 'NONE', ( #6976, #1746, #6795, #4768 ) ) ;
#4561 = CIRCLE ( 'NONE', #583, 1.000000000000000000 ) ;
#4562 = CARTESIAN_POINT ( 'NONE',  ( -73.59999999999999432, -11.54169503784721940, 1.533550016573385077 ) ) ;
#4563 = ORIENTED_EDGE ( 'NONE', *, *, #11636, .F. ) ;
#4564 = VERTEX_POINT ( 'NONE', #9539 ) ;
#4565 = CARTESIAN_POINT ( 'NONE',  ( -73.59999999999999432, 1.049419181516655842E-14, 5.142634763737189527E-15 ) ) ;
#4566 = ORIENTED_EDGE ( 'NONE', *, *, #4518, .T. ) ;
#4567 = DIRECTION ( 'NONE',  ( 0.000000000000000000, -0.9238795325112789669, 0.3826834323651084890 ) ) ;
#4568 = ORIENTED_EDGE ( 'NONE', *, *, #6373, .F. ) ;
#4569 = VERTEX_POINT ( 'NONE', #11836 ) ;
#4570 = AXIS2_PLACEMENT_3D ( 'NONE', #1985, #24, #1063 ) ;
#4571 = CARTESIAN_POINT ( 'NONE',  ( -73.59999999999999432, -18.01448433965229867, -11.48001977247520067 ) ) ;
#4572 = CARTESIAN_POINT ( 'NONE',  ( 17.54641016151380128, 21.92031021678129932, -21.92031021678479874 ) ) ;
#4573 = EDGE_CURVE ( 'NONE', #2558, #8946, #430, .T. ) ;
#4574 = DIRECTION ( 'NONE',  ( 0.000000000000000000, 0.000000000000000000, 1.000000000000000000 ) ) ;
#4575 = ORIENTED_EDGE ( 'NONE', *, *, #1979, .F. ) ;
#4576 = VECTOR ( 'NONE', #3592, 1000.000000000000000 ) ;
#4577 = ORIENTED_EDGE ( 'NONE', *, *, #9181, .T. ) ;
#4578 = DIRECTION ( 'NONE',  ( -2.170249086492574502E-18, 0.4146932426562394691, -0.9099612708765428826 ) ) ;
#4579 = DIRECTION ( 'NONE',  ( 0.000000000000000000, 0.8314696123025488994, 0.5555702330195969596 ) ) ;
#4580 = FACE_OUTER_BOUND ( 'NONE', #1480, .T. ) ;
#4581 = DIRECTION ( 'NONE',  ( 1.000000000000000000, -6.322502648911709143E-17, 9.462293898829198836E-17 ) ) ;
#4582 = CARTESIAN_POINT ( 'NONE',  ( -73.29999999999999716, 10.31237755099519937, -13.10333427970704001 ) ) ;
#4583 = ORIENTED_EDGE ( 'NONE', *, *, #3488, .T. ) ;
#4584 = EDGE_CURVE ( 'NONE', #7050, #209, #11704, .T. ) ;
#4585 = DIRECTION ( 'NONE',  ( -1.000000000000000000, 0.000000000000000000, 0.000000000000000000 ) ) ;
#4586 = DIRECTION ( 'NONE',  ( 0.000000000000000000, -0.9238795325112874046, 0.3826834323650882275 ) ) ;
#4587 = EDGE_CURVE ( 'NONE', #9702, #3794, #4975, .T. ) ;
#4588 = ORIENTED_EDGE ( 'NONE', *, *, #10654, .T. ) ;
#4589 = CARTESIAN_POINT ( 'NONE',  ( 6.599999999999999645, -3.301963206785260407E-12, 34.42296358256754729 ) ) ;
#4590 = CARTESIAN_POINT ( 'NONE',  ( 17.60000000000000142, 30.99999999999844746, -2.051187828531464886E-12 ) ) ;
#4591 = DIRECTION ( 'NONE',  ( 1.000000000000000000, 0.000000000000000000, 0.000000000000000000 ) ) ;
#4592 = ORIENTED_EDGE ( 'NONE', *, *, #7329, .F. ) ;
#4593 = DIRECTION ( 'NONE',  ( 0.000000000000000000, 0.8314696123025475671, 0.5555702330195986249 ) ) ;
#4594 = CARTESIAN_POINT ( 'NONE',  ( 5.599999999999999645, 21.25000000000045119, 36.80607966083839955 ) ) ;
#4595 = CYLINDRICAL_SURFACE ( 'NONE', #971, 1.599999999999997202 ) ;
#4596 = CARTESIAN_POINT ( 'NONE',  ( -73.59999999999999432, -6.137699699246859986, 10.66025995939425997 ) ) ;
#4597 = CARTESIAN_POINT ( 'NONE',  ( -73.59999999999999432, -17.56051023625829899, 10.52097810292690028 ) ) ;
#4598 = ORIENTED_EDGE ( 'NONE', *, *, #5100, .T. ) ;
#4599 = CARTESIAN_POINT ( 'NONE',  ( 13.59999999999999787, -29.01828946936050357, -19.38940113238570717 ) ) ;
#4600 = DIRECTION ( 'NONE',  ( 0.000000000000000000, 1.000000000000000000, 9.714451465470232062E-14 ) ) ;
#4601 = ORIENTED_EDGE ( 'NONE', *, *, #11356, .F. ) ;
#4602 = CARTESIAN_POINT ( 'NONE',  ( 5.599999999999999645, -36.80607966083844929, 21.25000000000029843 ) ) ;
#4603 = ADVANCED_FACE ( 'NONE', ( #2862 ), #10722, .F. ) ;
#4604 = LINE ( 'NONE', #2384, #8404 ) ;
#4605 = DIRECTION ( 'NONE',  ( 1.000000000000000000, 0.000000000000000000, 0.000000000000000000 ) ) ;
#4606 = ADVANCED_FACE ( 'NONE', ( #1943 ), #7957, .F. ) ;
#4607 = CARTESIAN_POINT ( 'NONE',  ( -72.84391516214240880, 11.04310757750882033, 13.28526637547527933 ) ) ;
#4608 = VECTOR ( 'NONE', #9761, 1000.000000000000227 ) ;
#4609 = CYLINDRICAL_SURFACE ( 'NONE', #3976, 1.750000000000001110 ) ;
#4610 = ORIENTED_EDGE ( 'NONE', *, *, #5971, .F. ) ;
#4611 = VECTOR ( 'NONE', #5114, 1000.000000000000000 ) ;
#4612 = CARTESIAN_POINT ( 'NONE',  ( -72.84391516214240880, -11.54169503784721940, 1.533550016573385077 ) ) ;
#4613 = ORIENTED_EDGE ( 'NONE', *, *, #10500, .T. ) ;
#4614 = EDGE_CURVE ( 'NONE', #3498, #1528, #1819, .T. ) ;
#4615 = AXIS2_PLACEMENT_3D ( 'NONE', #7256, #1412, #251 ) ;
#4616 = EDGE_CURVE ( 'NONE', #11590, #2392, #1744, .T. ) ;
#4617 = ORIENTED_EDGE ( 'NONE', *, *, #3761, .T. ) ;
#4618 = ADVANCED_FACE ( 'NONE', ( #1874 ), #9729, .F. ) ;
#4619 = DIRECTION ( 'NONE',  ( 0.000000000000000000, 0.8314696123025479002, 0.5555702330195982919 ) ) ;
#4620 = EDGE_LOOP ( 'NONE', ( #8388, #2271, #3040, #1015 ) ) ;
#4621 = ORIENTED_EDGE ( 'NONE', *, *, #9920, .T. ) ;
#4622 = CIRCLE ( 'NONE', #2111, 45.00000000000000000 ) ;
#4623 = LINE ( 'NONE', #5864, #4100 ) ;
#4624 = VECTOR ( 'NONE', #824, 1000.000000000000000 ) ;
#4625 = VERTEX_POINT ( 'NONE', #3776 ) ;
#4626 = ORIENTED_EDGE ( 'NONE', *, *, #7964, .T. ) ;
#4627 = LINE ( 'NONE', #1607, #961 ) ;
#4628 = ORIENTED_EDGE ( 'NONE', *, *, #6331, .F. ) ;
#4629 = DIRECTION ( 'NONE',  ( 1.000000000000000000, 0.000000000000000000, 0.000000000000000000 ) ) ;
#4630 = EDGE_CURVE ( 'NONE', #3057, #3050, #6987, .T. ) ;
#4631 = VERTEX_POINT ( 'NONE', #3714 ) ;
#4632 = VERTEX_POINT ( 'NONE', #9921 ) ;
#4633 = CYLINDRICAL_SURFACE ( 'NONE', #9377, 1.000000000000000000 ) ;
#4634 = AXIS2_PLACEMENT_3D ( 'NONE', #10325, #814, #4442 ) ;
#4635 = DIRECTION ( 'NONE',  ( 0.000000000000000000, -0.8314696123025481223, -0.5555702330195979588 ) ) ;
#4636 = CONICAL_SURFACE ( 'NONE', #12573, 1.850000000000000311, 1.308996938995761861 ) ;
#4637 = AXIS2_PLACEMENT_3D ( 'NONE', #9637, #10499, #5797 ) ;
#4638 = CYLINDRICAL_SURFACE ( 'NONE', #5667, 1.000000000000000000 ) ;
#4639 = VERTEX_POINT ( 'NONE', #766 ) ;
#4640 = EDGE_CURVE ( 'NONE', #495, #1343, #2035, .T. ) ;
#4641 = VERTEX_POINT ( 'NONE', #11898 ) ;
#4642 = CARTESIAN_POINT ( 'NONE',  ( 14.10000000000099973, -28.64026550784960179, 11.86318640331847796 ) ) ;
#4643 = VECTOR ( 'NONE', #12262, 999.9999999999998863 ) ;
#4644 = DIRECTION ( 'NONE',  ( 0.000000000000000000, -0.3826834323650878389, -0.9238795325112876267 ) ) ;
#4645 = AXIS2_PLACEMENT_3D ( 'NONE', #4855, #6745, #3988 ) ;
#4646 = AXIS2_PLACEMENT_3D ( 'NONE', #9032, #8045, #7859 ) ;
#4647 = CARTESIAN_POINT ( 'NONE',  ( -43.91208468574655654, 5.475651139360492882E-15, 44.71208468574653949 ) ) ;
#4648 = DIRECTION ( 'NONE',  ( 0.000000000000000000, -0.9238795325112789669, 0.3826834323651084890 ) ) ;
#4649 = CARTESIAN_POINT ( 'NONE',  ( -72.84391516214240880, -17.63180090728720018, -10.55614023996390038 ) ) ;
#4650 = EDGE_LOOP ( 'NONE', ( #12842, #2589, #5924, #12412 ) ) ;
#4651 = DIRECTION ( 'NONE',  ( -1.000000000000000000, 0.000000000000000000, 0.000000000000000000 ) ) ;
#4652 = TOROIDAL_SURFACE ( 'NONE', #10277, 34.70000000000000284, 0.2000000000000000111 ) ;
#4653 = DIRECTION ( 'NONE',  ( 1.000000000000000000, 5.302876193624849502E-17, 3.061616997868539558E-17 ) ) ;
#4654 = ORIENTED_EDGE ( 'NONE', *, *, #3967, .F. ) ;
#4655 = CIRCLE ( 'NONE', #3609, 0.3000000000000009326 ) ;
#4656 = DIRECTION ( 'NONE',  ( 0.5150380749100560429, 0.8571673007021111124, 8.222228984407219466E-14 ) ) ;
#4657 = DIRECTION ( 'NONE',  ( 0.000000000000000000, 1.000000000000000000, 9.575673587392073611E-14 ) ) ;
#4658 = EDGE_CURVE ( 'NONE', #7482, #4121, #5880, .T. ) ;
#4659 = DIRECTION ( 'NONE',  ( -1.000000000000000000, 6.705557021117060106E-18, 5.440889002481110112E-18 ) ) ;
#4660 = ORIENTED_EDGE ( 'NONE', *, *, #11979, .T. ) ;
#4661 = CYLINDRICAL_SURFACE ( 'NONE', #4753, 1.850000000000000311 ) ;
#4662 = VECTOR ( 'NONE', #3157, 999.9999999999998863 ) ;
#4663 = DIRECTION ( 'NONE',  ( 1.000000000000000000, -1.067925513466054003E-16, 6.551204957150059656E-17 ) ) ;
#4664 = DIRECTION ( 'NONE',  ( 0.000000000000000000, -0.9238795325112789669, 0.3826834323651084890 ) ) ;
#4665 = EDGE_CURVE ( 'NONE', #5286, #5909, #7826, .T. ) ;
#4666 = CARTESIAN_POINT ( 'NONE',  ( -63.60000000000000142, 18.28119245955440064, -21.26462748170139960 ) ) ;
#4667 = FACE_BOUND ( 'NONE', #313, .T. ) ;
#4668 = ORIENTED_EDGE ( 'NONE', *, *, #768, .F. ) ;
#4669 = DIRECTION ( 'NONE',  ( 0.000000000000000000, -0.9238795325112789669, 0.3826834323651084890 ) ) ;
#4670 = FACE_OUTER_BOUND ( 'NONE', #12419, .T. ) ;
#4671 = ORIENTED_EDGE ( 'NONE', *, *, #1536, .T. ) ;
#4672 = ADVANCED_FACE ( 'NONE', ( #5819 ), #699, .F. ) ;
#4673 = CYLINDRICAL_SURFACE ( 'NONE', #11819, 0.2999999999999999889 ) ;
#4674 = CARTESIAN_POINT ( 'NONE',  ( -78.79999999999999716, -14.39822254349770070, -11.89553225324170072 ) ) ;
#4675 = CARTESIAN_POINT ( 'NONE',  ( -78.79999999999999716, -4.653393255275640072, 18.16338160177654970 ) ) ;
#4676 = CARTESIAN_POINT ( 'NONE',  ( -72.84391516214240880, -8.236826003028799192, 21.27127634618639718 ) ) ;
#4677 = DIRECTION ( 'NONE',  ( 0.000000000000000000, 1.000000000000000000, 0.000000000000000000 ) ) ;
#4678 = VERTEX_POINT ( 'NONE', #12934 ) ;
#4679 = CARTESIAN_POINT ( 'NONE',  ( 17.54641016151380128, 30.17848429060815008, 12.89099133440203993 ) ) ;
#4680 = ORIENTED_EDGE ( 'NONE', *, *, #8123, .T. ) ;
#4681 = EDGE_CURVE ( 'NONE', #11950, #11993, #10980, .T. ) ;
#4682 = ORIENTED_EDGE ( 'NONE', *, *, #6597, .F. ) ;
#4683 = DIRECTION ( 'NONE',  ( 1.000000000000000000, -6.322502648911709143E-17, 9.462293898829198836E-17 ) ) ;
#4684 = VERTEX_POINT ( 'NONE', #9666 ) ;
#4685 = ADVANCED_FACE ( 'NONE', ( #4904 ), #9129, .T. ) ;
#4686 = ORIENTED_EDGE ( 'NONE', *, *, #5224, .F. ) ;
#4687 = DIRECTION ( 'NONE',  ( 1.000000000000000000, 0.000000000000000000, 0.000000000000000000 ) ) ;
#4688 = VERTEX_POINT ( 'NONE', #11770 ) ;
#4689 = ORIENTED_EDGE ( 'NONE', *, *, #4953, .F. ) ;
#4690 = DIRECTION ( 'NONE',  ( 0.000000000000000000, -0.8660254037844397068, -0.4999999999999982792 ) ) ;
#4691 = EDGE_LOOP ( 'NONE', ( #7513, #9782, #10318, #10021 ) ) ;
#4692 = EDGE_CURVE ( 'NONE', #7239, #555, #1816, .T. ) ;
#4693 = LINE ( 'NONE', #3768, #11939 ) ;
#4694 = DIRECTION ( 'NONE',  ( 0.000000000000000000, -0.9238795325112788559, 0.3826834323651086556 ) ) ;
#4695 = ADVANCED_FACE ( 'NONE', ( #7302 ), #7055, .F. ) ;
#4696 = VERTEX_POINT ( 'NONE', #11057 ) ;
#4697 = CARTESIAN_POINT ( 'NONE',  ( -73.29999999999999716, 20.28539036221729930, -12.54205958187879943 ) ) ;
#4698 = PLANE ( 'NONE',  #9322 ) ;
#4699 = DIRECTION ( 'NONE',  ( 1.000000000000000000, 0.000000000000000000, 0.000000000000000000 ) ) ;
#4700 = ORIENTED_EDGE ( 'NONE', *, *, #10637, .T. ) ;
#4701 = ORIENTED_EDGE ( 'NONE', *, *, #10505, .T. ) ;
#4702 = DIRECTION ( 'NONE',  ( 7.592831564818948166E-18, 0.3826834323650878389, 0.9238795325112876267 ) ) ;
#4703 = CONICAL_SURFACE ( 'NONE', #7004, 1.249999999999986011, 1.029744258676652313 ) ;
#4704 = CARTESIAN_POINT ( 'NONE',  ( -14.90000000000000036, 36.80607966083874771, 21.25000000000000000 ) ) ;
#4705 = AXIS2_PLACEMENT_3D ( 'NONE', #263, #10134, #2156 ) ;
#4706 = DIRECTION ( 'NONE',  ( 1.000000000000000000, 0.000000000000000000, 0.000000000000000000 ) ) ;
#4707 = CARTESIAN_POINT ( 'NONE',  ( -11.90000000000000036, -1.502739677805258186E-14, 44.60000000000000142 ) ) ;
#4708 = AXIS2_PLACEMENT_3D ( 'NONE', #3816, #6641, #3747 ) ;
#4709 = VECTOR ( 'NONE', #11680, 1000.000000000000000 ) ;
#4710 = VECTOR ( 'NONE', #7516, 1000.000000000000000 ) ;
#4711 = DIRECTION ( 'NONE',  ( 0.000000000000000000, 1.000000000000000000, 9.575673587392073611E-14 ) ) ;
#4712 = VERTEX_POINT ( 'NONE', #4036 ) ;
#4713 = FACE_OUTER_BOUND ( 'NONE', #102, .T. ) ;
#4714 = VECTOR ( 'NONE', #7178, 1000.000000000000000 ) ;
#4715 = CONICAL_SURFACE ( 'NONE', #6189, 1.849999999999998979, 1.308996938995734549 ) ;
#4716 = CARTESIAN_POINT ( 'NONE',  ( 14.10000000000099973, 30.25705468974424051, -12.53288240995762060 ) ) ;
#4717 = ORIENTED_EDGE ( 'NONE', *, *, #8631, .F. ) ;
#4718 = ADVANCED_FACE ( 'NONE', ( #101 ), #9064, .F. ) ;
#4719 = CYLINDRICAL_SURFACE ( 'NONE', #9353, 1.850000000000001865 ) ;
#4720 = CARTESIAN_POINT ( 'NONE',  ( -73.29999999999999716, 13.36381065805495894, -19.07566682178304873 ) ) ;
#4721 = AXIS2_PLACEMENT_3D ( 'NONE', #9141, #4109, #3190 ) ;
#4722 = CIRCLE ( 'NONE', #12033, 44.71208468574654660 ) ;
#4723 = AXIS2_PLACEMENT_3D ( 'NONE', #10812, #11860, #6691 ) ;
#4724 = CARTESIAN_POINT ( 'NONE',  ( 6.599999999999999645, -3.301963206785260407E-12, 34.42296358256754729 ) ) ;
#4725 = ORIENTED_EDGE ( 'NONE', *, *, #10112, .F. ) ;
#4726 = LINE ( 'NONE', #5714, #12060 ) ;
#4727 = VECTOR ( 'NONE', #5326, 1000.000000000000114 ) ;
#4728 = DIRECTION ( 'NONE',  ( 1.000000000000000000, -6.322502648911719004E-17, 9.462293898829198836E-17 ) ) ;
#4729 = DIRECTION ( 'NONE',  ( 1.000000000000000000, 0.000000000000000000, 0.000000000000000000 ) ) ;
#4730 = DIRECTION ( 'NONE',  ( 1.000000000000000000, -2.905650844594909648E-18, -7.014861676541880450E-18 ) ) ;
#4731 = ADVANCED_FACE ( 'NONE', ( #3240 ), #5292, .F. ) ;
#4732 = CARTESIAN_POINT ( 'NONE',  ( -78.79999999999999716, -20.32418317093049964, -10.52331119156246153 ) ) ;
#4733 = ORIENTED_EDGE ( 'NONE', *, *, #4616, .F. ) ;
#4734 = VECTOR ( 'NONE', #8251, 1000.000000000000000 ) ;
#4735 = AXIS2_PLACEMENT_3D ( 'NONE', #10842, #3964, #4690 ) ;
#4736 = DIRECTION ( 'NONE',  ( 0.000000000000000000, 0.000000000000000000, 1.000000000000000000 ) ) ;
#4737 = CIRCLE ( 'NONE', #5369, 1.249999999999999334 ) ;
#4738 = ADVANCED_FACE ( 'NONE', ( #4163 ), #4229, .F. ) ;
#4739 = LINE ( 'NONE', #3490, #6717 ) ;
#4740 = EDGE_CURVE ( 'NONE', #2961, #11808, #8715, .T. ) ;
#4741 = CIRCLE ( 'NONE', #5757, 0.9999999999999991118 ) ;
#4742 = EDGE_LOOP ( 'NONE', ( #4170, #9736, #12485, #4559 ) ) ;
#4743 = DIRECTION ( 'NONE',  ( 0.000000000000000000, 0.8314696123025481223, 0.5555702330195977368 ) ) ;
#4744 = AXIS2_PLACEMENT_3D ( 'NONE', #2814, #7664, #12627 ) ;
#4745 = CARTESIAN_POINT ( 'NONE',  ( 17.54641016151380128, 20.38209143402159640, -22.94811514787109985 ) ) ;
#4746 = DIRECTION ( 'NONE',  ( 1.000000000000000000, 0.000000000000000000, 0.000000000000000000 ) ) ;
#4747 = CARTESIAN_POINT ( 'NONE',  ( -73.29999999999999716, 19.67662893320859752, -11.74870624158758048 ) ) ;
#4748 = ADVANCED_BREP_SHAPE_REPRESENTATION ( 'WHG60\X2\51738282\X0\-\X2\5bf959166a21578b\X0\', ( #6870, #1182 ), #7257 ) ;
#4749 = CARTESIAN_POINT ( 'NONE',  ( 17.54641016151380128, 21.92031021678129932, -21.92031021678479874 ) ) ;
#4750 = ORIENTED_EDGE ( 'NONE', *, *, #931, .T. ) ;
#4751 = CARTESIAN_POINT ( 'NONE',  ( -72.84391516214240880, -0.8457897429385049515, 18.20980888726569802 ) ) ;
#4752 = ORIENTED_EDGE ( 'NONE', *, *, #8647, .T. ) ;
#4753 = AXIS2_PLACEMENT_3D ( 'NONE', #1704, #11596, #6629 ) ;
#4754 = DIRECTION ( 'NONE',  ( -4.112988807310478308E-18, -0.9238795325112874046, 0.3826834323650881720 ) ) ;
#4755 = CONICAL_SURFACE ( 'NONE', #3278, 44.69999999999999574, 0.7853981633974136400 ) ;
#4756 = ORIENTED_EDGE ( 'NONE', *, *, #3729, .T. ) ;
#4757 = CARTESIAN_POINT ( 'NONE',  ( 17.54641016151380128, 28.64026550784845071, 11.86318640331580099 ) ) ;
#4758 = EDGE_LOOP ( 'NONE', ( #10936, #4465, #11894, #10581 ) ) ;
#4759 = EDGE_CURVE ( 'NONE', #11736, #11885, #5178, .T. ) ;
#4760 = LINE ( 'NONE', #7753, #6001 ) ;
#4761 = ORIENTED_EDGE ( 'NONE', *, *, #9720, .T. ) ;
#4762 = VERTEX_POINT ( 'NONE', #1274 ) ;
#4763 = CARTESIAN_POINT ( 'NONE',  ( -73.59999999999999432, 20.28539036221729930, -12.54205958187879943 ) ) ;
#4764 = ORIENTED_EDGE ( 'NONE', *, *, #10953, .T. ) ;
#4765 = VECTOR ( 'NONE', #2008, 1000.000000000000000 ) ;
#4766 = DIRECTION ( 'NONE',  ( 0.000000000000000000, 0.3826834323650878389, 0.9238795325112876267 ) ) ;
#4767 =( NAMED_UNIT ( * ) SI_UNIT ( $, .STERADIAN. ) SOLID_ANGLE_UNIT ( ) );
#4768 = ORIENTED_EDGE ( 'NONE', *, *, #4043, .F. ) ;
#4769 = DIRECTION ( 'NONE',  ( 0.000000000000000000, 0.000000000000000000, 1.000000000000000000 ) ) ;
#4770 = CARTESIAN_POINT ( 'NONE',  ( -59.50000000000000000, -10.32496762056006112, -27.61246057676520138 ) ) ;
#4771 = CIRCLE ( 'NONE', #2462, 1.849999999999998979 ) ;
#4772 = DIRECTION ( 'NONE',  ( 1.000000000000000000, -6.322502648911709143E-17, 9.462293898829198836E-17 ) ) ;
#4773 = VERTEX_POINT ( 'NONE', #7179 ) ;
#4774 = VERTEX_POINT ( 'NONE', #11308 ) ;
#4775 = ORIENTED_EDGE ( 'NONE', *, *, #3150, .T. ) ;
#4776 = DIRECTION ( 'NONE',  ( 1.000000000000000000, 0.000000000000000000, 0.000000000000000000 ) ) ;
#4777 = ORIENTED_EDGE ( 'NONE', *, *, #6081, .T. ) ;
#4778 = DIRECTION ( 'NONE',  ( 0.000000000000000000, 1.000000000000000000, 0.000000000000000000 ) ) ;
#4779 = VECTOR ( 'NONE', #7300, 1000.000000000000000 ) ;
#4780 = DIRECTION ( 'NONE',  ( 0.000000000000000000, 1.000000000000000000, 9.714451465470228276E-14 ) ) ;
#4781 = AXIS2_PLACEMENT_3D ( 'NONE', #2809, #6948, #1038 ) ;
#4782 = EDGE_CURVE ( 'NONE', #3780, #3498, #6014, .T. ) ;
#4783 = FACE_OUTER_BOUND ( 'NONE', #8104, .T. ) ;
#4784 = FACE_OUTER_BOUND ( 'NONE', #4898, .T. ) ;
#4785 = ORIENTED_EDGE ( 'NONE', *, *, #1940, .F. ) ;
#4786 = CARTESIAN_POINT ( 'NONE',  ( -73.59999999999999432, -4.415624253603974481, 14.81771785569506150 ) ) ;
#4787 = EDGE_CURVE ( 'NONE', #11838, #8016, #11039, .T. ) ;
#4788 = CARTESIAN_POINT ( 'NONE',  ( 14.10000000000099973, -31.00000000000000000, 7.424616477180739413E-13 ) ) ;
#4789 = AXIS2_PLACEMENT_3D ( 'NONE', #6561, #7659, #10540 ) ;
#4790 = ADVANCED_FACE ( 'NONE', ( #8216 ), #10055, .F. ) ;
#4791 = ORIENTED_EDGE ( 'NONE', *, *, #6829, .F. ) ;
#4792 = ADVANCED_FACE ( 'NONE', ( #5161 ), #2195, .T. ) ;
#4793 = LINE ( 'NONE', #8764, #12490 ) ;
#4794 = CARTESIAN_POINT ( 'NONE',  ( -78.79999999999999716, -10.75709736180330189, 12.57367712121969916 ) ) ;
#4795 = EDGE_CURVE ( 'NONE', #7067, #565, #12018, .T. ) ;
#4796 = CARTESIAN_POINT ( 'NONE',  ( 14.10000000000099973, -10.32496762055948913, 29.66807043893450668 ) ) ;
#4797 = VERTEX_POINT ( 'NONE', #2266 ) ;
#4798 = FACE_OUTER_BOUND ( 'NONE', #12471, .T. ) ;
#4799 = CYLINDRICAL_SURFACE ( 'NONE', #5140, 45.00000000000000000 ) ;
#4800 = DIRECTION ( 'NONE',  ( 0.000000000000000000, 1.000000000000000000, 9.575673587392073611E-14 ) ) ;
#4801 = AXIS2_PLACEMENT_3D ( 'NONE', #10652, #9663, #696 ) ;
#4802 = DIRECTION ( 'NONE',  ( 1.000000000000000000, -1.984102504227365030E-17, 0.000000000000000000 ) ) ;
#4803 = EDGE_CURVE ( 'NONE', #2414, #3453, #6267, .T. ) ;
#4804 = CARTESIAN_POINT ( 'NONE',  ( 14.10000000000099973, -13.39392013277882043, -32.33578363789474963 ) ) ;
#4805 = VERTEX_POINT ( 'NONE', #6134 ) ;
#4806 = CARTESIAN_POINT ( 'NONE',  ( -72.84391516214240880, -12.81588398297859932, 7.603326538346020236 ) ) ;
#4807 = CARTESIAN_POINT ( 'NONE',  ( -73.40000000000000568, 1.019234904488324013E-14, 5.266018448560029681E-15 ) ) ;
#4808 = ORIENTED_EDGE ( 'NONE', *, *, #11496, .F. ) ;
#4809 = EDGE_CURVE ( 'NONE', #3710, #2779, #7877, .T. ) ;
#4810 = CYLINDRICAL_SURFACE ( 'NONE', #4708, 44.90000000000002700 ) ;
#4811 = VERTEX_POINT ( 'NONE', #1081 ) ;
#4812 = DIRECTION ( 'NONE',  ( 1.000000000000000000, 0.000000000000000000, 0.000000000000000000 ) ) ;
#4813 = FACE_OUTER_BOUND ( 'NONE', #8328, .T. ) ;
#4814 = CARTESIAN_POINT ( 'NONE',  ( -1.899999999999999911, 10.61318640331520058, 28.64026550785084879 ) ) ;
#4815 = CARTESIAN_POINT ( 'NONE',  ( -14.90000000000000036, 42.50000000000000000, -1.600000000000000089 ) ) ;
#4816 = DIRECTION ( 'NONE',  ( 1.000000000000000000, 0.000000000000000000, 0.000000000000000000 ) ) ;
#4817 = VERTEX_POINT ( 'NONE', #6208 ) ;
#4818 = CARTESIAN_POINT ( 'NONE',  ( -72.84391516214240880, 0.7106549036514320239, -11.65948100232948015 ) ) ;
#4819 = DIRECTION ( 'NONE',  ( -6.705557021117060106E-18, -1.000000000000000000, 0.000000000000000000 ) ) ;
#4820 = ORIENTED_EDGE ( 'NONE', *, *, #12800, .F. ) ;
#4821 = CARTESIAN_POINT ( 'NONE',  ( 17.54641016151380128, -20.38209143402514556, -20.89250528569815302 ) ) ;
#4822 = EDGE_LOOP ( 'NONE', ( #2382, #1269 ) ) ;
#4823 = DIRECTION ( 'NONE',  ( 0.000000000000000000, 1.000000000000000000, 9.592326932761342412E-14 ) ) ;
#4824 = EDGE_LOOP ( 'NONE', ( #12105, #10627, #244, #5603 ) ) ;
#4825 = EDGE_LOOP ( 'NONE', ( #6661, #4988, #4230, #11685 ) ) ;
#4826 = DIRECTION ( 'NONE',  ( -1.000000000000000000, 6.322502648911719004E-17, -9.462293898829198836E-17 ) ) ;
#4828 = ADVANCED_FACE ( 'NONE', ( #10180 ), #1211, .F. ) ;
#4827 = ORIENTED_EDGE ( 'NONE', *, *, #4844, .F. ) ;
#4829 = CARTESIAN_POINT ( 'NONE',  ( 14.09999999999999964, 27.10204672508869805, 10.83538147222952119 ) ) ;
#4830 = ORIENTED_EDGE ( 'NONE', *, *, #9815, .T. ) ;
#4831 = VECTOR ( 'NONE', #12779, 999.9999999999998863 ) ;
#4832 = ORIENTED_EDGE ( 'NONE', *, *, #11694, .T. ) ;
#4833 = EDGE_CURVE ( 'NONE', #757, #708, #11862, .T. ) ;
#4834 = DIRECTION ( 'NONE',  ( -1.000000000000000000, 6.322502648911719004E-17, -9.462293898829198836E-17 ) ) ;
#4835 = DIRECTION ( 'NONE',  ( 0.000000000000000000, 1.000000000000000000, 0.000000000000000000 ) ) ;
#4836 = AXIS2_PLACEMENT_3D ( 'NONE', #6045, #3943, #7924 ) ;
#4837 = VECTOR ( 'NONE', #6352, 1000.000000000000000 ) ;
#4838 = CARTESIAN_POINT ( 'NONE',  ( -78.79999999999999716, -20.32418317093049964, -10.52331119156246153 ) ) ;
#4839 = ORIENTED_EDGE ( 'NONE', *, *, #6163, .T. ) ;
#4840 = ORIENTED_EDGE ( 'NONE', *, *, #522, .F. ) ;
#4841 = CIRCLE ( 'NONE', #4615, 1.249999999999985567 ) ;
#4842 = ORIENTED_EDGE ( 'NONE', *, *, #5192, .T. ) ;
#4843 = DIRECTION ( 'NONE',  ( -1.000000000000000000, 6.705557021117060106E-18, 5.440889002481110112E-18 ) ) ;
#4844 = EDGE_CURVE ( 'NONE', #4010, #6172, #10507, .T. ) ;
#4845 = ORIENTED_EDGE ( 'NONE', *, *, #2098, .T. ) ;
#4846 = LINE ( 'NONE', #6931, #11611 ) ;
#4847 = AXIS2_PLACEMENT_3D ( 'NONE', #8822, #7712, #1756 ) ;
#4848 = CARTESIAN_POINT ( 'NONE',  ( 17.54641016151380128, 21.92031021678154801, 21.92031021678105063 ) ) ;
#4849 = AXIS2_PLACEMENT_3D ( 'NONE', #1447, #1387, #1258 ) ;
#4850 = DIRECTION ( 'NONE',  ( 1.000000000000000000, -6.322502648911719004E-17, 9.462293898829198836E-17 ) ) ;
#4851 = VECTOR ( 'NONE', #9446, 1000.000000000000000 ) ;
#4852 = DIRECTION ( 'NONE',  ( 0.000000000000000000, -0.9238795325112874046, 0.3826834323650882275 ) ) ;
#4853 = ORIENTED_EDGE ( 'NONE', *, *, #10112, .T. ) ;
#4854 = CARTESIAN_POINT ( 'NONE',  ( -63.29999999999998295, 44.90000000000001279, 1.470869933048162448E-13 ) ) ;
#4855 = CARTESIAN_POINT ( 'NONE',  ( -72.84391516214240880, -20.86537927107670143, -9.216748226686098278 ) ) ;
#4856 = ORIENTED_EDGE ( 'NONE', *, *, #10281, .T. ) ;
#4857 = EDGE_CURVE ( 'NONE', #8016, #402, #12526, .T. ) ;
#4858 = AXIS2_PLACEMENT_3D ( 'NONE', #6712, #11327, #446 ) ;
#4859 = LINE ( 'NONE', #7786, #12703 ) ;
#4860 = CIRCLE ( 'NONE', #12163, 1.249999999999987121 ) ;
#4861 = ADVANCED_FACE ( 'NONE', ( #12468 ), #10440, .F. ) ;
#4862 = CARTESIAN_POINT ( 'NONE',  ( 15.10000000000000142, -1.578535690194725013E-12, -1.742570829931520138E-12 ) ) ;
#4863 = VECTOR ( 'NONE', #7032, 1000.000000000000000 ) ;
#4864 = LINE ( 'NONE', #12692, #7082 ) ;
#4865 = ORIENTED_EDGE ( 'NONE', *, *, #12749, .T. ) ;
#4866 = DIRECTION ( 'NONE',  ( -1.000000000000000000, 0.000000000000000000, 0.000000000000000000 ) ) ;
#4867 = CARTESIAN_POINT ( 'NONE',  ( 17.60000000000000142, -1.578802671573090108E-12, -1.742407049807590194E-12 ) ) ;
#4868 = EDGE_CURVE ( 'NONE', #3084, #2796, #3626, .T. ) ;
#4869 = DIRECTION ( 'NONE',  ( 4.112988807310475997E-18, 0.9238795325112874046, -0.3826834323650881720 ) ) ;
#4870 = ADVANCED_FACE ( 'NONE', ( #2390 ), #5481, .F. ) ;
#4871 = DIRECTION ( 'NONE',  ( -8.632079425447158328E-18, -0.7933533402912379406, -0.6087614290087168811 ) ) ;
#4872 = ORIENTED_EDGE ( 'NONE', *, *, #10392, .T. ) ;
#4873 = DIRECTION ( 'NONE',  ( 1.000000000000000000, -1.001543065824859873E-16, 5.782411586590320049E-17 ) ) ;
#4874 = VECTOR ( 'NONE', #11481, 1000.000000000000227 ) ;
#4875 = DIRECTION ( 'NONE',  ( 1.000000000000000000, -2.905650844594899633E-18, -7.014861676541880450E-18 ) ) ;
#4876 = EDGE_LOOP ( 'NONE', ( #11250, #9893, #9267, #4952 ) ) ;
#4877 = EDGE_CURVE ( 'NONE', #12097, #10115, #12271, .T. ) ;
#4878 = CIRCLE ( 'NONE', #11963, 2.050000000000000711 ) ;
#4879 = DIRECTION ( 'NONE',  ( 0.000000000000000000, -0.9238795325112872936, 0.3826834323650885605 ) ) ;
#4880 = ORIENTED_EDGE ( 'NONE', *, *, #6272, .F. ) ;
#4881 = DIRECTION ( 'NONE',  ( 1.000000000000000000, -6.705557021117060106E-18, -5.440889002481110112E-18 ) ) ;
#4882 = CIRCLE ( 'NONE', #6967, 1.249999999999987121 ) ;
#4883 = PLANE ( 'NONE',  #471 ) ;
#4884 = CARTESIAN_POINT ( 'NONE',  ( 5.599999999999999645, 1.386510342950966816E-13, 44.10000000000000142 ) ) ;
#4885 = EDGE_CURVE ( 'NONE', #7482, #10995, #7058, .T. ) ;
#4886 = DIRECTION ( 'NONE',  ( 0.000000000000000000, 1.047444401652941111E-14, 1.000000000000000000 ) ) ;
#4887 = FACE_BOUND ( 'NONE', #11630, .T. ) ;
#4888 = ORIENTED_EDGE ( 'NONE', *, *, #8164, .T. ) ;
#4889 = DIRECTION ( 'NONE',  ( 0.000000000000000000, 0.6087614290087175473, -0.7933533402912376076 ) ) ;
#4890 = CARTESIAN_POINT ( 'NONE',  ( -72.84391516214240880, -18.01448433965229867, -11.48001977247520067 ) ) ;
#4891 = ORIENTED_EDGE ( 'NONE', *, *, #2026, .F. ) ;
#4892 = CARTESIAN_POINT ( 'NONE',  ( 14.10000000000099973, 11.86318640331682062, -28.64026550785030167 ) ) ;
#4893 = ORIENTED_EDGE ( 'NONE', *, *, #378, .T. ) ;
#4894 = DIRECTION ( 'NONE',  ( 7.592831564818957410E-18, 0.3826834323650886160, 0.9238795325112872936 ) ) ;
#4895 = ORIENTED_EDGE ( 'NONE', *, *, #8494, .F. ) ;
#4896 = VERTEX_POINT ( 'NONE', #9454 ) ;
#4897 = CARTESIAN_POINT ( 'NONE',  ( 14.10000000000099973, -21.92031021678345226, -21.92031021678255343 ) ) ;
#4898 = EDGE_LOOP ( 'NONE', ( #9667, #12729, #12718, #1729 ) ) ;
#4899 = CARTESIAN_POINT ( 'NONE',  ( -73.59999999999999432, -9.007825441985040982, 3.731163465559614867 ) ) ;
#4900 = ORIENTED_EDGE ( 'NONE', *, *, #9720, .F. ) ;
#4901 = CARTESIAN_POINT ( 'NONE',  ( -65.19999999999998863, -2.066205161904769999E-14, 1.491883645478428116E-14 ) ) ;
#4902 = LINE ( 'NONE', #896, #6393 ) ;
#4903 = EDGE_CURVE ( 'NONE', #1212, #7076, #490, .T. ) ;
#4904 = FACE_OUTER_BOUND ( 'NONE', #11563, .T. ) ;
#4905 = ORIENTED_EDGE ( 'NONE', *, *, #7592, .T. ) ;
#4906 = VERTEX_POINT ( 'NONE', #6523 ) ;
#4907 = ADVANCED_FACE ( 'NONE', ( #8604 ), #1334, .F. ) ;
#4908 = EDGE_LOOP ( 'NONE', ( #12087, #158, #2660, #7479 ) ) ;
#4909 = CARTESIAN_POINT ( 'NONE',  ( -73.29999999999999716, 9.402416280118661263, -13.51802752236330107 ) ) ;
#4910 = ORIENTED_EDGE ( 'NONE', *, *, #9283, .F. ) ;
#4911 = DIRECTION ( 'NONE',  ( -1.000000000000000000, 4.233019071658840745E-17, 4.233019071658604703E-17 ) ) ;
#4912 = CARTESIAN_POINT ( 'NONE',  ( -63.60000000000000142, 15.60460565449595194, -16.13375201303259843 ) ) ;
#4913 = FACE_OUTER_BOUND ( 'NONE', #321, .T. ) ;
#4914 = EDGE_CURVE ( 'NONE', #5227, #10986, #6639, .T. ) ;
#4915 = DIRECTION ( 'NONE',  ( 1.000000000000000000, -6.705557021117060106E-18, -5.440889002481110112E-18 ) ) ;
#4916 = ORIENTED_EDGE ( 'NONE', *, *, #6619, .T. ) ;
#4917 = CARTESIAN_POINT ( 'NONE',  ( -2.651075773784429934, -28.64026550784945258, -11.86318640331884033 ) ) ;
#4918 = EDGE_CURVE ( 'NONE', #9170, #11594, #10396, .T. ) ;
#4919 = DIRECTION ( 'NONE',  ( -1.000000000000000000, 1.159058001766241925E-16, -6.264279228234968532E-17 ) ) ;
#4920 = VERTEX_POINT ( 'NONE', #5609 ) ;
#4921 = DIRECTION ( 'NONE',  ( 1.000000000000000000, 0.000000000000000000, 0.000000000000000000 ) ) ;
#4922 = CIRCLE ( 'NONE', #12017, 4.500000000000001776 ) ;
#4923 = CYLINDRICAL_SURFACE ( 'NONE', #342, 44.90000000000000568 ) ;
#4924 = ADVANCED_FACE ( 'NONE', ( #4427 ), #1402, .F. ) ;
#4925 = VERTEX_POINT ( 'NONE', #12401 ) ;
#4926 = AXIS2_PLACEMENT_3D ( 'NONE', #3205, #9280, #11203 ) ;
#4927 = DIRECTION ( 'NONE',  ( -1.000000000000000000, 1.001543065824859873E-16, -5.782411586590320049E-17 ) ) ;
#4928 = DIRECTION ( 'NONE',  ( 0.000000000000000000, 0.000000000000000000, -1.000000000000000000 ) ) ;
#4929 = FACE_OUTER_BOUND ( 'NONE', #9470, .T. ) ;
#4930 = VECTOR ( 'NONE', #3970, 1000.000000000000000 ) ;
#4931 = FACE_OUTER_BOUND ( 'NONE', #1397, .T. ) ;
#4932 = ORIENTED_EDGE ( 'NONE', *, *, #4336, .T. ) ;
#4933 = VECTOR ( 'NONE', #67, 999.9999999999998863 ) ;
#4934 = EDGE_CURVE ( 'NONE', #4165, #6104, #9586, .T. ) ;
#4935 = CARTESIAN_POINT ( 'NONE',  ( 14.09999999999999964, -1.538218782761704873, -32.02780493108799931 ) ) ;
#4936 = DIRECTION ( 'NONE',  ( -7.592831564818948166E-18, -0.3826834323650878389, -0.9238795325112876267 ) ) ;
#4937 = VECTOR ( 'NONE', #3848, 1000.000000000000000 ) ;
#4938 = AXIS2_PLACEMENT_3D ( 'NONE', #6644, #11804, #2833 ) ;
#4939 = CONICAL_SURFACE ( 'NONE', #12645, 1.850000000000000311, 1.308996938995719006 ) ;
#4940 = EDGE_CURVE ( 'NONE', #3378, #11674, #620, .T. ) ;
#4941 = ORIENTED_EDGE ( 'NONE', *, *, #10731, .T. ) ;
#4942 = ADVANCED_FACE ( 'NONE', ( #7431 ), #7068, .F. ) ;
#4943 = AXIS2_PLACEMENT_3D ( 'NONE', #10487, #1512, #10619 ) ;
#4944 = EDGE_LOOP ( 'NONE', ( #2118, #4339 ) ) ;
#4945 = DIRECTION ( 'NONE',  ( 0.000000000000000000, 0.6087614290087191016, -0.7933533402912362753 ) ) ;
#4946 = FACE_OUTER_BOUND ( 'NONE', #2334, .T. ) ;
#4947 = CARTESIAN_POINT ( 'NONE',  ( 14.10000000000099973, 30.25705468974495105, 11.19349039667801904 ) ) ;
#4948 = CARTESIAN_POINT ( 'NONE',  ( -73.59999999999999432, -30.67280047937489940, 12.70508995452061463 ) ) ;
#4949 = AXIS2_PLACEMENT_3D ( 'NONE', #11697, #10648, #1806 ) ;
#4950 = AXIS2_PLACEMENT_3D ( 'NONE', #9522, #4490, #9458 ) ;
#4951 = DIRECTION ( 'NONE',  ( -1.000000000000000000, 0.000000000000000000, 0.000000000000000000 ) ) ;
#4952 = ORIENTED_EDGE ( 'NONE', *, *, #4045, .T. ) ;
#4953 = EDGE_CURVE ( 'NONE', #4157, #6412, #1405, .T. ) ;
#4954 = LINE ( 'NONE', #7936, #9568 ) ;
#4955 = AXIS2_PLACEMENT_3D ( 'NONE', #4862, #12951, #11855 ) ;
#4956 = AXIS2_PLACEMENT_3D ( 'NONE', #7860, #12054, #10816 ) ;
#4957 = PLANE ( 'NONE',  #2327 ) ;
#4958 = EDGE_LOOP ( 'NONE', ( #3965, #4492, #11929, #3817 ) ) ;
#4959 = CARTESIAN_POINT ( 'NONE',  ( -73.59999999999999432, -22.72673657318700080, -1.951395585975469915 ) ) ;
#4960 = ORIENTED_EDGE ( 'NONE', *, *, #7075, .T. ) ;
#4961 = VECTOR ( 'NONE', #12851, 1000.000000000000227 ) ;
#4962 = EDGE_CURVE ( 'NONE', #4165, #10837, #5737, .T. ) ;
#4963 = CARTESIAN_POINT ( 'NONE',  ( -78.79999999999999716, -3.267573956508709632, 17.58935645322894814 ) ) ;
#4964 = ORIENTED_EDGE ( 'NONE', *, *, #8923, .T. ) ;
#4965 = ORIENTED_EDGE ( 'NONE', *, *, #5656, .T. ) ;
#4966 = DIRECTION ( 'NONE',  ( -1.000000000000000000, -3.833370961308354242E-30, -1.156482317317997203E-16 ) ) ;
#4967 = VERTEX_POINT ( 'NONE', #10642 ) ;
#4968 = CARTESIAN_POINT ( 'NONE',  ( 14.09999999999999964, 21.92031021678154801, 21.92031021678105063 ) ) ;
#4969 = DIRECTION ( 'NONE',  ( 1.000000000000000000, -6.322502648911709143E-17, 9.462293898829198836E-17 ) ) ;
#4970 = ORIENTED_EDGE ( 'NONE', *, *, #8087, .F. ) ;
#4971 = AXIS2_PLACEMENT_3D ( 'NONE', #2789, #4969, #759 ) ;
#4972 = DIRECTION ( 'NONE',  ( -1.000000000000000000, 4.233019071658318125E-17, -1.579784224483893850E-16 ) ) ;
#4973 = EDGE_CURVE ( 'NONE', #11070, #4382, #5862, .T. ) ;
#4974 = CARTESIAN_POINT ( 'NONE',  ( -73.59999999999999432, -18.34510791230219695, -0.5191490017194220208 ) ) ;
#4975 = LINE ( 'NONE', #5752, #11105 ) ;
#4976 = ORIENTED_EDGE ( 'NONE', *, *, #9855, .F. ) ;
#4977 = AXIS2_PLACEMENT_3D ( 'NONE', #11497, #6586, #9386 ) ;
#4978 = VERTEX_POINT ( 'NONE', #6777 ) ;
#4979 = LINE ( 'NONE', #1682, #12451 ) ;
#4980 = ORIENTED_EDGE ( 'NONE', *, *, #6621, .T. ) ;
#4981 = FACE_OUTER_BOUND ( 'NONE', #4560, .T. ) ;
#4982 = CARTESIAN_POINT ( 'NONE',  ( 17.10000000000000142, -1.578749275297414948E-12, -1.742439805832375052E-12 ) ) ;
#4983 = DIRECTION ( 'NONE',  ( 0.000000000000000000, -0.8314696123025479002, -0.5555702330195982919 ) ) ;
#4984 = FACE_OUTER_BOUND ( 'NONE', #12283, .T. ) ;
#4985 = ORIENTED_EDGE ( 'NONE', *, *, #7961, .T. ) ;
#4986 = DIRECTION ( 'NONE',  ( 1.000000000000000000, -6.705557021117060106E-18, -5.440889002481110112E-18 ) ) ;
#4987 = DIRECTION ( 'NONE',  ( -1.000000000000000000, 1.001543065824825607E-16, -1.734723475977026496E-16 ) ) ;
#4988 = ORIENTED_EDGE ( 'NONE', *, *, #3060, .T. ) ;
#4989 = FACE_OUTER_BOUND ( 'NONE', #3145, .T. ) ;
#4990 = CARTESIAN_POINT ( 'NONE',  ( -73.59999999999999432, 5.487434994207549543, -21.56619014068925111 ) ) ;
#4991 = AXIS2_PLACEMENT_3D ( 'NONE', #12081, #12863, #3911 ) ;
#4992 = CIRCLE ( 'NONE', #11672, 44.71208468574654660 ) ;
#4993 = ORIENTED_EDGE ( 'NONE', *, *, #3111, .T. ) ;
#4994 = CARTESIAN_POINT ( 'NONE',  ( -73.59999999999999432, -11.47040436681830045, 22.61066835946420284 ) ) ;
#4995 = LINE ( 'NONE', #12110, #10159 ) ;
#4996 = ADVANCED_FACE ( 'NONE', ( #12786 ), #6446, .F. ) ;
#4997 = FACE_OUTER_BOUND ( 'NONE', #11952, .T. ) ;
#4998 = CARTESIAN_POINT ( 'NONE',  ( -78.79999999999999716, -9.245594443656699468, 7.076827211641109727 ) ) ;
#4999 = VERTEX_POINT ( 'NONE', #9906 ) ;
#5000 = AXIS2_PLACEMENT_3D ( 'NONE', #7835, #10005, #115 ) ;
#5001 = EDGE_CURVE ( 'NONE', #8453, #12510, #994, .T. ) ;
#5002 = AXIS2_PLACEMENT_3D ( 'NONE', #8082, #6012, #8803 ) ;
#5003 = LINE ( 'NONE', #8970, #6912 ) ;
#5004 = CARTESIAN_POINT ( 'NONE',  ( 17.10000000000000142, -5.404552479968140588, -3.611206514629128783 ) ) ;
#5005 = VERTEX_POINT ( 'NONE', #881 ) ;
#5006 = AXIS2_PLACEMENT_3D ( 'NONE', #787, #715, #11787 ) ;
#5007 = ORIENTED_EDGE ( 'NONE', *, *, #10022, .T. ) ;
#5008 = ORIENTED_EDGE ( 'NONE', *, *, #366, .T. ) ;
#5009 = DIRECTION ( 'NONE',  ( 0.000000000000000000, -0.9238795325112867385, 0.3826834323650899483 ) ) ;
#5010 = FACE_OUTER_BOUND ( 'NONE', #3995, .T. ) ;
#5011 = CARTESIAN_POINT ( 'NONE',  ( -72.84391516214240880, -11.43006468421165955, 7.029301389798390254 ) ) ;
#5012 = CARTESIAN_POINT ( 'NONE',  ( 17.60000000000000142, 11.86318640331584007, -28.64026550785180092 ) ) ;
#5013 = FACE_OUTER_BOUND ( 'NONE', #6475, .T. ) ;
#5014 = ORIENTED_EDGE ( 'NONE', *, *, #1339, .T. ) ;
#5015 = FACE_OUTER_BOUND ( 'NONE', #12723, .T. ) ;
#5016 = DIRECTION ( 'NONE',  ( 1.000000000000000000, -2.905650844594909648E-18, -7.014861676541880450E-18 ) ) ;
#5017 = DIRECTION ( 'NONE',  ( 1.000000000000000000, 0.000000000000000000, 0.000000000000000000 ) ) ;
#5018 = ORIENTED_EDGE ( 'NONE', *, *, #2031, .T. ) ;
#5019 = EDGE_CURVE ( 'NONE', #1817, #12655, #9780, .T. ) ;
#5020 = ADVANCED_FACE ( 'NONE', ( #1732 ), #8927, .F. ) ;
#5021 = DIRECTION ( 'NONE',  ( 4.112988807310475227E-18, 0.9238795325112871826, -0.3826834323650885605 ) ) ;
#5022 = CARTESIAN_POINT ( 'NONE',  ( -1.899999999999999911, -28.64026550784945258, -11.86318640331884033 ) ) ;
#5023 = EDGE_LOOP ( 'NONE', ( #10247, #8531, #5106, #3015 ) ) ;
#5024 = CARTESIAN_POINT ( 'NONE',  ( -72.84391516214240880, -19.73092721106915093, 0.05487614682821159717 ) ) ;
#5025 = ADVANCED_FACE ( 'NONE', ( #1661 ), #8659, .F. ) ;
#5026 = VERTEX_POINT ( 'NONE', #3831 ) ;
#5027 = EDGE_CURVE ( 'NONE', #4906, #546, #11249, .T. ) ;
#5028 = CARTESIAN_POINT ( 'NONE',  ( -56.21032168798580386, -14.11635934497249956, 18.83589389552849980 ) ) ;
#5029 = EDGE_CURVE ( 'NONE', #2106, #10524, #10183, .T. ) ;
#5030 = FACE_OUTER_BOUND ( 'NONE', #5883, .T. ) ;
#5031 = DIRECTION ( 'NONE',  ( 0.000000000000000000, 0.000000000000000000, -1.000000000000000000 ) ) ;
#5032 = ORIENTED_EDGE ( 'NONE', *, *, #8127, .F. ) ;
#5033 = ORIENTED_EDGE ( 'NONE', *, *, #8006, .T. ) ;
#5034 = ORIENTED_EDGE ( 'NONE', *, *, #2003, .F. ) ;
#5035 = DIRECTION ( 'NONE',  ( 1.000000000000000000, -6.322502648911728864E-17, 9.462293898829198836E-17 ) ) ;
#5036 = ADVANCED_FACE ( 'NONE', ( #7686 ), #9842, .F. ) ;
#5037 = VECTOR ( 'NONE', #8850, 1000.000000000000000 ) ;
#5038 = EDGE_LOOP ( 'NONE', ( #9645, #12326, #5579, #12132 ) ) ;
#5039 = CARTESIAN_POINT ( 'NONE',  ( 17.54641016151375155, -23.45852899954414994, 20.89250528569510124 ) ) ;
#5040 = DIRECTION ( 'NONE',  ( -6.705557021117060106E-18, -1.000000000000000000, 0.000000000000000000 ) ) ;
#5041 = DIRECTION ( 'NONE',  ( 0.000000000000000000, 0.3826834323650881720, 0.9238795325112874046 ) ) ;
#5042 = ORIENTED_EDGE ( 'NONE', *, *, #2868, .T. ) ;
#5043 = CARTESIAN_POINT ( 'NONE',  ( -72.84391516214240880, 0.1366297551037989888, -13.04530030109641991 ) ) ;
#5044 = CIRCLE ( 'NONE', #2934, 1.750000000000001110 ) ;
#5045 = CARTESIAN_POINT ( 'NONE',  ( -73.59999999999999432, -11.66737865722689982, 6.456374777604359849 ) ) ;
#5046 = ORIENTED_EDGE ( 'NONE', *, *, #7276, .F. ) ;
#5047 = AXIS2_PLACEMENT_3D ( 'NONE', #1479, #5434, #448 ) ;
#5048 = DIRECTION ( 'NONE',  ( 1.000000000000000000, -6.705557021117060106E-18, -5.440889002481110112E-18 ) ) ;
#5049 = EDGE_CURVE ( 'NONE', #2342, #1665, #6715, .T. ) ;
#5050 = DIRECTION ( 'NONE',  ( -7.592831564818948166E-18, -0.3826834323650878389, -0.9238795325112876267 ) ) ;
#5051 = ORIENTED_EDGE ( 'NONE', *, *, #4759, .T. ) ;
#5052 = ADVANCED_FACE ( 'NONE', ( #5673, #9708, #3897, #12913, #7880, #11883, #2908, #10902, #3958, #1928, #12719, #5928, #6652, #747, #11623, #3759, #12005, #1309, #5450, #1009, #5083, #6061 ), #6975, .T. ) ;
#5053 = CARTESIAN_POINT ( 'NONE',  ( -72.59999999999999432, -1.573077990421341054E-12, -1.750927483459624843E-12 ) ) ;
#5054 = LINE ( 'NONE', #9028, #4933 ) ;
#5055 = VECTOR ( 'NONE', #1628, 999.9999999999998863 ) ;
#5056 = AXIS2_PLACEMENT_3D ( 'NONE', #11924, #12831, #1847 ) ;
#5057 = EDGE_LOOP ( 'NONE', ( #6928, #3755 ) ) ;
#5058 = AXIS2_PLACEMENT_3D ( 'NONE', #9658, #8668, #9594 ) ;
#5059 = DIRECTION ( 'NONE',  ( 0.000000000000000000, -0.9238795325112874046, 0.3826834323650882275 ) ) ;
#5060 = CARTESIAN_POINT ( 'NONE',  ( -14.90000000000000036, 21.25000000000000000, 36.80607966083854876 ) ) ;
#5061 = LINE ( 'NONE', #8771, #1289 ) ;
#5062 = DIRECTION ( 'NONE',  ( 0.000000000000000000, 0.000000000000000000, -1.000000000000000000 ) ) ;
#5063 = EDGE_LOOP ( 'NONE', ( #3669, #7853, #5216, #12873 ) ) ;
#5064 = FACE_OUTER_BOUND ( 'NONE', #9388, .T. ) ;
#5065 = CIRCLE ( 'NONE', #4425, 1.750000000000001110 ) ;
#5066 = CIRCLE ( 'NONE', #10489, 1.600000000000002753 ) ;
#5067 = CARTESIAN_POINT ( 'NONE',  ( -73.59999999999999432, -14.11635934497249956, 18.83589389552849980 ) ) ;
#5068 = AXIS2_PLACEMENT_3D ( 'NONE', #6054, #8002, #4015 ) ;
#5069 = EDGE_CURVE ( 'NONE', #6990, #7946, #8074, .T. ) ;
#5070 = ORIENTED_EDGE ( 'NONE', *, *, #9562, .T. ) ;
#5071 = ORIENTED_EDGE ( 'NONE', *, *, #75, .F. ) ;
#5072 = PLANE ( 'NONE',  #3877 ) ;
#5073 = CARTESIAN_POINT ( 'NONE',  ( 17.54641016151375155, -27.10204672509155088, 12.89099133440281975 ) ) ;
#5074 = DIRECTION ( 'NONE',  ( 0.000000000000000000, -0.9238795325112872936, 0.3826834323650886160 ) ) ;
#5075 = DIRECTION ( 'NONE',  ( 0.000000000000000000, -0.8314696123025475671, -0.5555702330195985139 ) ) ;
#5076 = AXIS2_PLACEMENT_3D ( 'NONE', #9303, #3350, #8325 ) ;
#5077 = DIRECTION ( 'NONE',  ( 0.000000000000000000, -0.8314696123025480112, -0.5555702330195979588 ) ) ;
#5078 = EDGE_LOOP ( 'NONE', ( #7222, #10239, #4029, #4764 ) ) ;
#5079 = DIRECTION ( 'NONE',  ( 0.000000000000000000, 0.000000000000000000, 1.000000000000000000 ) ) ;
#5080 = LINE ( 'NONE', #88, #12570 ) ;
#5081 = AXIS2_PLACEMENT_3D ( 'NONE', #2771, #9769, #12905 ) ;
#5082 = EDGE_CURVE ( 'NONE', #1755, #4372, #6303, .T. ) ;
#5083 = FACE_BOUND ( 'NONE', #9417, .T. ) ;
#5084 = ORIENTED_EDGE ( 'NONE', *, *, #300, .F. ) ;
#5085 = CIRCLE ( 'NONE', #5919, 1.000000000000000000 ) ;
#5086 = CARTESIAN_POINT ( 'NONE',  ( 6.599999999999999645, -20.67031021678205249, -21.92031021678380043 ) ) ;
#5087 = FACE_OUTER_BOUND ( 'NONE', #5099, .T. ) ;
#5088 = CARTESIAN_POINT ( 'NONE',  ( 14.09999999999999964, 20.38209143402159640, -22.94811514787109985 ) ) ;
#5089 = ORIENTED_EDGE ( 'NONE', *, *, #9015, .F. ) ;
#5090 = DIRECTION ( 'NONE',  ( 0.000000000000000000, 1.000000000000000000, 9.714451465470232062E-14 ) ) ;
#5091 = ORIENTED_EDGE ( 'NONE', *, *, #5790, .T. ) ;
#5092 = EDGE_CURVE ( 'NONE', #9997, #11115, #9423, .T. ) ;
#5093 = PLANE ( 'NONE',  #3942 ) ;
#5094 = AXIS2_PLACEMENT_3D ( 'NONE', #6873, #8880, #5828 ) ;
#5095 = CARTESIAN_POINT ( 'NONE',  ( -73.59999999999999432, -7.854142570663721123, 22.19515587869770101 ) ) ;
#5096 = EDGE_CURVE ( 'NONE', #746, #6353, #8308, .T. ) ;
#5097 = DIRECTION ( 'NONE',  ( 1.000000000000000000, 0.000000000000000000, 0.000000000000000000 ) ) ;
#5098 = EDGE_LOOP ( 'NONE', ( #10328, #8980, #8734, #1616 ) ) ;
#5099 = EDGE_LOOP ( 'NONE', ( #11605, #421, #10321 ) ) ;
#5100 = EDGE_CURVE ( 'NONE', #10006, #110, #3039, .T. ) ;
#5101 = ORIENTED_EDGE ( 'NONE', *, *, #1720, .F. ) ;
#5102 = DIRECTION ( 'NONE',  ( 2.170249086492581050E-18, -0.4146932426562366936, 0.9099612708765444369 ) ) ;
#5103 = ADVANCED_FACE ( 'NONE', ( #466 ), #7888, .F. ) ;
#5104 = ORIENTED_EDGE ( 'NONE', *, *, #667, .T. ) ;
#5105 = LINE ( 'NONE', #8289, #1160 ) ;
#5106 = ORIENTED_EDGE ( 'NONE', *, *, #9005, .T. ) ;
#5107 = LINE ( 'NONE', #11123, #5671 ) ;
#5108 = LINE ( 'NONE', #3068, #6878 ) ;
#5109 = ORIENTED_EDGE ( 'NONE', *, *, #8623, .T. ) ;
#5110 = FACE_OUTER_BOUND ( 'NONE', #2274, .T. ) ;
#5111 = CARTESIAN_POINT ( 'NONE',  ( 6.599999999999999645, -28.64026550785020220, 11.86318640331699825 ) ) ;
#5112 = ORIENTED_EDGE ( 'NONE', *, *, #12392, .T. ) ;
#5113 = CARTESIAN_POINT ( 'NONE',  ( -73.59999999999999432, -7.649202617393480175, 16.15710986897285295 ) ) ;
#5114 = DIRECTION ( 'NONE',  ( 1.000000000000000000, -6.322502648911719004E-17, 9.462293898829198836E-17 ) ) ;
#5115 = VERTEX_POINT ( 'NONE', #10342 ) ;
#5116 = CARTESIAN_POINT ( 'NONE',  ( -1.899999999999999911, -31.00000000000000000, -9.693681929906711246E-13 ) ) ;
#5117 = CARTESIAN_POINT ( 'NONE',  ( 6.599999999999999645, 1.250000000001630029, -31.00000000000000000 ) ) ;
#5118 = DIRECTION ( 'NONE',  ( 1.000000000000000000, 0.000000000000000000, 0.000000000000000000 ) ) ;
#5119 = CARTESIAN_POINT ( 'NONE',  ( -72.84391516214240880, -7.523518998013789982, 11.23428510794190061 ) ) ;
#5120 = LINE ( 'NONE', #394, #11968 ) ;
#5121 = CARTESIAN_POINT ( 'NONE',  ( -14.90000000000000036, -36.80607966083859850, 21.25000000000000000 ) ) ;
#5122 = EDGE_LOOP ( 'NONE', ( #5240, #10701, #8921, #3791 ) ) ;
#5123 = CARTESIAN_POINT ( 'NONE',  ( 5.600000000000004974, 44.49999999999525357, 3.146470368559751757E-15 ) ) ;
#5124 = EDGE_CURVE ( 'NONE', #8664, #10532, #11042, .T. ) ;
#5125 = CARTESIAN_POINT ( 'NONE',  ( -73.59999999999999432, 4.448338024599760132, -16.87467892491325117 ) ) ;
#5126 = PLANE ( 'NONE',  #5556 ) ;
#5127 = ORIENTED_EDGE ( 'NONE', *, *, #578, .F. ) ;
#5128 = DIRECTION ( 'NONE',  ( 1.000000000000000000, 0.000000000000000000, 0.000000000000000000 ) ) ;
#5129 = AXIS2_PLACEMENT_3D ( 'NONE', #4649, #7648, #11652 ) ;
#5130 = CARTESIAN_POINT ( 'NONE',  ( 17.60000000000000142, -1.991666858855570196E-12, -31.00000000000174794 ) ) ;
#5131 = PLANE ( 'NONE',  #2824 ) ;
#5132 = CONICAL_SURFACE ( 'NONE', #9290, 44.60000000000000142, 0.7853981633974659315 ) ;
#5133 = DIRECTION ( 'NONE',  ( 1.000000000000000000, -6.705557021117060106E-18, -5.440889002481110112E-18 ) ) ;
#5134 = CARTESIAN_POINT ( 'NONE',  ( -59.50000000000000000, -10.32496762055949979, 29.66807043893449958 ) ) ;
#5135 = ORIENTED_EDGE ( 'NONE', *, *, #6510, .F. ) ;
#5136 = EDGE_CURVE ( 'NONE', #10163, #6380, #10036, .T. ) ;
#5137 = AXIS2_PLACEMENT_3D ( 'NONE', #704, #11518, #3396 ) ;
#5138 = CARTESIAN_POINT ( 'NONE',  ( -11.90000000000001101, -42.50000000000000000, 1.600000000000000089 ) ) ;
#5139 = AXIS2_PLACEMENT_3D ( 'NONE', #2967, #10222, #5074 ) ;
#5140 = AXIS2_PLACEMENT_3D ( 'NONE', #12695, #4866, #5716 ) ;
#5141 = CARTESIAN_POINT ( 'NONE',  ( 17.60000000000000142, -1.578802671573090108E-12, -1.742407049807590194E-12 ) ) ;
#5142 = VECTOR ( 'NONE', #8387, 1000.000000000000114 ) ;
#5143 = ORIENTED_EDGE ( 'NONE', *, *, #9855, .T. ) ;
#5144 = LINE ( 'NONE', #9182, #5160 ) ;
#5145 = AXIS2_PLACEMENT_3D ( 'NONE', #9545, #5560, #2481 ) ;
#5146 = VECTOR ( 'NONE', #1279, 1000.000000000000000 ) ;
#5147 = CARTESIAN_POINT ( 'NONE',  ( 17.54641016151380128, 27.10204672508869805, 10.83538147222952119 ) ) ;
#5148 = LINE ( 'NONE', #231, #10368 ) ;
#5149 = VERTEX_POINT ( 'NONE', #3408 ) ;
#5150 = DIRECTION ( 'NONE',  ( 1.000000000000000000, -6.322502648911709143E-17, 9.462293898829198836E-17 ) ) ;
#5151 = AXIS2_PLACEMENT_3D ( 'NONE', #9556, #9614, #593 ) ;
#5152 = ORIENTED_EDGE ( 'NONE', *, *, #6773, .F. ) ;
#5153 = VECTOR ( 'NONE', #3017, 1000.000000000000000 ) ;
#5154 = EDGE_CURVE ( 'NONE', #7009, #4999, #1990, .T. ) ;
#5155 = DIRECTION ( 'NONE',  ( -7.592831564818952788E-18, -0.3826834323650881720, -0.9238795325112874046 ) ) ;
#5156 = DIRECTION ( 'NONE',  ( 0.000000000000000000, 1.000000000000000000, 9.714451465470124777E-14 ) ) ;
#5157 = EDGE_CURVE ( 'NONE', #7761, #4420, #1435, .T. ) ;
#5158 = CIRCLE ( 'NONE', #4318, 1.850000000000000311 ) ;
#5159 = VECTOR ( 'NONE', #11046, 999.9999999999998863 ) ;
#5160 = VECTOR ( 'NONE', #6259, 1000.000000000000000 ) ;
#5161 = FACE_OUTER_BOUND ( 'NONE', #11850, .T. ) ;
#5162 = ORIENTED_EDGE ( 'NONE', *, *, #6314, .T. ) ;
#5163 = ORIENTED_EDGE ( 'NONE', *, *, #5183, .F. ) ;
#5164 = ORIENTED_EDGE ( 'NONE', *, *, #5983, .F. ) ;
#5165 = CARTESIAN_POINT ( 'NONE',  ( -73.59999999999999432, -16.25957984560795211, -4.630179612531089894 ) ) ;
#5166 = EDGE_LOOP ( 'NONE', ( #2223, #1969, #11059, #5657 ) ) ;
#5167 = DIRECTION ( 'NONE',  ( -1.000000000000000000, 6.705557021117060106E-18, 5.440889002481110112E-18 ) ) ;
#5168 = EDGE_LOOP ( 'NONE', ( #10447, #4965 ) ) ;
#5169 = DIRECTION ( 'NONE',  ( 1.000000000000000000, -6.322502648911719004E-17, 9.462293898829198836E-17 ) ) ;
#5170 = CIRCLE ( 'NONE', #9748, 44.99999999999524647 ) ;
#5171 = CARTESIAN_POINT ( 'NONE',  ( -56.21032168798580386, -12.96830904787720051, 21.60753249306235091 ) ) ;
#5172 = ORIENTED_EDGE ( 'NONE', *, *, #7007, .T. ) ;
#5173 = DIRECTION ( 'NONE',  ( 0.000000000000000000, 0.8314696123025475671, 0.5555702330195986249 ) ) ;
#5174 = DIRECTION ( 'NONE',  ( -4.112988807310478308E-18, -0.9238795325112874046, 0.3826834323650881720 ) ) ;
#5175 = VERTEX_POINT ( 'NONE', #4397 ) ;
#5176 = ADVANCED_FACE ( 'NONE', ( #8009 ), #2977, .F. ) ;
#5177 = DIRECTION ( 'NONE',  ( 0.000000000000000000, -0.9238795325112868495, 0.3826834323650896152 ) ) ;
#5178 = CIRCLE ( 'NONE', #8502, 1.249999999999987121 ) ;
#5179 = CARTESIAN_POINT ( 'NONE',  ( 17.54641016151375155, -20.38209143402474766, 22.94811514786759687 ) ) ;
#5180 = ORIENTED_EDGE ( 'NONE', *, *, #6981, .T. ) ;
#5181 = CARTESIAN_POINT ( 'NONE',  ( -43.88791531425349035, 44.71208468574655370, -4.421414783910675789E-13 ) ) ;
#5182 = DIRECTION ( 'NONE',  ( 4.112988807310475997E-18, 0.9238795325112874046, -0.3826834323650881720 ) ) ;
#5183 = EDGE_CURVE ( 'NONE', #4259, #9817, #4083, .T. ) ;
#5184 = DIRECTION ( 'NONE',  ( -1.000000000000000000, 2.905650844594909648E-18, 7.014861676541880450E-18 ) ) ;
#5185 = PLANE ( 'NONE',  #549 ) ;
#5186 = VECTOR ( 'NONE', #28, 1000.000000000000000 ) ;
#5187 = CARTESIAN_POINT ( 'NONE',  ( -78.79999999999999716, -13.05319795599383959, 7.030399926151990719 ) ) ;
#5188 = CARTESIAN_POINT ( 'NONE',  ( -59.50000000000000000, -29.46178121724184962, 1.027804931085027906 ) ) ;
#5189 = ORIENTED_EDGE ( 'NONE', *, *, #6492, .T. ) ;
#5190 = EDGE_CURVE ( 'NONE', #12510, #8453, #160, .T. ) ;
#5191 = DIRECTION ( 'NONE',  ( -1.000000000000000000, 6.322502648911709143E-17, -9.462293898829198836E-17 ) ) ;
#5192 = EDGE_CURVE ( 'NONE', #9654, #412, #2042, .T. ) ;
#5193 = CARTESIAN_POINT ( 'NONE',  ( 15.10000000000000142, 5.404552479964982226, 3.611206514625644459 ) ) ;
#5194 = EDGE_LOOP ( 'NONE', ( #8839, #12285, #11351, #5046 ) ) ;
#5195 = EDGE_CURVE ( 'NONE', #5311, #4306, #4771, .T. ) ;
#5196 = CONICAL_SURFACE ( 'NONE', #8521, 44.49999999999524647, 0.7853981633974621568 ) ;
#5197 = DIRECTION ( 'NONE',  ( 0.000000000000000000, 0.9238795325112874046, -0.3826834323650882275 ) ) ;
#5198 = VERTEX_POINT ( 'NONE', #6366 ) ;
#5199 = ORIENTED_EDGE ( 'NONE', *, *, #3250, .F. ) ;
#5200 = ORIENTED_EDGE ( 'NONE', *, *, #3829, .T. ) ;
#5201 = CARTESIAN_POINT ( 'NONE',  ( -56.21032168798580386, -19.85661083044884734, 4.977700907859180290 ) ) ;
#5202 = EDGE_CURVE ( 'NONE', #8928, #9912, #6853, .T. ) ;
#5203 = CARTESIAN_POINT ( 'NONE',  ( 17.60000000000000142, -28.64026550785165171, -11.86318640331909968 ) ) ;
#5204 = CARTESIAN_POINT ( 'NONE',  ( -68.79999999999999716, -24.48164106723129763, -8.801235745919580467 ) ) ;
#5205 = CARTESIAN_POINT ( 'NONE',  ( 6.599999999999999645, -11.86318640331639962, -28.64026550785050418 ) ) ;
#5206 = AXIS2_PLACEMENT_3D ( 'NONE', #7682, #1596, #6580 ) ;
#5207 = CARTESIAN_POINT ( 'NONE',  ( 17.54641016151375155, -28.64026550785125380, 11.86318640331655949 ) ) ;
#5208 = ORIENTED_EDGE ( 'NONE', *, *, #9920, .F. ) ;
#5209 = DIRECTION ( 'NONE',  ( -4.112988807310479849E-18, -0.9238795325112876267, 0.3826834323650878389 ) ) ;
#5210 = DIRECTION ( 'NONE',  ( 0.000000000000000000, -0.3826834323650881720, -0.9238795325112874046 ) ) ;
#5211 = ADVANCED_FACE ( 'NONE', ( #7716 ), #8934, .F. ) ;
#5212 = ORIENTED_EDGE ( 'NONE', *, *, #6157, .T. ) ;
#5213 = CARTESIAN_POINT ( 'NONE',  ( 6.599999999999999645, -3.301963206785260407E-12, 34.42296358256754729 ) ) ;
#5214 = DIRECTION ( 'NONE',  ( 0.5150380749100560429, 0.8571673007021111124, 8.222228984407219466E-14 ) ) ;
#5215 = CARTESIAN_POINT ( 'NONE',  ( -65.19999999999998863, 41.29741510325472831, -17.10594942671900043 ) ) ;
#5216 = ORIENTED_EDGE ( 'NONE', *, *, #2859, .F. ) ;
#5217 = CARTESIAN_POINT ( 'NONE',  ( -72.84391516214240880, -17.89722141179069936, 9.708085416354007791 ) ) ;
#5218 = EDGE_LOOP ( 'NONE', ( #12923, #9185, #6674 ) ) ;
#5219 = CARTESIAN_POINT ( 'NONE',  ( -72.84391516214240880, -8.433800293437398565, 5.116982764326550637 ) ) ;
#5220 = DIRECTION ( 'NONE',  ( -1.000000000000000000, 4.451867004922774877E-18, 0.000000000000000000 ) ) ;
#5221 = DIRECTION ( 'NONE',  ( 0.5150380749100560429, 0.8571673007021111124, 8.222228984407219466E-14 ) ) ;
#5222 = ORIENTED_EDGE ( 'NONE', *, *, #12428, .T. ) ;
#5223 = ORIENTED_EDGE ( 'NONE', *, *, #1029, .F. ) ;
#5224 = EDGE_CURVE ( 'NONE', #595, #5513, #1698, .T. ) ;
#5225 = VERTEX_POINT ( 'NONE', #6685 ) ;
#5226 = CARTESIAN_POINT ( 'NONE',  ( -63.51208468574660770, 41.30857989707284617, -17.11057403573956037 ) ) ;
#5227 = VERTEX_POINT ( 'NONE', #10669 ) ;
#5228 = CARTESIAN_POINT ( 'NONE',  ( -65.19999999999998863, -32.24339568464410632, 13.35565178954123056 ) ) ;
#5229 = ORIENTED_EDGE ( 'NONE', *, *, #1126, .T. ) ;
#5230 = EDGE_CURVE ( 'NONE', #6472, #9817, #8435, .T. ) ;
#5231 = CARTESIAN_POINT ( 'NONE',  ( -73.59999999999999432, -13.26377048349011822, -2.623907879727405135 ) ) ;
#5232 = CARTESIAN_POINT ( 'NONE',  ( -73.59999999999999432, -7.886971619065149319, 19.50277361505434826 ) ) ;
#5233 = ORIENTED_EDGE ( 'NONE', *, *, #12133, .F. ) ;
#5234 = ORIENTED_EDGE ( 'NONE', *, *, #10309, .F. ) ;
#5235 = CARTESIAN_POINT ( 'NONE',  ( -1.899999999999999911, 28.64026550784895164, 11.86318640332005891 ) ) ;
#5236 = CARTESIAN_POINT ( 'NONE',  ( 14.09999999999999964, 28.64026550784820202, -11.86318640331981911 ) ) ;
#5237 = ORIENTED_EDGE ( 'NONE', *, *, #8282, .F. ) ;
#5238 = CARTESIAN_POINT ( 'NONE',  ( 17.54641016151380128, -10.32496762056006112, -27.61246057676520138 ) ) ;
#5239 = DIRECTION ( 'NONE',  ( 0.000000000000000000, -0.9238795325112872936, 0.3826834323650886716 ) ) ;
#5240 = ORIENTED_EDGE ( 'NONE', *, *, #8353, .F. ) ;
#5241 = AXIS2_PLACEMENT_3D ( 'NONE', #84, #8003, #5077 ) ;
#5242 = EDGE_CURVE ( 'NONE', #3780, #1528, #11530, .T. ) ;
#5243 = CARTESIAN_POINT ( 'NONE',  ( 6.599999999999999645, -27.39026550785025194, 11.86318640331711904 ) ) ;
#5244 = CARTESIAN_POINT ( 'NONE',  ( -73.59999999999999432, -25.02283716737749941, -7.494672781043200338 ) ) ;
#5245 = CIRCLE ( 'NONE', #3774, 1.850000000000000311 ) ;
#5246 = DIRECTION ( 'NONE',  ( 4.112988807310475997E-18, 0.9238795325112874046, -0.3826834323650881720 ) ) ;
#5247 = CARTESIAN_POINT ( 'NONE',  ( 17.54641016151380128, 11.86318640331641916, 28.64026550784804925 ) ) ;
#5248 = CIRCLE ( 'NONE', #8163, 32.79999999999999005 ) ;
#5249 = CARTESIAN_POINT ( 'NONE',  ( -56.21032168798580386, -12.96830904787720051, 21.60753249306235091 ) ) ;
#5250 = AXIS2_PLACEMENT_3D ( 'NONE', #7721, #5169, #185 ) ;
#5251 = CARTESIAN_POINT ( 'NONE',  ( 17.10000000000000142, -3.741613255363045010, -2.500066048589932866 ) ) ;
#5252 = VERTEX_POINT ( 'NONE', #9555 ) ;
#5254 = ADVANCED_FACE ( 'NONE', ( #11472 ), #1828, .F. ) ;
#5253 = DIRECTION ( 'NONE',  ( 1.000000000000000000, 0.000000000000000000, 0.000000000000000000 ) ) ;
#5255 = CARTESIAN_POINT ( 'NONE',  ( -14.90000000000000036, -42.50000000000000000, 0.000000000000000000 ) ) ;
#5256 = EDGE_CURVE ( 'NONE', #11871, #4774, #651, .T. ) ;
#5257 = ORIENTED_EDGE ( 'NONE', *, *, #8557, .T. ) ;
#5258 = AXIS2_PLACEMENT_3D ( 'NONE', #6554, #10533, #1553 ) ;
#5259 = VECTOR ( 'NONE', #3134, 1000.000000000000000 ) ;
#5260 = CARTESIAN_POINT ( 'NONE',  ( -14.89999999999999503, 44.70000000000000284, 1.591231180991751781E-13 ) ) ;
#5261 = VECTOR ( 'NONE', #12269, 1000.000000000000000 ) ;
#5262 = EDGE_CURVE ( 'NONE', #901, #6490, #3499, .T. ) ;
#5263 = ORIENTED_EDGE ( 'NONE', *, *, #8504, .F. ) ;
#5264 = DIRECTION ( 'NONE',  ( -9.745637505488721308E-17, -1.000000000000000000, 0.000000000000000000 ) ) ;
#5265 = ADVANCED_FACE ( 'NONE', ( #2556, #3733 ), #10477, .T. ) ;
#5266 = LINE ( 'NONE', #9237, #1938 ) ;
#5267 = CARTESIAN_POINT ( 'NONE',  ( -78.79999999999999716, -16.28677631978335327, 8.369791939429800820 ) ) ;
#5268 = CARTESIAN_POINT ( 'NONE',  ( 14.09999999999999964, -28.64026550785125380, 11.86318640331655949 ) ) ;
#5269 = CONICAL_SURFACE ( 'NONE', #870, 1.249999999999987121, 1.029744258676652313 ) ;
#5270 = CARTESIAN_POINT ( 'NONE',  ( -53.90000000000000568, 1.178794144558927924E-14, -7.053993103618990419E-15 ) ) ;
#5271 = ORIENTED_EDGE ( 'NONE', *, *, #3824, .F. ) ;
#5272 = TOROIDAL_SURFACE ( 'NONE', #11937, 34.39999999999999858, 0.5000000000000000000 ) ;
#5273 = CYLINDRICAL_SURFACE ( 'NONE', #2101, 1.749999999999999556 ) ;
#5274 = AXIS2_PLACEMENT_3D ( 'NONE', #612, #809, #5601 ) ;
#5275 = FACE_OUTER_BOUND ( 'NONE', #2612, .T. ) ;
#5276 = EDGE_CURVE ( 'NONE', #10365, #9722, #713, .T. ) ;
#5277 = ORIENTED_EDGE ( 'NONE', *, *, #11326, .T. ) ;
#5278 = VECTOR ( 'NONE', #4348, 999.9999999999998863 ) ;
#5279 = CIRCLE ( 'NONE', #8603, 1.299999999999999600 ) ;
#5280 = ADVANCED_FACE ( 'NONE', ( #8566 ), #4719, .F. ) ;
#5281 = CARTESIAN_POINT ( 'NONE',  ( -68.79999999999999716, -5.927127171750579571, 20.31456776527364738 ) ) ;
#5282 = VECTOR ( 'NONE', #8594, 1000.000000000000000 ) ;
#5283 = DIRECTION ( 'NONE',  ( 0.2588190451025350058, -0.8031379722975869884, -0.5366396363910629352 ) ) ;
#5284 = DIRECTION ( 'NONE',  ( 0.000000000000000000, -0.3826834323650881720, -0.9238795325112874046 ) ) ;
#5285 = DIRECTION ( 'NONE',  ( 1.000000000000000000, 0.000000000000000000, 0.000000000000000000 ) ) ;
#5286 = VERTEX_POINT ( 'NONE', #2750 ) ;
#5287 = CARTESIAN_POINT ( 'NONE',  ( -78.79999999999999716, -21.45300265671205153, -4.102581749472585138 ) ) ;
#5288 = AXIS2_PLACEMENT_3D ( 'NONE', #230, #8209, #12203 ) ;
#5289 = DIRECTION ( 'NONE',  ( 0.000000000000000000, -0.3826834323650881720, -0.9238795325112874046 ) ) ;
#5290 = EDGE_CURVE ( 'NONE', #9083, #5713, #6625, .T. ) ;
#5291 = AXIS2_PLACEMENT_3D ( 'NONE', #12384, #11413, #2175 ) ;
#5292 = CYLINDRICAL_SURFACE ( 'NONE', #10814, 1.850000000000000311 ) ;
#5293 = VERTEX_POINT ( 'NONE', #2619 ) ;
#5294 = ORIENTED_EDGE ( 'NONE', *, *, #1965, .F. ) ;
#5295 = VERTEX_POINT ( 'NONE', #12558 ) ;
#5296 = DIRECTION ( 'NONE',  ( 0.000000000000000000, -0.9099612708765446589, -0.4146932426562358609 ) ) ;
#5297 = CIRCLE ( 'NONE', #12585, 2.050000000000000711 ) ;
#5298 = VERTEX_POINT ( 'NONE', #10739 ) ;
#5299 = ORIENTED_EDGE ( 'NONE', *, *, #5393, .F. ) ;
#5300 = DIRECTION ( 'NONE',  ( 0.2588190451025250138, -0.8031379722975888757, -0.5366396363910649336 ) ) ;
#5301 = ORIENTED_EDGE ( 'NONE', *, *, #11236, .F. ) ;
#5302 = DIRECTION ( 'NONE',  ( 1.000000000000000000, 0.000000000000000000, 0.000000000000000000 ) ) ;
#5303 = CIRCLE ( 'NONE', #11768, 1.749999999999999556 ) ;
#5304 = ORIENTED_EDGE ( 'NONE', *, *, #284, .T. ) ;
#5305 = VERTEX_POINT ( 'NONE', #7469 ) ;
#5306 = CARTESIAN_POINT ( 'NONE',  ( 14.10000000000099973, -31.00000000000000000, 7.424616477180739413E-13 ) ) ;
#5307 = DIRECTION ( 'NONE',  ( -1.000000000000000000, 0.000000000000000000, 0.000000000000000000 ) ) ;
#5308 = EDGE_CURVE ( 'NONE', #9710, #4110, #9751, .T. ) ;
#5309 = DIRECTION ( 'NONE',  ( -1.000000000000000000, 0.000000000000000000, 0.000000000000000000 ) ) ;
#5310 = DIRECTION ( 'NONE',  ( 1.000000000000000000, -6.705557021117060106E-18, -5.440889002481110112E-18 ) ) ;
#5311 = VERTEX_POINT ( 'NONE', #5514 ) ;
#5312 = ORIENTED_EDGE ( 'NONE', *, *, #7111, .F. ) ;
#5313 = DIRECTION ( 'NONE',  ( 0.000000000000000000, -0.9238795325112875156, 0.3826834323650881720 ) ) ;
#5314 = DIRECTION ( 'NONE',  ( -1.000000000000000000, 4.451867004922774877E-18, 0.000000000000000000 ) ) ;
#5315 = CARTESIAN_POINT ( 'NONE',  ( 17.54641016151380128, -1.991661135859989902E-12, -31.00000000000174794 ) ) ;
#5316 = CARTESIAN_POINT ( 'NONE',  ( -73.59999999999999432, 3.909236809146649616, -15.69172927277374896 ) ) ;
#5317 = DIRECTION ( 'NONE',  ( 4.112988807310472916E-18, 0.9238795325112876267, -0.3826834323650878389 ) ) ;
#5318 = ADVANCED_FACE ( 'NONE', ( #9485 ), #521, .F. ) ;
#5319 = CARTESIAN_POINT ( 'NONE',  ( 14.10000000000099973, 31.00000000000000000, -9.454242944073600684E-13 ) ) ;
#5320 = VERTEX_POINT ( 'NONE', #12500 ) ;
#5321 = DIRECTION ( 'NONE',  ( -1.000000000000000000, 0.000000000000000000, 0.000000000000000000 ) ) ;
#5322 = CARTESIAN_POINT ( 'NONE',  ( -14.90000000000000036, -9.540979117872440597E-15, 44.60000000000000142 ) ) ;
#5323 = ORIENTED_EDGE ( 'NONE', *, *, #4065, .T. ) ;
#5324 = DIRECTION ( 'NONE',  ( 0.000000000000000000, -0.8314696123025475671, -0.5555702330195985139 ) ) ;
#5325 = EDGE_CURVE ( 'NONE', #746, #1516, #9613, .T. ) ;
#5326 = DIRECTION ( 'NONE',  ( -0.7071067811865838770, 0.7071067811865110464, 2.528075749535190757E-15 ) ) ;
#5327 = EDGE_LOOP ( 'NONE', ( #3317, #9854, #10128 ) ) ;
#5328 = CARTESIAN_POINT ( 'NONE',  ( -73.59999999999999432, -2.066205161904769999E-14, 1.491883645478428116E-14 ) ) ;
#5329 = CARTESIAN_POINT ( 'NONE',  ( 14.10000000000099973, 8.265957363029490854E-13, 31.00000000000000000 ) ) ;
#5330 = CARTESIAN_POINT ( 'NONE',  ( -72.84391516214240880, -1.011420541991464139, -15.81693889863030122 ) ) ;
#5331 = EDGE_CURVE ( 'NONE', #8169, #1463, #1559, .T. ) ;
#5332 = VECTOR ( 'NONE', #4018, 1000.000000000000000 ) ;
#5333 = LINE ( 'NONE', #7158, #2555 ) ;
#5334 = DIRECTION ( 'NONE',  ( 1.000000000000000000, 0.000000000000000000, 0.000000000000000000 ) ) ;
#5335 = EDGE_LOOP ( 'NONE', ( #7307, #12927, #4853, #3511, #1113, #5007, #6143, #12072, #4238, #5482, #2526, #4750, #5746, #5304, #2864, #5032, #7071, #12315, #1356, #12431, #3533, #5914, #3630, #1 ) ) ;
#5336 = DIRECTION ( 'NONE',  ( 0.000000000000000000, 0.000000000000000000, 1.000000000000000000 ) ) ;
#5337 = ADVANCED_FACE ( 'NONE', ( #4989 ), #799, .F. ) ;
#5338 = LINE ( 'NONE', #356, #4417 ) ;
#5339 = ORIENTED_EDGE ( 'NONE', *, *, #3485, .F. ) ;
#5340 = AXIS2_PLACEMENT_3D ( 'NONE', #7261, #6280, #10257 ) ;
#5341 = VECTOR ( 'NONE', #6949, 999.9999999999998863 ) ;
#5342 = CARTESIAN_POINT ( 'NONE',  ( -73.59999999999999432, -19.49315820939744981, -3.290787599253285123 ) ) ;
#5343 = CARTESIAN_POINT ( 'NONE',  ( 17.10000000000000142, -1.578749275297414948E-12, -1.742439805832375052E-12 ) ) ;
#5344 = CYLINDRICAL_SURFACE ( 'NONE', #9327, 1.750000000000000222 ) ;
#5345 = EDGE_CURVE ( 'NONE', #4797, #928, #1416, .T. ) ;
#5346 = LINE ( 'NONE', #11434, #4851 ) ;
#5347 = VECTOR ( 'NONE', #9695, 1000.000000000000000 ) ;
#5348 = CIRCLE ( 'NONE', #11820, 1.249999999999985567 ) ;
#5349 = ORIENTED_EDGE ( 'NONE', *, *, #12544, .T. ) ;
#5350 = DIRECTION ( 'NONE',  ( 0.000000000000000000, 0.8314696123025475671, 0.5555702330195986249 ) ) ;
#5351 = AXIS2_PLACEMENT_3D ( 'NONE', #3867, #72, #6957 ) ;
#5352 = EDGE_CURVE ( 'NONE', #4010, #1775, #8318, .T. ) ;
#5353 = DIRECTION ( 'NONE',  ( 0.000000000000000000, 0.000000000000000000, -1.000000000000000000 ) ) ;
#5354 = ORIENTED_EDGE ( 'NONE', *, *, #271, .T. ) ;
#5355 = ORIENTED_EDGE ( 'NONE', *, *, #3824, .T. ) ;
#5356 = CIRCLE ( 'NONE', #8678, 1.249999999999987121 ) ;
#5357 = EDGE_LOOP ( 'NONE', ( #2240, #12498 ) ) ;
#5358 = DIRECTION ( 'NONE',  ( 1.000000000000000000, -6.322502648911719004E-17, 9.462293898829198836E-17 ) ) ;
#5359 = AXIS2_PLACEMENT_3D ( 'NONE', #4335, #9365, #8188 ) ;
#5360 = EDGE_LOOP ( 'NONE', ( #10735, #2911, #4865, #8859 ) ) ;
#5361 = ORIENTED_EDGE ( 'NONE', *, *, #8696, .T. ) ;
#5362 = CARTESIAN_POINT ( 'NONE',  ( 6.599999999999999645, 11.86318640331944074, -28.64026550784920033 ) ) ;
#5363 = EDGE_LOOP ( 'NONE', ( #5807, #1347, #5916, #5089 ) ) ;
#5364 = DIRECTION ( 'NONE',  ( 1.000000000000000000, -6.322502648911709143E-17, 9.462293898829198836E-17 ) ) ;
#5365 = ADVANCED_FACE ( 'NONE', ( #7979 ), #10943, .T. ) ;
#5366 = ORIENTED_EDGE ( 'NONE', *, *, #4940, .F. ) ;
#5367 = DIRECTION ( 'NONE',  ( 0.000000000000000000, -0.9238795325112789669, 0.3826834323651084890 ) ) ;
#5368 = AXIS2_PLACEMENT_3D ( 'NONE', #2722, #9787, #12857 ) ;
#5369 = AXIS2_PLACEMENT_3D ( 'NONE', #5678, #7623, #2910 ) ;
#5370 = CYLINDRICAL_SURFACE ( 'NONE', #5340, 1.599999999999997202 ) ;
#5371 = FACE_OUTER_BOUND ( 'NONE', #4908, .T. ) ;
#5372 = VECTOR ( 'NONE', #3983, 1000.000000000000000 ) ;
#5373 = CARTESIAN_POINT ( 'NONE',  ( 14.10000000000099973, -28.64026550785015246, -11.86318640331715990 ) ) ;
#5374 = VERTEX_POINT ( 'NONE', #11981 ) ;
#5375 = EDGE_CURVE ( 'NONE', #2748, #6048, #3009, .T. ) ;
#5376 = ORIENTED_EDGE ( 'NONE', *, *, #12293, .F. ) ;
#5377 = DIRECTION ( 'NONE',  ( 7.592831564818957410E-18, 0.3826834323650886160, 0.9238795325112872936 ) ) ;
#5378 = VECTOR ( 'NONE', #6311, 1000.000000000000000 ) ;
#5379 = AXIS2_PLACEMENT_3D ( 'NONE', #3175, #10972, #11169 ) ;
#5380 = CIRCLE ( 'NONE', #2018, 0.2000000000000000389 ) ;
#5381 = CARTESIAN_POINT ( 'NONE',  ( -73.59999999999999432, -7.160066376962459955, 2.965796600829434748 ) ) ;
#5382 = CARTESIAN_POINT ( 'NONE',  ( -73.59999999999999432, -9.007825441985040982, 3.731163465559614867 ) ) ;
#5383 = CARTESIAN_POINT ( 'NONE',  ( 6.599999999999999645, 20.67031021678440084, -21.92031021678170077 ) ) ;
#5384 = CARTESIAN_POINT ( 'NONE',  ( -78.79999999999999716, -17.09060480714099839, -11.86270320484029916 ) ) ;
#5385 = AXIS2_PLACEMENT_3D ( 'NONE', #7597, #6564, #2691 ) ;
#5386 = DIRECTION ( 'NONE',  ( -1.000000000000000000, 2.905650844594909648E-18, 7.014861676541880450E-18 ) ) ;
#5387 = ORIENTED_EDGE ( 'NONE', *, *, #6305, .T. ) ;
#5388 = FACE_OUTER_BOUND ( 'NONE', #5966, .T. ) ;
#5389 = DIRECTION ( 'NONE',  ( 1.000000000000000000, -1.067925513466054003E-16, 6.551204957150059656E-17 ) ) ;
#5390 = EDGE_LOOP ( 'NONE', ( #9457, #338 ) ) ;
#5391 = DIRECTION ( 'NONE',  ( -1.000000000000000000, 0.000000000000000000, 0.000000000000000000 ) ) ;
#5392 = CARTESIAN_POINT ( 'NONE',  ( -74.80000000000001137, -2.066205161904769999E-14, 1.491883645478428116E-14 ) ) ;
#5393 = EDGE_CURVE ( 'NONE', #1755, #3078, #1205, .T. ) ;
#5394 = AXIS2_PLACEMENT_3D ( 'NONE', #11440, #4558, #1600 ) ;
#5395 = VERTEX_POINT ( 'NONE', #9880 ) ;
#5396 = VERTEX_POINT ( 'NONE', #3796 ) ;
#5397 = DIRECTION ( 'NONE',  ( 1.000000000000000000, 0.000000000000000000, 0.000000000000000000 ) ) ;
#5398 = DIRECTION ( 'NONE',  ( -0.7071067811865723307, -0.7071067811865228148, -2.559244487379037775E-15 ) ) ;
#5399 = DIRECTION ( 'NONE',  ( -1.000000000000000000, 0.000000000000000000, 0.000000000000000000 ) ) ;
#5400 = EDGE_CURVE ( 'NONE', #12655, #6428, #2052, .T. ) ;
#5401 = DIRECTION ( 'NONE',  ( 0.000000000000000000, 1.000000000000000000, 9.592326932761342412E-14 ) ) ;
#5402 = DIRECTION ( 'NONE',  ( 0.000000000000000000, 0.000000000000000000, 1.000000000000000000 ) ) ;
#5403 = EDGE_LOOP ( 'NONE', ( #5414, #10612, #1843 ) ) ;
#5404 = CARTESIAN_POINT ( 'NONE',  ( 6.599999999999999645, -11.86318640331823993, 28.64026550784970127 ) ) ;
#5405 = VECTOR ( 'NONE', #5017, 1000.000000000000000 ) ;
#5406 = PLANE ( 'NONE',  #7956 ) ;
#5407 = ORIENTED_EDGE ( 'NONE', *, *, #12939, .F. ) ;
#5408 = DIRECTION ( 'NONE',  ( -1.000000000000000000, 6.705557021117060106E-18, 5.440889002481110112E-18 ) ) ;
#5409 = AXIS2_PLACEMENT_3D ( 'NONE', #7553, #6519, #10565 ) ;
#5410 = DIRECTION ( 'NONE',  ( 0.2588190451025215166, -0.8031379722975899860, -0.5366396363910649336 ) ) ;
#5411 = LINE ( 'NONE', #12396, #10588 ) ;
#5412 = AXIS2_PLACEMENT_3D ( 'NONE', #8507, #3600, #10607 ) ;
#5413 = DIRECTION ( 'NONE',  ( 0.000000000000000000, -0.9238795325112789669, 0.3826834323651084890 ) ) ;
#5414 = ORIENTED_EDGE ( 'NONE', *, *, #12804, .F. ) ;
#5415 = LINE ( 'NONE', #5287, #3721 ) ;
#5416 = EDGE_CURVE ( 'NONE', #6129, #5026, #784, .T. ) ;
#5417 = CARTESIAN_POINT ( 'NONE',  ( -14.90000000000000036, -21.25000000000000000, 36.80607966083870508 ) ) ;
#5418 = VERTEX_POINT ( 'NONE', #3930 ) ;
#5419 = EDGE_CURVE ( 'NONE', #5175, #6734, #4859, .T. ) ;
#5420 = ORIENTED_EDGE ( 'NONE', *, *, #11278, .T. ) ;
#5421 = ORIENTED_EDGE ( 'NONE', *, *, #259, .F. ) ;
#5422 = DIRECTION ( 'NONE',  ( -3.104650516289588173E-16, -1.000000000000000000, -3.432150397220115203E-15 ) ) ;
#5423 = ORIENTED_EDGE ( 'NONE', *, *, #10618, .T. ) ;
#5424 = ORIENTED_EDGE ( 'NONE', *, *, #8073, .F. ) ;
#5425 = DIRECTION ( 'NONE',  ( 1.000000000000000000, 0.000000000000000000, 0.000000000000000000 ) ) ;
#5426 = ORIENTED_EDGE ( 'NONE', *, *, #10654, .F. ) ;
#5427 = CONICAL_SURFACE ( 'NONE', #7088, 1.850000000000001421, 1.308996938995734105 ) ;
#5428 = EDGE_CURVE ( 'NONE', #3706, #11359, #11056, .T. ) ;
#5429 = PLANE ( 'NONE',  #6296 ) ;
#5430 = ADVANCED_FACE ( 'NONE', ( #10013 ), #12887, .T. ) ;
#5431 = VERTEX_POINT ( 'NONE', #11854 ) ;
#5432 = CARTESIAN_POINT ( 'NONE',  ( 6.599999999999999645, -34.42296358256754729, -3.301963206785262022E-12 ) ) ;
#5433 = CARTESIAN_POINT ( 'NONE',  ( 14.10000000000099973, -13.39392013277882043, -32.33578363789474963 ) ) ;
#5434 = DIRECTION ( 'NONE',  ( 1.000000000000000000, 0.000000000000000000, 0.000000000000000000 ) ) ;
#5435 = ORIENTED_EDGE ( 'NONE', *, *, #1554, .T. ) ;
#5436 = EDGE_CURVE ( 'NONE', #9067, #1003, #4793, .T. ) ;
#5437 = ORIENTED_EDGE ( 'NONE', *, *, #2374, .T. ) ;
#5438 = DIRECTION ( 'NONE',  ( 0.000000000000000000, -0.9238795325112789669, 0.3826834323651084890 ) ) ;
#5439 = CARTESIAN_POINT ( 'NONE',  ( -59.50000000000000000, -30.17848429061135107, -12.89099133440534040 ) ) ;
#5440 = LINE ( 'NONE', #9351, #12023 ) ;
#5441 = DIRECTION ( 'NONE',  ( 1.000000000000000000, -5.302876193624889562E-17, -3.061616997868539558E-17 ) ) ;
#5442 = LINE ( 'NONE', #12424, #11149 ) ;
#5443 = EDGE_CURVE ( 'NONE', #859, #5418, #2653, .T. ) ;
#5444 = DIRECTION ( 'NONE',  ( 0.000000000000000000, -0.9238795325112788559, 0.3826834323651086556 ) ) ;
#5445 = ORIENTED_EDGE ( 'NONE', *, *, #10379, .T. ) ;
#5446 = CARTESIAN_POINT ( 'NONE',  ( -73.29999999999999716, 19.25717422854824790, -20.89387205478005427 ) ) ;
#5447 = EDGE_CURVE ( 'NONE', #4066, #5744, #3858, .T. ) ;
#5448 = CARTESIAN_POINT ( 'NONE',  ( -1.899999999999999911, -29.89026550784939928, -11.86318640331895935 ) ) ;
#5449 = ORIENTED_EDGE ( 'NONE', *, *, #4640, .F. ) ;
#5450 = FACE_BOUND ( 'NONE', #9460, .T. ) ;
#5451 = CARTESIAN_POINT ( 'NONE',  ( -78.79999999999999716, -23.55776153472005063, -9.183919178284670082 ) ) ;
#5452 = ORIENTED_EDGE ( 'NONE', *, *, #12145, .F. ) ;
#5453 = ORIENTED_EDGE ( 'NONE', *, *, #5474, .T. ) ;
#5454 = DIRECTION ( 'NONE',  ( -7.592831564818948166E-18, -0.3826834323650878389, -0.9238795325112876267 ) ) ;
#5455 = CIRCLE ( 'NONE', #215, 1.850000000000001865 ) ;
#5456 = DIRECTION ( 'NONE',  ( 1.000000000000000000, -6.322502648911709143E-17, 9.462293898829198836E-17 ) ) ;
#5457 = DIRECTION ( 'NONE',  ( 1.000000000000000000, -1.984102504227365030E-17, 0.000000000000000000 ) ) ;
#5458 = DIRECTION ( 'NONE',  ( 0.000000000000000000, 1.000000000000000000, 9.714451465470232062E-14 ) ) ;
#5459 = DIRECTION ( 'NONE',  ( 0.000000000000000000, 0.000000000000000000, 1.000000000000000000 ) ) ;
#5460 = ORIENTED_EDGE ( 'NONE', *, *, #5464, .T. ) ;
#5461 = DIRECTION ( 'NONE',  ( 0.000000000000000000, -0.7933533402912366084, -0.6087614290087186575 ) ) ;
#5462 = CIRCLE ( 'NONE', #10884, 45.00000000000000000 ) ;
#5463 = AXIS2_PLACEMENT_3D ( 'NONE', #829, #3971, #10922 ) ;
#5464 = EDGE_CURVE ( 'NONE', #6380, #5813, #2943, .T. ) ;
#5465 = LINE ( 'NONE', #7356, #6946 ) ;
#5466 = VECTOR ( 'NONE', #7380, 1000.000000000000000 ) ;
#5467 = VERTEX_POINT ( 'NONE', #7154 ) ;
#5468 = LINE ( 'NONE', #11428, #7246 ) ;
#5469 = AXIS2_PLACEMENT_3D ( 'NONE', #10275, #9288, #335 ) ;
#5470 = CARTESIAN_POINT ( 'NONE',  ( -78.79999999999999716, -9.819619592204340108, 5.691007912874180619 ) ) ;
#5471 = CARTESIAN_POINT ( 'NONE',  ( 6.600000000000989964, -20.30352103488874960, -22.59000622342144737 ) ) ;
#5472 = VECTOR ( 'NONE', #10819, 1000.000000000000000 ) ;
#5473 = DIRECTION ( 'NONE',  ( -1.000000000000000000, 0.000000000000000000, 0.000000000000000000 ) ) ;
#5474 = EDGE_CURVE ( 'NONE', #9974, #3696, #7662, .T. ) ;
#5475 = ORIENTED_EDGE ( 'NONE', *, *, #7892, .F. ) ;
#5476 = FACE_BOUND ( 'NONE', #11319, .T. ) ;
#5477 = ORIENTED_EDGE ( 'NONE', *, *, #8549, .F. ) ;
#5478 = EDGE_CURVE ( 'NONE', #10973, #22, #2172, .T. ) ;
#5479 = CIRCLE ( 'NONE', #12774, 34.70000000000000284 ) ;
#5480 = AXIS2_PLACEMENT_3D ( 'NONE', #2297, #1115, #3147 ) ;
#5481 = CYLINDRICAL_SURFACE ( 'NONE', #11450, 1.850000000000000311 ) ;
#5482 = ORIENTED_EDGE ( 'NONE', *, *, #10582, .F. ) ;
#5483 = ORIENTED_EDGE ( 'NONE', *, *, #5096, .F. ) ;
#5484 = VECTOR ( 'NONE', #362, 1000.000000000000000 ) ;
#5485 = ORIENTED_EDGE ( 'NONE', *, *, #1253, .T. ) ;
#5486 = CARTESIAN_POINT ( 'NONE',  ( -14.90000000000000036, 42.50000000000000000, 0.000000000000000000 ) ) ;
#5487 = ORIENTED_EDGE ( 'NONE', *, *, #2939, .F. ) ;
#5488 = ORIENTED_EDGE ( 'NONE', *, *, #8936, .T. ) ;
#5489 = DIRECTION ( 'NONE',  ( -1.000000000000000000, 6.705557021117060106E-18, 5.440889002481110112E-18 ) ) ;
#5490 = ORIENTED_EDGE ( 'NONE', *, *, #5019, .T. ) ;
#5491 = DIRECTION ( 'NONE',  ( -1.000000000000000000, 0.000000000000000000, 0.000000000000000000 ) ) ;
#5492 = ADVANCED_FACE ( 'NONE', ( #10155 ), #7074, .F. ) ;
#5493 = VECTOR ( 'NONE', #5214, 1000.000000000000114 ) ;
#5494 = ORIENTED_EDGE ( 'NONE', *, *, #1083, .F. ) ;
#5495 = ORIENTED_EDGE ( 'NONE', *, *, #7494, .F. ) ;
#5496 = ADVANCED_FACE ( 'NONE', ( #152 ), #11352, .F. ) ;
#5497 = AXIS2_PLACEMENT_3D ( 'NONE', #2440, #8254, #5401 ) ;
#5498 = DIRECTION ( 'NONE',  ( 1.000000000000000000, 0.000000000000000000, 0.000000000000000000 ) ) ;
#5499 = DIRECTION ( 'NONE',  ( 1.000000000000000000, -6.705557021117060106E-18, -5.440889002481110112E-18 ) ) ;
#5500 = CARTESIAN_POINT ( 'NONE',  ( 17.54641016151380128, -23.45852899954460113, -22.94811514787064866 ) ) ;
#5501 = ORIENTED_EDGE ( 'NONE', *, *, #11801, .F. ) ;
#5502 = ADVANCED_FACE ( 'NONE', ( #9171 ), #7283, .F. ) ;
#5503 = ORIENTED_EDGE ( 'NONE', *, *, #3907, .T. ) ;
#5504 = FACE_OUTER_BOUND ( 'NONE', #12158, .T. ) ;
#5505 = AXIS2_PLACEMENT_3D ( 'NONE', #5565, #6678, #6485 ) ;
#5506 = CARTESIAN_POINT ( 'NONE',  ( 6.599999999999999645, -3.301963206785260407E-12, 34.42296358256754729 ) ) ;
#5507 = DIRECTION ( 'NONE',  ( 0.000000000000000000, -0.9238795325112872936, 0.3826834323650886160 ) ) ;
#5508 = PLANE ( 'NONE',  #476 ) ;
#5509 = CARTESIAN_POINT ( 'NONE',  ( -43.90000000000000568, -44.69999999999998863, -1.569718137686027876E-13 ) ) ;
#5510 = ORIENTED_EDGE ( 'NONE', *, *, #3420, .F. ) ;
#5511 = LINE ( 'NONE', #2682, #2946 ) ;
#5512 = DIRECTION ( 'NONE',  ( 1.000000000000000000, 0.000000000000000000, 0.000000000000000000 ) ) ;
#5513 = VERTEX_POINT ( 'NONE', #9235 ) ;
#5514 = CARTESIAN_POINT ( 'NONE',  ( 17.54641016151375155, -23.45852899954414994, 20.89250528569510124 ) ) ;
#5515 = CARTESIAN_POINT ( 'NONE',  ( -73.40000000000000568, -30.48802457287246170, 12.62855326804792711 ) ) ;
#5516 = VERTEX_POINT ( 'NONE', #6309 ) ;
#5517 = EDGE_LOOP ( 'NONE', ( #5475, #7376, #4136, #9927 ) ) ;
#5518 = CARTESIAN_POINT ( 'NONE',  ( -73.59999999999999432, 1.049419181516655842E-14, 5.142634763737189527E-15 ) ) ;
#5519 = DIRECTION ( 'NONE',  ( 0.000000000000000000, -0.9238795325112872936, 0.3826834323650886160 ) ) ;
#5520 = LINE ( 'NONE', #12256, #10797 ) ;
#5521 = EDGE_CURVE ( 'NONE', #5005, #1827, #3301, .T. ) ;
#5522 = CARTESIAN_POINT ( 'NONE',  ( 5.599999999999999645, 3.989273081794881486E-15, -2.303207887645388045E-15 ) ) ;
#5523 = ORIENTED_EDGE ( 'NONE', *, *, #6481, .F. ) ;
#5524 = DIRECTION ( 'NONE',  ( 7.592831564818952788E-18, 0.3826834323650881720, 0.9238795325112874046 ) ) ;
#5525 = CARTESIAN_POINT ( 'NONE',  ( -73.59999999999999432, 3.265388372460255262, -17.41378014036635236 ) ) ;
#5526 = EDGE_LOOP ( 'NONE', ( #11136, #12100 ) ) ;
#5527 = DIRECTION ( 'NONE',  ( 1.000000000000000000, -6.705557021117060106E-18, -5.440889002481110112E-18 ) ) ;
#5528 = CARTESIAN_POINT ( 'NONE',  ( 17.39999999999999858, -1.578781313062820085E-12, -1.742420152217504864E-12 ) ) ;
#5529 = DIRECTION ( 'NONE',  ( 1.000000000000000000, 0.000000000000000000, 0.000000000000000000 ) ) ;
#5530 = ADVANCED_FACE ( 'NONE', ( #2243 ), #3285, .F. ) ;
#5531 = CARTESIAN_POINT ( 'NONE',  ( -1.899999999999999911, 27.39026550784895164, 11.86318640331993990 ) ) ;
#5532 = ORIENTED_EDGE ( 'NONE', *, *, #6252, .T. ) ;
#5533 = CARTESIAN_POINT ( 'NONE',  ( -11.90000000000001101, -42.49999999999999289, 1.614994587313633979E-15 ) ) ;
#5534 = ORIENTED_EDGE ( 'NONE', *, *, #10897, .F. ) ;
#5535 = DIRECTION ( 'NONE',  ( 0.000000000000000000, -0.9238795325112868495, 0.3826834323650896152 ) ) ;
#5536 = ORIENTED_EDGE ( 'NONE', *, *, #4383, .T. ) ;
#5537 = ORIENTED_EDGE ( 'NONE', *, *, #4537, .T. ) ;
#5538 = ORIENTED_EDGE ( 'NONE', *, *, #4782, .F. ) ;
#5539 = CARTESIAN_POINT ( 'NONE',  ( -78.79999999999999716, -14.53750439996506039, -0.4727217162303000153 ) ) ;
#5540 = ORIENTED_EDGE ( 'NONE', *, *, #12620, .F. ) ;
#5541 = ORIENTED_EDGE ( 'NONE', *, *, #9404, .F. ) ;
#5542 = CARTESIAN_POINT ( 'NONE',  ( -73.40000000000000568, 30.48802457287261802, -12.62855326804757539 ) ) ;
#5544 = EDGE_CURVE ( 'NONE', #12270, #3945, #3506, .T. ) ;
#5543 = EDGE_LOOP ( 'NONE', ( #9788, #2479, #280, #7983 ) ) ;
#5545 = CARTESIAN_POINT ( 'NONE',  ( -14.90000000000000036, 6.045201197718049712E-15, -3.490198538808399630E-15 ) ) ;
#5546 = CIRCLE ( 'NONE', #8468, 1.249999999999987121 ) ;
#5547 = ORIENTED_EDGE ( 'NONE', *, *, #1727, .F. ) ;
#5548 = AXIS2_PLACEMENT_3D ( 'NONE', #6033, #714, #11718 ) ;
#5549 = EDGE_CURVE ( 'NONE', #501, #10751, #2373, .T. ) ;
#5550 = DIRECTION ( 'NONE',  ( 0.000000000000000000, -0.9238795325112852952, 0.3826834323650935010 ) ) ;
#5551 = DIRECTION ( 'NONE',  ( 1.000000000000000000, 0.000000000000000000, 0.000000000000000000 ) ) ;
#5552 = CIRCLE ( 'NONE', #3243, 1.850000000000001865 ) ;
#5553 = CIRCLE ( 'NONE', #12853, 1.000000000000000888 ) ;
#5554 = DIRECTION ( 'NONE',  ( 0.000000000000000000, 0.8314696123025479002, 0.5555702330195982919 ) ) ;
#5555 = ORIENTED_EDGE ( 'NONE', *, *, #271, .F. ) ;
#5556 = AXIS2_PLACEMENT_3D ( 'NONE', #6170, #9103, #8121 ) ;
#5557 = AXIS2_PLACEMENT_3D ( 'NONE', #9241, #10162, #5402 ) ;
#5558 = ORIENTED_EDGE ( 'NONE', *, *, #2166, .T. ) ;
#5559 = CARTESIAN_POINT ( 'NONE',  ( -73.09999999999999432, -31.78145591838846329, 13.16431007335871328 ) ) ;
#5560 = DIRECTION ( 'NONE',  ( 1.000000000000000000, -6.705557021117060106E-18, -5.440889002481110112E-18 ) ) ;
#5561 = AXIS2_PLACEMENT_3D ( 'NONE', #6851, #1934, #5933 ) ;
#5562 = CIRCLE ( 'NONE', #4292, 0.9999999999999998890 ) ;
#5563 = CIRCLE ( 'NONE', #3888, 0.2999999999999999889 ) ;
#5564 = DIRECTION ( 'NONE',  ( -1.000000000000000000, 1.579784224483829016E-16, -1.579784224483928116E-16 ) ) ;
#5565 = CARTESIAN_POINT ( 'NONE',  ( 14.10000000000099973, 28.64026550785025194, 11.86318640331695917 ) ) ;
#5566 = AXIS2_PLACEMENT_3D ( 'NONE', #5771, #1961, #12819 ) ;
#5567 = CARTESIAN_POINT ( 'NONE',  ( -11.90000000000000391, 36.80607966083874771, 21.25000000000000000 ) ) ;
#5568 = EDGE_LOOP ( 'NONE', ( #11774, #10929 ) ) ;
#5569 = CIRCLE ( 'NONE', #9733, 1.000000000000000888 ) ;
#5570 = DIRECTION ( 'NONE',  ( 1.000000000000000000, 0.000000000000000000, 0.000000000000000000 ) ) ;
#5571 = DIRECTION ( 'NONE',  ( 1.000000000000000000, -6.322502648911709143E-17, 9.462293898829198836E-17 ) ) ;
#5572 = AXIS2_PLACEMENT_3D ( 'NONE', #3607, #9621, #4664 ) ;
#5573 = CIRCLE ( 'NONE', #9739, 1.300000000000000933 ) ;
#5574 = ORIENTED_EDGE ( 'NONE', *, *, #12390, .F. ) ;
#5575 = VECTOR ( 'NONE', #5408, 1000.000000000000000 ) ;
#5576 = CARTESIAN_POINT ( 'NONE',  ( -73.59999999999999432, 0.9983241800527260512, 0.7660410861064149701 ) ) ;
#5577 = ADVANCED_FACE ( 'NONE', ( #8192 ), #5196, .T. ) ;
#5578 = LINE ( 'NONE', #8437, #4093 ) ;
#5579 = ORIENTED_EDGE ( 'NONE', *, *, #1325, .F. ) ;
#5580 = DIRECTION ( 'NONE',  ( -6.705557021117060106E-18, -1.000000000000000000, 0.000000000000000000 ) ) ;
#5581 = ORIENTED_EDGE ( 'NONE', *, *, #12834, .F. ) ;
#5582 = CARTESIAN_POINT ( 'NONE',  ( -73.29999999999999716, 3.247294632335099962, -16.37719046283864799 ) ) ;
#5583 = EDGE_CURVE ( 'NONE', #701, #7304, #4561, .T. ) ;
#5584 = LINE ( 'NONE', #7475, #7996 ) ;
#5585 = LINE ( 'NONE', #8707, #3067 ) ;
#5586 = EDGE_CURVE ( 'NONE', #2748, #431, #3723, .T. ) ;
#5587 = CARTESIAN_POINT ( 'NONE',  ( -56.21032168798580386, -16.41245993916304968, 13.29261670046076027 ) ) ;
#5588 = AXIS2_PLACEMENT_3D ( 'NONE', #6292, #8237, #4694 ) ;
#5589 = EDGE_CURVE ( 'NONE', #9734, #2435, #4992, .T. ) ;
#5590 = DIRECTION ( 'NONE',  ( 1.552325258144794086E-16, 1.000000000000000000, 3.515417124066999971E-15 ) ) ;
#5591 = ORIENTED_EDGE ( 'NONE', *, *, #926, .F. ) ;
#5592 = ADVANCED_FACE ( 'NONE', ( #281 ), #3346, .F. ) ;
#5593 = CARTESIAN_POINT ( 'NONE',  ( -73.29999999999999716, 23.14656907855829715, -16.27082028124765145 ) ) ;
#5594 = DIRECTION ( 'NONE',  ( 0.2588190451025066396, -0.8031379722975934277, -0.5366396363910671541 ) ) ;
#5595 = VECTOR ( 'NONE', #5221, 1000.000000000000114 ) ;
#5596 = EDGE_LOOP ( 'NONE', ( #8629, #4601, #128, #5494 ) ) ;
#5597 = EDGE_CURVE ( 'NONE', #2372, #6707, #8732, .T. ) ;
#5598 = CARTESIAN_POINT ( 'NONE',  ( 13.60000000000099796, -32.15100773139251089, 13.31738344630578830 ) ) ;
#5599 = CARTESIAN_POINT ( 'NONE',  ( 6.599999999999999645, 11.86318640331520058, 28.64026550785100156 ) ) ;
#5600 = CARTESIAN_POINT ( 'NONE',  ( 5.100000000000006750, -44.99999999999524647, -2.332119945578339300E-15 ) ) ;
#5601 = DIRECTION ( 'NONE',  ( 0.000000000000000000, 1.000000000000000000, 0.000000000000000000 ) ) ;
#5602 = DIRECTION ( 'NONE',  ( 1.000000000000000000, 0.000000000000000000, 0.000000000000000000 ) ) ;
#5603 = ORIENTED_EDGE ( 'NONE', *, *, #7408, .T. ) ;
#5604 = AXIS2_PLACEMENT_3D ( 'NONE', #2300, #10284, #5324 ) ;
#5605 = ADVANCED_FACE ( 'NONE', ( #8248 ), #12121, .F. ) ;
#5606 = DIRECTION ( 'NONE',  ( 1.000000000000000000, -6.322502648911709143E-17, 9.462293898829198836E-17 ) ) ;
#5607 = ORIENTED_EDGE ( 'NONE', *, *, #1450, .F. ) ;
#5608 = VERTEX_POINT ( 'NONE', #11665 ) ;
#5609 = CARTESIAN_POINT ( 'NONE',  ( 17.54641016151375155, -30.17848429061135107, -12.89099133440534040 ) ) ;
#5610 = VERTEX_POINT ( 'NONE', #5646 ) ;
#5611 = ORIENTED_EDGE ( 'NONE', *, *, #7622, .T. ) ;
#5612 = VECTOR ( 'NONE', #6903, 1000.000000000000000 ) ;
#5613 = AXIS2_PLACEMENT_3D ( 'NONE', #1440, #6690, #8573 ) ;
#5614 = DIRECTION ( 'NONE',  ( 1.000000000000000000, -6.705557021117060106E-18, -5.440889002481110112E-18 ) ) ;
#5615 = EDGE_LOOP ( 'NONE', ( #2549, #8930, #877 ) ) ;
#5616 = ORIENTED_EDGE ( 'NONE', *, *, #7299, .F. ) ;
#5617 = DIRECTION ( 'NONE',  ( 1.000000000000000000, 0.000000000000000000, 0.000000000000000000 ) ) ;
#5618 = EDGE_LOOP ( 'NONE', ( #10488, #12660 ) ) ;
#5619 = CARTESIAN_POINT ( 'NONE',  ( 14.10000000000099973, -21.92031021678245040, 21.92031021678350200 ) ) ;
#5620 = ORIENTED_EDGE ( 'NONE', *, *, #6381, .F. ) ;
#5621 = ORIENTED_EDGE ( 'NONE', *, *, #6392, .T. ) ;
#5622 = VECTOR ( 'NONE', #58, 999.9999999999998863 ) ;
#5623 = CIRCLE ( 'NONE', #9372, 1.599999999999997202 ) ;
#5624 = FACE_BOUND ( 'NONE', #5894, .T. ) ;
#5625 = CARTESIAN_POINT ( 'NONE',  ( -72.84391516214240880, -12.81588398297859932, 7.603326538346020236 ) ) ;
#5626 = ADVANCED_FACE ( 'NONE', ( #3604 ), #3540, .F. ) ;
#5627 = CARTESIAN_POINT ( 'NONE',  ( 17.10000000000000142, -22.44967953217039991, -15.00039629153090104 ) ) ;
#5628 = EDGE_LOOP ( 'NONE', ( #8605, #11822, #107, #11441 ) ) ;
#5629 = VECTOR ( 'NONE', #11767, 1000.000000000000000 ) ;
#5630 = EDGE_CURVE ( 'NONE', #9560, #11115, #3934, .T. ) ;
#5631 = ORIENTED_EDGE ( 'NONE', *, *, #5971, .T. ) ;
#5632 = FACE_OUTER_BOUND ( 'NONE', #7803, .T. ) ;
#5633 = DIRECTION ( 'NONE',  ( 1.000000000000000000, -1.067925513466054003E-16, 6.551204957150059656E-17 ) ) ;
#5634 = FACE_OUTER_BOUND ( 'NONE', #10374, .T. ) ;
#5635 = CARTESIAN_POINT ( 'NONE',  ( 14.10000000000099973, -23.53709939867820111, -21.25061421014360263 ) ) ;
#5636 = DIRECTION ( 'NONE',  ( 0.000000000000000000, -0.8314696123025484553, -0.5555702330195975147 ) ) ;
#5637 = ORIENTED_EDGE ( 'NONE', *, *, #7301, .F. ) ;
#5638 = LINE ( 'NONE', #11526, #8794 ) ;
#5639 = EDGE_CURVE ( 'NONE', #12276, #4298, #657, .T. ) ;
#5640 = DIRECTION ( 'NONE',  ( -1.000000000000000000, 6.705557021117060106E-18, 5.440889002481110112E-18 ) ) ;
#5641 = ORIENTED_EDGE ( 'NONE', *, *, #3260, .T. ) ;
#5642 = DIRECTION ( 'NONE',  ( 1.000000000000000000, -6.705557021117060106E-18, -5.440889002481110112E-18 ) ) ;
#5643 = FACE_OUTER_BOUND ( 'NONE', #11213, .T. ) ;
#5644 = CARTESIAN_POINT ( 'NONE',  ( 14.10000000000099973, -1.067722299463723959E-12, -31.00000000000000000 ) ) ;
#5645 = ORIENTED_EDGE ( 'NONE', *, *, #1544, .T. ) ;
#5646 = CARTESIAN_POINT ( 'NONE',  ( -73.29999999999999716, 21.07874370250854668, -11.93329815287010121 ) ) ;
#5647 = CARTESIAN_POINT ( 'NONE',  ( -14.90000000000000036, -1.502739677805258186E-14, -44.60000000000000142 ) ) ;
#5648 = CARTESIAN_POINT ( 'NONE',  ( 6.599999999999999645, -28.64026550785020220, 11.86318640331699825 ) ) ;
#5649 = FACE_OUTER_BOUND ( 'NONE', #146, .T. ) ;
#5650 = EDGE_CURVE ( 'NONE', #1067, #10668, #596, .T. ) ;
#5651 = DIRECTION ( 'NONE',  ( -4.112988807310475227E-18, -0.9238795325112871826, 0.3826834323650885605 ) ) ;
#5652 = ORIENTED_EDGE ( 'NONE', *, *, #1486, .F. ) ;
#5653 = EDGE_CURVE ( 'NONE', #11374, #9595, #717, .T. ) ;
#5654 = CARTESIAN_POINT ( 'NONE',  ( 14.10000000000099973, 28.64026550784949876, -11.86318640331868046 ) ) ;
#5655 = DIRECTION ( 'NONE',  ( -1.000000000000000000, 6.322502648911719004E-17, -9.462293898829198836E-17 ) ) ;
#5656 = EDGE_CURVE ( 'NONE', #1564, #6135, #1388, .T. ) ;
#5657 = ORIENTED_EDGE ( 'NONE', *, *, #8608, .T. ) ;
#5658 = ADVANCED_FACE ( 'NONE', ( #9489 ), #4661, .F. ) ;
#5659 = AXIS2_PLACEMENT_3D ( 'NONE', #9836, #12066, #9048 ) ;
#5660 = CARTESIAN_POINT ( 'NONE',  ( -72.84391516214240880, -12.81588398297859932, 7.603326538346020236 ) ) ;
#5661 = LINE ( 'NONE', #8649, #12381 ) ;
#5662 = CARTESIAN_POINT ( 'NONE',  ( 6.599999999999999645, 10.61318640331520058, 28.64026550785084879 ) ) ;
#5663 = CARTESIAN_POINT ( 'NONE',  ( -43.70000000000000995, -44.89999999999999858, -1.567420837693391918E-13 ) ) ;
#5664 = AXIS2_PLACEMENT_3D ( 'NONE', #12511, #11671, #11795 ) ;
#5665 = CARTESIAN_POINT ( 'NONE',  ( -65.19999999999998863, -2.066205161904769999E-14, 1.491883645478428116E-14 ) ) ;
#5666 = ORIENTED_EDGE ( 'NONE', *, *, #373, .T. ) ;
#5667 = AXIS2_PLACEMENT_3D ( 'NONE', #8357, #11387, #10397 ) ;
#5668 = CARTESIAN_POINT ( 'NONE',  ( -59.50000000000000000, 10.32496762055614070, -29.66807043893804874 ) ) ;
#5669 = ADVANCED_FACE ( 'NONE', ( #7531 ), #11408, .T. ) ;
#5670 = EDGE_LOOP ( 'NONE', ( #1276, #9153 ) ) ;
#5671 = VECTOR ( 'NONE', #8768, 1000.000000000000000 ) ;
#5672 = ORIENTED_EDGE ( 'NONE', *, *, #12820, .F. ) ;
#5673 = FACE_OUTER_BOUND ( 'NONE', #7129, .T. ) ;
#5674 = VERTEX_POINT ( 'NONE', #8638 ) ;
#5675 = EDGE_LOOP ( 'NONE', ( #3684, #7182 ) ) ;
#5676 = CIRCLE ( 'NONE', #8171, 1.750000000000001110 ) ;
#5677 = AXIS2_PLACEMENT_3D ( 'NONE', #7163, #11422, #8203 ) ;
#5678 = CARTESIAN_POINT ( 'NONE',  ( 6.599999999999999645, 11.86318640331944074, -28.64026550784920033 ) ) ;
#5679 = AXIS2_PLACEMENT_3D ( 'NONE', #2915, #10974, #5935 ) ;
#5680 = ORIENTED_EDGE ( 'NONE', *, *, #1204, .F. ) ;
#5681 = EDGE_LOOP ( 'NONE', ( #11788, #7728 ) ) ;
#5682 = CARTESIAN_POINT ( 'NONE',  ( -72.84391516214240880, -19.15690206252150318, 1.440695445595141955 ) ) ;
#5683 = ORIENTED_EDGE ( 'NONE', *, *, #9950, .T. ) ;
#5684 = CARTESIAN_POINT ( 'NONE',  ( -72.84391516214240880, -14.66364304800118035, 8.368693403076200354 ) ) ;
#5685 = DIRECTION ( 'NONE',  ( 0.000000000000000000, -0.9238795325112789669, 0.3826834323651084890 ) ) ;
#5686 = ORIENTED_EDGE ( 'NONE', *, *, #547, .F. ) ;
#5687 = CARTESIAN_POINT ( 'NONE',  ( 17.60000000000000142, 10.15867369809615894, 27.50134653015789965 ) ) ;
#5688 = EDGE_CURVE ( 'NONE', #7977, #8897, #3697, .T. ) ;
#5689 = VECTOR ( 'NONE', #1351, 999.9999999999998863 ) ;
#5690 = FACE_OUTER_BOUND ( 'NONE', #821, .T. ) ;
#5691 = CIRCLE ( 'NONE', #11949, 1.000000000000000888 ) ;
#5692 = FACE_OUTER_BOUND ( 'NONE', #10475, .T. ) ;
#5693 = ORIENTED_EDGE ( 'NONE', *, *, #667, .F. ) ;
#5694 = ORIENTED_EDGE ( 'NONE', *, *, #7862, .T. ) ;
#5695 = PLANE ( 'NONE',  #3043 ) ;
#5696 = EDGE_CURVE ( 'NONE', #1735, #10446, #3480, .T. ) ;
#5697 = CARTESIAN_POINT ( 'NONE',  ( -1.899999999999999911, 1.642041500214240179E-12, -31.00000000000000000 ) ) ;
#5698 = VECTOR ( 'NONE', #5050, 999.9999999999998863 ) ;
#5699 = AXIS2_PLACEMENT_3D ( 'NONE', #7411, #218, #7287 ) ;
#5700 = CARTESIAN_POINT ( 'NONE',  ( -78.79999999999999716, -23.55776153472005063, -9.183919178284670082 ) ) ;
#5701 = EDGE_CURVE ( 'NONE', #1218, #9018, #3073, .T. ) ;
#5702 = CARTESIAN_POINT ( 'NONE',  ( -72.84391516214240880, -9.582305619189098067, 6.263934525068219905 ) ) ;
#5703 = EDGE_CURVE ( 'NONE', #2436, #1913, #4726, .T. ) ;
#5704 = DIRECTION ( 'NONE',  ( 0.000000000000000000, 1.000000000000000000, 9.575673587392073611E-14 ) ) ;
#5705 = VERTEX_POINT ( 'NONE', #1567 ) ;
#5706 = CARTESIAN_POINT ( 'NONE',  ( -11.90000000000000036, 21.24999999999965183, -38.40607966083884151 ) ) ;
#5707 = DIRECTION ( 'NONE',  ( 0.000000000000000000, -0.3826834323650878389, -0.9238795325112876267 ) ) ;
#5708 = ORIENTED_EDGE ( 'NONE', *, *, #4868, .F. ) ;
#5709 = VECTOR ( 'NONE', #12613, 1000.000000000000000 ) ;
#5710 = CARTESIAN_POINT ( 'NONE',  ( -1.899999999999999911, 29.89026550784889835, 11.86318640332019925 ) ) ;
#5711 = DIRECTION ( 'NONE',  ( 1.000000000000000000, -6.705557021117060106E-18, -5.440889002481110112E-18 ) ) ;
#5712 = DIRECTION ( 'NONE',  ( 0.000000000000000000, 1.000000000000000000, 9.575673587392073611E-14 ) ) ;
#5713 = VERTEX_POINT ( 'NONE', #11477 ) ;
#5714 = CARTESIAN_POINT ( 'NONE',  ( -59.50000000000000000, -29.01828946936050002, -19.38940113238571428 ) ) ;
#5715 = AXIS2_PLACEMENT_3D ( 'NONE', #4264, #8382, #1441 ) ;
#5716 = DIRECTION ( 'NONE',  ( 0.000000000000000000, 0.000000000000000000, -1.000000000000000000 ) ) ;
#5717 = DIRECTION ( 'NONE',  ( 0.000000000000000000, 0.3826834323650881720, 0.9238795325112874046 ) ) ;
#5718 = FACE_OUTER_BOUND ( 'NONE', #2883, .T. ) ;
#5719 = AXIS2_PLACEMENT_3D ( 'NONE', #12741, #9019, #12943 ) ;
#5720 = CARTESIAN_POINT ( 'NONE',  ( -78.79999999999999716, -7.523518998013789982, 11.23428510794190061 ) ) ;
#5721 = EDGE_LOOP ( 'NONE', ( #831, #5445, #3847, #9421 ) ) ;
#5722 = CARTESIAN_POINT ( 'NONE',  ( 14.10000000000099973, 13.47997558521156058, -29.30996151448924891 ) ) ;
#5723 = EDGE_CURVE ( 'NONE', #3954, #10817, #2734, .T. ) ;
#5724 = DIRECTION ( 'NONE',  ( 0.000000000000000000, 1.000000000000000000, 9.575673587392073611E-14 ) ) ;
#5725 = ORIENTED_EDGE ( 'NONE', *, *, #4356, .F. ) ;
#5726 = CARTESIAN_POINT ( 'NONE',  ( 17.60000000000000142, -30.34477821307190126, -13.00210538100925994 ) ) ;
#5727 = CARTESIAN_POINT ( 'NONE',  ( 14.09999999999999964, 29.46178121723869836, -1.027804931088306173 ) ) ;
#5728 = DIRECTION ( 'NONE',  ( 0.000000000000000000, -0.9238795325112875156, 0.3826834323650881720 ) ) ;
#5729 = DIRECTION ( 'NONE',  ( 0.000000000000000000, -3.491481338843136511E-15, -1.000000000000000000 ) ) ;
#5730 = CARTESIAN_POINT ( 'NONE',  ( -72.84391516214240880, 17.67243103054569886, -20.47127414141014867 ) ) ;
#5731 = EDGE_LOOP ( 'NONE', ( #11369, #5558, #10151, #2721 ) ) ;
#5732 = ORIENTED_EDGE ( 'NONE', *, *, #12804, .T. ) ;
#5733 = DIRECTION ( 'NONE',  ( 0.000000000000000000, 0.000000000000000000, 1.000000000000000000 ) ) ;
#5734 = ORIENTED_EDGE ( 'NONE', *, *, #449, .T. ) ;
#5735 = CARTESIAN_POINT ( 'NONE',  ( -78.79999999999999716, -11.45680612973061940, 16.11068258348375082 ) ) ;
#5736 = ORIENTED_EDGE ( 'NONE', *, *, #5942, .T. ) ;
#5737 = LINE ( 'NONE', #4959, #1614 ) ;
#5738 = ORIENTED_EDGE ( 'NONE', *, *, #4394, .F. ) ;
#5739 = ADVANCED_FACE ( 'NONE', ( #8705 ), #7532, .F. ) ;
#5740 = CARTESIAN_POINT ( 'NONE',  ( 13.60000000000099796, 32.15100773139249668, -13.31738344630579185 ) ) ;
#5741 = EDGE_LOOP ( 'NONE', ( #8545, #3105 ) ) ;
#5742 = ORIENTED_EDGE ( 'NONE', *, *, #12358, .F. ) ;
#5743 = DIRECTION ( 'NONE',  ( -1.000000000000000000, 2.905650844594894626E-18, 7.014861676541880450E-18 ) ) ;
#5744 = VERTEX_POINT ( 'NONE', #9430 ) ;
#5745 = CARTESIAN_POINT ( 'NONE',  ( -73.59999999999999432, -14.20124825308909955, 4.258761328618125397 ) ) ;
#5746 = ORIENTED_EDGE ( 'NONE', *, *, #9521, .T. ) ;
#5747 = EDGE_CURVE ( 'NONE', #6169, #5418, #470, .T. ) ;
#5748 = CARTESIAN_POINT ( 'NONE',  ( -73.59999999999999432, -13.99067572559281913, 13.91306913449752081 ) ) ;
#5749 = ADVANCED_FACE ( 'NONE', ( #6496 ), #1506, .F. ) ;
#5750 = DIRECTION ( 'NONE',  ( 1.000000000000000000, 0.000000000000000000, 0.000000000000000000 ) ) ;
#5751 = EDGE_CURVE ( 'NONE', #1336, #8362, #9415, .T. ) ;
#5752 = CARTESIAN_POINT ( 'NONE',  ( -11.50000000000000533, -38.97114317029482322, 22.49999999999896971 ) ) ;
#5753 = EDGE_LOOP ( 'NONE', ( #2242, #2853, #10771, #4588 ) ) ;
#5754 = EDGE_LOOP ( 'NONE', ( #1459, #7309, #6930, #8730 ) ) ;
#5755 = LINE ( 'NONE', #12677, #10998 ) ;
#5756 = EDGE_CURVE ( 'NONE', #1877, #2209, #5107, .T. ) ;
#5757 = AXIS2_PLACEMENT_3D ( 'NONE', #9208, #5307, #256 ) ;
#5758 = LINE ( 'NONE', #8753, #7223 ) ;
#5759 = AXIS2_PLACEMENT_3D ( 'NONE', #3136, #2354, #12299 ) ;
#5760 = DIRECTION ( 'NONE',  ( 4.112988807310472916E-18, 0.9238795325112876267, -0.3826834323650878389 ) ) ;
#5761 = CARTESIAN_POINT ( 'NONE',  ( 14.10000000000099973, -21.92031021678345226, -21.92031021678255343 ) ) ;
#5762 = CONICAL_SURFACE ( 'NONE', #8663, 1.850000000000001865, 1.308996938995731441 ) ;
#5763 = AXIS2_PLACEMENT_3D ( 'NONE', #5841, #9818, #854 ) ;
#5764 = DIRECTION ( 'NONE',  ( 0.000000000000000000, 0.8314696123025475671, 0.5555702330195986249 ) ) ;
#5765 = EDGE_LOOP ( 'NONE', ( #2466, #8405, #4701, #4327 ) ) ;
#5766 = CARTESIAN_POINT ( 'NONE',  ( -56.21032168798580386, -25.02283716737749941, -7.494672781043190568 ) ) ;
#5767 = ADVANCED_FACE ( 'NONE', ( #9072 ), #7123, .F. ) ;
#5768 = DIRECTION ( 'NONE',  ( 1.000000000000000000, 0.000000000000000000, 0.000000000000000000 ) ) ;
#5769 = EDGE_LOOP ( 'NONE', ( #207, #563, #6578, #233 ) ) ;
#5770 = DIRECTION ( 'NONE',  ( 0.5150380749100560429, -0.8571673007021111124, -8.211731712495831096E-14 ) ) ;
#5771 = CARTESIAN_POINT ( 'NONE',  ( 14.10000000000099973, -11.86318640331839980, -28.64026550784965153 ) ) ;
#5772 = AXIS2_PLACEMENT_3D ( 'NONE', #10249, #1282, #9268 ) ;
#5773 = VECTOR ( 'NONE', #9735, 1000.000000000000000 ) ;
#5774 = AXIS2_PLACEMENT_3D ( 'NONE', #5329, #7533, #9491 ) ;
#5775 = PLANE ( 'NONE',  #2695 ) ;
#5776 = ORIENTED_EDGE ( 'NONE', *, *, #6831, .F. ) ;
#5777 = FACE_OUTER_BOUND ( 'NONE', #630, .T. ) ;
#5778 = AXIS2_PLACEMENT_3D ( 'NONE', #1502, #6626, #4398 ) ;
#5779 = FACE_OUTER_BOUND ( 'NONE', #10244, .T. ) ;
#5780 = LINE ( 'NONE', #855, #6205 ) ;
#5781 = AXIS2_PLACEMENT_3D ( 'NONE', #3083, #6888, #11989 ) ;
#5782 = CARTESIAN_POINT ( 'NONE',  ( -73.59999999999999432, 12.94911741539872096, -18.16570555090650174 ) ) ;
#5783 = PLANE ( 'NONE',  #12245 ) ;
#5784 = ORIENTED_EDGE ( 'NONE', *, *, #10855, .T. ) ;
#5785 = VECTOR ( 'NONE', #8044, 999.9999999999998863 ) ;
#5786 = LINE ( 'NONE', #798, #4608 ) ;
#5787 = CONICAL_SURFACE ( 'NONE', #2226, 34.80000000000000426, 0.7853981633974829180 ) ;
#5788 = DIRECTION ( 'NONE',  ( -1.000000000000000000, 0.000000000000000000, 0.000000000000000000 ) ) ;
#5789 = CIRCLE ( 'NONE', #721, 1.750000000000001110 ) ;
#5790 = EDGE_CURVE ( 'NONE', #3504, #412, #3125, .T. ) ;
#5791 = EDGE_LOOP ( 'NONE', ( #656, #3615, #2518, #723 ) ) ;
#5792 = ADVANCED_FACE ( 'NONE', ( #1222 ), #1153, .F. ) ;
#5793 = DIRECTION ( 'NONE',  ( 0.000000000000000000, 0.3826834323650881720, 0.9238795325112874046 ) ) ;
#5794 = DIRECTION ( 'NONE',  ( 1.000000000000000000, -6.705557021117060106E-18, -5.440889002481110112E-18 ) ) ;
#5795 = CARTESIAN_POINT ( 'NONE',  ( 14.10000000000099973, 10.24639722142207887, -27.97056950121135088 ) ) ;
#5796 = FACE_OUTER_BOUND ( 'NONE', #3984, .T. ) ;
#5797 = DIRECTION ( 'NONE',  ( 0.000000000000000000, 1.000000000000000000, 9.714451465470110893E-14 ) ) ;
#5798 = FACE_OUTER_BOUND ( 'NONE', #6156, .T. ) ;
#5799 = ORIENTED_EDGE ( 'NONE', *, *, #2060, .T. ) ;
#5800 = DIRECTION ( 'NONE',  ( 1.000000000000000000, -6.705557021117060106E-18, -5.440889002481110112E-18 ) ) ;
#5801 = VERTEX_POINT ( 'NONE', #5231 ) ;
#5802 = DIRECTION ( 'NONE',  ( 1.000000000000000000, -6.322502648911719004E-17, 9.462293898829198836E-17 ) ) ;
#5803 = VERTEX_POINT ( 'NONE', #56 ) ;
#5804 = CARTESIAN_POINT ( 'NONE',  ( 17.54641016151380128, 21.92031021678154801, 21.92031021678105063 ) ) ;
#5805 = EDGE_LOOP ( 'NONE', ( #7691, #12426, #4434, #772 ) ) ;
#5806 = CARTESIAN_POINT ( 'NONE',  ( -11.49999999999999467, 38.97114317029483033, -22.49999999999897682 ) ) ;
#5807 = ORIENTED_EDGE ( 'NONE', *, *, #762, .F. ) ;
#5808 = ORIENTED_EDGE ( 'NONE', *, *, #9899, .T. ) ;
#5809 = CYLINDRICAL_SURFACE ( 'NONE', #9114, 1.750000000000001110 ) ;
#5810 = ORIENTED_EDGE ( 'NONE', *, *, #9419, .F. ) ;
#5811 = AXIS2_PLACEMENT_3D ( 'NONE', #9362, #6433, #4022 ) ;
#5812 = DIRECTION ( 'NONE',  ( 0.2588190451025350058, 0.8031379722975869884, 0.5366396363910629352 ) ) ;
#5813 = VERTEX_POINT ( 'NONE', #1764 ) ;
#5814 = EDGE_CURVE ( 'NONE', #9510, #2414, #6022, .T. ) ;
#5815 = CARTESIAN_POINT ( 'NONE',  ( 6.599999999999999645, -32.61678918189480214, 0.6696960066396829836 ) ) ;
#5816 = DIRECTION ( 'NONE',  ( 1.000000000000000000, 0.000000000000000000, 0.000000000000000000 ) ) ;
#5817 = EDGE_CURVE ( 'NONE', #7816, #5839, #2316, .T. ) ;
#5818 = VECTOR ( 'NONE', #1797, 1000.000000000000000 ) ;
#5819 = FACE_OUTER_BOUND ( 'NONE', #12344, .T. ) ;
#5820 = EDGE_LOOP ( 'NONE', ( #5951, #7095, #7940, #9516 ) ) ;
#5821 = EDGE_CURVE ( 'NONE', #2993, #7602, #6145, .T. ) ;
#5822 = ORIENTED_EDGE ( 'NONE', *, *, #2999, .F. ) ;
#5823 = DIRECTION ( 'NONE',  ( -5.239821661893189738E-17, -0.8314696123025480112, -0.5555702330195979588 ) ) ;
#5824 = EDGE_CURVE ( 'NONE', #3057, #440, #853, .T. ) ;
#5825 = ORIENTED_EDGE ( 'NONE', *, *, #4131, .T. ) ;
#5826 = CARTESIAN_POINT ( 'NONE',  ( -44.10000000000000142, 9.079085024982028848E-15, -5.219748014270889814E-15 ) ) ;
#5827 = CARTESIAN_POINT ( 'NONE',  ( -73.59999999999999432, -19.36747459001779958, -8.213612360284249903 ) ) ;
#5828 = DIRECTION ( 'NONE',  ( 0.000000000000000000, 1.000000000000000000, 0.000000000000000000 ) ) ;
#5829 = CARTESIAN_POINT ( 'NONE',  ( 6.599999999999999645, -11.86318640331639962, -28.64026550785050418 ) ) ;
#5830 = ORIENTED_EDGE ( 'NONE', *, *, #499, .F. ) ;
#5831 = CARTESIAN_POINT ( 'NONE',  ( 5.599999999999999645, -4.549007933082361403E-13, -40.90000000000000568 ) ) ;
#5832 = EDGE_CURVE ( 'NONE', #9702, #1218, #5884, .T. ) ;
#5833 = DIRECTION ( 'NONE',  ( 1.000000000000000000, -6.705557021117060106E-18, -5.440889002481110112E-18 ) ) ;
#5834 = AXIS2_PLACEMENT_3D ( 'NONE', #4912, #2019, #2081 ) ;
#5835 = ORIENTED_EDGE ( 'NONE', *, *, #6542, .F. ) ;
#5836 = CARTESIAN_POINT ( 'NONE',  ( -78.79999999999999716, -14.41182078058539950, -5.395546477261270013 ) ) ;
#5837 = DIRECTION ( 'NONE',  ( 1.000000000000000000, -1.067925513466054003E-16, 6.551204957150059656E-17 ) ) ;
#5838 = CARTESIAN_POINT ( 'NONE',  ( 14.10000000000099973, 11.86318640331682062, -28.64026550785030167 ) ) ;
#5839 = VERTEX_POINT ( 'NONE', #4111 ) ;
#5840 = EDGE_CURVE ( 'NONE', #12805, #10115, #8026, .T. ) ;
#5841 = CARTESIAN_POINT ( 'NONE',  ( 5.599999999999999645, 0.000000000000000000, 0.000000000000000000 ) ) ;
#5842 = DIRECTION ( 'NONE',  ( -1.000000000000000000, 6.705557021117060106E-18, 5.440889002481110112E-18 ) ) ;
#5843 = DIRECTION ( 'NONE',  ( 1.000000000000000000, -3.090821338043315087E-16, 1.871678662600109722E-16 ) ) ;
#5844 = CARTESIAN_POINT ( 'NONE',  ( -72.84391516214240880, -16.04900731811169834, 5.024128193348300186 ) ) ;
#5845 = ORIENTED_EDGE ( 'NONE', *, *, #10931, .F. ) ;
#5846 = PLANE ( 'NONE',  #8365 ) ;
#5847 = CARTESIAN_POINT ( 'NONE',  ( 14.10000000000099973, 27.02347632595476057, -11.19349039667974033 ) ) ;
#5848 = EDGE_LOOP ( 'NONE', ( #6419, #1529, #11505, #635 ) ) ;
#5849 = CARTESIAN_POINT ( 'NONE',  ( -72.84391516214240880, -8.196486320422168959, 5.689909376520580153 ) ) ;
#5850 = ORIENTED_EDGE ( 'NONE', *, *, #5688, .F. ) ;
#5851 = LINE ( 'NONE', #9831, #8478 ) ;
#5852 = CARTESIAN_POINT ( 'NONE',  ( -72.84391516214240880, -9.371278063036369232, 11.99965197267207984 ) ) ;
#5853 = LINE ( 'NONE', #11743, #3874 ) ;
#5854 = DIRECTION ( 'NONE',  ( 0.000000000000000000, -0.9238795325112788559, 0.3826834323651086556 ) ) ;
#5855 = DIRECTION ( 'NONE',  ( 0.000000000000000000, -0.9238795325112872936, 0.3826834323650886160 ) ) ;
#5856 = EDGE_LOOP ( 'NONE', ( #5034, #9806, #4733, #7501 ) ) ;
#5857 = ADVANCED_FACE ( 'NONE', ( #3066 ), #11065, .T. ) ;
#5858 = DIRECTION ( 'NONE',  ( -1.000000000000000000, 0.000000000000000000, 0.000000000000000000 ) ) ;
#5859 = CARTESIAN_POINT ( 'NONE',  ( 6.599999999999999645, 23.17031021678110037, 21.92031021678494795 ) ) ;
#5860 = VERTEX_POINT ( 'NONE', #1092 ) ;
#5861 = VECTOR ( 'NONE', #5602, 1000.000000000000000 ) ;
#5862 = LINE ( 'NONE', #8792, #12278 ) ;
#5863 = EDGE_LOOP ( 'NONE', ( #2553, #10955, #3434 ) ) ;
#5864 = CARTESIAN_POINT ( 'NONE',  ( -59.50000000000000000, 27.10204672508849910, -12.89099133440610068 ) ) ;
#5865 = AXIS2_PLACEMENT_3D ( 'NONE', #1970, #9961, #2890 ) ;
#5866 = ADVANCED_FACE ( 'NONE', ( #5777 ), #1259, .F. ) ;
#5867 = ORIENTED_EDGE ( 'NONE', *, *, #6542, .T. ) ;
#5868 = CARTESIAN_POINT ( 'NONE',  ( -73.59999999999999432, -14.32693187246877997, 9.181586089649099947 ) ) ;
#5869 = LINE ( 'NONE', #11889, #11008 ) ;
#5870 = VERTEX_POINT ( 'NONE', #2210 ) ;
#5871 = DIRECTION ( 'NONE',  ( 1.000000000000000000, 0.000000000000000000, 0.000000000000000000 ) ) ;
#5872 = DIRECTION ( 'NONE',  ( 1.000000000000000000, -6.322502648911719004E-17, 9.462293898829198836E-17 ) ) ;
#5873 = VECTOR ( 'NONE', #7065, 999.9999999999998863 ) ;
#5874 = ADVANCED_FACE ( 'NONE', ( #6080 ), #8094, .F. ) ;
#5875 = ORIENTED_EDGE ( 'NONE', *, *, #12418, .F. ) ;
#5876 = FACE_OUTER_BOUND ( 'NONE', #4084, .T. ) ;
#5877 = CARTESIAN_POINT ( 'NONE',  ( 6.599999999999999645, 28.64026550785075287, -11.86318640331580099 ) ) ;
#5878 = AXIS2_PLACEMENT_3D ( 'NONE', #1495, #4651, #3531 ) ;
#5879 = AXIS2_PLACEMENT_3D ( 'NONE', #11197, #10198, #1231 ) ;
#5880 = LINE ( 'NONE', #8745, #10176 ) ;
#5881 = ADVANCED_FACE ( 'NONE', ( #8155 ), #8789, .F. ) ;
#5882 = EDGE_LOOP ( 'NONE', ( #9618, #6543, #9209, #10723 ) ) ;
#5883 = EDGE_LOOP ( 'NONE', ( #8646, #12253, #12615, #4206, #11498 ) ) ;
#5884 = CIRCLE ( 'NONE', #6711, 44.60000000000000142 ) ;
#5885 = ORIENTED_EDGE ( 'NONE', *, *, #7801, .T. ) ;
#5886 = CARTESIAN_POINT ( 'NONE',  ( -72.84391516214240880, -11.33112251035093898, 11.18785782245277893 ) ) ;
#5887 = VERTEX_POINT ( 'NONE', #9755 ) ;
#5888 = CARTESIAN_POINT ( 'NONE',  ( -1.899999999999999911, 13.11318640331944074, -28.64026550784910086 ) ) ;
#5889 = ADVANCED_FACE ( 'NONE', ( #4798 ), #11928, .F. ) ;
#5890 = CIRCLE ( 'NONE', #9422, 1.850000000000001865 ) ;
#5891 = DIRECTION ( 'NONE',  ( 1.000000000000000000, -6.322502648911709143E-17, 9.462293898829198836E-17 ) ) ;
#5892 = AXIS2_PLACEMENT_3D ( 'NONE', #9692, #10750, #10552 ) ;
#5893 = DIRECTION ( 'NONE',  ( 0.000000000000000000, -0.8314696123025479002, -0.5555702330195982919 ) ) ;
#5894 = EDGE_LOOP ( 'NONE', ( #2634, #2560 ) ) ;
#5895 = EDGE_CURVE ( 'NONE', #4110, #3018, #4841, .T. ) ;
#5896 = CARTESIAN_POINT ( 'NONE',  ( 6.599999999999999645, -29.75000000000001421, -8.494641063311555309E-13 ) ) ;
#5897 = ADVANCED_FACE ( 'NONE', ( #9463 ), #5429, .F. ) ;
#5898 = FACE_OUTER_BOUND ( 'NONE', #5122, .T. ) ;
#5899 = ORIENTED_EDGE ( 'NONE', *, *, #1295, .T. ) ;
#5900 = DIRECTION ( 'NONE',  ( 0.000000000000000000, -0.8314696123025484553, -0.5555702330195974037 ) ) ;
#5901 = CIRCLE ( 'NONE', #1920, 33.20000000000000995 ) ;
#5902 = LINE ( 'NONE', #8765, #8658 ) ;
#5903 = AXIS2_PLACEMENT_3D ( 'NONE', #7737, #12518, #1520 ) ;
#5904 = VERTEX_POINT ( 'NONE', #12286 ) ;
#5905 = PLANE ( 'NONE',  #7424 ) ;
#5906 = CARTESIAN_POINT ( 'NONE',  ( -56.21032168798580386, -21.57868627609169820, 0.8202430115583919656 ) ) ;
#5907 = DIRECTION ( 'NONE',  ( -1.000000000000000000, 6.322502648911719004E-17, -9.462293898829198836E-17 ) ) ;
#5908 = DIRECTION ( 'NONE',  ( 1.000000000000000000, 0.000000000000000000, 0.000000000000000000 ) ) ;
#5909 = VERTEX_POINT ( 'NONE', #438 ) ;
#5910 = CARTESIAN_POINT ( 'NONE',  ( 6.600000000000989964, 13.47997558521156058, -29.30996151448924891 ) ) ;
#5911 = EDGE_CURVE ( 'NONE', #4241, #951, #11108, .T. ) ;
#5912 = AXIS2_PLACEMENT_3D ( 'NONE', #935, #3030, #11035 ) ;
#5913 = FACE_OUTER_BOUND ( 'NONE', #176, .T. ) ;
#5914 = ORIENTED_EDGE ( 'NONE', *, *, #3955, .F. ) ;
#5915 = CIRCLE ( 'NONE', #10938, 2.049999999999999822 ) ;
#5916 = ORIENTED_EDGE ( 'NONE', *, *, #11021, .T. ) ;
#5917 = DIRECTION ( 'NONE',  ( 0.000000000000000000, 0.000000000000000000, -1.000000000000000000 ) ) ;
#5918 = EDGE_CURVE ( 'NONE', #2212, #9075, #379, .T. ) ;
#5919 = AXIS2_PLACEMENT_3D ( 'NONE', #8558, #11584, #9547 ) ;
#5920 = DIRECTION ( 'NONE',  ( 0.2588190451025330074, -0.8031379722975869884, -0.5366396363910639344 ) ) ;
#5921 = CARTESIAN_POINT ( 'NONE',  ( 14.10000000000099973, -11.86318640331703911, 28.64026550785020220 ) ) ;
#5922 = FACE_OUTER_BOUND ( 'NONE', #7153, .T. ) ;
#5923 = FACE_BOUND ( 'NONE', #5168, .T. ) ;
#5924 = ORIENTED_EDGE ( 'NONE', *, *, #2607, .F. ) ;
#5925 = DIRECTION ( 'NONE',  ( -1.000000000000000000, 0.000000000000000000, 0.000000000000000000 ) ) ;
#5926 = CARTESIAN_POINT ( 'NONE',  ( 14.10000000000099973, 21.92031021678360148, 21.92031021678235092 ) ) ;
#5927 = ORIENTED_EDGE ( 'NONE', *, *, #11188, .T. ) ;
#5928 = FACE_BOUND ( 'NONE', #832, .T. ) ;
#5929 = ORIENTED_EDGE ( 'NONE', *, *, #3491, .T. ) ;
#5930 = DIRECTION ( 'NONE',  ( 1.000000000000000000, 0.000000000000000000, 0.000000000000000000 ) ) ;
#5931 = ORIENTED_EDGE ( 'NONE', *, *, #12568, .F. ) ;
#5932 = ORIENTED_EDGE ( 'NONE', *, *, #9283, .T. ) ;
#5933 = DIRECTION ( 'NONE',  ( -1.000000000000000000, 4.451867004922774877E-18, 0.000000000000000000 ) ) ;
#5934 = ORIENTED_EDGE ( 'NONE', *, *, #837, .F. ) ;
#5935 = DIRECTION ( 'NONE',  ( -9.077766515988411834E-34, 0.9238795325112915124, -0.3826834323650782910 ) ) ;
#5936 = CARTESIAN_POINT ( 'NONE',  ( -1.899999999999999911, 1.249999999997011946, 31.00000000000000000 ) ) ;
#5937 = ORIENTED_EDGE ( 'NONE', *, *, #8441, .F. ) ;
#5938 = CARTESIAN_POINT ( 'NONE',  ( -63.51208468574660770, 5.475651139360497615E-15, 44.71208468574655370 ) ) ;
#5939 = CYLINDRICAL_SURFACE ( 'NONE', #10140, 1.249999999999987121 ) ;
#5940 = DIRECTION ( 'NONE',  ( -1.000000000000000000, 0.000000000000000000, -1.074775770116589937E-17 ) ) ;
#5941 = EDGE_LOOP ( 'NONE', ( #4895, #5421, #995, #515 ) ) ;
#5942 = EDGE_CURVE ( 'NONE', #8791, #6336, #8167, .T. ) ;
#5943 = ORIENTED_EDGE ( 'NONE', *, *, #3614, .F. ) ;
#5944 = DIRECTION ( 'NONE',  ( 1.000000000000000000, -2.905650844594909648E-18, -7.014861676541880450E-18 ) ) ;
#5945 = EDGE_LOOP ( 'NONE', ( #9066, #5349, #10348, #1141 ) ) ;
#5946 = CARTESIAN_POINT ( 'NONE',  ( -72.84391516214240880, 4.033644781943519497, -15.96471765403670240 ) ) ;
#5947 = EDGE_CURVE ( 'NONE', #4625, #3169, #12342, .T. ) ;
#5948 = CARTESIAN_POINT ( 'NONE',  ( 14.09999999999999964, -23.45852899954460113, -22.94811514787064866 ) ) ;
#5949 = CARTESIAN_POINT ( 'NONE',  ( 17.54641016151375155, -11.86318640331920093, 28.64026550784825176 ) ) ;
#5950 = CARTESIAN_POINT ( 'NONE',  ( -73.59999999999999432, -24.44881201882990140, -6.108853482276259683 ) ) ;
#5951 = ORIENTED_EDGE ( 'NONE', *, *, #11193, .F. ) ;
#5952 = PLANE ( 'NONE',  #7339 ) ;
#5953 = DIRECTION ( 'NONE',  ( 0.000000000000000000, 0.8314696123025480112, 0.5555702330195980698 ) ) ;
#5954 = EDGE_LOOP ( 'NONE', ( #5641, #5223, #8218, #10427 ) ) ;
#5955 = DIRECTION ( 'NONE',  ( 1.000000000000000000, -2.905650844594894626E-18, -7.014861676541880450E-18 ) ) ;
#5956 = CONICAL_SURFACE ( 'NONE', #1556, 1.249999999999985567, 1.029744258676652313 ) ;
#5957 = CARTESIAN_POINT ( 'NONE',  ( 14.10000000000099973, -11.86318640331839980, -28.64026550784965153 ) ) ;
#5958 = ORIENTED_EDGE ( 'NONE', *, *, #6767, .F. ) ;
#5959 = VECTOR ( 'NONE', #6763, 1000.000000000000000 ) ;
#5960 = VECTOR ( 'NONE', #3028, 1000.000000000000000 ) ;
#5961 = FACE_OUTER_BOUND ( 'NONE', #2856, .T. ) ;
#5962 = CARTESIAN_POINT ( 'NONE',  ( 14.09999999999999964, 11.86318640331641916, 28.64026550784804925 ) ) ;
#5963 = CARTESIAN_POINT ( 'NONE',  ( -1.899999999999999911, -13.11318640331822216, 28.64026550784960179 ) ) ;
#5964 = CONICAL_SURFACE ( 'NONE', #11814, 44.49999999999524647, 0.7853981633974621568 ) ;
#5965 = DIRECTION ( 'NONE',  ( 1.000000000000000000, -6.322502648911709143E-17, 9.462293898829198836E-17 ) ) ;
#5966 = EDGE_LOOP ( 'NONE', ( #12088, #2218, #8372, #12763 ) ) ;
#5967 = VECTOR ( 'NONE', #8327, 1000.000000000000000 ) ;
#5969 = EDGE_CURVE ( 'NONE', #11865, #7028, #3562, .T. ) ;
#5968 = PLANE ( 'NONE',  #4836 ) ;
#5970 = LINE ( 'NONE', #3021, #8583 ) ;
#5971 = EDGE_CURVE ( 'NONE', #8085, #6884, #1680, .T. ) ;
#5972 = AXIS2_PLACEMENT_3D ( 'NONE', #4300, #3316, #12027 ) ;
#5973 = AXIS2_PLACEMENT_3D ( 'NONE', #9670, #5944, #7963 ) ;
#5974 = AXIS2_PLACEMENT_3D ( 'NONE', #4848, #7777, #12809 ) ;
#5975 = EDGE_LOOP ( 'NONE', ( #1445, #10181, #10106, #5694 ) ) ;
#5976 = CIRCLE ( 'NONE', #6404, 1.849999999999998979 ) ;
#5977 = EDGE_CURVE ( 'NONE', #3504, #2579, #12756, .T. ) ;
#5978 = CIRCLE ( 'NONE', #12872, 1.849999999999998979 ) ;
#5979 = EDGE_CURVE ( 'NONE', #11346, #11317, #9270, .T. ) ;
#5980 = EDGE_LOOP ( 'NONE', ( #1036, #10311, #3852, #10443 ) ) ;
#5981 = ORIENTED_EDGE ( 'NONE', *, *, #8119, .F. ) ;
#5982 = CARTESIAN_POINT ( 'NONE',  ( 14.09999999999999964, 21.92031021678129932, -21.92031021678479874 ) ) ;
#5983 = EDGE_CURVE ( 'NONE', #11590, #2796, #500, .T. ) ;
#5984 = CARTESIAN_POINT ( 'NONE',  ( -63.48791531425349177, 44.71208468574656081, -8.848542754869498254E-15 ) ) ;
#5985 = CARTESIAN_POINT ( 'NONE',  ( 6.599999999999999645, -3.301963206785260407E-12, 34.42296358256754729 ) ) ;
#5986 = DIRECTION ( 'NONE',  ( 4.112988807310475227E-18, 0.9238795325112871826, -0.3826834323650885605 ) ) ;
#5987 = VECTOR ( 'NONE', #10911, 1000.000000000000000 ) ;
#5988 = EDGE_CURVE ( 'NONE', #7076, #9734, #10470, .T. ) ;
#5989 = VECTOR ( 'NONE', #10040, 1000.000000000000114 ) ;
#5990 = DIRECTION ( 'NONE',  ( 1.000000000000000000, -6.705557021117060106E-18, -5.440889002481110112E-18 ) ) ;
#5991 = EDGE_LOOP ( 'NONE', ( #9800, #7061 ) ) ;
#5992 = CARTESIAN_POINT ( 'NONE',  ( -11.90000000000000391, -4.547048498203718976E-13, -44.10000000000000142 ) ) ;
#5993 = AXIS2_PLACEMENT_3D ( 'NONE', #5957, #3859, #12750 ) ;
#5994 = AXIS2_PLACEMENT_3D ( 'NONE', #190, #316, #12099 ) ;
#5995 = LINE ( 'NONE', #7878, #9632 ) ;
#5996 = EDGE_CURVE ( 'NONE', #1998, #8791, #4496, .T. ) ;
#5997 = DIRECTION ( 'NONE',  ( 1.000000000000000000, 0.000000000000000000, 0.000000000000000000 ) ) ;
#5998 = CIRCLE ( 'NONE', #748, 1.850000000000000311 ) ;
#5999 = AXIS2_PLACEMENT_3D ( 'NONE', #3496, #9577, #1329 ) ;
#6000 = ORIENTED_EDGE ( 'NONE', *, *, #5027, .T. ) ;
#6001 = VECTOR ( 'NONE', #1734, 1000.000000000000000 ) ;
#6002 = DIRECTION ( 'NONE',  ( 1.000000000000000000, -6.705557021117060106E-18, -5.440889002481110112E-18 ) ) ;
#6003 = FACE_OUTER_BOUND ( 'NONE', #12746, .T. ) ;
#6004 = CYLINDRICAL_SURFACE ( 'NONE', #7245, 1.250000000000001110 ) ;
#6005 = ORIENTED_EDGE ( 'NONE', *, *, #9950, .F. ) ;
#6006 = DIRECTION ( 'NONE',  ( 1.000000000000000000, -6.705557021117060106E-18, -5.440889002481110112E-18 ) ) ;
#6007 = ADVANCED_FACE ( 'NONE', ( #7310 ), #11320, .T. ) ;
#6008 = DIRECTION ( 'NONE',  ( 0.000000000000000000, 0.8314696123025479002, 0.5555702330195982919 ) ) ;
#6009 = VECTOR ( 'NONE', #11914, 1000.000000000000000 ) ;
#6010 = ORIENTED_EDGE ( 'NONE', *, *, #10608, .T. ) ;
#6011 = ADVANCED_FACE ( 'NONE', ( #1344 ), #4198, .F. ) ;
#6012 = DIRECTION ( 'NONE',  ( 1.000000000000000000, 0.000000000000000000, 0.000000000000000000 ) ) ;
#6013 = DIRECTION ( 'NONE',  ( 1.000000000000000000, -1.067925513466054003E-16, 6.551204957150059656E-17 ) ) ;
#6014 = LINE ( 'NONE', #6071, #5595 ) ;
#6015 = ORIENTED_EDGE ( 'NONE', *, *, #843, .T. ) ;
#6016 = ORIENTED_EDGE ( 'NONE', *, *, #927, .F. ) ;
#6017 = AXIS2_PLACEMENT_3D ( 'NONE', #4838, #2991, #5940 ) ;
#6018 = EDGE_LOOP ( 'NONE', ( #12663, #4756, #7899, #4200, #5143 ) ) ;
#6019 = FACE_OUTER_BOUND ( 'NONE', #2398, .T. ) ;
#6020 = ORIENTED_EDGE ( 'NONE', *, *, #3670, .F. ) ;
#6021 = DIRECTION ( 'NONE',  ( -1.000000000000000000, 6.705557021117060106E-18, 5.440889002481110112E-18 ) ) ;
#6022 = LINE ( 'NONE', #12755, #9198 ) ;
#6023 = DIRECTION ( 'NONE',  ( -1.000000000000000000, 6.322502648911709143E-17, -9.462293898829198836E-17 ) ) ;
#6024 = VERTEX_POINT ( 'NONE', #3382 ) ;
#6025 = CARTESIAN_POINT ( 'NONE',  ( 6.599999999999999645, 29.89026550784894809, 11.86318640332019925 ) ) ;
#6026 = DIRECTION ( 'NONE',  ( 0.000000000000000000, -0.3826834323650878389, -0.9238795325112876267 ) ) ;
#6027 = ORIENTED_EDGE ( 'NONE', *, *, #7794, .T. ) ;
#6028 = ADVANCED_FACE ( 'NONE', ( #11381 ), #2399, .T. ) ;
#6029 = DIRECTION ( 'NONE',  ( 0.2588190451025379479, 0.8031379722975862112, 0.5366396363910629352 ) ) ;
#6030 = CYLINDRICAL_SURFACE ( 'NONE', #43, 26.99999999999999645 ) ;
#6031 = EDGE_LOOP ( 'NONE', ( #12217, #10102, #10032, #10620 ) ) ;
#6032 = DIRECTION ( 'NONE',  ( 1.000000000000000000, 2.638697247430395030E-33, 6.370378681743239884E-33 ) ) ;
#6033 = CARTESIAN_POINT ( 'NONE',  ( 6.599999999999999645, 1.642041500214240179E-12, -31.00000000000000000 ) ) ;
#6034 = VECTOR ( 'NONE', #8466, 1000.000000000000000 ) ;
#6035 = VECTOR ( 'NONE', #7407, 1000.000000000000114 ) ;
#6036 = ORIENTED_EDGE ( 'NONE', *, *, #2698, .T. ) ;
#6037 = DIRECTION ( 'NONE',  ( 0.000000000000000000, 1.000000000000000000, 9.714451465470219441E-14 ) ) ;
#6038 = DIRECTION ( 'NONE',  ( -1.000000000000000000, 0.000000000000000000, -1.074775770116589937E-17 ) ) ;
#6039 = LINE ( 'NONE', #5963, #12575 ) ;
#6040 = EDGE_CURVE ( 'NONE', #11475, #8434, #2528, .T. ) ;
#6041 = DIRECTION ( 'NONE',  ( 0.000000000000000000, 0.000000000000000000, -1.000000000000000000 ) ) ;
#6042 = ORIENTED_EDGE ( 'NONE', *, *, #5157, .T. ) ;
#6043 = VECTOR ( 'NONE', #6739, 1000.000000000000000 ) ;
#6044 = AXIS2_PLACEMENT_3D ( 'NONE', #3052, #7052, #2130 ) ;
#6045 = CARTESIAN_POINT ( 'NONE',  ( -78.79999999999999716, -22.17194223595310021, -9.757944326832300064 ) ) ;
#6046 = DIRECTION ( 'NONE',  ( 0.000000000000000000, -0.9238795325112872936, 0.3826834323650886160 ) ) ;
#6047 = ORIENTED_EDGE ( 'NONE', *, *, #5918, .F. ) ;
#6048 = VERTEX_POINT ( 'NONE', #8224 ) ;
#6049 = ADVANCED_FACE ( 'NONE', ( #3575 ), #2324, .T. ) ;
#6050 = FACE_OUTER_BOUND ( 'NONE', #11191, .T. ) ;
#6051 = CARTESIAN_POINT ( 'NONE',  ( 6.599999999999999645, 20.67031021678440084, -21.92031021678170077 ) ) ;
#6052 = CARTESIAN_POINT ( 'NONE',  ( -12.30000000000000071, -9.540979117872440597E-15, 0.000000000000000000 ) ) ;
#6053 = ADVANCED_FACE ( 'NONE', ( #9719 ), #11763, .F. ) ;
#6054 = CARTESIAN_POINT ( 'NONE',  ( -72.59999999999999432, -1.573077990421341054E-12, -1.750927483459624843E-12 ) ) ;
#6055 = DIRECTION ( 'NONE',  ( 0.000000000000000000, 0.000000000000000000, -1.000000000000000000 ) ) ;
#6056 = ORIENTED_EDGE ( 'NONE', *, *, #4296, .F. ) ;
#6057 = LINE ( 'NONE', #1858, #5332 ) ;
#6058 = EDGE_CURVE ( 'NONE', #2106, #2451, #758, .T. ) ;
#6059 = LINE ( 'NONE', #879, #1485 ) ;
#6060 = EDGE_CURVE ( 'NONE', #1084, #5801, #9530, .T. ) ;
#6061 = FACE_BOUND ( 'NONE', #11944, .T. ) ;
#6062 = VERTEX_POINT ( 'NONE', #6595 ) ;
#6063 = DIRECTION ( 'NONE',  ( -1.000000000000000000, 6.705557021117060106E-18, 5.440889002481110112E-18 ) ) ;
#6064 = CARTESIAN_POINT ( 'NONE',  ( -73.29999999999999716, 9.278008307321780279, -13.24503914110031921 ) ) ;
#6065 = CARTESIAN_POINT ( 'NONE',  ( 13.40000000000100044, -9.540979117872440597E-15, 0.000000000000000000 ) ) ;
#6066 = EDGE_LOOP ( 'NONE', ( #5637, #6079, #5387, #11534 ) ) ;
#6067 = LINE ( 'NONE', #1016, #25 ) ;
#6068 = ORIENTED_EDGE ( 'NONE', *, *, #8278, .T. ) ;
#6069 = CARTESIAN_POINT ( 'NONE',  ( 6.600000000000989964, -27.02347632595544979, -12.53288240995610003 ) ) ;
#6070 = FACE_OUTER_BOUND ( 'NONE', #11507, .T. ) ;
#6071 = CARTESIAN_POINT ( 'NONE',  ( -1.899999999999999911, -10.61318640331642094, -28.64026550785035141 ) ) ;
#6072 = EDGE_LOOP ( 'NONE', ( #7205, #4048, #12479, #2023 ) ) ;
#6073 = EDGE_LOOP ( 'NONE', ( #3571, #11922, #10690, #252 ) ) ;
#6074 = ORIENTED_EDGE ( 'NONE', *, *, #10727, .F. ) ;
#6075 = CARTESIAN_POINT ( 'NONE',  ( 17.60000000000000142, 26.93575280262794891, -13.00210538101002022 ) ) ;
#6076 = VECTOR ( 'NONE', #6706, 999.9999999999998863 ) ;
#6077 = ORIENTED_EDGE ( 'NONE', *, *, #11425, .T. ) ;
#6078 = LINE ( 'NONE', #111, #8677 ) ;
#6079 = ORIENTED_EDGE ( 'NONE', *, *, #1914, .F. ) ;
#6080 = FACE_OUTER_BOUND ( 'NONE', #2396, .T. ) ;
#6081 = EDGE_CURVE ( 'NONE', #6694, #10885, #4693, .T. ) ;
#6082 = DIRECTION ( 'NONE',  ( -7.592831564818951247E-18, -0.3826834323650886160, -0.9238795325112872936 ) ) ;
#6083 = LINE ( 'NONE', #9273, #8361 ) ;
#6084 = AXIS2_PLACEMENT_3D ( 'NONE', #2249, #1386, #8329 ) ;
#6085 = DIRECTION ( 'NONE',  ( 0.000000000000000000, 1.000000000000000000, 9.714451465470232062E-14 ) ) ;
#6086 = ORIENTED_EDGE ( 'NONE', *, *, #12084, .T. ) ;
#6087 = AXIS2_PLACEMENT_3D ( 'NONE', #10523, #1540, #5554 ) ;
#6088 = CARTESIAN_POINT ( 'NONE',  ( -56.21032168798580386, -18.13453538480590055, 9.135158804159978274 ) ) ;
#6089 = VECTOR ( 'NONE', #8349, 1000.000000000000227 ) ;
#6090 = CARTESIAN_POINT ( 'NONE',  ( 17.54641016151380128, -21.92031021678490177, -21.92031021678440084 ) ) ;
#6091 = ORIENTED_EDGE ( 'NONE', *, *, #5703, .T. ) ;
#6092 = EDGE_CURVE ( 'NONE', #3900, #6689, #3708, .T. ) ;
#6093 = CARTESIAN_POINT ( 'NONE',  ( -11.90000000000000036, 36.80607966083891824, -21.24999999999953459 ) ) ;
#6094 = CIRCLE ( 'NONE', #11112, 2.049999999999999822 ) ;
#6095 = FACE_OUTER_BOUND ( 'NONE', #4542, .T. ) ;
#6096 = CIRCLE ( 'NONE', #4207, 1.249999999999987121 ) ;
#6097 = ADVANCED_FACE ( 'NONE', ( #2788 ), #12794, .F. ) ;
#6098 = EDGE_CURVE ( 'NONE', #4121, #1390, #7551, .T. ) ;
#6099 = VECTOR ( 'NONE', #10373, 1000.000000000000227 ) ;
#6100 = CYLINDRICAL_SURFACE ( 'NONE', #2200, 0.9999999999999998890 ) ;
#6101 = LINE ( 'NONE', #11986, #2844 ) ;
#6102 = LINE ( 'NONE', #5187, #10294 ) ;
#6103 = CYLINDRICAL_SURFACE ( 'NONE', #10991, 1.850000000000001865 ) ;
#6104 = VERTEX_POINT ( 'NONE', #7628 ) ;
#6105 = CARTESIAN_POINT ( 'NONE',  ( 17.60000000000000142, -11.86318640331978003, -28.64026550785144920 ) ) ;
#6106 = CIRCLE ( 'NONE', #8183, 2.049999999999999822 ) ;
#6107 = CIRCLE ( 'NONE', #6731, 1.850000000000000311 ) ;
#6108 = CARTESIAN_POINT ( 'NONE',  ( -73.59999999999999432, -25.02283716737749941, -7.494672781043190568 ) ) ;
#6109 = AXIS2_PLACEMENT_3D ( 'NONE', #6970, #12065, #12907 ) ;
#6110 = DIRECTION ( 'NONE',  ( 0.000000000000000000, -0.8314696123025479002, -0.5555702330195982919 ) ) ;
#6111 = ORIENTED_EDGE ( 'NONE', *, *, #5375, .T. ) ;
#6112 = CARTESIAN_POINT ( 'NONE',  ( -43.88791531425349746, 9.190404468138918949E-15, -5.306082496537519856E-15 ) ) ;
#6113 = VECTOR ( 'NONE', #7295, 1000.000000000000227 ) ;
#6114 = LINE ( 'NONE', #6051, #4021 ) ;
#6115 = LINE ( 'NONE', #5204, #8462 ) ;
#6116 = EDGE_CURVE ( 'NONE', #3710, #4498, #6784, .T. ) ;
#6117 = CARTESIAN_POINT ( 'NONE',  ( -72.84391516214240880, -16.04946234676810235, 8.942718551623828560 ) ) ;
#6118 = VECTOR ( 'NONE', #12194, 1000.000000000000227 ) ;
#6119 = FACE_BOUND ( 'NONE', #10058, .T. ) ;
#6120 = ORIENTED_EDGE ( 'NONE', *, *, #4885, .F. ) ;
#6121 = DIRECTION ( 'NONE',  ( 0.000000000000000000, 0.8314696123025475671, 0.5555702330195986249 ) ) ;
#6122 = CARTESIAN_POINT ( 'NONE',  ( -73.29999999999999716, 18.46578437083690005, -19.86251271240145044 ) ) ;
#6123 = CIRCLE ( 'NONE', #5081, 0.2999999999999996558 ) ;
#6124 = VERTEX_POINT ( 'NONE', #5745 ) ;
#6125 = AXIS2_PLACEMENT_3D ( 'NONE', #6360, #6162, #11277 ) ;
#6126 = DIRECTION ( 'NONE',  ( -1.000000000000000000, 0.000000000000000000, 0.000000000000000000 ) ) ;
#6127 = PLANE ( 'NONE',  #1068 ) ;
#6128 = LINE ( 'NONE', #93, #5159 ) ;
#6129 = VERTEX_POINT ( 'NONE', #3838 ) ;
#6130 = CARTESIAN_POINT ( 'NONE',  ( -73.29999999999999716, 10.72707079365143912, -14.01329555058359944 ) ) ;
#6131 = ORIENTED_EDGE ( 'NONE', *, *, #7118, .T. ) ;
#6132 = CARTESIAN_POINT ( 'NONE',  ( -78.79999999999999716, -13.17888157537352001, 11.95322468718295994 ) ) ;
#6133 = LINE ( 'NONE', #10111, #4714 ) ;
#6134 = CARTESIAN_POINT ( 'NONE',  ( 6.599999999999999645, -13.11318640331822216, 28.64026550784960179 ) ) ;
#6135 = VERTEX_POINT ( 'NONE', #10774 ) ;
#6136 = EDGE_CURVE ( 'NONE', #8100, #2362, #1478, .T. ) ;
#6137 = VERTEX_POINT ( 'NONE', #11570 ) ;
#6138 = ORIENTED_EDGE ( 'NONE', *, *, #12043, .T. ) ;
#6139 = DIRECTION ( 'NONE',  ( 0.000000000000000000, 0.8314696123025479002, 0.5555702330195982919 ) ) ;
#6140 = ADVANCED_FACE ( 'NONE', ( #11826 ), #7759, .F. ) ;
#6141 = ORIENTED_EDGE ( 'NONE', *, *, #10946, .T. ) ;
#6142 = LINE ( 'NONE', #12157, #8472 ) ;
#6143 = ORIENTED_EDGE ( 'NONE', *, *, #10215, .F. ) ;
#6144 = EDGE_CURVE ( 'NONE', #565, #11571, #3582, .T. ) ;
#6145 = LINE ( 'NONE', #12694, #6920 ) ;
#6146 = ADVANCED_FACE ( 'NONE', ( #8738 ), #7696, .F. ) ;
#6147 = CARTESIAN_POINT ( 'NONE',  ( 17.60000000000000142, 11.86318640331641916, 28.64026550784804925 ) ) ;
#6148 = ORIENTED_EDGE ( 'NONE', *, *, #1603, .T. ) ;
#6149 = ORIENTED_EDGE ( 'NONE', *, *, #5325, .F. ) ;
#6150 = CARTESIAN_POINT ( 'NONE',  ( -59.50000000000000000, -21.92031021678490177, -21.92031021678440084 ) ) ;
#6151 = EDGE_CURVE ( 'NONE', #7816, #11973, #2724, .T. ) ;
#6152 = CARTESIAN_POINT ( 'NONE',  ( 17.60000000000000142, 20.21579751156134819, 20.78139123909085129 ) ) ;
#6153 = ORIENTED_EDGE ( 'NONE', *, *, #6743, .F. ) ;
#6154 = CARTESIAN_POINT ( 'NONE',  ( -72.84391516214240880, 6.812089507740319405, -22.06145816890955302 ) ) ;
#6155 = CARTESIAN_POINT ( 'NONE',  ( -68.79999999999999716, -4.620564206874199442, 20.85576386541984917 ) ) ;
#6156 = EDGE_LOOP ( 'NONE', ( #1232, #6138 ) ) ;
#6157 = EDGE_CURVE ( 'NONE', #8359, #2830, #2854, .T. ) ;
#6158 = DIRECTION ( 'NONE',  ( 1.000000000000000000, -2.905650844594894626E-18, -7.014861676541880450E-18 ) ) ;
#6159 = CARTESIAN_POINT ( 'NONE',  ( -63.60000000000000142, 23.14656907855829715, -16.27082028124765145 ) ) ;
#6160 = CARTESIAN_POINT ( 'NONE',  ( 17.54641016151375155, -28.64026550785165171, -11.86318640331909968 ) ) ;
#6161 = DIRECTION ( 'NONE',  ( 0.000000000000000000, 0.8314696123025479002, 0.5555702330195982919 ) ) ;
#6162 = DIRECTION ( 'NONE',  ( -1.000000000000000000, 0.000000000000000000, 0.000000000000000000 ) ) ;
#6163 = EDGE_CURVE ( 'NONE', #6694, #3453, #12535, .T. ) ;
#6164 = DIRECTION ( 'NONE',  ( 0.000000000000000000, 0.8314696123025481223, 0.5555702330195977368 ) ) ;
#6165 = VERTEX_POINT ( 'NONE', #4829 ) ;
#6166 = VECTOR ( 'NONE', #12911, 999.9999999999998863 ) ;
#6167 = CARTESIAN_POINT ( 'NONE',  ( 6.600000000000989964, -10.52379439004050177, -25.40668714406015027 ) ) ;
#6168 = CARTESIAN_POINT ( 'NONE',  ( -73.29999999999999716, 3.524458492088485162, -16.49199549254814912 ) ) ;
#6169 = VERTEX_POINT ( 'NONE', #12141 ) ;
#6170 = CARTESIAN_POINT ( 'NONE',  ( 14.10000000000099973, -13.39392013277882043, -32.33578363789474963 ) ) ;
#6171 = VERTEX_POINT ( 'NONE', #3048 ) ;
#6172 = VERTEX_POINT ( 'NONE', #6982 ) ;
#6173 = ORIENTED_EDGE ( 'NONE', *, *, #1476, .F. ) ;
#6174 = CARTESIAN_POINT ( 'NONE',  ( -73.59999999999999432, -17.56051023625829899, 10.52097810292690028 ) ) ;
#6175 = AXIS2_PLACEMENT_3D ( 'NONE', #4572, #3638, #4035 ) ;
#6176 = DIRECTION ( 'NONE',  ( 0.000000000000000000, -0.8314696123025487884, -0.5555702330195970706 ) ) ;
#6177 = DIRECTION ( 'NONE',  ( 0.000000000000000000, -0.9238795325112914014, 0.3826834323650783465 ) ) ;
#6178 = CIRCLE ( 'NONE', #1980, 1.749999999999999556 ) ;
#6179 = CARTESIAN_POINT ( 'NONE',  ( 14.10000000000099973, -23.53709939867820111, -21.25061421014360263 ) ) ;
#6180 = DIRECTION ( 'NONE',  ( 0.000000000000000000, 0.000000000000000000, 1.000000000000000000 ) ) ;
#6181 = ORIENTED_EDGE ( 'NONE', *, *, #3493, .F. ) ;
#6182 = AXIS2_PLACEMENT_3D ( 'NONE', #4602, #8589, #11798 ) ;
#6183 = DIRECTION ( 'NONE',  ( 1.000000000000000000, -6.705557021117060106E-18, -5.440889002481110112E-18 ) ) ;
#6184 = AXIS2_PLACEMENT_3D ( 'NONE', #9319, #11554, #361 ) ;
#6185 = VECTOR ( 'NONE', #4927, 1000.000000000000000 ) ;
#6186 = ADVANCED_FACE ( 'NONE', ( #7889 ), #1133, .F. ) ;
#6187 = DIRECTION ( 'NONE',  ( 0.000000000000000000, 0.000000000000000000, -1.000000000000000000 ) ) ;
#6188 = AXIS2_PLACEMENT_3D ( 'NONE', #2831, #6897, #16 ) ;
#6189 = AXIS2_PLACEMENT_3D ( 'NONE', #5207, #219, #9434 ) ;
#6190 = ADVANCED_FACE ( 'NONE', ( #1075 ), #10107, .F. ) ;
#6191 = ORIENTED_EDGE ( 'NONE', *, *, #837, .T. ) ;
#6192 = FACE_OUTER_BOUND ( 'NONE', #9862, .T. ) ;
#6193 = AXIS2_PLACEMENT_3D ( 'NONE', #639, #11582, #6482 ) ;
#6194 = AXIS2_PLACEMENT_3D ( 'NONE', #3121, #9197, #4106 ) ;
#6195 = DIRECTION ( 'NONE',  ( 1.000000000000000000, 0.000000000000000000, 0.000000000000000000 ) ) ;
#6196 = FACE_OUTER_BOUND ( 'NONE', #1840, .T. ) ;
#6197 = ORIENTED_EDGE ( 'NONE', *, *, #5969, .T. ) ;
#6198 = LINE ( 'NONE', #3302, #8379 ) ;
#6199 = VECTOR ( 'NONE', #7342, 1000.000000000000000 ) ;
#6200 = ORIENTED_EDGE ( 'NONE', *, *, #1798, .T. ) ;
#6201 = VECTOR ( 'NONE', #4521, 999.9999999999998863 ) ;
#6202 = DIRECTION ( 'NONE',  ( 1.000000000000000000, -6.322502648911709143E-17, 9.462293898829198836E-17 ) ) ;
#6204 = ADVANCED_FACE ( 'NONE', ( #12924 ), #10913, .F. ) ;
#6203 = DIRECTION ( 'NONE',  ( -4.112988807310478308E-18, -0.9238795325112874046, 0.3826834323650881720 ) ) ;
#6205 = VECTOR ( 'NONE', #6886, 1000.000000000000000 ) ;
#6206 = AXIS2_PLACEMENT_3D ( 'NONE', #4435, #8932, #7818 ) ;
#6207 = AXIS2_PLACEMENT_3D ( 'NONE', #6658, #3702, #7690 ) ;
#6208 = CARTESIAN_POINT ( 'NONE',  ( -11.90000000000000036, 21.24999999999965183, -35.20607966083885287 ) ) ;
#6209 = ORIENTED_EDGE ( 'NONE', *, *, #8032, .T. ) ;
#6210 = ORIENTED_EDGE ( 'NONE', *, *, #5977, .F. ) ;
#6211 = ORIENTED_EDGE ( 'NONE', *, *, #4179, .T. ) ;
#6212 = CARTESIAN_POINT ( 'NONE',  ( 6.600000000000989964, 31.96623182489024373, -13.24084675983277393 ) ) ;
#6213 = ORIENTED_EDGE ( 'NONE', *, *, #5549, .T. ) ;
#6214 = LINE ( 'NONE', #2142, #8257 ) ;
#6215 = ORIENTED_EDGE ( 'NONE', *, *, #9886, .T. ) ;
#6216 = DIRECTION ( 'NONE',  ( 0.000000000000000000, 0.8314696123025479002, 0.5555702330195982919 ) ) ;
#6217 = ADVANCED_FACE ( 'NONE', ( #11891 ), #11107, .F. ) ;
#6218 = CARTESIAN_POINT ( 'NONE',  ( -78.79999999999999716, -17.63180090728720018, -10.55614023996390038 ) ) ;
#6219 = ORIENTED_EDGE ( 'NONE', *, *, #11210, .T. ) ;
#6220 = EDGE_CURVE ( 'NONE', #3764, #11101, #2949, .T. ) ;
#6221 = LINE ( 'NONE', #1226, #1249 ) ;
#6222 = CYLINDRICAL_SURFACE ( 'NONE', #11633, 0.9999999999999998890 ) ;
#6223 = ORIENTED_EDGE ( 'NONE', *, *, #3493, .T. ) ;
#6224 = DIRECTION ( 'NONE',  ( 0.000000000000000000, -0.9238795325112875156, 0.3826834323650881720 ) ) ;
#6225 = AXIS2_PLACEMENT_3D ( 'NONE', #6789, #2794, #3914 ) ;
#6226 = CARTESIAN_POINT ( 'NONE',  ( 13.59999999999999964, -1.578375501367704987E-12, -1.742669098005880165E-12 ) ) ;
#6227 = EDGE_CURVE ( 'NONE', #4978, #708, #8995, .T. ) ;
#6228 = ORIENTED_EDGE ( 'NONE', *, *, #3012, .F. ) ;
#6229 = ADVANCED_FACE ( 'NONE', ( #2983 ), #7754, .T. ) ;
#6230 = PLANE ( 'NONE',  #6585 ) ;
#6231 = FACE_OUTER_BOUND ( 'NONE', #3359, .T. ) ;
#6232 = FACE_OUTER_BOUND ( 'NONE', #4650, .T. ) ;
#6233 = CARTESIAN_POINT ( 'NONE',  ( -73.59999999999999432, -13.62722310454145891, 5.644580627385050065 ) ) ;
#6234 = VECTOR ( 'NONE', #7402, 1000.000000000000000 ) ;
#6235 = DIRECTION ( 'NONE',  ( -1.000000000000000000, 6.705557021117060106E-18, 5.440889002481110112E-18 ) ) ;
#6236 = EDGE_CURVE ( 'NONE', #10569, #4925, #6067, .T. ) ;
#6237 = CYLINDRICAL_SURFACE ( 'NONE', #6820, 1.750000000000001332 ) ;
#6238 = VERTEX_POINT ( 'NONE', #5024 ) ;
#6239 = CARTESIAN_POINT ( 'NONE',  ( -1.899999999999999911, -32.24999999999998579, -1.089119198800293318E-12 ) ) ;
#6240 = ADVANCED_FACE ( 'NONE', ( #37 ), #9007, .F. ) ;
#6241 = FACE_OUTER_BOUND ( 'NONE', #1663, .T. ) ;
#6242 = ORIENTED_EDGE ( 'NONE', *, *, #4681, .F. ) ;
#6243 = AXIS2_PLACEMENT_3D ( 'NONE', #5053, #10869, #6810 ) ;
#6244 = CARTESIAN_POINT ( 'NONE',  ( -65.19999999999998863, -41.29741510325477094, 17.10594942671902174 ) ) ;
#6245 = VERTEX_POINT ( 'NONE', #7048 ) ;
#6246 = ORIENTED_EDGE ( 'NONE', *, *, #6373, .T. ) ;
#6247 = CARTESIAN_POINT ( 'NONE',  ( 5.600000000000000533, 3.989273081794881486E-15, -2.303207887645388045E-15 ) ) ;
#6248 = DIRECTION ( 'NONE',  ( -1.000000000000000000, 6.322502648911719004E-17, -9.462293898829198836E-17 ) ) ;
#6249 = CARTESIAN_POINT ( 'NONE',  ( 6.599999999999999645, -31.00000000000000000, -9.693681929906711246E-13 ) ) ;
#6250 = AXIS2_PLACEMENT_3D ( 'NONE', #6934, #11066, #906 ) ;
#6251 = VECTOR ( 'NONE', #5155, 1000.000000000000000 ) ;
#6252 = EDGE_CURVE ( 'NONE', #8362, #1336, #1912, .T. ) ;
#6253 = CARTESIAN_POINT ( 'NONE',  ( -56.21032168798580386, -17.56051023625829899, 10.52097810292690028 ) ) ;
#6254 = ORIENTED_EDGE ( 'NONE', *, *, #10953, .F. ) ;
#6255 = DIRECTION ( 'NONE',  ( 1.000000000000000000, -6.322502648911709143E-17, 9.462293898829198836E-17 ) ) ;
#6256 = CARTESIAN_POINT ( 'NONE',  ( -73.59999999999999432, -15.11152954851269925, -1.858541014997230123 ) ) ;
#6257 = CIRCLE ( 'NONE', #802, 1.850000000000001421 ) ;
#6258 = VERTEX_POINT ( 'NONE', #6130 ) ;
#6259 = DIRECTION ( 'NONE',  ( 1.000000000000000000, -1.067925513466054003E-16, 6.551204957150059656E-17 ) ) ;
#6260 = CARTESIAN_POINT ( 'NONE',  ( -73.59999999999999432, -6.501152320298220211, 18.92874846650675025 ) ) ;
#6261 = DIRECTION ( 'NONE',  ( 1.000000000000000000, -6.705557021117060106E-18, -5.440889002481110112E-18 ) ) ;
#6262 = EDGE_CURVE ( 'NONE', #2787, #7829, #9060, .T. ) ;
#6263 = LINE ( 'NONE', #2386, #1064 ) ;
#6264 = ORIENTED_EDGE ( 'NONE', *, *, #12369, .T. ) ;
#6265 = FACE_OUTER_BOUND ( 'NONE', #1408, .T. ) ;
#6266 = CARTESIAN_POINT ( 'NONE',  ( -56.21032168798580386, -22.72673657318700080, -1.951395585975469915 ) ) ;
#6267 = LINE ( 'NONE', #10238, #9344 ) ;
#6268 = EDGE_LOOP ( 'NONE', ( #11634, #175, #12156, #11823 ) ) ;
#6269 = EDGE_LOOP ( 'NONE', ( #8227, #7432, #7814, #4399 ) ) ;
#6270 = ORIENTED_EDGE ( 'NONE', *, *, #9704, .F. ) ;
#6271 = LINE ( 'NONE', #2013, #541 ) ;
#6272 = EDGE_CURVE ( 'NONE', #9867, #4024, #3789, .T. ) ;
#6273 = ORIENTED_EDGE ( 'NONE', *, *, #9452, .T. ) ;
#6274 = EDGE_LOOP ( 'NONE', ( #7265, #2138, #12705 ) ) ;
#6275 = CYLINDRICAL_SURFACE ( 'NONE', #5772, 1.750000000000001110 ) ;
#6276 = ORIENTED_EDGE ( 'NONE', *, *, #9313, .T. ) ;
#6277 = CARTESIAN_POINT ( 'NONE',  ( -43.88791531425349746, 9.190404468138918949E-15, -5.306082496537519856E-15 ) ) ;
#6278 = EDGE_LOOP ( 'NONE', ( #10605, #54, #4476, #4289 ) ) ;
#6279 = CARTESIAN_POINT ( 'NONE',  ( -63.60000000000000142, 24.54868384785824631, -16.45541219253015086 ) ) ;
#6280 = DIRECTION ( 'NONE',  ( -1.000000000000000000, 0.000000000000000000, 0.000000000000000000 ) ) ;
#6281 = ADVANCED_FACE ( 'NONE', ( #2127 ), #9127, .F. ) ;
#6282 = LINE ( 'NONE', #11265, #1059 ) ;
#6283 = DIRECTION ( 'NONE',  ( 0.000000000000000000, -0.9238795325112789669, 0.3826834323651084890 ) ) ;
#6284 = ORIENTED_EDGE ( 'NONE', *, *, #214, .T. ) ;
#6285 = CIRCLE ( 'NONE', #9189, 44.90000000000002700 ) ;
#6286 = EDGE_CURVE ( 'NONE', #1763, #4372, #9212, .T. ) ;
#6287 = ORIENTED_EDGE ( 'NONE', *, *, #9249, .F. ) ;
#6288 = CARTESIAN_POINT ( 'NONE',  ( -73.59999999999999432, -10.54652483430702148, 22.22798492709910079 ) ) ;
#6289 = CARTESIAN_POINT ( 'NONE',  ( 17.39999999999999503, -28.85199554689999601, -19.27828708578179473 ) ) ;
#6290 = VECTOR ( 'NONE', #1305, 999.9999999999998863 ) ;
#6291 = CARTESIAN_POINT ( 'NONE',  ( -1.899999999999999911, -20.67031021678205249, -21.92031021678380043 ) ) ;
#6292 = CARTESIAN_POINT ( 'NONE',  ( 14.10000000000099973, 31.00000000000000000, -9.454242944073600684E-13 ) ) ;
#6293 = VECTOR ( 'NONE', #1102, 1000.000000000000000 ) ;
#6294 = CARTESIAN_POINT ( 'NONE',  ( -73.59999999999999432, -13.47434301098641996, -12.27821568560679921 ) ) ;
#6295 = EDGE_CURVE ( 'NONE', #5175, #10061, #890, .T. ) ;
#6296 = AXIS2_PLACEMENT_3D ( 'NONE', #10252, #10319, #310 ) ;
#6297 = CARTESIAN_POINT ( 'NONE',  ( 6.600000000000989964, -9.540979117872440597E-15, 0.000000000000000000 ) ) ;
#6298 = ORIENTED_EDGE ( 'NONE', *, *, #2291, .T. ) ;
#6299 = CARTESIAN_POINT ( 'NONE',  ( -1.899999999999999911, 23.17031021678435110, -21.92031021678150182 ) ) ;
#6300 = DIRECTION ( 'NONE',  ( 0.000000000000000000, 1.000000000000000000, 9.714451465470124777E-14 ) ) ;
#6301 = VERTEX_POINT ( 'NONE', #11172 ) ;
#6302 = CIRCLE ( 'NONE', #640, 1.249999999999987121 ) ;
#6303 = LINE ( 'NONE', #8985, #5405 ) ;
#6304 = AXIS2_PLACEMENT_3D ( 'NONE', #6638, #7481, #6761 ) ;
#6305 = EDGE_CURVE ( 'NONE', #4024, #12219, #3365, .T. ) ;
#6306 = DIRECTION ( 'NONE',  ( 0.000000000000000000, 0.000000000000000000, 1.000000000000000000 ) ) ;
#6307 = VECTOR ( 'NONE', #4766, 999.9999999999998863 ) ;
#6308 = EDGE_LOOP ( 'NONE', ( #5339, #11566 ) ) ;
#6309 = CARTESIAN_POINT ( 'NONE',  ( -73.59999999999999432, -9.245594443656699468, 7.076827211641109727 ) ) ;
#6310 = CARTESIAN_POINT ( 'NONE',  ( -73.29999999999999716, 14.57324631211731969, -16.92514187074394982 ) ) ;
#6311 = DIRECTION ( 'NONE',  ( 7.592831564818952788E-18, 0.3826834323650881720, 0.9238795325112874046 ) ) ;
#6312 = DIRECTION ( 'NONE',  ( -7.592831564818951247E-18, -0.3826834323650886160, -0.9238795325112872936 ) ) ;
#6313 = CIRCLE ( 'NONE', #650, 1.600000000000000089 ) ;
#6314 = EDGE_CURVE ( 'NONE', #4967, #11716, #2323, .T. ) ;
#6315 = CARTESIAN_POINT ( 'NONE',  ( 14.10000000000099973, 23.45852899954101645, -20.89250528569854382 ) ) ;
#6316 = EDGE_LOOP ( 'NONE', ( #4364, #4350, #4842, #6584 ) ) ;
#6317 = AXIS2_PLACEMENT_3D ( 'NONE', #6622, #7713, #2941 ) ;
#6318 = LINE ( 'NONE', #1125, #2312 ) ;
#6319 = AXIS2_PLACEMENT_3D ( 'NONE', #4676, #554, #6704 ) ;
#6320 = CARTESIAN_POINT ( 'NONE',  ( -11.90000000000000746, 1.388469777829607980E-13, 42.50000000000000000 ) ) ;
#6321 = ORIENTED_EDGE ( 'NONE', *, *, #8673, .F. ) ;
#6322 = EDGE_CURVE ( 'NONE', #2486, #2209, #6263, .T. ) ;
#6323 = AXIS2_PLACEMENT_3D ( 'NONE', #3426, #10433, #483 ) ;
#6324 = VECTOR ( 'NONE', #3855, 1000.000000000000000 ) ;
#6325 = LINE ( 'NONE', #10303, #12656 ) ;
#6326 = CONICAL_SURFACE ( 'NONE', #1306, 1.850000000000001421, 1.308996938995719006 ) ;
#6327 = DIRECTION ( 'NONE',  ( 0.000000000000000000, -0.9238795325112875156, 0.3826834323650881720 ) ) ;
#6328 = CARTESIAN_POINT ( 'NONE',  ( 17.54641016151375155, -13.40140518607891984, 27.61246057676195420 ) ) ;
#6329 = CARTESIAN_POINT ( 'NONE',  ( -78.79999999999999716, -14.74807692746136034, -10.12702952210969976 ) ) ;
#6330 = VERTEX_POINT ( 'NONE', #2450 ) ;
#6331 = EDGE_CURVE ( 'NONE', #4259, #9117, #6198, .T. ) ;
#6332 = DIRECTION ( 'NONE',  ( 1.000000000000000000, 0.000000000000000000, 0.000000000000000000 ) ) ;
#6333 = CIRCLE ( 'NONE', #9034, 44.71208468574654660 ) ;
#6334 = VECTOR ( 'NONE', #11341, 1000.000000000000000 ) ;
#6335 = CARTESIAN_POINT ( 'NONE',  ( 0.000000000000000000, 5.475651139360490515E-15, 44.71208468574654660 ) ) ;
#6336 = VERTEX_POINT ( 'NONE', #7364 ) ;
#6337 = VERTEX_POINT ( 'NONE', #12330 ) ;
#6338 = ORIENTED_EDGE ( 'NONE', *, *, #5190, .F. ) ;
#6339 = DIRECTION ( 'NONE',  ( -1.000000000000000000, 0.000000000000000000, 0.000000000000000000 ) ) ;
#6340 = CIRCLE ( 'NONE', #7988, 1.000000000000000000 ) ;
#6341 = ORIENTED_EDGE ( 'NONE', *, *, #257, .F. ) ;
#6342 = ORIENTED_EDGE ( 'NONE', *, *, #2704, .T. ) ;
#6343 = LINE ( 'NONE', #10120, #9935 ) ;
#6344 = VERTEX_POINT ( 'NONE', #10233 ) ;
#6345 = DIRECTION ( 'NONE',  ( 1.159058001766240692E-16, 1.000000000000000000, 3.515417124066999971E-15 ) ) ;
#6346 = CONICAL_SURFACE ( 'NONE', #3405, 1.850000000000000311, 1.308996938995731885 ) ;
#6347 = EDGE_LOOP ( 'NONE', ( #7425, #9137, #3492, #4231 ) ) ;
#6348 = CARTESIAN_POINT ( 'NONE',  ( -73.59999999999999432, -18.13453538480590055, 9.135158804159978274 ) ) ;
#6349 = DIRECTION ( 'NONE',  ( 0.2588190451025379479, -0.8031379722975862112, -0.5366396363910627132 ) ) ;
#6350 = CARTESIAN_POINT ( 'NONE',  ( 17.60000000000000142, -26.93575280263105043, 13.00210538100673929 ) ) ;
#6351 = ADVANCED_FACE ( 'NONE', ( #12205 ), #10480, .F. ) ;
#6352 = DIRECTION ( 'NONE',  ( -7.592831564818952788E-18, -0.3826834323650881720, -0.9238795325112874046 ) ) ;
#6353 = VERTEX_POINT ( 'NONE', #8270 ) ;
#6354 = EDGE_CURVE ( 'NONE', #4139, #1457, #9320, .T. ) ;
#6355 = ORIENTED_EDGE ( 'NONE', *, *, #6785, .F. ) ;
#6356 = CARTESIAN_POINT ( 'NONE',  ( 17.60000000000000142, 23.62482292200179756, 23.05922919447124997 ) ) ;
#6357 = LINE ( 'NONE', #5381, #1984 ) ;
#6358 = DIRECTION ( 'NONE',  ( 1.000000000000000000, -1.067925513466054003E-16, 6.551204957150059656E-17 ) ) ;
#6359 = FACE_OUTER_BOUND ( 'NONE', #68, .T. ) ;
#6360 = CARTESIAN_POINT ( 'NONE',  ( -72.84391516214240880, -5.003247639239299716, 19.93188433290860218 ) ) ;
#6361 = CARTESIAN_POINT ( 'NONE',  ( -1.899999999999999911, -23.17031021678204894, -21.92031021678400293 ) ) ;
#6362 = ORIENTED_EDGE ( 'NONE', *, *, #5154, .F. ) ;
#6363 = FACE_OUTER_BOUND ( 'NONE', #2494, .T. ) ;
#6364 = LINE ( 'NONE', #6108, #2328 ) ;
#6365 = ORIENTED_EDGE ( 'NONE', *, *, #12155, .F. ) ;
#6366 = CARTESIAN_POINT ( 'NONE',  ( -73.29999999999999716, 12.18086100591546028, -19.61476803723614992 ) ) ;
#6367 = CARTESIAN_POINT ( 'NONE',  ( 14.10000000000099973, -27.02347632595486004, 11.19349039667953782 ) ) ;
#6368 = EDGE_LOOP ( 'NONE', ( #8913, #10840, #405, #2411 ) ) ;
#6369 = CARTESIAN_POINT ( 'NONE',  ( -1.899999999999999911, -21.92031021678345226, 21.92031021678250013 ) ) ;
#6370 = CARTESIAN_POINT ( 'NONE',  ( -43.90000000000001279, -44.69999999999998863, -1.585994371967580100E-13 ) ) ;
#6371 = LINE ( 'NONE', #3414, #9326 ) ;
#6372 = PLANE ( 'NONE',  #10079 ) ;
#6373 = EDGE_CURVE ( 'NONE', #8597, #1196, #9426, .T. ) ;
#6374 = CARTESIAN_POINT ( 'NONE',  ( 17.60000000000000142, -23.62482292200470013, 20.78139123909115327 ) ) ;
#6375 = EDGE_LOOP ( 'NONE', ( #10964, #8797, #12553, #8876 ) ) ;
#6376 = ADVANCED_FACE ( 'NONE', ( #8337 ), #6517, .F. ) ;
#6377 = CARTESIAN_POINT ( 'NONE',  ( -72.84391516214240880, 20.53189807290879898, -19.53760032257880042 ) ) ;
#6378 = FACE_OUTER_BOUND ( 'NONE', #12591, .T. ) ;
#6379 = EDGE_CURVE ( 'NONE', #10724, #4429, #5346, .T. ) ;
#6380 = VERTEX_POINT ( 'NONE', #4418 ) ;
#6381 = EDGE_CURVE ( 'NONE', #1378, #3706, #1396, .T. ) ;
#6382 = CIRCLE ( 'NONE', #7618, 2.050000000000000711 ) ;
#6383 = LINE ( 'NONE', #10366, #12634 ) ;
#6384 = CARTESIAN_POINT ( 'NONE',  ( 6.599999999999999645, -29.89026550785019865, 11.86318640331690055 ) ) ;
#6385 = CYLINDRICAL_SURFACE ( 'NONE', #8907, 44.71208468574654660 ) ;
#6386 = CARTESIAN_POINT ( 'NONE',  ( 14.10000000000099973, -30.25705468974433998, 12.53288240995741987 ) ) ;
#6387 = VECTOR ( 'NONE', #12266, 1000.000000000000000 ) ;
#6388 = VECTOR ( 'NONE', #673, 1000.000000000000114 ) ;
#6389 = CONICAL_SURFACE ( 'NONE', #11613, 1.850000000000001865, 1.308996938995732329 ) ;
#6390 = ORIENTED_EDGE ( 'NONE', *, *, #5029, .F. ) ;
#6391 = CARTESIAN_POINT ( 'NONE',  ( 17.39999999999999503, -29.01828946936050357, -19.38940113238571428 ) ) ;
#6392 = EDGE_CURVE ( 'NONE', #4094, #12780, #9020, .T. ) ;
#6393 = VECTOR ( 'NONE', #2793, 1000.000000000000000 ) ;
#6394 = AXIS2_PLACEMENT_3D ( 'NONE', #9095, #1906, #6822 ) ;
#6395 = CARTESIAN_POINT ( 'NONE',  ( -59.50000000000000000, -11.86318640331978003, -28.64026550785144920 ) ) ;
#6396 = ORIENTED_EDGE ( 'NONE', *, *, #5436, .F. ) ;
#6397 = AXIS2_PLACEMENT_3D ( 'NONE', #4704, #7583, #12547 ) ;
#6398 = ORIENTED_EDGE ( 'NONE', *, *, #10835, .F. ) ;
#6399 = AXIS2_PLACEMENT_3D ( 'NONE', #6793, #8948, #10726 ) ;
#6400 = VECTOR ( 'NONE', #2563, 1000.000000000000000 ) ;
#6401 = ORIENTED_EDGE ( 'NONE', *, *, #2053, .F. ) ;
#6402 = DIRECTION ( 'NONE',  ( 1.000000000000000000, 0.000000000000000000, 0.000000000000000000 ) ) ;
#6403 = EDGE_CURVE ( 'NONE', #2735, #1460, #7422, .T. ) ;
#6404 = AXIS2_PLACEMENT_3D ( 'NONE', #5982, #9969, #11802 ) ;
#6405 = ORIENTED_EDGE ( 'NONE', *, *, #2121, .T. ) ;
#6406 = ORIENTED_EDGE ( 'NONE', *, *, #3095, .T. ) ;
#6407 = CARTESIAN_POINT ( 'NONE',  ( 17.54641016151375155, -1.538218782761094916, 29.97219506891200069 ) ) ;
#6408 = CIRCLE ( 'NONE', #8059, 2.050000000000024247 ) ;
#6409 = ORIENTED_EDGE ( 'NONE', *, *, #9894, .F. ) ;
#6410 = CARTESIAN_POINT ( 'NONE',  ( -14.90000000000000036, 6.045201197718049712E-15, -3.490198538808399630E-15 ) ) ;
#6411 = ADVANCED_FACE ( 'NONE', ( #7297 ), #4357, .F. ) ;
#6412 = VERTEX_POINT ( 'NONE', #234 ) ;
#6413 = AXIS2_PLACEMENT_3D ( 'NONE', #987, #9159, #2951 ) ;
#6414 = AXIS2_PLACEMENT_3D ( 'NONE', #6471, #8612, #1410 ) ;
#6415 = CIRCLE ( 'NONE', #751, 44.60000000000000142 ) ;
#6416 = PLANE ( 'NONE',  #7216 ) ;
#6417 = FACE_OUTER_BOUND ( 'NONE', #8148, .T. ) ;
#6418 = CARTESIAN_POINT ( 'NONE',  ( -59.50000000000000000, -27.10204672509155088, 12.89099133440281975 ) ) ;
#6419 = ORIENTED_EDGE ( 'NONE', *, *, #11879, .F. ) ;
#6420 = ORIENTED_EDGE ( 'NONE', *, *, #11709, .T. ) ;
#6421 = CARTESIAN_POINT ( 'NONE',  ( 6.599999999999999645, 20.30352103488884907, 22.59000622342129816 ) ) ;
#6422 = FACE_OUTER_BOUND ( 'NONE', #12821, .T. ) ;
#6423 = DIRECTION ( 'NONE',  ( 0.000000000000000000, 0.8314696123025479002, 0.5555702330195982919 ) ) ;
#6424 = DIRECTION ( 'NONE',  ( 0.000000000000000000, 1.000000000000000000, 9.714451465470219441E-14 ) ) ;
#6425 = ADVANCED_FACE ( 'NONE', ( #420 ), #10435, .F. ) ;
#6426 = FACE_OUTER_BOUND ( 'NONE', #3423, .T. ) ;
#6427 = DIRECTION ( 'NONE',  ( -1.000000000000000000, -0.000000000000000000, -0.000000000000000000 ) ) ;
#6428 = VERTEX_POINT ( 'NONE', #4480 ) ;
#6429 = AXIS2_PLACEMENT_3D ( 'NONE', #8428, #4323, #8307 ) ;
#6430 = CARTESIAN_POINT ( 'NONE',  ( 17.10000000000000142, -1.578749275297414948E-12, -1.742439805832375052E-12 ) ) ;
#6431 = CARTESIAN_POINT ( 'NONE',  ( 17.54641016151380128, -11.86318640331978003, -28.64026550785144920 ) ) ;
#6432 = ORIENTED_EDGE ( 'NONE', *, *, #8588, .T. ) ;
#6433 = DIRECTION ( 'NONE',  ( -1.000000000000000000, 0.000000000000000000, 0.000000000000000000 ) ) ;
#6434 = FACE_OUTER_BOUND ( 'NONE', #2784, .T. ) ;
#6435 = VECTOR ( 'NONE', #11562, 1000.000000000000000 ) ;
#6436 = ORIENTED_EDGE ( 'NONE', *, *, #1651, .F. ) ;
#6437 = VERTEX_POINT ( 'NONE', #3428 ) ;
#6438 = DIRECTION ( 'NONE',  ( 0.000000000000000000, 0.8314696123025480112, 0.5555702330195979588 ) ) ;
#6439 = EDGE_CURVE ( 'NONE', #4762, #9075, #3497, .T. ) ;
#6440 = CARTESIAN_POINT ( 'NONE',  ( -63.51208468574660770, -2.066205161904769999E-14, 1.491883645478428116E-14 ) ) ;
#6441 = CARTESIAN_POINT ( 'NONE',  ( -14.89999999999999503, 44.90000000000001279, 1.543520303317999143E-13 ) ) ;
#6442 = CARTESIAN_POINT ( 'NONE',  ( 17.60000000000000142, -28.64026550785125380, 11.86318640331655949 ) ) ;
#6443 = DIRECTION ( 'NONE',  ( 1.000000000000000000, 0.000000000000000000, 0.000000000000000000 ) ) ;
#6444 = ORIENTED_EDGE ( 'NONE', *, *, #5701, .T. ) ;
#6445 = FACE_OUTER_BOUND ( 'NONE', #2085, .T. ) ;
#6446 = CONICAL_SURFACE ( 'NONE', #12078, 1.849999999999998979, 1.308996938995742765 ) ;
#6447 = DIRECTION ( 'NONE',  ( 0.000000000000000000, 1.000000000000000000, 9.575673587392073611E-14 ) ) ;
#6448 = ORIENTED_EDGE ( 'NONE', *, *, #4252, .F. ) ;
#6449 = EDGE_CURVE ( 'NONE', #4438, #5293, #5691, .T. ) ;
#6450 = EDGE_CURVE ( 'NONE', #11771, #2673, #10269, .T. ) ;
#6451 = DIRECTION ( 'NONE',  ( 0.000000000000000000, 0.3826834323650881720, 0.9238795325112874046 ) ) ;
#6452 = CIRCLE ( 'NONE', #9156, 1.000000000000000666 ) ;
#6453 = DIRECTION ( 'NONE',  ( 0.000000000000000000, 0.9238795325112874046, -0.3826834323650882275 ) ) ;
#6454 = PLANE ( 'NONE',  #352 ) ;
#6455 = VECTOR ( 'NONE', #6558, 1000.000000000000000 ) ;
#6456 = CARTESIAN_POINT ( 'NONE',  ( -59.50000000000000000, 21.92031021678129932, -21.92031021678479874 ) ) ;
#6457 = ORIENTED_EDGE ( 'NONE', *, *, #7858, .F. ) ;
#6458 = EDGE_CURVE ( 'NONE', #2787, #8665, #654, .T. ) ;
#6459 = DIRECTION ( 'NONE',  ( 0.000000000000000000, 0.8314696123025479002, 0.5555702330195982919 ) ) ;
#6460 = VERTEX_POINT ( 'NONE', #5531 ) ;
#6461 = EDGE_CURVE ( 'NONE', #7927, #5909, #11555, .T. ) ;
#6462 = AXIS2_PLACEMENT_3D ( 'NONE', #4982, #12942, #3980 ) ;
#6463 = VECTOR ( 'NONE', #1135, 1000.000000000000000 ) ;
#6464 = CARTESIAN_POINT ( 'NONE',  ( 17.10000000000000142, 3.741613255359887091, 2.500066048586448098 ) ) ;
#6465 = ORIENTED_EDGE ( 'NONE', *, *, #3933, .T. ) ;
#6466 = ORIENTED_EDGE ( 'NONE', *, *, #7999, .T. ) ;
#6467 = EDGE_LOOP ( 'NONE', ( #12845, #167, #5943, #10636, #6341, #3479 ) ) ;
#6468 = LINE ( 'NONE', #494, #8474 ) ;
#6469 = EDGE_LOOP ( 'NONE', ( #9629, #6591, #3218, #929 ) ) ;
#6470 = ORIENTED_EDGE ( 'NONE', *, *, #4953, .T. ) ;
#6471 = CARTESIAN_POINT ( 'NONE',  ( -63.50000000000000000, 1.444151508210249863E-14, -8.850804619715098276E-15 ) ) ;
#6472 = VERTEX_POINT ( 'NONE', #4747 ) ;
#6473 = CARTESIAN_POINT ( 'NONE',  ( -72.84391516214240880, -14.39822254349770070, -11.89553225324170072 ) ) ;
#6474 = VERTEX_POINT ( 'NONE', #2576 ) ;
#6475 = EDGE_LOOP ( 'NONE', ( #10315, #9271, #7669, #10431 ) ) ;
#6476 = CARTESIAN_POINT ( 'NONE',  ( -73.59999999999999432, -25.02283716737749941, -7.494672781043190568 ) ) ;
#6477 = FACE_OUTER_BOUND ( 'NONE', #4944, .T. ) ;
#6478 = ORIENTED_EDGE ( 'NONE', *, *, #2663, .T. ) ;
#6479 = ORIENTED_EDGE ( 'NONE', *, *, #3292, .T. ) ;
#6480 = DIRECTION ( 'NONE',  ( 0.000000000000000000, -0.9238795325112914014, 0.3826834323650783465 ) ) ;
#6481 = EDGE_CURVE ( 'NONE', #1658, #4688, #875, .T. ) ;
#6482 = DIRECTION ( 'NONE',  ( 0.000000000000000000, 0.000000000000000000, 1.000000000000000000 ) ) ;
#6483 = DIRECTION ( 'NONE',  ( 0.000000000000000000, -0.9238795325112874046, 0.3826834323650882275 ) ) ;
#6484 = CARTESIAN_POINT ( 'NONE',  ( -14.90000000000000036, -4.547048498203718976E-13, -44.10000000000000142 ) ) ;
#6485 = DIRECTION ( 'NONE',  ( 0.000000000000000000, -0.9238795325112789669, 0.3826834323651084890 ) ) ;
#6486 = CARTESIAN_POINT ( 'NONE',  ( 6.599999999999999645, 31.00000000000000000, 2.307831424685130031E-12 ) ) ;
#6487 = EDGE_LOOP ( 'NONE', ( #11120, #12206 ) ) ;
#6488 = CARTESIAN_POINT ( 'NONE',  ( 6.599999999999999645, -20.67031021678344871, 21.92031021678259961 ) ) ;
#6489 = DIRECTION ( 'NONE',  ( -1.000000000000000000, 4.451867004922774877E-18, 0.000000000000000000 ) ) ;
#6490 = VERTEX_POINT ( 'NONE', #5663 ) ;
#6491 = CARTESIAN_POINT ( 'NONE',  ( -1.899999999999999911, 10.61318640331946028, -28.64026550784934955 ) ) ;
#6492 = EDGE_CURVE ( 'NONE', #4110, #12407, #9506, .T. ) ;
#6493 = CARTESIAN_POINT ( 'NONE',  ( -11.90000000000000036, 42.50000000000000000, -1.600000000000000089 ) ) ;
#6494 = ORIENTED_EDGE ( 'NONE', *, *, #5092, .T. ) ;
#6495 = ORIENTED_EDGE ( 'NONE', *, *, #7103, .F. ) ;
#6496 = FACE_OUTER_BOUND ( 'NONE', #967, .T. ) ;
#6497 = CIRCLE ( 'NONE', #9829, 34.42296358256754729 ) ;
#6498 = LINE ( 'NONE', #282, #6400 ) ;
#6499 = CARTESIAN_POINT ( 'NONE',  ( 14.10000000000099973, 32.61678918189475240, -0.6696960066398860434 ) ) ;
#6500 = CARTESIAN_POINT ( 'NONE',  ( 6.600000000000989964, 31.96623182489024373, -13.24084675983277393 ) ) ;
#6501 = FACE_OUTER_BOUND ( 'NONE', #7705, .T. ) ;
#6502 = ORIENTED_EDGE ( 'NONE', *, *, #8759, .F. ) ;
#6503 = DIRECTION ( 'NONE',  ( 0.000000000000000000, -0.9238795325112872936, 0.3826834323650886160 ) ) ;
#6504 = VECTOR ( 'NONE', #10490, 1000.000000000000000 ) ;
#6505 = AXIS2_PLACEMENT_3D ( 'NONE', #12170, #11073, #12295 ) ;
#6506 = CARTESIAN_POINT ( 'NONE',  ( 17.39999999999999858, -1.578781313062820085E-12, -1.742420152217504864E-12 ) ) ;
#6507 = VECTOR ( 'NONE', #4374, 1000.000000000000000 ) ;
#6508 = EDGE_CURVE ( 'NONE', #11808, #2961, #1922, .T. ) ;
#6509 = ORIENTED_EDGE ( 'NONE', *, *, #6116, .T. ) ;
#6510 = EDGE_CURVE ( 'NONE', #2568, #8597, #33, .T. ) ;
#6511 = DIRECTION ( 'NONE',  ( 2.170249086492574887E-18, -0.4146932426562390805, 0.9099612708765432156 ) ) ;
#6512 = AXIS2_PLACEMENT_3D ( 'NONE', #12946, #9874, #8887 ) ;
#6513 = CARTESIAN_POINT ( 'NONE',  ( -63.48791531425350598, 1.443817470673763893E-14, -8.848542754869498254E-15 ) ) ;
#6514 = CARTESIAN_POINT ( 'NONE',  ( 14.10000000000099973, -1.067722299463723959E-12, -31.00000000000000000 ) ) ;
#6515 = CIRCLE ( 'NONE', #12559, 1.749999999999999556 ) ;
#6516 = CARTESIAN_POINT ( 'NONE',  ( 6.599999999999999645, 1.249999999997011946, 31.00000000000000000 ) ) ;
#6517 = CONICAL_SURFACE ( 'NONE', #10921, 1.850000000000000311, 1.308996938995731885 ) ;
#6518 = EDGE_LOOP ( 'NONE', ( #4384, #12738, #1736, #2186 ) ) ;
#6519 = DIRECTION ( 'NONE',  ( -1.000000000000000000, 0.000000000000000000, 0.000000000000000000 ) ) ;
#6520 = ORIENTED_EDGE ( 'NONE', *, *, #8350, .F. ) ;
#6521 = AXIS2_PLACEMENT_3D ( 'NONE', #5926, #12912, #7937 ) ;
#6522 = VECTOR ( 'NONE', #12373, 1000.000000000000000 ) ;
#6523 = CARTESIAN_POINT ( 'NONE',  ( -43.91208468574654233, -4.622231866529366047E-30, -44.71208468574655370 ) ) ;
#6524 = VERTEX_POINT ( 'NONE', #11745 ) ;
#6525 = ORIENTED_EDGE ( 'NONE', *, *, #4787, .T. ) ;
#6526 = CIRCLE ( 'NONE', #10699, 1.000000000000000888 ) ;
#6527 = VERTEX_POINT ( 'NONE', #4551 ) ;
#6528 = CYLINDRICAL_SURFACE ( 'NONE', #9536, 44.71208468574654660 ) ;
#6529 = ORIENTED_EDGE ( 'NONE', *, *, #6555, .F. ) ;
#6530 = ORIENTED_EDGE ( 'NONE', *, *, #8986, .F. ) ;
#6531 = FACE_OUTER_BOUND ( 'NONE', #12417, .T. ) ;
#6532 = ORIENTED_EDGE ( 'NONE', *, *, #6683, .T. ) ;
#6533 = CARTESIAN_POINT ( 'NONE',  ( -72.84391516214240880, 3.580780646389595034, -4.730384508494830165 ) ) ;
#6534 = ORIENTED_EDGE ( 'NONE', *, *, #9287, .F. ) ;
#6535 = CARTESIAN_POINT ( 'NONE',  ( -73.29999999999999716, 14.68072612198463922, -15.75106858066749993 ) ) ;
#6536 = CIRCLE ( 'NONE', #883, 0.9999999999999998890 ) ;
#6537 = DIRECTION ( 'NONE',  ( 0.000000000000000000, 0.000000000000000000, -1.000000000000000000 ) ) ;
#6538 = EDGE_CURVE ( 'NONE', #402, #1532, #7678, .T. ) ;
#6539 = DIRECTION ( 'NONE',  ( 0.2588190451025240701, -0.8031379722975892088, -0.5366396363910650447 ) ) ;
#6540 = ORIENTED_EDGE ( 'NONE', *, *, #5918, .T. ) ;
#6541 = EDGE_CURVE ( 'NONE', #2493, #4259, #6526, .T. ) ;
#6542 = EDGE_CURVE ( 'NONE', #11865, #5813, #8720, .T. ) ;
#6543 = ORIENTED_EDGE ( 'NONE', *, *, #7656, .F. ) ;
#6544 = FACE_OUTER_BOUND ( 'NONE', #5063, .T. ) ;
#6545 = ADVANCED_FACE ( 'NONE', ( #1592 ), #2708, .F. ) ;
#6546 = CONICAL_SURFACE ( 'NONE', #2566, 1.849999999999998979, 1.308996938995742765 ) ;
#6547 = CARTESIAN_POINT ( 'NONE',  ( 17.54641016151380128, 20.38209143402159640, -22.94811514787109985 ) ) ;
#6548 = PRODUCT_DEFINITION_CONTEXT ( 'detailed design', #3769, 'design' ) ;
#6549 = EDGE_CURVE ( 'NONE', #4420, #1665, #3173, .T. ) ;
#6550 = CARTESIAN_POINT ( 'NONE',  ( -11.90000000000000036, -9.540979117872440597E-15, -44.60000000000000142 ) ) ;
#6551 = DIRECTION ( 'NONE',  ( 0.000000000000000000, 0.4146932426562376373, -0.9099612708765437707 ) ) ;
#6552 = LINE ( 'NONE', #4582, #7038 ) ;
#6553 = ORIENTED_EDGE ( 'NONE', *, *, #5979, .F. ) ;
#6554 = CARTESIAN_POINT ( 'NONE',  ( -56.21032168798580386, -24.44881201882990140, -6.108853482276259683 ) ) ;
#6555 = EDGE_CURVE ( 'NONE', #7067, #11030, #11337, .T. ) ;
#6556 = DIRECTION ( 'NONE',  ( 1.000000000000000000, 2.638697247430395030E-33, 6.370378681743239884E-33 ) ) ;
#6557 = ORIENTED_EDGE ( 'NONE', *, *, #10870, .F. ) ;
#6558 = DIRECTION ( 'NONE',  ( -1.000000000000000000, 0.000000000000000000, 0.000000000000000000 ) ) ;
#6559 = LINE ( 'NONE', #1560, #12038 ) ;
#6560 = ORIENTED_EDGE ( 'NONE', *, *, #5352, .T. ) ;
#6561 = CARTESIAN_POINT ( 'NONE',  ( 17.54641016151375155, -28.64026550785125380, 11.86318640331655949 ) ) ;
#6562 = VERTEX_POINT ( 'NONE', #9578 ) ;
#6563 = EDGE_CURVE ( 'NONE', #4113, #9488, #7611, .T. ) ;
#6564 = DIRECTION ( 'NONE',  ( -1.000000000000000000, 6.322502648911709143E-17, -9.462293898829198836E-17 ) ) ;
#6565 = CARTESIAN_POINT ( 'NONE',  ( -73.59999999999999432, -10.39364474075195766, 4.305188614107244405 ) ) ;
#6566 = LINE ( 'NONE', #1382, #7653 ) ;
#6567 = LINE ( 'NONE', #2697, #7159 ) ;
#6568 = DIRECTION ( 'NONE',  ( 1.000000000000000000, -6.322502648911709143E-17, 9.462293898829198836E-17 ) ) ;
#6569 = VERTEX_POINT ( 'NONE', #1721 ) ;
#6570 = DIRECTION ( 'NONE',  ( 1.000000000000000000, 0.000000000000000000, 0.000000000000000000 ) ) ;
#6571 = CARTESIAN_POINT ( 'NONE',  ( -1.899999999999999911, 28.64026550785075287, -11.86318640331580099 ) ) ;
#6572 = VERTEX_POINT ( 'NONE', #8784 ) ;
#6573 = CARTESIAN_POINT ( 'NONE',  ( -73.59999999999999432, -21.45300265671205153, -4.102581749472585138 ) ) ;
#6574 = CARTESIAN_POINT ( 'NONE',  ( -72.84391516214240880, -1.769669275449794910, 18.59249231963075033 ) ) ;
#6575 = CARTESIAN_POINT ( 'NONE',  ( 14.09999999999999964, -1.991293084925854985E-12, -31.00000000000174794 ) ) ;
#6576 = DIRECTION ( 'NONE',  ( 7.592831564818948166E-18, 0.3826834323650898928, 0.9238795325112867385 ) ) ;
#6577 = DIRECTION ( 'NONE',  ( 0.000000000000000000, 0.000000000000000000, 1.000000000000000000 ) ) ;
#6578 = ORIENTED_EDGE ( 'NONE', *, *, #9108, .T. ) ;
#6579 = EDGE_CURVE ( 'NONE', #1335, #7067, #10908, .T. ) ;
#6580 = DIRECTION ( 'NONE',  ( 0.000000000000000000, -0.8314696123025484553, -0.5555702330195975147 ) ) ;
#6581 = VERTEX_POINT ( 'NONE', #2648 ) ;
#6582 = EDGE_CURVE ( 'NONE', #12805, #7230, #8595, .T. ) ;
#6583 = VECTOR ( 'NONE', #4346, 1000.000000000000114 ) ;
#6584 = ORIENTED_EDGE ( 'NONE', *, *, #5790, .F. ) ;
#6585 = AXIS2_PLACEMENT_3D ( 'NONE', #10078, #11272, #1106 ) ;
#6586 = DIRECTION ( 'NONE',  ( 7.592831564818957410E-18, 0.3826834323650886160, 0.9238795325112872936 ) ) ;
#6587 = VERTEX_POINT ( 'NONE', #6516 ) ;
#6588 = ORIENTED_EDGE ( 'NONE', *, *, #414, .T. ) ;
#6589 = PLANE ( 'NONE',  #2215 ) ;
#6590 = AXIS2_PLACEMENT_3D ( 'NONE', #2542, #2416, #3589 ) ;
#6591 = ORIENTED_EDGE ( 'NONE', *, *, #3159, .F. ) ;
#6592 = VERTEX_POINT ( 'NONE', #3691 ) ;
#6593 = DIRECTION ( 'NONE',  ( 1.000000000000000000, -1.545410669021654832E-16, 6.264279228234948811E-17 ) ) ;
#6594 = EDGE_LOOP ( 'NONE', ( #740, #1733, #10803, #11255 ) ) ;
#6595 = CARTESIAN_POINT ( 'NONE',  ( 5.599999999999999645, 36.80607966083849902, -19.65000000000000213 ) ) ;
#6596 = AXIS2_PLACEMENT_3D ( 'NONE', #10522, #3712, #7450 ) ;
#6597 = EDGE_CURVE ( 'NONE', #1658, #2493, #9698, .T. ) ;
#6598 = EDGE_LOOP ( 'NONE', ( #9277, #5199, #8120, #1595 ) ) ;
#6599 = DIRECTION ( 'NONE',  ( 1.000000000000000000, 0.000000000000000000, 0.000000000000000000 ) ) ;
#6600 = DIRECTION ( 'NONE',  ( -1.000000000000000000, 4.451867004922774877E-18, 0.000000000000000000 ) ) ;
#6601 = AXIS2_PLACEMENT_3D ( 'NONE', #6052, #11034, #12123 ) ;
#6602 = AXIS2_PLACEMENT_3D ( 'NONE', #1236, #5246, #4250 ) ;
#6603 = CARTESIAN_POINT ( 'NONE',  ( 14.10000000000099973, -13.39392013277882043, -32.33578363789474963 ) ) ;
#6604 = ORIENTED_EDGE ( 'NONE', *, *, #2069, .F. ) ;
#6605 = VECTOR ( 'NONE', #5197, 999.9999999999998863 ) ;
#6606 = VECTOR ( 'NONE', #12699, 1000.000000000000227 ) ;
#6607 = ORIENTED_EDGE ( 'NONE', *, *, #12482, .F. ) ;
#6608 = DIRECTION ( 'NONE',  ( 1.000000000000000000, -5.302876193624889562E-17, -3.061616997868539558E-17 ) ) ;
#6609 = EDGE_CURVE ( 'NONE', #1775, #12214, #11131, .T. ) ;
#6610 = CARTESIAN_POINT ( 'NONE',  ( 14.09999999999999964, -1.382405144857996099E-12, 30.99999999999824851 ) ) ;
#6611 = EDGE_CURVE ( 'NONE', #7009, #6527, #12363, .T. ) ;
#6612 = AXIS2_PLACEMENT_3D ( 'NONE', #10171, #11104, #6979 ) ;
#6613 = VECTOR ( 'NONE', #9998, 1000.000000000000000 ) ;
#6614 = DIRECTION ( 'NONE',  ( 0.000000000000000000, 0.000000000000000000, -1.000000000000000000 ) ) ;
#6615 = CARTESIAN_POINT ( 'NONE',  ( 17.54641016151380128, 21.92031021678129932, -21.92031021678479874 ) ) ;
#6616 = CIRCLE ( 'NONE', #12871, 2.050000000000000711 ) ;
#6617 = CARTESIAN_POINT ( 'NONE',  ( -11.90000000000000746, -1.448930190863837220E-13, 42.50000000000000000 ) ) ;
#6618 = CIRCLE ( 'NONE', #1583, 1.599999999999997202 ) ;
#6619 = EDGE_CURVE ( 'NONE', #12940, #10834, #3886, .T. ) ;
#6620 = DIRECTION ( 'NONE',  ( 1.000000000000000000, 0.000000000000000000, 0.000000000000000000 ) ) ;
#6621 = EDGE_CURVE ( 'NONE', #4382, #7120, #1122, .T. ) ;
#6622 = CARTESIAN_POINT ( 'NONE',  ( -73.29999999999999716, 4.448338024599770790, -16.87467892491325117 ) ) ;
#6623 = ORIENTED_EDGE ( 'NONE', *, *, #6992, .F. ) ;
#6624 = VECTOR ( 'NONE', #5021, 1000.000000000000227 ) ;
#6625 = LINE ( 'NONE', #4531, #10610 ) ;
#6626 = DIRECTION ( 'NONE',  ( 1.000000000000000000, -2.905650844594899633E-18, -7.014861676541880450E-18 ) ) ;
#6627 = LINE ( 'NONE', #10611, #6666 ) ;
#6628 = EDGE_LOOP ( 'NONE', ( #12862, #6047, #3595, #10336 ) ) ;
#6629 = DIRECTION ( 'NONE',  ( 0.000000000000000000, 0.8314696123025479002, 0.5555702330195982919 ) ) ;
#6630 = EDGE_CURVE ( 'NONE', #11590, #4271, #8978, .T. ) ;
#6631 = DIRECTION ( 'NONE',  ( -4.112988807310475227E-18, -0.9238795325112871826, 0.3826834323650885605 ) ) ;
#6632 = CARTESIAN_POINT ( 'NONE',  ( 5.599999999999999645, 42.50000000000000000, 1.600000000000000089 ) ) ;
#6633 = CARTESIAN_POINT ( 'NONE',  ( -73.59999999999999432, -21.57868627609169820, 0.8202430115583899672 ) ) ;
#6634 = CARTESIAN_POINT ( 'NONE',  ( -73.59999999999999432, -4.620564206874210100, 20.85576386541984917 ) ) ;
#6635 = ORIENTED_EDGE ( 'NONE', *, *, #3990, .T. ) ;
#6636 = EDGE_CURVE ( 'NONE', #7829, #5295, #11546, .T. ) ;
#6637 = FACE_OUTER_BOUND ( 'NONE', #4428, .T. ) ;
#6638 = CARTESIAN_POINT ( 'NONE',  ( -56.21032168798580386, -25.02283716737749941, -7.494672781043190568 ) ) ;
#6639 = CIRCLE ( 'NONE', #4337, 2.050000000000000711 ) ;
#6640 = EDGE_LOOP ( 'NONE', ( #5477, #12588, #9140, #2252 ) ) ;
#6641 = DIRECTION ( 'NONE',  ( -1.000000000000000000, -2.638697247430395030E-33, -6.370378681743239884E-33 ) ) ;
#6642 = EDGE_CURVE ( 'NONE', #6238, #4369, #7093, .T. ) ;
#6643 = DIRECTION ( 'NONE',  ( 0.000000000000000000, 1.000000000000000000, 9.714451465470232062E-14 ) ) ;
#6644 = CARTESIAN_POINT ( 'NONE',  ( 17.60000000000000142, 28.64026550784820202, -11.86318640331981911 ) ) ;
#6645 = DIRECTION ( 'NONE',  ( 0.7071067811865717756, 0.6532814824381690810, -0.2705980500730811866 ) ) ;
#6646 = CARTESIAN_POINT ( 'NONE',  ( 14.09999999999999964, 28.64026550784845071, 11.86318640331580099 ) ) ;
#6647 = ORIENTED_EDGE ( 'NONE', *, *, #11532, .T. ) ;
#6648 = VECTOR ( 'NONE', #12654, 1000.000000000000000 ) ;
#6649 = FACE_OUTER_BOUND ( 'NONE', #7881, .T. ) ;
#6650 = ORIENTED_EDGE ( 'NONE', *, *, #616, .F. ) ;
#6651 = ORIENTED_EDGE ( 'NONE', *, *, #3856, .T. ) ;
#6652 = FACE_BOUND ( 'NONE', #3439, .T. ) ;
#6653 = ORIENTED_EDGE ( 'NONE', *, *, #2587, .T. ) ;
#6654 = ORIENTED_EDGE ( 'NONE', *, *, #11810, .F. ) ;
#6655 = CIRCLE ( 'NONE', #7073, 1.249999999999985567 ) ;
#6656 = EDGE_CURVE ( 'NONE', #5320, #12828, #7807, .T. ) ;
#6657 = VECTOR ( 'NONE', #1501, 1000.000000000000114 ) ;
#6658 = CARTESIAN_POINT ( 'NONE',  ( -78.79999999999999716, -20.86537927107670143, -9.216748226686098278 ) ) ;
#6659 = EDGE_CURVE ( 'NONE', #4920, #4564, #12778, .T. ) ;
#6660 = ORIENTED_EDGE ( 'NONE', *, *, #9965, .T. ) ;
#6661 = ORIENTED_EDGE ( 'NONE', *, *, #1811, .F. ) ;
#6662 = FACE_OUTER_BOUND ( 'NONE', #8485, .T. ) ;
#6663 = ORIENTED_EDGE ( 'NONE', *, *, #616, .T. ) ;
#6664 = DIRECTION ( 'NONE',  ( -0.7071067811865379138, -0.7071067811865572317, -4.088782444489635570E-17 ) ) ;
#6665 = ORIENTED_EDGE ( 'NONE', *, *, #3114, .T. ) ;
#6666 = VECTOR ( 'NONE', #10810, 999.9999999999998863 ) ;
#6667 = VECTOR ( 'NONE', #10849, 1000.000000000000000 ) ;
#6668 = DIRECTION ( 'NONE',  ( 1.000000000000000000, -6.322502648911709143E-17, 9.462293898829198836E-17 ) ) ;
#6669 = DIRECTION ( 'NONE',  ( 1.000000000000000000, 0.000000000000000000, 0.000000000000000000 ) ) ;
#6670 = DIRECTION ( 'NONE',  ( 0.000000000000000000, 0.3826834323650881720, 0.9238795325112874046 ) ) ;
#6671 = ORIENTED_EDGE ( 'NONE', *, *, #3839, .T. ) ;
#6672 = EDGE_CURVE ( 'NONE', #6330, #9055, #12166, .T. ) ;
#6673 = AXIS2_PLACEMENT_3D ( 'NONE', #5644, #6751, #2559 ) ;
#6674 = ORIENTED_EDGE ( 'NONE', *, *, #75, .T. ) ;
#6675 = DIRECTION ( 'NONE',  ( 0.000000000000000000, -0.9238795325112789669, 0.3826834323651084890 ) ) ;
#6676 = CYLINDRICAL_SURFACE ( 'NONE', #6397, 1.600000000000000755 ) ;
#6677 = CYLINDRICAL_SURFACE ( 'NONE', #9791, 1.249999999999986011 ) ;
#6678 = DIRECTION ( 'NONE',  ( 1.000000000000000000, 0.000000000000000000, 0.000000000000000000 ) ) ;
#6679 = CARTESIAN_POINT ( 'NONE',  ( 5.100000000000011191, 4.039350235086123505E-15, -2.332119945578339300E-15 ) ) ;
#6680 = ORIENTED_EDGE ( 'NONE', *, *, #5447, .F. ) ;
#6681 = DIRECTION ( 'NONE',  ( 1.000000000000000000, 0.000000000000000000, 0.000000000000000000 ) ) ;
#6682 = CARTESIAN_POINT ( 'NONE',  ( 6.599999999999999645, 29.89026550785069958, -11.86318640331566066 ) ) ;
#6683 = EDGE_CURVE ( 'NONE', #2445, #12126, #2960, .T. ) ;
#6684 = ORIENTED_EDGE ( 'NONE', *, *, #2294, .T. ) ;
#6685 = CARTESIAN_POINT ( 'NONE',  ( -1.899999999999999911, -29.75000000000001421, -8.494641063311555309E-13 ) ) ;
#6686 = DIRECTION ( 'NONE',  ( 1.000000000000000000, -6.705557021117060106E-18, -5.440889002481110112E-18 ) ) ;
#6687 = EDGE_CURVE ( 'NONE', #9717, #12513, #9438, .T. ) ;
#6688 = LINE ( 'NONE', #3538, #7704 ) ;
#6689 = VERTEX_POINT ( 'NONE', #4073 ) ;
#6690 = DIRECTION ( 'NONE',  ( 1.000000000000000000, 0.000000000000000000, 0.000000000000000000 ) ) ;
#6691 = DIRECTION ( 'NONE',  ( 0.000000000000000000, 0.9238795325112917345, -0.3826834323650779579 ) ) ;
#6692 = LINE ( 'NONE', #1766, #2643 ) ;
#6693 = DIRECTION ( 'NONE',  ( 0.000000000000000000, 0.000000000000000000, 1.000000000000000000 ) ) ;
#6694 = VERTEX_POINT ( 'NONE', #7873 ) ;
#6695 = CARTESIAN_POINT ( 'NONE',  ( 17.60000000000000142, 30.34477821306865053, 13.00210538100598079 ) ) ;
#6696 = DIRECTION ( 'NONE',  ( 0.000000000000000000, -0.8314696123025479002, -0.5555702330195982919 ) ) ;
#6697 = ADVANCED_FACE ( 'NONE', ( #12000 ), #2545, .F. ) ;
#6698 = ORIENTED_EDGE ( 'NONE', *, *, #677, .F. ) ;
#6699 = ADVANCED_FACE ( 'NONE', ( #6837 ), #11876, .F. ) ;
#6700 = CARTESIAN_POINT ( 'NONE',  ( -72.84391516214240880, 0.1366297551037989888, -13.04530030109641991 ) ) ;
#6701 = ADVANCED_FACE ( 'NONE', ( #5922 ), #8065, .T. ) ;
#6702 = DIRECTION ( 'NONE',  ( 1.000000000000000000, 0.000000000000000000, 0.000000000000000000 ) ) ;
#6703 = LINE ( 'NONE', #4675, #319 ) ;
#6704 = DIRECTION ( 'NONE',  ( 0.000000000000000000, 0.000000000000000000, 1.000000000000000000 ) ) ;
#6705 = AXIS2_PLACEMENT_3D ( 'NONE', #5654, #6570, #4669 ) ;
#6706 = DIRECTION ( 'NONE',  ( 7.592831564818948166E-18, 0.3826834323650878389, 0.9238795325112876267 ) ) ;
#6707 = VERTEX_POINT ( 'NONE', #4948 ) ;
#6708 = VECTOR ( 'NONE', #3265, 1000.000000000000000 ) ;
#6709 = PLANE ( 'NONE',  #2254 ) ;
#6710 = EDGE_LOOP ( 'NONE', ( #170, #12649, #8572, #3122 ) ) ;
#6711 = AXIS2_PLACEMENT_3D ( 'NONE', #9143, #3737, #4042 ) ;
#6712 = CARTESIAN_POINT ( 'NONE',  ( -78.79999999999999716, -14.39822254349770070, -11.89553225324170072 ) ) ;
#6713 = EDGE_CURVE ( 'NONE', #1353, #6914, #8919, .T. ) ;
#6714 = ORIENTED_EDGE ( 'NONE', *, *, #12864, .F. ) ;
#6715 = LINE ( 'NONE', #12848, #6648 ) ;
#6716 = VERTEX_POINT ( 'NONE', #9972 ) ;
#6717 = VECTOR ( 'NONE', #4544, 1000.000000000000000 ) ;
#6718 = DIRECTION ( 'NONE',  ( 1.000000000000000000, -6.705557021117060106E-18, -5.440889002481110112E-18 ) ) ;
#6719 = VECTOR ( 'NONE', #95, 1000.000000000000000 ) ;
#6720 = ORIENTED_EDGE ( 'NONE', *, *, #3748, .F. ) ;
#6721 = ORIENTED_EDGE ( 'NONE', *, *, #10210, .F. ) ;
#6722 = DIRECTION ( 'NONE',  ( 0.000000000000000000, -0.9238795325112789669, 0.3826834323651084890 ) ) ;
#6723 = ORIENTED_EDGE ( 'NONE', *, *, #5977, .T. ) ;
#6724 = CARTESIAN_POINT ( 'NONE',  ( -73.59999999999999432, -9.007825441985040982, 3.731163465559614867 ) ) ;
#6725 = EDGE_CURVE ( 'NONE', #4037, #12503, #10708, .T. ) ;
#6726 = DIRECTION ( 'NONE',  ( -1.000000000000000000, 6.705557021117060106E-18, 5.440889002481110112E-18 ) ) ;
#6727 = ORIENTED_EDGE ( 'NONE', *, *, #2820, .F. ) ;
#6728 = CYLINDRICAL_SURFACE ( 'NONE', #11686, 1.599999999999997202 ) ;
#6729 = CIRCLE ( 'NONE', #2120, 1.850000000000000311 ) ;
#6730 = CARTESIAN_POINT ( 'NONE',  ( -72.84391516214240880, -19.49315820939744981, -3.290787599253285123 ) ) ;
#6731 = AXIS2_PLACEMENT_3D ( 'NONE', #4258, #7399, #2237 ) ;
#6732 = AXIS2_PLACEMENT_3D ( 'NONE', #9834, #12840, #2110 ) ;
#6733 = DIRECTION ( 'NONE',  ( 0.000000000000000000, 0.000000000000000000, 1.000000000000000000 ) ) ;
#6734 = VERTEX_POINT ( 'NONE', #9047 ) ;
#6735 = ORIENTED_EDGE ( 'NONE', *, *, #8864, .F. ) ;
#6736 = DIRECTION ( 'NONE',  ( -1.000000000000000000, 1.001543065824859873E-16, -5.782411586590320049E-17 ) ) ;
#6737 = LINE ( 'NONE', #9737, #9306 ) ;
#6738 = CIRCLE ( 'NONE', #5699, 1.000000000000000000 ) ;
#6739 = DIRECTION ( 'NONE',  ( 1.000000000000000000, -1.067925513466054003E-16, 6.551204957150059656E-17 ) ) ;
#6740 = LINE ( 'NONE', #7778, #7381 ) ;
#6741 = CARTESIAN_POINT ( 'NONE',  ( 17.60000000000000142, -10.15867369809896026, 29.77918448553839781 ) ) ;
#6742 = EDGE_LOOP ( 'NONE', ( #469, #9731, #4905, #1726 ) ) ;
#6743 = EDGE_CURVE ( 'NONE', #1377, #4999, #8198, .T. ) ;
#6744 = CARTESIAN_POINT ( 'NONE',  ( -1.899999999999999911, 20.67031021678440084, -21.92031021678170077 ) ) ;
#6745 = DIRECTION ( 'NONE',  ( -1.000000000000000000, 0.000000000000000000, 0.000000000000000000 ) ) ;
#6746 = EDGE_CURVE ( 'NONE', #4306, #4569, #5333, .T. ) ;
#6747 = ORIENTED_EDGE ( 'NONE', *, *, #9108, .F. ) ;
#6748 = CIRCLE ( 'NONE', #8207, 27.19999999999999929 ) ;
#6749 = DIRECTION ( 'NONE',  ( 1.000000000000000000, -1.067925513466054003E-16, 6.551204957150059656E-17 ) ) ;
#6750 = CARTESIAN_POINT ( 'NONE',  ( -73.59999999999999432, -16.49734884727964612, -1.284515866449597921 ) ) ;
#6751 = DIRECTION ( 'NONE',  ( 1.000000000000000000, 0.000000000000000000, 0.000000000000000000 ) ) ;
#6752 = ORIENTED_EDGE ( 'NONE', *, *, #12689, .F. ) ;
#6753 = DIRECTION ( 'NONE',  ( 1.000000000000000000, 0.000000000000000000, 0.000000000000000000 ) ) ;
#6754 = CARTESIAN_POINT ( 'NONE',  ( 14.10000000000099973, -10.24639722142229914, 27.97056950121129759 ) ) ;
#6755 = CARTESIAN_POINT ( 'NONE',  ( -72.84391516214240880, -8.196486320422168959, 5.689909376520580153 ) ) ;
#6756 = CARTESIAN_POINT ( 'NONE',  ( -56.21032168798580386, -12.39428389932959895, 22.99335179182930133 ) ) ;
#6757 = AXIS2_PLACEMENT_3D ( 'NONE', #7709, #907, #11971 ) ;
#6758 = FACE_OUTER_BOUND ( 'NONE', #7580, .T. ) ;
#6759 = VERTEX_POINT ( 'NONE', #4266 ) ;
#6760 = DIRECTION ( 'NONE',  ( 0.000000000000000000, 0.8314696123025480112, 0.5555702330195980698 ) ) ;
#6761 = DIRECTION ( 'NONE',  ( 0.000000000000000000, -0.9238795325112872936, 0.3826834323650886160 ) ) ;
#6762 = ORIENTED_EDGE ( 'NONE', *, *, #2201, .T. ) ;
#6763 = DIRECTION ( 'NONE',  ( 1.000000000000000000, 0.000000000000000000, 0.000000000000000000 ) ) ;
#6764 = EDGE_CURVE ( 'NONE', #10056, #11047, #4343, .T. ) ;
#6765 = FACE_OUTER_BOUND ( 'NONE', #2298, .T. ) ;
#6766 = CARTESIAN_POINT ( 'NONE',  ( -72.59999999999999432, -1.573077990421341054E-12, -1.750927483459624843E-12 ) ) ;
#6767 = EDGE_CURVE ( 'NONE', #10012, #7602, #11347, .T. ) ;
#6768 = DIRECTION ( 'NONE',  ( 7.592831564818957410E-18, 0.3826834323650886160, 0.9238795325112872936 ) ) ;
#6769 = CYLINDRICAL_SURFACE ( 'NONE', #2513, 1.849999999999999867 ) ;
#6770 = EDGE_LOOP ( 'NONE', ( #10792, #163, #7491, #9049, #8808 ) ) ;
#6771 = DIRECTION ( 'NONE',  ( 0.2588190451025334515, 0.8031379722975868773, 0.5366396363910639344 ) ) ;
#6772 = ORIENTED_EDGE ( 'NONE', *, *, #697, .F. ) ;
#6773 = EDGE_CURVE ( 'NONE', #11373, #5467, #8396, .T. ) ;
#6774 = LINE ( 'NONE', #2778, #6933 ) ;
#6775 = ORIENTED_EDGE ( 'NONE', *, *, #12131, .F. ) ;
#6776 = ADVANCED_FACE ( 'NONE', ( #12321 ), #11139, .F. ) ;
#6777 = CARTESIAN_POINT ( 'NONE',  ( 6.600000000000989964, -10.24639722142229914, 27.97056950121129759 ) ) ;
#6778 = EDGE_LOOP ( 'NONE', ( #1189, #1024, #7250 ) ) ;
#6779 = LINE ( 'NONE', #10645, #10799 ) ;
#6780 = EDGE_LOOP ( 'NONE', ( #1681, #10357, #12260, #1575 ) ) ;
#6781 = EDGE_LOOP ( 'NONE', ( #5931, #7373, #5738, #9773 ) ) ;
#6782 = CARTESIAN_POINT ( 'NONE',  ( 17.60000000000000142, -21.92031021678445057, 21.92031021678135261 ) ) ;
#6783 = ORIENTED_EDGE ( 'NONE', *, *, #8994, .F. ) ;
#6784 = LINE ( 'NONE', #7570, #3570 ) ;
#6785 = EDGE_CURVE ( 'NONE', #4678, #9204, #6738, .T. ) ;
#6786 = ORIENTED_EDGE ( 'NONE', *, *, #9750, .T. ) ;
#6787 = DIRECTION ( 'NONE',  ( 1.000000000000000000, 0.000000000000000000, 0.000000000000000000 ) ) ;
#6788 = DIRECTION ( 'NONE',  ( 0.000000000000000000, 1.000000000000000000, 9.575673587392073611E-14 ) ) ;
#6789 = CARTESIAN_POINT ( 'NONE',  ( -1.899999999999999911, -11.86318640331639962, -28.64026550785050418 ) ) ;
#6790 = ORIENTED_EDGE ( 'NONE', *, *, #12601, .T. ) ;
#6791 = EDGE_CURVE ( 'NONE', #6412, #4157, #12173, .T. ) ;
#6792 = ORIENTED_EDGE ( 'NONE', *, *, #7747, .T. ) ;
#6793 = CARTESIAN_POINT ( 'NONE',  ( 15.10000000000000142, -5.404552479968140588, -3.611206514629129227 ) ) ;
#6794 = VECTOR ( 'NONE', #4441, 1000.000000000000000 ) ;
#6795 = ORIENTED_EDGE ( 'NONE', *, *, #4692, .T. ) ;
#6796 = DIRECTION ( 'NONE',  ( 1.000000000000000000, -1.067925513466054003E-16, 6.551204957150059656E-17 ) ) ;
#6797 = CIRCLE ( 'NONE', #7418, 1.750000000000001332 ) ;
#6798 = CARTESIAN_POINT ( 'NONE',  ( -78.79999999999999716, -11.47040436681830045, 22.61066835946420284 ) ) ;
#6799 = PLANE ( 'NONE',  #5094 ) ;
#6800 = VECTOR ( 'NONE', #1193, 1000.000000000000114 ) ;
#6801 = VECTOR ( 'NONE', #328, 1000.000000000000000 ) ;
#6802 = PRODUCT_DEFINITION_SHAPE ( 'NONE', 'NONE',  #1635 ) ;
#6803 = DIRECTION ( 'NONE',  ( 0.000000000000000000, 0.000000000000000000, -1.000000000000000000 ) ) ;
#6804 = ORIENTED_EDGE ( 'NONE', *, *, #12191, .T. ) ;
#6805 = DIRECTION ( 'NONE',  ( 0.000000000000000000, 1.000000000000000000, 9.714451465470232062E-14 ) ) ;
#6806 = AXIS2_PLACEMENT_3D ( 'NONE', #172, #10237, #12273 ) ;
#6807 = CIRCLE ( 'NONE', #10143, 1.250000000000001110 ) ;
#6808 = CARTESIAN_POINT ( 'NONE',  ( 14.10000000000099973, -31.00000000000000000, 7.424616477180739413E-13 ) ) ;
#6809 = ORIENTED_EDGE ( 'NONE', *, *, #6659, .F. ) ;
#6810 = DIRECTION ( 'NONE',  ( 0.000000000000000000, 1.000000000000000000, -8.881784197001150758E-16 ) ) ;
#6811 = CARTESIAN_POINT ( 'NONE',  ( -1.899999999999999911, 21.92031021678435110, -21.92031021678160130 ) ) ;
#6812 = AXIS2_PLACEMENT_3D ( 'NONE', #7905, #2931, #11844 ) ;
#6813 = CIRCLE ( 'NONE', #1162, 34.89999999999999858 ) ;
#6814 = ADVANCED_FACE ( 'NONE', ( #1194 ), #8384, .F. ) ;
#6815 = DIRECTION ( 'NONE',  ( 1.000000000000000000, 0.000000000000000000, 0.000000000000000000 ) ) ;
#6816 = ORIENTED_EDGE ( 'NONE', *, *, #1322, .F. ) ;
#6817 = AXIS2_PLACEMENT_3D ( 'NONE', #12058, #10091, #1245 ) ;
#6818 = CYLINDRICAL_SURFACE ( 'NONE', #2216, 1.000000000000000666 ) ;
#6819 = LINE ( 'NONE', #11861, #12458 ) ;
#6820 = AXIS2_PLACEMENT_3D ( 'NONE', #5319, #201, #5444 ) ;
#6821 = DIRECTION ( 'NONE',  ( 0.000000000000000000, 0.8314696123025483443, 0.5555702330195975147 ) ) ;
#6822 = DIRECTION ( 'NONE',  ( 0.000000000000000000, 1.000000000000000000, 0.000000000000000000 ) ) ;
#6823 = ORIENTED_EDGE ( 'NONE', *, *, #8164, .F. ) ;
#6824 = CIRCLE ( 'NONE', #12668, 2.049999999999999822 ) ;
#6825 = CIRCLE ( 'NONE', #1174, 1.849999999999998979 ) ;
#6826 = CARTESIAN_POINT ( 'NONE',  ( -73.59999999999999432, -12.96830904787720051, 21.60753249306235091 ) ) ;
#6827 = CIRCLE ( 'NONE', #1802, 1.850000000000001421 ) ;
#6828 = DIRECTION ( 'NONE',  ( 0.000000000000000000, 1.000000000000000000, 9.714451465470232062E-14 ) ) ;
#6829 = EDGE_CURVE ( 'NONE', #8811, #6137, #1383, .T. ) ;
#6830 = VERTEX_POINT ( 'NONE', #3416 ) ;
#6831 = EDGE_CURVE ( 'NONE', #1373, #7289, #2308, .T. ) ;
#6832 = CARTESIAN_POINT ( 'NONE',  ( -59.50000000000000000, 21.92031021678160130, 21.92031021678105063 ) ) ;
#6833 = CIRCLE ( 'NONE', #142, 34.89999999999999858 ) ;
#6834 = DIRECTION ( 'NONE',  ( 0.000000000000000000, 0.000000000000000000, -1.000000000000000000 ) ) ;
#6835 = DIRECTION ( 'NONE',  ( 1.000000000000000000, 0.000000000000000000, 0.000000000000000000 ) ) ;
#6836 = DIRECTION ( 'NONE',  ( 0.000000000000000000, 1.000000000000000000, 9.714451465470232062E-14 ) ) ;
#6837 = FACE_OUTER_BOUND ( 'NONE', #10186, .T. ) ;
#6838 = DIRECTION ( 'NONE',  ( 1.000000000000000000, -6.322502648911709143E-17, 9.462293898829198836E-17 ) ) ;
#6839 = ORIENTED_EDGE ( 'NONE', *, *, #942, .T. ) ;
#6840 = ADVANCED_FACE ( 'NONE', ( #11355 ), #6372, .F. ) ;
#6841 = DIRECTION ( 'NONE',  ( 4.112988807310475227E-18, 0.9238795325112871826, -0.3826834323650885605 ) ) ;
#6842 = AXIS2_PLACEMENT_3D ( 'NONE', #7768, #4772, #897 ) ;
#6843 = CARTESIAN_POINT ( 'NONE',  ( -1.899999999999999911, 21.92031021678110037, 21.92031021678485203 ) ) ;
#6844 = ORIENTED_EDGE ( 'NONE', *, *, #10243, .F. ) ;
#6845 = DIRECTION ( 'NONE',  ( 0.000000000000000000, -0.8314696123025481223, -0.5555702330195977368 ) ) ;
#6846 = EDGE_CURVE ( 'NONE', #9055, #6330, #264, .T. ) ;
#6847 = ORIENTED_EDGE ( 'NONE', *, *, #5911, .F. ) ;
#6848 = CYLINDRICAL_SURFACE ( 'NONE', #8689, 1.249999999999987121 ) ;
#6849 = EDGE_LOOP ( 'NONE', ( #8959, #4345 ) ) ;
#6850 = ORIENTED_EDGE ( 'NONE', *, *, #1740, .T. ) ;
#6851 = CARTESIAN_POINT ( 'NONE',  ( -78.79999999999999716, -22.17194223595310021, -9.757944326832300064 ) ) ;
#6852 = ORIENTED_EDGE ( 'NONE', *, *, #5325, .T. ) ;
#6853 = CIRCLE ( 'NONE', #8724, 34.42296358256754729 ) ;
#6854 = EDGE_CURVE ( 'NONE', #5225, #8219, #4440, .T. ) ;
#6855 = DIRECTION ( 'NONE',  ( -1.164243943608595441E-16, -1.000000000000000000, -3.515417124066999971E-15 ) ) ;
#6856 = SHAPE_DEFINITION_REPRESENTATION ( #6802, #4748 ) ;
#6857 = EDGE_CURVE ( 'NONE', #3312, #12666, #12788, .T. ) ;
#6858 = EDGE_LOOP ( 'NONE', ( #11058, #3407, #815, #9256 ) ) ;
#6859 = DIRECTION ( 'NONE',  ( 0.000000000000000000, 0.8314696123025488994, 0.5555702330195969596 ) ) ;
#6860 = DIRECTION ( 'NONE',  ( -1.000000000000000000, 0.000000000000000000, 0.000000000000000000 ) ) ;
#6861 = AXIS2_PLACEMENT_3D ( 'NONE', #346, #407, #11289 ) ;
#6862 = CARTESIAN_POINT ( 'NONE',  ( -73.59999999999999432, 1.049419181516655842E-14, 5.142634763737189527E-15 ) ) ;
#6863 = ORIENTED_EDGE ( 'NONE', *, *, #2187, .T. ) ;
#6864 = ORIENTED_EDGE ( 'NONE', *, *, #12517, .F. ) ;
#6865 = ORIENTED_EDGE ( 'NONE', *, *, #6621, .F. ) ;
#6866 = FACE_OUTER_BOUND ( 'NONE', #9518, .T. ) ;
#6867 = ORIENTED_EDGE ( 'NONE', *, *, #9015, .T. ) ;
#6868 = DIRECTION ( 'NONE',  ( 0.000000000000000000, -0.9238795325112788559, 0.3826834323651086556 ) ) ;
#6869 = AXIS2_PLACEMENT_3D ( 'NONE', #4359, #8339, #3304 ) ;
#6870 = MANIFOLD_SOLID_BREP ( '圆角1', #10693 ) ;
#6871 = EDGE_CURVE ( 'NONE', #2980, #10387, #6567, .T. ) ;
#6872 = LINE ( 'NONE', #1095, #11675 ) ;
#6873 = CARTESIAN_POINT ( 'NONE',  ( 6.599999999999999645, -3.301963206785260407E-12, 34.42296358256754729 ) ) ;
#6874 = CARTESIAN_POINT ( 'NONE',  ( -1.899999999999999911, 1.642041500214240179E-12, -31.00000000000000000 ) ) ;
#6875 = ORIENTED_EDGE ( 'NONE', *, *, #768, .T. ) ;
#6876 = CARTESIAN_POINT ( 'NONE',  ( 17.54641016151380128, 13.40140518607612030, 29.66807043893434681 ) ) ;
#6877 = DIRECTION ( 'NONE',  ( -1.000000000000000000, 0.000000000000000000, 0.000000000000000000 ) ) ;
#6878 = VECTOR ( 'NONE', #8953, 999.9999999999998863 ) ;
#6879 = EDGE_LOOP ( 'NONE', ( #5487, #1933 ) ) ;
#6880 = EDGE_CURVE ( 'NONE', #3794, #10532, #7776, .T. ) ;
#6881 = DIRECTION ( 'NONE',  ( 0.000000000000000000, -0.9238795325112789669, 0.3826834323651084890 ) ) ;
#6882 = DIRECTION ( 'NONE',  ( -1.000000000000000000, 6.705557021117060106E-18, 5.440889002481110112E-18 ) ) ;
#6883 = VERTEX_POINT ( 'NONE', #6500 ) ;
#6884 = VERTEX_POINT ( 'NONE', #1643 ) ;
#6885 = DIRECTION ( 'NONE',  ( 1.000000000000000000, -1.067925513466054003E-16, 6.551204957150059656E-17 ) ) ;
#6886 = DIRECTION ( 'NONE',  ( -1.000000000000000000, 6.705557021117060106E-18, 5.440889002481110112E-18 ) ) ;
#6887 = DIRECTION ( 'NONE',  ( -1.000000000000000000, 6.705557021117060106E-18, 5.440889002481110112E-18 ) ) ;
#6888 = DIRECTION ( 'NONE',  ( 1.000000000000000000, -6.322502648911709143E-17, 9.462293898829198836E-17 ) ) ;
#6889 = VERTEX_POINT ( 'NONE', #10617 ) ;
#6890 = LINE ( 'NONE', #6826, #1885 ) ;
#6891 = EDGE_CURVE ( 'NONE', #10262, #8069, #8515, .T. ) ;
#6892 = CARTESIAN_POINT ( 'NONE',  ( 14.10000000000099973, 30.25705468974424051, -12.53288240995762060 ) ) ;
#6893 = EDGE_LOOP ( 'NONE', ( #1618, #7401 ) ) ;
#6894 = ORIENTED_EDGE ( 'NONE', *, *, #6236, .F. ) ;
#6895 = DIRECTION ( 'NONE',  ( 0.000000000000000000, -0.9238795325112868495, 0.3826834323650896152 ) ) ;
#6896 = ORIENTED_EDGE ( 'NONE', *, *, #6582, .F. ) ;
#6897 = DIRECTION ( 'NONE',  ( 1.000000000000000000, 2.638697247430395030E-33, 6.370378681743249463E-33 ) ) ;
#6898 = DIRECTION ( 'NONE',  ( 0.000000000000000000, 0.000000000000000000, 1.000000000000000000 ) ) ;
#6899 = CYLINDRICAL_SURFACE ( 'NONE', #4078, 1.249999999999986011 ) ;
#6900 = CARTESIAN_POINT ( 'NONE',  ( 6.600000000000989964, -1.067722299463723959E-12, -31.00000000000000000 ) ) ;
#6901 = DIRECTION ( 'NONE',  ( 1.000000000000000000, -6.322502648911709143E-17, 9.462293898829198836E-17 ) ) ;
#6902 = ORIENTED_EDGE ( 'NONE', *, *, #4361, .F. ) ;
#6903 = DIRECTION ( 'NONE',  ( -1.000000000000000000, 6.705557021117060106E-18, 5.440889002481110112E-18 ) ) ;
#6904 = ADVANCED_FACE ( 'NONE', ( #10680 ), #1510, .F. ) ;
#6905 = DIRECTION ( 'NONE',  ( -4.112988807310475227E-18, -0.9238795325112872936, 0.3826834323650886160 ) ) ;
#6906 = ORIENTED_EDGE ( 'NONE', *, *, #5428, .F. ) ;
#6907 = VECTOR ( 'NONE', #675, 999.9999999999998863 ) ;
#6908 = DIRECTION ( 'NONE',  ( 1.000000000000000000, 0.000000000000000000, 0.000000000000000000 ) ) ;
#6909 = EDGE_CURVE ( 'NONE', #3018, #4110, #1930, .T. ) ;
#6910 = ORIENTED_EDGE ( 'NONE', *, *, #1863, .T. ) ;
#6911 = DIRECTION ( 'NONE',  ( 1.000000000000000000, -6.705557021117060106E-18, -5.440889002481110112E-18 ) ) ;
#6912 = VECTOR ( 'NONE', #860, 1000.000000000000000 ) ;
#6913 = VERTEX_POINT ( 'NONE', #12446 ) ;
#6914 = VERTEX_POINT ( 'NONE', #4596 ) ;
#6915 = PLANE ( 'NONE',  #5561 ) ;
#6916 = VECTOR ( 'NONE', #9400, 1000.000000000000227 ) ;
#6917 = ORIENTED_EDGE ( 'NONE', *, *, #2492, .T. ) ;
#6918 = DIRECTION ( 'NONE',  ( 2.344629897975875160E-19, -0.6087614290087179914, 0.7933533402912371635 ) ) ;
#6919 = LINE ( 'NONE', #9988, #9339 ) ;
#6920 = VECTOR ( 'NONE', #10743, 1000.000000000000000 ) ;
#6921 = ORIENTED_EDGE ( 'NONE', *, *, #5124, .T. ) ;
#6922 = LINE ( 'NONE', #3969, #6463 ) ;
#6923 = DIRECTION ( 'NONE',  ( 0.000000000000000000, 1.000000000000000000, 9.575673587392073611E-14 ) ) ;
#6924 = CIRCLE ( 'NONE', #5677, 26.99999999999999645 ) ;
#6925 = DIRECTION ( 'NONE',  ( 0.7071067812210184433, -0.6123724356659295820, 0.3535533905760595563 ) ) ;
#6926 = ORIENTED_EDGE ( 'NONE', *, *, #4573, .F. ) ;
#6927 = AXIS2_PLACEMENT_3D ( 'NONE', #3177, #6006, #12859 ) ;
#6928 = ORIENTED_EDGE ( 'NONE', *, *, #4001, .T. ) ;
#6929 = CARTESIAN_POINT ( 'NONE',  ( -14.56873145130310121, 6.009258394948520162E-15, -3.469446951953824420E-15 ) ) ;
#6930 = ORIENTED_EDGE ( 'NONE', *, *, #4023, .F. ) ;
#6931 = CARTESIAN_POINT ( 'NONE',  ( -73.59999999999999432, -15.83843479061540194, 14.67843599922770004 ) ) ;
#6932 = ADVANCED_FACE ( 'NONE', ( #5718 ), #474, .F. ) ;
#6933 = VECTOR ( 'NONE', #8356, 1000.000000000000114 ) ;
#6934 = CARTESIAN_POINT ( 'NONE',  ( 0.000000000000000000, 0.000000000000000000, 0.000000000000000000 ) ) ;
#6935 = AXIS2_PLACEMENT_3D ( 'NONE', #923, #2041, #993 ) ;
#6936 = ADVANCED_FACE ( 'NONE', ( #5649 ), #10486, .F. ) ;
#6937 = DIRECTION ( 'NONE',  ( 0.000000000000000000, -0.9238795325112874046, 0.3826834323650882275 ) ) ;
#6938 = AXIS2_PLACEMENT_3D ( 'NONE', #11610, #2509, #12777 ) ;
#6939 = DIRECTION ( 'NONE',  ( 4.112988807310475227E-18, 0.9238795325112871826, -0.3826834323650885605 ) ) ;
#6940 = ORIENTED_EDGE ( 'NONE', *, *, #6857, .F. ) ;
#6941 = LINE ( 'NONE', #709, #11934 ) ;
#6942 = EDGE_CURVE ( 'NONE', #6694, #4489, #661, .T. ) ;
#6943 = DIRECTION ( 'NONE',  ( 0.000000000000000000, -0.9238795325112788559, 0.3826834323651088221 ) ) ;
#6944 = EDGE_CURVE ( 'NONE', #2445, #4168, #8578, .T. ) ;
#6945 = ORIENTED_EDGE ( 'NONE', *, *, #9287, .T. ) ;
#6946 = VECTOR ( 'NONE', #8331, 1000.000000000000114 ) ;
#6947 = ADVANCED_FACE ( 'NONE', ( #7477 ), #8446, .F. ) ;
#6948 = DIRECTION ( 'NONE',  ( 1.000000000000000000, 3.814882033842237478E-30, 1.156482317317997203E-16 ) ) ;
#6949 = DIRECTION ( 'NONE',  ( 0.000000000000000000, 0.3826834323650878389, 0.9238795325112876267 ) ) ;
#6950 = ADVANCED_FACE ( 'NONE', ( #7536 ), #10546, .F. ) ;
#6951 = STYLED_ITEM ( 'NONE', ( #410 ), #6870 ) ;
#6952 = ORIENTED_EDGE ( 'NONE', *, *, #5723, .T. ) ;
#6953 = LINE ( 'NONE', #10947, #6185 ) ;
#6954 = CYLINDRICAL_SURFACE ( 'NONE', #2428, 1.249999999999985567 ) ;
#6955 = CARTESIAN_POINT ( 'NONE',  ( -56.21032168798580386, -21.00466112754410020, 2.206062310325320297 ) ) ;
#6956 = EDGE_CURVE ( 'NONE', #11503, #9567, #8641, .T. ) ;
#6957 = DIRECTION ( 'NONE',  ( -1.000000000000000000, 0.000000000000000000, -1.074775770116589937E-17 ) ) ;
#6958 = ORIENTED_EDGE ( 'NONE', *, *, #6040, .T. ) ;
#6959 = DIRECTION ( 'NONE',  ( 7.592831564818948166E-18, 0.3826834323650878389, 0.9238795325112876267 ) ) ;
#6960 = AXIS2_PLACEMENT_3D ( 'NONE', #2499, #1707, #11599 ) ;
#6961 = DIRECTION ( 'NONE',  ( -1.000000000000000000, 3.103811398048830141E-16, -1.871678662600109722E-16 ) ) ;
#6962 = ORIENTED_EDGE ( 'NONE', *, *, #10985, .F. ) ;
#6963 = EDGE_CURVE ( 'NONE', #3502, #9679, #1573, .T. ) ;
#6964 = VECTOR ( 'NONE', #6835, 1000.000000000000000 ) ;
#6965 = ORIENTED_EDGE ( 'NONE', *, *, #9538, .T. ) ;
#6966 = DIRECTION ( 'NONE',  ( -5.016347408549302176E-15, -0.7933533402912363863, -0.6087614290087192126 ) ) ;
#6967 = AXIS2_PLACEMENT_3D ( 'NONE', #2952, #10877, #7015 ) ;
#6968 = DIRECTION ( 'NONE',  ( -1.000000000000000000, 0.000000000000000000, 0.000000000000000000 ) ) ;
#6969 = CARTESIAN_POINT ( 'NONE',  ( 17.54641016151375155, -28.64026550785165171, -11.86318640331909968 ) ) ;
#6970 = CARTESIAN_POINT ( 'NONE',  ( 17.54641016151375155, -28.64026550785165171, -11.86318640331909968 ) ) ;
#6971 = DIRECTION ( 'NONE',  ( -1.000000000000000000, 4.451867004922774877E-18, 0.000000000000000000 ) ) ;
#6972 = ORIENTED_EDGE ( 'NONE', *, *, #11052, .F. ) ;
#6973 = CARTESIAN_POINT ( 'NONE',  ( -78.79999999999999716, -9.371278063036369232, 11.99965197267207984 ) ) ;
#6974 = DIRECTION ( 'NONE',  ( 0.000000000000000000, -0.9238795325112868495, 0.3826834323650897818 ) ) ;
#6975 = PLANE ( 'NONE',  #2250 ) ;
#6976 = ORIENTED_EDGE ( 'NONE', *, *, #2792, .F. ) ;
#6977 = CARTESIAN_POINT ( 'NONE',  ( -73.59999999999999432, -5.500000000001572964, -1.750248486831091466E-12 ) ) ;
#6978 = ORIENTED_EDGE ( 'NONE', *, *, #670, .T. ) ;
#6979 = DIRECTION ( 'NONE',  ( 0.000000000000000000, 0.000000000000000000, -1.000000000000000000 ) ) ;
#6981 = EDGE_CURVE ( 'NONE', #663, #4625, #10746, .T. ) ;
#6980 = ORIENTED_EDGE ( 'NONE', *, *, #10164, .F. ) ;
#6982 = CARTESIAN_POINT ( 'NONE',  ( 15.10000000000000142, 3.741613255359887535, 2.500066048586448986 ) ) ;
#6983 = ORIENTED_EDGE ( 'NONE', *, *, #8127, .T. ) ;
#6984 = EDGE_CURVE ( 'NONE', #7019, #8081, #6536, .T. ) ;
#6985 = FACE_OUTER_BOUND ( 'NONE', #731, .T. ) ;
#6986 = CARTESIAN_POINT ( 'NONE',  ( -72.84391516214240880, -9.582305619189098067, 6.263934525068219905 ) ) ;
#6987 = LINE ( 'NONE', #10787, #779 ) ;
#6988 = ORIENTED_EDGE ( 'NONE', *, *, #1295, .F. ) ;
#6989 = ORIENTED_EDGE ( 'NONE', *, *, #499, .T. ) ;
#6990 = VERTEX_POINT ( 'NONE', #8902 ) ;
#6991 = DIRECTION ( 'NONE',  ( -1.000000000000000000, 1.067925513466054003E-16, -6.551204957150059656E-17 ) ) ;
#6992 = EDGE_CURVE ( 'NONE', #10789, #7602, #10019, .T. ) ;
#6993 = ORIENTED_EDGE ( 'NONE', *, *, #4457, .T. ) ;
#6994 = CARTESIAN_POINT ( 'NONE',  ( -12.30000000000000071, -9.540979117872440597E-15, 0.000000000000000000 ) ) ;
#6995 = DIRECTION ( 'NONE',  ( 1.000000000000000000, -6.705557021117060106E-18, -5.440889002481110112E-18 ) ) ;
#6996 = LINE ( 'NONE', #1030, #12297 ) ;
#6997 = DIRECTION ( 'NONE',  ( 1.000000000000000000, 0.000000000000000000, 0.000000000000000000 ) ) ;
#6998 = CARTESIAN_POINT ( 'NONE',  ( -73.59999999999999432, -10.88278098118300008, 17.49650188225070124 ) ) ;
#6999 = VERTEX_POINT ( 'NONE', #4058 ) ;
#7000 = LINE ( 'NONE', #5896, #10476 ) ;
#7001 = CARTESIAN_POINT ( 'NONE',  ( -15.10000000000000142, 6.066901297475659103E-15, -3.502727097264869114E-15 ) ) ;
#7002 = ORIENTED_EDGE ( 'NONE', *, *, #3306, .T. ) ;
#7003 = EDGE_CURVE ( 'NONE', #3537, #1336, #6039, .T. ) ;
#7004 = AXIS2_PLACEMENT_3D ( 'NONE', #6874, #10802, #10863 ) ;
#7005 = CARTESIAN_POINT ( 'NONE',  ( 6.600000000000989964, -28.64026550785015246, -11.86318640331715990 ) ) ;
#7006 = AXIS2_PLACEMENT_3D ( 'NONE', #12487, #4447, #8554 ) ;
#7007 = EDGE_CURVE ( 'NONE', #7638, #7698, #5061, .T. ) ;
#7008 = DIRECTION ( 'NONE',  ( 0.000000000000000000, -0.9238795325112789669, 0.3826834323651084890 ) ) ;
#7009 = VERTEX_POINT ( 'NONE', #7987 ) ;
#7010 = CIRCLE ( 'NONE', #12020, 44.71208468574654660 ) ;
#7011 = CIRCLE ( 'NONE', #9926, 1.000000000000000000 ) ;
#7012 = FACE_OUTER_BOUND ( 'NONE', #2962, .T. ) ;
#7013 = CARTESIAN_POINT ( 'NONE',  ( 17.60000000000000142, -30.34477821307149625, 10.72426742562637791 ) ) ;
#7014 = ADVANCED_FACE ( 'NONE', ( #4997 ), #9955, .F. ) ;
#7015 = DIRECTION ( 'NONE',  ( 0.000000000000000000, 1.000000000000000000, 9.592326932761342412E-14 ) ) ;
#7016 = EDGE_CURVE ( 'NONE', #2424, #10012, #12894, .T. ) ;
#7017 = CIRCLE ( 'NONE', #109, 34.70000000000000284 ) ;
#7018 = CARTESIAN_POINT ( 'NONE',  ( -11.90000000000000036, 42.50000000000000000, 0.000000000000000000 ) ) ;
#7019 = VERTEX_POINT ( 'NONE', #8833 ) ;
#7020 = VECTOR ( 'NONE', #9176, 1000.000000000000000 ) ;
#7021 = DIRECTION ( 'NONE',  ( -1.156482317317993998E-16, -0.8660254037844211661, 0.5000000000000301981 ) ) ;
#7022 = DIRECTION ( 'NONE',  ( -1.000000000000000000, 0.000000000000000000, 0.000000000000000000 ) ) ;
#7023 = AXIS2_PLACEMENT_3D ( 'NONE', #3252, #11121, #11318 ) ;
#7024 = AXIS2_PLACEMENT_3D ( 'NONE', #2203, #12154, #8023 ) ;
#7025 = CONICAL_SURFACE ( 'NONE', #5763, 35.00000000000000000, 0.5233633547906455519 ) ;
#7026 = ORIENTED_EDGE ( 'NONE', *, *, #7926, .F. ) ;
#7027 = CONICAL_SURFACE ( 'NONE', #958, 34.60000000000000142, 0.7853981633974476129 ) ;
#7028 = VERTEX_POINT ( 'NONE', #12826 ) ;
#7029 = CARTESIAN_POINT ( 'NONE',  ( -56.21032168798580386, -25.02283716737749941, -7.494672781043190568 ) ) ;
#7030 = DIRECTION ( 'NONE',  ( 0.000000000000000000, 0.9238795325112914014, -0.3826834323650783465 ) ) ;
#7031 = FACE_OUTER_BOUND ( 'NONE', #2681, .T. ) ;
#7032 = DIRECTION ( 'NONE',  ( 0.000000000000000000, -0.3826834323650881720, -0.9238795325112874046 ) ) ;
#7033 = CIRCLE ( 'NONE', #9316, 1.750000000000001110 ) ;
#7034 = VECTOR ( 'NONE', #947, 999.9999999999998863 ) ;
#7035 = FACE_BOUND ( 'NONE', #3693, .T. ) ;
#7036 = EDGE_LOOP ( 'NONE', ( #11549, #9676, #7789, #12378 ) ) ;
#7037 = FACE_OUTER_BOUND ( 'NONE', #2337, .T. ) ;
#7038 = VECTOR ( 'NONE', #8560, 1000.000000000000114 ) ;
#7039 = CARTESIAN_POINT ( 'NONE',  ( -72.84391516214240880, 5.487434994207549543, -21.56619014068925111 ) ) ;
#7040 = CARTESIAN_POINT ( 'NONE',  ( -59.50000000000000000, 30.17848429060790139, -10.83538147223358017 ) ) ;
#7041 = CIRCLE ( 'NONE', #11638, 1.599999999999996758 ) ;
#7042 = ORIENTED_EDGE ( 'NONE', *, *, #8864, .T. ) ;
#7043 = ADVANCED_FACE ( 'NONE', ( #11015 ), #6326, .F. ) ;
#7044 = LINE ( 'NONE', #2061, #7644 ) ;
#7045 = CYLINDRICAL_SURFACE ( 'NONE', #12371, 44.99999999999523226 ) ;
#7046 = DIRECTION ( 'NONE',  ( 0.000000000000000000, 1.000000000000000000, 9.714451465470110893E-14 ) ) ;
#7047 = EDGE_LOOP ( 'NONE', ( #8345, #1085, #8712, #4133 ) ) ;
#7048 = CARTESIAN_POINT ( 'NONE',  ( -72.84391516214240880, -8.097544146561439504, 9.848465809174978602 ) ) ;
#7049 = AXIS2_PLACEMENT_3D ( 'NONE', #2561, #2437, #6438 ) ;
#7050 = VERTEX_POINT ( 'NONE', #11987 ) ;
#7051 = AXIS2_PLACEMENT_3D ( 'NONE', #4251, #5441, #329 ) ;
#7052 = DIRECTION ( 'NONE',  ( 1.000000000000000000, 0.000000000000000000, 0.000000000000000000 ) ) ;
#7053 = DIRECTION ( 'NONE',  ( 1.000000000000000000, 0.000000000000000000, 0.000000000000000000 ) ) ;
#7054 = EDGE_CURVE ( 'NONE', #2212, #11095, #7079, .T. ) ;
#7055 = CYLINDRICAL_SURFACE ( 'NONE', #364, 1.750000000000001110 ) ;
#7056 = ORIENTED_EDGE ( 'NONE', *, *, #2470, .T. ) ;
#7057 = ORIENTED_EDGE ( 'NONE', *, *, #11783, .T. ) ;
#7058 = CIRCLE ( 'NONE', #10602, 1.750000000000001110 ) ;
#7059 = EDGE_LOOP ( 'NONE', ( #689, #9640, #9693, #5180 ) ) ;
#7060 = FACE_BOUND ( 'NONE', #1499, .T. ) ;
#7061 = ORIENTED_EDGE ( 'NONE', *, *, #535, .T. ) ;
#7062 = DIRECTION ( 'NONE',  ( -1.000000000000000000, 6.705557021117060106E-18, 5.440889002481110112E-18 ) ) ;
#7063 = DIRECTION ( 'NONE',  ( 0.000000000000000000, 0.8314696123025479002, 0.5555702330195982919 ) ) ;
#7064 = CARTESIAN_POINT ( 'NONE',  ( 14.10000000000099973, 1.616789181895544880, 30.33030399336105276 ) ) ;
#7065 = DIRECTION ( 'NONE',  ( 0.000000000000000000, -0.9238795325112874046, 0.3826834323650882275 ) ) ;
#7066 = CARTESIAN_POINT ( 'NONE',  ( -14.90000000000000036, 36.80607966083849902, -21.25000000000029843 ) ) ;
#7067 = VERTEX_POINT ( 'NONE', #5782 ) ;
#7068 = CONICAL_SURFACE ( 'NONE', #12900, 1.850000000000000311, 1.308996938995738102 ) ;
#7069 = PLANE ( 'NONE',  #12557 ) ;
#7070 = CARTESIAN_POINT ( 'NONE',  ( -72.84391516214240880, -13.38945410286980042, 2.298916881303564974 ) ) ;
#7071 = ORIENTED_EDGE ( 'NONE', *, *, #3092, .T. ) ;
#7072 = FACE_OUTER_BOUND ( 'NONE', #5681, .T. ) ;
#7073 = AXIS2_PLACEMENT_3D ( 'NONE', #615, #3695, #741 ) ;
#7074 = CONICAL_SURFACE ( 'NONE', #357, 1.249999999999987121, 1.029744258676652313 ) ;
#7075 = EDGE_CURVE ( 'NONE', #11390, #4438, #1904, .T. ) ;
#7076 = VERTEX_POINT ( 'NONE', #11791 ) ;
#7077 = CARTESIAN_POINT ( 'NONE',  ( -72.84391516214240880, 4.154805794937229457, -3.344565209727899724 ) ) ;
#7078 = FACE_OUTER_BOUND ( 'NONE', #867, .T. ) ;
#7079 = LINE ( 'NONE', #71, #2970 ) ;
#7080 = LINE ( 'NONE', #2887, #11830 ) ;
#7081 = EDGE_LOOP ( 'NONE', ( #4856, #11794, #2126, #6894 ) ) ;
#7082 = VECTOR ( 'NONE', #4659, 1000.000000000000000 ) ;
#7083 = LINE ( 'NONE', #6239, #6290 ) ;
#7084 = DIRECTION ( 'NONE',  ( 1.000000000000000000, 0.000000000000000000, 0.000000000000000000 ) ) ;
#7085 = ADVANCED_FACE ( 'NONE', ( #9758 ), #793, .F. ) ;
#7086 = DIRECTION ( 'NONE',  ( 0.000000000000000000, 0.000000000000000000, 1.000000000000000000 ) ) ;
#7087 = ORIENTED_EDGE ( 'NONE', *, *, #5029, .T. ) ;
#7088 = AXIS2_PLACEMENT_3D ( 'NONE', #3772, #6668, #2531 ) ;
#7089 = EDGE_LOOP ( 'NONE', ( #9588, #2869 ) ) ;
#7090 = CARTESIAN_POINT ( 'NONE',  ( -73.59999999999999432, -14.39822254349770070, -11.89553225324170072 ) ) ;
#7091 = CARTESIAN_POINT ( 'NONE',  ( 5.100000000000014744, 44.99999999999525357, 3.178790650584168865E-15 ) ) ;
#7092 = CARTESIAN_POINT ( 'NONE',  ( -14.90000000000000036, 6.045201197718049712E-15, -3.490198538808399630E-15 ) ) ;
#7093 = LINE ( 'NONE', #6117, #10070 ) ;
#7094 = FACE_BOUND ( 'NONE', #11712, .T. ) ;
#7095 = ORIENTED_EDGE ( 'NONE', *, *, #12135, .T. ) ;
#7096 = EDGE_CURVE ( 'NONE', #1275, #2209, #857, .T. ) ;
#7097 = DIRECTION ( 'NONE',  ( 0.000000000000000000, 0.9238795325112874046, -0.3826834323650882275 ) ) ;
#7098 = FACE_OUTER_BOUND ( 'NONE', #7319, .T. ) ;
#7099 = ADVANCED_FACE ( 'NONE', ( #1841 ), #8967, .F. ) ;
#7100 = DIRECTION ( 'NONE',  ( 0.000000000000000000, 0.7933533402912379406, 0.6087614290087168811 ) ) ;
#7101 = ADVANCED_FACE ( 'NONE', ( #10949 ), #4000, .F. ) ;
#7102 = ORIENTED_EDGE ( 'NONE', *, *, #8225, .T. ) ;
#7103 = EDGE_CURVE ( 'NONE', #8223, #2392, #11919, .T. ) ;
#7104 = CARTESIAN_POINT ( 'NONE',  ( -78.79999999999999716, -22.17194223595310021, -9.757944326832300064 ) ) ;
#7105 = DIRECTION ( 'NONE',  ( -1.000000000000000000, 0.000000000000000000, 0.000000000000000000 ) ) ;
#7106 = LINE ( 'NONE', #3046, #131 ) ;
#7107 = EDGE_LOOP ( 'NONE', ( #6502, #10218, #7502, #12624 ) ) ;
#7108 = DIRECTION ( 'NONE',  ( 0.000000000000000000, -0.9238795325112789669, 0.3826834323651084890 ) ) ;
#7109 = ORIENTED_EDGE ( 'NONE', *, *, #6144, .F. ) ;
#7110 = DIRECTION ( 'NONE',  ( 0.000000000000000000, 1.000000000000000000, 9.714451465470110893E-14 ) ) ;
#7111 = EDGE_CURVE ( 'NONE', #4631, #8090, #4882, .T. ) ;
#7112 = CARTESIAN_POINT ( 'NONE',  ( -12.30000000000000071, -9.540979117872440597E-15, 0.000000000000000000 ) ) ;
#7113 = DIRECTION ( 'NONE',  ( 0.000000000000000000, 1.000000000000000000, 9.575673587392073611E-14 ) ) ;
#7114 = ORIENTED_EDGE ( 'NONE', *, *, #2374, .F. ) ;
#7115 = ORIENTED_EDGE ( 'NONE', *, *, #1399, .F. ) ;
#7116 = ORIENTED_EDGE ( 'NONE', *, *, #7329, .T. ) ;
#7117 = DIRECTION ( 'NONE',  ( 1.000000000000000000, 0.000000000000000000, 0.000000000000000000 ) ) ;
#7118 = EDGE_CURVE ( 'NONE', #3510, #8885, #6748, .T. ) ;
#7119 = AXIS2_PLACEMENT_3D ( 'NONE', #11682, #10829, #3621 ) ;
#7120 = VERTEX_POINT ( 'NONE', #919 ) ;
#7121 = CARTESIAN_POINT ( 'NONE',  ( -72.84391516214240880, 5.540170065047729686, 0.000000000000000000 ) ) ;
#7122 = EDGE_LOOP ( 'NONE', ( #1637, #11321 ) ) ;
#7123 = PLANE ( 'NONE',  #7745 ) ;
#7124 = CYLINDRICAL_SURFACE ( 'NONE', #6462, 26.99999999999999645 ) ;
#7125 = ORIENTED_EDGE ( 'NONE', *, *, #7007, .F. ) ;
#7126 = FACE_OUTER_BOUND ( 'NONE', #9512, .T. ) ;
#7127 = CIRCLE ( 'NONE', #429, 1.249999999999987121 ) ;
#7128 = CARTESIAN_POINT ( 'NONE',  ( 14.10000000000099973, -10.32496762056006290, -27.61246057676520138 ) ) ;
#7129 = EDGE_LOOP ( 'NONE', ( #11912, #12856, #5736, #4626, #558, #12151, #11106, #11559, #12439, #4557, #1156, #9657, #9261, #1026, #11882, #10725, #10856, #2325, #6246, #10853, #11173, #10048, #12408, #5354 ) ) ;
#7130 = CIRCLE ( 'NONE', #8787, 1.750000000000001110 ) ;
#7131 = CARTESIAN_POINT ( 'NONE',  ( -14.90000000000000036, -1.500290384206963672E-14, -44.60000000000000142 ) ) ;
#7132 = CARTESIAN_POINT ( 'NONE',  ( -11.90000000000000568, -21.25000000000045119, -35.20607966083839813 ) ) ;
#7133 = ORIENTED_EDGE ( 'NONE', *, *, #8994, .T. ) ;
#7134 = DIRECTION ( 'NONE',  ( 0.000000000000000000, -0.8314696123025476782, -0.5555702330195987360 ) ) ;
#7135 = VECTOR ( 'NONE', #74, 1000.000000000000000 ) ;
#7136 = CARTESIAN_POINT ( 'NONE',  ( -73.29999999999999716, 12.67612903413576042, -18.29011352370335075 ) ) ;
#7137 = AXIS2_PLACEMENT_3D ( 'NONE', #8134, #11235, #2251 ) ;
#7138 = DIRECTION ( 'NONE',  ( 0.000000000000000000, 0.9238795325112874046, -0.3826834323650882275 ) ) ;
#7139 = DIRECTION ( 'NONE',  ( 1.000000000000000000, -6.322502648911719004E-17, 9.462293898829198836E-17 ) ) ;
#7140 = ADVANCED_FACE ( 'NONE', ( #4929 ), #9664, .T. ) ;
#7141 = DIRECTION ( 'NONE',  ( 1.000000000000000000, 0.000000000000000000, 0.000000000000000000 ) ) ;
#7142 = LINE ( 'NONE', #5509, #10580 ) ;
#7143 = ORIENTED_EDGE ( 'NONE', *, *, #3561, .T. ) ;
#7144 = EDGE_CURVE ( 'NONE', #9848, #2782, #2145, .T. ) ;
#7145 = DIRECTION ( 'NONE',  ( 0.000000000000000000, 1.000000000000000000, 0.000000000000000000 ) ) ;
#7146 = VECTOR ( 'NONE', #9904, 999.9999999999998863 ) ;
#7147 = AXIS2_PLACEMENT_3D ( 'NONE', #145, #11345, #7336 ) ;
#7148 = DIRECTION ( 'NONE',  ( 1.000000000000000000, -2.905650844594904641E-18, -7.014861676541880450E-18 ) ) ;
#7149 = VERTEX_POINT ( 'NONE', #6294 ) ;
#7150 = AXIS2_PLACEMENT_3D ( 'NONE', #6900, #1001, #5854 ) ;
#7151 = CARTESIAN_POINT ( 'NONE',  ( -73.59999999999999432, -15.32210207600899921, -11.51284882087661998 ) ) ;
#7152 = ORIENTED_EDGE ( 'NONE', *, *, #5630, .T. ) ;
#7153 = EDGE_LOOP ( 'NONE', ( #8031, #8561, #6852, #368 ) ) ;
#7154 = CARTESIAN_POINT ( 'NONE',  ( 6.599999999999999645, -13.11318640331639962, -28.64026550785060010 ) ) ;
#7155 = EDGE_CURVE ( 'NONE', #7613, #487, #7272, .T. ) ;
#7156 = DIRECTION ( 'NONE',  ( 0.2588190451025330074, 0.8031379722975869884, 0.5366396363910639344 ) ) ;
#7157 = PLANE ( 'NONE',  #5139 ) ;
#7158 = CARTESIAN_POINT ( 'NONE',  ( 17.54641016151375155, -20.38209143402474766, 22.94811514786759687 ) ) ;
#7159 = VECTOR ( 'NONE', #4540, 1000.000000000000114 ) ;
#7160 = CARTESIAN_POINT ( 'NONE',  ( 17.54641016151380128, 28.64026550784820202, -11.86318640331981911 ) ) ;
#7161 = VERTEX_POINT ( 'NONE', #4130 ) ;
#7162 = DIRECTION ( 'NONE',  ( -1.000000000000000000, 6.705557021117060106E-18, 5.440889002481110112E-18 ) ) ;
#7163 = CARTESIAN_POINT ( 'NONE',  ( 17.54641016151380128, -1.578796948577510217E-12, -1.742410560587744990E-12 ) ) ;
#7164 = AXIS2_PLACEMENT_3D ( 'NONE', #2966, #4012, #1192 ) ;
#7165 = ORIENTED_EDGE ( 'NONE', *, *, #8051, .F. ) ;
#7166 = EDGE_CURVE ( 'NONE', #11359, #3706, #1094, .T. ) ;
#7167 = VECTOR ( 'NONE', #6887, 1000.000000000000000 ) ;
#7168 = ADVANCED_FACE ( 'NONE', ( #1301 ), #2094, .F. ) ;
#7169 = DIRECTION ( 'NONE',  ( -1.000000000000000000, 4.451867004922774877E-18, 0.000000000000000000 ) ) ;
#7170 = CARTESIAN_POINT ( 'NONE',  ( 15.10000000000000142, -1.578535690194725013E-12, -1.742570829931520138E-12 ) ) ;
#7171 = CARTESIAN_POINT ( 'NONE',  ( 6.599999999999999645, -21.92031021678205249, -21.92031021678390346 ) ) ;
#7172 = ORIENTED_EDGE ( 'NONE', *, *, #5983, .T. ) ;
#7173 = CARTESIAN_POINT ( 'NONE',  ( 14.10000000000099973, 20.30352103488754878, -21.25061421014475016 ) ) ;
#7174 = ORIENTED_EDGE ( 'NONE', *, *, #6854, .T. ) ;
#7175 = ADVANCED_FACE ( 'NONE', ( #7203 ), #10139, .F. ) ;
#7176 = DIRECTION ( 'NONE',  ( 1.000000000000000000, 0.000000000000000000, 0.000000000000000000 ) ) ;
#7177 = EDGE_CURVE ( 'NONE', #10163, #10262, #9250, .T. ) ;
#7178 = DIRECTION ( 'NONE',  ( 1.000000000000000000, -6.705557021117060106E-18, -5.440889002481110112E-18 ) ) ;
#7179 = CARTESIAN_POINT ( 'NONE',  ( -72.84391516214240880, -15.32210207600899921, -11.51284882087661998 ) ) ;
#7180 = ORIENTED_EDGE ( 'NONE', *, *, #9671, .F. ) ;
#7181 = VERTEX_POINT ( 'NONE', #1365 ) ;
#7182 = ORIENTED_EDGE ( 'NONE', *, *, #11160, .T. ) ;
#7183 = DIRECTION ( 'NONE',  ( 0.000000000000000000, 0.000000000000000000, -1.000000000000000000 ) ) ;
#7184 = EDGE_CURVE ( 'NONE', #2980, #4066, #5120, .T. ) ;
#7185 = ORIENTED_EDGE ( 'NONE', *, *, #603, .T. ) ;
#7186 = PLANE ( 'NONE',  #4721 ) ;
#7187 = ORIENTED_EDGE ( 'NONE', *, *, #5947, .F. ) ;
#7188 = DIRECTION ( 'NONE',  ( 1.000000000000000000, -6.322502648911719004E-17, 9.462293898829198836E-17 ) ) ;
#7189 = CARTESIAN_POINT ( 'NONE',  ( -1.899999999999999911, 21.92031021678435110, -21.92031021678160130 ) ) ;
#7190 = VERTEX_POINT ( 'NONE', #2160 ) ;
#7191 = EDGE_CURVE ( 'NONE', #12822, #10817, #11357, .T. ) ;
#7192 = FACE_OUTER_BOUND ( 'NONE', #1011, .T. ) ;
#7193 = DIRECTION ( 'NONE',  ( 1.000000000000000000, -6.705557021117060106E-18, -5.440889002481110112E-18 ) ) ;
#7194 = EDGE_LOOP ( 'NONE', ( #10195, #9367, #5189, #1318 ) ) ;
#7195 = CARTESIAN_POINT ( 'NONE',  ( -78.79999999999999716, -18.93836387216359896, -11.09733634011009862 ) ) ;
#7196 = EDGE_CURVE ( 'NONE', #4382, #1703, #6102, .T. ) ;
#7197 = LINE ( 'NONE', #2349, #6293 ) ;
#7198 = ORIENTED_EDGE ( 'NONE', *, *, #6579, .T. ) ;
#7199 = CARTESIAN_POINT ( 'NONE',  ( -72.84391516214240880, 19.67662893320859752, -11.74870624158758048 ) ) ;
#7200 = DIRECTION ( 'NONE',  ( -1.000000000000000000, 0.000000000000000000, -1.074775770116589937E-17 ) ) ;
#7201 = DIRECTION ( 'NONE',  ( 0.000000000000000000, 1.000000000000000000, 0.000000000000000000 ) ) ;
#7202 = CARTESIAN_POINT ( 'NONE',  ( 6.599999999999999645, 27.02347632595550309, 12.53288240995590108 ) ) ;
#7203 = FACE_OUTER_BOUND ( 'NONE', #194, .T. ) ;
#7204 = DIRECTION ( 'NONE',  ( 0.000000000000000000, 0.000000000000000000, -1.000000000000000000 ) ) ;
#7205 = ORIENTED_EDGE ( 'NONE', *, *, #11417, .F. ) ;
#7206 = LINE ( 'NONE', #5123, #10671 ) ;
#7207 = DIRECTION ( 'NONE',  ( 0.000000000000000000, 0.9238795325112917345, -0.3826834323650779579 ) ) ;
#7208 = EDGE_LOOP ( 'NONE', ( #8149, #2401, #1118, #5776 ) ) ;
#7209 = EDGE_CURVE ( 'NONE', #2895, #4564, #3141, .T. ) ;
#7210 = LINE ( 'NONE', #12314, #6605 ) ;
#7211 = ORIENTED_EDGE ( 'NONE', *, *, #10525, .F. ) ;
#7212 = AXIS2_PLACEMENT_3D ( 'NONE', #4125, #2157, #8364 ) ;
#7213 = ADVANCED_FACE ( 'NONE', ( #4253 ), #10206, .F. ) ;
#7214 = VERTEX_POINT ( 'NONE', #137 ) ;
#7215 = CARTESIAN_POINT ( 'NONE',  ( 6.600000000000989964, 21.92031021678360148, 21.92031021678235092 ) ) ;
#7216 = AXIS2_PLACEMENT_3D ( 'NONE', #7701, #11703, #6600 ) ;
#7217 = DIRECTION ( 'NONE',  ( 0.000000000000000000, -0.8314696123025484553, -0.5555702330195974037 ) ) ;
#7218 = DIRECTION ( 'NONE',  ( 1.000000000000000000, 0.000000000000000000, 0.000000000000000000 ) ) ;
#7219 = VECTOR ( 'NONE', #8170, 1000.000000000000000 ) ;
#7220 = CARTESIAN_POINT ( 'NONE',  ( -72.84391516214240880, -12.81588398297859932, 7.603326538346020236 ) ) ;
#7221 = CARTESIAN_POINT ( 'NONE',  ( -78.79999999999999716, -19.73092721106915093, 0.05487614682821159717 ) ) ;
#7222 = ORIENTED_EDGE ( 'NONE', *, *, #4459, .T. ) ;
#7223 = VECTOR ( 'NONE', #6796, 1000.000000000000000 ) ;
#7224 = CARTESIAN_POINT ( 'NONE',  ( -73.29999999999999716, 2.850695129804024841, -16.50381886948980181 ) ) ;
#7225 = ADVANCED_FACE ( 'NONE', ( #200 ), #3336, .F. ) ;
#7226 = DIRECTION ( 'NONE',  ( 0.2588190451025359495, 0.8031379722975868773, 0.5366396363910629352 ) ) ;
#7227 = CONICAL_SURFACE ( 'NONE', #2627, 26.99999999999999645, 1.308996938995729442 ) ;
#7228 = EDGE_CURVE ( 'NONE', #12713, #5608, #5303, .T. ) ;
#7229 = AXIS2_PLACEMENT_3D ( 'NONE', #4804, #9689, #7537 ) ;
#7230 = VERTEX_POINT ( 'NONE', #3400 ) ;
#7231 = DIRECTION ( 'NONE',  ( 0.000000000000000000, 0.8314696123025479002, 0.5555702330195982919 ) ) ;
#7232 = CIRCLE ( 'NONE', #1372, 1.249999999999987121 ) ;
#7233 = VECTOR ( 'NONE', #3975, 1000.000000000000000 ) ;
#7234 = VECTOR ( 'NONE', #5398, 999.9999999999998863 ) ;
#7235 = CYLINDRICAL_SURFACE ( 'NONE', #7978, 1.849999999999998979 ) ;
#7236 = FACE_OUTER_BOUND ( 'NONE', #804, .T. ) ;
#7237 = DIRECTION ( 'NONE',  ( 1.000000000000000000, -6.322502648911719004E-17, 9.462293898829198836E-17 ) ) ;
#7238 = CIRCLE ( 'NONE', #5993, 1.749999999999999556 ) ;
#7239 = VERTEX_POINT ( 'NONE', #10083 ) ;
#7240 = AXIS2_PLACEMENT_3D ( 'NONE', #6617, #3466, #7518 ) ;
#7241 = DIRECTION ( 'NONE',  ( 0.000000000000000000, -0.9238795325112789669, 0.3826834323651084890 ) ) ;
#7242 = CARTESIAN_POINT ( 'NONE',  ( -78.79999999999999716, -25.40552059974260146, -8.418552313554490851 ) ) ;
#7243 = ADVANCED_FACE ( 'NONE', ( #9092, #11144, #1178, #1110, #8111, #3274, #12111, #2679, #7517, #11651, #7460, #7647, #12551, #1492 ), #5508, .T. ) ;
#7244 = CIRCLE ( 'NONE', #5572, 1.750000000000001110 ) ;
#7245 = AXIS2_PLACEMENT_3D ( 'NONE', #7171, #9984, #7046 ) ;
#7246 = VECTOR ( 'NONE', #7294, 999.9999999999998863 ) ;
#7247 = DIRECTION ( 'NONE',  ( 0.000000000000000000, -0.9238795325112789669, 0.3826834323651084890 ) ) ;
#7248 = ORIENTED_EDGE ( 'NONE', *, *, #3548, .T. ) ;
#7249 = VERTEX_POINT ( 'NONE', #9674 ) ;
#7250 = ORIENTED_EDGE ( 'NONE', *, *, #8358, .T. ) ;
#7251 = CARTESIAN_POINT ( 'NONE',  ( 14.10000000000099973, -21.92031021678345226, -21.92031021678255343 ) ) ;
#7252 = EDGE_CURVE ( 'NONE', #6527, #7009, #10088, .T. ) ;
#7253 = ORIENTED_EDGE ( 'NONE', *, *, #8588, .F. ) ;
#7254 = DIRECTION ( 'NONE',  ( 1.000000000000000000, 0.000000000000000000, 0.000000000000000000 ) ) ;
#7255 = ORIENTED_EDGE ( 'NONE', *, *, #9866, .T. ) ;
#7256 = CARTESIAN_POINT ( 'NONE',  ( -1.899999999999999911, 11.86318640331944074, -28.64026550784920033 ) ) ;
#7257 =( GEOMETRIC_REPRESENTATION_CONTEXT ( 3 ) GLOBAL_UNCERTAINTY_ASSIGNED_CONTEXT ( ( #2605 ) ) GLOBAL_UNIT_ASSIGNED_CONTEXT ( ( #10845, #10914, #4767 ) ) REPRESENTATION_CONTEXT ( 'NONE', 'WORKASPACE' ) );
#7258 = ORIENTED_EDGE ( 'NONE', *, *, #1391, .T. ) ;
#7259 = ORIENTED_EDGE ( 'NONE', *, *, #3866, .F. ) ;
#7260 = CYLINDRICAL_SURFACE ( 'NONE', #1672, 1.750000000000001110 ) ;
#7261 = CARTESIAN_POINT ( 'NONE',  ( -14.90000000000000036, 21.25000000000000000, 36.80607966083854876 ) ) ;
#7262 = ADVANCED_FACE ( 'NONE', ( #2608 ), #3820, .F. ) ;
#7263 = CARTESIAN_POINT ( 'NONE',  ( -73.59999999999999432, -11.47040436681830045, 22.61066835946420284 ) ) ;
#7264 = DIRECTION ( 'NONE',  ( -1.000000000000000000, 0.000000000000000000, 0.000000000000000000 ) ) ;
#7265 = ORIENTED_EDGE ( 'NONE', *, *, #3526, .F. ) ;
#7266 = DIRECTION ( 'NONE',  ( 0.000000000000000000, 1.000000000000000000, 9.714451465470228276E-14 ) ) ;
#7267 = EDGE_CURVE ( 'NONE', #1018, #1228, #5442, .T. ) ;
#7268 = CARTESIAN_POINT ( 'NONE',  ( -43.91208468574654944, 9.027142616252849676E-15, -5.184576305864479733E-15 ) ) ;
#7269 = DIRECTION ( 'NONE',  ( 0.000000000000000000, 0.8314696123025483443, 0.5555702330195975147 ) ) ;
#7270 = LINE ( 'NONE', #10466, #11429 ) ;
#7271 = AXIS2_PLACEMENT_3D ( 'NONE', #683, #6908, #1862 ) ;
#7272 = LINE ( 'NONE', #4188, #4449 ) ;
#7273 = DIRECTION ( 'NONE',  ( -4.112988807310478308E-18, -0.9238795325112874046, 0.3826834323650881720 ) ) ;
#7274 = VERTEX_POINT ( 'NONE', #4707 ) ;
#7275 = CARTESIAN_POINT ( 'NONE',  ( -78.79999999999999716, -12.84262542849756095, 16.68470773203140212 ) ) ;
#7276 = EDGE_CURVE ( 'NONE', #12456, #9263, #1625, .T. ) ;
#7277 = CARTESIAN_POINT ( 'NONE',  ( 14.09999999999999964, 30.99999999999844746, -2.051417120704964950E-12 ) ) ;
#7278 = ORIENTED_EDGE ( 'NONE', *, *, #11245, .T. ) ;
#7279 = AXIS2_PLACEMENT_3D ( 'NONE', #12333, #7176, #7241 ) ;
#7280 = AXIS2_PLACEMENT_3D ( 'NONE', #5201, #11089, #11225 ) ;
#7281 = CARTESIAN_POINT ( 'NONE',  ( 14.10000000000099973, -11.86318640331703911, 28.64026550785020220 ) ) ;
#7282 = ORIENTED_EDGE ( 'NONE', *, *, #1992, .F. ) ;
#7283 = PLANE ( 'NONE',  #1004 ) ;
#7284 = CARTESIAN_POINT ( 'NONE',  ( 6.599999999999999645, 29.38321081810525115, 0.6696960066379940013 ) ) ;
#7285 = DIRECTION ( 'NONE',  ( 0.000000000000000000, 0.4146932426562376373, -0.9099612708765437707 ) ) ;
#7286 = VECTOR ( 'NONE', #3602, 1000.000000000000000 ) ;
#7287 = DIRECTION ( 'NONE',  ( 0.000000000000000000, -0.9238795325112868495, 0.3826834323650898928 ) ) ;
#7288 = CARTESIAN_POINT ( 'NONE',  ( 14.10000000000099973, 28.64026550785025194, 11.86318640331695917 ) ) ;
#7289 = VERTEX_POINT ( 'NONE', #5635 ) ;
#7290 = CARTESIAN_POINT ( 'NONE',  ( -72.84391516214240880, 2.432730349294330185, -7.502023106028689270 ) ) ;
#7291 = CARTESIAN_POINT ( 'NONE',  ( -78.79999999999999716, -23.55776153472005063, -9.183919178284670082 ) ) ;
#7292 = CIRCLE ( 'NONE', #398, 44.60000000000000142 ) ;
#7293 = ORIENTED_EDGE ( 'NONE', *, *, #3257, .T. ) ;
#7294 = DIRECTION ( 'NONE',  ( 0.000000000000000000, 0.9238795325112874046, -0.3826834323650882275 ) ) ;
#7295 = DIRECTION ( 'NONE',  ( 4.112988807310475227E-18, 0.9238795325112871826, -0.3826834323650885605 ) ) ;
#7296 = FACE_OUTER_BOUND ( 'NONE', #6467, .T. ) ;
#7297 = FACE_OUTER_BOUND ( 'NONE', #7943, .T. ) ;
#7298 = ORIENTED_EDGE ( 'NONE', *, *, #11026, .F. ) ;
#7299 = EDGE_CURVE ( 'NONE', #7181, #8423, #12681, .T. ) ;
#7300 = DIRECTION ( 'NONE',  ( 1.000000000000000000, 0.000000000000000000, 0.000000000000000000 ) ) ;
#7301 = EDGE_CURVE ( 'NONE', #9867, #9384, #3464, .T. ) ;
#7302 = FACE_OUTER_BOUND ( 'NONE', #6066, .T. ) ;
#7303 = EDGE_LOOP ( 'NONE', ( #1472, #12772, #6980, #11285 ) ) ;
#7304 = VERTEX_POINT ( 'NONE', #9414 ) ;
#7305 = CARTESIAN_POINT ( 'NONE',  ( -59.50000000000000000, -28.64026550785165171, -11.86318640331909968 ) ) ;
#7306 = ORIENTED_EDGE ( 'NONE', *, *, #7451, .T. ) ;
#7307 = ORIENTED_EDGE ( 'NONE', *, *, #11024, .T. ) ;
#7308 = PLANE ( 'NONE',  #7023 ) ;
#7309 = ORIENTED_EDGE ( 'NONE', *, *, #1098, .F. ) ;
#7310 = FACE_OUTER_BOUND ( 'NONE', #9607, .T. ) ;
#7311 = EDGE_LOOP ( 'NONE', ( #8206, #5229, #3644, #9655 ) ) ;
#7312 = ORIENTED_EDGE ( 'NONE', *, *, #2364, .T. ) ;
#7313 = CARTESIAN_POINT ( 'NONE',  ( -63.48791531425350598, 1.443817470673763893E-14, -8.848542754869498254E-15 ) ) ;
#7314 = CYLINDRICAL_SURFACE ( 'NONE', #9085, 44.71208468574654660 ) ;
#7315 = DIRECTION ( 'NONE',  ( 1.000000000000000000, -6.322502648911719004E-17, 9.462293898829198836E-17 ) ) ;
#7316 = CARTESIAN_POINT ( 'NONE',  ( 17.60000000000000142, -29.29548729478134916, 1.138918977688961887 ) ) ;
#7317 = ORIENTED_EDGE ( 'NONE', *, *, #2456, .T. ) ;
#7318 = AXIS2_PLACEMENT_3D ( 'NONE', #7313, #12289, #1097 ) ;
#7319 = EDGE_LOOP ( 'NONE', ( #12901, #7750, #4017 ) ) ;
#7320 = DIRECTION ( 'NONE',  ( -1.000000000000000000, 6.705557021117060106E-18, 5.440889002481110112E-18 ) ) ;
#7321 = ADVANCED_FACE ( 'NONE', ( #2484 ), #11395, .F. ) ;
#7322 = DIRECTION ( 'NONE',  ( 0.000000000000000000, -0.8314696123025479002, -0.5555702330195982919 ) ) ;
#7323 = ADVANCED_FACE ( 'NONE', ( #10468 ), #6546, .F. ) ;
#7324 = AXIS2_PLACEMENT_3D ( 'NONE', #10211, #3085, #8241 ) ;
#7325 = CARTESIAN_POINT ( 'NONE',  ( -11.90000000000000036, 42.50000000000000000, -2.991208544922129776E-15 ) ) ;
#7326 = DIRECTION ( 'NONE',  ( -5.239821661893190970E-17, -0.8314696123025481223, -0.5555702330195980698 ) ) ;
#7327 = CIRCLE ( 'NONE', #6505, 44.99999999999524647 ) ;
#7328 = CARTESIAN_POINT ( 'NONE',  ( 14.10000000000099973, -11.86318640331839980, -28.64026550784965153 ) ) ;
#7329 = EDGE_CURVE ( 'NONE', #7660, #10571, #5085, .T. ) ;
#7330 = AXIS2_PLACEMENT_3D ( 'NONE', #11187, #790, #4171 ) ;
#7331 = DIRECTION ( 'NONE',  ( -1.000000000000000000, 1.001543065824825607E-16, -1.734723475977026496E-16 ) ) ;
#7332 = VERTEX_POINT ( 'NONE', #706 ) ;
#7333 = EDGE_CURVE ( 'NONE', #7230, #12805, #3194, .T. ) ;
#7334 = CARTESIAN_POINT ( 'NONE',  ( -78.79999999999999716, -21.21523365504034686, -7.448245495554079554 ) ) ;
#7335 = EDGE_CURVE ( 'NONE', #8125, #7879, #3652, .T. ) ;
#7336 = DIRECTION ( 'NONE',  ( 0.000000000000000000, 1.000000000000000000, 9.575673587392073611E-14 ) ) ;
#7337 = ORIENTED_EDGE ( 'NONE', *, *, #6136, .F. ) ;
#7338 = ADVANCED_FACE ( 'NONE', ( #6426 ), #10406, .F. ) ;
#7339 = AXIS2_PLACEMENT_3D ( 'NONE', #3728, #2806, #8760 ) ;
#7340 = DIRECTION ( 'NONE',  ( 1.000000000000000000, -6.322502648911709143E-17, 9.462293898829198836E-17 ) ) ;
#7341 = VECTOR ( 'NONE', #726, 1000.000000000000000 ) ;
#7342 = DIRECTION ( 'NONE',  ( -1.000000000000000000, 6.705557021117060106E-18, 5.440889002481110112E-18 ) ) ;
#7343 = AXIS2_PLACEMENT_3D ( 'NONE', #169, #4158, #8935 ) ;
#7344 = ORIENTED_EDGE ( 'NONE', *, *, #7724, .T. ) ;
#7345 = DIRECTION ( 'NONE',  ( 0.000000000000000000, 0.9238795325112875156, -0.3826834323650881720 ) ) ;
#7346 = EDGE_CURVE ( 'NONE', #12822, #11067, #4655, .T. ) ;
#7347 = LINE ( 'NONE', #7409, #11219 ) ;
#7348 = LINE ( 'NONE', #12506, #4499 ) ;
#7349 = DIRECTION ( 'NONE',  ( 1.000000000000000000, -6.322502648911709143E-17, 9.462293898829198836E-17 ) ) ;
#7350 = VECTOR ( 'NONE', #10833, 1000.000000000000114 ) ;
#7351 = DIRECTION ( 'NONE',  ( 0.000000000000000000, 1.000000000000000000, 9.714451465470219441E-14 ) ) ;
#7352 = ORIENTED_EDGE ( 'NONE', *, *, #3086, .F. ) ;
#7353 = CIRCLE ( 'NONE', #5480, 1.600000000000002753 ) ;
#7354 = DIRECTION ( 'NONE',  ( 0.000000000000000000, 1.000000000000000000, 9.714451465470232062E-14 ) ) ;
#7355 = AXIS2_PLACEMENT_3D ( 'NONE', #10634, #6768, #3620 ) ;
#7356 = CARTESIAN_POINT ( 'NONE',  ( -11.49999999999999467, 38.97114317029482322, -22.49999999999898037 ) ) ;
#7357 = ADVANCED_FACE ( 'NONE', ( #10530 ), #12385, .F. ) ;
#7358 = EDGE_LOOP ( 'NONE', ( #1311, #11288 ) ) ;
#7359 = ADVANCED_FACE ( 'NONE', ( #8756 ), #1825, .F. ) ;
#7360 = CARTESIAN_POINT ( 'NONE',  ( -73.59999999999999432, -24.09895763486624531, -7.877356213408289953 ) ) ;
#7361 = VECTOR ( 'NONE', #10158, 1000.000000000000000 ) ;
#7362 = DIRECTION ( 'NONE',  ( 0.000000000000000000, 0.9238795325112874046, -0.3826834323650882275 ) ) ;
#7363 = CARTESIAN_POINT ( 'NONE',  ( 15.10000000000000142, -3.741613255363045454, -2.500066048589933754 ) ) ;
#7364 = CARTESIAN_POINT ( 'NONE',  ( -72.84391516214240880, -14.78090597586279920, -12.81941178575300100 ) ) ;
#7365 = ORIENTED_EDGE ( 'NONE', *, *, #2877, .F. ) ;
#7366 = CARTESIAN_POINT ( 'NONE',  ( 17.54641016151375155, 1.538218782758330017, 32.02780493108450344 ) ) ;
#7367 = CIRCLE ( 'NONE', #2562, 1.850000000000001421 ) ;
#7368 = AXIS2_PLACEMENT_3D ( 'NONE', #7908, #10862, #3002 ) ;
#7369 = DIRECTION ( 'NONE',  ( 1.000000000000000000, -2.905650844594909648E-18, -7.014861676541880450E-18 ) ) ;
#7370 = ORIENTED_EDGE ( 'NONE', *, *, #4421, .T. ) ;
#7371 = ORIENTED_EDGE ( 'NONE', *, *, #7144, .F. ) ;
#7372 = EDGE_CURVE ( 'NONE', #11221, #12196, #57, .T. ) ;
#7373 = ORIENTED_EDGE ( 'NONE', *, *, #7276, .T. ) ;
#7374 = DIRECTION ( 'NONE',  ( 1.000000000000000000, -6.322502648911719004E-17, 9.462293898829198836E-17 ) ) ;
#7375 = AXIS2_PLACEMENT_3D ( 'NONE', #11931, #6968, #10028 ) ;
#7376 = ORIENTED_EDGE ( 'NONE', *, *, #8608, .F. ) ;
#7377 = ORIENTED_EDGE ( 'NONE', *, *, #1863, .F. ) ;
#7378 = CARTESIAN_POINT ( 'NONE',  ( -72.84391516214240880, 3.538376753723219803, -17.28937216756949979 ) ) ;
#7379 = ORIENTED_EDGE ( 'NONE', *, *, #7492, .F. ) ;
#7380 = DIRECTION ( 'NONE',  ( 1.000000000000000000, -6.705557021117060106E-18, -5.440889002481110112E-18 ) ) ;
#7381 = VECTOR ( 'NONE', #6937, 999.9999999999998863 ) ;
#7382 = ORIENTED_EDGE ( 'NONE', *, *, #11452, .F. ) ;
#7383 = DIRECTION ( 'NONE',  ( -7.592831564818951247E-18, -0.3826834323650886160, -0.9238795325112872936 ) ) ;
#7384 = CARTESIAN_POINT ( 'NONE',  ( -1.899999999999999911, -29.89026550785019865, 11.86318640331690055 ) ) ;
#7385 = CARTESIAN_POINT ( 'NONE',  ( 7.000000000000950351, -9.540979117872440597E-15, 0.000000000000000000 ) ) ;
#7386 = FACE_OUTER_BOUND ( 'NONE', #3989, .T. ) ;
#7387 = ORIENTED_EDGE ( 'NONE', *, *, #2768, .T. ) ;
#7388 = EDGE_CURVE ( 'NONE', #3474, #10983, #9038, .T. ) ;
#7389 = ORIENTED_EDGE ( 'NONE', *, *, #3470, .T. ) ;
#7390 = CARTESIAN_POINT ( 'NONE',  ( -78.79999999999999716, -16.62303246665929990, 3.638308894581370190 ) ) ;
#7391 = CYLINDRICAL_SURFACE ( 'NONE', #5137, 1.850000000000001865 ) ;
#7392 = CARTESIAN_POINT ( 'NONE',  ( 14.10000000000099973, -28.64026550785015246, -11.86318640331715990 ) ) ;
#7393 = DIRECTION ( 'NONE',  ( 7.592831564818952788E-18, 0.3826834323650881720, 0.9238795325112874046 ) ) ;
#7394 = DIRECTION ( 'NONE',  ( 1.000000000000000000, -2.905650844594904641E-18, -7.014861676541880450E-18 ) ) ;
#7395 = CARTESIAN_POINT ( 'NONE',  ( -11.90000000000000036, 42.50000000000000000, 0.000000000000000000 ) ) ;
#7396 = ORIENTED_EDGE ( 'NONE', *, *, #4973, .T. ) ;
#7398 = ADVANCED_FACE ( 'NONE', ( #839 ), #7837, .F. ) ;
#7397 = PLANE ( 'NONE',  #861 ) ;
#7399 = DIRECTION ( 'NONE',  ( 1.000000000000000000, -6.322502648911719004E-17, 9.462293898829198836E-17 ) ) ;
#7400 = EDGE_CURVE ( 'NONE', #11993, #7289, #682, .T. ) ;
#7401 = ORIENTED_EDGE ( 'NONE', *, *, #12811, .F. ) ;
#7402 = DIRECTION ( 'NONE',  ( 1.000000000000000000, 0.000000000000000000, 0.000000000000000000 ) ) ;
#7403 = DIRECTION ( 'NONE',  ( 0.000000000000000000, -0.8314696123025481223, -0.5555702330195977368 ) ) ;
#7404 = EDGE_CURVE ( 'NONE', #3109, #5713, #4034, .T. ) ;
#7405 = EDGE_LOOP ( 'NONE', ( #8835, #4173, #3746, #12092 ) ) ;
#7406 = ORIENTED_EDGE ( 'NONE', *, *, #3328, .T. ) ;
#7407 = DIRECTION ( 'NONE',  ( 0.000000000000000000, 0.9099612708765432156, 0.4146932426562390805 ) ) ;
#7408 = EDGE_CURVE ( 'NONE', #4564, #4920, #10302, .T. ) ;
#7409 = CARTESIAN_POINT ( 'NONE',  ( 14.10000000000099973, 10.24639722142362075, 29.30996151448859877 ) ) ;
#7410 = CARTESIAN_POINT ( 'NONE',  ( -72.84391516214240880, 4.448338024599770790, -16.87467892491325117 ) ) ;
#7411 = CARTESIAN_POINT ( 'NONE',  ( -73.59999999999999432, -1.769669275449794910, 18.59249231963075033 ) ) ;
#7412 = CARTESIAN_POINT ( 'NONE',  ( -1.899999999999999911, -21.92031021678205249, -21.92031021678390346 ) ) ;
#7413 = ORIENTED_EDGE ( 'NONE', *, *, #9644, .F. ) ;
#7414 = CARTESIAN_POINT ( 'NONE',  ( -56.21032168798580386, -21.57868627609169820, 0.8202430115583919656 ) ) ;
#7415 = DIRECTION ( 'NONE',  ( 0.000000000000000000, 1.000000000000000000, 0.000000000000000000 ) ) ;
#7416 = ORIENTED_EDGE ( 'NONE', *, *, #9812, .T. ) ;
#7417 = VECTOR ( 'NONE', #8297, 1000.000000000000000 ) ;
#7418 = AXIS2_PLACEMENT_3D ( 'NONE', #4385, #9406, #3457 ) ;
#7419 = DIRECTION ( 'NONE',  ( 0.000000000000000000, -0.8314696123025484553, -0.5555702330195974037 ) ) ;
#7420 = DIRECTION ( 'NONE',  ( 3.103811398048827676E-16, 1.000000000000000000, 0.000000000000000000 ) ) ;
#7421 = CARTESIAN_POINT ( 'NONE',  ( -73.59999999999999432, 1.049419181516655842E-14, 5.142634763737189527E-15 ) ) ;
#7422 = LINE ( 'NONE', #5217, #5484 ) ;
#7423 = VECTOR ( 'NONE', #2090, 1000.000000000000000 ) ;
#7424 = AXIS2_PLACEMENT_3D ( 'NONE', #12109, #5118, #2950 ) ;
#7425 = ORIENTED_EDGE ( 'NONE', *, *, #2859, .T. ) ;
#7426 = CARTESIAN_POINT ( 'NONE',  ( 6.599999999999999645, 1.642041500214240179E-12, -31.00000000000000000 ) ) ;
#7427 = ORIENTED_EDGE ( 'NONE', *, *, #11621, .F. ) ;
#7428 = AXIS2_PLACEMENT_3D ( 'NONE', #2192, #1209, #5156 ) ;
#7429 = VECTOR ( 'NONE', #12322, 1000.000000000000000 ) ;
#7430 = EDGE_CURVE ( 'NONE', #8855, #12019, #10728, .T. ) ;
#7431 = FACE_OUTER_BOUND ( 'NONE', #12400, .T. ) ;
#7432 = ORIENTED_EDGE ( 'NONE', *, *, #1960, .T. ) ;
#7433 = VECTOR ( 'NONE', #9868, 1000.000000000000114 ) ;
#7434 = ORIENTED_EDGE ( 'NONE', *, *, #9464, .T. ) ;
#7435 = CIRCLE ( 'NONE', #2418, 1.850000000000000311 ) ;
#7436 = CIRCLE ( 'NONE', #12034, 1.600000000000000755 ) ;
#7437 = ORIENTED_EDGE ( 'NONE', *, *, #5814, .F. ) ;
#7438 = DIRECTION ( 'NONE',  ( -1.734723475977026496E-16, -0.8660254037844432595, 0.4999999999999919509 ) ) ;
#7439 = CIRCLE ( 'NONE', #10790, 1.249999999999987121 ) ;
#7440 = ORIENTED_EDGE ( 'NONE', *, *, #6538, .T. ) ;
#7441 = ORIENTED_EDGE ( 'NONE', *, *, #697, .T. ) ;
#7442 = CARTESIAN_POINT ( 'NONE',  ( -73.59999999999999432, 9.278008307321780279, -13.24503914110031921 ) ) ;
#7443 = CONICAL_SURFACE ( 'NONE', #5781, 1.849999999999998979, 1.308996938995743653 ) ;
#7444 = VERTEX_POINT ( 'NONE', #6025 ) ;
#7445 = DIRECTION ( 'NONE',  ( 0.000000000000000000, 0.8314696123025475671, 0.5555702330195986249 ) ) ;
#7446 = EDGE_LOOP ( 'NONE', ( #6823, #2072 ) ) ;
#7447 = CIRCLE ( 'NONE', #3898, 0.3000000000000009326 ) ;
#7448 = TOROIDAL_SURFACE ( 'NONE', #2845, 5.500000000000000000, 1.000000000000000000 ) ;
#7449 = AXIS2_PLACEMENT_3D ( 'NONE', #7360, #1326, #482 ) ;
#7450 = DIRECTION ( 'NONE',  ( 0.000000000000000000, -0.8314696123025480112, -0.5555702330195979588 ) ) ;
#7451 = EDGE_CURVE ( 'NONE', #7868, #1877, #9871, .T. ) ;
#7452 = DIRECTION ( 'NONE',  ( 0.000000000000000000, 0.8314696123025475671, 0.5555702330195986249 ) ) ;
#7453 = LINE ( 'NONE', #10655, #1052 ) ;
#7454 = ORIENTED_EDGE ( 'NONE', *, *, #11574, .F. ) ;
#7455 = EDGE_LOOP ( 'NONE', ( #982, #11458, #12674, #6988 ) ) ;
#7456 = CARTESIAN_POINT ( 'NONE',  ( 6.599999999999999645, 13.11318640331516150, 28.64026550785110459 ) ) ;
#7457 = DIRECTION ( 'NONE',  ( 0.000000000000000000, -0.5000000000000001110, -0.8660254037844384856 ) ) ;
#7458 = FACE_OUTER_BOUND ( 'NONE', #9590, .T. ) ;
#7459 = DIRECTION ( 'NONE',  ( -4.112988807310478308E-18, -0.9238795325112874046, 0.3826834323650881720 ) ) ;
#7460 = FACE_BOUND ( 'NONE', #6893, .T. ) ;
#7461 = FACE_OUTER_BOUND ( 'NONE', #5363, .T. ) ;
#7462 = ORIENTED_EDGE ( 'NONE', *, *, #12392, .F. ) ;
#7463 = EDGE_CURVE ( 'NONE', #4113, #12534, #9044, .T. ) ;
#7464 = AXIS2_PLACEMENT_3D ( 'NONE', #4101, #5097, #7113 ) ;
#7465 = LINE ( 'NONE', #6488, #9626 ) ;
#7466 = CARTESIAN_POINT ( 'NONE',  ( -72.84391516214240880, -14.53750439996506039, -0.4727217162302990161 ) ) ;
#7467 = ADVANCED_FACE ( 'NONE', ( #4783 ), #66, .T. ) ;
#7468 = ORIENTED_EDGE ( 'NONE', *, *, #3642, .T. ) ;
#7469 = CARTESIAN_POINT ( 'NONE',  ( -73.59999999999999432, 21.31674970459589957, -11.75066972416748179 ) ) ;
#7470 = CARTESIAN_POINT ( 'NONE',  ( -73.59999999999999432, 4.033644781943519497, -15.96471765403670240 ) ) ;
#7471 = VECTOR ( 'NONE', #5770, 1000.000000000000114 ) ;
#7472 = VERTEX_POINT ( 'NONE', #776 ) ;
#7473 = ORIENTED_EDGE ( 'NONE', *, *, #900, .F. ) ;
#7474 = DIRECTION ( 'NONE',  ( 0.000000000000000000, 0.000000000000000000, -1.000000000000000000 ) ) ;
#7475 = CARTESIAN_POINT ( 'NONE',  ( 6.599999999999999645, -10.61318640331642094, -28.64026550785035141 ) ) ;
#7476 = CARTESIAN_POINT ( 'NONE',  ( -72.84391516214240880, -9.581850590532669187, 2.345344166792684870 ) ) ;
#7477 = FACE_OUTER_BOUND ( 'NONE', #8096, .T. ) ;
#7478 = DIRECTION ( 'NONE',  ( 0.000000000000000000, 0.8314696123025475671, 0.5555702330195986249 ) ) ;
#7479 = ORIENTED_EDGE ( 'NONE', *, *, #3206, .F. ) ;
#7480 = LINE ( 'NONE', #9625, #2519 ) ;
#7481 = DIRECTION ( 'NONE',  ( -7.592831564818951247E-18, -0.3826834323650886160, -0.9238795325112872936 ) ) ;
#7482 = VERTEX_POINT ( 'NONE', #3788 ) ;
#7483 = LINE ( 'NONE', #8395, #2006 ) ;
#7484 = CONICAL_SURFACE ( 'NONE', #5409, 35.00000000000000000, 0.5233633547906455519 ) ;
#7485 = DIRECTION ( 'NONE',  ( 1.000000000000000000, -6.322502648911719004E-17, 9.462293898829198836E-17 ) ) ;
#7486 = DIRECTION ( 'NONE',  ( 0.000000000000000000, -0.9238795325112788559, 0.3826834323651086556 ) ) ;
#7487 = ADVANCED_FACE ( 'NONE', ( #4913 ), #6346, .F. ) ;
#7488 = CARTESIAN_POINT ( 'NONE',  ( -65.19999999999998863, 41.29741510325472831, -17.10594942671900043 ) ) ;
#7489 = ORIENTED_EDGE ( 'NONE', *, *, #11884, .T. ) ;
#7490 = CARTESIAN_POINT ( 'NONE',  ( 17.54641016151380128, -21.92031021678490177, -21.92031021678440084 ) ) ;
#7491 = ORIENTED_EDGE ( 'NONE', *, *, #12947, .F. ) ;
#7492 = EDGE_CURVE ( 'NONE', #1899, #6238, #6740, .T. ) ;
#7493 = ADVANCED_FACE ( 'NONE', ( #9934, #2803 ), #6799, .T. ) ;
#7494 = EDGE_CURVE ( 'NONE', #4075, #6889, #1105, .T. ) ;
#7495 = DIRECTION ( 'NONE',  ( 1.000000000000000000, 0.000000000000000000, 0.000000000000000000 ) ) ;
#7496 = ORIENTED_EDGE ( 'NONE', *, *, #8385, .T. ) ;
#7497 = EDGE_LOOP ( 'NONE', ( #1513, #7685, #4752, #1434 ) ) ;
#7498 = ADVANCED_FACE ( 'NONE', ( #10801 ), #9804, .F. ) ;
#7499 = EDGE_LOOP ( 'NONE', ( #9435, #9145, #3903, #2148 ) ) ;
#7500 = DIRECTION ( 'NONE',  ( 0.000000000000000000, 0.000000000000000000, -1.000000000000000000 ) ) ;
#7501 = ORIENTED_EDGE ( 'NONE', *, *, #6630, .T. ) ;
#7502 = ORIENTED_EDGE ( 'NONE', *, *, #955, .T. ) ;
#7503 = LINE ( 'NONE', #1533, #11217 ) ;
#7504 = EDGE_LOOP ( 'NONE', ( #498, #437, #8162, #7133 ) ) ;
#7505 = DIRECTION ( 'NONE',  ( 0.000000000000000000, -0.9238795325112788559, 0.3826834323651088221 ) ) ;
#7506 = ADVANCED_FACE ( 'NONE', ( #7126 ), #10069, .F. ) ;
#7507 = EDGE_LOOP ( 'NONE', ( #10846, #5875, #9700, #3915 ) ) ;
#7508 = CARTESIAN_POINT ( 'NONE',  ( -72.84391516214240880, -14.77527340163674019, 2.872942029851194956 ) ) ;
#7509 = DIRECTION ( 'NONE',  ( -1.000000000000000000, 6.322502648911709143E-17, -9.462293898829198836E-17 ) ) ;
#7510 = CARTESIAN_POINT ( 'NONE',  ( -73.59999999999999432, -9.007825441985040982, 3.731163465559614867 ) ) ;
#7511 = ORIENTED_EDGE ( 'NONE', *, *, #2992, .F. ) ;
#7512 = EDGE_CURVE ( 'NONE', #6124, #7568, #6221, .T. ) ;
#7513 = ORIENTED_EDGE ( 'NONE', *, *, #2554, .F. ) ;
#7514 = CARTESIAN_POINT ( 'NONE',  ( -11.90000000000000746, 1.386510342950972117E-13, 44.10000000000000142 ) ) ;
#7515 = FACE_OUTER_BOUND ( 'NONE', #2994, .T. ) ;
#7516 = DIRECTION ( 'NONE',  ( -1.000000000000000000, 6.705557021117060106E-18, 5.440889002481110112E-18 ) ) ;
#7517 = FACE_BOUND ( 'NONE', #3513, .T. ) ;
#7518 = DIRECTION ( 'NONE',  ( 4.233019071658261425E-17, 1.000000000000000000, 3.491481338843133355E-15 ) ) ;
#7519 = ORIENTED_EDGE ( 'NONE', *, *, #10915, .T. ) ;
#7520 = LINE ( 'NONE', #9418, #1473 ) ;
#7521 = AXIS2_PLACEMENT_3D ( 'NONE', #5306, #10193, #8295 ) ;
#7522 = CARTESIAN_POINT ( 'NONE',  ( -73.59999999999999432, 1.049419181516655842E-14, 5.142634763737189527E-15 ) ) ;
#7523 = VERTEX_POINT ( 'NONE', #3129 ) ;
#7524 = DIRECTION ( 'NONE',  ( 0.000000000000000000, 0.8314696123025481223, 0.5555702330195977368 ) ) ;
#7525 = DIRECTION ( 'NONE',  ( 0.000000000000000000, -0.8314696123025481223, -0.5555702330195977368 ) ) ;
#7526 = VECTOR ( 'NONE', #8774, 1000.000000000000000 ) ;
#7527 = ADVANCED_FACE ( 'NONE', ( #5110 ), #12334, .F. ) ;
#7528 = ORIENTED_EDGE ( 'NONE', *, *, #12939, .T. ) ;
#7529 = DIRECTION ( 'NONE',  ( -1.000000000000000000, 6.705557021117060106E-18, 5.440889002481110112E-18 ) ) ;
#7530 = ORIENTED_EDGE ( 'NONE', *, *, #1214, .F. ) ;
#7531 = FACE_OUTER_BOUND ( 'NONE', #4444, .T. ) ;
#7532 = CONICAL_SURFACE ( 'NONE', #3153, 1.849999999999998979, 1.308996938995742765 ) ;
#7533 = DIRECTION ( 'NONE',  ( 1.000000000000000000, 0.000000000000000000, 0.000000000000000000 ) ) ;
#7534 = CARTESIAN_POINT ( 'NONE',  ( -73.59999999999999432, -13.62722310454145891, 5.644580627385050065 ) ) ;
#7535 = ADVANCED_FACE ( 'NONE', ( #4307 ), #2149, .F. ) ;
#7536 = FACE_OUTER_BOUND ( 'NONE', #11536, .T. ) ;
#7537 = DIRECTION ( 'NONE',  ( 0.000000000000000000, 0.000000000000000000, 1.000000000000000000 ) ) ;
#7538 = ORIENTED_EDGE ( 'NONE', *, *, #8886, .T. ) ;
#7539 = CARTESIAN_POINT ( 'NONE',  ( -73.59999999999999432, -16.04900731811169834, 5.024128193348300186 ) ) ;
#7540 = AXIS2_PLACEMENT_3D ( 'NONE', #7195, #11196, #12037 ) ;
#7541 = AXIS2_PLACEMENT_3D ( 'NONE', #3390, #12542, #2475 ) ;
#7542 = PLANE ( 'NONE',  #3787 ) ;
#7543 = AXIS2_PLACEMENT_3D ( 'NONE', #9013, #12159, #7063 ) ;
#7544 = EDGE_CURVE ( 'NONE', #10924, #3974, #629, .T. ) ;
#7545 = CARTESIAN_POINT ( 'NONE',  ( -73.29999999999999716, 5.902128236863800836, -22.47615141156580165 ) ) ;
#7546 = AXIS2_PLACEMENT_3D ( 'NONE', #9343, #12415, #7452 ) ;
#7547 = DIRECTION ( 'NONE',  ( -1.000000000000000000, 1.067925513466053880E-16, -6.551204957150059656E-17 ) ) ;
#7548 = CYLINDRICAL_SURFACE ( 'NONE', #6184, 44.90000000000002700 ) ;
#7549 = AXIS2_PLACEMENT_3D ( 'NONE', #800, #7022, #9826 ) ;
#7550 = CARTESIAN_POINT ( 'NONE',  ( -73.29999999999999716, 12.94911741539872096, -18.16570555090650174 ) ) ;
#7551 = CIRCLE ( 'NONE', #8586, 1.750000000000001110 ) ;
#7552 = ORIENTED_EDGE ( 'NONE', *, *, #8385, .F. ) ;
#7553 = CARTESIAN_POINT ( 'NONE',  ( 5.599999999999999645, 0.000000000000000000, 0.000000000000000000 ) ) ;
#7554 = VERTEX_POINT ( 'NONE', #11192 ) ;
#7555 = EDGE_CURVE ( 'NONE', #6024, #8643, #6083, .T. ) ;
#7556 = AXIS2_PLACEMENT_3D ( 'NONE', #8421, #1728, #2348 ) ;
#7557 = ORIENTED_EDGE ( 'NONE', *, *, #11182, .T. ) ;
#7558 = AXIS2_PLACEMENT_3D ( 'NONE', #9099, #4135, #12185 ) ;
#7559 = CARTESIAN_POINT ( 'NONE',  ( 6.600000000000989964, -21.92031021678245040, 21.92031021678350200 ) ) ;
#7560 = ORIENTED_EDGE ( 'NONE', *, *, #5400, .T. ) ;
#7561 = EDGE_CURVE ( 'NONE', #9912, #8928, #6497, .T. ) ;
#7562 = VERTEX_POINT ( 'NONE', #12165 ) ;
#7563 = VECTOR ( 'NONE', #5986, 1000.000000000000227 ) ;
#7564 = FACE_OUTER_BOUND ( 'NONE', #12153, .T. ) ;
#7565 = ORIENTED_EDGE ( 'NONE', *, *, #10851, .F. ) ;
#7566 = ORIENTED_EDGE ( 'NONE', *, *, #7561, .F. ) ;
#7567 = PLANE ( 'NONE',  #4528 ) ;
#7568 = VERTEX_POINT ( 'NONE', #10322 ) ;
#7569 = ADVANCED_FACE ( 'NONE', ( #9077 ), #4175, .F. ) ;
#7570 = CARTESIAN_POINT ( 'NONE',  ( -14.90000000000000036, -1.505188971403552700E-14, 45.00000000000000000 ) ) ;
#7571 = EDGE_CURVE ( 'NONE', #566, #2147, #11514, .T. ) ;
#7572 = ORIENTED_EDGE ( 'NONE', *, *, #2956, .F. ) ;
#7573 = LINE ( 'NONE', #2596, #11281 ) ;
#7574 = VECTOR ( 'NONE', #7600, 1000.000000000000000 ) ;
#7575 = DIRECTION ( 'NONE',  ( 0.000000000000000000, 1.000000000000000000, 9.575673587392073611E-14 ) ) ;
#7576 = DIRECTION ( 'NONE',  ( -1.000000000000000000, 0.000000000000000000, 0.000000000000000000 ) ) ;
#7577 = ORIENTED_EDGE ( 'NONE', *, *, #905, .T. ) ;
#7578 = ADVANCED_FACE ( 'NONE', ( #3198 ), #7260, .F. ) ;
#7579 = AXIS2_PLACEMENT_3D ( 'NONE', #1652, #6702, #12775 ) ;
#7580 = EDGE_LOOP ( 'NONE', ( #12374, #2710, #10777, #1527 ) ) ;
#7581 = CARTESIAN_POINT ( 'NONE',  ( -14.90000000000000036, -9.540979117872440597E-15, 0.000000000000000000 ) ) ;
#7582 = VECTOR ( 'NONE', #11465, 1000.000000000000000 ) ;
#7583 = DIRECTION ( 'NONE',  ( -1.000000000000000000, 0.000000000000000000, 0.000000000000000000 ) ) ;
#7584 = ADVANCED_FACE ( 'NONE', ( #315 ), #11261, .F. ) ;
#7585 = DIRECTION ( 'NONE',  ( 1.000000000000000000, 0.000000000000000000, 0.000000000000000000 ) ) ;
#7586 = CARTESIAN_POINT ( 'NONE',  ( 14.10000000000099973, -27.02347632595486004, 11.19349039667953782 ) ) ;
#7587 = DIRECTION ( 'NONE',  ( -3.090821338043308677E-16, -1.000000000000000000, -3.432150397220114808E-15 ) ) ;
#7588 = VERTEX_POINT ( 'NONE', #10255 ) ;
#7589 = CARTESIAN_POINT ( 'NONE',  ( -11.90000000000000746, -36.80607966083890403, -22.84999999999955023 ) ) ;
#7590 = CARTESIAN_POINT ( 'NONE',  ( -73.59999999999999432, -20.87897750816440023, -2.716762450705650256 ) ) ;
#7591 = ORIENTED_EDGE ( 'NONE', *, *, #5124, .F. ) ;
#7592 = EDGE_CURVE ( 'NONE', #8602, #1703, #12031, .T. ) ;
#7593 = CARTESIAN_POINT ( 'NONE',  ( -1.899999999999999911, -13.11318640331639962, -28.64026550785060010 ) ) ;
#7594 = CARTESIAN_POINT ( 'NONE',  ( 5.599999999999999645, -35.00000000000000000, -3.357314426466476206E-12 ) ) ;
#7595 = FACE_OUTER_BOUND ( 'NONE', #1100, .T. ) ;
#7596 = ORIENTED_EDGE ( 'NONE', *, *, #4488, .F. ) ;
#7597 = CARTESIAN_POINT ( 'NONE',  ( 17.60000000000000142, 11.86318640331641916, 28.64026550784804925 ) ) ;
#7598 = DIRECTION ( 'NONE',  ( 1.000000000000000000, -5.302876193624819920E-17, 3.061616997868629537E-17 ) ) ;
#7599 = CARTESIAN_POINT ( 'NONE',  ( -73.29999999999999716, 12.30526897871231995, -19.88775641849909803 ) ) ;
#7600 = DIRECTION ( 'NONE',  ( -1.000000000000000000, 0.000000000000000000, 0.000000000000000000 ) ) ;
#7601 = DIRECTION ( 'NONE',  ( 0.000000000000000000, 0.3826834323650881720, 0.9238795325112874046 ) ) ;
#7602 = VERTEX_POINT ( 'NONE', #8159 ) ;
#7603 = CARTESIAN_POINT ( 'NONE',  ( 17.54641016151380128, -1.991661135859989902E-12, -31.00000000000174794 ) ) ;
#7604 = ADVANCED_FACE ( 'NONE', ( #7192 ), #1288, .F. ) ;
#7605 = CARTESIAN_POINT ( 'NONE',  ( 6.599999999999999645, -13.47997558521178085, 29.30996151448914944 ) ) ;
#7606 = EDGE_CURVE ( 'NONE', #11995, #3522, #4243, .T. ) ;
#7607 = ORIENTED_EDGE ( 'NONE', *, *, #6909, .T. ) ;
#7608 = DIRECTION ( 'NONE',  ( 0.000000000000000000, 1.000000000000000000, 9.714451465470219441E-14 ) ) ;
#7609 = CARTESIAN_POINT ( 'NONE',  ( 17.54641016151375155, -30.17848429061094961, 10.83538147223029924 ) ) ;
#7610 = CARTESIAN_POINT ( 'NONE',  ( -73.59999999999999432, -22.60105295380730084, -6.874220347006439802 ) ) ;
#7611 = LINE ( 'NONE', #4815, #2332 ) ;
#7612 = FACE_OUTER_BOUND ( 'NONE', #886, .T. ) ;
#7613 = VERTEX_POINT ( 'NONE', #12225 ) ;
#7614 = PLANE ( 'NONE',  #9993 ) ;
#7615 = EDGE_LOOP ( 'NONE', ( #3916, #10438, #5929, #8264 ) ) ;
#7616 = EDGE_CURVE ( 'NONE', #10400, #5813, #6285, .T. ) ;
#7617 = ORIENTED_EDGE ( 'NONE', *, *, #4962, .F. ) ;
#7618 = AXIS2_PLACEMENT_3D ( 'NONE', #509, #12420, #2480 ) ;
#7619 = DIRECTION ( 'NONE',  ( 1.000000000000000000, -6.322502648911719004E-17, 9.462293898829198836E-17 ) ) ;
#7620 = EDGE_LOOP ( 'NONE', ( #5376, #492, #6647, #9895 ) ) ;
#7621 = ORIENTED_EDGE ( 'NONE', *, *, #12135, .F. ) ;
#7622 = EDGE_CURVE ( 'NONE', #6380, #10593, #11714, .T. ) ;
#7623 = DIRECTION ( 'NONE',  ( 1.000000000000000000, 0.000000000000000000, 0.000000000000000000 ) ) ;
#7624 = ORIENTED_EDGE ( 'NONE', *, *, #7656, .T. ) ;
#7625 = VERTEX_POINT ( 'NONE', #5730 ) ;
#7626 = DIRECTION ( 'NONE',  ( 0.000000000000000000, 1.000000000000000000, 9.714451465470232062E-14 ) ) ;
#7627 = ORIENTED_EDGE ( 'NONE', *, *, #3936, .F. ) ;
#7628 = CARTESIAN_POINT ( 'NONE',  ( -73.59999999999999432, -19.73092721106915093, 0.05487614682821159717 ) ) ;
#7629 = VECTOR ( 'NONE', #3238, 1000.000000000000000 ) ;
#7630 = ORIENTED_EDGE ( 'NONE', *, *, #3881, .T. ) ;
#7631 = AXIS2_PLACEMENT_3D ( 'NONE', #7412, #2378, #7351 ) ;
#7632 = EDGE_CURVE ( 'NONE', #11155, #402, #3551, .T. ) ;
#7633 = DIRECTION ( 'NONE',  ( 0.000000000000000000, -0.8314696123025481223, -0.5555702330195977368 ) ) ;
#7634 = CARTESIAN_POINT ( 'NONE',  ( 6.599999999999999645, -28.64026550784945258, -11.86318640331884033 ) ) ;
#7635 = AXIS2_PLACEMENT_3D ( 'NONE', #10512, #1464, #10575 ) ;
#7636 = CIRCLE ( 'NONE', #4408, 1.000000000000000888 ) ;
#7637 = CARTESIAN_POINT ( 'NONE',  ( -72.84391516214240880, 12.67612903413576042, -18.29011352370335075 ) ) ;
#7638 = VERTEX_POINT ( 'NONE', #9772 ) ;
#7639 = AXIS2_PLACEMENT_3D ( 'NONE', #10285, #12187, #208 ) ;
#7640 = CIRCLE ( 'NONE', #334, 32.79999999999999005 ) ;
#7641 = ORIENTED_EDGE ( 'NONE', *, *, #9473, .T. ) ;
#7642 = CARTESIAN_POINT ( 'NONE',  ( 6.600000000000989964, -11.86318640331703911, 28.64026550785020220 ) ) ;
#7643 = FACE_OUTER_BOUND ( 'NONE', #1812, .T. ) ;
#7644 = VECTOR ( 'NONE', #6063, 1000.000000000000000 ) ;
#7645 = CARTESIAN_POINT ( 'NONE',  ( -73.59999999999999432, -13.62722310454145891, 5.644580627385050065 ) ) ;
#7646 = EDGE_CURVE ( 'NONE', #4439, #10571, #10460, .T. ) ;
#7647 = FACE_BOUND ( 'NONE', #9902, .T. ) ;
#7648 = DIRECTION ( 'NONE',  ( -1.000000000000000000, 0.000000000000000000, 0.000000000000000000 ) ) ;
#7649 = ORIENTED_EDGE ( 'NONE', *, *, #5583, .F. ) ;
#7650 = AXIS2_PLACEMENT_3D ( 'NONE', #5829, #12812, #6085 ) ;
#7651 = CARTESIAN_POINT ( 'NONE',  ( -14.50000000000000000, -9.540979117872440597E-15, 0.000000000000000000 ) ) ;
#7652 = LINE ( 'NONE', #2616, #1699 ) ;
#7653 = VECTOR ( 'NONE', #10544, 1000.000000000000000 ) ;
#7654 = ORIENTED_EDGE ( 'NONE', *, *, #6713, .F. ) ;
#7655 = AXIS2_PLACEMENT_3D ( 'NONE', #9350, #5182, #7200 ) ;
#7656 = EDGE_CURVE ( 'NONE', #4075, #3235, #3752, .T. ) ;
#7657 = CARTESIAN_POINT ( 'NONE',  ( -59.50000000000000000, -28.64026550785165171, -11.86318640331909968 ) ) ;
#7658 = DIRECTION ( 'NONE',  ( -1.000000000000000000, 6.705557021117060106E-18, 5.440889002481110112E-18 ) ) ;
#7659 = DIRECTION ( 'NONE',  ( 1.000000000000000000, -6.322502648911709143E-17, 9.462293898829198836E-17 ) ) ;
#7660 = VERTEX_POINT ( 'NONE', #7679 ) ;
#7661 = DIRECTION ( 'NONE',  ( 1.000000000000000000, 0.000000000000000000, 0.000000000000000000 ) ) ;
#7662 = CIRCLE ( 'NONE', #9364, 1.750000000000001110 ) ;
#7663 = DIRECTION ( 'NONE',  ( 8.632079425447158328E-18, 0.7933533402912379406, 0.6087614290087168811 ) ) ;
#7664 = DIRECTION ( 'NONE',  ( 1.000000000000000000, -1.579784224483829262E-16, 1.579784224483928116E-16 ) ) ;
#7665 = DIRECTION ( 'NONE',  ( 1.000000000000000000, 0.000000000000000000, 0.000000000000000000 ) ) ;
#7666 = CIRCLE ( 'NONE', #7051, 1.599999999999999423 ) ;
#7667 = ADVANCED_FACE ( 'NONE', ( #7612 ), #739, .F. ) ;
#7668 = DIRECTION ( 'NONE',  ( 0.000000000000000000, 1.000000000000000000, 9.714451465470124777E-14 ) ) ;
#7669 = ORIENTED_EDGE ( 'NONE', *, *, #6295, .F. ) ;
#7670 = DIRECTION ( 'NONE',  ( -4.112988807310475227E-18, -0.9238795325112872936, 0.3826834323650886160 ) ) ;
#7671 = LINE ( 'NONE', #10688, #7341 ) ;
#7672 = AXIS2_PLACEMENT_3D ( 'NONE', #5417, #8407, #5353 ) ;
#7673 = ORIENTED_EDGE ( 'NONE', *, *, #9781, .F. ) ;
#7674 = ADVANCED_FACE ( 'NONE', ( #810 ), #11383, .F. ) ;
#7675 = LINE ( 'NONE', #11676, #5347 ) ;
#7676 = CARTESIAN_POINT ( 'NONE',  ( -2.651075773784429934, -28.64026550785020220, 11.86318640331699825 ) ) ;
#7677 = DIRECTION ( 'NONE',  ( 0.000000000000000000, 1.000000000000000000, 9.714451465470228276E-14 ) ) ;
#7678 = LINE ( 'NONE', #2773, #3591 ) ;
#7679 = CARTESIAN_POINT ( 'NONE',  ( -72.59999999999999432, -4.500000000001572964, -1.750312439615549994E-12 ) ) ;
#7680 = ORIENTED_EDGE ( 'NONE', *, *, #11474, .T. ) ;
#7681 = AXIS2_PLACEMENT_3D ( 'NONE', #4757, #7813, #6845 ) ;
#7682 = CARTESIAN_POINT ( 'NONE',  ( 17.60000000000000142, -1.382778918787710098E-12, 30.99999999999824851 ) ) ;
#7683 = ORIENTED_EDGE ( 'NONE', *, *, #9258, .F. ) ;
#7684 = DIRECTION ( 'NONE',  ( 1.000000000000000000, 0.000000000000000000, 0.000000000000000000 ) ) ;
#7685 = ORIENTED_EDGE ( 'NONE', *, *, #2315, .F. ) ;
#7686 = FACE_OUTER_BOUND ( 'NONE', #7311, .T. ) ;
#7687 = ORIENTED_EDGE ( 'NONE', *, *, #8810, .F. ) ;
#7688 = AXIS2_PLACEMENT_3D ( 'NONE', #3431, #6202, #5350 ) ;
#7689 = AXIS2_PLACEMENT_3D ( 'NONE', #1833, #8960, #12950 ) ;
#7690 = DIRECTION ( 'NONE',  ( 0.000000000000000000, 0.9238795325112875156, -0.3826834323650881720 ) ) ;
#7691 = ORIENTED_EDGE ( 'NONE', *, *, #8645, .F. ) ;
#7692 = ORIENTED_EDGE ( 'NONE', *, *, #819, .F. ) ;
#7693 = CARTESIAN_POINT ( 'NONE',  ( -73.59999999999999432, -15.83843479061540194, 14.67843599922770004 ) ) ;
#7695 = EDGE_CURVE ( 'NONE', #6165, #4639, #5455, .T. ) ;
#7694 = ORIENTED_EDGE ( 'NONE', *, *, #5069, .F. ) ;
#7696 = CYLINDRICAL_SURFACE ( 'NONE', #4419, 1.000000000000000666 ) ;
#7697 = CARTESIAN_POINT ( 'NONE',  ( -78.79999999999999716, -15.70478550837409948, -12.43672835338790073 ) ) ;
#7698 = VERTEX_POINT ( 'NONE', #1722 ) ;
#7699 = EDGE_CURVE ( 'NONE', #1390, #4121, #424, .T. ) ;
#7700 = LINE ( 'NONE', #827, #8958 ) ;
#7701 = CARTESIAN_POINT ( 'NONE',  ( -78.79999999999999716, -15.70478550837409948, -12.43672835338790073 ) ) ;
#7702 = DIRECTION ( 'NONE',  ( 1.000000000000000000, -1.067925513466054003E-16, 6.551204957150059656E-17 ) ) ;
#7703 = ORIENTED_EDGE ( 'NONE', *, *, #6582, .T. ) ;
#7704 = VECTOR ( 'NONE', #7529, 1000.000000000000000 ) ;
#7705 = EDGE_LOOP ( 'NONE', ( #8189, #1983, #9169, #9079 ) ) ;
#7706 = CARTESIAN_POINT ( 'NONE',  ( -1.899999999999999911, 1.250000000001630029, -31.00000000000000000 ) ) ;
#7707 = DIRECTION ( 'NONE',  ( 0.000000000000000000, 0.8314696123025481223, 0.5555702330195977368 ) ) ;
#7708 = DIRECTION ( 'NONE',  ( -7.592831564818952788E-18, -0.3826834323650881720, -0.9238795325112874046 ) ) ;
#7709 = CARTESIAN_POINT ( 'NONE',  ( -73.29999999999999716, 11.76616776325921876, -18.70480676635960293 ) ) ;
#7710 = DIRECTION ( 'NONE',  ( 1.000000000000000000, 0.000000000000000000, 0.000000000000000000 ) ) ;
#7711 = ORIENTED_EDGE ( 'NONE', *, *, #3528, .T. ) ;
#7712 = DIRECTION ( 'NONE',  ( 7.592831564818957410E-18, 0.3826834323650886160, 0.9238795325112872936 ) ) ;
#7713 = DIRECTION ( 'NONE',  ( 1.000000000000000000, -6.705557021117060106E-18, -5.440889002481110112E-18 ) ) ;
#7714 = EDGE_LOOP ( 'NONE', ( #9951, #12659, #77, #5234 ) ) ;
#7715 = EDGE_CURVE ( 'NONE', #1668, #602, #9579, .T. ) ;
#7716 = FACE_OUTER_BOUND ( 'NONE', #7620, .T. ) ;
#7717 = EDGE_CURVE ( 'NONE', #1196, #9848, #9699, .T. ) ;
#7718 = DIRECTION ( 'NONE',  ( 0.000000000000000000, -0.9238795325112875156, 0.3826834323650881720 ) ) ;
#7719 = CARTESIAN_POINT ( 'NONE',  ( -73.59999999999999432, -11.12054998285464080, 20.84216562833215036 ) ) ;
#7720 = EDGE_LOOP ( 'NONE', ( #5581, #7187 ) ) ;
#7721 = CARTESIAN_POINT ( 'NONE',  ( -59.50000000000000000, -1.570568965864264971E-12, -1.747458028829555207E-12 ) ) ;
#7722 = CARTESIAN_POINT ( 'NONE',  ( 17.54641016151380128, 28.64026550784845071, 11.86318640331580099 ) ) ;
#7723 = DIRECTION ( 'NONE',  ( 0.000000000000000000, -0.9238795325112874046, 0.3826834323650882275 ) ) ;
#7724 = EDGE_CURVE ( 'NONE', #12828, #12456, #1655, .T. ) ;
#7725 = DIRECTION ( 'NONE',  ( -4.112988807310475227E-18, -0.9238795325112871826, 0.3826834323650885605 ) ) ;
#7726 = ADVANCED_FACE ( 'NONE', ( #12712, #5798 ), #2578, .F. ) ;
#7727 = CARTESIAN_POINT ( 'NONE',  ( -73.59999999999999432, -25.02283716737749941, -7.494672781043190568 ) ) ;
#7728 = ORIENTED_EDGE ( 'NONE', *, *, #3242, .T. ) ;
#7729 = DIRECTION ( 'NONE',  ( 0.000000000000000000, 0.9238795325112874046, -0.3826834323650882275 ) ) ;
#7730 = DIRECTION ( 'NONE',  ( 1.000000000000000000, 0.000000000000000000, 0.000000000000000000 ) ) ;
#7731 = PRODUCT ( 'WHG60\X2\51738282\X0\-\X2\5bf959166a21578b\X0\', 'WHG60\X2\51738282\X0\-\X2\5bf959166a21578b\X0\', '', ( #2985 ) ) ;
#7732 = EDGE_LOOP ( 'NONE', ( #4891, #12140, #852, #8486 ) ) ;
#7733 = ADVANCED_FACE ( 'NONE', ( #11807 ), #4609, .F. ) ;
#7734 = CARTESIAN_POINT ( 'NONE',  ( -73.59999999999999432, -10.39364474075195766, 4.305188614107244405 ) ) ;
#7735 = DIRECTION ( 'NONE',  ( 2.344629897975905493E-19, -0.6087614290087176583, 0.7933533402912376076 ) ) ;
#7736 = DIRECTION ( 'NONE',  ( -1.000000000000000000, 0.000000000000000000, 0.000000000000000000 ) ) ;
#7737 = CARTESIAN_POINT ( 'NONE',  ( 6.600000000000989964, 21.92031021678225144, -21.92031021678365121 ) ) ;
#7738 = AXIS2_PLACEMENT_3D ( 'NONE', #604, #10551, #6503 ) ;
#7739 = DIRECTION ( 'NONE',  ( 0.000000000000000000, -0.9238795325112789669, 0.3826834323651084890 ) ) ;
#7740 = ORIENTED_EDGE ( 'NONE', *, *, #7892, .T. ) ;
#7741 = CIRCLE ( 'NONE', #9210, 1.749999999999998002 ) ;
#7742 = EDGE_CURVE ( 'NONE', #1378, #11502, #10035, .T. ) ;
#7743 = LINE ( 'NONE', #10638, #1414 ) ;
#7744 = VERTEX_POINT ( 'NONE', #10700 ) ;
#7745 = AXIS2_PLACEMENT_3D ( 'NONE', #10189, #6995, #5040 ) ;
#7746 = CARTESIAN_POINT ( 'NONE',  ( -73.59999999999999432, -15.47498216956404882, 6.409947492115229295 ) ) ;
#7747 = EDGE_CURVE ( 'NONE', #12067, #10901, #12646, .T. ) ;
#7748 = ORIENTED_EDGE ( 'NONE', *, *, #4400, .T. ) ;
#7749 = DIRECTION ( 'NONE',  ( 0.000000000000000000, -0.8314696123025475671, -0.5555702330195985139 ) ) ;
#7750 = ORIENTED_EDGE ( 'NONE', *, *, #2264, .T. ) ;
#7751 = CIRCLE ( 'NONE', #12765, 26.99999999999999645 ) ;
#7752 = AXIS2_PLACEMENT_3D ( 'NONE', #9499, #11673, #6696 ) ;
#7753 = CARTESIAN_POINT ( 'NONE',  ( -78.79999999999999716, -17.43482661687859903, 5.598153341895939938 ) ) ;
#7754 = TOROIDAL_SURFACE ( 'NONE', #5679, 34.39999999999999858, 0.5000000000000000000 ) ;
#7755 = ORIENTED_EDGE ( 'NONE', *, *, #6439, .F. ) ;
#7756 = ORIENTED_EDGE ( 'NONE', *, *, #1859, .F. ) ;
#7757 = DIRECTION ( 'NONE',  ( 1.000000000000000000, -6.705557021117060106E-18, -5.440889002481110112E-18 ) ) ;
#7758 = ORIENTED_EDGE ( 'NONE', *, *, #7715, .F. ) ;
#7759 = CYLINDRICAL_SURFACE ( 'NONE', #5058, 0.9999999999999998890 ) ;
#7760 = CARTESIAN_POINT ( 'NONE',  ( -78.79999999999999716, -12.47917280744620072, 8.416219224918918940 ) ) ;
#7761 = VERTEX_POINT ( 'NONE', #11748 ) ;
#7762 = CARTESIAN_POINT ( 'NONE',  ( 17.60000000000000142, 11.86318640331584007, -28.64026550785180092 ) ) ;
#7763 = AXIS2_PLACEMENT_3D ( 'NONE', #258, #8230, #8165 ) ;
#7764 = FACE_OUTER_BOUND ( 'NONE', #676, .T. ) ;
#7765 = VECTOR ( 'NONE', #9039, 1000.000000000000227 ) ;
#7766 = AXIS2_PLACEMENT_3D ( 'NONE', #10828, #9112, #2901 ) ;
#7767 = ADVANCED_FACE ( 'NONE', ( #2774 ), #6769, .F. ) ;
#7768 = CARTESIAN_POINT ( 'NONE',  ( 14.09999999999999964, -21.92031021678490177, -21.92031021678440084 ) ) ;
#7769 = VERTEX_POINT ( 'NONE', #1060 ) ;
#7770 = EDGE_LOOP ( 'NONE', ( #5299, #2666, #5536, #10287 ) ) ;
#7771 = VERTEX_POINT ( 'NONE', #2112 ) ;
#7772 = FACE_BOUND ( 'NONE', #212, .T. ) ;
#7773 = AXIS2_PLACEMENT_3D ( 'NONE', #293, #7105, #9183 ) ;
#7774 = EDGE_LOOP ( 'NONE', ( #1467, #389 ) ) ;
#7775 = DIRECTION ( 'NONE',  ( 0.000000000000000000, 0.9238795325112914014, -0.3826834323650783465 ) ) ;
#7776 = CIRCLE ( 'NONE', #3182, 44.99999999999523226 ) ;
#7777 = DIRECTION ( 'NONE',  ( 1.000000000000000000, -6.322502648911709143E-17, 9.462293898829198836E-17 ) ) ;
#7778 = CARTESIAN_POINT ( 'NONE',  ( -72.84391516214240880, 1.858705200746699981, -8.887842404795620155 ) ) ;
#7779 = DIRECTION ( 'NONE',  ( 0.000000000000000000, 0.8314696123025475671, 0.5555702330195986249 ) ) ;
#7780 = EDGE_LOOP ( 'NONE', ( #520, #12307 ) ) ;
#7781 = CARTESIAN_POINT ( 'NONE',  ( -73.59999999999999432, -15.92332369873200193, 0.1013034323173323953 ) ) ;
#7782 = AXIS2_PLACEMENT_3D ( 'NONE', #4674, #11803, #1918 ) ;
#7783 = EDGE_CURVE ( 'NONE', #3342, #3767, #1879, .T. ) ;
#7784 = CARTESIAN_POINT ( 'NONE',  ( -11.90000000000000391, 36.80607966083874771, 19.65000000000000213 ) ) ;
#7785 = ORIENTED_EDGE ( 'NONE', *, *, #11427, .T. ) ;
#7786 = CARTESIAN_POINT ( 'NONE',  ( -78.79999999999999716, -11.87795118472319977, -3.197933028275049772 ) ) ;
#7787 = DIRECTION ( 'NONE',  ( 1.000000000000000000, 0.000000000000000000, 0.000000000000000000 ) ) ;
#7788 = CARTESIAN_POINT ( 'NONE',  ( -78.79999999999999716, -20.06718335794510111, -4.676606898020219560 ) ) ;
#7789 = ORIENTED_EDGE ( 'NONE', *, *, #10628, .F. ) ;
#7790 = DIRECTION ( 'NONE',  ( 0.000000000000000000, 1.000000000000000000, 9.714451465470232062E-14 ) ) ;
#7791 = CARTESIAN_POINT ( 'NONE',  ( -72.84391516214240880, -17.98165529125084916, -8.787637508831890543 ) ) ;
#7792 = DIRECTION ( 'NONE',  ( 0.000000000000000000, -0.8314696123025484553, -0.5555702330195974037 ) ) ;
#7793 = CARTESIAN_POINT ( 'NONE',  ( -53.90000000000001990, -44.89999999999999147, -1.556588818106305464E-13 ) ) ;
#7794 = EDGE_CURVE ( 'NONE', #4688, #8169, #8777, .T. ) ;
#7795 = DIRECTION ( 'NONE',  ( 0.000000000000000000, 1.000000000000000000, 9.714451465470110893E-14 ) ) ;
#7796 = ORIENTED_EDGE ( 'NONE', *, *, #9777, .T. ) ;
#7797 = ADVANCED_FACE ( 'NONE', ( #8920 ), #8068, .F. ) ;
#7798 = DIRECTION ( 'NONE',  ( 1.000000000000000000, -1.001543065824825730E-16, 1.734723475977026989E-16 ) ) ;
#7799 = CARTESIAN_POINT ( 'NONE',  ( -73.59999999999999432, -12.39428389932959895, 22.99335179182930133 ) ) ;
#7800 = ORIENTED_EDGE ( 'NONE', *, *, #9464, .F. ) ;
#7801 = EDGE_CURVE ( 'NONE', #110, #9128, #10665, .T. ) ;
#7802 = DIRECTION ( 'NONE',  ( 7.592831564818952788E-18, 0.3826834323650881720, 0.9238795325112874046 ) ) ;
#7803 = EDGE_LOOP ( 'NONE', ( #4880, #11122, #11377, #1649 ) ) ;
#7804 = DIRECTION ( 'NONE',  ( -1.000000000000000000, 0.000000000000000000, 0.000000000000000000 ) ) ;
#7805 = CARTESIAN_POINT ( 'NONE',  ( -72.84391516214240880, 20.28539036221729930, -12.54205958187879943 ) ) ;
#7806 = DIRECTION ( 'NONE',  ( 0.000000000000000000, 0.8314696123025488994, 0.5555702330195969596 ) ) ;
#7807 = LINE ( 'NONE', #9900, #1277 ) ;
#7808 = DIRECTION ( 'NONE',  ( -1.000000000000000000, 0.000000000000000000, 0.000000000000000000 ) ) ;
#7809 = EDGE_LOOP ( 'NONE', ( #10307, #2353 ) ) ;
#7810 = LINE ( 'NONE', #11938, #4484 ) ;
#7811 = DIRECTION ( 'NONE',  ( 7.592831564818957410E-18, 0.3826834323650886160, 0.9238795325112872936 ) ) ;
#7812 = ORIENTED_EDGE ( 'NONE', *, *, #4940, .T. ) ;
#7813 = DIRECTION ( 'NONE',  ( 1.000000000000000000, -6.322502648911709143E-17, 9.462293898829198836E-17 ) ) ;
#7814 = ORIENTED_EDGE ( 'NONE', *, *, #7747, .F. ) ;
#7815 = CARTESIAN_POINT ( 'NONE',  ( -65.00000000000000000, -41.48219100975701679, 17.18248611319202723 ) ) ;
#7816 = VERTEX_POINT ( 'NONE', #9973 ) ;
#7817 = ORIENTED_EDGE ( 'NONE', *, *, #12332, .F. ) ;
#7818 = DIRECTION ( 'NONE',  ( -1.000000000000000000, 0.000000000000000000, -1.074775770116589937E-17 ) ) ;
#7819 = ORIENTED_EDGE ( 'NONE', *, *, #5069, .T. ) ;
#7820 = DIRECTION ( 'NONE',  ( -1.000000000000000000, 2.003086131649719993E-16, -1.156482317318063517E-16 ) ) ;
#7821 = VERTEX_POINT ( 'NONE', #12001 ) ;
#7822 = AXIS2_PLACEMENT_3D ( 'NONE', #4209, #4269, #413 ) ;
#7823 = CARTESIAN_POINT ( 'NONE',  ( -73.59999999999999432, -8.433800293437398565, 5.116982764326550637 ) ) ;
#7824 = ADVANCED_FACE ( 'NONE', ( #12841, #3100, #157, #7094, #11094, #4887, #2971, #7934, #876, #9116, #1923, #5923, #11935, #6119, #7035, #11162, #2176, #10097 ), #11877, .F. ) ;
#7825 = CARTESIAN_POINT ( 'NONE',  ( -73.59999999999999432, -10.54652483430702148, 22.22798492709910079 ) ) ;
#7826 = LINE ( 'NONE', #12733, #3707 ) ;
#7827 = ORIENTED_EDGE ( 'NONE', *, *, #5824, .T. ) ;
#7828 = ORIENTED_EDGE ( 'NONE', *, *, #6743, .T. ) ;
#7829 = VERTEX_POINT ( 'NONE', #1002 ) ;
#7830 = CARTESIAN_POINT ( 'NONE',  ( -73.29999999999999716, 20.28539036221729930, -12.54205958187879943 ) ) ;
#7831 = VECTOR ( 'NONE', #7953, 1000.000000000000000 ) ;
#7832 = ORIENTED_EDGE ( 'NONE', *, *, #2570, .F. ) ;
#7833 = FACE_OUTER_BOUND ( 'NONE', #8010, .T. ) ;
#7834 = AXIS2_PLACEMENT_3D ( 'NONE', #5559, #9543, #9472 ) ;
#7835 = CARTESIAN_POINT ( 'NONE',  ( -56.21032168798580386, -19.28258568190119959, 6.363520206626110287 ) ) ;
#7836 = ADVANCED_FACE ( 'NONE', ( #5013 ), #10963, .F. ) ;
#7837 = CYLINDRICAL_SURFACE ( 'NONE', #2780, 1.850000000000000311 ) ;
#7838 = VECTOR ( 'NONE', #2286, 1000.000000000000000 ) ;
#7839 = CIRCLE ( 'NONE', #11205, 44.90000000000002700 ) ;
#7840 = AXIS2_PLACEMENT_3D ( 'NONE', #8043, #11077, #12049 ) ;
#7841 = CARTESIAN_POINT ( 'NONE',  ( 6.599999999999999645, 29.89026550784889835, 11.86318640332019925 ) ) ;
#7842 = ORIENTED_EDGE ( 'NONE', *, *, #8962, .F. ) ;
#7843 = DIRECTION ( 'NONE',  ( -7.592831564818951247E-18, -0.3826834323650886160, -0.9238795325112872936 ) ) ;
#7844 = VECTOR ( 'NONE', #1055, 1000.000000000000000 ) ;
#7845 = LINE ( 'NONE', #1035, #2751 ) ;
#7846 = ORIENTED_EDGE ( 'NONE', *, *, #11427, .F. ) ;
#7847 = DIRECTION ( 'NONE',  ( 0.000000000000000000, -0.3826834323650881720, -0.9238795325112874046 ) ) ;
#7848 = CARTESIAN_POINT ( 'NONE',  ( -53.90000000000000568, 1.178794144558927924E-14, -7.053993103618990419E-15 ) ) ;
#7849 = VECTOR ( 'NONE', #11392, 1000.000000000000227 ) ;
#7850 = VECTOR ( 'NONE', #11119, 1000.000000000000114 ) ;
#7851 = CIRCLE ( 'NONE', #120, 1.249999999999987121 ) ;
#7852 = EDGE_LOOP ( 'NONE', ( #2825, #833 ) ) ;
#7853 = ORIENTED_EDGE ( 'NONE', *, *, #7954, .F. ) ;
#7854 = CIRCLE ( 'NONE', #2220, 1.000000000000000000 ) ;
#7855 = CARTESIAN_POINT ( 'NONE',  ( 13.40000000000100044, 32.33578363789476384, -13.39392013277881688 ) ) ;
#7856 = DIRECTION ( 'NONE',  ( -8.358097092242368619E-18, -0.9099612708765449920, -0.4146932426562355278 ) ) ;
#7857 = VECTOR ( 'NONE', #11342, 1000.000000000000000 ) ;
#7858 = EDGE_CURVE ( 'NONE', #1542, #8855, #2050, .T. ) ;
#7859 = DIRECTION ( 'NONE',  ( -1.000000000000000000, -5.233384254326049844E-18, 0.000000000000000000 ) ) ;
#7860 = CARTESIAN_POINT ( 'NONE',  ( -73.29999999999999716, 19.49400050450595145, -11.51070023950019916 ) ) ;
#7861 = EDGE_LOOP ( 'NONE', ( #3379, #2177, #1945, #6910 ) ) ;
#7862 = EDGE_CURVE ( 'NONE', #8602, #11070, #10031, .T. ) ;
#7863 = AXIS2_PLACEMENT_3D ( 'NONE', #12240, #459, #6424 ) ;
#7864 = AXIS2_PLACEMENT_3D ( 'NONE', #4565, #3440, #11504 ) ;
#7865 = CYLINDRICAL_SURFACE ( 'NONE', #7942, 0.3000000000000009326 ) ;
#7866 = CARTESIAN_POINT ( 'NONE',  ( 6.599999999999999645, 11.86318640331944074, -28.64026550784920033 ) ) ;
#7867 = ORIENTED_EDGE ( 'NONE', *, *, #7999, .F. ) ;
#7868 = VERTEX_POINT ( 'NONE', #3889 ) ;
#7869 = CARTESIAN_POINT ( 'NONE',  ( -1.899999999999999911, -21.92031021678205249, -21.92031021678390346 ) ) ;
#7870 = FACE_OUTER_BOUND ( 'NONE', #2051, .T. ) ;
#7871 = CARTESIAN_POINT ( 'NONE',  ( 17.54641016151380128, 23.45852899954100224, -20.89250528569855092 ) ) ;
#7872 = DIRECTION ( 'NONE',  ( 1.000000000000000000, 0.000000000000000000, 0.000000000000000000 ) ) ;
#7873 = CARTESIAN_POINT ( 'NONE',  ( -73.59999999999999432, -6.711724847794509508, 9.274440660627339739 ) ) ;
#7874 = CYLINDRICAL_SURFACE ( 'NONE', #9302, 1.600000000000000089 ) ;
#7875 = EDGE_LOOP ( 'NONE', ( #1340, #12921, #5460, #6068 ) ) ;
#7876 = FACE_OUTER_BOUND ( 'NONE', #291, .T. ) ;
#7877 = CIRCLE ( 'NONE', #3283, 45.00000000000000000 ) ;
#7878 = CARTESIAN_POINT ( 'NONE',  ( 17.10000000000000142, -22.44967953217037859, -15.00039629153088327 ) ) ;
#7879 = VERTEX_POINT ( 'NONE', #8131 ) ;
#7880 = FACE_BOUND ( 'NONE', #12619, .T. ) ;
#7881 = EDGE_LOOP ( 'NONE', ( #1304, #8431 ) ) ;
#7882 = ADVANCED_FACE ( 'NONE', ( #8979 ), #7874, .F. ) ;
#7883 = CARTESIAN_POINT ( 'NONE',  ( -78.79999999999999716, -18.34510791230219695, -0.5191490017194220208 ) ) ;
#7884 = EDGE_LOOP ( 'NONE', ( #10649, #10000, #11305, #6864 ) ) ;
#7885 = VERTEX_POINT ( 'NONE', #21 ) ;
#7886 = DIRECTION ( 'NONE',  ( -1.000000000000000000, -2.638697247430395030E-33, -6.370378681743239884E-33 ) ) ;
#7887 = ORIENTED_EDGE ( 'NONE', *, *, #4518, .F. ) ;
#7888 = CONICAL_SURFACE ( 'NONE', #2670, 1.849999999999998979, 1.308996938995742765 ) ;
#7889 = FACE_OUTER_BOUND ( 'NONE', #6780, .T. ) ;
#7890 = LINE ( 'NONE', #5936, #3910 ) ;
#7891 = ORIENTED_EDGE ( 'NONE', *, *, #900, .T. ) ;
#7892 = EDGE_CURVE ( 'NONE', #3203, #3378, #1355, .T. ) ;
#7893 = CARTESIAN_POINT ( 'NONE',  ( 17.54641016151380128, -20.38209143402514556, -20.89250528569815302 ) ) ;
#7894 = ADVANCED_FACE ( 'NONE', ( #4267 ), #10356, .F. ) ;
#7895 = DIRECTION ( 'NONE',  ( 1.000000000000000000, 0.000000000000000000, 0.000000000000000000 ) ) ;
#7896 = ADVANCED_FACE ( 'NONE', ( #3418 ), #477, .F. ) ;
#7897 = AXIS2_PLACEMENT_3D ( 'NONE', #2107, #4262, #9109 ) ;
#7898 = CARTESIAN_POINT ( 'NONE',  ( -73.59999999999999432, -15.47498216956404882, 6.409947492115229295 ) ) ;
#7899 = ORIENTED_EDGE ( 'NONE', *, *, #11452, .T. ) ;
#7900 = EDGE_LOOP ( 'NONE', ( #2182, #2136, #7396, #4980 ) ) ;
#7901 = ORIENTED_EDGE ( 'NONE', *, *, #7512, .F. ) ;
#7902 = LINE ( 'NONE', #8812, #5773 ) ;
#7903 = EDGE_CURVE ( 'NONE', #7239, #9989, #1444, .T. ) ;
#7904 = ORIENTED_EDGE ( 'NONE', *, *, #7191, .T. ) ;
#7905 = CARTESIAN_POINT ( 'NONE',  ( 6.599999999999999645, -11.86318640331639962, -28.64026550785050418 ) ) ;
#7906 = AXIS2_PLACEMENT_3D ( 'NONE', #4422, #11437, #2190 ) ;
#7907 = CARTESIAN_POINT ( 'NONE',  ( -73.59999999999999432, 12.30526897871231995, -19.88775641849909803 ) ) ;
#7908 = CARTESIAN_POINT ( 'NONE',  ( -11.90000000000000568, 21.25000000000000000, 36.80607966083854876 ) ) ;
#7909 = CARTESIAN_POINT ( 'NONE',  ( -72.84391516214240880, 5.302856092032490309, -0.5729266121940350676 ) ) ;
#7910 = ORIENTED_EDGE ( 'NONE', *, *, #2944, .T. ) ;
#7911 = CARTESIAN_POINT ( 'NONE',  ( -1.899999999999999911, 11.86318640331520058, 28.64026550785100156 ) ) ;
#7912 = EDGE_CURVE ( 'NONE', #6238, #6104, #4205, .T. ) ;
#7913 = CARTESIAN_POINT ( 'NONE',  ( -73.59999999999999432, -15.47498216956404882, 6.409947492115229295 ) ) ;
#7914 = AXIS2_PLACEMENT_3D ( 'NONE', #11509, #1538, #5550 ) ;
#7915 = VERTEX_POINT ( 'NONE', #6374 ) ;
#7916 = DIRECTION ( 'NONE',  ( 1.000000000000000000, 0.000000000000000000, 0.000000000000000000 ) ) ;
#7917 = LINE ( 'NONE', #11915, #5341 ) ;
#7918 = ORIENTED_EDGE ( 'NONE', *, *, #1692, .T. ) ;
#7919 = DIRECTION ( 'NONE',  ( 1.000000000000000000, -6.705557021117060106E-18, -5.440889002481110112E-18 ) ) ;
#7920 = CARTESIAN_POINT ( 'NONE',  ( -78.79999999999999716, -15.92332369873200193, 0.1013034323173326035 ) ) ;
#7921 = DIRECTION ( 'NONE',  ( 7.592831564818957410E-18, 0.3826834323650886160, 0.9238795325112872936 ) ) ;
#7922 = DIRECTION ( 'NONE',  ( 1.000000000000000000, 0.000000000000000000, 0.000000000000000000 ) ) ;
#7923 = ORIENTED_EDGE ( 'NONE', *, *, #12191, .F. ) ;
#7924 = DIRECTION ( 'NONE',  ( -1.000000000000000000, 4.451867004922774877E-18, 0.000000000000000000 ) ) ;
#7925 = CARTESIAN_POINT ( 'NONE',  ( -11.50000000000000533, -38.97114317029482322, 22.49999999999896616 ) ) ;
#7926 = EDGE_CURVE ( 'NONE', #12410, #12828, #1195, .T. ) ;
#7927 = VERTEX_POINT ( 'NONE', #1384 ) ;
#7928 = ADVANCED_FACE ( 'NONE', ( #9304 ), #8448, .T. ) ;
#7929 = EDGE_LOOP ( 'NONE', ( #2948, #2516, #8247, #3444 ) ) ;
#7930 = DIRECTION ( 'NONE',  ( -6.705557021117060106E-18, -1.000000000000000000, 0.000000000000000000 ) ) ;
#7931 = CARTESIAN_POINT ( 'NONE',  ( -72.84391516214240880, -24.09895763486624531, -7.877356213408289953 ) ) ;
#7932 = FACE_BOUND ( 'NONE', #8656, .T. ) ;
#7933 = CARTESIAN_POINT ( 'NONE',  ( 5.599999999999999645, 4.448209695987385233E-13, 42.50000000000000000 ) ) ;
#7934 = FACE_BOUND ( 'NONE', #182, .T. ) ;
#7935 = ORIENTED_EDGE ( 'NONE', *, *, #8436, .T. ) ;
#7936 = CARTESIAN_POINT ( 'NONE',  ( -73.59999999999999432, -14.11635934497249956, 18.83589389552849980 ) ) ;
#7937 = DIRECTION ( 'NONE',  ( 0.000000000000000000, -0.9238795325112789669, 0.3826834323651084890 ) ) ;
#7938 = ADVANCED_FACE ( 'NONE', ( #4471 ), #4715, .F. ) ;
#7939 = DIRECTION ( 'NONE',  ( 1.000000000000000000, -6.322502648911709143E-17, 9.462293898829198836E-17 ) ) ;
#7940 = ORIENTED_EDGE ( 'NONE', *, *, #9419, .T. ) ;
#7941 = DIRECTION ( 'NONE',  ( 0.000000000000000000, 0.9238795325112787449, -0.3826834323651089331 ) ) ;
#7942 = AXIS2_PLACEMENT_3D ( 'NONE', #1908, #12702, #12830 ) ;
#7943 = EDGE_LOOP ( 'NONE', ( #685, #3782, #12602, #9389 ) ) ;
#7944 = CARTESIAN_POINT ( 'NONE',  ( -78.79999999999999716, -15.71275117123570020, 9.755611238196729929 ) ) ;
#7945 = VECTOR ( 'NONE', #2536, 1000.000000000000000 ) ;
#7946 = VERTEX_POINT ( 'NONE', #11482 ) ;
#7947 = DIRECTION ( 'NONE',  ( 1.000000000000000000, -6.322502648911709143E-17, 9.462293898829198836E-17 ) ) ;
#7948 = APPLICATION_PROTOCOL_DEFINITION ( 'draft international standard', 'automotive_design', 1998, #10715 ) ;
#7949 = AXIS2_PLACEMENT_3D ( 'NONE', #1028, #10993, #11724 ) ;
#7950 = ORIENTED_EDGE ( 'NONE', *, *, #6450, .T. ) ;
#7951 = EDGE_CURVE ( 'NONE', #8346, #1067, #9932, .T. ) ;
#7952 = CARTESIAN_POINT ( 'NONE',  ( 17.54641016151380128, -1.538218782761704873, -32.02780493108799931 ) ) ;
#7953 = DIRECTION ( 'NONE',  ( 0.2588190451025481065, -0.8031379722975841018, -0.5366396363910610479 ) ) ;
#7954 = EDGE_CURVE ( 'NONE', #4255, #9462, #3486, .T. ) ;
#7955 = CIRCLE ( 'NONE', #2738, 1.850000000000001421 ) ;
#7956 = AXIS2_PLACEMENT_3D ( 'NONE', #223, #11297, #7415 ) ;
#7957 = PLANE ( 'NONE',  #9764 ) ;
#7958 = ORIENTED_EDGE ( 'NONE', *, *, #5478, .T. ) ;
#7959 = ORIENTED_EDGE ( 'NONE', *, *, #12404, .F. ) ;
#7960 = AXIS2_PLACEMENT_3D ( 'NONE', #1999, #8080, #9987 ) ;
#7961 = EDGE_CURVE ( 'NONE', #5705, #2493, #10568, .T. ) ;
#7962 = VERTEX_POINT ( 'NONE', #12386 ) ;
#7963 = DIRECTION ( 'NONE',  ( 0.000000000000000000, -0.9238795325112868495, 0.3826834323650898928 ) ) ;
#7964 = EDGE_CURVE ( 'NONE', #6336, #4773, #3253, .T. ) ;
#7965 = ORIENTED_EDGE ( 'NONE', *, *, #9325, .F. ) ;
#7966 = DIRECTION ( 'NONE',  ( 0.000000000000000000, 0.000000000000000000, -1.000000000000000000 ) ) ;
#7967 = AXIS2_PLACEMENT_3D ( 'NONE', #5433, #8790, #11752 ) ;
#7968 = PLANE ( 'NONE',  #12507 ) ;
#7969 = AXIS2_PLACEMENT_3D ( 'NONE', #10737, #4987, #11715 ) ;
#7970 = DIRECTION ( 'NONE',  ( 0.000000000000000000, -0.9238795325112874046, 0.3826834323650882275 ) ) ;
#7971 = AXIS2_PLACEMENT_3D ( 'NONE', #486, #5285, #5413 ) ;
#7972 = CARTESIAN_POINT ( 'NONE',  ( -73.59999999999999432, -5.927127171750590229, 20.31456776527364738 ) ) ;
#7973 = ORIENTED_EDGE ( 'NONE', *, *, #10851, .T. ) ;
#7974 = DIRECTION ( 'NONE',  ( 0.000000000000000000, -0.9238795325112872936, 0.3826834323650886160 ) ) ;
#7975 = EDGE_CURVE ( 'NONE', #951, #61, #2247, .T. ) ;
#7976 = LINE ( 'NONE', #7913, #5698 ) ;
#7977 = VERTEX_POINT ( 'NONE', #1317 ) ;
#7978 = AXIS2_PLACEMENT_3D ( 'NONE', #2255, #1013, #610 ) ;
#7979 = FACE_OUTER_BOUND ( 'NONE', #7081, .T. ) ;
#7980 = AXIS2_PLACEMENT_3D ( 'NONE', #11782, #5768, #6943 ) ;
#7981 = FACE_OUTER_BOUND ( 'NONE', #4423, .T. ) ;
#7982 = AXIS2_PLACEMENT_3D ( 'NONE', #4666, #599, #4470 ) ;
#7983 = ORIENTED_EDGE ( 'NONE', *, *, #1750, .T. ) ;
#7984 = DIRECTION ( 'NONE',  ( 1.000000000000000000, 0.000000000000000000, 0.000000000000000000 ) ) ;
#7985 = CARTESIAN_POINT ( 'NONE',  ( -72.84391516214240880, 10.46908242896119923, 11.89944707670833957 ) ) ;
#7986 = ORIENTED_EDGE ( 'NONE', *, *, #5308, .T. ) ;
#7987 = CARTESIAN_POINT ( 'NONE',  ( 6.599999999999999645, -1.616789181893909966, 31.66969600663895079 ) ) ;
#7988 = AXIS2_PLACEMENT_3D ( 'NONE', #7931, #2108, #998 ) ;
#7989 = FACE_OUTER_BOUND ( 'NONE', #5078, .T. ) ;
#7990 = EDGE_LOOP ( 'NONE', ( #4568, #4761, #4808, #6962 ) ) ;
#7991 = LINE ( 'NONE', #8, #3982 ) ;
#7992 = EDGE_CURVE ( 'NONE', #663, #12296, #8252, .T. ) ;
#7993 = AXIS2_PLACEMENT_3D ( 'NONE', #3850, #3981, #10996 ) ;
#7994 = CARTESIAN_POINT ( 'NONE',  ( 14.10000000000099973, -13.39392013277882043, -32.33578363789474963 ) ) ;
#7995 = ORIENTED_EDGE ( 'NONE', *, *, #11764, .T. ) ;
#7996 = VECTOR ( 'NONE', #8442, 1000.000000000000000 ) ;
#7997 = ORIENTED_EDGE ( 'NONE', *, *, #12864, .T. ) ;
#7998 = CARTESIAN_POINT ( 'NONE',  ( -56.21032168798580386, -22.72673657318700080, -1.951395585975469915 ) ) ;
#7999 = EDGE_CURVE ( 'NONE', #11502, #1378, #1151, .T. ) ;
#8000 = DIRECTION ( 'NONE',  ( 0.000000000000000000, -0.8314696123025481223, -0.5555702330195979588 ) ) ;
#8001 = DIRECTION ( 'NONE',  ( 1.000000000000000000, -6.322502648911709143E-17, 9.462293898829198836E-17 ) ) ;
#8002 = DIRECTION ( 'NONE',  ( -1.000000000000000000, 6.705557021117060106E-18, 5.440889002481110112E-18 ) ) ;
#8003 = DIRECTION ( 'NONE',  ( -1.000000000000000000, 6.322502648911719004E-17, -9.462293898829198836E-17 ) ) ;
#8004 = ORIENTED_EDGE ( 'NONE', *, *, #11210, .F. ) ;
#8005 = ADVANCED_FACE ( 'NONE', ( #3224 ), #1254, .T. ) ;
#8006 = EDGE_CURVE ( 'NONE', #10115, #12097, #532, .T. ) ;
#8007 = LINE ( 'NONE', #10898, #8867 ) ;
#8008 = FACE_OUTER_BOUND ( 'NONE', #481, .T. ) ;
#8009 = FACE_OUTER_BOUND ( 'NONE', #4535, .T. ) ;
#8010 = EDGE_LOOP ( 'NONE', ( #692, #7785, #12886, #6775 ) ) ;
#8011 = CYLINDRICAL_SURFACE ( 'NONE', #8488, 1.850000000000000311 ) ;
#8012 = LINE ( 'NONE', #3299, #6113 ) ;
#8013 = DIRECTION ( 'NONE',  ( 0.000000000000000000, 0.8314696123025475671, 0.5555702330195986249 ) ) ;
#8014 = ORIENTED_EDGE ( 'NONE', *, *, #5751, .F. ) ;
#8015 = CARTESIAN_POINT ( 'NONE',  ( 17.54641016151380128, 28.64026550784820202, -11.86318640331981911 ) ) ;
#8016 = VERTEX_POINT ( 'NONE', #6315 ) ;
#8017 = PLANE ( 'NONE',  #10425 ) ;
#8018 = DIRECTION ( 'NONE',  ( 1.000000000000000000, -6.322502648911719004E-17, 9.462293898829198836E-17 ) ) ;
#8019 = DIRECTION ( 'NONE',  ( 1.000000000000000000, 0.000000000000000000, 0.000000000000000000 ) ) ;
#8020 = ADVANCED_FACE ( 'NONE', ( #8517 ), #12509, .F. ) ;
#8021 = ORIENTED_EDGE ( 'NONE', *, *, #3399, .F. ) ;
#8022 = ORIENTED_EDGE ( 'NONE', *, *, #9866, .F. ) ;
#8023 = DIRECTION ( 'NONE',  ( 0.000000000000000000, -0.9238795325112872936, 0.3826834323650886160 ) ) ;
#8024 = ORIENTED_EDGE ( 'NONE', *, *, #12200, .F. ) ;
#8025 = LINE ( 'NONE', #4041, #3042 ) ;
#8026 = LINE ( 'NONE', #12029, #11725 ) ;
#8027 = CARTESIAN_POINT ( 'NONE',  ( 13.60000000000000142, 29.01828946935735232, 19.38940113238222551 ) ) ;
#8028 = EDGE_LOOP ( 'NONE', ( #5523, #8333, #6978, #2851 ) ) ;
#8029 = DIRECTION ( 'NONE',  ( 0.000000000000000000, -1.000000000000000000, -9.592326932761361345E-14 ) ) ;
#8030 = LINE ( 'NONE', #383, #3647 ) ;
#8031 = ORIENTED_EDGE ( 'NONE', *, *, #11805, .F. ) ;
#8032 = EDGE_CURVE ( 'NONE', #1353, #12722, #12571, .T. ) ;
#8033 = LINE ( 'NONE', #11072, #3370 ) ;
#8034 = DIRECTION ( 'NONE',  ( -1.000000000000000000, 6.705557021117060106E-18, 5.440889002481110112E-18 ) ) ;
#8035 = ORIENTED_EDGE ( 'NONE', *, *, #11186, .F. ) ;
#8036 = CIRCLE ( 'NONE', #98, 1.000000000000000222 ) ;
#8037 = CIRCLE ( 'NONE', #2402, 1.000000000000000666 ) ;
#8038 = DIRECTION ( 'NONE',  ( -5.782411586589771544E-17, -0.4999999999999888423, -0.8660254037844449249 ) ) ;
#8040 = ADVANCED_FACE ( 'NONE', ( #9623 ), #662, .F. ) ;
#8039 = EDGE_LOOP ( 'NONE', ( #6148, #6958, #3918, #9715 ) ) ;
#8041 = CONICAL_SURFACE ( 'NONE', #1986, 1.249999999999987121, 1.029744258676652313 ) ;
#8042 = VECTOR ( 'NONE', #4663, 1000.000000000000000 ) ;
#8043 = CARTESIAN_POINT ( 'NONE',  ( 17.54641016151380128, 28.64026550784820202, -11.86318640331981911 ) ) ;
#8044 = DIRECTION ( 'NONE',  ( 0.000000000000000000, -0.9238795325112874046, 0.3826834323650882275 ) ) ;
#8045 = DIRECTION ( 'NONE',  ( 2.170249086492573732E-18, -0.4146932426562391361, 0.9099612708765432156 ) ) ;
#8046 = VECTOR ( 'NONE', #10394, 1000.000000000000000 ) ;
#8047 = FACE_OUTER_BOUND ( 'NONE', #3598, .T. ) ;
#8048 = ORIENTED_EDGE ( 'NONE', *, *, #10666, .F. ) ;
#8049 = ADVANCED_FACE ( 'NONE', ( #4667, #8711 ), #3545, .F. ) ;
#8050 = CARTESIAN_POINT ( 'NONE',  ( 6.599999999999999645, 29.75000000000001776, 2.188080418875507838E-12 ) ) ;
#8051 = EDGE_CURVE ( 'NONE', #12734, #10668, #6807, .T. ) ;
#8052 = CARTESIAN_POINT ( 'NONE',  ( -2.651075773784429934, -11.86318640331639962, -28.64026550785050418 ) ) ;
#8053 = ADVANCED_FACE ( 'NONE', ( #11542 ), #2208, .T. ) ;
#8054 = AXIS2_PLACEMENT_3D ( 'NONE', #9009, #5035, #8220 ) ;
#8055 = AXIS2_PLACEMENT_3D ( 'NONE', #12255, #10291, #5519 ) ;
#8056 = FACE_OUTER_BOUND ( 'NONE', #7122, .T. ) ;
#8057 = ORIENTED_EDGE ( 'NONE', *, *, #227, .F. ) ;
#8058 = VECTOR ( 'NONE', #7658, 1000.000000000000000 ) ;
#8059 = AXIS2_PLACEMENT_3D ( 'NONE', #9743, #2548, #5636 ) ;
#8060 = ORIENTED_EDGE ( 'NONE', *, *, #9694, .F. ) ;
#8061 = FACE_BOUND ( 'NONE', #10859, .T. ) ;
#8062 = ADVANCED_FACE ( 'NONE', ( #6501 ), #9566, .F. ) ;
#8063 = CARTESIAN_POINT ( 'NONE',  ( 14.10000000000099973, -1.067722299463723959E-12, -31.00000000000000000 ) ) ;
#8064 = CYLINDRICAL_SURFACE ( 'NONE', #1144, 4.500000000000000000 ) ;
#8065 = CYLINDRICAL_SURFACE ( 'NONE', #5912, 35.00000000000000711 ) ;
#8066 = VECTOR ( 'NONE', #7886, 1000.000000000000000 ) ;
#8067 = CIRCLE ( 'NONE', #4320, 34.80000000000000426 ) ;
#8068 = PLANE ( 'NONE',  #3347 ) ;
#8069 = VERTEX_POINT ( 'NONE', #722 ) ;
#8070 = PLANE ( 'NONE',  #11262 ) ;
#8071 = AXIS2_PLACEMENT_3D ( 'NONE', #7634, #11573, #7575 ) ;
#8072 = DIRECTION ( 'NONE',  ( -1.000000000000000000, 0.000000000000000000, 0.000000000000000000 ) ) ;
#8073 = EDGE_CURVE ( 'NONE', #8763, #12532, #2699, .T. ) ;
#8074 = LINE ( 'NONE', #10968, #8509 ) ;
#8075 = ORIENTED_EDGE ( 'NONE', *, *, #6609, .T. ) ;
#8076 = LINE ( 'NONE', #91, #6624 ) ;
#8077 = DIRECTION ( 'NONE',  ( -1.000000000000000000, 6.705557021117060106E-18, 5.440889002481110112E-18 ) ) ;
#8078 = LINE ( 'NONE', #12329, #12669 ) ;
#8079 = ORIENTED_EDGE ( 'NONE', *, *, #5821, .T. ) ;
#8080 = DIRECTION ( 'NONE',  ( -1.000000000000000000, 0.000000000000000000, 0.000000000000000000 ) ) ;
#8081 = VERTEX_POINT ( 'NONE', #6634 ) ;
#8082 = CARTESIAN_POINT ( 'NONE',  ( 6.599999999999999645, 21.92031021678435110, -21.92031021678160130 ) ) ;
#8083 = LINE ( 'NONE', #9259, #7629 ) ;
#8084 = DIRECTION ( 'NONE',  ( -7.592831564818951247E-18, -0.3826834323650886160, -0.9238795325112872936 ) ) ;
#8085 = VERTEX_POINT ( 'NONE', #10747 ) ;
#8086 = EDGE_LOOP ( 'NONE', ( #8035, #5172, #11653 ) ) ;
#8087 = EDGE_CURVE ( 'NONE', #3091, #11095, #1768, .T. ) ;
#8088 = ORIENTED_EDGE ( 'NONE', *, *, #942, .F. ) ;
#8089 = DIRECTION ( 'NONE',  ( 1.000000000000000000, 0.000000000000000000, 0.000000000000000000 ) ) ;
#8090 = VERTEX_POINT ( 'NONE', #12629 ) ;
#8091 = FACE_OUTER_BOUND ( 'NONE', #2282, .T. ) ;
#8092 = ORIENTED_EDGE ( 'NONE', *, *, #5256, .F. ) ;
#8093 = ADVANCED_FACE ( 'NONE', ( #8579 ), #5783, .F. ) ;
#8094 = CYLINDRICAL_SURFACE ( 'NONE', #7330, 1.850000000000001865 ) ;
#8095 = LINE ( 'NONE', #12030, #183 ) ;
#8096 = EDGE_LOOP ( 'NONE', ( #12279, #7511, #12355, #4686 ) ) ;
#8097 = ORIENTED_EDGE ( 'NONE', *, *, #4211, .T. ) ;
#8098 = DIRECTION ( 'NONE',  ( 1.000000000000000000, 0.000000000000000000, 0.000000000000000000 ) ) ;
#8099 = CARTESIAN_POINT ( 'NONE',  ( 17.54641016151380128, -22.44967953217037859, -15.00039629153088327 ) ) ;
#8100 = VERTEX_POINT ( 'NONE', #3678 ) ;
#8101 = AXIS2_PLACEMENT_3D ( 'NONE', #340, #4333, #8377 ) ;
#8102 = LINE ( 'NONE', #4245, #12359 ) ;
#8103 = CARTESIAN_POINT ( 'NONE',  ( -73.59999999999999432, -18.55568043979849691, -10.17345680759881787 ) ) ;
#8104 = EDGE_LOOP ( 'NONE', ( #1286, #6747, #6529, #1584 ) ) ;
#8105 = CARTESIAN_POINT ( 'NONE',  ( 15.10000000000000142, -1.578535690194725013E-12, -1.742570829931520138E-12 ) ) ;
#8106 = VECTOR ( 'NONE', #8403, 1000.000000000000000 ) ;
#8107 = DIRECTION ( 'NONE',  ( 1.000000000000000000, -2.905650844594909648E-18, -7.014861676541880450E-18 ) ) ;
#8108 = VECTOR ( 'NONE', #12748, 1000.000000000000114 ) ;
#8109 = CARTESIAN_POINT ( 'NONE',  ( -78.79999999999999716, -8.236826003028799192, 21.27127634618639718 ) ) ;
#8110 = LINE ( 'NONE', #10875, #9959 ) ;
#8111 = FACE_BOUND ( 'NONE', #5741, .T. ) ;
#8112 = CARTESIAN_POINT ( 'NONE',  ( 6.599999999999999645, 29.89026550785069958, -11.86318640331566066 ) ) ;
#8113 = ORIENTED_EDGE ( 'NONE', *, *, #3829, .F. ) ;
#8114 = CONICAL_SURFACE ( 'NONE', #11064, 1.249999999999986011, 1.029744258676652313 ) ;
#8115 = CIRCLE ( 'NONE', #5002, 1.249999999999987121 ) ;
#8117 = EDGE_CURVE ( 'NONE', #7523, #12407, #112, .T. ) ;
#8116 = FACE_OUTER_BOUND ( 'NONE', #113, .T. ) ;
#8118 = CARTESIAN_POINT ( 'NONE',  ( 17.54641016151375155, -13.40140518607891984, 27.61246057676195420 ) ) ;
#8119 = EDGE_CURVE ( 'NONE', #7962, #4306, #12762, .T. ) ;
#8120 = ORIENTED_EDGE ( 'NONE', *, *, #7858, .T. ) ;
#8121 = DIRECTION ( 'NONE',  ( 0.000000000000000000, 0.000000000000000000, 1.000000000000000000 ) ) ;
#8122 = EDGE_LOOP ( 'NONE', ( #12606, #8728 ) ) ;
#8123 = EDGE_CURVE ( 'NONE', #5839, #7816, #12445, .T. ) ;
#8124 = ORIENTED_EDGE ( 'NONE', *, *, #8447, .F. ) ;
#8125 = VERTEX_POINT ( 'NONE', #1644 ) ;
#8126 = DIRECTION ( 'NONE',  ( 1.000000000000000000, 0.000000000000000000, 0.000000000000000000 ) ) ;
#8127 = EDGE_CURVE ( 'NONE', #5252, #7821, #3742, .T. ) ;
#8128 = PLANE ( 'NONE',  #7164 ) ;
#8129 = CARTESIAN_POINT ( 'NONE',  ( 17.60000000000000142, 26.93575280262820115, 10.72426742562559987 ) ) ;
#8130 = FILL_AREA_STYLE_COLOUR ( '', #12375 ) ;
#8131 = CARTESIAN_POINT ( 'NONE',  ( -73.59999999999999432, -9.609047064708040153, 15.34531571875355027 ) ) ;
#8132 = ORIENTED_EDGE ( 'NONE', *, *, #7335, .F. ) ;
#8133 = LINE ( 'NONE', #11296, #6583 ) ;
#8134 = CARTESIAN_POINT ( 'NONE',  ( -63.51208468574660770, -2.066205161904769999E-14, 1.491883645478428116E-14 ) ) ;
#8135 = EDGE_CURVE ( 'NONE', #4261, #4512, #3660, .T. ) ;
#8136 = ORIENTED_EDGE ( 'NONE', *, *, #7975, .F. ) ;
#8137 = PLANE ( 'NONE',  #10161 ) ;
#8138 = DIRECTION ( 'NONE',  ( 7.592831564818957410E-18, 0.3826834323650886160, 0.9238795325112872936 ) ) ;
#8139 = CARTESIAN_POINT ( 'NONE',  ( -2.651075773784429934, 28.64026550784895164, 11.86318640332005891 ) ) ;
#8140 = ORIENTED_EDGE ( 'NONE', *, *, #3587, .T. ) ;
#8141 = CARTESIAN_POINT ( 'NONE',  ( 14.10000000000099973, -28.64026550785015246, -11.86318640331715990 ) ) ;
#8142 = ADVANCED_FACE ( 'NONE', ( #6758 ), #6103, .F. ) ;
#8143 = ORIENTED_EDGE ( 'NONE', *, *, #12667, .F. ) ;
#8144 = CARTESIAN_POINT ( 'NONE',  ( -63.48791531425350598, 1.443817470673763893E-14, -8.848542754869498254E-15 ) ) ;
#8145 = CARTESIAN_POINT ( 'NONE',  ( 17.54641016151380128, 27.10204672508849910, -12.89099133440610068 ) ) ;
#8146 = CARTESIAN_POINT ( 'NONE',  ( -1.899999999999999911, -28.64026550785020220, 11.86318640331699825 ) ) ;
#8147 = ORIENTED_EDGE ( 'NONE', *, *, #12332, .T. ) ;
#8148 = EDGE_LOOP ( 'NONE', ( #2572, #1769 ) ) ;
#8149 = ORIENTED_EDGE ( 'NONE', *, *, #8751, .F. ) ;
#8150 = FACE_OUTER_BOUND ( 'NONE', #10418, .T. ) ;
#8151 = AXIS2_PLACEMENT_3D ( 'NONE', #10757, #382, #4377 ) ;
#8152 = ORIENTED_EDGE ( 'NONE', *, *, #2999, .T. ) ;
#8153 = CARTESIAN_POINT ( 'NONE',  ( -73.59999999999999432, -8.236826003028799192, 21.27127634618639718 ) ) ;
#8154 = EDGE_LOOP ( 'NONE', ( #977, #3315, #6720, #8793 ) ) ;
#8155 = FACE_OUTER_BOUND ( 'NONE', #5038, .T. ) ;
#8156 = DIRECTION ( 'NONE',  ( 0.000000000000000000, 0.9238795325112875156, -0.3826834323650881720 ) ) ;
#8157 = ORIENTED_EDGE ( 'NONE', *, *, #12834, .T. ) ;
#8158 = EDGE_LOOP ( 'NONE', ( #11601, #5672, #9471, #9514 ) ) ;
#8159 = CARTESIAN_POINT ( 'NONE',  ( -44.09999999999998721, 44.89999999999999147, 1.543824689490838355E-13 ) ) ;
#8160 = AXIS2_PLACEMENT_3D ( 'NONE', #3421, #11484, #9691 ) ;
#8161 = LINE ( 'NONE', #8099, #343 ) ;
#8162 = ORIENTED_EDGE ( 'NONE', *, *, #3718, .F. ) ;
#8163 = AXIS2_PLACEMENT_3D ( 'NONE', #12229, #8300, #5239 ) ;
#8164 = EDGE_CURVE ( 'NONE', #7332, #9567, #4511, .T. ) ;
#8165 = DIRECTION ( 'NONE',  ( 0.000000000000000000, -0.8314696123025481223, -0.5555702330195979588 ) ) ;
#8166 = ADVANCED_FACE ( 'NONE', ( #2037 ), #139, .F. ) ;
#8167 = CIRCLE ( 'NONE', #3987, 0.9999999999999991118 ) ;
#8168 = CARTESIAN_POINT ( 'NONE',  ( -59.50000000000000000, 29.01828946935735587, 19.38940113238222196 ) ) ;
#8169 = VERTEX_POINT ( 'NONE', #10020 ) ;
#8170 = DIRECTION ( 'NONE',  ( -1.000000000000000000, 0.000000000000000000, 0.000000000000000000 ) ) ;
#8171 = AXIS2_PLACEMENT_3D ( 'NONE', #12744, #10736, #1693 ) ;
#8172 = DIRECTION ( 'NONE',  ( -1.000000000000000000, 3.103811398048830141E-16, -1.871678662600109722E-16 ) ) ;
#8173 = CIRCLE ( 'NONE', #2740, 4.500000000000000000 ) ;
#8174 = ADVANCED_FACE ( 'NONE', ( #4931 ), #2096, .F. ) ;
#8175 = VECTOR ( 'NONE', #10844, 1000.000000000000000 ) ;
#8176 = CARTESIAN_POINT ( 'NONE',  ( -11.90000000000000036, 21.24999999999965183, -36.80607966083884719 ) ) ;
#8177 = CARTESIAN_POINT ( 'NONE',  ( 17.60000000000000142, -20.21579751156465221, -20.78139123909420150 ) ) ;
#8178 = DIRECTION ( 'NONE',  ( -1.156482317317993998E-16, -0.8660254037844211661, 0.5000000000000301981 ) ) ;
#8179 = EDGE_CURVE ( 'NONE', #7771, #7050, #7080, .T. ) ;
#8180 = DIRECTION ( 'NONE',  ( 0.000000000000000000, 0.9238795325112867385, -0.3826834323650897818 ) ) ;
#8181 = ORIENTED_EDGE ( 'NONE', *, *, #9942, .T. ) ;
#8182 = CARTESIAN_POINT ( 'NONE',  ( -56.21032168798580386, -14.69038449352011888, 17.45007459676154937 ) ) ;
#8183 = AXIS2_PLACEMENT_3D ( 'NONE', #2024, #10129, #9703 ) ;
#8184 = CIRCLE ( 'NONE', #11744, 2.000000000000000444 ) ;
#8185 = DIRECTION ( 'NONE',  ( -1.000000000000000000, -2.638697247430395030E-33, -6.370378681743249463E-33 ) ) ;
#8186 = ORIENTED_EDGE ( 'NONE', *, *, #12042, .T. ) ;
#8187 = EDGE_CURVE ( 'NONE', #7050, #10569, #3038, .T. ) ;
#8188 = DIRECTION ( 'NONE',  ( 0.000000000000000000, -0.9238795325112789669, 0.3826834323651084890 ) ) ;
#8189 = ORIENTED_EDGE ( 'NONE', *, *, #9358, .F. ) ;
#8190 = ORIENTED_EDGE ( 'NONE', *, *, #10691, .F. ) ;
#8191 = ORIENTED_EDGE ( 'NONE', *, *, #2587, .F. ) ;
#8192 = FACE_OUTER_BOUND ( 'NONE', #6770, .T. ) ;
#8193 = CIRCLE ( 'NONE', #3806, 1.849999999999998979 ) ;
#8194 = CARTESIAN_POINT ( 'NONE',  ( 17.60000000000000142, -32.70451270522185183, -1.138918977691408152 ) ) ;
#8195 = CARTESIAN_POINT ( 'NONE',  ( 14.10000000000099973, 31.00000000000000000, -9.454242944073600684E-13 ) ) ;
#8196 = ADVANCED_FACE ( 'NONE', ( #7989 ), #11081, .F. ) ;
#8197 = DIRECTION ( 'NONE',  ( 1.000000000000000000, -6.322502648911709143E-17, 9.462293898829198836E-17 ) ) ;
#8198 = CIRCLE ( 'NONE', #10932, 1.750000000000001332 ) ;
#8199 = DIRECTION ( 'NONE',  ( 1.000000000000000000, 2.638697247430395030E-33, 6.370378681743239884E-33 ) ) ;
#8200 = ORIENTED_EDGE ( 'NONE', *, *, #7912, .F. ) ;
#8201 = PLANE ( 'NONE',  #8233 ) ;
#8202 = ADVANCED_FACE ( 'NONE', ( #11793 ), #10791, .F. ) ;
#8203 = DIRECTION ( 'NONE',  ( 0.000000000000000000, -0.8314696123025480112, -0.5555702330195980698 ) ) ;
#8204 = VECTOR ( 'NONE', #5920, 1000.000000000000000 ) ;
#8205 = ADVANCED_FACE ( 'NONE', ( #12827 ), #7443, .F. ) ;
#8206 = ORIENTED_EDGE ( 'NONE', *, *, #12897, .T. ) ;
#8207 = AXIS2_PLACEMENT_3D ( 'NONE', #2036, #5907, #9887 ) ;
#8208 = CARTESIAN_POINT ( 'NONE',  ( -14.90000000000000036, -9.540979117872440597E-15, 0.000000000000000000 ) ) ;
#8209 = DIRECTION ( 'NONE',  ( 1.000000000000000000, 0.000000000000000000, 0.000000000000000000 ) ) ;
#8210 = DIRECTION ( 'NONE',  ( 4.112988807310475227E-18, 0.9238795325112871826, -0.3826834323650885605 ) ) ;
#8211 = CARTESIAN_POINT ( 'NONE',  ( -72.84391516214240880, -11.43006468421165955, 7.029301389798390254 ) ) ;
#8212 = ORIENTED_EDGE ( 'NONE', *, *, #11021, .F. ) ;
#8213 = CARTESIAN_POINT ( 'NONE',  ( -1.899999999999999911, 11.86318640331944074, -28.64026550784920033 ) ) ;
#8214 = DIRECTION ( 'NONE',  ( 7.592831564818957410E-18, 0.3826834323650886160, 0.9238795325112872936 ) ) ;
#8215 = EDGE_CURVE ( 'NONE', #10199, #6472, #1793, .T. ) ;
#8216 = FACE_OUTER_BOUND ( 'NONE', #3345, .T. ) ;
#8217 = EDGE_LOOP ( 'NONE', ( #9526, #8620, #11817 ) ) ;
#8218 = ORIENTED_EDGE ( 'NONE', *, *, #2759, .T. ) ;
#8219 = VERTEX_POINT ( 'NONE', #9035 ) ;
#8220 = DIRECTION ( 'NONE',  ( 0.000000000000000000, -0.8314696123025473451, -0.5555702330195991800 ) ) ;
#8221 = ORIENTED_EDGE ( 'NONE', *, *, #5701, .F. ) ;
#8222 = DIRECTION ( 'NONE',  ( 0.000000000000000000, 0.8314696123025479002, 0.5555702330195982919 ) ) ;
#8223 = VERTEX_POINT ( 'NONE', #5844 ) ;
#8224 = CARTESIAN_POINT ( 'NONE',  ( 6.599999999999999645, 23.17031021678435110, -21.92031021678150182 ) ) ;
#8225 = EDGE_CURVE ( 'NONE', #11435, #4241, #8904, .T. ) ;
#8226 = ORIENTED_EDGE ( 'NONE', *, *, #1730, .F. ) ;
#8227 = ORIENTED_EDGE ( 'NONE', *, *, #10618, .F. ) ;
#8228 = CARTESIAN_POINT ( 'NONE',  ( -72.84391516214240880, -1.585445690539095009, -17.20275819739720191 ) ) ;
#8229 = FACE_OUTER_BOUND ( 'NONE', #10584, .T. ) ;
#8230 = DIRECTION ( 'NONE',  ( -1.000000000000000000, 6.322502648911709143E-17, -9.462293898829198836E-17 ) ) ;
#8231 = DIRECTION ( 'NONE',  ( 1.000000000000000000, 0.000000000000000000, 0.000000000000000000 ) ) ;
#8232 = VERTEX_POINT ( 'NONE', #4060 ) ;
#8233 = AXIS2_PLACEMENT_3D ( 'NONE', #288, #5209, #3165 ) ;
#8234 = CARTESIAN_POINT ( 'NONE',  ( -72.84391516214240880, -9.035021916160410171, 16.73113501752050070 ) ) ;
#8235 = CARTESIAN_POINT ( 'NONE',  ( -73.59999999999999432, 10.72707079365141958, -14.01329555058359944 ) ) ;
#8236 = FACE_OUTER_BOUND ( 'NONE', #8467, .T. ) ;
#8237 = DIRECTION ( 'NONE',  ( 1.000000000000000000, 0.000000000000000000, 0.000000000000000000 ) ) ;
#8238 = DIRECTION ( 'NONE',  ( 1.000000000000000000, 0.000000000000000000, 0.000000000000000000 ) ) ;
#8239 = CARTESIAN_POINT ( 'NONE',  ( 5.599999999999999645, -36.80607966083890403, -22.84999999999999787 ) ) ;
#8240 = ORIENTED_EDGE ( 'NONE', *, *, #1568, .T. ) ;
#8241 = DIRECTION ( 'NONE',  ( 0.000000000000000000, -0.9238795325112868495, 0.3826834323650896152 ) ) ;
#8242 = AXIS2_PLACEMENT_3D ( 'NONE', #9279, #1039, #8304 ) ;
#8243 = DIRECTION ( 'NONE',  ( 0.000000000000000000, -0.8314696123025479002, -0.5555702330195980698 ) ) ;
#8244 = ORIENTED_EDGE ( 'NONE', *, *, #6092, .T. ) ;
#8245 = CARTESIAN_POINT ( 'NONE',  ( -72.84391516214240880, -22.60105295380730084, -6.874220347006439802 ) ) ;
#8246 = EDGE_CURVE ( 'NONE', #10199, #9166, #9823, .T. ) ;
#8247 = ORIENTED_EDGE ( 'NONE', *, *, #10051, .F. ) ;
#8248 = FACE_OUTER_BOUND ( 'NONE', #5765, .T. ) ;
#8249 = CONICAL_SURFACE ( 'NONE', #4509, 1.850000000000000311, 1.308996938995719006 ) ;
#8250 = FACE_BOUND ( 'NONE', #10071, .T. ) ;
#8251 = DIRECTION ( 'NONE',  ( 0.2588190451025250138, 0.8031379722975888757, 0.5366396363910649336 ) ) ;
#8252 = CIRCLE ( 'NONE', #8672, 1.750000000000001332 ) ;
#8253 = ADVANCED_FACE ( 'NONE', ( #8047, #8834 ), #6, .T. ) ;
#8254 = DIRECTION ( 'NONE',  ( 1.000000000000000000, 0.000000000000000000, 0.000000000000000000 ) ) ;
#8255 = DIRECTION ( 'NONE',  ( 1.000000000000000000, 0.000000000000000000, 0.000000000000000000 ) ) ;
#8256 = EDGE_LOOP ( 'NONE', ( #10916, #8972, #11407, #7211 ) ) ;
#8257 = VECTOR ( 'NONE', #5167, 1000.000000000000000 ) ;
#8258 = FACE_OUTER_BOUND ( 'NONE', #11312, .T. ) ;
#8259 = CIRCLE ( 'NONE', #10562, 1.849999999999998090 ) ;
#8260 = VECTOR ( 'NONE', #4517, 999.9999999999998863 ) ;
#8261 = LINE ( 'NONE', #10166, #5278 ) ;
#8262 = CIRCLE ( 'NONE', #9513, 1.850000000000000311 ) ;
#8263 = AXIS2_PLACEMENT_3D ( 'NONE', #9478, #7710, #4711 ) ;
#8264 = ORIENTED_EDGE ( 'NONE', *, *, #3088, .T. ) ;
#8265 = FACE_OUTER_BOUND ( 'NONE', #3703, .T. ) ;
#8266 = VECTOR ( 'NONE', #12597, 1000.000000000000000 ) ;
#8267 = CIRCLE ( 'NONE', #1785, 0.3000000000000001554 ) ;
#8268 = DIRECTION ( 'NONE',  ( 0.000000000000000000, 1.000000000000000000, 9.575673587392073611E-14 ) ) ;
#8269 = DIRECTION ( 'NONE',  ( 0.000000000000000000, 0.6087614290087181024, -0.7933533402912371635 ) ) ;
#8270 = CARTESIAN_POINT ( 'NONE',  ( 13.40000000000100044, -32.33578363789477805, 13.39392013277881333 ) ) ;
#8271 = AXIS2_PLACEMENT_3D ( 'NONE', #6811, #7787, #848 ) ;
#8272 = ORIENTED_EDGE ( 'NONE', *, *, #3012, .T. ) ;
#8273 = CIRCLE ( 'NONE', #9943, 1.249999999999986011 ) ;
#8274 = LINE ( 'NONE', #12144, #4779 ) ;
#8275 = CARTESIAN_POINT ( 'NONE',  ( 14.10000000000099973, -13.47997558521311845, -27.97056950121070074 ) ) ;
#8276 = AXIS2_PLACEMENT_3D ( 'NONE', #2034, #11918, #6038 ) ;
#8277 = AXIS2_PLACEMENT_3D ( 'NONE', #4416, #2321, #8592 ) ;
#8278 = EDGE_CURVE ( 'NONE', #5813, #10400, #3051, .T. ) ;
#8279 = VECTOR ( 'NONE', #1664, 1000.000000000000000 ) ;
#8280 = CARTESIAN_POINT ( 'NONE',  ( -59.50000000000000000, 11.86318640331585961, -28.64026550785180092 ) ) ;
#8281 = EDGE_LOOP ( 'NONE', ( #9006, #11198, #2028, #9292 ) ) ;
#8282 = EDGE_CURVE ( 'NONE', #5516, #9510, #1968, .T. ) ;
#8283 = EDGE_LOOP ( 'NONE', ( #2077, #10535, #2581, #4777 ) ) ;
#8284 = EDGE_LOOP ( 'NONE', ( #1531, #10926, #9754, #6457 ) ) ;
#8285 = CARTESIAN_POINT ( 'NONE',  ( -73.59999999999999432, -9.035021916160410171, 16.73113501752050070 ) ) ;
#8286 = EDGE_CURVE ( 'NONE', #9488, #11751, #3468, .T. ) ;
#8287 = ORIENTED_EDGE ( 'NONE', *, *, #3643, .F. ) ;
#8288 = ORIENTED_EDGE ( 'NONE', *, *, #12358, .T. ) ;
#8289 = CARTESIAN_POINT ( 'NONE',  ( -72.84391516214240880, -1.011420541991464139, -15.81693889863030122 ) ) ;
#8290 = EDGE_LOOP ( 'NONE', ( #6409, #9985 ) ) ;
#8291 = EDGE_CURVE ( 'NONE', #12572, #10250, #6618, .T. ) ;
#8292 = CARTESIAN_POINT ( 'NONE',  ( 14.10000000000099973, 31.00000000000000000, -9.454242944073600684E-13 ) ) ;
#8293 = EDGE_CURVE ( 'NONE', #1524, #465, #8311, .T. ) ;
#8294 = ORIENTED_EDGE ( 'NONE', *, *, #239, .F. ) ;
#8295 = DIRECTION ( 'NONE',  ( 0.000000000000000000, -0.9238795325112786339, 0.3826834323651093772 ) ) ;
#8296 = EDGE_CURVE ( 'NONE', #11751, #9488, #545, .T. ) ;
#8297 = DIRECTION ( 'NONE',  ( -1.000000000000000000, 6.705557021117060106E-18, 5.440889002481110112E-18 ) ) ;
#8298 = DIRECTION ( 'NONE',  ( 0.000000000000000000, 0.9238795325112874046, -0.3826834323650882275 ) ) ;
#8299 = AXIS2_PLACEMENT_3D ( 'NONE', #1140, #8084, #2071 ) ;
#8300 = DIRECTION ( 'NONE',  ( -1.000000000000000000, 2.905650844594899633E-18, 7.014861676541869665E-18 ) ) ;
#8301 = ORIENTED_EDGE ( 'NONE', *, *, #12587, .F. ) ;
#8302 = EDGE_CURVE ( 'NONE', #9974, #4632, #3338, .T. ) ;
#8303 = ORIENTED_EDGE ( 'NONE', *, *, #138, .F. ) ;
#8304 = DIRECTION ( 'NONE',  ( 0.000000000000000000, -0.9238795325112783008, 0.3826834323651103764 ) ) ;
#8305 = CARTESIAN_POINT ( 'NONE',  ( 17.54641016151380128, 13.40140518607555897, -27.61246057676554955 ) ) ;
#8306 = DIRECTION ( 'NONE',  ( 1.000000000000000000, -6.322502648911709143E-17, 9.462293898829198836E-17 ) ) ;
#8307 = DIRECTION ( 'NONE',  ( 0.000000000000000000, 1.000000000000000000, 9.714451465470219441E-14 ) ) ;
#8308 = CIRCLE ( 'NONE', #5811, 35.00000000000000711 ) ;
#8309 = DIRECTION ( 'NONE',  ( 0.000000000000000000, 0.000000000000000000, 1.000000000000000000 ) ) ;
#8310 = EDGE_CURVE ( 'NONE', #12214, #12010, #12180, .T. ) ;
#8311 = LINE ( 'NONE', #5188, #12039 ) ;
#8312 = ORIENTED_EDGE ( 'NONE', *, *, #4091, .F. ) ;
#8313 = CARTESIAN_POINT ( 'NONE',  ( -12.30000000000000071, -9.540979117872440597E-15, -45.00000000000000000 ) ) ;
#8314 = DIRECTION ( 'NONE',  ( -4.112988807310475227E-18, -0.9238795325112871826, 0.3826834323650885605 ) ) ;
#8315 = EDGE_LOOP ( 'NONE', ( #261, #2523 ) ) ;
#8316 = AXIS2_PLACEMENT_3D ( 'NONE', #557, #4554, #5733 ) ;
#8317 = CARTESIAN_POINT ( 'NONE',  ( 17.54641016151375155, -21.92031021678445057, 21.92031021678135261 ) ) ;
#8318 = CIRCLE ( 'NONE', #6243, 4.500000000000000000 ) ;
#8319 = LINE ( 'NONE', #5260, #4727 ) ;
#8320 = EDGE_LOOP ( 'NONE', ( #5708, #4613, #10119, #8147 ) ) ;
#8321 = DIRECTION ( 'NONE',  ( 1.000000000000000000, -2.905650844594894626E-18, -7.014861676541880450E-18 ) ) ;
#8322 = DIRECTION ( 'NONE',  ( -3.103811398048827676E-16, -1.000000000000000000, 0.000000000000000000 ) ) ;
#8323 = LINE ( 'NONE', #7534, #5378 ) ;
#8324 = AXIS2_PLACEMENT_3D ( 'NONE', #6218, #10190, #8156 ) ;
#8325 = DIRECTION ( 'NONE',  ( 3.090821338043308677E-16, 1.000000000000000000, 3.432150397220114808E-15 ) ) ;
#8326 = AXIS2_PLACEMENT_3D ( 'NONE', #4096, #959, #8868 ) ;
#8327 = DIRECTION ( 'NONE',  ( -7.592831564818952788E-18, -0.3826834323650881720, -0.9238795325112874046 ) ) ;
#8328 = EDGE_LOOP ( 'NONE', ( #5163, #3241, #6015, #3732 ) ) ;
#8329 = DIRECTION ( 'NONE',  ( 1.000000000000000000, -1.984102504227365030E-17, 0.000000000000000000 ) ) ;
#8330 = ADVANCED_FACE ( 'NONE', ( #1428 ), #396, .F. ) ;
#8331 = DIRECTION ( 'NONE',  ( 0.7071067812210186654, 0.6123724356659292489, -0.3535533905760595008 ) ) ;
#8332 = CIRCLE ( 'NONE', #12308, 2.050000000000000711 ) ;
#8333 = ORIENTED_EDGE ( 'NONE', *, *, #2505, .F. ) ;
#8334 = DIRECTION ( 'NONE',  ( -1.000000000000000000, 6.322502648911719004E-17, -9.462293898829198836E-17 ) ) ;
#8335 = CYLINDRICAL_SURFACE ( 'NONE', #2351, 1.249999999999987121 ) ;
#8336 = DIRECTION ( 'NONE',  ( 0.000000000000000000, 1.000000000000000000, 9.575673587391966326E-14 ) ) ;
#8337 = FACE_OUTER_BOUND ( 'NONE', #11224, .T. ) ;
#8338 = ORIENTED_EDGE ( 'NONE', *, *, #11688, .T. ) ;
#8339 = DIRECTION ( 'NONE',  ( 1.000000000000000000, -6.322502648911709143E-17, 9.462293898829198836E-17 ) ) ;
#8340 = ADVANCED_FACE ( 'NONE', ( #2361 ), #6237, .F. ) ;
#8341 = CARTESIAN_POINT ( 'NONE',  ( -73.59999999999999432, -16.86080146833100102, 6.983972640662860165 ) ) ;
#8342 = ORIENTED_EDGE ( 'NONE', *, *, #8761, .F. ) ;
#8343 = ORIENTED_EDGE ( 'NONE', *, *, #8623, .F. ) ;
#8344 = CARTESIAN_POINT ( 'NONE',  ( -73.59999999999999432, -15.47498216956404882, 6.409947492115229295 ) ) ;
#8345 = ORIENTED_EDGE ( 'NONE', *, *, #11979, .F. ) ;
#8346 = VERTEX_POINT ( 'NONE', #6361 ) ;
#8347 = CARTESIAN_POINT ( 'NONE',  ( -1.899999999999999911, -11.86318640331639962, -28.64026550785050418 ) ) ;
#8348 = EDGE_LOOP ( 'NONE', ( #9196, #4291, #5927, #6495 ) ) ;
#8349 = DIRECTION ( 'NONE',  ( -4.112988807310475227E-18, -0.9238795325112871826, 0.3826834323650885605 ) ) ;
#8350 = EDGE_CURVE ( 'NONE', #10386, #1457, #12306, .T. ) ;
#8351 = EDGE_LOOP ( 'NONE', ( #12150, #11615 ) ) ;
#8352 = ORIENTED_EDGE ( 'NONE', *, *, #535, .F. ) ;
#8353 = EDGE_CURVE ( 'NONE', #90, #9650, #7640, .T. ) ;
#8354 = DIRECTION ( 'NONE',  ( 1.000000000000000000, -6.322502648911709143E-17, 9.462293898829198836E-17 ) ) ;
#8355 = LINE ( 'NONE', #11324, #1976 ) ;
#8356 = DIRECTION ( 'NONE',  ( -2.170249086492574887E-18, 0.4146932426562390805, -0.9099612708765432156 ) ) ;
#8357 = CARTESIAN_POINT ( 'NONE',  ( -63.60000000000000142, 9.817109522774901009, -14.42798879323981964 ) ) ;
#8358 = EDGE_CURVE ( 'NONE', #3118, #9997, #8273, .T. ) ;
#8359 = VERTEX_POINT ( 'NONE', #8239 ) ;
#8360 = ADVANCED_FACE ( 'NONE', ( #4254 ), #461, .F. ) ;
#8361 = VECTOR ( 'NONE', #9147, 1000.000000000000000 ) ;
#8362 = VERTEX_POINT ( 'NONE', #12243 ) ;
#8363 = DIRECTION ( 'NONE',  ( 1.000000000000000000, -6.705557021117060106E-18, -5.440889002481110112E-18 ) ) ;
#8364 = DIRECTION ( 'NONE',  ( 0.000000000000000000, 1.000000000000000000, 9.592326932761342412E-14 ) ) ;
#8365 = AXIS2_PLACEMENT_3D ( 'NONE', #3809, #7798, #2955 ) ;
#8366 = LINE ( 'NONE', #12364, #6801 ) ;
#8367 = CARTESIAN_POINT ( 'NONE',  ( -73.59999999999999432, -21.57868627609169820, 0.8202430115583899672 ) ) ;
#8368 = VECTOR ( 'NONE', #12605, 1000.000000000000000 ) ;
#8369 = DIRECTION ( 'NONE',  ( 0.000000000000000000, -0.9238795325112788559, 0.3826834323651088221 ) ) ;
#8370 = AXIS2_PLACEMENT_3D ( 'NONE', #8292, #1284, #3514 ) ;
#8371 = CARTESIAN_POINT ( 'NONE',  ( -73.59999999999999432, 1.049419181516655842E-14, 5.142634763737189527E-15 ) ) ;
#8372 = ORIENTED_EDGE ( 'NONE', *, *, #710, .T. ) ;
#8373 = CARTESIAN_POINT ( 'NONE',  ( 6.599999999999999645, 20.30352103488749904, -21.25061421014475016 ) ) ;
#8374 = FACE_OUTER_BOUND ( 'NONE', #1822, .T. ) ;
#8375 = EDGE_LOOP ( 'NONE', ( #4668, #1224 ) ) ;
#8376 = CIRCLE ( 'NONE', #10053, 1.000000000000000000 ) ;
#8377 = DIRECTION ( 'NONE',  ( 0.000000000000000000, -0.9238795325112788559, 0.3826834323651088221 ) ) ;
#8378 = FACE_OUTER_BOUND ( 'NONE', #7929, .T. ) ;
#8379 = VECTOR ( 'NONE', #10306, 1000.000000000000000 ) ;
#8380 = ORIENTED_EDGE ( 'NONE', *, *, #9033, .F. ) ;
#8381 = CARTESIAN_POINT ( 'NONE',  ( -1.899999999999999911, 21.92031021678435110, -21.92031021678160130 ) ) ;
#8382 = DIRECTION ( 'NONE',  ( 1.000000000000000000, 0.000000000000000000, 0.000000000000000000 ) ) ;
#8383 = DIRECTION ( 'NONE',  ( 0.000000000000000000, 0.9238795325112874046, -0.3826834323650882275 ) ) ;
#8384 = CYLINDRICAL_SURFACE ( 'NONE', #45, 1.000000000000000000 ) ;
#8385 = EDGE_CURVE ( 'NONE', #4199, #9455, #10153, .T. ) ;
#8386 = AXIS2_PLACEMENT_3D ( 'NONE', #6088, #10072, #9211 ) ;
#8387 = DIRECTION ( 'NONE',  ( 8.632079425444796368E-18, 0.7933533402912366084, 0.6087614290087186575 ) ) ;
#8388 = ORIENTED_EDGE ( 'NONE', *, *, #1489, .F. ) ;
#8389 = DIRECTION ( 'NONE',  ( -1.000000000000000000, 0.000000000000000000, 0.000000000000000000 ) ) ;
#8390 = VECTOR ( 'NONE', #5133, 1000.000000000000000 ) ;
#8391 = DIRECTION ( 'NONE',  ( 0.7071067811865479058, -0.6532814824381821817, 0.2705980500731118843 ) ) ;
#8392 = ORIENTED_EDGE ( 'NONE', *, *, #2921, .T. ) ;
#8393 = AXIS2_PLACEMENT_3D ( 'NONE', #3174, #165, #1996 ) ;
#8394 = ADVANCED_FACE ( 'NONE', ( #9416 ), #3402, .F. ) ;
#8395 = CARTESIAN_POINT ( 'NONE',  ( 17.54641016151380128, 1.538218782757724945, -29.97219506891550012 ) ) ;
#8396 = CIRCLE ( 'NONE', #1500, 1.249999999999985567 ) ;
#8397 = CARTESIAN_POINT ( 'NONE',  ( -73.59999999999999432, -24.09895763486624531, -7.877356213408289953 ) ) ;
#8398 = CARTESIAN_POINT ( 'NONE',  ( 14.10000000000099973, -20.30352103488874960, -22.59000622342144737 ) ) ;
#8399 = ADVANCED_FACE ( 'NONE', ( #3276 ), #1180, .F. ) ;
#8400 = DIRECTION ( 'NONE',  ( 0.000000000000000000, 0.8314696123025475671, 0.5555702330195986249 ) ) ;
#8401 = ADVANCED_FACE ( 'NONE', ( #2292 ), #7027, .T. ) ;
#8402 = ORIENTED_EDGE ( 'NONE', *, *, #8286, .F. ) ;
#8403 = DIRECTION ( 'NONE',  ( -1.000000000000000000, 0.000000000000000000, 0.000000000000000000 ) ) ;
#8404 = VECTOR ( 'NONE', #2507, 1000.000000000000114 ) ;
#8405 = ORIENTED_EDGE ( 'NONE', *, *, #11780, .F. ) ;
#8406 = AXIS2_PLACEMENT_3D ( 'NONE', #2290, #5317, #9284 ) ;
#8407 = DIRECTION ( 'NONE',  ( -1.000000000000000000, 0.000000000000000000, 0.000000000000000000 ) ) ;
#8408 = ORIENTED_EDGE ( 'NONE', *, *, #2407, .T. ) ;
#8409 = ORIENTED_EDGE ( 'NONE', *, *, #7346, .T. ) ;
#8410 = ORIENTED_EDGE ( 'NONE', *, *, #1448, .T. ) ;
#8411 = DIRECTION ( 'NONE',  ( 0.000000000000000000, -0.7933533402912362753, -0.6087614290087191016 ) ) ;
#8412 = ORIENTED_EDGE ( 'NONE', *, *, #3420, .T. ) ;
#8413 = VERTEX_POINT ( 'NONE', #4326 ) ;
#8414 = LINE ( 'NONE', #4494, #118 ) ;
#8415 = ORIENTED_EDGE ( 'NONE', *, *, #3366, .T. ) ;
#8416 = CARTESIAN_POINT ( 'NONE',  ( -73.59999999999999432, -10.39364474075195766, 4.305188614107244405 ) ) ;
#8417 = AXIS2_PLACEMENT_3D ( 'NONE', #59, #10007, #8819 ) ;
#8418 = ORIENTED_EDGE ( 'NONE', *, *, #9803, .F. ) ;
#8419 = VERTEX_POINT ( 'NONE', #8112 ) ;
#8420 = CARTESIAN_POINT ( 'NONE',  ( 14.10000000000099973, -13.39392013277882043, -32.33578363789474963 ) ) ;
#8421 = CARTESIAN_POINT ( 'NONE',  ( 5.599999999999999645, 4.448209695987385233E-13, 42.50000000000000000 ) ) ;
#8422 = CARTESIAN_POINT ( 'NONE',  ( -14.50000000000000000, -1.505188971403552700E-14, 45.00000000000000000 ) ) ;
#8423 = VERTEX_POINT ( 'NONE', #12112 ) ;
#8424 = ORIENTED_EDGE ( 'NONE', *, *, #1727, .T. ) ;
#8425 = FACE_OUTER_BOUND ( 'NONE', #4546, .T. ) ;
#8426 = DIRECTION ( 'NONE',  ( 1.000000000000000000, -6.322502648911719004E-17, 9.462293898829198836E-17 ) ) ;
#8427 = FACE_OUTER_BOUND ( 'NONE', #491, .T. ) ;
#8428 = CARTESIAN_POINT ( 'NONE',  ( 6.599999999999999645, 21.92031021678435110, -21.92031021678160130 ) ) ;
#8429 = DIRECTION ( 'NONE',  ( -8.358097092242367078E-18, -0.9099612708765437707, -0.4146932426562379148 ) ) ;
#8430 = CARTESIAN_POINT ( 'NONE',  ( 17.54641016151375155, -28.64026550785125380, 11.86318640331655949 ) ) ;
#8431 = ORIENTED_EDGE ( 'NONE', *, *, #1042, .T. ) ;
#8432 = DIRECTION ( 'NONE',  ( 1.000000000000000000, -1.067925513466054003E-16, 6.551204957150059656E-17 ) ) ;
#8433 = CARTESIAN_POINT ( 'NONE',  ( -78.79999999999999716, -15.70478550837409948, -12.43672835338790073 ) ) ;
#8434 = VERTEX_POINT ( 'NONE', #3144 ) ;
#8435 = LINE ( 'NONE', #2490, #575 ) ;
#8436 = EDGE_CURVE ( 'NONE', #3968, #6490, #7142, .T. ) ;
#8437 = CARTESIAN_POINT ( 'NONE',  ( -73.59999999999999432, -18.70856053335355185, 7.749339505393040284 ) ) ;
#8438 = ORIENTED_EDGE ( 'NONE', *, *, #1639, .F. ) ;
#8439 = ORIENTED_EDGE ( 'NONE', *, *, #11879, .T. ) ;
#8440 = CARTESIAN_POINT ( 'NONE',  ( -1.899999999999999911, 20.67031021678110037, 21.92031021678475255 ) ) ;
#8441 = EDGE_CURVE ( 'NONE', #951, #4241, #1369, .T. ) ;
#8442 = DIRECTION ( 'NONE',  ( 1.000000000000000000, 0.000000000000000000, 0.000000000000000000 ) ) ;
#8443 = DIRECTION ( 'NONE',  ( 7.592831564818957410E-18, 0.3826834323650886160, 0.9238795325112872936 ) ) ;
#8444 = EDGE_CURVE ( 'NONE', #4066, #10387, #8682, .T. ) ;
#8445 = AXIS2_PLACEMENT_3D ( 'NONE', #8922, #2839, #10832 ) ;
#8446 = PLANE ( 'NONE',  #2134 ) ;
#8447 = EDGE_CURVE ( 'NONE', #3715, #841, #8692, .T. ) ;
#8448 = PLANE ( 'NONE',  #944 ) ;
#8449 = ORIENTED_EDGE ( 'NONE', *, *, #6098, .F. ) ;
#8450 = ADVANCED_FACE ( 'NONE', ( #2743 ), #3892, .F. ) ;
#8451 = DIRECTION ( 'NONE',  ( 1.000000000000000000, 0.000000000000000000, 0.000000000000000000 ) ) ;
#8452 = CARTESIAN_POINT ( 'NONE',  ( 17.54641016151380128, -13.40140518607949893, -29.66807043893774676 ) ) ;
#8453 = VERTEX_POINT ( 'NONE', #6741 ) ;
#8454 = EDGE_CURVE ( 'NONE', #9455, #4199, #10364, .T. ) ;
#8455 = CIRCLE ( 'NONE', #4104, 1.249999999999987121 ) ;
#8456 = AXIS2_PLACEMENT_3D ( 'NONE', #5116, #10014, #325 ) ;
#8457 = CARTESIAN_POINT ( 'NONE',  ( -78.79999999999999716, -10.15587573908030095, 0.9595248680257540963 ) ) ;
#8458 = LINE ( 'NONE', #11553, #3180 ) ;
#8459 = FACE_OUTER_BOUND ( 'NONE', #1187, .T. ) ;
#8460 = DIRECTION ( 'NONE',  ( 0.000000000000000000, 0.8314696123025479002, 0.5555702330195982919 ) ) ;
#8461 = AXIS2_PLACEMENT_3D ( 'NONE', #11489, #11551, #1262 ) ;
#8462 = VECTOR ( 'NONE', #155, 1000.000000000000000 ) ;
#8463 = AXIS2_PLACEMENT_3D ( 'NONE', #4994, #2091, #9090 ) ;
#8464 = ORIENTED_EDGE ( 'NONE', *, *, #687, .F. ) ;
#8465 = ADVANCED_FACE ( 'NONE', ( #7461 ), #10734, .F. ) ;
#8466 = DIRECTION ( 'NONE',  ( 1.000000000000000000, -1.067925513466054003E-16, 6.551204957150059656E-17 ) ) ;
#8467 = EDGE_LOOP ( 'NONE', ( #246, #4464, #6588, #3022 ) ) ;
#8468 = AXIS2_PLACEMENT_3D ( 'NONE', #11454, #6669, #8550 ) ;
#8469 = AXIS2_PLACEMENT_3D ( 'NONE', #11668, #2760, #6693 ) ;
#8470 = DIRECTION ( 'NONE',  ( 1.000000000000000000, -1.067925513466054003E-16, 6.551204957150059656E-17 ) ) ;
#8471 = EDGE_LOOP ( 'NONE', ( #12915, #526, #6721, #11298 ) ) ;
#8472 = VECTOR ( 'NONE', #308, 1000.000000000000000 ) ;
#8473 = EDGE_LOOP ( 'NONE', ( #1438, #8615, #3376, #2391 ) ) ;
#8474 = VECTOR ( 'NONE', #11565, 1000.000000000000000 ) ;
#8475 = AXIS2_PLACEMENT_3D ( 'NONE', #12823, #791, #8706 ) ;
#8476 = EDGE_LOOP ( 'NONE', ( #2009, #10989 ) ) ;
#8477 = LINE ( 'NONE', #2394, #3460 ) ;
#8478 = VECTOR ( 'NONE', #4881, 1000.000000000000000 ) ;
#8479 = ORIENTED_EDGE ( 'NONE', *, *, #503, .F. ) ;
#8480 = ORIENTED_EDGE ( 'NONE', *, *, #9894, .T. ) ;
#8481 = CARTESIAN_POINT ( 'NONE',  ( 0.000000000000000000, 0.000000000000000000, -44.71208468574654660 ) ) ;
#8482 = VECTOR ( 'NONE', #4391, 1000.000000000000000 ) ;
#8483 = ORIENTED_EDGE ( 'NONE', *, *, #2011, .F. ) ;
#8484 = DIRECTION ( 'NONE',  ( 1.000000000000000000, 0.000000000000000000, 0.000000000000000000 ) ) ;
#8485 = EDGE_LOOP ( 'NONE', ( #2656, #4529, #9337, #11295 ) ) ;
#8486 = ORIENTED_EDGE ( 'NONE', *, *, #1127, .T. ) ;
#8487 = VECTOR ( 'NONE', #3014, 1000.000000000000000 ) ;
#8488 = AXIS2_PLACEMENT_3D ( 'NONE', #2122, #1993, #7231 ) ;
#8489 = CARTESIAN_POINT ( 'NONE',  ( 17.54641016151375155, -10.32496762055949979, 29.66807043893449958 ) ) ;
#8490 = DIRECTION ( 'NONE',  ( -4.112988807310478308E-18, -0.9238795325112874046, 0.3826834323650881720 ) ) ;
#8491 = ADVANCED_FACE ( 'NONE', ( #8500, #1626 ), #2680, .T. ) ;
#8492 = DIRECTION ( 'NONE',  ( 1.000000000000000000, -5.302876193624819920E-17, 3.061616997868629537E-17 ) ) ;
#8493 = VERTEX_POINT ( 'NONE', #10471 ) ;
#8494 = EDGE_CURVE ( 'NONE', #10234, #1220, #6408, .T. ) ;
#8495 = ORIENTED_EDGE ( 'NONE', *, *, #2538, .T. ) ;
#8496 = DIRECTION ( 'NONE',  ( -1.000000000000000000, -2.638697247430395030E-33, -6.370378681743249463E-33 ) ) ;
#8497 = CARTESIAN_POINT ( 'NONE',  ( 14.09999999999999964, 10.32496762055614070, -29.66807043893804874 ) ) ;
#8498 = PLANE ( 'NONE',  #1145 ) ;
#8499 = DIRECTION ( 'NONE',  ( 0.000000000000000000, -0.9238795325112783008, 0.3826834323651103764 ) ) ;
#8500 = FACE_BOUND ( 'NONE', #11543, .T. ) ;
#8501 = ORIENTED_EDGE ( 'NONE', *, *, #10835, .T. ) ;
#8502 = AXIS2_PLACEMENT_3D ( 'NONE', #8146, #8019, #3309 ) ;
#8503 = DIRECTION ( 'NONE',  ( -1.000000000000000000, 4.451867004922774877E-18, 0.000000000000000000 ) ) ;
#8504 = EDGE_CURVE ( 'NONE', #1460, #9168, #5569, .T. ) ;
#8505 = DIRECTION ( 'NONE',  ( 0.000000000000000000, 0.8314696123025479002, 0.5555702330195982919 ) ) ;
#8506 = ORIENTED_EDGE ( 'NONE', *, *, #529, .F. ) ;
#8507 = CARTESIAN_POINT ( 'NONE',  ( -73.59999999999999432, 1.049419181516655842E-14, 5.142634763737189527E-15 ) ) ;
#8508 = LINE ( 'NONE', #12560, #2422 ) ;
#8509 = VECTOR ( 'NONE', #3104, 999.9999999999998863 ) ;
#8510 = ORIENTED_EDGE ( 'NONE', *, *, #11236, .T. ) ;
#8511 = ORIENTED_EDGE ( 'NONE', *, *, #11052, .T. ) ;
#8512 = CARTESIAN_POINT ( 'NONE',  ( -73.59999999999999432, -15.47498216956404882, 6.409947492115229295 ) ) ;
#8513 = DIRECTION ( 'NONE',  ( -1.000000000000000000, 3.103811398048830141E-16, -1.871678662600109722E-16 ) ) ;
#8514 = DIRECTION ( 'NONE',  ( 0.2588190451025481065, 0.8031379722975841018, 0.5366396363910610479 ) ) ;
#8515 = LINE ( 'NONE', #12508, #9443 ) ;
#8516 = EDGE_CURVE ( 'NONE', #10713, #6562, #5978, .T. ) ;
#8517 = FACE_OUTER_BOUND ( 'NONE', #1602, .T. ) ;
#8518 = ORIENTED_EDGE ( 'NONE', *, *, #825, .F. ) ;
#8519 = EDGE_CURVE ( 'NONE', #12513, #9717, #2425, .T. ) ;
#8520 = FACE_OUTER_BOUND ( 'NONE', #10663, .T. ) ;
#8521 = AXIS2_PLACEMENT_3D ( 'NONE', #6247, #4401, #5264 ) ;
#8522 = DIRECTION ( 'NONE',  ( -1.000000000000000000, -3.477373515934200049E-33, -6.022987596888519823E-33 ) ) ;
#8523 = ADVANCED_FACE ( 'NONE', ( #585 ), #9675, .T. ) ;
#8524 = ORIENTED_EDGE ( 'NONE', *, *, #7592, .F. ) ;
#8525 = EDGE_CURVE ( 'NONE', #11067, #10092, #6552, .T. ) ;
#8526 = CARTESIAN_POINT ( 'NONE',  ( -78.79999999999999716, -14.98584592913302060, -6.781365776028199122 ) ) ;
#8527 = CIRCLE ( 'NONE', #2889, 44.99999999999523226 ) ;
#8528 = FACE_OUTER_BOUND ( 'NONE', #6594, .T. ) ;
#8529 = DIRECTION ( 'NONE',  ( 1.000000000000000000, -6.322502648911719004E-17, 9.462293898829198836E-17 ) ) ;
#8530 = DIRECTION ( 'NONE',  ( 0.2588190451025250138, 0.8031379722975888757, 0.5366396363910649336 ) ) ;
#8531 = ORIENTED_EDGE ( 'NONE', *, *, #5419, .F. ) ;
#8532 = CARTESIAN_POINT ( 'NONE',  ( -11.90000000000000391, 4.440526053847132922E-13, -42.50000000000000000 ) ) ;
#8533 = EDGE_CURVE ( 'NONE', #2993, #2424, #3683, .T. ) ;
#8534 = ORIENTED_EDGE ( 'NONE', *, *, #12933, .F. ) ;
#8535 = CONICAL_SURFACE ( 'NONE', #3307, 1.249999999999987121, 1.029744258676652313 ) ;
#8536 = ORIENTED_EDGE ( 'NONE', *, *, #10766, .F. ) ;
#8537 = EDGE_CURVE ( 'NONE', #11973, #11888, #9706, .T. ) ;
#8538 = DIRECTION ( 'NONE',  ( 7.592831564818948166E-18, 0.3826834323650878389, 0.9238795325112876267 ) ) ;
#8539 = ORIENTED_EDGE ( 'NONE', *, *, #2264, .F. ) ;
#8540 = ORIENTED_EDGE ( 'NONE', *, *, #2367, .T. ) ;
#8541 = DIRECTION ( 'NONE',  ( 1.000000000000000000, -2.003086131649754012E-16, 5.941108692445745160E-30 ) ) ;
#8542 = ORIENTED_EDGE ( 'NONE', *, *, #10866, .T. ) ;
#8543 = VERTEX_POINT ( 'NONE', #2611 ) ;
#8544 = LINE ( 'NONE', #12533, #8266 ) ;
#8545 = ORIENTED_EDGE ( 'NONE', *, *, #3415, .F. ) ;
#8546 = DIRECTION ( 'NONE',  ( 1.000000000000000000, -2.905650844594909648E-18, -7.014861676541880450E-18 ) ) ;
#8547 = ORIENTED_EDGE ( 'NONE', *, *, #11050, .F. ) ;
#8548 = DIRECTION ( 'NONE',  ( 1.000000000000000000, -2.905650844594894626E-18, -7.014861676541880450E-18 ) ) ;
#8549 = EDGE_CURVE ( 'NONE', #2744, #3374, #12628, .T. ) ;
#8550 = DIRECTION ( 'NONE',  ( 0.000000000000000000, 1.000000000000000000, 9.714451465470219441E-14 ) ) ;
#8551 = LINE ( 'NONE', #11456, #8368 ) ;
#8552 = EDGE_LOOP ( 'NONE', ( #9199, #1566 ) ) ;
#8553 = ORIENTED_EDGE ( 'NONE', *, *, #11026, .T. ) ;
#8554 = DIRECTION ( 'NONE',  ( 0.000000000000000000, -0.8660254037844397068, -0.4999999999999982792 ) ) ;
#8555 = CARTESIAN_POINT ( 'NONE',  ( -11.90000000000000568, 21.25000000000000000, 38.40607966083854308 ) ) ;
#8556 = PLANE ( 'NONE',  #2623 ) ;
#8557 = EDGE_CURVE ( 'NONE', #6124, #7120, #8628, .T. ) ;
#8558 = CARTESIAN_POINT ( 'NONE',  ( -72.59999999999999432, -5.500000000001572964, -1.750253927720093762E-12 ) ) ;
#8559 = ADVANCED_FACE ( 'NONE', ( #3070 ), #4703, .F. ) ;
#8560 = DIRECTION ( 'NONE',  ( 8.358097092242370159E-18, 0.9099612708765432156, 0.4146932426562390805 ) ) ;
#8561 = ORIENTED_EDGE ( 'NONE', *, *, #11940, .T. ) ;
#8562 = CARTESIAN_POINT ( 'NONE',  ( -72.84391516214240880, 3.580780646389595034, -4.730384508494830165 ) ) ;
#8563 = AXIS2_PLACEMENT_3D ( 'NONE', #6279, #4046, #1348 ) ;
#8564 = CARTESIAN_POINT ( 'NONE',  ( 6.599999999999999645, 10.24639722142362075, 29.30996151448859877 ) ) ;
#8565 = ORIENTED_EDGE ( 'NONE', *, *, #4043, .T. ) ;
#8566 = FACE_OUTER_BOUND ( 'NONE', #4824, .T. ) ;
#8567 = CARTESIAN_POINT ( 'NONE',  ( -73.59999999999999432, -11.45680612973061940, 16.11068258348375082 ) ) ;
#8568 = VECTOR ( 'NONE', #12388, 999.9999999999998863 ) ;
#8569 = ADVANCED_FACE ( 'NONE', ( #4984 ), #9872, .F. ) ;
#8570 = AXIS2_PLACEMENT_3D ( 'NONE', #5627, #2410, #3640 ) ;
#8571 = CARTESIAN_POINT ( 'NONE',  ( -72.84391516214240880, -12.39428389932959895, 22.99335179182930133 ) ) ;
#8572 = ORIENTED_EDGE ( 'NONE', *, *, #9012, .T. ) ;
#8573 = DIRECTION ( 'NONE',  ( 0.000000000000000000, 1.000000000000000000, 9.714451465470228276E-14 ) ) ;
#8574 = AXIS2_PLACEMENT_3D ( 'NONE', #3000, #10003, #2080 ) ;
#8575 = ADVANCED_FACE ( 'NONE', ( #1032 ), #11069, .F. ) ;
#8576 = CARTESIAN_POINT ( 'NONE',  ( 17.10000000000000142, 22.44967953216721668, 15.00039629152740339 ) ) ;
#8577 = CARTESIAN_POINT ( 'NONE',  ( 17.60000000000000142, -13.56769910853943983, 27.50134653015804886 ) ) ;
#8578 = LINE ( 'NONE', #12697, #7574 ) ;
#8579 = FACE_OUTER_BOUND ( 'NONE', #4958, .T. ) ;
#8580 = ORIENTED_EDGE ( 'NONE', *, *, #10684, .T. ) ;
#8581 = LINE ( 'NONE', #1446, #1461 ) ;
#8582 = AXIS2_PLACEMENT_3D ( 'NONE', #10603, #4585, #1431 ) ;
#8583 = VECTOR ( 'NONE', #5788, 1000.000000000000000 ) ;
#8584 = EDGE_CURVE ( 'NONE', #4271, #12343, #976, .T. ) ;
#8585 = CARTESIAN_POINT ( 'NONE',  ( -72.59999999999999432, -1.573077990421341054E-12, -1.750927483459624843E-12 ) ) ;
#8586 = AXIS2_PLACEMENT_3D ( 'NONE', #5619, #4629, #4567 ) ;
#8587 = ORIENTED_EDGE ( 'NONE', *, *, #2918, .F. ) ;
#8588 = EDGE_CURVE ( 'NONE', #61, #8419, #8455, .T. ) ;
#8589 = DIRECTION ( 'NONE',  ( 1.000000000000000000, -3.061616997868609815E-17, -5.302876193624809443E-17 ) ) ;
#8590 = CIRCLE ( 'NONE', #7763, 2.050000000000000711 ) ;
#8591 = DIRECTION ( 'NONE',  ( -1.000000000000000000, 0.000000000000000000, 0.000000000000000000 ) ) ;
#8592 = DIRECTION ( 'NONE',  ( 0.000000000000000000, 0.8314696123025475671, 0.5555702330195986249 ) ) ;
#8593 = VECTOR ( 'NONE', #1557, 1000.000000000000000 ) ;
#8594 = DIRECTION ( 'NONE',  ( 1.000000000000000000, 0.000000000000000000, 0.000000000000000000 ) ) ;
#8595 = CIRCLE ( 'NONE', #3375, 1.750000000000001110 ) ;
#8596 = CARTESIAN_POINT ( 'NONE',  ( 6.599999999999999645, -1.250000000002960077, 31.00000000000000000 ) ) ;
#8597 = VERTEX_POINT ( 'NONE', #777 ) ;
#8598 = DIRECTION ( 'NONE',  ( 0.5150380749100560429, -0.8571673007021111124, -8.211731712495831096E-14 ) ) ;
#8599 = VERTEX_POINT ( 'NONE', #8884 ) ;
#8600 = ADVANCED_FACE ( 'NONE', ( #4784 ), #9805, .F. ) ;
#8601 = AXIS2_PLACEMENT_3D ( 'NONE', #2975, #5016, #6974 ) ;
#8602 = VERTEX_POINT ( 'NONE', #5045 ) ;
#8603 = AXIS2_PLACEMENT_3D ( 'NONE', #10604, #9483, #519 ) ;
#8604 = FACE_OUTER_BOUND ( 'NONE', #6469, .T. ) ;
#8605 = ORIENTED_EDGE ( 'NONE', *, *, #9480, .T. ) ;
#8606 = ORIENTED_EDGE ( 'NONE', *, *, #10582, .T. ) ;
#8607 = VECTOR ( 'NONE', #5843, 1000.000000000000000 ) ;
#8608 = EDGE_CURVE ( 'NONE', #5860, #3203, #12944, .T. ) ;
#8609 = CARTESIAN_POINT ( 'NONE',  ( -78.79999999999999716, -9.734730684087701036, 20.26814047978455235 ) ) ;
#8610 = ORIENTED_EDGE ( 'NONE', *, *, #7228, .T. ) ;
#8611 = ORIENTED_EDGE ( 'NONE', *, *, #7992, .T. ) ;
#8612 = DIRECTION ( 'NONE',  ( 1.000000000000000000, -3.104650516289595075E-16, 1.871678662600109722E-16 ) ) ;
#8613 = ORIENTED_EDGE ( 'NONE', *, *, #10324, .T. ) ;
#8614 = DIRECTION ( 'NONE',  ( 1.000000000000000000, -2.905650844594904641E-18, -7.014861676541880450E-18 ) ) ;
#8615 = ORIENTED_EDGE ( 'NONE', *, *, #7016, .T. ) ;
#8616 = DIRECTION ( 'NONE',  ( 0.000000000000000000, 1.000000000000000000, 0.000000000000000000 ) ) ;
#8617 = EDGE_CURVE ( 'NONE', #2617, #11674, #908, .T. ) ;
#8618 = CYLINDRICAL_SURFACE ( 'NONE', #1136, 1.750000000000001110 ) ;
#8619 = LINE ( 'NONE', #7510, #7945 ) ;
#8620 = ORIENTED_EDGE ( 'NONE', *, *, #12073, .T. ) ;
#8621 = ORIENTED_EDGE ( 'NONE', *, *, #10452, .F. ) ;
#8622 = DIRECTION ( 'NONE',  ( 0.000000000000000000, -0.4999999999999950040, 0.8660254037844414832 ) ) ;
#8623 = EDGE_CURVE ( 'NONE', #788, #7868, #11908, .T. ) ;
#8624 = AXIS2_PLACEMENT_3D ( 'NONE', #4390, #330, #12178 ) ;
#8625 = PLANE ( 'NONE',  #10561 ) ;
#8626 = FACE_OUTER_BOUND ( 'NONE', #4742, .T. ) ;
#8627 = CARTESIAN_POINT ( 'NONE',  ( -1.899999999999999911, -2.973621349156020086E-12, 31.00000000000000000 ) ) ;
#8628 = LINE ( 'NONE', #10662, #1376 ) ;
#8629 = ORIENTED_EDGE ( 'NONE', *, *, #6619, .F. ) ;
#8630 = DIRECTION ( 'NONE',  ( 0.5150380749100560429, -0.8571673007021111124, -8.211731712495831096E-14 ) ) ;
#8631 = EDGE_CURVE ( 'NONE', #11101, #3764, #9289, .T. ) ;
#8632 = DIRECTION ( 'NONE',  ( 1.000000000000000000, 0.000000000000000000, 0.000000000000000000 ) ) ;
#8633 = VERTEX_POINT ( 'NONE', #7972 ) ;
#8634 = CARTESIAN_POINT ( 'NONE',  ( -43.70000000000000284, 9.170015562812520135E-15, -5.294310956540069148E-15 ) ) ;
#8635 = DIRECTION ( 'NONE',  ( 0.7071067811865481278, -0.6532814824381880658, 0.2705980500730974514 ) ) ;
#8636 = FACE_OUTER_BOUND ( 'NONE', #8637, .T. ) ;
#8637 = EDGE_LOOP ( 'NONE', ( #29, #712, #899, #4791 ) ) ;
#8638 = CARTESIAN_POINT ( 'NONE',  ( -14.50000000000000000, -9.540979117872440597E-15, -45.00000000000000000 ) ) ;
#8639 = CARTESIAN_POINT ( 'NONE',  ( -72.84391516214240880, -14.32693187246877997, 9.181586089649099947 ) ) ;
#8640 = DIRECTION ( 'NONE',  ( -1.000000000000000000, -2.638697247430395030E-33, -6.370378681743239884E-33 ) ) ;
#8641 = LINE ( 'NONE', #3676, #3810 ) ;
#8642 = CARTESIAN_POINT ( 'NONE',  ( -43.89999999999999858, 9.191715662570118482E-15, -5.306839514996540209E-15 ) ) ;
#8643 = VERTEX_POINT ( 'NONE', #6998 ) ;
#8644 = DIRECTION ( 'NONE',  ( 7.592831564818957410E-18, 0.3826834323650886160, 0.9238795325112872936 ) ) ;
#8645 = EDGE_CURVE ( 'NONE', #4774, #7444, #11778, .T. ) ;
#8646 = ORIENTED_EDGE ( 'NONE', *, *, #2692, .F. ) ;
#8647 = EDGE_CURVE ( 'NONE', #8543, #8643, #3925, .T. ) ;
#8648 = CARTESIAN_POINT ( 'NONE',  ( -73.29999999999999716, 20.28735384479720238, -10.90193881049149915 ) ) ;
#8649 = CARTESIAN_POINT ( 'NONE',  ( -1.899999999999999911, 1.250000000001630029, -31.00000000000000000 ) ) ;
#8650 = FACE_OUTER_BOUND ( 'NONE', #5754, .T. ) ;
#8651 = DIRECTION ( 'NONE',  ( -1.000000000000000000, 0.000000000000000000, 0.000000000000000000 ) ) ;
#8652 = DIRECTION ( 'NONE',  ( 0.000000000000000000, -0.9238795325112917345, 0.3826834323650779024 ) ) ;
#8653 = EDGE_LOOP ( 'NONE', ( #5510, #8057, #3507, #2339 ) ) ;
#8654 = DIRECTION ( 'NONE',  ( -1.156482317318063517E-16, 1.158266845658971862E-32, 1.000000000000000000 ) ) ;
#8655 = ORIENTED_EDGE ( 'NONE', *, *, #11278, .F. ) ;
#8656 = EDGE_LOOP ( 'NONE', ( #8191, #302 ) ) ;
#8657 = AXIS2_PLACEMENT_3D ( 'NONE', #5236, #4176, #11132 ) ;
#8658 = VECTOR ( 'NONE', #5837, 1000.000000000000000 ) ;
#8659 = CYLINDRICAL_SURFACE ( 'NONE', #3089, 1.000000000000000222 ) ;
#8660 = EDGE_LOOP ( 'NONE', ( #8671, #8136, #6847, #12527 ) ) ;
#8661 = LINE ( 'NONE', #9653, #1589 ) ;
#8662 = CIRCLE ( 'NONE', #727, 1.600000000000000755 ) ;
#8663 = AXIS2_PLACEMENT_3D ( 'NONE', #6969, #8001, #11932 ) ;
#8664 = VERTEX_POINT ( 'NONE', #3790 ) ;
#8665 = VERTEX_POINT ( 'NONE', #1953 ) ;
#8666 = CARTESIAN_POINT ( 'NONE',  ( -78.79999999999999716, -24.09895763486624531, -7.877356213408289953 ) ) ;
#8667 = VERTEX_POINT ( 'NONE', #11849 ) ;
#8668 = DIRECTION ( 'NONE',  ( -1.000000000000000000, 2.905650844594909648E-18, 7.014861676541880450E-18 ) ) ;
#8669 = CARTESIAN_POINT ( 'NONE',  ( 15.10000000000000142, -1.578535690194725013E-12, -1.742570829931520138E-12 ) ) ;
#8670 = CONICAL_SURFACE ( 'NONE', #10350, 45.00000000000000000, 0.7853981633974744803 ) ;
#8671 = ORIENTED_EDGE ( 'NONE', *, *, #588, .T. ) ;
#8672 = AXIS2_PLACEMENT_3D ( 'NONE', #411, #8255, #10426 ) ;
#8673 = EDGE_CURVE ( 'NONE', #12067, #4298, #11972, .T. ) ;
#8674 = DIRECTION ( 'NONE',  ( -7.592831564818952788E-18, -0.3826834323650881720, -0.9238795325112874046 ) ) ;
#8675 = CARTESIAN_POINT ( 'NONE',  ( 17.60000000000000142, -31.00000000000159872, -1.223724730490525882E-12 ) ) ;
#8676 = EDGE_CURVE ( 'NONE', #3225, #12572, #8954, .T. ) ;
#8677 = VECTOR ( 'NONE', #55, 1000.000000000000000 ) ;
#8678 = AXIS2_PLACEMENT_3D ( 'NONE', #11917, #3139, #6037 ) ;
#8679 = DIRECTION ( 'NONE',  ( 1.000000000000000000, 0.000000000000000000, 0.000000000000000000 ) ) ;
#8680 = ORIENTED_EDGE ( 'NONE', *, *, #2287, .F. ) ;
#8681 = CONICAL_SURFACE ( 'NONE', #3672, 1.849999999999998090, 1.308996938995746318 ) ;
#8682 = CIRCLE ( 'NONE', #9311, 1.249999999999987121 ) ;
#8683 = EDGE_CURVE ( 'NONE', #8434, #11800, #12035, .T. ) ;
#8684 = ORIENTED_EDGE ( 'NONE', *, *, #10616, .T. ) ;
#8685 = CARTESIAN_POINT ( 'NONE',  ( -73.29999999999999716, 5.487434994207559313, -21.56619014068925111 ) ) ;
#8686 = ADVANCED_FACE ( 'NONE', ( #60 ), #8694, .T. ) ;
#8687 = LINE ( 'NONE', #9801, #2621 ) ;
#8688 = CIRCLE ( 'NONE', #11430, 1.249999999999985567 ) ;
#8689 = AXIS2_PLACEMENT_3D ( 'NONE', #11693, #4687, #4823 ) ;
#8690 = CARTESIAN_POINT ( 'NONE',  ( -11.90000000000001101, -36.80607966083859850, 21.25000000000000000 ) ) ;
#8691 = DIRECTION ( 'NONE',  ( 1.000000000000000000, 0.000000000000000000, 0.000000000000000000 ) ) ;
#8692 = LINE ( 'NONE', #12552, #6201 ) ;
#8693 = ORIENTED_EDGE ( 'NONE', *, *, #5443, .F. ) ;
#8694 = TOROIDAL_SURFACE ( 'NONE', #11436, 1.300000000000000044, 0.2999999999999999889 ) ;
#8695 = DIRECTION ( 'NONE',  ( 1.000000000000000000, 0.000000000000000000, 0.000000000000000000 ) ) ;
#8696 = EDGE_CURVE ( 'NONE', #3109, #6913, #8030, .T. ) ;
#8697 = CARTESIAN_POINT ( 'NONE',  ( 5.599999999999999645, 42.50000000000000000, -1.600000000000000089 ) ) ;
#8698 = CIRCLE ( 'NONE', #11845, 0.3000000000000005995 ) ;
#8699 = ORIENTED_EDGE ( 'NONE', *, *, #3642, .F. ) ;
#8700 = DIRECTION ( 'NONE',  ( 0.000000000000000000, 0.8314696123025481223, 0.5555702330195977368 ) ) ;
#8701 = DIRECTION ( 'NONE',  ( 0.000000000000000000, 0.9099612708765447699, 0.4146932426562352503 ) ) ;
#8702 = FACE_OUTER_BOUND ( 'NONE', #8814, .T. ) ;
#8703 = ORIENTED_EDGE ( 'NONE', *, *, #4833, .F. ) ;
#8704 = ADVANCED_FACE ( 'NONE', ( #1163 ), #2400, .T. ) ;
#8705 = FACE_OUTER_BOUND ( 'NONE', #2202, .T. ) ;
#8706 = DIRECTION ( 'NONE',  ( 0.000000000000000000, -0.9238795325112788559, 0.3826834323651088221 ) ) ;
#8707 = CARTESIAN_POINT ( 'NONE',  ( -78.79999999999999716, -8.097544146561439504, 9.848465809174978602 ) ) ;
#8708 = DIRECTION ( 'NONE',  ( 0.000000000000000000, -0.9238795325112867385, 0.3826834323650899483 ) ) ;
#8709 = VECTOR ( 'NONE', #10205, 1000.000000000000000 ) ;
#8710 = ADVANCED_FACE ( 'NONE', ( #3199 ), #6222, .F. ) ;
#8711 = FACE_OUTER_BOUND ( 'NONE', #4224, .T. ) ;
#8712 = ORIENTED_EDGE ( 'NONE', *, *, #2731, .T. ) ;
#8713 = CARTESIAN_POINT ( 'NONE',  ( 5.599999999999999645, 1.388469777829602426E-13, 40.90000000000000568 ) ) ;
#8714 = CARTESIAN_POINT ( 'NONE',  ( -73.09999999999999432, 32.24339568464406369, -13.35565178954122345 ) ) ;
#8715 = CIRCLE ( 'NONE', #11654, 1.599999999999997202 ) ;
#8716 = EDGE_LOOP ( 'NONE', ( #6809, #12162, #8479, #9501 ) ) ;
#8717 = DIRECTION ( 'NONE',  ( 8.632079425447162950E-18, 0.7933533402912363863, 0.6087614290087192126 ) ) ;
#8718 = CARTESIAN_POINT ( 'NONE',  ( 6.599999999999999645, -27.39026550784944902, -11.86318640331871954 ) ) ;
#8719 = CARTESIAN_POINT ( 'NONE',  ( 14.09999999999999964, -1.382405144857996099E-12, 30.99999999999824851 ) ) ;
#8720 = LINE ( 'NONE', #7488, #4430 ) ;
#8721 = DIRECTION ( 'NONE',  ( 0.000000000000000000, -0.9238795325112914014, 0.3826834323650783465 ) ) ;
#8722 = EDGE_LOOP ( 'NONE', ( #5784, #7904, #2700, #11756, #5825, #4032, #7198, #2151, #2248 ) ) ;
#8723 = EDGE_CURVE ( 'NONE', #6124, #1703, #8355, .T. ) ;
#8724 = AXIS2_PLACEMENT_3D ( 'NONE', #1374, #5391, #4462 ) ;
#8725 = DIRECTION ( 'NONE',  ( 4.112988807310475227E-18, 0.9238795325112871826, -0.3826834323650885605 ) ) ;
#8726 = ORIENTED_EDGE ( 'NONE', *, *, #4868, .T. ) ;
#8727 = CARTESIAN_POINT ( 'NONE',  ( 5.599999999999999645, -21.25000000000000000, 35.20607966083885287 ) ) ;
#8728 = ORIENTED_EDGE ( 'NONE', *, *, #1883, .F. ) ;
#8729 = CARTESIAN_POINT ( 'NONE',  ( -43.91208468574654944, 9.027142616252849676E-15, -5.184576305864479733E-15 ) ) ;
#8730 = ORIENTED_EDGE ( 'NONE', *, *, #7267, .T. ) ;
#8731 = CIRCLE ( 'NONE', #2676, 1.749999999999999556 ) ;
#8732 = CIRCLE ( 'NONE', #2257, 33.20000000000000995 ) ;
#8733 = LINE ( 'NONE', #2783, #4961 ) ;
#8734 = ORIENTED_EDGE ( 'NONE', *, *, #12133, .T. ) ;
#8735 = ORIENTED_EDGE ( 'NONE', *, *, #12525, .F. ) ;
#8736 = DIRECTION ( 'NONE',  ( 0.000000000000000000, -0.8314696123025484553, -0.5555702330195974037 ) ) ;
#8737 = EDGE_LOOP ( 'NONE', ( #6993, #10941, #8439, #73 ) ) ;
#8738 = FACE_OUTER_BOUND ( 'NONE', #2690, .T. ) ;
#8739 = CARTESIAN_POINT ( 'NONE',  ( 0.000000000000000000, 0.000000000000000000, 0.000000000000000000 ) ) ;
#8740 = ADVANCED_FACE ( 'NONE', ( #8229 ), #9148, .F. ) ;
#8741 = ORIENTED_EDGE ( 'NONE', *, *, #8631, .T. ) ;
#8742 = CIRCLE ( 'NONE', #4151, 0.2999999999999999889 ) ;
#8743 = DIRECTION ( 'NONE',  ( -1.000000000000000000, 0.000000000000000000, 0.000000000000000000 ) ) ;
#8744 = CARTESIAN_POINT ( 'NONE',  ( 14.10000000000099973, -27.10204672509154378, 12.89099133440282507 ) ) ;
#8745 = CARTESIAN_POINT ( 'NONE',  ( 14.10000000000099973, -23.53709939867719925, 22.59000622342244924 ) ) ;
#8746 = ORIENTED_EDGE ( 'NONE', *, *, #5202, .F. ) ;
#8747 = ORIENTED_EDGE ( 'NONE', *, *, #2121, .F. ) ;
#8748 = AXIS2_PLACEMENT_3D ( 'NONE', #7762, #3711, #2791 ) ;
#8749 = ORIENTED_EDGE ( 'NONE', *, *, #11577, .T. ) ;
#8750 = DIRECTION ( 'NONE',  ( 0.000000000000000000, 1.000000000000000000, 9.592326932761342412E-14 ) ) ;
#8751 = EDGE_CURVE ( 'NONE', #11950, #1373, #5789, .T. ) ;
#8752 = EDGE_LOOP ( 'NONE', ( #7389, #7496, #2812, #12833 ) ) ;
#8753 = CARTESIAN_POINT ( 'NONE',  ( -59.50000000000000000, -13.40140518607891984, 27.61246057676195420 ) ) ;
#8754 = EDGE_CURVE ( 'NONE', #374, #11736, #11194, .T. ) ;
#8755 = FACE_OUTER_BOUND ( 'NONE', #8752, .T. ) ;
#8756 = FACE_OUTER_BOUND ( 'NONE', #5023, .T. ) ;
#8757 = DIRECTION ( 'NONE',  ( 1.000000000000000000, -6.705557021117060106E-18, -5.440889002481110112E-18 ) ) ;
#8758 = VERTEX_POINT ( 'NONE', #6152 ) ;
#8759 = EDGE_CURVE ( 'NONE', #889, #10006, #11399, .T. ) ;
#8760 = DIRECTION ( 'NONE',  ( -6.705557021117060106E-18, -1.000000000000000000, 0.000000000000000000 ) ) ;
#8761 = EDGE_CURVE ( 'NONE', #10382, #2830, #9745, .T. ) ;
#8762 = CARTESIAN_POINT ( 'NONE',  ( -43.89999999999999858, 9.191715662570118482E-15, -5.306839514996540209E-15 ) ) ;
#8763 = VERTEX_POINT ( 'NONE', #1227 ) ;
#8764 = CARTESIAN_POINT ( 'NONE',  ( -72.84391516214240880, -9.582305619189098067, 6.263934525068219905 ) ) ;
#8765 = CARTESIAN_POINT ( 'NONE',  ( -59.50000000000000000, -32.53821878276129809, -1.027804931087483942 ) ) ;
#8766 = CARTESIAN_POINT ( 'NONE',  ( -72.09999999999999432, 12.67612903413576042, -18.29011352370335075 ) ) ;
#8767 = ORIENTED_EDGE ( 'NONE', *, *, #1392, .F. ) ;
#8768 = DIRECTION ( 'NONE',  ( -1.000000000000000000, 6.705557021117060106E-18, 5.440889002481110112E-18 ) ) ;
#8769 = DIRECTION ( 'NONE',  ( 4.112988807310475227E-18, 0.9238795325112871826, -0.3826834323650885605 ) ) ;
#8770 = CARTESIAN_POINT ( 'NONE',  ( 7.000000000000950351, -32.33578363789477095, 13.39392013277881155 ) ) ;
#8771 = CARTESIAN_POINT ( 'NONE',  ( -1.899999999999999911, -23.17031021678339897, 21.92031021678235092 ) ) ;
#8772 = CARTESIAN_POINT ( 'NONE',  ( 6.599999999999999645, -21.92031021678205249, -21.92031021678390346 ) ) ;
#8773 = VERTEX_POINT ( 'NONE', #7128 ) ;
#8774 = DIRECTION ( 'NONE',  ( 0.000000000000000000, -0.3826834323650881720, -0.9238795325112874046 ) ) ;
#8775 = DIRECTION ( 'NONE',  ( 1.000000000000000000, 0.000000000000000000, 0.000000000000000000 ) ) ;
#8776 = VERTEX_POINT ( 'NONE', #2217 ) ;
#8777 = CIRCLE ( 'NONE', #5659, 1.299999999999999600 ) ;
#8778 = LINE ( 'NONE', #1585, #11022 ) ;
#8779 = EDGE_LOOP ( 'NONE', ( #9180, #742 ) ) ;
#8780 = DIRECTION ( 'NONE',  ( 1.000000000000000000, -3.103811398048830141E-16, 1.871678662600109722E-16 ) ) ;
#8781 = ADVANCED_FACE ( 'NONE', ( #4378 ), #10194, .F. ) ;
#8782 = CYLINDRICAL_SURFACE ( 'NONE', #7579, 1.249999999999987121 ) ;
#8783 = DIRECTION ( 'NONE',  ( 1.000000000000000000, -6.322502648911719004E-17, 9.462293898829198836E-17 ) ) ;
#8784 = CARTESIAN_POINT ( 'NONE',  ( -72.84391516214240880, -23.17507810235494858, -8.260039645773369799 ) ) ;
#8785 = DIRECTION ( 'NONE',  ( 0.000000000000000000, -0.3826834323650881720, -0.9238795325112874046 ) ) ;
#8786 = ORIENTED_EDGE ( 'NONE', *, *, #3455, .T. ) ;
#8787 = AXIS2_PLACEMENT_3D ( 'NONE', #5373, #3327, #2087 ) ;
#8788 = PLANE ( 'NONE',  #10201 ) ;
#8789 = CONICAL_SURFACE ( 'NONE', #1890, 1.850000000000000311, 1.308996938995738102 ) ;
#8790 = DIRECTION ( 'NONE',  ( -1.000000000000000000, 0.000000000000000000, 0.000000000000000000 ) ) ;
#8791 = VERTEX_POINT ( 'NONE', #121 ) ;
#8792 = CARTESIAN_POINT ( 'NONE',  ( -72.84391516214240880, 5.302856092032490309, -0.5729266121940350676 ) ) ;
#8793 = ORIENTED_EDGE ( 'NONE', *, *, #6746, .F. ) ;
#8794 = VECTOR ( 'NONE', #10473, 1000.000000000000227 ) ;
#8795 = EDGE_CURVE ( 'NONE', #8949, #4811, #4741, .T. ) ;
#8796 = DIRECTION ( 'NONE',  ( 1.000000000000000000, -1.067925513466054003E-16, 6.551204957150059656E-17 ) ) ;
#8797 = ORIENTED_EDGE ( 'NONE', *, *, #10039, .F. ) ;
#8798 = ORIENTED_EDGE ( 'NONE', *, *, #9762, .F. ) ;
#8799 = CARTESIAN_POINT ( 'NONE',  ( -1.899999999999999911, -29.89026550785019865, 11.86318640331690055 ) ) ;
#8800 = ORIENTED_EDGE ( 'NONE', *, *, #4386, .F. ) ;
#8801 = DIRECTION ( 'NONE',  ( -1.000000000000000000, 1.164243943608597907E-16, -6.264279228234968532E-17 ) ) ;
#8802 = EDGE_LOOP ( 'NONE', ( #11010, #2585 ) ) ;
#8803 = DIRECTION ( 'NONE',  ( 0.000000000000000000, 1.000000000000000000, 9.714451465470219441E-14 ) ) ;
#8804 = AXIS2_PLACEMENT_3D ( 'NONE', #7263, #9275, #5177 ) ;
#8805 = DIRECTION ( 'NONE',  ( -9.745637505488721308E-17, -1.000000000000000000, 0.000000000000000000 ) ) ;
#8806 = AXIS2_PLACEMENT_3D ( 'NONE', #7866, #276, #6300 ) ;
#8807 = CARTESIAN_POINT ( 'NONE',  ( 6.599999999999999645, 21.92031021678110037, 21.92031021678485203 ) ) ;
#8808 = ORIENTED_EDGE ( 'NONE', *, *, #6151, .F. ) ;
#8809 = ORIENTED_EDGE ( 'NONE', *, *, #5696, .F. ) ;
#8810 = EDGE_CURVE ( 'NONE', #6581, #8885, #8161, .T. ) ;
#8811 = VERTEX_POINT ( 'NONE', #2279 ) ;
#8812 = CARTESIAN_POINT ( 'NONE',  ( 6.599999999999999645, 1.249999999997011946, 31.00000000000000000 ) ) ;
#8813 = VECTOR ( 'NONE', #6453, 999.9999999999998863 ) ;
#8814 = EDGE_LOOP ( 'NONE', ( #11005, #1170, #10124 ) ) ;
#8815 = CARTESIAN_POINT ( 'NONE',  ( -73.59999999999999432, -5.801443552370909806, 15.39174300424269859 ) ) ;
#8816 = EDGE_CURVE ( 'NONE', #3954, #11067, #8036, .T. ) ;
#8817 = AXIS2_PLACEMENT_3D ( 'NONE', #1315, #7349, #285 ) ;
#8818 = CARTESIAN_POINT ( 'NONE',  ( -59.50000000000000000, 13.40140518607555897, -27.61246057676554955 ) ) ;
#8819 = DIRECTION ( 'NONE',  ( 0.000000000000000000, -0.7933533402912334997, -0.6087614290087227653 ) ) ;
#8820 = DIRECTION ( 'NONE',  ( 1.000000000000000000, -6.322502648911709143E-17, 9.462293898829198836E-17 ) ) ;
#8821 = ORIENTED_EDGE ( 'NONE', *, *, #632, .T. ) ;
#8822 = CARTESIAN_POINT ( 'NONE',  ( -56.21032168798580386, -17.56051023625829899, 10.52097810292690028 ) ) ;
#8823 = AXIS2_PLACEMENT_3D ( 'NONE', #5599, #2574, #12515 ) ;
#8824 = CARTESIAN_POINT ( 'NONE',  ( -72.84391516214240880, 14.99584422548720042, -15.34039867274135105 ) ) ;
#8825 = ORIENTED_EDGE ( 'NONE', *, *, #9553, .T. ) ;
#8826 = DIRECTION ( 'NONE',  ( 0.000000000000000000, -0.9238795325112875156, 0.3826834323650881720 ) ) ;
#8827 = CARTESIAN_POINT ( 'NONE',  ( -72.84391516214240880, 9.402416280118650604, -13.51802752236327976 ) ) ;
#8828 = CARTESIAN_POINT ( 'NONE',  ( 6.599999999999999645, -13.11318640331639962, -28.64026550785060010 ) ) ;
#8829 = EDGE_LOOP ( 'NONE', ( #11631, #2368 ) ) ;
#8830 = CARTESIAN_POINT ( 'NONE',  ( -1.899999999999999911, 31.00000000000000000, 2.307831424685130031E-12 ) ) ;
#8831 = FACE_OUTER_BOUND ( 'NONE', #7047, .T. ) ;
#8832 = ORIENTED_EDGE ( 'NONE', *, *, #8293, .T. ) ;
#8833 = CARTESIAN_POINT ( 'NONE',  ( -73.59999999999999432, -4.079368106728010090, 19.54920090054350013 ) ) ;
#8834 = FACE_BOUND ( 'NONE', #8802, .T. ) ;
#8835 = ORIENTED_EDGE ( 'NONE', *, *, #11764, .F. ) ;
#8836 = LINE ( 'NONE', #3871, #11925 ) ;
#8837 = CYLINDRICAL_SURFACE ( 'NONE', #8806, 1.249999999999999334 ) ;
#8838 = ADVANCED_FACE ( 'NONE', ( #12167 ), #5370, .F. ) ;
#8839 = ORIENTED_EDGE ( 'NONE', *, *, #7724, .F. ) ;
#8840 = EDGE_CURVE ( 'NONE', #841, #22, #1290, .T. ) ;
#8841 = ADVANCED_FACE ( 'NONE', ( #3325 ), #7314, .T. ) ;
#8842 = DIRECTION ( 'NONE',  ( -1.000000000000000000, 6.705557021117060106E-18, 5.440889002481110112E-18 ) ) ;
#8843 = ORIENTED_EDGE ( 'NONE', *, *, #395, .F. ) ;
#8844 = FACE_OUTER_BOUND ( 'NONE', #9447, .T. ) ;
#8845 = ADVANCED_FACE ( 'NONE', ( #5690 ), #444, .F. ) ;
#8846 = DIRECTION ( 'NONE',  ( 0.000000000000000000, 1.000000000000000000, 9.714451465470219441E-14 ) ) ;
#8847 = DIRECTION ( 'NONE',  ( -1.000000000000000000, 6.705557021117060106E-18, 5.440889002481110112E-18 ) ) ;
#8848 = DIRECTION ( 'NONE',  ( 0.000000000000000000, 1.000000000000000000, 9.575673587392073611E-14 ) ) ;
#8849 = ADVANCED_FACE ( 'NONE', ( #12414 ), #8618, .F. ) ;
#8850 = DIRECTION ( 'NONE',  ( 1.000000000000000000, -1.067925513466054003E-16, 6.551204957150059656E-17 ) ) ;
#8851 = ORIENTED_EDGE ( 'NONE', *, *, #1960, .F. ) ;
#8852 = DIRECTION ( 'NONE',  ( -1.000000000000000000, 1.085004987880022001E-16, -6.264279228234968532E-17 ) ) ;
#8853 = DIRECTION ( 'NONE',  ( 1.000000000000000000, 0.000000000000000000, 0.000000000000000000 ) ) ;
#8854 = ADVANCED_FACE ( 'NONE', ( #10591, #9397 ), #4698, .F. ) ;
#8855 = VERTEX_POINT ( 'NONE', #8489 ) ;
#8856 = DIRECTION ( 'NONE',  ( -1.000000000000000000, 3.103811398048830141E-16, -1.871678662600109722E-16 ) ) ;
#8857 = ORIENTED_EDGE ( 'NONE', *, *, #10784, .F. ) ;
#8858 = LINE ( 'NONE', #7883, #4530 ) ;
#8859 = ORIENTED_EDGE ( 'NONE', *, *, #147, .F. ) ;
#8860 = ORIENTED_EDGE ( 'NONE', *, *, #2600, .F. ) ;
#8861 = FACE_OUTER_BOUND ( 'NONE', #12630, .T. ) ;
#8862 = ORIENTED_EDGE ( 'NONE', *, *, #6354, .T. ) ;
#8863 = DIRECTION ( 'NONE',  ( -7.592831564818952788E-18, -0.3826834323650881720, -0.9238795325112874046 ) ) ;
#8864 = EDGE_CURVE ( 'NONE', #8763, #3061, #12604, .T. ) ;
#8865 = DIRECTION ( 'NONE',  ( 9.637352644316613366E-17, 1.000000000000000000, 0.000000000000000000 ) ) ;
#8866 = EDGE_LOOP ( 'NONE', ( #6448, #7352, #11397, #3830 ) ) ;
#8867 = VECTOR ( 'NONE', #5858, 1000.000000000000000 ) ;
#8868 = DIRECTION ( 'NONE',  ( 0.000000000000000000, 0.8314696123025483443, 0.5555702330195975147 ) ) ;
#8869 = CARTESIAN_POINT ( 'NONE',  ( 17.40000000000000213, 29.01828946935734876, 19.38940113238222906 ) ) ;
#8870 = CARTESIAN_POINT ( 'NONE',  ( -14.90000000000000036, -9.540979117872440597E-15, 0.000000000000000000 ) ) ;
#8871 = VECTOR ( 'NONE', #11299, 1000.000000000000000 ) ;
#8872 = ORIENTED_EDGE ( 'NONE', *, *, #10923, .T. ) ;
#8873 = ORIENTED_EDGE ( 'NONE', *, *, #9999, .T. ) ;
#8874 = CARTESIAN_POINT ( 'NONE',  ( 14.10000000000099973, 30.17848429060790494, -10.83538147223355885 ) ) ;
#8875 = VECTOR ( 'NONE', #5289, 1000.000000000000000 ) ;
#8876 = ORIENTED_EDGE ( 'NONE', *, *, #10309, .T. ) ;
#8877 = CARTESIAN_POINT ( 'NONE',  ( 6.599999999999999645, -10.61318640331642094, -28.64026550785035141 ) ) ;
#8878 = VECTOR ( 'NONE', #4124, 1000.000000000000000 ) ;
#8879 = FACE_OUTER_BOUND ( 'NONE', #7107, .T. ) ;
#8880 = DIRECTION ( 'NONE',  ( 1.000000000000000000, 0.000000000000000000, 0.000000000000000000 ) ) ;
#8881 = VECTOR ( 'NONE', #4644, 999.9999999999998863 ) ;
#8882 = VECTOR ( 'NONE', #2307, 1000.000000000000000 ) ;
#8883 = VECTOR ( 'NONE', #2628, 1000.000000000000114 ) ;
#8884 = CARTESIAN_POINT ( 'NONE',  ( -72.84391516214240880, -14.56470087414044023, 12.52724983573060058 ) ) ;
#8885 = VERTEX_POINT ( 'NONE', #9665 ) ;
#8886 = EDGE_CURVE ( 'NONE', #489, #4370, #11828, .T. ) ;
#8887 = DIRECTION ( 'NONE',  ( 0.000000000000000000, -0.4146932426562423557, 0.9099612708765417723 ) ) ;
#8888 = AXIS2_PLACEMENT_3D ( 'NONE', #9043, #6966, #4945 ) ;
#8889 = VECTOR ( 'NONE', #5651, 1000.000000000000227 ) ;
#8890 = FACE_OUTER_BOUND ( 'NONE', #12545, .T. ) ;
#8891 = EDGE_CURVE ( 'NONE', #7472, #928, #698, .T. ) ;
#8892 = VERTEX_POINT ( 'NONE', #2533 ) ;
#8893 = CARTESIAN_POINT ( 'NONE',  ( -73.09999999999999432, -2.066205161904769999E-14, 1.491883645478428116E-14 ) ) ;
#8894 = DIRECTION ( 'NONE',  ( 0.000000000000000000, -0.9238795325112788559, 0.3826834323651088221 ) ) ;
#8895 = VECTOR ( 'NONE', #5614, 1000.000000000000000 ) ;
#8896 = CIRCLE ( 'NONE', #4723, 34.40000000000000568 ) ;
#8897 = VERTEX_POINT ( 'NONE', #2597 ) ;
#8898 = CIRCLE ( 'NONE', #3264, 1.750000000000001110 ) ;
#8899 = PLANE ( 'NONE',  #10769 ) ;
#8900 = DIRECTION ( 'NONE',  ( 0.000000000000000000, 1.000000000000000000, 9.575673587392073611E-14 ) ) ;
#8901 = AXIS2_PLACEMENT_3D ( 'NONE', #10273, #10407, #6164 ) ;
#8902 = CARTESIAN_POINT ( 'NONE',  ( -72.84391516214240880, -12.84262542849756095, 16.68470773203140212 ) ) ;
#8903 = EDGE_CURVE ( 'NONE', #3767, #3342, #2191, .T. ) ;
#8904 = LINE ( 'NONE', #10879, #2630 ) ;
#8905 = ORIENTED_EDGE ( 'NONE', *, *, #8952, .T. ) ;
#8906 = AXIS2_PLACEMENT_3D ( 'NONE', #3674, #10813, #11598 ) ;
#8907 = AXIS2_PLACEMENT_3D ( 'NONE', #11301, #4605, #11433 ) ;
#8908 = CARTESIAN_POINT ( 'NONE',  ( 17.60000000000000142, 29.29548729477820146, -1.138918977692229939 ) ) ;
#8909 = CONICAL_SURFACE ( 'NONE', #11641, 44.69999999999999574, 0.7853981633974136400 ) ;
#8910 = FACE_OUTER_BOUND ( 'NONE', #12287, .T. ) ;
#8911 = ORIENTED_EDGE ( 'NONE', *, *, #10215, .T. ) ;
#8912 = CIRCLE ( 'NONE', #1389, 1.850000000000000311 ) ;
#8913 = ORIENTED_EDGE ( 'NONE', *, *, #134, .T. ) ;
#8914 = ADVANCED_FACE ( 'NONE', ( #1474 ), #6416, .F. ) ;
#8915 = CARTESIAN_POINT ( 'NONE',  ( -73.59999999999999432, -1.386985843084705960, 19.51637185214205061 ) ) ;
#8916 = CARTESIAN_POINT ( 'NONE',  ( -1.899999999999999911, 11.86318640331944074, -28.64026550784920033 ) ) ;
#8917 = CARTESIAN_POINT ( 'NONE',  ( 6.599999999999999645, -29.75000000000001421, -8.494641063311555309E-13 ) ) ;
#8918 = EDGE_CURVE ( 'NONE', #1877, #6171, #2669, .T. ) ;
#8919 = LINE ( 'NONE', #1981, #7563 ) ;
#8920 = FACE_OUTER_BOUND ( 'NONE', #7497, .T. ) ;
#8921 = ORIENTED_EDGE ( 'NONE', *, *, #9523, .F. ) ;
#8922 = CARTESIAN_POINT ( 'NONE',  ( -73.29999999999999716, 4.448338024599770790, -16.87467892491325117 ) ) ;
#8923 = EDGE_CURVE ( 'NONE', #5418, #859, #5546, .T. ) ;
#8924 = CARTESIAN_POINT ( 'NONE',  ( 6.599999999999999645, -23.17031021678339897, 21.92031021678235092 ) ) ;
#8925 = ORIENTED_EDGE ( 'NONE', *, *, #8617, .T. ) ;
#8926 = EDGE_CURVE ( 'NONE', #10995, #1390, #573, .T. ) ;
#8927 = CYLINDRICAL_SURFACE ( 'NONE', #2875, 1.749999999999999556 ) ;
#8928 = VERTEX_POINT ( 'NONE', #5432 ) ;
#8929 = PLANE ( 'NONE',  #10590 ) ;
#8930 = ORIENTED_EDGE ( 'NONE', *, *, #11813, .T. ) ;
#8931 = ORIENTED_EDGE ( 'NONE', *, *, #1639, .T. ) ;
#8932 = DIRECTION ( 'NONE',  ( 4.112988807310475997E-18, 0.9238795325112874046, -0.3826834323650881720 ) ) ;
#8933 = ORIENTED_EDGE ( 'NONE', *, *, #11595, .T. ) ;
#8934 = CONICAL_SURFACE ( 'NONE', #11464, 33.00000000000001421, 0.7853981633974306265 ) ;
#8935 = DIRECTION ( 'NONE',  ( -1.000000000000000000, 4.451867004922774877E-18, 0.000000000000000000 ) ) ;
#8936 = EDGE_CURVE ( 'NONE', #12213, #5149, #3237, .T. ) ;
#8937 = FACE_OUTER_BOUND ( 'NONE', #2465, .T. ) ;
#8938 = ORIENTED_EDGE ( 'NONE', *, *, #6956, .F. ) ;
#8939 = DIRECTION ( 'NONE',  ( 0.000000000000000000, 0.000000000000000000, -1.000000000000000000 ) ) ;
#8940 = DIRECTION ( 'NONE',  ( -1.000000000000000000, 1.001543065824855929E-16, -5.782411586590338538E-17 ) ) ;
#8941 = EDGE_CURVE ( 'NONE', #2451, #12221, #10988, .T. ) ;
#8942 = CONICAL_SURFACE ( 'NONE', #4146, 1.850000000000000311, 1.308996938995761861 ) ;
#8943 = VECTOR ( 'NONE', #983, 1000.000000000000000 ) ;
#8944 = DIRECTION ( 'NONE',  ( -7.592831564818948166E-18, -0.3826834323650878389, -0.9238795325112876267 ) ) ;
#8945 = ORIENTED_EDGE ( 'NONE', *, *, #5824, .F. ) ;
#8946 = VERTEX_POINT ( 'NONE', #4501 ) ;
#8947 = VERTEX_POINT ( 'NONE', #3580 ) ;
#8948 = DIRECTION ( 'NONE',  ( 1.138020410947518757E-16, 0.5555702330195980698, -0.8314696123025482333 ) ) ;
#8949 = VERTEX_POINT ( 'NONE', #3518 ) ;
#8950 = CARTESIAN_POINT ( 'NONE',  ( -73.09999999999999432, -32.24339568464410632, 13.35565178954125187 ) ) ;
#8951 = AXIS2_PLACEMENT_3D ( 'NONE', #8690, #5564, #10730 ) ;
#8952 = EDGE_CURVE ( 'NONE', #7289, #11993, #4285, .T. ) ;
#8953 = DIRECTION ( 'NONE',  ( 2.344629897975888641E-19, -0.6087614290087175473, 0.7933533402912376076 ) ) ;
#8954 = LINE ( 'NONE', #11000, #756 ) ;
#8955 = ORIENTED_EDGE ( 'NONE', *, *, #5589, .T. ) ;
#8956 = PLANE ( 'NONE',  #1898 ) ;
#8957 = DIRECTION ( 'NONE',  ( 1.000000000000000000, 0.000000000000000000, 0.000000000000000000 ) ) ;
#8958 = VECTOR ( 'NONE', #8674, 1000.000000000000000 ) ;
#8959 = ORIENTED_EDGE ( 'NONE', *, *, #503, .T. ) ;
#8960 = DIRECTION ( 'NONE',  ( 2.344629897975875641E-19, -0.6087614290087192126, 0.7933533402912363863 ) ) ;
#8961 = DIRECTION ( 'NONE',  ( 1.000000000000000000, -3.090821338043315087E-16, 1.871678662600109722E-16 ) ) ;
#8962 = EDGE_CURVE ( 'NONE', #402, #11155, #9721, .T. ) ;
#8963 = ORIENTED_EDGE ( 'NONE', *, *, #4962, .T. ) ;
#8964 = ADVANCED_FACE ( 'NONE', ( #3773 ), #5939, .F. ) ;
#8965 = DIRECTION ( 'NONE',  ( 0.000000000000000000, 0.8314696123025481223, 0.5555702330195977368 ) ) ;
#8966 = DIRECTION ( 'NONE',  ( -4.112988807310475227E-18, -0.9238795325112871826, 0.3826834323650885605 ) ) ;
#8967 = PLANE ( 'NONE',  #895 ) ;
#8968 = DIRECTION ( 'NONE',  ( 0.000000000000000000, 1.000000000000000000, 9.714451465470219441E-14 ) ) ;
#8969 = ORIENTED_EDGE ( 'NONE', *, *, #12102, .T. ) ;
#8970 = CARTESIAN_POINT ( 'NONE',  ( -73.59999999999999432, -13.62722310454145891, 5.644580627385050065 ) ) ;
#8971 = CARTESIAN_POINT ( 'NONE',  ( -1.899999999999999911, -11.86318640331823993, 28.64026550784970127 ) ) ;
#8972 = ORIENTED_EDGE ( 'NONE', *, *, #5154, .T. ) ;
#8973 = ADVANCED_FACE ( 'NONE', ( #11897 ), #8249, .F. ) ;
#8974 = ORIENTED_EDGE ( 'NONE', *, *, #8444, .F. ) ;
#8975 = PLANE ( 'NONE',  #12242 ) ;
#8976 = CARTESIAN_POINT ( 'NONE',  ( 14.10000000000099973, -20.38209143402517043, -20.89250528569816723 ) ) ;
#8977 = DIRECTION ( 'NONE',  ( 0.000000000000000000, 1.000000000000000000, 9.575673587392073611E-14 ) ) ;
#8978 = LINE ( 'NONE', #1058, #8390 ) ;
#8979 = FACE_OUTER_BOUND ( 'NONE', #10296, .T. ) ;
#8980 = ORIENTED_EDGE ( 'NONE', *, *, #6227, .T. ) ;
#8981 = ADVANCED_FACE ( 'NONE', ( #10782, #7764 ), #9918, .F. ) ;
#8982 = CARTESIAN_POINT ( 'NONE',  ( -68.79999999999999716, -16.70792137477589989, -10.93882367232900066 ) ) ;
#8983 = CARTESIAN_POINT ( 'NONE',  ( -73.59999999999999432, -7.859775144889769471, 6.502802063093480633 ) ) ;
#8984 = AXIS2_PLACEMENT_3D ( 'NONE', #3825, #7808, #6577 ) ;
#8985 = CARTESIAN_POINT ( 'NONE',  ( 14.10000000000099973, -27.02347632595544979, -12.53288240995610003 ) ) ;
#8986 = EDGE_CURVE ( 'NONE', #1998, #4678, #9858, .T. ) ;
#8987 = VERTEX_POINT ( 'NONE', #6730 ) ;
#8988 = LINE ( 'NONE', #11948, #973 ) ;
#8989 = AXIS2_PLACEMENT_3D ( 'NONE', #2821, #1049, #3019 ) ;
#8990 = CARTESIAN_POINT ( 'NONE',  ( -56.21032168798580386, -17.56051023625829899, 10.52097810292690028 ) ) ;
#8991 = CARTESIAN_POINT ( 'NONE',  ( 6.599999999999999645, 11.86318640331520058, 28.64026550785100156 ) ) ;
#8992 = CIRCLE ( 'NONE', #5047, 1.249999999999985567 ) ;
#8993 = ORIENTED_EDGE ( 'NONE', *, *, #4459, .F. ) ;
#8994 = EDGE_CURVE ( 'NONE', #12534, #4113, #517, .T. ) ;
#8995 = LINE ( 'NONE', #3906, #12152 ) ;
#8996 = CARTESIAN_POINT ( 'NONE',  ( -63.50000000000000000, 1.444151508210249863E-14, -8.850804619715098276E-15 ) ) ;
#8997 = AXIS2_PLACEMENT_3D ( 'NONE', #9395, #5302, #1535 ) ;
#8998 = ORIENTED_EDGE ( 'NONE', *, *, #6992, .T. ) ;
#8999 = DIRECTION ( 'NONE',  ( 7.592831564818957410E-18, 0.3826834323650886160, 0.9238795325112872936 ) ) ;
#9000 = DIRECTION ( 'NONE',  ( 0.000000000000000000, 1.000000000000000000, 0.000000000000000000 ) ) ;
#9001 = VECTOR ( 'NONE', #9677, 1000.000000000000114 ) ;
#9002 = CIRCLE ( 'NONE', #12351, 34.89999999999999858 ) ;
#9003 = CARTESIAN_POINT ( 'NONE',  ( -73.29999999999999716, 24.78668984994559921, -16.27278376382754743 ) ) ;
#9004 = VERTEX_POINT ( 'NONE', #4974 ) ;
#9005 = EDGE_CURVE ( 'NONE', #5175, #5801, #12732, .T. ) ;
#9006 = ORIENTED_EDGE ( 'NONE', *, *, #2201, .F. ) ;
#9007 = CONICAL_SURFACE ( 'NONE', #2742, 1.850000000000001865, 1.308996938995737658 ) ;
#9008 = ORIENTED_EDGE ( 'NONE', *, *, #9572, .F. ) ;
#9009 = CARTESIAN_POINT ( 'NONE',  ( 17.54641016151380128, 30.99999999999844746, -2.051191339311620287E-12 ) ) ;
#9010 = ORIENTED_EDGE ( 'NONE', *, *, #10492, .F. ) ;
#9011 = DIRECTION ( 'NONE',  ( 1.000000000000000000, -6.322502648911719004E-17, 9.462293898829198836E-17 ) ) ;
#9012 = EDGE_CURVE ( 'NONE', #8773, #3109, #11832, .T. ) ;
#9013 = CARTESIAN_POINT ( 'NONE',  ( 14.09999999999999964, 11.86318640331641916, 28.64026550784804925 ) ) ;
#9014 = VECTOR ( 'NONE', #4311, 1000.000000000000114 ) ;
#9015 = EDGE_CURVE ( 'NONE', #4631, #12577, #4902, .T. ) ;
#9016 = CARTESIAN_POINT ( 'NONE',  ( -1.899999999999999911, -29.75000000000001421, -8.494641063311555309E-13 ) ) ;
#9017 = AXIS2_PLACEMENT_3D ( 'NONE', #9552, #5512, #3730 ) ;
#9018 = VERTEX_POINT ( 'NONE', #960 ) ;
#9019 = DIRECTION ( 'NONE',  ( 1.000000000000000000, 0.000000000000000000, 6.123233995737139512E-17 ) ) ;
#9020 = CIRCLE ( 'NONE', #7971, 1.750000000000001110 ) ;
#9021 = DIRECTION ( 'NONE',  ( 1.000000000000000000, 0.000000000000000000, 0.000000000000000000 ) ) ;
#9022 = ORIENTED_EDGE ( 'NONE', *, *, #686, .T. ) ;
#9023 = DIRECTION ( 'NONE',  ( -7.592831564818952788E-18, -0.3826834323650881720, -0.9238795325112874046 ) ) ;
#9024 = FACE_OUTER_BOUND ( 'NONE', #12469, .T. ) ;
#9025 = EDGE_LOOP ( 'NONE', ( #4281, #2716, #7997, #8735 ) ) ;
#9026 = ADVANCED_FACE ( 'NONE', ( #5030 ), #5964, .T. ) ;
#9027 = AXIS2_PLACEMENT_3D ( 'NONE', #10170, #92, #4155 ) ;
#9028 = CARTESIAN_POINT ( 'NONE',  ( -72.84391516214240880, 7.598956686223020895, 4.970350582873690470 ) ) ;
#9029 = ORIENTED_EDGE ( 'NONE', *, *, #6058, .F. ) ;
#9030 = LINE ( 'NONE', #1043, #3044 ) ;
#9031 = LINE ( 'NONE', #9953, #5785 ) ;
#9032 = CARTESIAN_POINT ( 'NONE',  ( -63.60000000000000142, 10.31237755099519937, -13.10333427970704001 ) ) ;
#9033 = EDGE_CURVE ( 'NONE', #7588, #9779, #12799, .T. ) ;
#9034 = AXIS2_PLACEMENT_3D ( 'NONE', #6513, #552, #7420 ) ;
#9035 = CARTESIAN_POINT ( 'NONE',  ( -1.899999999999999911, -32.24999999999998579, -1.089119198800293318E-12 ) ) ;
#9036 = VERTEX_POINT ( 'NONE', #1873 ) ;
#9037 = DIRECTION ( 'NONE',  ( 1.000000000000000000, 0.000000000000000000, 0.000000000000000000 ) ) ;
#9038 = CIRCLE ( 'NONE', #8417, 0.3000000000000010436 ) ;
#9039 = DIRECTION ( 'NONE',  ( 4.112988807310475227E-18, 0.9238795325112871826, -0.3826834323650885605 ) ) ;
#9040 = EDGE_LOOP ( 'NONE', ( #10191, #94, #2141, #10182 ) ) ;
#9041 = CIRCLE ( 'NONE', #11362, 1.750000000000000222 ) ;
#9042 = ORIENTED_EDGE ( 'NONE', *, *, #1536, .F. ) ;
#9043 = CARTESIAN_POINT ( 'NONE',  ( -73.29999999999999716, 23.93795893626959881, -17.30217962362624817 ) ) ;
#9044 = CIRCLE ( 'NONE', #5719, 1.599999999999997202 ) ;
#9045 = CARTESIAN_POINT ( 'NONE',  ( -73.59999999999999432, -14.77527340163674019, 2.872942029851194956 ) ) ;
#9046 = DIRECTION ( 'NONE',  ( 1.000000000000000000, 0.000000000000000000, 0.000000000000000000 ) ) ;
#9047 = CARTESIAN_POINT ( 'NONE',  ( -72.84391516214240880, -11.87795118472319977, -3.197933028275049772 ) ) ;
#9048 = DIRECTION ( 'NONE',  ( 0.000000000000000000, -0.9238795325112870716, 0.3826834323650889491 ) ) ;
#9049 = ORIENTED_EDGE ( 'NONE', *, *, #8537, .F. ) ;
#9050 = LINE ( 'NONE', #1789, #3228 ) ;
#9051 = EDGE_CURVE ( 'NONE', #3078, #1755, #2614, .T. ) ;
#9052 = CARTESIAN_POINT ( 'NONE',  ( 5.599999999999999645, 36.80607966083890403, 21.24999999999954881 ) ) ;
#9053 = CARTESIAN_POINT ( 'NONE',  ( 14.10000000000099973, -1.616789181893914851, 31.66969600663895079 ) ) ;
#9054 = ADVANCED_FACE ( 'NONE', ( #2990 ), #12442, .F. ) ;
#9055 = VERTEX_POINT ( 'NONE', #8744 ) ;
#9056 = DIRECTION ( 'NONE',  ( 1.000000000000000000, -6.322502648911709143E-17, 9.462293898829198836E-17 ) ) ;
#9057 = DIRECTION ( 'NONE',  ( -8.358097092242368619E-18, -0.9099612708765439928, -0.4146932426562375262 ) ) ;
#9058 = DIRECTION ( 'NONE',  ( -1.000000000000000000, 0.000000000000000000, 0.000000000000000000 ) ) ;
#9059 = ORIENTED_EDGE ( 'NONE', *, *, #6672, .T. ) ;
#9060 = LINE ( 'NONE', #7173, #6719 ) ;
#9061 = ORIENTED_EDGE ( 'NONE', *, *, #2765, .T. ) ;
#9062 = CARTESIAN_POINT ( 'NONE',  ( -63.60000000000000142, 5.902128236863800836, -22.47615141156580165 ) ) ;
#9063 = PLANE ( 'NONE',  #3865 ) ;
#9064 = CYLINDRICAL_SURFACE ( 'NONE', #7464, 1.249999999999987121 ) ;
#9065 = ORIENTED_EDGE ( 'NONE', *, *, #8751, .T. ) ;
#9066 = ORIENTED_EDGE ( 'NONE', *, *, #9084, .T. ) ;
#9067 = VERTEX_POINT ( 'NONE', #1815 ) ;
#9068 = CARTESIAN_POINT ( 'NONE',  ( 6.599999999999999645, -3.301963206785260407E-12, 34.42296358256754729 ) ) ;
#9069 = VERTEX_POINT ( 'NONE', #8869 ) ;
#9070 = LINE ( 'NONE', #10062, #11833 ) ;
#9071 = ORIENTED_EDGE ( 'NONE', *, *, #2632, .T. ) ;
#9072 = FACE_OUTER_BOUND ( 'NONE', #12199, .T. ) ;
#9073 = ADVANCED_FACE ( 'NONE', ( #9793, #10978 ), #828, .T. ) ;
#9074 = DIRECTION ( 'NONE',  ( 0.000000000000000000, -0.8314696123025484553, -0.5555702330195974037 ) ) ;
#9075 = VERTEX_POINT ( 'NONE', #12865 ) ;
#9076 = EDGE_CURVE ( 'NONE', #12902, #2657, #3842, .T. ) ;
#9077 = FACE_OUTER_BOUND ( 'NONE', #4876, .T. ) ;
#9078 = DIRECTION ( 'NONE',  ( 1.000000000000000000, 0.000000000000000000, 0.000000000000000000 ) ) ;
#9079 = ORIENTED_EDGE ( 'NONE', *, *, #4658, .F. ) ;
#9080 = LINE ( 'NONE', #124, #11125 ) ;
#9081 = CARTESIAN_POINT ( 'NONE',  ( -78.79999999999999716, -11.09335350867927872, 7.842194076371291622 ) ) ;
#9082 = EDGE_CURVE ( 'NONE', #1084, #5026, #11957, .T. ) ;
#9083 = VERTEX_POINT ( 'NONE', #3305 ) ;
#9084 = EDGE_CURVE ( 'NONE', #416, #9705, #8083, .T. ) ;
#9085 = AXIS2_PLACEMENT_3D ( 'NONE', #12481, #504, #6537 ) ;
#9086 = CARTESIAN_POINT ( 'NONE',  ( -72.84391516214240880, -5.927127171750579571, 20.31456776527364738 ) ) ;
#9087 = FACE_OUTER_BOUND ( 'NONE', #507, .T. ) ;
#9088 = AXIS2_PLACEMENT_3D ( 'NONE', #10528, #8426, #12610 ) ;
#9089 = AXIS2_PLACEMENT_3D ( 'NONE', #6160, #12175, #8965 ) ;
#9090 = DIRECTION ( 'NONE',  ( 0.000000000000000000, -0.9238795325112868495, 0.3826834323650896152 ) ) ;
#9091 = PLANE ( 'NONE',  #1799 ) ;
#9092 = FACE_BOUND ( 'NONE', #2923, .T. ) ;
#9093 = ADVANCED_FACE ( 'NONE', ( #4286 ), #9063, .F. ) ;
#9094 = AXIS2_PLACEMENT_3D ( 'NONE', #2728, #7895, #6788 ) ;
#9095 = CARTESIAN_POINT ( 'NONE',  ( -11.90000000000000036, 36.80607966083849902, -21.25000000000029843 ) ) ;
#9096 = VERTEX_POINT ( 'NONE', #3116 ) ;
#9097 = AXIS2_PLACEMENT_3D ( 'NONE', #8642, #1574, #5590 ) ;
#9098 = PLANE ( 'NONE',  #3785 ) ;
#9099 = CARTESIAN_POINT ( 'NONE',  ( 3.600000000000994849, -9.540979117872440597E-15, 0.000000000000000000 ) ) ;
#9100 = AXIS2_PLACEMENT_3D ( 'NONE', #11904, #4911, #4778 ) ;
#9101 = AXIS2_PLACEMENT_3D ( 'NONE', #6929, #6736, #11842 ) ;
#9102 = CIRCLE ( 'NONE', #4087, 44.71208468574654660 ) ;
#9103 = DIRECTION ( 'NONE',  ( -1.000000000000000000, 0.000000000000000000, 0.000000000000000000 ) ) ;
#9104 = ORIENTED_EDGE ( 'NONE', *, *, #1603, .F. ) ;
#9105 = ADVANCED_FACE ( 'NONE', ( #9131 ), #12016, .F. ) ;
#9106 = AXIS2_PLACEMENT_3D ( 'NONE', #7018, #11016, #6041 ) ;
#9107 = ORIENTED_EDGE ( 'NONE', *, *, #762, .T. ) ;
#9108 = EDGE_CURVE ( 'NONE', #11030, #5198, #1988, .T. ) ;
#9109 = DIRECTION ( 'NONE',  ( 0.000000000000000000, 0.9238795325112868495, -0.3826834323650896152 ) ) ;
#9110 = DIRECTION ( 'NONE',  ( 1.000000000000000000, 0.000000000000000000, 0.000000000000000000 ) ) ;
#9111 = FACE_OUTER_BOUND ( 'NONE', #354, .T. ) ;
#9112 = DIRECTION ( 'NONE',  ( 1.000000000000000000, -6.322502648911709143E-17, 9.462293898829198836E-17 ) ) ;
#9113 = AXIS2_PLACEMENT_3D ( 'NONE', #10615, #4729, #1571 ) ;
#9114 = AXIS2_PLACEMENT_3D ( 'NONE', #4897, #3766, #6722 ) ;
#9115 = AXIS2_PLACEMENT_3D ( 'NONE', #9910, #4894, #11818 ) ;
#9116 = FACE_BOUND ( 'NONE', #149, .T. ) ;
#9117 = VERTEX_POINT ( 'NONE', #12210 ) ;
#9118 = LINE ( 'NONE', #355, #11723 ) ;
#9119 = FACE_OUTER_BOUND ( 'NONE', #6031, .T. ) ;
#9120 = CIRCLE ( 'NONE', #3075, 0.9999999999999994449 ) ;
#9121 = ORIENTED_EDGE ( 'NONE', *, *, #7299, .T. ) ;
#9122 = CARTESIAN_POINT ( 'NONE',  ( -72.84391516214240880, -16.25957984560795211, -4.630179612531089894 ) ) ;
#9123 = DIRECTION ( 'NONE',  ( 0.000000000000000000, -0.9238795325112788559, 0.3826834323651089331 ) ) ;
#9124 = CARTESIAN_POINT ( 'NONE',  ( 14.09999999999999964, -21.92031021678445057, 21.92031021678135261 ) ) ;
#9126 = ADVANCED_FACE ( 'NONE', ( #238 ), #11244, .F. ) ;
#9125 = ORIENTED_EDGE ( 'NONE', *, *, #2333, .F. ) ;
#9127 = PLANE ( 'NONE',  #7343 ) ;
#9128 = VERTEX_POINT ( 'NONE', #8145 ) ;
#9129 = CONICAL_SURFACE ( 'NONE', #1398, 44.60000000000000142, 0.7853981633974659315 ) ;
#9130 = DIRECTION ( 'NONE',  ( 1.000000000000000000, 0.000000000000000000, 0.000000000000000000 ) ) ;
#9131 = FACE_OUTER_BOUND ( 'NONE', #1946, .T. ) ;
#9132 = CARTESIAN_POINT ( 'NONE',  ( -12.30000000000000071, -9.540979117872440597E-15, 0.000000000000000000 ) ) ;
#9133 = ORIENTED_EDGE ( 'NONE', *, *, #5276, .F. ) ;
#9134 = ORIENTED_EDGE ( 'NONE', *, *, #3086, .T. ) ;
#9135 = ADVANCED_FACE ( 'NONE', ( #3053 ), #10776, .F. ) ;
#9136 = VECTOR ( 'NONE', #7100, 1000.000000000000114 ) ;
#9137 = ORIENTED_EDGE ( 'NONE', *, *, #11438, .F. ) ;
#9138 = LINE ( 'NONE', #3248, #10149 ) ;
#9139 = EDGE_CURVE ( 'NONE', #8897, #12713, #299, .T. ) ;
#9140 = ORIENTED_EDGE ( 'NONE', *, *, #9808, .F. ) ;
#9141 = CARTESIAN_POINT ( 'NONE',  ( -78.79999999999999716, -20.32418317093049964, -10.52331119156246153 ) ) ;
#9142 = ORIENTED_EDGE ( 'NONE', *, *, #10691, .T. ) ;
#9143 = CARTESIAN_POINT ( 'NONE',  ( -11.90000000000000036, -9.540979117872440597E-15, 0.000000000000000000 ) ) ;
#9144 = DIRECTION ( 'NONE',  ( 0.000000000000000000, 0.8314696123025481223, 0.5555702330195977368 ) ) ;
#9145 = ORIENTED_EDGE ( 'NONE', *, *, #11245, .F. ) ;
#9146 = EDGE_LOOP ( 'NONE', ( #3339, #12119, #8911, #9600 ) ) ;
#9147 = DIRECTION ( 'NONE',  ( -1.000000000000000000, 6.705557021117060106E-18, 5.440889002481110112E-18 ) ) ;
#9148 = PLANE ( 'NONE',  #5994 ) ;
#9149 = ORIENTED_EDGE ( 'NONE', *, *, #5242, .F. ) ;
#9150 = VECTOR ( 'NONE', #1191, 1000.000000000000000 ) ;
#9151 = CARTESIAN_POINT ( 'NONE',  ( -73.59999999999999432, -17.43482661687859903, 5.598153341895939938 ) ) ;
#9152 = CARTESIAN_POINT ( 'NONE',  ( -14.90000000000000568, -44.89999999999999858, -1.558337632812451077E-13 ) ) ;
#9153 = ORIENTED_EDGE ( 'NONE', *, *, #4212, .F. ) ;
#9154 = EDGE_CURVE ( 'NONE', #8665, #2787, #1354, .T. ) ;
#9155 = FACE_BOUND ( 'NONE', #3314, .T. ) ;
#9156 = AXIS2_PLACEMENT_3D ( 'NONE', #2776, #1456, #9641 ) ;
#9157 = CARTESIAN_POINT ( 'NONE',  ( -11.90000000000000391, -4.547048498203718976E-13, -42.50000000000000000 ) ) ;
#9158 = CARTESIAN_POINT ( 'NONE',  ( -1.899999999999999911, 27.39026550785075287, -11.86318640331589869 ) ) ;
#9159 = DIRECTION ( 'NONE',  ( 1.000000000000000000, -6.705557021117060106E-18, -5.440889002481110112E-18 ) ) ;
#9160 = DIRECTION ( 'NONE',  ( 0.5150380749100560429, -0.8571673007021111124, -8.211731712495831096E-14 ) ) ;
#9161 = ADVANCED_FACE ( 'NONE', ( #6070 ), #8670, .T. ) ;
#9162 = DIRECTION ( 'NONE',  ( 1.000000000000000000, 0.000000000000000000, 0.000000000000000000 ) ) ;
#9163 = EDGE_LOOP ( 'NONE', ( #9905, #11402, #9321, #4840 ) ) ;
#9164 = FACE_OUTER_BOUND ( 'NONE', #7884, .T. ) ;
#9165 = DIRECTION ( 'NONE',  ( -1.138020410947518757E-16, -0.5555702330195981808, 0.8314696123025481223 ) ) ;
#9166 = VERTEX_POINT ( 'NONE', #3181 ) ;
#9167 = DIRECTION ( 'NONE',  ( -1.000000000000000000, 6.705557021117060106E-18, 5.440889002481110112E-18 ) ) ;
#9168 = VERTEX_POINT ( 'NONE', #10052 ) ;
#9169 = ORIENTED_EDGE ( 'NONE', *, *, #7699, .T. ) ;
#9170 = VERTEX_POINT ( 'NONE', #5095 ) ;
#9171 = FACE_OUTER_BOUND ( 'NONE', #8320, .T. ) ;
#9172 = FACE_OUTER_BOUND ( 'NONE', #1788, .T. ) ;
#9173 = CYLINDRICAL_SURFACE ( 'NONE', #3449, 1.249999999999987121 ) ;
#9174 = DIRECTION ( 'NONE',  ( -1.000000000000000000, 6.322502648911728864E-17, -9.462293898829198836E-17 ) ) ;
#9175 = EDGE_CURVE ( 'NONE', #9242, #3895, #7017, .T. ) ;
#9176 = DIRECTION ( 'NONE',  ( -1.000000000000000000, 6.705557021117060106E-18, 5.440889002481110112E-18 ) ) ;
#9177 = ORIENTED_EDGE ( 'NONE', *, *, #9608, .T. ) ;
#9178 = LINE ( 'NONE', #3226, #10675 ) ;
#9179 = FACE_BOUND ( 'NONE', #5526, .T. ) ;
#9180 = ORIENTED_EDGE ( 'NONE', *, *, #5001, .T. ) ;
#9181 = EDGE_CURVE ( 'NONE', #11594, #2568, #6133, .T. ) ;
#9182 = CARTESIAN_POINT ( 'NONE',  ( -59.50000000000000000, 23.45852899954130066, 22.94811514786729845 ) ) ;
#9183 = DIRECTION ( 'NONE',  ( 0.000000000000000000, 0.000000000000000000, -1.000000000000000000 ) ) ;
#9184 = CARTESIAN_POINT ( 'NONE',  ( -1.899999999999999911, -11.86318640331639962, -28.64026550785050418 ) ) ;
#9185 = ORIENTED_EDGE ( 'NONE', *, *, #8754, .F. ) ;
#9186 = DIRECTION ( 'NONE',  ( -1.000000000000000000, -2.638697247430395030E-33, -6.370378681743239884E-33 ) ) ;
#9187 = ORIENTED_EDGE ( 'NONE', *, *, #8525, .T. ) ;
#9188 = CARTESIAN_POINT ( 'NONE',  ( 6.599999999999999645, -21.92031021678345226, 21.92031021678250013 ) ) ;
#9189 = AXIS2_PLACEMENT_3D ( 'NONE', #3324, #2345, #8721 ) ;
#9190 = DIRECTION ( 'NONE',  ( -1.000000000000000000, 0.000000000000000000, 0.000000000000000000 ) ) ;
#9191 = ADVANCED_FACE ( 'NONE', ( #4228 ), #1137, .F. ) ;
#9192 = CARTESIAN_POINT ( 'NONE',  ( 14.09999999999999964, 21.92031021678129932, -21.92031021678479874 ) ) ;
#9193 = ORIENTED_EDGE ( 'NONE', *, *, #4284, .T. ) ;
#9194 = ORIENTED_EDGE ( 'NONE', *, *, #5586, .T. ) ;
#9195 = CONICAL_SURFACE ( 'NONE', #1257, 44.99999999999523226, 0.7853981633486989411 ) ;
#9196 = ORIENTED_EDGE ( 'NONE', *, *, #936, .F. ) ;
#9197 = DIRECTION ( 'NONE',  ( 1.000000000000000000, -6.705557021117060106E-18, -5.440889002481110112E-18 ) ) ;
#9198 = VECTOR ( 'NONE', #2016, 999.9999999999998863 ) ;
#9199 = ORIENTED_EDGE ( 'NONE', *, *, #5630, .F. ) ;
#9200 = CARTESIAN_POINT ( 'NONE',  ( -72.84391516214240880, 10.72707079365141958, -14.01329555058359944 ) ) ;
#9201 = ORIENTED_EDGE ( 'NONE', *, *, #9404, .T. ) ;
#9202 = DIRECTION ( 'NONE',  ( 0.000000000000000000, -0.9238795325112914014, 0.3826834323650783465 ) ) ;
#9203 = DIRECTION ( 'NONE',  ( 0.000000000000000000, 1.000000000000000000, 9.714451465470219441E-14 ) ) ;
#9204 = VERTEX_POINT ( 'NONE', #8915 ) ;
#9205 = ORIENTED_EDGE ( 'NONE', *, *, #6944, .F. ) ;
#9206 = CARTESIAN_POINT ( 'NONE',  ( 13.60000000000099796, -9.540979117872440597E-15, 0.000000000000000000 ) ) ;
#9207 = VECTOR ( 'NONE', #8298, 999.9999999999998863 ) ;
#9208 = CARTESIAN_POINT ( 'NONE',  ( -72.84391516214240880, -20.86537927107670143, -9.216748226686098278 ) ) ;
#9209 = ORIENTED_EDGE ( 'NONE', *, *, #9828, .F. ) ;
#9210 = AXIS2_PLACEMENT_3D ( 'NONE', #4788, #10867, #9876 ) ;
#9211 = DIRECTION ( 'NONE',  ( 0.000000000000000000, -0.9238795325112872936, 0.3826834323650886160 ) ) ;
#9212 = CIRCLE ( 'NONE', #1689, 1.750000000000001110 ) ;
#9213 = ADVANCED_FACE ( 'NONE', ( #6050 ), #11840, .T. ) ;
#9214 = CARTESIAN_POINT ( 'NONE',  ( -72.84391516214240880, -13.60002663036609860, -7.355390924575829992 ) ) ;
#9215 = ORIENTED_EDGE ( 'NONE', *, *, #533, .T. ) ;
#9216 = ADVANCED_FACE ( 'NONE', ( #3882 ), #12837, .F. ) ;
#9217 = CARTESIAN_POINT ( 'NONE',  ( 14.09999999999999964, -28.64026550785165171, -11.86318640331909968 ) ) ;
#9218 = AXIS2_PLACEMENT_3D ( 'NONE', #4503, #8490, #2905 ) ;
#9219 = CARTESIAN_POINT ( 'NONE',  ( -73.29999999999999716, 4.033644781943530155, -15.96471765403670240 ) ) ;
#9220 = CIRCLE ( 'NONE', #5892, 34.60000000000000142 ) ;
#9221 = AXIS2_PLACEMENT_3D ( 'NONE', #3966, #2065, #4092 ) ;
#9222 = CARTESIAN_POINT ( 'NONE',  ( -14.89999999999999503, 44.70000000000000284, 1.594806420003450703E-13 ) ) ;
#9223 = DIRECTION ( 'NONE',  ( -1.000000000000000000, 1.045536756588179954E-16, -6.700801847903689415E-17 ) ) ;
#9224 = DIRECTION ( 'NONE',  ( 0.000000000000000000, -0.9238795325112872936, 0.3826834323650886160 ) ) ;
#9225 = CARTESIAN_POINT ( 'NONE',  ( -78.79999999999999716, -18.93836387216359896, -11.09733634011009862 ) ) ;
#9226 = ORIENTED_EDGE ( 'NONE', *, *, #12177, .F. ) ;
#9227 = DIRECTION ( 'NONE',  ( 0.000000000000000000, 0.000000000000000000, 1.000000000000000000 ) ) ;
#9228 = CIRCLE ( 'NONE', #2965, 1.249999999999987121 ) ;
#9229 = VECTOR ( 'NONE', #2683, 1000.000000000000000 ) ;
#9230 = LINE ( 'NONE', #8118, #3797 ) ;
#9231 = ORIENTED_EDGE ( 'NONE', *, *, #214, .F. ) ;
#9232 = VECTOR ( 'NONE', #1855, 1000.000000000000000 ) ;
#9233 = CARTESIAN_POINT ( 'NONE',  ( 17.54641016151380128, -1.578796948577510217E-12, -1.742410560587744990E-12 ) ) ;
#9234 = EDGE_LOOP ( 'NONE', ( #1503, #452, #297, #9995 ) ) ;
#9235 = CARTESIAN_POINT ( 'NONE',  ( -73.59999999999999432, -17.77108276375460250, 0.8666702970475089751 ) ) ;
#9236 = AXIS2_PLACEMENT_3D ( 'NONE', #5022, #6195, #8268 ) ;
#9237 = CARTESIAN_POINT ( 'NONE',  ( -14.90000000000000568, -44.69999999999998863, -1.606293439846032881E-13 ) ) ;
#9238 = CARTESIAN_POINT ( 'NONE',  ( 6.599999999999999645, 10.61318640331944074, -28.64026550784934955 ) ) ;
#9239 = DIRECTION ( 'NONE',  ( 0.000000000000000000, 0.9238795325112875156, -0.3826834323650881720 ) ) ;
#9240 = VECTOR ( 'NONE', #1966, 1000.000000000000000 ) ;
#9241 = CARTESIAN_POINT ( 'NONE',  ( -72.84391516214240880, 15.60460565449595194, -16.13375201303259843 ) ) ;
#9242 = VERTEX_POINT ( 'NONE', #12773 ) ;
#9243 = ADVANCED_FACE ( 'NONE', ( #12904 ), #80, .F. ) ;
#9244 = LINE ( 'NONE', #2178, #8568 ) ;
#9245 = CARTESIAN_POINT ( 'NONE',  ( 6.600000000000989964, -31.96623182489025794, 13.24084675983277037 ) ) ;
#9246 = CIRCLE ( 'NONE', #11975, 2.049999999999999822 ) ;
#9247 = ADVANCED_FACE ( 'NONE', ( #10888 ), #10825, .F. ) ;
#9248 = ORIENTED_EDGE ( 'NONE', *, *, #5416, .F. ) ;
#9249 = EDGE_CURVE ( 'NONE', #9018, #7274, #12650, .T. ) ;
#9250 = CIRCLE ( 'NONE', #9453, 44.71208468574654660 ) ;
#9251 = CARTESIAN_POINT ( 'NONE',  ( -59.50000000000000000, 27.10204672508869805, 10.83538147222952119 ) ) ;
#9252 = ADVANCED_FACE ( 'NONE', ( #2963, #8061, #3949, #10753, #7870 ), #1780, .F. ) ;
#9253 = FACE_OUTER_BOUND ( 'NONE', #1164, .T. ) ;
#9254 = CARTESIAN_POINT ( 'NONE',  ( -73.59999999999999432, -3.267573956508709632, 17.58935645322894814 ) ) ;
#9255 = CARTESIAN_POINT ( 'NONE',  ( -72.84391516214240880, 11.76616776325921876, -18.70480676635960293 ) ) ;
#9256 = ORIENTED_EDGE ( 'NONE', *, *, #3646, .F. ) ;
#9257 = CYLINDRICAL_SURFACE ( 'NONE', #3932, 1.850000000000000311 ) ;
#9258 = EDGE_CURVE ( 'NONE', #7771, #9462, #3249, .T. ) ;
#9259 = CARTESIAN_POINT ( 'NONE',  ( -72.84391516214240880, -11.43006468421165955, 7.029301389798390254 ) ) ;
#9260 = DIRECTION ( 'NONE',  ( -1.000000000000000000, 6.705557021117060106E-18, 5.440889002481110112E-18 ) ) ;
#9261 = ORIENTED_EDGE ( 'NONE', *, *, #539, .T. ) ;
#9262 = VERTEX_POINT ( 'NONE', #9768 ) ;
#9263 = VERTEX_POINT ( 'NONE', #12062 ) ;
#9264 = DIRECTION ( 'NONE',  ( 0.000000000000000000, 1.000000000000000000, 0.000000000000000000 ) ) ;
#9265 = ADVANCED_FACE ( 'NONE', ( #3024 ), #5072, .F. ) ;
#9266 = ORIENTED_EDGE ( 'NONE', *, *, #2093, .T. ) ;
#9267 = ORIENTED_EDGE ( 'NONE', *, *, #4467, .F. ) ;
#9268 = DIRECTION ( 'NONE',  ( 0.000000000000000000, -0.9238795325112789669, 0.3826834323651084890 ) ) ;
#9269 = ORIENTED_EDGE ( 'NONE', *, *, #11414, .F. ) ;
#9270 = LINE ( 'NONE', #8416, #11314 ) ;
#9271 = ORIENTED_EDGE ( 'NONE', *, *, #1486, .T. ) ;
#9272 = VERTEX_POINT ( 'NONE', #9896 ) ;
#9273 = CARTESIAN_POINT ( 'NONE',  ( -78.79999999999999716, -10.88278098118300008, 17.49650188225070124 ) ) ;
#9274 = CARTESIAN_POINT ( 'NONE',  ( -78.79999999999999716, -14.32693187246877997, 9.181586089649099947 ) ) ;
#9275 = DIRECTION ( 'NONE',  ( 1.000000000000000000, -2.905650844594909648E-18, -7.014861676541880450E-18 ) ) ;
#9276 = FACE_OUTER_BOUND ( 'NONE', #4691, .T. ) ;
#9277 = ORIENTED_EDGE ( 'NONE', *, *, #11315, .F. ) ;
#9278 = ORIENTED_EDGE ( 'NONE', *, *, #8926, .F. ) ;
#9279 = CARTESIAN_POINT ( 'NONE',  ( 14.10000000000099973, 8.265957363029490854E-13, 31.00000000000000000 ) ) ;
#9280 = DIRECTION ( 'NONE',  ( 1.000000000000000000, 0.000000000000000000, 0.000000000000000000 ) ) ;
#9281 = PLANE ( 'NONE',  #6602 ) ;
#9282 = CARTESIAN_POINT ( 'NONE',  ( -1.899999999999999911, -10.61318640331823993, 28.64026550784985048 ) ) ;
#9283 = EDGE_CURVE ( 'NONE', #10924, #6353, #10958, .T. ) ;
#9284 = DIRECTION ( 'NONE',  ( -1.000000000000000000, 0.000000000000000000, -1.074775770116589937E-17 ) ) ;
#9285 = CARTESIAN_POINT ( 'NONE',  ( 14.10000000000099973, 20.30352103488884907, 22.59000622342129816 ) ) ;
#9286 = EDGE_LOOP ( 'NONE', ( #614, #6141, #11760, #3577 ) ) ;
#9287 = EDGE_CURVE ( 'NONE', #8069, #566, #1166, .T. ) ;
#9288 = DIRECTION ( 'NONE',  ( 1.000000000000000000, 3.061616997868574686E-17, 5.302876193624839641E-17 ) ) ;
#9289 = CIRCLE ( 'NONE', #3059, 1.849999999999998979 ) ;
#9290 = AXIS2_PLACEMENT_3D ( 'NONE', #7581, #390, #12609 ) ;
#9291 = CARTESIAN_POINT ( 'NONE',  ( 17.59999999999999787, -28.85199554689999601, -19.27828708578179473 ) ) ;
#9292 = ORIENTED_EDGE ( 'NONE', *, *, #3561, .F. ) ;
#9293 = CARTESIAN_POINT ( 'NONE',  ( -72.84391516214240880, 5.540170065047729686, 0.000000000000000000 ) ) ;
#9294 = FACE_OUTER_BOUND ( 'NONE', #2317, .T. ) ;
#9295 = AXIS2_PLACEMENT_3D ( 'NONE', #10752, #671, #4879 ) ;
#9296 = ORIENTED_EDGE ( 'NONE', *, *, #632, .F. ) ;
#9297 = CARTESIAN_POINT ( 'NONE',  ( -78.79999999999999716, -23.55776153472005063, -9.183919178284670082 ) ) ;
#9298 = AXIS2_PLACEMENT_3D ( 'NONE', #10178, #6203, #5220 ) ;
#9299 = EDGE_CURVE ( 'NONE', #8016, #11838, #5976, .T. ) ;
#9300 = CARTESIAN_POINT ( 'NONE',  ( -72.84391516214240880, -17.77108276375460250, 0.8666702970475119727 ) ) ;
#9301 = PLANE ( 'NONE',  #9508 ) ;
#9302 = AXIS2_PLACEMENT_3D ( 'NONE', #937, #4951, #6055 ) ;
#9303 = CARTESIAN_POINT ( 'NONE',  ( -44.10000000000000142, 9.079085024982028848E-15, -5.219748014270889814E-15 ) ) ;
#9304 = FACE_OUTER_BOUND ( 'NONE', #4222, .T. ) ;
#9305 = ORIENTED_EDGE ( 'NONE', *, *, #6314, .F. ) ;
#9306 = VECTOR ( 'NONE', #904, 1000.000000000000227 ) ;
#9307 = DIRECTION ( 'NONE',  ( 0.000000000000000000, -0.9099612708765443259, -0.4146932426562364160 ) ) ;
#9308 = CIRCLE ( 'NONE', #6399, 2.000000000000000444 ) ;
#9309 = AXIS2_PLACEMENT_3D ( 'NONE', #9952, #986, #4056 ) ;
#9310 = CARTESIAN_POINT ( 'NONE',  ( -73.59999999999999432, -16.70792137477589989, -10.93882367232900066 ) ) ;
#9311 = AXIS2_PLACEMENT_3D ( 'NONE', #11711, #514, #5704 ) ;
#9312 = VERTEX_POINT ( 'NONE', #868 ) ;
#9313 = EDGE_CURVE ( 'NONE', #2486, #7868, #5851, .T. ) ;
#9314 = ADVANCED_FACE ( 'NONE', ( #8844 ), #8975, .F. ) ;
#9315 = CARTESIAN_POINT ( 'NONE',  ( -11.90000000000000036, 21.24999999999965183, -36.80607966083884719 ) ) ;
#9316 = AXIS2_PLACEMENT_3D ( 'NONE', #497, #5425, #3512 ) ;
#9317 = VECTOR ( 'NONE', #5527, 1000.000000000000000 ) ;
#9318 = DIRECTION ( 'NONE',  ( -1.164243943608595441E-16, -1.000000000000000000, -3.515417124066999971E-15 ) ) ;
#9319 = CARTESIAN_POINT ( 'NONE',  ( 63.49637790110389091, -2.066205161904769999E-14, 1.491883645478428116E-14 ) ) ;
#9320 = LINE ( 'NONE', #11303, #6099 ) ;
#9321 = ORIENTED_EDGE ( 'NONE', *, *, #8936, .F. ) ;
#9322 = AXIS2_PLACEMENT_3D ( 'NONE', #8420, #12539, #11510 ) ;
#9323 = ADVANCED_FACE ( 'NONE', ( #930 ), #11997, .F. ) ;
#9324 = FACE_OUTER_BOUND ( 'NONE', #10240, .T. ) ;
#9325 = EDGE_CURVE ( 'NONE', #1117, #5149, #8319, .T. ) ;
#9326 = VECTOR ( 'NONE', #531, 1000.000000000000000 ) ;
#9327 = AXIS2_PLACEMENT_3D ( 'NONE', #6514, #5529, #7486 ) ;
#9328 = CIRCLE ( 'NONE', #9923, 1.599999999999997202 ) ;
#9329 = CARTESIAN_POINT ( 'NONE',  ( -72.84391516214240880, -2.641601284098969771, -3.728648020570410004 ) ) ;
#9330 = ORIENTED_EDGE ( 'NONE', *, *, #574, .T. ) ;
#9331 = ORIENTED_EDGE ( 'NONE', *, *, #6642, .T. ) ;
#9332 = ORIENTED_EDGE ( 'NONE', *, *, #1716, .F. ) ;
#9333 = DIRECTION ( 'NONE',  ( 0.000000000000000000, 0.8314696123025479002, 0.5555702330195982919 ) ) ;
#9334 = ORIENTED_EDGE ( 'NONE', *, *, #1552, .F. ) ;
#9335 = ORIENTED_EDGE ( 'NONE', *, *, #12832, .T. ) ;
#9336 = LINE ( 'NONE', #376, #11229 ) ;
#9337 = ORIENTED_EDGE ( 'NONE', *, *, #12892, .T. ) ;
#9338 = DIRECTION ( 'NONE',  ( 0.000000000000000000, 1.000000000000000000, 9.714451465470232062E-14 ) ) ;
#9339 = VECTOR ( 'NONE', #6726, 1000.000000000000000 ) ;
#9340 = ORIENTED_EDGE ( 'NONE', *, *, #2663, .F. ) ;
#9341 = DIRECTION ( 'NONE',  ( 0.000000000000000000, -0.9238795325112789669, 0.3826834323651084890 ) ) ;
#9342 = CARTESIAN_POINT ( 'NONE',  ( -73.29999999999999716, 15.60460565449595194, -16.13375201303259843 ) ) ;
#9343 = CARTESIAN_POINT ( 'NONE',  ( 17.54641016151380128, 21.92031021678154801, 21.92031021678105063 ) ) ;
#9344 = VECTOR ( 'NONE', #9260, 1000.000000000000000 ) ;
#9345 = DIRECTION ( 'NONE',  ( -1.000000000000000000, 1.045536756588179954E-16, -6.700801847903689415E-17 ) ) ;
#9346 = ORIENTED_EDGE ( 'NONE', *, *, #4640, .T. ) ;
#9347 = ORIENTED_EDGE ( 'NONE', *, *, #2461, .T. ) ;
#9348 = CARTESIAN_POINT ( 'NONE',  ( -73.29999999999999716, 5.214446612944589887, -21.69059811348614986 ) ) ;
#9349 = EDGE_CURVE ( 'NONE', #7120, #7554, #7210, .T. ) ;
#9350 = CARTESIAN_POINT ( 'NONE',  ( -78.79999999999999716, -17.09060480714099839, -11.86270320484029916 ) ) ;
#9351 = CARTESIAN_POINT ( 'NONE',  ( -59.50000000000000000, 29.46178121723869836, -1.027804931088311946 ) ) ;
#9352 = CARTESIAN_POINT ( 'NONE',  ( 14.10000000000099973, 1.538218782757732273, -29.97219506891549656 ) ) ;
#9353 = AXIS2_PLACEMENT_3D ( 'NONE', #7657, #2686, #8700 ) ;
#9354 = DIRECTION ( 'NONE',  ( -7.592831564818951247E-18, -0.3826834323650886160, -0.9238795325112872936 ) ) ;
#9355 = CARTESIAN_POINT ( 'NONE',  ( -11.90000000000000391, 36.80607966083874771, 21.25000000000000000 ) ) ;
#9356 = VERTEX_POINT ( 'NONE', #8245 ) ;
#9357 = PLANE ( 'NONE',  #5258 ) ;
#9358 = EDGE_CURVE ( 'NONE', #10995, #7482, #4520, .T. ) ;
#9359 = LINE ( 'NONE', #11150, #11128 ) ;
#9360 = ORIENTED_EDGE ( 'NONE', *, *, #2921, .F. ) ;
#9361 = CIRCLE ( 'NONE', #12290, 1.599999999999997202 ) ;
#9362 = CARTESIAN_POINT ( 'NONE',  ( 13.40000000000100044, -9.540979117872440597E-15, 0.000000000000000000 ) ) ;
#9363 = ADVANCED_FACE ( 'NONE', ( #148 ), #8681, .F. ) ;
#9364 = AXIS2_PLACEMENT_3D ( 'NONE', #7215, #5128, #11157 ) ;
#9365 = DIRECTION ( 'NONE',  ( 1.000000000000000000, 0.000000000000000000, 0.000000000000000000 ) ) ;
#9366 = EDGE_CURVE ( 'NONE', #788, #5374, #11350, .T. ) ;
#9367 = ORIENTED_EDGE ( 'NONE', *, *, #5895, .F. ) ;
#9368 = DIRECTION ( 'NONE',  ( -1.000000000000000000, 0.000000000000000000, -1.074775770116589937E-17 ) ) ;
#9369 = DIRECTION ( 'NONE',  ( 7.592831564818952788E-18, 0.3826834323650881720, 0.9238795325112874046 ) ) ;
#9370 = LINE ( 'NONE', #6499, #3245 ) ;
#9371 = DIRECTION ( 'NONE',  ( 0.000000000000000000, -0.8314696123025475671, -0.5555702330195985139 ) ) ;
#9372 = AXIS2_PLACEMENT_3D ( 'NONE', #1872, #4972, #8939 ) ;
#9373 = CARTESIAN_POINT ( 'NONE',  ( 6.599999999999999645, 27.39026550785075287, -11.86318640331589869 ) ) ;
#9374 = ORIENTED_EDGE ( 'NONE', *, *, #4584, .F. ) ;
#9375 = FACE_OUTER_BOUND ( 'NONE', #10449, .T. ) ;
#9376 = DIRECTION ( 'NONE',  ( -1.000000000000000000, 0.000000000000000000, 0.000000000000000000 ) ) ;
#9377 = AXIS2_PLACEMENT_3D ( 'NONE', #10589, #8548, #12480 ) ;
#9378 = ORIENTED_EDGE ( 'NONE', *, *, #10276, .T. ) ;
#9379 = DIRECTION ( 'NONE',  ( -8.358097092242370159E-18, -0.9099612708765432156, -0.4146932426562390805 ) ) ;
#9380 = CARTESIAN_POINT ( 'NONE',  ( 17.54641016151380128, 23.45852899954130066, 22.94811514786729845 ) ) ;
#9381 = DIRECTION ( 'NONE',  ( -1.000000000000000000, 6.705557021117060106E-18, 5.440889002481110112E-18 ) ) ;
#9382 = EDGE_CURVE ( 'NONE', #4773, #701, #10216, .T. ) ;
#9383 = DIRECTION ( 'NONE',  ( 1.000000000000000000, -6.322502648911709143E-17, 9.462293898829198836E-17 ) ) ;
#9384 = VERTEX_POINT ( 'NONE', #6367 ) ;
#9385 = CARTESIAN_POINT ( 'NONE',  ( -14.90000000000000036, 21.25000000000000000, 35.20607966083855445 ) ) ;
#9386 = DIRECTION ( 'NONE',  ( 1.000000000000000000, -1.984102504227365030E-17, 0.000000000000000000 ) ) ;
#9387 = EDGE_LOOP ( 'NONE', ( #5127, #6654, #11916, #2537 ) ) ;
#9388 = EDGE_LOOP ( 'NONE', ( #8857, #10643, #11624, #8424 ) ) ;
#9389 = ORIENTED_EDGE ( 'NONE', *, *, #4857, .F. ) ;
#9390 = PLANE ( 'NONE',  #7635 ) ;
#9391 = ORIENTED_EDGE ( 'NONE', *, *, #4023, .T. ) ;
#9392 = ORIENTED_EDGE ( 'NONE', *, *, #771, .T. ) ;
#9393 = CARTESIAN_POINT ( 'NONE',  ( -43.70000000000000284, 9.170015562812520135E-15, -5.294310956540069148E-15 ) ) ;
#9394 = ORIENTED_EDGE ( 'NONE', *, *, #10101, .T. ) ;
#9395 = CARTESIAN_POINT ( 'NONE',  ( -1.899999999999999911, 28.64026550785075287, -11.86318640331580099 ) ) ;
#9396 = ORIENTED_EDGE ( 'NONE', *, *, #141, .F. ) ;
#9397 = FACE_OUTER_BOUND ( 'NONE', #2510, .T. ) ;
#9398 = ADVANCED_FACE ( 'NONE', ( #1375, #4196 ), #2301, .F. ) ;
#9399 = CYLINDRICAL_SURFACE ( 'NONE', #4858, 1.000000000000000000 ) ;
#9400 = DIRECTION ( 'NONE',  ( 4.112988807310475227E-18, 0.9238795325112871826, -0.3826834323650885605 ) ) ;
#9401 = ORIENTED_EDGE ( 'NONE', *, *, #781, .T. ) ;
#9402 = ADVANCED_FACE ( 'NONE', ( #12117 ), #2370, .T. ) ;
#9403 = AXIS2_PLACEMENT_3D ( 'NONE', #12349, #4816, #3385 ) ;
#9404 = EDGE_CURVE ( 'NONE', #9242, #9069, #10363, .T. ) ;
#9405 = ORIENTED_EDGE ( 'NONE', *, *, #3922, .T. ) ;
#9406 = DIRECTION ( 'NONE',  ( 1.000000000000000000, 0.000000000000000000, 0.000000000000000000 ) ) ;
#9407 = ADVANCED_FACE ( 'NONE', ( #1310, #8056 ), #4138, .F. ) ;
#9408 = LINE ( 'NONE', #1683, #8881 ) ;
#9409 = EDGE_CURVE ( 'NONE', #11706, #7698, #2205, .T. ) ;
#9410 = VECTOR ( 'NONE', #10099, 999.9999999999998863 ) ;
#9411 = LINE ( 'NONE', #11338, #8260 ) ;
#9412 = DIRECTION ( 'NONE',  ( 1.000000000000000000, -6.322502648911719004E-17, 9.462293898829198836E-17 ) ) ;
#9413 = VECTOR ( 'NONE', #3074, 1000.000000000000000 ) ;
#9414 = CARTESIAN_POINT ( 'NONE',  ( -73.59999999999999432, -14.78090597586279920, -12.81941178575300100 ) ) ;
#9415 = CIRCLE ( 'NONE', #10246, 1.249999999999985567 ) ;
#9416 = FACE_OUTER_BOUND ( 'NONE', #7861, .T. ) ;
#9417 = EDGE_LOOP ( 'NONE', ( #8511, #4916, #50, #6762 ) ) ;
#9418 = CARTESIAN_POINT ( 'NONE',  ( 14.10000000000099973, 30.25705468974495105, 11.19349039667801904 ) ) ;
#9419 = EDGE_CURVE ( 'NONE', #11626, #1954, #8262, .T. ) ;
#9420 = PLANE ( 'NONE',  #10697 ) ;
#9421 = ORIENTED_EDGE ( 'NONE', *, *, #9497, .T. ) ;
#9422 = AXIS2_PLACEMENT_3D ( 'NONE', #2426, #587, #399 ) ;
#9423 = LINE ( 'NONE', #12313, #4137 ) ;
#9424 = AXIS2_PLACEMENT_3D ( 'NONE', #2571, #3549, #4600 ) ;
#9425 = CARTESIAN_POINT ( 'NONE',  ( 6.599999999999999645, -1.249999999998345990, -31.00000000000000000 ) ) ;
#9426 = CIRCLE ( 'NONE', #11117, 1.000000000000000888 ) ;
#9427 = EDGE_LOOP ( 'NONE', ( #12531, #7842, #7440, #6074 ) ) ;
#9428 = ORIENTED_EDGE ( 'NONE', *, *, #1883, .T. ) ;
#9429 = ADVANCED_FACE ( 'NONE', ( #1116, #9294 ), #5126, .F. ) ;
#9430 = CARTESIAN_POINT ( 'NONE',  ( 6.599999999999999645, -29.89026550784939928, -11.86318640331895935 ) ) ;
#9431 = CARTESIAN_POINT ( 'NONE',  ( -72.84391516214240880, -15.92332369873200193, 0.1013034323173323953 ) ) ;
#9432 = CARTESIAN_POINT ( 'NONE',  ( -74.80000000000001137, -2.066205161904769999E-14, 1.491883645478428116E-14 ) ) ;
#9433 =( NAMED_UNIT ( * ) SI_UNIT ( $, .STERADIAN. ) SOLID_ANGLE_UNIT ( ) );
#9434 = DIRECTION ( 'NONE',  ( 0.000000000000000000, 0.8314696123025475671, 0.5555702330195986249 ) ) ;
#9435 = ORIENTED_EDGE ( 'NONE', *, *, #1436, .T. ) ;
#9436 = VECTOR ( 'NONE', #2366, 1000.000000000000000 ) ;
#9437 = CARTESIAN_POINT ( 'NONE',  ( -72.84391516214240880, -7.859775144889769471, 6.502802063093480633 ) ) ;
#9438 = CIRCLE ( 'NONE', #7150, 1.750000000000000222 ) ;
#9439 = CARTESIAN_POINT ( 'NONE',  ( -1.899999999999999911, 32.24999999999998579, 2.427735511344645726E-12 ) ) ;
#9440 = ORIENTED_EDGE ( 'NONE', *, *, #6944, .T. ) ;
#9441 = CONICAL_SURFACE ( 'NONE', #9236, 1.249999999999987121, 1.029744258676652313 ) ;
#9442 = CARTESIAN_POINT ( 'NONE',  ( -72.84391516214240880, -11.45680612973061940, 16.11068258348375082 ) ) ;
#9443 = VECTOR ( 'NONE', #3741, 1000.000000000000000 ) ;
#9444 = CARTESIAN_POINT ( 'NONE',  ( -72.84391516214240880, 19.07454579984565157, -20.65586605269265164 ) ) ;
#9445 = FACE_OUTER_BOUND ( 'NONE', #1455, .T. ) ;
#9446 = DIRECTION ( 'NONE',  ( 1.000000000000000000, -6.705557021117060106E-18, -5.440889002481110112E-18 ) ) ;
#9447 = EDGE_LOOP ( 'NONE', ( #4193, #9248, #7489, #5652 ) ) ;
#9448 = ADVANCED_FACE ( 'NONE', ( #2239 ), #7227, .F. ) ;
#9449 = DIRECTION ( 'NONE',  ( -1.000000000000000000, 0.000000000000000000, 0.000000000000000000 ) ) ;
#9450 = CONICAL_SURFACE ( 'NONE', #3814, 1.249999999999985567, 1.029744258676652313 ) ;
#9451 = ORIENTED_EDGE ( 'NONE', *, *, #4934, .T. ) ;
#9452 = EDGE_CURVE ( 'NONE', #7028, #10400, #3151, .T. ) ;
#9453 = AXIS2_PLACEMENT_3D ( 'NONE', #10334, #4324, #8309 ) ;
#9454 = CARTESIAN_POINT ( 'NONE',  ( -73.59999999999999432, 6.936497480537199500, -22.33444655017250113 ) ) ;
#9455 = VERTEX_POINT ( 'NONE', #4260 ) ;
#9456 = VERTEX_POINT ( 'NONE', #7594 ) ;
#9457 = ORIENTED_EDGE ( 'NONE', *, *, #11859, .F. ) ;
#9458 = DIRECTION ( 'NONE',  ( 0.000000000000000000, 0.8314696123025483443, 0.5555702330195975147 ) ) ;
#9459 = VERTEX_POINT ( 'NONE', #11473 ) ;
#9460 = EDGE_LOOP ( 'NONE', ( #8244, #3880, #5423, #11493 ) ) ;
#9461 = CARTESIAN_POINT ( 'NONE',  ( -73.59999999999999432, -14.90095702101639930, 7.795766790882160180 ) ) ;
#9462 = VERTEX_POINT ( 'NONE', #523 ) ;
#9463 = FACE_OUTER_BOUND ( 'NONE', #6269, .T. ) ;
#9464 = EDGE_CURVE ( 'NONE', #487, #2059, #9486, .T. ) ;
#9465 = EDGE_LOOP ( 'NONE', ( #856, #617, #11363, #3281, #4671, #8931 ) ) ;
#9466 = VERTEX_POINT ( 'NONE', #8567 ) ;
#9467 = CARTESIAN_POINT ( 'NONE',  ( 14.10000000000099973, -28.64026550785015246, -11.86318640331715990 ) ) ;
#9468 = DIRECTION ( 'NONE',  ( -1.000000000000000000, 1.579784224483881278E-16, 4.233019071658342777E-17 ) ) ;
#9469 = PLANE ( 'NONE',  #2313 ) ;
#9470 = EDGE_LOOP ( 'NONE', ( #6181, #4197, #4164, #2924, #1608 ) ) ;
#9471 = ORIENTED_EDGE ( 'NONE', *, *, #4361, .T. ) ;
#9472 = DIRECTION ( 'NONE',  ( 0.000000000000000000, 0.9238795325112905132, -0.3826834323650807335 ) ) ;
#9473 = EDGE_CURVE ( 'NONE', #8946, #8085, #12377, .T. ) ;
#9474 = DIRECTION ( 'NONE',  ( 1.000000000000000000, 0.000000000000000000, 0.000000000000000000 ) ) ;
#9475 = ADVANCED_FACE ( 'NONE', ( #8378 ), #3477, .F. ) ;
#9476 = CARTESIAN_POINT ( 'NONE',  ( -59.50000000000000000, -23.45852899954414994, 20.89250528569510124 ) ) ;
#9477 = DIRECTION ( 'NONE',  ( 0.000000000000000000, 0.8314696123025475671, 0.5555702330195986249 ) ) ;
#9478 = CARTESIAN_POINT ( 'NONE',  ( -1.899999999999999911, 28.64026550785075287, -11.86318640331580099 ) ) ;
#9479 = EDGE_LOOP ( 'NONE', ( #3119, #6197 ) ) ;
#9480 = EDGE_CURVE ( 'NONE', #3023, #10383, #1366, .T. ) ;
#9481 = FACE_OUTER_BOUND ( 'NONE', #754, .T. ) ;
#9482 = EDGE_CURVE ( 'NONE', #6734, #1084, #8508, .T. ) ;
#9483 = DIRECTION ( 'NONE',  ( 1.000000000000000000, -2.905650844594904641E-18, -7.014861676541880450E-18 ) ) ;
#9484 = ORIENTED_EDGE ( 'NONE', *, *, #10442, .T. ) ;
#9485 = FACE_OUTER_BOUND ( 'NONE', #9025, .T. ) ;
#9486 = LINE ( 'NONE', #12433, #956 ) ;
#9487 = ORIENTED_EDGE ( 'NONE', *, *, #4740, .F. ) ;
#9488 = VERTEX_POINT ( 'NONE', #6493 ) ;
#9489 = FACE_OUTER_BOUND ( 'NONE', #3845, .T. ) ;
#9490 = EDGE_CURVE ( 'NONE', #9912, #5887, #6559, .T. ) ;
#9491 = DIRECTION ( 'NONE',  ( 0.000000000000000000, -0.9238795325112783008, 0.3826834323651103764 ) ) ;
#9492 = LINE ( 'NONE', #3287, #11228 ) ;
#9493 = AXIS2_PLACEMENT_3D ( 'NONE', #2904, #9903, #2054 ) ;
#9494 = DIRECTION ( 'NONE',  ( 7.592831564818957410E-18, 0.3826834323650886160, 0.9238795325112872936 ) ) ;
#9495 = DIRECTION ( 'NONE',  ( 1.000000000000000000, 0.000000000000000000, 0.000000000000000000 ) ) ;
#9496 = ORIENTED_EDGE ( 'NONE', *, *, #5436, .T. ) ;
#9497 = EDGE_CURVE ( 'NONE', #7239, #4375, #10479, .T. ) ;
#9498 = CARTESIAN_POINT ( 'NONE',  ( -72.84391516214240880, 14.68072612198463922, -15.75106858066749993 ) ) ;
#9499 = CARTESIAN_POINT ( 'NONE',  ( 17.54641016151380128, 11.86318640331641916, 28.64026550784804925 ) ) ;
#9500 = EDGE_CURVE ( 'NONE', #11374, #11067, #10670, .T. ) ;
#9501 = ORIENTED_EDGE ( 'NONE', *, *, #3587, .F. ) ;
#9502 = VECTOR ( 'NONE', #3586, 999.9999999999998863 ) ;
#9503 = DIRECTION ( 'NONE',  ( 0.000000000000000000, 0.3826834323650878389, 0.9238795325112876267 ) ) ;
#9504 = CARTESIAN_POINT ( 'NONE',  ( 17.54641016151375155, -21.92031021678445057, 21.92031021678135261 ) ) ;
#9505 = DIRECTION ( 'NONE',  ( 0.000000000000000000, 0.9238795325112874046, -0.3826834323650882275 ) ) ;
#9506 = LINE ( 'NONE', #10560, #5282 ) ;
#9507 = CIRCLE ( 'NONE', #4290, 1.249999999999986011 ) ;
#9508 = AXIS2_PLACEMENT_3D ( 'NONE', #1442, #8443, #5457 ) ;
#9509 = VECTOR ( 'NONE', #7138, 999.9999999999998863 ) ;
#9510 = VERTEX_POINT ( 'NONE', #3535 ) ;
#9511 = PLANE ( 'NONE',  #8316 ) ;
#9512 = EDGE_LOOP ( 'NONE', ( #1831, #3303, #8152, #1132 ) ) ;
#9513 = AXIS2_PLACEMENT_3D ( 'NONE', #3215, #2103, #6110 ) ;
#9514 = ORIENTED_EDGE ( 'NONE', *, *, #3677, .T. ) ;
#9515 = DIRECTION ( 'NONE',  ( 0.000000000000000000, -0.4146932426562390805, 0.9099612708765432156 ) ) ;
#9516 = ORIENTED_EDGE ( 'NONE', *, *, #3913, .F. ) ;
#9517 = CONICAL_SURFACE ( 'NONE', #11204, 45.00000000000000000, 0.7853981633974744803 ) ;
#9518 = EDGE_LOOP ( 'NONE', ( #5541, #8021, #12021, #680 ) ) ;
#9519 = CIRCLE ( 'NONE', #5973, 1.000000000000000000 ) ;
#9520 = VECTOR ( 'NONE', #8769, 1000.000000000000227 ) ;
#9521 = EDGE_CURVE ( 'NONE', #9883, #11060, #5578, .T. ) ;
#9522 = CARTESIAN_POINT ( 'NONE',  ( 17.54641016151375155, -31.00000000000159872, -1.223728241270682092E-12 ) ) ;
#9523 = EDGE_CURVE ( 'NONE', #10383, #3023, #11423, .T. ) ;
#9524 = AXIS2_PLACEMENT_3D ( 'NONE', #1760, #3734, #11982 ) ;
#9525 = EDGE_LOOP ( 'NONE', ( #684, #3254, #2903, #1048 ) ) ;
#9526 = ORIENTED_EDGE ( 'NONE', *, *, #9631, .F. ) ;
#9527 = DIRECTION ( 'NONE',  ( 0.2588190451025290661, -0.8031379722975882096, -0.5366396363910640455 ) ) ;
#9528 = AXIS2_PLACEMENT_3D ( 'NONE', #12367, #5386, #8180 ) ;
#9529 = ORIENTED_EDGE ( 'NONE', *, *, #2896, .T. ) ;
#9530 = LINE ( 'NONE', #10583, #8175 ) ;
#9531 = ORIENTED_EDGE ( 'NONE', *, *, #11943, .T. ) ;
#9532 = ORIENTED_EDGE ( 'NONE', *, *, #5832, .F. ) ;
#9533 = VECTOR ( 'NONE', #409, 1000.000000000000000 ) ;
#9534 = CIRCLE ( 'NONE', #4949, 1.749999999999999556 ) ;
#9535 = CYLINDRICAL_SURFACE ( 'NONE', #3740, 1.599999999999997202 ) ;
#9536 = AXIS2_PLACEMENT_3D ( 'NONE', #3377, #6402, #10384 ) ;
#9537 = DIRECTION ( 'NONE',  ( 0.000000000000000000, -0.9238795325112789669, 0.3826834323651084890 ) ) ;
#9538 = EDGE_CURVE ( 'NONE', #9650, #10383, #3410, .T. ) ;
#9539 = CARTESIAN_POINT ( 'NONE',  ( 17.54641016151375155, -27.10204672509194879, -10.83538147223281989 ) ) ;
#9540 = ORIENTED_EDGE ( 'NONE', *, *, #5756, .T. ) ;
#9541 = EDGE_CURVE ( 'NONE', #10387, #4066, #7439, .T. ) ;
#9542 = ORIENTED_EDGE ( 'NONE', *, *, #12252, .F. ) ;
#9543 = DIRECTION ( 'NONE',  ( 6.895248198027793416E-33, -0.3826834323650782355, -0.9238795325112915124 ) ) ;
#9544 = CIRCLE ( 'NONE', #5588, 1.750000000000001332 ) ;
#9545 = CARTESIAN_POINT ( 'NONE',  ( -73.59999999999999432, -1.573071284864320060E-12, -1.750922042570622547E-12 ) ) ;
#9546 = FACE_OUTER_BOUND ( 'NONE', #5954, .T. ) ;
#9547 = DIRECTION ( 'NONE',  ( 0.000000000000000000, -1.000000000000000000, 1.224646799147966793E-16 ) ) ;
#9548 = DIRECTION ( 'NONE',  ( 0.000000000000000000, 1.000000000000000000, 9.592326932761342412E-14 ) ) ;
#9549 = ORIENTED_EDGE ( 'NONE', *, *, #3558, .F. ) ;
#9550 = VECTOR ( 'NONE', #8470, 1000.000000000000000 ) ;
#9551 = LINE ( 'NONE', #8562, #5055 ) ;
#9552 = CARTESIAN_POINT ( 'NONE',  ( -1.899999999999999911, -28.64026550785020220, 11.86318640331699825 ) ) ;
#9553 = EDGE_CURVE ( 'NONE', #8664, #11973, #1791, .T. ) ;
#9554 = ORIENTED_EDGE ( 'NONE', *, *, #4334, .F. ) ;
#9555 = CARTESIAN_POINT ( 'NONE',  ( -73.59999999999999432, -21.78925880358800171, -8.834064794321010439 ) ) ;
#9556 = CARTESIAN_POINT ( 'NONE',  ( 5.100000000000011191, 4.039350235086123505E-15, -2.332119945578339300E-15 ) ) ;
#9557 = AXIS2_PLACEMENT_3D ( 'NONE', #4589, #11717, #12432 ) ;
#9558 = EDGE_CURVE ( 'NONE', #11346, #8423, #11404, .T. ) ;
#9559 = CARTESIAN_POINT ( 'NONE',  ( 17.60000000000000142, 23.62482292200154887, -20.78139123909464914 ) ) ;
#9560 = VERTEX_POINT ( 'NONE', #9425 ) ;
#9561 = DIRECTION ( 'NONE',  ( 0.000000000000000000, -0.9238795325112886259, 0.3826834323650853409 ) ) ;
#9562 = EDGE_CURVE ( 'NONE', #2657, #903, #12454, .T. ) ;
#9563 = FACE_OUTER_BOUND ( 'NONE', #178, .T. ) ;
#9564 = DIRECTION ( 'NONE',  ( -1.000000000000000000, 6.705557021117060106E-18, 5.440889002481110112E-18 ) ) ;
#9565 = DIRECTION ( 'NONE',  ( 1.000000000000000000, -1.984102504227365030E-17, 0.000000000000000000 ) ) ;
#9566 = CYLINDRICAL_SURFACE ( 'NONE', #4943, 1.750000000000001110 ) ;
#9567 = VERTEX_POINT ( 'NONE', #1437 ) ;
#9568 = VECTOR ( 'NONE', #6841, 1000.000000000000227 ) ;
#9569 = DIRECTION ( 'NONE',  ( 1.000000000000000000, -2.158025383142854611E-16, 5.782411586590620802E-17 ) ) ;
#9570 = AXIS2_PLACEMENT_3D ( 'NONE', #913, #11006, #5900 ) ;
#9571 = FACE_OUTER_BOUND ( 'NONE', #12502, .T. ) ;
#9572 = EDGE_CURVE ( 'NONE', #4370, #489, #6616, .T. ) ;
#9573 = CARTESIAN_POINT ( 'NONE',  ( -72.59999999999999432, 5.499999999998426148, -1.750927483459624843E-12 ) ) ;
#9574 = AXIS2_PLACEMENT_3D ( 'NONE', #9188, #237, #4225 ) ;
#9575 = ADVANCED_FACE ( 'NONE', ( #6434 ), #10415, .F. ) ;
#9576 = DIRECTION ( 'NONE',  ( -5.239821661893189738E-17, -0.8314696123025480112, -0.5555702330195979588 ) ) ;
#9577 = DIRECTION ( 'NONE',  ( 4.112988807310475997E-18, 0.9238795325112874046, -0.3826834323650881720 ) ) ;
#9578 = CARTESIAN_POINT ( 'NONE',  ( 17.54641016151375155, -27.10204672509155088, 12.89099133440281975 ) ) ;
#9579 = LINE ( 'NONE', #613, #2725 ) ;
#9580 = ORIENTED_EDGE ( 'NONE', *, *, #1670, .F. ) ;
#9581 = FACE_BOUND ( 'NONE', #10981, .T. ) ;
#9582 = ORIENTED_EDGE ( 'NONE', *, *, #1450, .T. ) ;
#9583 = VECTOR ( 'NONE', #1636, 1000.000000000000000 ) ;
#9584 = ADVANCED_FACE ( 'NONE', ( #5643 ), #4312, .F. ) ;
#9585 = ORIENTED_EDGE ( 'NONE', *, *, #10442, .F. ) ;
#9586 = LINE ( 'NONE', #3433, #9977 ) ;
#9587 = ORIENTED_EDGE ( 'NONE', *, *, #6984, .F. ) ;
#9588 = ORIENTED_EDGE ( 'NONE', *, *, #141, .T. ) ;
#9589 = FACE_OUTER_BOUND ( 'NONE', #2785, .T. ) ;
#9590 = EDGE_LOOP ( 'NONE', ( #2684, #3076, #7172, #7817 ) ) ;
#9591 = ORIENTED_EDGE ( 'NONE', *, *, #8179, .T. ) ;
#9592 = DIRECTION ( 'NONE',  ( 1.000000000000000000, 0.000000000000000000, 0.000000000000000000 ) ) ;
#9593 = ORIENTED_EDGE ( 'NONE', *, *, #3150, .F. ) ;
#9594 = DIRECTION ( 'NONE',  ( 0.000000000000000000, 0.9238795325112867385, -0.3826834323650899483 ) ) ;
#9595 = VERTEX_POINT ( 'NONE', #8827 ) ;
#9596 = ORIENTED_EDGE ( 'NONE', *, *, #373, .F. ) ;
#9597 = FACE_OUTER_BOUND ( 'NONE', #4486, .T. ) ;
#9598 = DIRECTION ( 'NONE',  ( -1.000000000000000000, 1.159058001766241925E-16, -6.264279228234968532E-17 ) ) ;
#9599 = CARTESIAN_POINT ( 'NONE',  ( -72.84391516214240880, -8.196486320422168959, 5.689909376520580153 ) ) ;
#9600 = ORIENTED_EDGE ( 'NONE', *, *, #10820, .T. ) ;
#9601 = EDGE_LOOP ( 'NONE', ( #7125, #10738, #10811 ) ) ;
#9602 = CYLINDRICAL_SURFACE ( 'NONE', #4086, 1.750000000000001110 ) ;
#9603 = FACE_OUTER_BOUND ( 'NONE', #1053, .T. ) ;
#9604 = CYLINDRICAL_SURFACE ( 'NONE', #2057, 1.600000000000000755 ) ;
#9605 = DIRECTION ( 'NONE',  ( 1.000000000000000000, -6.322502648911709143E-17, 9.462293898829198836E-17 ) ) ;
#9606 = DIRECTION ( 'NONE',  ( 1.000000000000000000, -6.322502648911709143E-17, 9.462293898829198836E-17 ) ) ;
#9607 = EDGE_LOOP ( 'NONE', ( #10641, #11900, #5488, #2336 ) ) ;
#9608 = EDGE_CURVE ( 'NONE', #12666, #3312, #11222, .T. ) ;
#9609 = CARTESIAN_POINT ( 'NONE',  ( 17.54641016151375155, -31.00000000000159872, -1.223728241270682092E-12 ) ) ;
#9610 = CARTESIAN_POINT ( 'NONE',  ( -1.899999999999999911, 10.61318640331946028, -28.64026550784934955 ) ) ;
#9611 = ADVANCED_FACE ( 'NONE', ( #3798 ), #3992, .F. ) ;
#9612 = EDGE_LOOP ( 'NONE', ( #3296, #11118, #1927, #116 ) ) ;
#9613 = LINE ( 'NONE', #3534, #6455 ) ;
#9614 = DIRECTION ( 'NONE',  ( -1.000000000000000000, 1.001543065824855929E-16, -5.782411586590338538E-17 ) ) ;
#9615 = AXIS2_PLACEMENT_3D ( 'NONE', #2115, #6255, #6121 ) ;
#9616 = CIRCLE ( 'NONE', #12752, 44.90000000000000568 ) ;
#9617 = FACE_OUTER_BOUND ( 'NONE', #1207, .T. ) ;
#9618 = ORIENTED_EDGE ( 'NONE', *, *, #10510, .T. ) ;
#9619 = CARTESIAN_POINT ( 'NONE',  ( -78.79999999999999716, -5.003247639239299716, 19.93188433290860218 ) ) ;
#9620 = LINE ( 'NONE', #659, #8042 ) ;
#9621 = DIRECTION ( 'NONE',  ( 1.000000000000000000, 0.000000000000000000, 0.000000000000000000 ) ) ;
#9622 = CARTESIAN_POINT ( 'NONE',  ( 14.10000000000099973, 29.38321081810525115, 0.6696960066379969989 ) ) ;
#9623 = FACE_OUTER_BOUND ( 'NONE', #3758, .T. ) ;
#9624 = VERTEX_POINT ( 'NONE', #10740 ) ;
#9625 = CARTESIAN_POINT ( 'NONE',  ( -73.59999999999999432, -10.39364474075195766, 4.305188614107244405 ) ) ;
#9626 = VECTOR ( 'NONE', #5570, 1000.000000000000000 ) ;
#9627 = DIRECTION ( 'NONE',  ( -1.000000000000000000, 1.458823248285189857E-16, -3.939309796978184926E-17 ) ) ;
#9628 = AXIS2_PLACEMENT_3D ( 'NONE', #12664, #8614, #11699 ) ;
#9629 = ORIENTED_EDGE ( 'NONE', *, *, #2582, .F. ) ;
#9630 = CYLINDRICAL_SURFACE ( 'NONE', #4279, 1.249999999999987121 ) ;
#9631 = EDGE_CURVE ( 'NONE', #8493, #3436, #9814, .T. ) ;
#9632 = VECTOR ( 'NONE', #9840, 1000.000000000000000 ) ;
#9633 = CARTESIAN_POINT ( 'NONE',  ( -73.59999999999999432, 1.049419181516655842E-14, 5.142634763737189527E-15 ) ) ;
#9634 = CARTESIAN_POINT ( 'NONE',  ( 17.54641016151375155, -32.53821878276129809, -1.027804931087479945 ) ) ;
#9635 = CIRCLE ( 'NONE', #4005, 34.40000000000000568 ) ;
#9636 = EDGE_CURVE ( 'NONE', #5608, #12713, #7238, .T. ) ;
#9637 = CARTESIAN_POINT ( 'NONE',  ( 6.599999999999999645, 21.92031021678110037, 21.92031021678485203 ) ) ;
#9638 = AXIS2_PLACEMENT_3D ( 'NONE', #3952, #10030, #11933 ) ;
#9639 = DIRECTION ( 'NONE',  ( 1.000000000000000000, 2.638697247430395030E-33, 6.370378681743239884E-33 ) ) ;
#9640 = ORIENTED_EDGE ( 'NONE', *, *, #12372, .F. ) ;
#9641 = DIRECTION ( 'NONE',  ( 0.000000000000000000, -0.9238795325112868495, 0.3826834323650896152 ) ) ;
#9642 = ORIENTED_EDGE ( 'NONE', *, *, #8302, .T. ) ;
#9643 = ADVANCED_FACE ( 'NONE', ( #9882 ), #4923, .T. ) ;
#9644 = EDGE_CURVE ( 'NONE', #10092, #6258, #7854, .T. ) ;
#9645 = ORIENTED_EDGE ( 'NONE', *, *, #12815, .F. ) ;
#9646 = EDGE_CURVE ( 'NONE', #12288, #5395, #8898, .T. ) ;
#9647 = CIRCLE ( 'NONE', #4014, 1.749999999999998002 ) ;
#9648 = DIRECTION ( 'NONE',  ( 0.000000000000000000, -0.9238795325112788559, 0.3826834323651088221 ) ) ;
#9649 = ORIENTED_EDGE ( 'NONE', *, *, #3779, .T. ) ;
#9650 = VERTEX_POINT ( 'NONE', #12888 ) ;
#9651 = EDGE_CURVE ( 'NONE', #12010, #6172, #10576, .T. ) ;
#9652 = AXIS2_PLACEMENT_3D ( 'NONE', #5012, #2048, #5075 ) ;
#9653 = CARTESIAN_POINT ( 'NONE',  ( -14.90000000000000036, -21.25000000000000000, 38.40607966083869940 ) ) ;
#9654 = VERTEX_POINT ( 'NONE', #9947 ) ;
#9655 = ORIENTED_EDGE ( 'NONE', *, *, #8617, .F. ) ;
#9656 = CARTESIAN_POINT ( 'NONE',  ( 6.599999999999999645, -21.92031021678345226, 21.92031021678250013 ) ) ;
#9657 = ORIENTED_EDGE ( 'NONE', *, *, #400, .T. ) ;
#9658 = CARTESIAN_POINT ( 'NONE',  ( -78.79999999999999716, -8.236826003028799192, 21.27127634618639718 ) ) ;
#9659 = ADVANCED_FACE ( 'NONE', ( #7981 ), #2030, .F. ) ;
#9660 = AXIS2_PLACEMENT_3D ( 'NONE', #12838, #672, #10889 ) ;
#9661 = CARTESIAN_POINT ( 'NONE',  ( -73.59999999999999432, -9.371278063036369232, 11.99965197267207984 ) ) ;
#9662 = ORIENTED_EDGE ( 'NONE', *, *, #2759, .F. ) ;
#9663 = DIRECTION ( 'NONE',  ( -1.000000000000000000, 1.551905699024409893E-16, -6.264279228235009208E-17 ) ) ;
#9664 = CONICAL_SURFACE ( 'NONE', #9879, 44.99999999999523226, 0.7853981633486989411 ) ;
#9665 = CARTESIAN_POINT ( 'NONE',  ( 17.60000000000000142, -22.61597345463080089, -15.11151033813474598 ) ) ;
#9666 = CARTESIAN_POINT ( 'NONE',  ( -72.84391516214240880, -4.989649402151609792, 13.43189855692811996 ) ) ;
#9667 = ORIENTED_EDGE ( 'NONE', *, *, #10392, .F. ) ;
#9668 = ADVANCED_FACE ( 'NONE', ( #2881 ), #2752, .T. ) ;
#9669 = ORIENTED_EDGE ( 'NONE', *, *, #6846, .T. ) ;
#9670 = CARTESIAN_POINT ( 'NONE',  ( -73.59999999999999432, -1.769669275449794910, 18.59249231963075033 ) ) ;
#9671 = EDGE_CURVE ( 'NONE', #10647, #2113, #12691, .T. ) ;
#9672 = DIRECTION ( 'NONE',  ( 0.000000000000000000, 1.000000000000000000, 9.714451465470228276E-14 ) ) ;
#9673 = CARTESIAN_POINT ( 'NONE',  ( -1.899999999999999911, 21.92031021678435110, -21.92031021678160130 ) ) ;
#9674 = CARTESIAN_POINT ( 'NONE',  ( -73.59999999999999432, -24.48164106723129763, -8.801235745919580467 ) ) ;
#9675 = PLANE ( 'NONE',  #7240 ) ;
#9676 = ORIENTED_EDGE ( 'NONE', *, *, #2194, .T. ) ;
#9677 = DIRECTION ( 'NONE',  ( 0.5150380749100560429, -0.8571673007021111124, -8.211731712495831096E-14 ) ) ;
#9678 = DIRECTION ( 'NONE',  ( 1.000000000000000000, 0.000000000000000000, 0.000000000000000000 ) ) ;
#9679 = VERTEX_POINT ( 'NONE', #6750 ) ;
#9680 = DIRECTION ( 'NONE',  ( 1.000000000000000000, -1.545410669021654832E-16, 6.264279228234948811E-17 ) ) ;
#9681 = CARTESIAN_POINT ( 'NONE',  ( 17.60000000000000142, -31.00000000000159872, -1.223724730490525882E-12 ) ) ;
#9682 = EDGE_CURVE ( 'NONE', #3378, #10116, #1834, .T. ) ;
#9683 = CARTESIAN_POINT ( 'NONE',  ( -68.79999999999999716, -23.17507810235494858, -8.260039645773378680 ) ) ;
#9684 = ORIENTED_EDGE ( 'NONE', *, *, #12587, .T. ) ;
#9685 = CARTESIAN_POINT ( 'NONE',  ( 17.54641016151380128, 21.92031021678129932, -21.92031021678479874 ) ) ;
#9686 = LINE ( 'NONE', #8576, #11421 ) ;
#9687 = DIRECTION ( 'NONE',  ( -1.000000000000000000, 6.322502648911719004E-17, -9.462293898829198836E-17 ) ) ;
#9688 = DIRECTION ( 'NONE',  ( -1.000000000000000000, 0.000000000000000000, 0.000000000000000000 ) ) ;
#9689 = DIRECTION ( 'NONE',  ( -1.000000000000000000, 0.000000000000000000, 0.000000000000000000 ) ) ;
#9690 = VERTEX_POINT ( 'NONE', #10944 ) ;
#9691 = DIRECTION ( 'NONE',  ( -1.000000000000000000, 0.000000000000000000, -1.074775770116589937E-17 ) ) ;
#9692 = CARTESIAN_POINT ( 'NONE',  ( 6.600000000000989964, -9.540979117872440597E-15, 0.000000000000000000 ) ) ;
#9693 = ORIENTED_EDGE ( 'NONE', *, *, #7992, .F. ) ;
#9694 = EDGE_CURVE ( 'NONE', #4696, #1713, #5902, .T. ) ;
#9695 = DIRECTION ( 'NONE',  ( -1.000000000000000000, 6.705557021117060106E-18, 5.440889002481110112E-18 ) ) ;
#9696 = CARTESIAN_POINT ( 'NONE',  ( -1.899999999999999911, 20.67031021678440084, -21.92031021678170077 ) ) ;
#9697 = CYLINDRICAL_SURFACE ( 'NONE', #1773, 1.750000000000001332 ) ;
#9698 = LINE ( 'NONE', #736, #9232 ) ;
#9699 = LINE ( 'NONE', #10635, #6907 ) ;
#9700 = ORIENTED_EDGE ( 'NONE', *, *, #7801, .F. ) ;
#9701 = DIRECTION ( 'NONE',  ( 0.000000000000000000, -0.8314696123025475671, -0.5555702330195986249 ) ) ;
#9702 = VERTEX_POINT ( 'NONE', #10871 ) ;
#9703 = DIRECTION ( 'NONE',  ( 0.000000000000000000, -0.8314696123025484553, -0.5555702330195974037 ) ) ;
#9704 = EDGE_CURVE ( 'NONE', #3736, #4978, #4072, .T. ) ;
#9705 = VERTEX_POINT ( 'NONE', #3931 ) ;
#9706 = CIRCLE ( 'NONE', #4313, 44.99999999999524647 ) ;
#9707 = CIRCLE ( 'NONE', #724, 1.750000000000001110 ) ;
#9708 = FACE_BOUND ( 'NONE', #2489, .T. ) ;
#9709 = EDGE_CURVE ( 'NONE', #8987, #1899, #7917, .T. ) ;
#9710 = VERTEX_POINT ( 'NONE', #129 ) ;
#9711 = CYLINDRICAL_SURFACE ( 'NONE', #6207, 1.000000000000000000 ) ;
#9712 = VECTOR ( 'NONE', #10267, 1000.000000000000000 ) ;
#9713 = AXIS2_PLACEMENT_3D ( 'NONE', #6766, #3884, #3690 ) ;
#9714 = VERTEX_POINT ( 'NONE', #5243 ) ;
#9715 = ORIENTED_EDGE ( 'NONE', *, *, #3409, .T. ) ;
#9716 = DIRECTION ( 'NONE',  ( 0.000000000000000000, 1.000000000000000000, 9.714451465470219441E-14 ) ) ;
#9717 = VERTEX_POINT ( 'NONE', #10200 ) ;
#9718 = ADVANCED_FACE ( 'NONE', ( #196 ), #3332, .F. ) ;
#9719 = FACE_OUTER_BOUND ( 'NONE', #3960, .T. ) ;
#9720 = EDGE_CURVE ( 'NONE', #8597, #9170, #1172, .T. ) ;
#9721 = CIRCLE ( 'NONE', #6175, 1.849999999999998979 ) ;
#9722 = VERTEX_POINT ( 'NONE', #8234 ) ;
#9723 = AXIS2_PLACEMENT_3D ( 'NONE', #4405, #12259, #6180 ) ;
#9724 = LINE ( 'NONE', #9792, #3947 ) ;
#9725 = DIRECTION ( 'NONE',  ( -1.000000000000000000, 6.705557021117060106E-18, 5.440889002481110112E-18 ) ) ;
#9726 = AXIS2_PLACEMENT_3D ( 'NONE', #8153, #249, #1219 ) ;
#9727 = AXIS2_PLACEMENT_3D ( 'NONE', #11444, #3569, #8411 ) ;
#9728 = VECTOR ( 'NONE', #9369, 1000.000000000000000 ) ;
#9729 = PLANE ( 'NONE',  #6017 ) ;
#9730 = ORIENTED_EDGE ( 'NONE', *, *, #1364, .T. ) ;
#9731 = ORIENTED_EDGE ( 'NONE', *, *, #7862, .F. ) ;
#9732 = AXIS2_PLACEMENT_3D ( 'NONE', #7281, #1186, #2167 ) ;
#9733 = AXIS2_PLACEMENT_3D ( 'NONE', #4455, #12492, #3529 ) ;
#9734 = VERTEX_POINT ( 'NONE', #5181 ) ;
#9735 = DIRECTION ( 'NONE',  ( 1.000000000000000000, 0.000000000000000000, 0.000000000000000000 ) ) ;
#9736 = ORIENTED_EDGE ( 'NONE', *, *, #4263, .T. ) ;
#9737 = CARTESIAN_POINT ( 'NONE',  ( -73.59999999999999432, -23.30076172173459881, -3.337214884742405019 ) ) ;
#9738 = VECTOR ( 'NONE', #10485, 1000.000000000000227 ) ;
#9739 = AXIS2_PLACEMENT_3D ( 'NONE', #4763, #3836, #11761 ) ;
#9740 = CIRCLE ( 'NONE', #7449, 1.000000000000000000 ) ;
#9741 = DIRECTION ( 'NONE',  ( 0.000000000000000000, -0.7933533402912362753, -0.6087614290087191016 ) ) ;
#9742 = DIRECTION ( 'NONE',  ( 1.000000000000000000, -6.322502648911719004E-17, 9.462293898829198836E-17 ) ) ;
#9743 = CARTESIAN_POINT ( 'NONE',  ( 17.60000000000000142, -1.382778918787710098E-12, 30.99999999999824851 ) ) ;
#9744 = EDGE_LOOP ( 'NONE', ( #11901, #3124, #3384, #1404 ) ) ;
#9745 = CIRCLE ( 'NONE', #3026, 1.599999999999997202 ) ;
#9746 = CARTESIAN_POINT ( 'NONE',  ( 17.54641016151380128, 20.38209143402184864, 20.89250528569479926 ) ) ;
#9747 = LINE ( 'NONE', #782, #6324 ) ;
#9748 = AXIS2_PLACEMENT_3D ( 'NONE', #1017, #892, #8865 ) ;
#9749 = EDGE_LOOP ( 'NONE', ( #3628, #8181 ) ) ;
#9750 = EDGE_CURVE ( 'NONE', #8219, #5225, #3029, .T. ) ;
#9751 = LINE ( 'NONE', #6491, #6657 ) ;
#9752 = CARTESIAN_POINT ( 'NONE',  ( -1.899999999999999911, 13.11318640331516150, 28.64026550785110459 ) ) ;
#9753 = CARTESIAN_POINT ( 'NONE',  ( -73.59999999999999432, 1.049419181516655842E-14, 5.142634763737189527E-15 ) ) ;
#9754 = ORIENTED_EDGE ( 'NONE', *, *, #11071, .T. ) ;
#9755 = CARTESIAN_POINT ( 'NONE',  ( 5.599999999999999645, 35.00000000000000000, 3.361600690263492213E-12 ) ) ;
#9756 = CARTESIAN_POINT ( 'NONE',  ( -59.50000000000000000, 20.38209143402184864, 20.89250528569479926 ) ) ;
#9757 = CARTESIAN_POINT ( 'NONE',  ( 6.599999999999999645, 29.75000000000001776, 2.188080418875507838E-12 ) ) ;
#9758 = FACE_OUTER_BOUND ( 'NONE', #78, .T. ) ;
#9759 = DIRECTION ( 'NONE',  ( 4.112988807310475997E-18, 0.9238795325112874046, -0.3826834323650881720 ) ) ;
#9760 = ORIENTED_EDGE ( 'NONE', *, *, #11024, .F. ) ;
#9761 = DIRECTION ( 'NONE',  ( 4.112988807310475227E-18, 0.9238795325112871826, -0.3826834323650885605 ) ) ;
#9762 = EDGE_CURVE ( 'NONE', #7472, #1606, #10339, .T. ) ;
#9763 = DIRECTION ( 'NONE',  ( 0.7071067811865480168, 0.6532814824381879548, -0.2705980500730975624 ) ) ;
#9764 = AXIS2_PLACEMENT_3D ( 'NONE', #6862, #9860, #11958 ) ;
#9765 = EDGE_LOOP ( 'NONE', ( #2672, #12013, #1082, #10868 ) ) ;
#9766 = DIRECTION ( 'NONE',  ( 1.000000000000000000, -6.322502648911709143E-17, 9.462293898829198836E-17 ) ) ;
#9767 = ORIENTED_EDGE ( 'NONE', *, *, #9139, .T. ) ;
#9768 = CARTESIAN_POINT ( 'NONE',  ( 17.10000000000000142, 22.44967953216721668, 15.00039629152740339 ) ) ;
#9769 = DIRECTION ( 'NONE',  ( 2.170249086492579510E-18, -0.4146932426562424112, 0.9099612708765417723 ) ) ;
#9770 = DIRECTION ( 'NONE',  ( -1.000000000000000000, 6.705557021117060106E-18, 5.440889002481110112E-18 ) ) ;
#9771 = DIRECTION ( 'NONE',  ( 1.000000000000000000, 6.123233995737139512E-17, -2.137915722948609799E-31 ) ) ;
#9772 = CARTESIAN_POINT ( 'NONE',  ( -2.651075773784429934, -21.92031021678345226, 21.92031021678250013 ) ) ;
#9773 = ORIENTED_EDGE ( 'NONE', *, *, #11548, .T. ) ;
#9774 = AXIS2_PLACEMENT_3D ( 'NONE', #945, #10764, #816 ) ;
#9775 = DIRECTION ( 'NONE',  ( 4.112988807310475997E-18, 0.9238795325112874046, -0.3826834323650881720 ) ) ;
#9776 = EDGE_LOOP ( 'NONE', ( #2267, #3704, #5294, #1805 ) ) ;
#9777 = EDGE_CURVE ( 'NONE', #6999, #2895, #934, .T. ) ;
#9778 = LINE ( 'NONE', #7746, #5689 ) ;
#9779 = VERTEX_POINT ( 'NONE', #6288 ) ;
#9780 = LINE ( 'NONE', #4821, #5818 ) ;
#9781 = EDGE_CURVE ( 'NONE', #6830, #11221, #4317, .T. ) ;
#9782 = ORIENTED_EDGE ( 'NONE', *, *, #12761, .T. ) ;
#9783 = AXIS2_PLACEMENT_3D ( 'NONE', #7426, #6332, #12272 ) ;
#9784 = DIRECTION ( 'NONE',  ( 0.000000000000000000, 0.8314696123025483443, 0.5555702330195975147 ) ) ;
#9785 = ORIENTED_EDGE ( 'NONE', *, *, #3399, .T. ) ;
#9786 = CARTESIAN_POINT ( 'NONE',  ( 17.54641016151380128, 11.86318640331584007, -28.64026550785180092 ) ) ;
#9787 = DIRECTION ( 'NONE',  ( -1.000000000000000000, 0.000000000000000000, 0.000000000000000000 ) ) ;
#9788 = ORIENTED_EDGE ( 'NONE', *, *, #5375, .F. ) ;
#9789 = DIRECTION ( 'NONE',  ( 0.000000000000000000, -0.9238795325112868495, 0.3826834323650896152 ) ) ;
#9790 = ORIENTED_EDGE ( 'NONE', *, *, #12747, .T. ) ;
#9791 = AXIS2_PLACEMENT_3D ( 'NONE', #12549, #4706, #4780 ) ;
#9792 = CARTESIAN_POINT ( 'NONE',  ( -72.84391516214240880, -14.66364304800118035, 8.368693403076200354 ) ) ;
#9793 = FACE_BOUND ( 'NONE', #11857, .T. ) ;
#9794 = DIRECTION ( 'NONE',  ( 1.000000000000000000, 0.000000000000000000, 0.000000000000000000 ) ) ;
#9795 = EDGE_CURVE ( 'NONE', #3374, #11995, #11815, .T. ) ;
#9796 = ORIENTED_EDGE ( 'NONE', *, *, #7155, .F. ) ;
#9797 = ORIENTED_EDGE ( 'NONE', *, *, #485, .F. ) ;
#9798 = ORIENTED_EDGE ( 'NONE', *, *, #12082, .T. ) ;
#9799 = CYLINDRICAL_SURFACE ( 'NONE', #9101, 44.99999999999523226 ) ;
#9800 = ORIENTED_EDGE ( 'NONE', *, *, #4914, .T. ) ;
#9801 = CARTESIAN_POINT ( 'NONE',  ( 17.54641016151380128, 30.17848429060790139, -10.83538147223356063 ) ) ;
#9802 = CARTESIAN_POINT ( 'NONE',  ( -73.59999999999999432, 1.049419181516655842E-14, 5.142634763737189527E-15 ) ) ;
#9803 = EDGE_CURVE ( 'NONE', #4999, #1377, #12223, .T. ) ;
#9804 = CYLINDRICAL_SURFACE ( 'NONE', #4402, 1.850000000000000311 ) ;
#9805 = CYLINDRICAL_SURFACE ( 'NONE', #10977, 1.850000000000001421 ) ;
#9806 = ORIENTED_EDGE ( 'NONE', *, *, #7103, .T. ) ;
#9807 = DIRECTION ( 'NONE',  ( 8.358097092242374782E-18, 0.9099612708765429936, 0.4146932426562395246 ) ) ;
#9808 = EDGE_CURVE ( 'NONE', #1606, #3478, #1770, .T. ) ;
#9809 = CARTESIAN_POINT ( 'NONE',  ( -73.59999999999999432, -16.41245993916304968, 13.29261670046076027 ) ) ;
#9810 = ADVANCED_FACE ( 'NONE', ( #10265 ), #5956, .F. ) ;
#9811 = EDGE_LOOP ( 'NONE', ( #5850, #12769, #3813, #1593 ) ) ;
#9812 = EDGE_CURVE ( 'NONE', #7946, #501, #5054, .T. ) ;
#9813 = CARTESIAN_POINT ( 'NONE',  ( 6.599999999999999645, 23.17031021678435110, -21.92031021678150182 ) ) ;
#9814 = LINE ( 'NONE', #9752, #11629 ) ;
#9815 = EDGE_CURVE ( 'NONE', #243, #4037, #3204, .T. ) ;
#9816 = CARTESIAN_POINT ( 'NONE',  ( -1.899999999999999911, -2.973621349156020086E-12, 31.00000000000000000 ) ) ;
#9817 = VERTEX_POINT ( 'NONE', #7199 ) ;
#9818 = DIRECTION ( 'NONE',  ( -1.000000000000000000, 0.000000000000000000, 0.000000000000000000 ) ) ;
#9819 = CARTESIAN_POINT ( 'NONE',  ( -11.90000000000001101, -21.25000000000000000, 35.20607966083870366 ) ) ;
#9820 = ORIENTED_EDGE ( 'NONE', *, *, #5996, .F. ) ;
#9821 = CARTESIAN_POINT ( 'NONE',  ( -78.79999999999999716, -20.32418317093049964, -10.52331119156246153 ) ) ;
#9822 = ADVANCED_FACE ( 'NONE', ( #4248 ), #2224, .T. ) ;
#9823 = LINE ( 'NONE', #858, #12455 ) ;
#9824 = ORIENTED_EDGE ( 'NONE', *, *, #8810, .T. ) ;
#9825 = LINE ( 'NONE', #11020, #12540 ) ;
#9826 = DIRECTION ( 'NONE',  ( 0.000000000000000000, 0.000000000000000000, -1.000000000000000000 ) ) ;
#9827 = ORIENTED_EDGE ( 'NONE', *, *, #3526, .T. ) ;
#9828 = EDGE_CURVE ( 'NONE', #6889, #4075, #518, .T. ) ;
#9829 = AXIS2_PLACEMENT_3D ( 'NONE', #1159, #12098, #8029 ) ;
#9830 = LINE ( 'NONE', #7734, #3447 ) ;
#9831 = CARTESIAN_POINT ( 'NONE',  ( -78.79999999999999716, -16.83360499415559985, -6.015998911298029661 ) ) ;
#9832 = DIRECTION ( 'NONE',  ( -1.000000000000000000, 0.000000000000000000, 0.000000000000000000 ) ) ;
#9833 = DIRECTION ( 'NONE',  ( 1.000000000000000000, -6.705557021117060106E-18, -5.440889002481110112E-18 ) ) ;
#9834 = CARTESIAN_POINT ( 'NONE',  ( 6.600000000000989964, 8.265957363029490854E-13, 31.00000000000000000 ) ) ;
#9835 = AXIS2_PLACEMENT_3D ( 'NONE', #11991, #2040, #6760 ) ;
#9836 = CARTESIAN_POINT ( 'NONE',  ( -73.59999999999999432, 15.60460565449595194, -16.13375201303259843 ) ) ;
#9837 = ORIENTED_EDGE ( 'NONE', *, *, #1345, .F. ) ;
#9838 = CONICAL_SURFACE ( 'NONE', #2937, 44.69999999999999574, 0.7853981633974659315 ) ;
#9839 = FACE_OUTER_BOUND ( 'NONE', #12249, .T. ) ;
#9840 = DIRECTION ( 'NONE',  ( 1.000000000000000000, -6.322502648911719004E-17, 9.462293898829198836E-17 ) ) ;
#9841 = ORIENTED_EDGE ( 'NONE', *, *, #8754, .T. ) ;
#9842 = CYLINDRICAL_SURFACE ( 'NONE', #9774, 1.000000000000000222 ) ;
#9843 = ORIENTED_EDGE ( 'NONE', *, *, #4803, .F. ) ;
#9844 = VECTOR ( 'NONE', #3596, 999.9999999999998863 ) ;
#9845 = VECTOR ( 'NONE', #8775, 1000.000000000000000 ) ;
#9846 = CARTESIAN_POINT ( 'NONE',  ( 17.54641016151380128, 27.10204672508869805, 10.83538147222952119 ) ) ;
#9847 = ORIENTED_EDGE ( 'NONE', *, *, #3913, .T. ) ;
#9848 = VERTEX_POINT ( 'NONE', #9086 ) ;
#9849 = CYLINDRICAL_SURFACE ( 'NONE', #12046, 1.000000000000000000 ) ;
#9851 = ADVANCED_FACE ( 'NONE', ( #9155, #7072 ), #6230, .F. ) ;
#9850 = ORIENTED_EDGE ( 'NONE', *, *, #2011, .T. ) ;
#9852 = DIRECTION ( 'NONE',  ( 0.000000000000000000, -0.9238795325112789669, 0.3826834323651084890 ) ) ;
#9853 = PLANE ( 'NONE',  #4328 ) ;
#9854 = ORIENTED_EDGE ( 'NONE', *, *, #11657, .T. ) ;
#9855 = EDGE_CURVE ( 'NONE', #6172, #12010, #4922, .T. ) ;
#9856 = CARTESIAN_POINT ( 'NONE',  ( 6.599999999999999645, -21.92031021678205249, -21.92031021678390346 ) ) ;
#9857 = VECTOR ( 'NONE', #5309, 1000.000000000000000 ) ;
#9858 = LINE ( 'NONE', #764, #10555 ) ;
#9859 = CONICAL_SURFACE ( 'NONE', #4426, 32.99999999999999289, 0.7853981633974476129 ) ;
#9860 = DIRECTION ( 'NONE',  ( 1.000000000000000000, -6.705557021117060106E-18, -5.440889002481110112E-18 ) ) ;
#9861 = VERTEX_POINT ( 'NONE', #7456 ) ;
#9862 = EDGE_LOOP ( 'NONE', ( #11696, #3699 ) ) ;
#9863 = EDGE_LOOP ( 'NONE', ( #4338, #3128, #2850, #12116 ) ) ;
#9864 = DIRECTION ( 'NONE',  ( -1.000000000000000000, 1.067925513466053880E-16, -6.551204957150059656E-17 ) ) ;
#9865 = VECTOR ( 'NONE', #12008, 1000.000000000000000 ) ;
#9866 = EDGE_CURVE ( 'NONE', #11359, #11978, #2604, .T. ) ;
#9867 = VERTEX_POINT ( 'NONE', #11391 ) ;
#9868 = DIRECTION ( 'NONE',  ( 0.5150380749100560429, 0.8571673007021111124, 8.222228984407219466E-14 ) ) ;
#9869 = AXIS2_PLACEMENT_3D ( 'NONE', #6756, #9494, #9565 ) ;
#9870 = DIRECTION ( 'NONE',  ( 0.000000000000000000, -0.9238795325112872936, 0.3826834323650886160 ) ) ;
#9871 = LINE ( 'NONE', #5043, #11365 ) ;
#9872 = CYLINDRICAL_SURFACE ( 'NONE', #10338, 1.600000000000000755 ) ;
#9873 = ORIENTED_EDGE ( 'NONE', *, *, #7166, .F. ) ;
#9874 = DIRECTION ( 'NONE',  ( 8.358097092242367078E-18, 0.9099612708765417723, 0.4146932426562424112 ) ) ;
#9875 = AXIS2_PLACEMENT_3D ( 'NONE', #81, #2173, #1056 ) ;
#9876 = DIRECTION ( 'NONE',  ( 0.000000000000000000, -0.9238795325112786339, 0.3826834323651093772 ) ) ;
#9877 = ORIENTED_EDGE ( 'NONE', *, *, #2179, .F. ) ;
#9878 = EDGE_CURVE ( 'NONE', #3225, #10903, #100, .T. ) ;
#9879 = AXIS2_PLACEMENT_3D ( 'NONE', #3209, #10272, #8178 ) ;
#9880 = CARTESIAN_POINT ( 'NONE',  ( 6.600000000000989964, 27.02347632595476057, -11.19349039667974033 ) ) ;
#9881 = EDGE_CURVE ( 'NONE', #10116, #11316, #4273, .T. ) ;
#9882 = FACE_OUTER_BOUND ( 'NONE', #8473, .T. ) ;
#9883 = VERTEX_POINT ( 'NONE', #1422 ) ;
#9884 = CARTESIAN_POINT ( 'NONE',  ( -43.69999999999999574, 44.90000000000001279, 1.534437098437058555E-13 ) ) ;
#9885 = DIRECTION ( 'NONE',  ( 0.000000000000000000, -0.9238795325112872936, 0.3826834323650886160 ) ) ;
#9886 = EDGE_CURVE ( 'NONE', #6258, #11030, #12546, .T. ) ;
#9887 = DIRECTION ( 'NONE',  ( 0.000000000000000000, -0.8314696123025480112, -0.5555702330195979588 ) ) ;
#9888 = EDGE_CURVE ( 'NONE', #7028, #11865, #12631, .T. ) ;
#9889 = DIRECTION ( 'NONE',  ( 0.5150380749100560429, 0.8571673007021111124, 8.222228984407219466E-14 ) ) ;
#9890 = ORIENTED_EDGE ( 'NONE', *, *, #8454, .F. ) ;
#9891 = FACE_OUTER_BOUND ( 'NONE', #12337, .T. ) ;
#9892 = LINE ( 'NONE', #1971, #1273 ) ;
#9893 = ORIENTED_EDGE ( 'NONE', *, *, #10848, .T. ) ;
#9894 = EDGE_CURVE ( 'NONE', #8359, #9036, #314, .T. ) ;
#9895 = ORIENTED_EDGE ( 'NONE', *, *, #4067, .F. ) ;
#9896 = CARTESIAN_POINT ( 'NONE',  ( -2.651075773784429934, -31.00000000000000000, -9.724980529817258284E-13 ) ) ;
#9897 = DIRECTION ( 'NONE',  ( 1.000000000000000000, -6.322502648911709143E-17, 9.462293898829198836E-17 ) ) ;
#9898 = DIRECTION ( 'NONE',  ( 0.000000000000000000, -0.9238795325112788559, 0.3826834323651088221 ) ) ;
#9899 = EDGE_CURVE ( 'NONE', #1758, #8599, #3523, .T. ) ;
#9900 = CARTESIAN_POINT ( 'NONE',  ( -78.79999999999999716, -10.96766988929959830, 2.919369315340320181 ) ) ;
#9901 = CARTESIAN_POINT ( 'NONE',  ( -78.79999999999999716, -11.66737865722689982, 6.456374777604359849 ) ) ;
#9902 = EDGE_LOOP ( 'NONE', ( #6926, #6254 ) ) ;
#9903 = DIRECTION ( 'NONE',  ( -1.000000000000000000, 0.000000000000000000, 0.000000000000000000 ) ) ;
#9904 = DIRECTION ( 'NONE',  ( 0.000000000000000000, 0.9238795325112874046, -0.3826834323650882275 ) ) ;
#9905 = ORIENTED_EDGE ( 'NONE', *, *, #1042, .F. ) ;
#9906 = CARTESIAN_POINT ( 'NONE',  ( 14.10000000000099973, -1.616789181893914851, 31.66969600663895079 ) ) ;
#9907 = CIRCLE ( 'NONE', #3358, 1.249999999999985567 ) ;
#9908 = ORIENTED_EDGE ( 'NONE', *, *, #1811, .T. ) ;
#9909 = ADVANCED_FACE ( 'NONE', ( #8425 ), #5132, .T. ) ;
#9910 = CARTESIAN_POINT ( 'NONE',  ( -56.21032168798580386, -24.44881201882990140, -6.108853482276259683 ) ) ;
#9911 = EDGE_LOOP ( 'NONE', ( #11659, #9042, #4412, #6284, #646 ) ) ;
#9912 = VERTEX_POINT ( 'NONE', #11580 ) ;
#9913 = FACE_OUTER_BOUND ( 'NONE', #2189, .T. ) ;
#9914 = ORIENTED_EDGE ( 'NONE', *, *, #7699, .F. ) ;
#9915 = DIRECTION ( 'NONE',  ( 1.000000000000000000, 0.000000000000000000, 0.000000000000000000 ) ) ;
#9916 = ORIENTED_EDGE ( 'NONE', *, *, #4809, .F. ) ;
#9917 = DIRECTION ( 'NONE',  ( 0.5150380749100560429, -0.8571673007021111124, -8.211731712495831096E-14 ) ) ;
#9918 = PLANE ( 'NONE',  #12846 ) ;
#9919 = AXIS2_PLACEMENT_3D ( 'NONE', #2415, #6608, #8622 ) ;
#9920 = EDGE_CURVE ( 'NONE', #12221, #2451, #6382, .T. ) ;
#9921 = CARTESIAN_POINT ( 'NONE',  ( 14.10000000000099973, 20.30352103488884907, 22.59000622342129816 ) ) ;
#9922 = VERTEX_POINT ( 'NONE', #7514 ) ;
#9923 = AXIS2_PLACEMENT_3D ( 'NONE', #12394, #2383, #3494 ) ;
#9924 = ORIENTED_EDGE ( 'NONE', *, *, #7003, .F. ) ;
#9925 = EDGE_CURVE ( 'NONE', #5395, #12288, #9707, .T. ) ;
#9926 = AXIS2_PLACEMENT_3D ( 'NONE', #2647, #2772, #5728 ) ;
#9927 = ORIENTED_EDGE ( 'NONE', *, *, #9682, .F. ) ;
#9928 = DIRECTION ( 'NONE',  ( -1.000000000000000000, -3.477373515934200049E-33, 0.000000000000000000 ) ) ;
#9929 = AXIS2_PLACEMENT_3D ( 'NONE', #1613, #9598, #633 ) ;
#9930 = EDGE_LOOP ( 'NONE', ( #9331, #6989, #3191, #11074 ) ) ;
#9931 = CARTESIAN_POINT ( 'NONE',  ( 17.54641016151380128, 22.44967953216721668, 15.00039629152740339 ) ) ;
#9932 = CIRCLE ( 'NONE', #7631, 1.249999999999987121 ) ;
#9933 = CARTESIAN_POINT ( 'NONE',  ( -73.59999999999999432, -7.523518998013789982, 11.23428510794190061 ) ) ;
#9934 = FACE_OUTER_BOUND ( 'NONE', #6487, .T. ) ;
#9935 = VECTOR ( 'NONE', #7254, 1000.000000000000000 ) ;
#9936 = CIRCLE ( 'NONE', #10345, 1.749999999999999556 ) ;
#9937 = CIRCLE ( 'NONE', #3667, 1.600000000000000755 ) ;
#9938 = CARTESIAN_POINT ( 'NONE',  ( -72.09999999999999432, 3.538376753723219803, -17.28937216756949979 ) ) ;
#9939 = EDGE_LOOP ( 'NONE', ( #11446, #6752, #11129 ) ) ;
#9940 = FACE_OUTER_BOUND ( 'NONE', #441, .T. ) ;
#9941 = AXIS2_PLACEMENT_3D ( 'NONE', #5451, #11661, #653 ) ;
#9942 = EDGE_CURVE ( 'NONE', #4978, #3736, #6178, .T. ) ;
#9943 = AXIS2_PLACEMENT_3D ( 'NONE', #10208, #332, #4189 ) ;
#9944 = LINE ( 'NONE', #9809, #2344 ) ;
#9945 = VERTEX_POINT ( 'NONE', #6356 ) ;
#9946 = DIRECTION ( 'NONE',  ( 1.000000000000000000, 0.000000000000000000, 0.000000000000000000 ) ) ;
#9947 = CARTESIAN_POINT ( 'NONE',  ( 14.10000000000099973, 13.47997558521156058, -29.30996151448924891 ) ) ;
#9948 = AXIS2_PLACEMENT_3D ( 'NONE', #8347, #1468, #7626 ) ;
#9949 = VECTOR ( 'NONE', #4843, 1000.000000000000000 ) ;
#9950 = EDGE_CURVE ( 'NONE', #10983, #7771, #8037, .T. ) ;
#9951 = ORIENTED_EDGE ( 'NONE', *, *, #4759, .F. ) ;
#9952 = CARTESIAN_POINT ( 'NONE',  ( -63.29999999999999716, 1.438623229800845975E-14, -8.813371046463099217E-15 ) ) ;
#9953 = CARTESIAN_POINT ( 'NONE',  ( -72.84391516214240880, 5.302856092032490309, -0.5729266121940350676 ) ) ;
#9954 = VECTOR ( 'NONE', #2873, 1000.000000000000227 ) ;
#9955 = PLANE ( 'NONE',  #4646 ) ;
#9956 = CARTESIAN_POINT ( 'NONE',  ( -1.899999999999999911, 21.92031021678110037, 21.92031021678485203 ) ) ;
#9957 = ORIENTED_EDGE ( 'NONE', *, *, #7252, .F. ) ;
#9958 = EDGE_CURVE ( 'NONE', #12296, #663, #6797, .T. ) ;
#9959 = VECTOR ( 'NONE', #3080, 1000.000000000000000 ) ;
#9960 = CIRCLE ( 'NONE', #1587, 35.00000000000000711 ) ;
#9961 = DIRECTION ( 'NONE',  ( 1.000000000000000000, 0.000000000000000000, 0.000000000000000000 ) ) ;
#9962 = VECTOR ( 'NONE', #3762, 1000.000000000000000 ) ;
#9963 = CARTESIAN_POINT ( 'NONE',  ( 14.09999999999999964, 20.38209143402184864, 20.89250528569479926 ) ) ;
#9964 = ORIENTED_EDGE ( 'NONE', *, *, #3579, .F. ) ;
#9965 = EDGE_CURVE ( 'NONE', #1864, #11475, #1484, .T. ) ;
#9966 = AXIS2_PLACEMENT_3D ( 'NONE', #847, #7916, #12818 ) ;
#9967 = ORIENTED_EDGE ( 'NONE', *, *, #3138, .F. ) ;
#9968 = ORIENTED_EDGE ( 'NONE', *, *, #2944, .F. ) ;
#9969 = DIRECTION ( 'NONE',  ( 1.000000000000000000, -6.322502648911709143E-17, 9.462293898829198836E-17 ) ) ;
#9970 = CARTESIAN_POINT ( 'NONE',  ( -43.91208468574656365, -44.71208468574653949, -5.184576305864479733E-15 ) ) ;
#9971 = LINE ( 'NONE', #11159, #6800 ) ;
#9972 = CARTESIAN_POINT ( 'NONE',  ( -72.84391516214240880, -7.649202617393480175, 16.15710986897285295 ) ) ;
#9973 = CARTESIAN_POINT ( 'NONE',  ( 5.599999999999999645, -44.49999999999523226, -2.317663916611863278E-15 ) ) ;
#9974 = VERTEX_POINT ( 'NONE', #6421 ) ;
#9975 = ADVANCED_FACE ( 'NONE', ( #5504 ), #1357, .F. ) ;
#9976 = CARTESIAN_POINT ( 'NONE',  ( -72.84391516214240880, -6.501152320298220211, 18.92874846650675025 ) ) ;
#9977 = VECTOR ( 'NONE', #8538, 999.9999999999998863 ) ;
#9978 = DIRECTION ( 'NONE',  ( -1.000000000000000000, 6.705557021117060106E-18, 5.440889002481110112E-18 ) ) ;
#9979 = CARTESIAN_POINT ( 'NONE',  ( -73.59999999999999432, 1.049419181516655842E-14, 5.142634763737189527E-15 ) ) ;
#9980 = ORIENTED_EDGE ( 'NONE', *, *, #7555, .T. ) ;
#9981 = ADVANCED_FACE ( 'NONE', ( #6544 ), #10527, .T. ) ;
#9982 = DIRECTION ( 'NONE',  ( 1.000000000000000000, -1.984102504227365030E-17, 0.000000000000000000 ) ) ;
#9983 = FACE_OUTER_BOUND ( 'NONE', #7499, .T. ) ;
#9984 = DIRECTION ( 'NONE',  ( 1.000000000000000000, 0.000000000000000000, 0.000000000000000000 ) ) ;
#9985 = ORIENTED_EDGE ( 'NONE', *, *, #11688, .F. ) ;
#9986 = VECTOR ( 'NONE', #10413, 1000.000000000000114 ) ;
#9987 = DIRECTION ( 'NONE',  ( 0.000000000000000000, 0.000000000000000000, -1.000000000000000000 ) ) ;
#9988 = CARTESIAN_POINT ( 'NONE',  ( -78.79999999999999716, -7.649202617393480175, 16.15710986897285295 ) ) ;
#9989 = VERTEX_POINT ( 'NONE', #3394 ) ;
#9990 = CARTESIAN_POINT ( 'NONE',  ( -72.84391516214240880, -13.17888157537352001, 11.95322468718295994 ) ) ;
#9991 = ADVANCED_FACE ( 'NONE', ( #5632 ), #9602, .F. ) ;
#9992 = CARTESIAN_POINT ( 'NONE',  ( 6.599999999999999645, -3.301963206785260407E-12, 34.42296358256754729 ) ) ;
#9993 = AXIS2_PLACEMENT_3D ( 'NONE', #8532, #12520, #1657 ) ;
#9994 = DIRECTION ( 'NONE',  ( -2.344629897975890567E-19, 0.6087614290087192126, -0.7933533402912363863 ) ) ;
#9995 = ORIENTED_EDGE ( 'NONE', *, *, #2457, .T. ) ;
#9996 = ORIENTED_EDGE ( 'NONE', *, *, #11331, .F. ) ;
#9997 = VERTEX_POINT ( 'NONE', #7706 ) ;
#9998 = DIRECTION ( 'NONE',  ( -7.592831564818952788E-18, -0.3826834323650881720, -0.9238795325112874046 ) ) ;
#9999 = EDGE_CURVE ( 'NONE', #6759, #1709, #4722, .T. ) ;
#10000 = ORIENTED_EDGE ( 'NONE', *, *, #12437, .F. ) ;
#10001 = DIRECTION ( 'NONE',  ( -1.000000000000000000, 4.451867004922774877E-18, 0.000000000000000000 ) ) ;
#10002 = AXIS2_PLACEMENT_3D ( 'NONE', #851, #6815, #5712 ) ;
#10003 = DIRECTION ( 'NONE',  ( 1.000000000000000000, 0.000000000000000000, 0.000000000000000000 ) ) ;
#10004 = CIRCLE ( 'NONE', #8326, 1.850000000000001421 ) ;
#10005 = DIRECTION ( 'NONE',  ( 7.592831564818957410E-18, 0.3826834323650886160, 0.9238795325112872936 ) ) ;
#10006 = VERTEX_POINT ( 'NONE', #8874 ) ;
#10007 = DIRECTION ( 'NONE',  ( 2.344629897928334061E-19, -0.6087614290087227653, 0.7933533402912337218 ) ) ;
#10008 = CARTESIAN_POINT ( 'NONE',  ( -73.29999999999999716, 6.397396265084100087, -21.15149689803300248 ) ) ;
#10009 = ORIENTED_EDGE ( 'NONE', *, *, #2768, .F. ) ;
#10010 = FACE_OUTER_BOUND ( 'NONE', #2863, .T. ) ;
#10011 = CARTESIAN_POINT ( 'NONE',  ( -1.899999999999999911, 29.89026550785069958, -11.86318640331566066 ) ) ;
#10012 = VERTEX_POINT ( 'NONE', #11773 ) ;
#10013 = FACE_OUTER_BOUND ( 'NONE', #7852, .T. ) ;
#10014 = DIRECTION ( 'NONE',  ( 1.000000000000000000, 0.000000000000000000, 0.000000000000000000 ) ) ;
#10015 = ORIENTED_EDGE ( 'NONE', *, *, #9076, .F. ) ;
#10016 = CARTESIAN_POINT ( 'NONE',  ( 17.60000000000000142, 32.70451270521865439, 1.138918977688127887 ) ) ;
#10017 = FACE_OUTER_BOUND ( 'NONE', #12323, .T. ) ;
#10018 = ADVANCED_FACE ( 'NONE', ( #702 ), #12867, .T. ) ;
#10019 = LINE ( 'NONE', #1045, #9240 ) ;
#10020 = CARTESIAN_POINT ( 'NONE',  ( -73.59999999999999432, 14.57324631211731969, -16.92514187074394982 ) ) ;
#10021 = ORIENTED_EDGE ( 'NONE', *, *, #10090, .F. ) ;
#10022 = EDGE_CURVE ( 'NONE', #8081, #8633, #5562, .T. ) ;
#10023 = FACE_OUTER_BOUND ( 'NONE', #250, .T. ) ;
#10024 = FACE_BOUND ( 'NONE', #5670, .T. ) ;
#10025 = EDGE_LOOP ( 'NONE', ( #4654, #695, #9587, #371 ) ) ;
#10026 = ORIENTED_EDGE ( 'NONE', *, *, #4740, .T. ) ;
#10027 = CARTESIAN_POINT ( 'NONE',  ( 13.60000000000099796, -32.15100773139251089, 13.31738344630578830 ) ) ;
#10028 = DIRECTION ( 'NONE',  ( 0.000000000000000000, 0.000000000000000000, -1.000000000000000000 ) ) ;
#10029 = DIRECTION ( 'NONE',  ( 0.000000000000000000, 1.000000000000000000, 9.714451465470219441E-14 ) ) ;
#10030 = DIRECTION ( 'NONE',  ( 1.000000000000000000, 0.000000000000000000, 0.000000000000000000 ) ) ;
#10031 = LINE ( 'NONE', #9901, #3770 ) ;
#10032 = ORIENTED_EDGE ( 'NONE', *, *, #6713, .T. ) ;
#10033 = CARTESIAN_POINT ( 'NONE',  ( -11.50000000000000000, 5.683796335793679713E-15, -3.281541344489749607E-15 ) ) ;
#10034 = CARTESIAN_POINT ( 'NONE',  ( 5.599999999999999645, 21.25000000000000000, 35.20607966083839813 ) ) ;
#10035 = CIRCLE ( 'NONE', #11307, 34.90000000000001279 ) ;
#10036 = LINE ( 'NONE', #1066, #9986 ) ;
#10037 = ORIENTED_EDGE ( 'NONE', *, *, #7333, .T. ) ;
#10038 = ADVANCED_FACE ( 'NONE', ( #7772, #2927 ), #5695, .T. ) ;
#10039 = EDGE_CURVE ( 'NONE', #11736, #236, #4979, .T. ) ;
#10040 = DIRECTION ( 'NONE',  ( 0.000000000000000000, -0.6087614290087179914, 0.7933533402912371635 ) ) ;
#10041 = VECTOR ( 'NONE', #5321, 1000.000000000000000 ) ;
#10042 = CARTESIAN_POINT ( 'NONE',  ( 17.54641016151380128, 30.17848429060790139, -10.83538147223356063 ) ) ;
#10043 = CARTESIAN_POINT ( 'NONE',  ( -63.60000000000000142, 14.20249088519598146, -15.94916010175009902 ) ) ;
#10044 = AXIS2_PLACEMENT_3D ( 'NONE', #10457, #4443, #12416 ) ;
#10045 = EDGE_LOOP ( 'NONE', ( #8124, #11449, #7958, #11457 ) ) ;
#10046 = DIRECTION ( 'NONE',  ( 1.000000000000000000, 0.000000000000000000, 0.000000000000000000 ) ) ;
#10047 = AXIS2_PLACEMENT_3D ( 'NONE', #11966, #3319, #9338 ) ;
#10048 = ORIENTED_EDGE ( 'NONE', *, *, #3967, .T. ) ;
#10049 = ADVANCED_FACE ( 'NONE', ( #2736 ), #9799, .T. ) ;
#10050 = DIRECTION ( 'NONE',  ( 0.000000000000000000, -0.9238795325112914014, 0.3826834323650783465 ) ) ;
#10051 = EDGE_CURVE ( 'NONE', #10973, #6137, #5755, .T. ) ;
#10052 = CARTESIAN_POINT ( 'NONE',  ( -72.84391516214240880, -11.08772093445321971, 23.53454789197549957 ) ) ;
#10053 = AXIS2_PLACEMENT_3D ( 'NONE', #1291, #192, #6224 ) ;
#10054 = AXIS2_PLACEMENT_3D ( 'NONE', #7994, #3087, #863 ) ;
#10055 = PLANE ( 'NONE',  #569 ) ;
#10056 = VERTEX_POINT ( 'NONE', #5886 ) ;
#10057 = ORIENTED_EDGE ( 'NONE', *, *, #11269, .F. ) ;
#10058 = EDGE_LOOP ( 'NONE', ( #2196, #9177 ) ) ;
#10059 = LINE ( 'NONE', #4039, #6613 ) ;
#10060 = ADVANCED_FACE ( 'NONE', ( #6866 ), #1995, .T. ) ;
#10061 = VERTEX_POINT ( 'NONE', #2798 ) ;
#10062 = CARTESIAN_POINT ( 'NONE',  ( 63.49637790110389091, -41.48219100975703100, 17.18248611319203434 ) ) ;
#10063 = ORIENTED_EDGE ( 'NONE', *, *, #10931, .T. ) ;
#10064 = CARTESIAN_POINT ( 'NONE',  ( 5.599999999999999645, 3.989273081794881486E-15, -2.303207887645388045E-15 ) ) ;
#10065 = VECTOR ( 'NONE', #3894, 1000.000000000000000 ) ;
#10066 = DIRECTION ( 'NONE',  ( 1.000000000000000000, 3.061616997868574686E-17, 5.302876193624839641E-17 ) ) ;
#10067 = AXIS2_PLACEMENT_3D ( 'NONE', #5125, #7148, #1184 ) ;
#10068 = EDGE_LOOP ( 'NONE', ( #12403, #7923, #6816, #9266 ) ) ;
#10069 = CYLINDRICAL_SURFACE ( 'NONE', #1046, 1.750000000000001110 ) ;
#10070 = VECTOR ( 'NONE', #11093, 999.9999999999998863 ) ;
#10071 = EDGE_LOOP ( 'NONE', ( #2330, #6466 ) ) ;
#10072 = DIRECTION ( 'NONE',  ( -7.592831564818951247E-18, -0.3826834323650886160, -0.9238795325112872936 ) ) ;
#10073 = EDGE_CURVE ( 'NONE', #12010, #3767, #9308, .T. ) ;
#10074 = LINE ( 'NONE', #1293, #5259 ) ;
#10075 = ORIENTED_EDGE ( 'NONE', *, *, #1127, .F. ) ;
#10076 = EDGE_CURVE ( 'NONE', #8543, #1457, #1947, .T. ) ;
#10077 = VECTOR ( 'NONE', #8077, 1000.000000000000000 ) ;
#10078 = CARTESIAN_POINT ( 'NONE',  ( 14.10000000000099973, -13.39392013277882043, -32.33578363789474963 ) ) ;
#10079 = AXIS2_PLACEMENT_3D ( 'NONE', #10355, #6312, #10424 ) ;
#10080 = DIRECTION ( 'NONE',  ( 1.000000000000000000, 0.000000000000000000, 0.000000000000000000 ) ) ;
#10081 = FACE_BOUND ( 'NONE', #7774, .T. ) ;
#10082 = PLANE ( 'NONE',  #8276 ) ;
#10083 = CARTESIAN_POINT ( 'NONE',  ( -73.59999999999999432, -13.38945410286980042, 2.298916881303564974 ) ) ;
#10084 = CIRCLE ( 'NONE', #3188, 1.000000000000000888 ) ;
#10085 = DIRECTION ( 'NONE',  ( -1.000000000000000000, 0.000000000000000000, 0.000000000000000000 ) ) ;
#10086 = EDGE_LOOP ( 'NONE', ( #9269, #12920, #3373, #12735 ) ) ;
#10087 = CARTESIAN_POINT ( 'NONE',  ( -72.84391516214240880, 9.817109522774901009, -14.42798879323981964 ) ) ;
#10088 = CIRCLE ( 'NONE', #12184, 1.750000000000001332 ) ;
#10089 = CARTESIAN_POINT ( 'NONE',  ( -43.88791531425350456, -44.71208468574653949, -1.573249676065805710E-13 ) ) ;
#10090 = EDGE_CURVE ( 'NONE', #1631, #5115, #902, .T. ) ;
#10091 = DIRECTION ( 'NONE',  ( 1.000000000000000000, 0.000000000000000000, 0.000000000000000000 ) ) ;
#10092 = VERTEX_POINT ( 'NONE', #4909 ) ;
#10093 = DIRECTION ( 'NONE',  ( -1.000000000000000000, 1.551905699024409893E-16, -6.264279228235009208E-17 ) ) ;
#10094 = CARTESIAN_POINT ( 'NONE',  ( -72.84391516214240880, -12.60485642682589891, 13.33904398594989971 ) ) ;
#10095 = CARTESIAN_POINT ( 'NONE',  ( -72.84391516214240880, -24.48164106723129763, -8.801235745919580467 ) ) ;
#10096 = DIRECTION ( 'NONE',  ( 0.000000000000000000, -0.9238795325112874046, 0.3826834323650882275 ) ) ;
#10097 = FACE_BOUND ( 'NONE', #6849, .T. ) ;
#10098 = ORIENTED_EDGE ( 'NONE', *, *, #12730, .T. ) ;
#10099 = DIRECTION ( 'NONE',  ( 0.000000000000000000, 0.9238795325112874046, -0.3826834323650882275 ) ) ;
#10100 = DIRECTION ( 'NONE',  ( 0.000000000000000000, -0.9238795325112789669, 0.3826834323651084890 ) ) ;
#10101 = EDGE_CURVE ( 'NONE', #7927, #7019, #3919, .T. ) ;
#10102 = ORIENTED_EDGE ( 'NONE', *, *, #8032, .F. ) ;
#10103 = CARTESIAN_POINT ( 'NONE',  ( -63.70000000000000995, -41.48219100975703100, 17.18248611319203434 ) ) ;
#10104 = FACE_OUTER_BOUND ( 'NONE', #4247, .T. ) ;
#10105 = CARTESIAN_POINT ( 'NONE',  ( -72.84391516214240880, -1.386985843084697967, 19.51637185214205061 ) ) ;
#10106 = ORIENTED_EDGE ( 'NONE', *, *, #11616, .F. ) ;
#10107 = CYLINDRICAL_SURFACE ( 'NONE', #7960, 1.600000000000000755 ) ;
#10108 = ORIENTED_EDGE ( 'NONE', *, *, #9795, .F. ) ;
#10109 = EDGE_CURVE ( 'NONE', #6889, #6587, #7902, .T. ) ;
#10110 = FACE_OUTER_BOUND ( 'NONE', #3247, .T. ) ;
#10111 = CARTESIAN_POINT ( 'NONE',  ( -68.79999999999999716, -9.160705535540088817, 21.65395977855144949 ) ) ;
#10112 = EDGE_CURVE ( 'NONE', #9204, #5286, #9519, .T. ) ;
#10113 = CARTESIAN_POINT ( 'NONE',  ( 14.10000000000099973, -28.64026550784960179, 11.86318640331847796 ) ) ;
#10114 = ORIENTED_EDGE ( 'NONE', *, *, #4234, .F. ) ;
#10115 = VERTEX_POINT ( 'NONE', #2674 ) ;
#10116 = VERTEX_POINT ( 'NONE', #8685 ) ;
#10117 = FACE_OUTER_BOUND ( 'NONE', #7809, .T. ) ;
#10118 = EDGE_CURVE ( 'NONE', #3945, #12270, #4309, .T. ) ;
#10119 = ORIENTED_EDGE ( 'NONE', *, *, #11182, .F. ) ;
#10120 = CARTESIAN_POINT ( 'NONE',  ( 14.10000000000099973, -1.616789181895804894, -30.33030399336105276 ) ) ;
#10121 = ORIENTED_EDGE ( 'NONE', *, *, #10959, .F. ) ;
#10122 = DIRECTION ( 'NONE',  ( 1.000000000000000000, 0.000000000000000000, 0.000000000000000000 ) ) ;
#10123 = DIRECTION ( 'NONE',  ( -1.000000000000000000, 6.705557021117060106E-18, 5.440889002481110112E-18 ) ) ;
#10124 = ORIENTED_EDGE ( 'NONE', *, *, #7494, .T. ) ;
#10125 = ORIENTED_EDGE ( 'NONE', *, *, #12084, .F. ) ;
#10126 = DIRECTION ( 'NONE',  ( 1.000000000000000000, -6.322502648911709143E-17, 9.462293898829198836E-17 ) ) ;
#10127 = DIRECTION ( 'NONE',  ( 0.000000000000000000, -0.9238795325112868495, 0.3826834323650897818 ) ) ;
#10128 = ORIENTED_EDGE ( 'NONE', *, *, #7951, .T. ) ;
#10129 = DIRECTION ( 'NONE',  ( -1.000000000000000000, 6.322502648911719004E-17, -9.462293898829198836E-17 ) ) ;
#10130 = CYLINDRICAL_SURFACE ( 'NONE', #5879, 1.749999999999998002 ) ;
#10131 = ORIENTED_EDGE ( 'NONE', *, *, #6058, .T. ) ;
#10132 = VECTOR ( 'NONE', #6939, 1000.000000000000227 ) ;
#10133 = AXIS2_PLACEMENT_3D ( 'NONE', #4720, #10809, #8701 ) ;
#10134 = DIRECTION ( 'NONE',  ( 1.000000000000000000, -2.905650844594894626E-18, -7.014861676541880450E-18 ) ) ;
#10135 = CARTESIAN_POINT ( 'NONE',  ( -72.84391516214240880, -12.47917280744620072, 8.416219224918918940 ) ) ;
#10136 = AXIS2_PLACEMENT_3D ( 'NONE', #267, #11393, #4322 ) ;
#10137 = FACE_BOUND ( 'NONE', #2583, .T. ) ;
#10138 = FACE_OUTER_BOUND ( 'NONE', #8471, .T. ) ;
#10139 = PLANE ( 'NONE',  #8406 ) ;
#10140 = AXIS2_PLACEMENT_3D ( 'NONE', #5877, #5750, #6923 ) ;
#10141 = DIRECTION ( 'NONE',  ( 0.000000000000000000, -0.9238795325112872936, 0.3826834323650886716 ) ) ;
#10142 = ORIENTED_EDGE ( 'NONE', *, *, #12633, .F. ) ;
#10143 = AXIS2_PLACEMENT_3D ( 'NONE', #8772, #11729, #7795 ) ;
#10144 = CARTESIAN_POINT ( 'NONE',  ( -72.84391516214240880, -16.70792137477589989, -10.93882367232900066 ) ) ;
#10145 = EDGE_CURVE ( 'NONE', #1353, #1054, #4233, .T. ) ;
#10146 = LINE ( 'NONE', #3341, #1488 ) ;
#10147 = CIRCLE ( 'NONE', #5972, 1.300000000000000933 ) ;
#10148 = VERTEX_POINT ( 'NONE', #6075 ) ;
#10149 = VECTOR ( 'NONE', #179, 999.9999999999998863 ) ;
#10150 = DIRECTION ( 'NONE',  ( 1.000000000000000000, -6.322502648911719004E-17, 9.462293898829198836E-17 ) ) ;
#10151 = ORIENTED_EDGE ( 'NONE', *, *, #3095, .F. ) ;
#10152 = AXIS2_PLACEMENT_3D ( 'NONE', #4011, #8780, #3818 ) ;
#10153 = CIRCLE ( 'NONE', #3675, 1.600000000000000755 ) ;
#10154 = ORIENTED_EDGE ( 'NONE', *, *, #134, .F. ) ;
#10155 = FACE_OUTER_BOUND ( 'NONE', #9601, .T. ) ;
#10156 = DIRECTION ( 'NONE',  ( -0.7071067811865840991, -0.7071067811865110464, -2.530070430342270607E-15 ) ) ;
#10157 = LINE ( 'NONE', #5267, #2199 ) ;
#10158 = DIRECTION ( 'NONE',  ( 1.000000000000000000, 0.000000000000000000, 0.000000000000000000 ) ) ;
#10159 = VECTOR ( 'NONE', #8966, 1000.000000000000227 ) ;
#10160 = VECTOR ( 'NONE', #9592, 1000.000000000000000 ) ;
#10161 = AXIS2_PLACEMENT_3D ( 'NONE', #7104, #3172, #7169 ) ;
#10162 = DIRECTION ( 'NONE',  ( -1.000000000000000000, 0.000000000000000000, 0.000000000000000000 ) ) ;
#10163 = VERTEX_POINT ( 'NONE', #5226 ) ;
#10164 = EDGE_CURVE ( 'NONE', #2617, #3641, #8267, .T. ) ;
#10165 = PLANE ( 'NONE',  #6084 ) ;
#10166 = CARTESIAN_POINT ( 'NONE',  ( -73.59999999999999432, -15.47498216956404882, 6.409947492115229295 ) ) ;
#10167 = CIRCLE ( 'NONE', #4971, 1.850000000000001865 ) ;
#10168 = ORIENTED_EDGE ( 'NONE', *, *, #6725, .T. ) ;
#10169 = PLANE ( 'NONE',  #132 ) ;
#10170 = CARTESIAN_POINT ( 'NONE',  ( 14.10000000000099973, 28.64026550784949876, -11.86318640331868046 ) ) ;
#10171 = CARTESIAN_POINT ( 'NONE',  ( -14.90000000000000036, 1.388469777829607980E-13, 42.50000000000000000 ) ) ;
#10172 = EDGE_LOOP ( 'NONE', ( #5693, #3211, #7026, #370 ) ) ;
#10173 = DIRECTION ( 'NONE',  ( 0.000000000000000000, 0.9238795325112916235, -0.3826834323650783465 ) ) ;
#10174 = VERTEX_POINT ( 'NONE', #1216 ) ;
#10175 = ADVANCED_FACE ( 'NONE', ( #2075 ), #2139, .F. ) ;
#10176 = VECTOR ( 'NONE', #9794, 1000.000000000000000 ) ;
#10177 = LINE ( 'NONE', #2326, #12908 ) ;
#10178 = CARTESIAN_POINT ( 'NONE',  ( -78.79999999999999716, -18.93836387216359896, -11.09733634011009862 ) ) ;
#10179 = ADVANCED_FACE ( 'NONE', ( #6019 ), #4167, .F. ) ;
#10180 = FACE_OUTER_BOUND ( 'NONE', #9811, .T. ) ;
#10181 = ORIENTED_EDGE ( 'NONE', *, *, #3424, .T. ) ;
#10182 = ORIENTED_EDGE ( 'NONE', *, *, #3488, .F. ) ;
#10183 = CIRCLE ( 'NONE', #7681, 1.850000000000001865 ) ;
#10184 = ORIENTED_EDGE ( 'NONE', *, *, #5096, .T. ) ;
#10185 = CARTESIAN_POINT ( 'NONE',  ( -73.29999999999999716, 3.265388372460265032, -17.41378014036635236 ) ) ;
#10186 = EDGE_LOOP ( 'NONE', ( #11772, #7002, #9440, #48 ) ) ;
#10187 = DIRECTION ( 'NONE',  ( 0.000000000000000000, 0.9238795325112874046, -0.3826834323650882275 ) ) ;
#10188 = ORIENTED_EDGE ( 'NONE', *, *, #2352, .T. ) ;
#10189 = CARTESIAN_POINT ( 'NONE',  ( -73.59999999999999432, 1.049419181516655842E-14, 5.142634763737189527E-15 ) ) ;
#10190 = DIRECTION ( 'NONE',  ( -1.000000000000000000, 2.905650844594894626E-18, 7.014861676541880450E-18 ) ) ;
#10191 = ORIENTED_EDGE ( 'NONE', *, *, #4272, .F. ) ;
#10192 = ORIENTED_EDGE ( 'NONE', *, *, #703, .F. ) ;
#10193 = DIRECTION ( 'NONE',  ( 1.000000000000000000, 0.000000000000000000, 0.000000000000000000 ) ) ;
#10194 = CYLINDRICAL_SURFACE ( 'NONE', #4069, 1.249999999999987121 ) ;
#10195 = ORIENTED_EDGE ( 'NONE', *, *, #12892, .F. ) ;
#10196 = VECTOR ( 'NONE', #4340, 999.9999999999998863 ) ;
#10197 = CARTESIAN_POINT ( 'NONE',  ( 14.10000000000099973, -1.616789181895804894, -30.33030399336105276 ) ) ;
#10198 = DIRECTION ( 'NONE',  ( 1.000000000000000000, 0.000000000000000000, 0.000000000000000000 ) ) ;
#10199 = VERTEX_POINT ( 'NONE', #3062 ) ;
#10200 = CARTESIAN_POINT ( 'NONE',  ( 6.600000000000989964, 1.616789181893669713, -31.66969600663895079 ) ) ;
#10201 = AXIS2_PLACEMENT_3D ( 'NONE', #12843, #9775, #1925 ) ;
#10202 = CARTESIAN_POINT ( 'NONE',  ( 17.60000000000000142, 30.34477821306844803, -10.72426742562963931 ) ) ;
#10203 = ADVANCED_FACE ( 'NONE', ( #8150 ), #11181, .F. ) ;
#10204 = CARTESIAN_POINT ( 'NONE',  ( -72.84391516214240880, -13.26377048349011822, -2.623907879727405135 ) ) ;
#10205 = DIRECTION ( 'NONE',  ( 1.000000000000000000, 0.000000000000000000, 0.000000000000000000 ) ) ;
#10206 = PLANE ( 'NONE',  #1511 ) ;
#10207 = ADVANCED_FACE ( 'NONE', ( #12215, #7060 ), #11251, .T. ) ;
#10208 = CARTESIAN_POINT ( 'NONE',  ( -1.899999999999999911, 1.642041500214240179E-12, -31.00000000000000000 ) ) ;
#10209 = ORIENTED_EDGE ( 'NONE', *, *, #3709, .F. ) ;
#10210 = EDGE_CURVE ( 'NONE', #36, #3154, #10059, .T. ) ;
#10211 = CARTESIAN_POINT ( 'NONE',  ( -63.60000000000000142, 15.60460565449595194, -16.13375201303259843 ) ) ;
#10212 = EDGE_CURVE ( 'NONE', #12902, #1228, #11612, .T. ) ;
#10213 = FACE_OUTER_BOUND ( 'NONE', #4108, .T. ) ;
#10214 = ORIENTED_EDGE ( 'NONE', *, *, #8676, .T. ) ;
#10215 = EDGE_CURVE ( 'NONE', #11248, #8633, #6271, .T. ) ;
#10216 = LINE ( 'NONE', #7151, #2840 ) ;
#10217 = ORIENTED_EDGE ( 'NONE', *, *, #8135, .T. ) ;
#10218 = ORIENTED_EDGE ( 'NONE', *, *, #10459, .T. ) ;
#10219 = DIRECTION ( 'NONE',  ( 1.000000000000000000, 2.638697247430395030E-33, 6.370378681743239884E-33 ) ) ;
#10220 = ADVANCED_FACE ( 'NONE', ( #305 ), #1360, .T. ) ;
#10221 = DIRECTION ( 'NONE',  ( 0.000000000000000000, -0.9238795325112787449, 0.3826834323651089331 ) ) ;
#10222 = DIRECTION ( 'NONE',  ( -7.592831564818951247E-18, -0.3826834323650886160, -0.9238795325112872936 ) ) ;
#10223 = CARTESIAN_POINT ( 'NONE',  ( -78.79999999999999716, -24.09895763486624531, -7.877356213408289953 ) ) ;
#10224 = CARTESIAN_POINT ( 'NONE',  ( -73.59999999999999432, 17.22749070611699906, -22.45130299859775391 ) ) ;
#10225 = ORIENTED_EDGE ( 'NONE', *, *, #6379, .F. ) ;
#10226 = FACE_OUTER_BOUND ( 'NONE', #1807, .T. ) ;
#10227 = CARTESIAN_POINT ( 'NONE',  ( -2.651075773784429934, -11.86318640331823993, 28.64026550784970127 ) ) ;
#10228 = EDGE_CURVE ( 'NONE', #11133, #9459, #7435, .T. ) ;
#10229 = ORIENTED_EDGE ( 'NONE', *, *, #2457, .F. ) ;
#10230 = LINE ( 'NONE', #11366, #9317 ) ;
#10231 = DIRECTION ( 'NONE',  ( -1.000000000000000000, 1.001543065824859873E-16, -5.782411586590320049E-17 ) ) ;
#10232 = DIRECTION ( 'NONE',  ( 1.000000000000000000, 0.000000000000000000, 0.000000000000000000 ) ) ;
#10233 = CARTESIAN_POINT ( 'NONE',  ( -73.59999999999999432, -12.68974533494249890, -1.238088580960476248 ) ) ;
#10234 = VERTEX_POINT ( 'NONE', #3187 ) ;
#10235 = DIRECTION ( 'NONE',  ( -1.000000000000000000, 6.705557021117060106E-18, 5.440889002481110112E-18 ) ) ;
#10236 = AXIS2_PLACEMENT_3D ( 'NONE', #6150, #10126, #5173 ) ;
#10237 = DIRECTION ( 'NONE',  ( -1.000000000000000000, 2.905650844594914656E-18, 7.014861676541880450E-18 ) ) ;
#10238 = CARTESIAN_POINT ( 'NONE',  ( -78.79999999999999716, -7.859775144889769471, 6.502802063093480633 ) ) ;
#10239 = ORIENTED_EDGE ( 'NONE', *, *, #1179, .T. ) ;
#10240 = EDGE_LOOP ( 'NONE', ( #345, #12059, #8506, #4436 ) ) ;
#10241 = AXIS2_PLACEMENT_3D ( 'NONE', #5593, #12632, #7670 ) ;
#10242 = VECTOR ( 'NONE', #320, 1000.000000000000000 ) ;
#10243 = EDGE_CURVE ( 'NONE', #6883, #1516, #12089, .T. ) ;
#10244 = EDGE_LOOP ( 'NONE', ( #3760, #11442, #2097, #427 ) ) ;
#10245 = CARTESIAN_POINT ( 'NONE',  ( 14.09999999999999964, 11.86318640331584007, -28.64026550785180092 ) ) ;
#10246 = AXIS2_PLACEMENT_3D ( 'NONE', #12094, #3802, #7790 ) ;
#10247 = ORIENTED_EDGE ( 'NONE', *, *, #9482, .F. ) ;
#10248 = ORIENTED_EDGE ( 'NONE', *, *, #3470, .F. ) ;
#10249 = CARTESIAN_POINT ( 'NONE',  ( 14.10000000000099973, -21.92031021678245040, 21.92031021678350200 ) ) ;
#10250 = VERTEX_POINT ( 'NONE', #4295 ) ;
#10251 = ADVANCED_FACE ( 'NONE', ( #10117, #247 ), #11962, .T. ) ;
#10252 = CARTESIAN_POINT ( 'NONE',  ( -78.79999999999999716, -23.55776153472005063, -9.183919178284670082 ) ) ;
#10253 = ORIENTED_EDGE ( 'NONE', *, *, #9646, .F. ) ;
#10254 = VERTEX_POINT ( 'NONE', #5165 ) ;
#10255 = CARTESIAN_POINT ( 'NONE',  ( -72.84391516214240880, -10.54652483430702148, 22.22798492709910079 ) ) ;
#10256 = VECTOR ( 'NONE', #9037, 1000.000000000000000 ) ;
#10257 = DIRECTION ( 'NONE',  ( 0.000000000000000000, 0.000000000000000000, -1.000000000000000000 ) ) ;
#10258 = CONICAL_SURFACE ( 'NONE', #1266, 1.249999999999985567, 1.029744258676652313 ) ;
#10259 = CARTESIAN_POINT ( 'NONE',  ( 14.10000000000099973, 32.61678918189475240, -0.6696960066398860434 ) ) ;
#10260 = AXIS2_PLACEMENT_3D ( 'NONE', #5545, #8801, #6855 ) ;
#10261 = DIRECTION ( 'NONE',  ( 1.000000000000000000, -6.322502648911709143E-17, 9.462293898829198836E-17 ) ) ;
#10262 = VERTEX_POINT ( 'NONE', #10987 ) ;
#10263 = EDGE_CURVE ( 'NONE', #11443, #6024, #9138, .T. ) ;
#10264 = EDGE_LOOP ( 'NONE', ( #7259, #3101, #6965, #10417 ) ) ;
#10265 = FACE_OUTER_BOUND ( 'NONE', #8217, .T. ) ;
#10266 = AXIS2_PLACEMENT_3D ( 'NONE', #7385, #11385, #2714 ) ;
#10267 = DIRECTION ( 'NONE',  ( -1.000000000000000000, 6.705557021117060106E-18, 5.440889002481110112E-18 ) ) ;
#10268 = VECTOR ( 'NONE', #336, 999.9999999999998863 ) ;
#10269 = CIRCLE ( 'NONE', #4637, 1.250000000000001110 ) ;
#10270 = DIRECTION ( 'NONE',  ( 4.112988807310475227E-18, 0.9238795325112871826, -0.3826834323650885605 ) ) ;
#10271 = CYLINDRICAL_SURFACE ( 'NONE', #559, 1.750000000000001110 ) ;
#10272 = DIRECTION ( 'NONE',  ( 1.000000000000000000, -1.001543065824859873E-16, 5.782411586590320049E-17 ) ) ;
#10273 = CARTESIAN_POINT ( 'NONE',  ( -59.50000000000000000, 28.64026550784845071, 11.86318640331577967 ) ) ;
#10274 = ORIENTED_EDGE ( 'NONE', *, *, #2069, .T. ) ;
#10276 = EDGE_CURVE ( 'NONE', #10983, #4261, #1604, .T. ) ;
#10275 = CARTESIAN_POINT ( 'NONE',  ( 5.599999999999999645, 36.80607966083859850, -21.25000000000000000 ) ) ;
#10277 = AXIS2_PLACEMENT_3D ( 'NONE', #5528, #7547, #9576 ) ;
#10278 = AXIS2_PLACEMENT_3D ( 'NONE', #6320, #12325, #6187 ) ;
#10279 = CIRCLE ( 'NONE', #4645, 0.9999999999999991118 ) ;
#10280 = LINE ( 'NONE', #5322, #9436 ) ;
#10281 = EDGE_CURVE ( 'NONE', #10569, #1463, #4516, .T. ) ;
#10282 = VERTEX_POINT ( 'NONE', #3313 ) ;
#10283 = VECTOR ( 'NONE', #7665, 1000.000000000000000 ) ;
#10284 = DIRECTION ( 'NONE',  ( -1.000000000000000000, 6.322502648911728864E-17, -9.462293898829198836E-17 ) ) ;
#10285 = CARTESIAN_POINT ( 'NONE',  ( 17.40000000000000213, 28.85199554689683410, 19.27828708577831307 ) ) ;
#10286 = ADVANCED_FACE ( 'NONE', ( #9589 ), #3261, .F. ) ;
#10287 = ORIENTED_EDGE ( 'NONE', *, *, #414, .F. ) ;
#10288 = DIRECTION ( 'NONE',  ( 0.000000000000000000, -0.9238795325112875156, 0.3826834323650881720 ) ) ;
#10289 = CONICAL_SURFACE ( 'NONE', #5288, 1.249999999999985567, 1.029744258676652313 ) ;
#10290 = ADVANCED_FACE ( 'NONE', ( #2522 ), #6589, .T. ) ;
#10291 = DIRECTION ( 'NONE',  ( -7.592831564818951247E-18, -0.3826834323650886160, -0.9238795325112872936 ) ) ;
#10292 = DIRECTION ( 'NONE',  ( 0.000000000000000000, 0.000000000000000000, 1.000000000000000000 ) ) ;
#10293 = CARTESIAN_POINT ( 'NONE',  ( -73.59999999999999432, -16.41245993916304968, 13.29261670046076027 ) ) ;
#10294 = VECTOR ( 'NONE', #6235, 1000.000000000000000 ) ;
#10295 = CARTESIAN_POINT ( 'NONE',  ( -65.19999999999998863, -2.066205161904769999E-14, 1.491883645478428116E-14 ) ) ;
#10296 = EDGE_LOOP ( 'NONE', ( #6671, #12026, #1880, #104 ) ) ;
#10297 = DIRECTION ( 'NONE',  ( -0.7071067811865291430, -8.659560562355160888E-17, 0.7071067811865660024 ) ) ;
#10298 = CARTESIAN_POINT ( 'NONE',  ( 6.599999999999999645, 28.64026550784895164, 11.86318640332005891 ) ) ;
#10299 = ADVANCED_FACE ( 'NONE', ( #1407 ), #11376, .F. ) ;
#10300 = CONICAL_SURFACE ( 'NONE', #11558, 44.90000000000002700, 0.7853981633974476129 ) ;
#10301 = VERTEX_POINT ( 'NONE', #12406 ) ;
#10302 = CIRCLE ( 'NONE', #12393, 1.850000000000001865 ) ;
#10303 = CARTESIAN_POINT ( 'NONE',  ( -72.84391516214240880, -14.66364304800118035, 8.368693403076200354 ) ) ;
#10304 = CARTESIAN_POINT ( 'NONE',  ( -14.90000000000000036, 6.045201197718049712E-15, -3.490198538808399630E-15 ) ) ;
#10305 = DIRECTION ( 'NONE',  ( 0.000000000000000000, 1.000000000000000000, 9.592326932761342412E-14 ) ) ;
#10306 = DIRECTION ( 'NONE',  ( -1.000000000000000000, 6.705557021117060106E-18, 5.440889002481110112E-18 ) ) ;
#10307 = ORIENTED_EDGE ( 'NONE', *, *, #12820, .T. ) ;
#10308 = CARTESIAN_POINT ( 'NONE',  ( -72.84391516214240880, -18.21942429292255383, -5.441973762750389909 ) ) ;
#10309 = EDGE_CURVE ( 'NONE', #11885, #9714, #8477, .T. ) ;
#10310 = DIRECTION ( 'NONE',  ( 0.000000000000000000, -0.8314696123025487884, -0.5555702330195970706 ) ) ;
#10311 = ORIENTED_EDGE ( 'NONE', *, *, #9886, .F. ) ;
#10312 = ORIENTED_EDGE ( 'NONE', *, *, #5840, .T. ) ;
#10313 = ORIENTED_EDGE ( 'NONE', *, *, #147, .T. ) ;
#10314 = DIRECTION ( 'NONE',  ( 1.000000000000000000, 0.000000000000000000, 0.000000000000000000 ) ) ;
#10315 = ORIENTED_EDGE ( 'NONE', *, *, #10866, .F. ) ;
#10316 = EDGE_LOOP ( 'NONE', ( #5555, #1796, #4725, #1061 ) ) ;
#10317 = FACE_OUTER_BOUND ( 'NONE', #12090, .T. ) ;
#10318 = ORIENTED_EDGE ( 'NONE', *, *, #4274, .T. ) ;
#10319 = DIRECTION ( 'NONE',  ( 4.112988807310472916E-18, 0.9238795325112876267, -0.3826834323650878389 ) ) ;
#10320 = ADVANCED_FACE ( 'NONE', ( #12472 ), #2464, .F. ) ;
#10321 = ORIENTED_EDGE ( 'NONE', *, *, #9541, .T. ) ;
#10322 = CARTESIAN_POINT ( 'NONE',  ( -73.59999999999999432, -12.81542895432216156, 3.684736180070494527 ) ) ;
#10323 = DIRECTION ( 'NONE',  ( 1.000000000000000000, -6.705557021117060106E-18, -5.440889002481110112E-18 ) ) ;
#10324 = EDGE_CURVE ( 'NONE', #6129, #5801, #6468, .T. ) ;
#10325 = CARTESIAN_POINT ( 'NONE',  ( -11.90000000000000036, -9.540979117872440597E-15, 0.000000000000000000 ) ) ;
#10326 = ADVANCED_FACE ( 'NONE', ( #7564 ), #10574, .F. ) ;
#10327 = FACE_OUTER_BOUND ( 'NONE', #9612, .T. ) ;
#10328 = ORIENTED_EDGE ( 'NONE', *, *, #9942, .F. ) ;
#10329 = EDGE_LOOP ( 'NONE', ( #5109, #7306, #10717, #3120 ) ) ;
#10330 = CARTESIAN_POINT ( 'NONE',  ( -65.19999999999998863, -2.066205161904769999E-14, 1.491883645478428116E-14 ) ) ;
#10331 = DIRECTION ( 'NONE',  ( 7.592831564818952788E-18, 0.3826834323650881720, 0.9238795325112874046 ) ) ;
#10332 = LINE ( 'NONE', #9476, #729 ) ;
#10333 = LINE ( 'NONE', #6484, #1813 ) ;
#10334 = CARTESIAN_POINT ( 'NONE',  ( -63.51208468574660770, -2.066205161904769999E-14, 1.491883645478428116E-14 ) ) ;
#10335 = CARTESIAN_POINT ( 'NONE',  ( -78.79999999999999716, -11.12054998285464080, 20.84216562833215036 ) ) ;
#10336 = ORIENTED_EDGE ( 'NONE', *, *, #10858, .F. ) ;
#10337 = DIRECTION ( 'NONE',  ( 1.000000000000000000, 0.000000000000000000, 0.000000000000000000 ) ) ;
#10338 = AXIS2_PLACEMENT_3D ( 'NONE', #7066, #1826, #6803 ) ;
#10339 = CIRCLE ( 'NONE', #10763, 1.000000000000000000 ) ;
#10340 = CYLINDRICAL_SURFACE ( 'NONE', #7558, 35.00000000000000711 ) ;
#10341 = ORIENTED_EDGE ( 'NONE', *, *, #10505, .F. ) ;
#10342 = CARTESIAN_POINT ( 'NONE',  ( 14.10000000000099973, -32.61678918189475240, 0.6696960066396639988 ) ) ;
#10343 = ADVANCED_FACE ( 'NONE', ( #10445 ), #8909, .T. ) ;
#10344 = CARTESIAN_POINT ( 'NONE',  ( -78.79999999999999716, -17.98165529125084916, -8.787637508831879884 ) ) ;
#10345 = AXIS2_PLACEMENT_3D ( 'NONE', #5921, #4746, #9898 ) ;
#10346 = CONICAL_SURFACE ( 'NONE', #2409, 1.850000000000000311, 1.308996938995733439 ) ;
#10347 = ORIENTED_EDGE ( 'NONE', *, *, #9358, .T. ) ;
#10348 = ORIENTED_EDGE ( 'NONE', *, *, #10897, .T. ) ;
#10349 = DIRECTION ( 'NONE',  ( 4.112988807310472916E-18, 0.9238795325112876267, -0.3826834323650878389 ) ) ;
#10350 = AXIS2_PLACEMENT_3D ( 'NONE', #7112, #9190, #12146 ) ;
#10351 = DIRECTION ( 'NONE',  ( 1.000000000000000000, 0.000000000000000000, 0.000000000000000000 ) ) ;
#10352 = DIRECTION ( 'NONE',  ( 4.112988807310475227E-18, 0.9238795325112871826, -0.3826834323650885605 ) ) ;
#10353 = VECTOR ( 'NONE', #7601, 1000.000000000000000 ) ;
#10354 = ADVANCED_FACE ( 'NONE', ( #432 ), #9390, .F. ) ;
#10355 = CARTESIAN_POINT ( 'NONE',  ( -56.21032168798580386, -23.30076172173459881, -3.337214884742405019 ) ) ;
#10356 = CYLINDRICAL_SURFACE ( 'NONE', #2827, 1.849999999999998979 ) ;
#10357 = ORIENTED_EDGE ( 'NONE', *, *, #7951, .F. ) ;
#10358 = AXIS2_PLACEMENT_3D ( 'NONE', #2737, #2015, #7775 ) ;
#10359 = LINE ( 'NONE', #6377, #3355 ) ;
#10360 = VECTOR ( 'NONE', #1491, 1000.000000000000000 ) ;
#10361 = EDGE_CURVE ( 'NONE', #9466, #11177, #372, .T. ) ;
#10362 = DIRECTION ( 'NONE',  ( 0.000000000000000000, 1.000000000000000000, 9.575673587391966326E-14 ) ) ;
#10363 = CIRCLE ( 'NONE', #7639, 0.2000000000000000389 ) ;
#10364 = CIRCLE ( 'NONE', #11223, 1.600000000000000755 ) ;
#10365 = VERTEX_POINT ( 'NONE', #8285 ) ;
#10366 = CARTESIAN_POINT ( 'NONE',  ( -73.59999999999999432, 6.593622558234219611, -14.46838420693704030 ) ) ;
#10367 = AXIS2_PLACEMENT_3D ( 'NONE', #4867, #9687, #719 ) ;
#10368 = VECTOR ( 'NONE', #8210, 1000.000000000000227 ) ;
#10369 = VECTOR ( 'NONE', #6911, 1000.000000000000000 ) ;
#10370 = DIRECTION ( 'NONE',  ( 0.000000000000000000, -0.8314696123025475671, -0.5555702330195986249 ) ) ;
#10371 = CARTESIAN_POINT ( 'NONE',  ( 6.599999999999999645, 31.00000000000000000, 2.307831424685130031E-12 ) ) ;
#10372 = ADVANCED_FACE ( 'NONE', ( #12280 ), #4368, .F. ) ;
#10373 = DIRECTION ( 'NONE',  ( -4.112988807310475227E-18, -0.9238795325112871826, 0.3826834323650885605 ) ) ;
#10374 = EDGE_LOOP ( 'NONE', ( #5263, #5426, #11253, #2233 ) ) ;
#10375 = VECTOR ( 'NONE', #3387, 1000.000000000000114 ) ;
#10376 = DIRECTION ( 'NONE',  ( 1.000000000000000000, -6.322502648911719004E-17, 9.462293898829198836E-17 ) ) ;
#10377 = ADVANCED_FACE ( 'NONE', ( #12341 ), #6528, .T. ) ;
#10378 = AXIS2_PLACEMENT_3D ( 'NONE', #70, #12176, #8900 ) ;
#10379 = EDGE_CURVE ( 'NONE', #4040, #9989, #1530, .T. ) ;
#10380 = DIRECTION ( 'NONE',  ( 0.000000000000000000, -0.9238795325112789669, 0.3826834323651084890 ) ) ;
#10381 = VERTEX_POINT ( 'NONE', #4562 ) ;
#10382 = VERTEX_POINT ( 'NONE', #12721 ) ;
#10383 = VERTEX_POINT ( 'NONE', #11758 ) ;
#10384 = DIRECTION ( 'NONE',  ( 0.000000000000000000, 0.000000000000000000, -1.000000000000000000 ) ) ;
#10385 = AXIS2_PLACEMENT_3D ( 'NONE', #12625, #7661, #7474 ) ;
#10386 = VERTEX_POINT ( 'NONE', #10906 ) ;
#10387 = VERTEX_POINT ( 'NONE', #12658 ) ;
#10388 = FACE_OUTER_BOUND ( 'NONE', #946, .T. ) ;
#10389 = EDGE_LOOP ( 'NONE', ( #435, #6509, #8392, #3331 ) ) ;
#10390 = DIRECTION ( 'NONE',  ( 1.000000000000000000, -1.159058001766241925E-16, 6.264279228234968532E-17 ) ) ;
#10391 = VECTOR ( 'NONE', #7393, 1000.000000000000000 ) ;
#10392 = EDGE_CURVE ( 'NONE', #333, #1018, #6827, .T. ) ;
#10393 = ORIENTED_EDGE ( 'NONE', *, *, #1648, .F. ) ;
#10394 = DIRECTION ( 'NONE',  ( 0.000000000000000000, -0.3826834323650881720, -0.9238795325112874046 ) ) ;
#10395 = PLANE ( 'NONE',  #7967 ) ;
#10396 = CIRCLE ( 'NONE', #2664, 1.000000000000000666 ) ;
#10397 = DIRECTION ( 'NONE',  ( 0.000000000000000000, -0.9238795325112875156, 0.3826834323650881720 ) ) ;
#10398 = EDGE_LOOP ( 'NONE', ( #7641, #5631, #8993, #1790 ) ) ;
#10399 = EDGE_CURVE ( 'NONE', #3974, #746, #12594, .T. ) ;
#10400 = VERTEX_POINT ( 'NONE', #7815 ) ;
#10401 = DIRECTION ( 'NONE',  ( -1.000000000000000000, 2.905650844594909648E-18, 7.014861676541880450E-18 ) ) ;
#10402 = FACE_OUTER_BOUND ( 'NONE', #12188, .T. ) ;
#10403 = DIRECTION ( 'NONE',  ( -1.164243943608595441E-16, -1.000000000000000000, -3.515417124066999971E-15 ) ) ;
#10404 = FACE_OUTER_BOUND ( 'NONE', #952, .T. ) ;
#10405 = VECTOR ( 'NONE', #12690, 1000.000000000000000 ) ;
#10406 = PLANE ( 'NONE',  #275 ) ;
#10407 = DIRECTION ( 'NONE',  ( 1.000000000000000000, -6.322502648911709143E-17, 9.462293898829198836E-17 ) ) ;
#10408 = ORIENTED_EDGE ( 'NONE', *, *, #825, .T. ) ;
#10409 = FACE_OUTER_BOUND ( 'NONE', #5615, .T. ) ;
#10410 = DIRECTION ( 'NONE',  ( 1.000000000000000000, -6.322502648911719004E-17, 9.462293898829198836E-17 ) ) ;
#10411 = ORIENTED_EDGE ( 'NONE', *, *, #11792, .T. ) ;
#10412 = VECTOR ( 'NONE', #9449, 1000.000000000000000 ) ;
#10413 = DIRECTION ( 'NONE',  ( -0.7071067811865477948, 0.6532814824381912855, -0.2705980500730902349 ) ) ;
#10414 = AXIS2_PLACEMENT_3D ( 'NONE', #7005, #4921, #6881 ) ;
#10415 = CYLINDRICAL_SURFACE ( 'NONE', #1582, 1.600000000000000755 ) ;
#10416 = ADVANCED_FACE ( 'NONE', ( #1931 ), #688, .F. ) ;
#10417 = ORIENTED_EDGE ( 'NONE', *, *, #9480, .F. ) ;
#10418 = EDGE_LOOP ( 'NONE', ( #10121, #10225, #820, #1419 ) ) ;
#10419 = CARTESIAN_POINT ( 'NONE',  ( 6.600000000000989964, -11.86318640331839980, -28.64026550784965153 ) ) ;
#10420 = FACE_OUTER_BOUND ( 'NONE', #12120, .T. ) ;
#10421 = DIRECTION ( 'NONE',  ( -1.000000000000000000, 6.705557021117060106E-18, 5.440889002481110112E-18 ) ) ;
#10422 = VECTOR ( 'NONE', #10660, 1000.000000000000000 ) ;
#10423 = EDGE_CURVE ( 'NONE', #4139, #5870, #2849, .T. ) ;
#10424 = DIRECTION ( 'NONE',  ( 0.000000000000000000, -0.9238795325112872936, 0.3826834323650886160 ) ) ;
#10425 = AXIS2_PLACEMENT_3D ( 'NONE', #12014, #11956, #11831 ) ;
#10426 = DIRECTION ( 'NONE',  ( 0.000000000000000000, -0.9238795325112788559, 0.3826834323651086556 ) ) ;
#10427 = ORIENTED_EDGE ( 'NONE', *, *, #12749, .F. ) ;
#10428 = PLANE ( 'NONE',  #11103 ) ;
#10429 = LINE ( 'NONE', #9245, #3588 ) ;
#10430 = VECTOR ( 'NONE', #3668, 1000.000000000000000 ) ;
#10431 = ORIENTED_EDGE ( 'NONE', *, *, #5419, .T. ) ;
#10432 = DIRECTION ( 'NONE',  ( 0.000000000000000000, 1.000000000000000000, 0.000000000000000000 ) ) ;
#10433 = DIRECTION ( 'NONE',  ( 1.000000000000000000, 0.000000000000000000, 0.000000000000000000 ) ) ;
#10434 = CYLINDRICAL_SURFACE ( 'NONE', #2644, 1.249999999999987121 ) ;
#10435 = PLANE ( 'NONE',  #4219 ) ;
#10436 = EDGE_LOOP ( 'NONE', ( #12720, #10577 ) ) ;
#10437 = DIRECTION ( 'NONE',  ( 0.000000000000000000, -1.000000000000000000, 0.000000000000000000 ) ) ;
#10438 = ORIENTED_EDGE ( 'NONE', *, *, #4122, .T. ) ;
#10439 = ADVANCED_FACE ( 'NONE', ( #11628 ), #6848, .F. ) ;
#10440 = CYLINDRICAL_SURFACE ( 'NONE', #4119, 1.849999999999998979 ) ;
#10441 = ORIENTED_EDGE ( 'NONE', *, *, #7404, .F. ) ;
#10442 = EDGE_CURVE ( 'NONE', #9004, #1899, #8858, .T. ) ;
#10443 = ORIENTED_EDGE ( 'NONE', *, *, #4795, .F. ) ;
#10444 = ORIENTED_EDGE ( 'NONE', *, *, #4537, .F. ) ;
#10445 = FACE_OUTER_BOUND ( 'NONE', #753, .T. ) ;
#10446 = VERTEX_POINT ( 'NONE', #10839 ) ;
#10447 = ORIENTED_EDGE ( 'NONE', *, *, #1325, .T. ) ;
#10448 = LINE ( 'NONE', #5542, #11418 ) ;
#10449 = EDGE_LOOP ( 'NONE', ( #7552, #9890 ) ) ;
#10450 = EDGE_CURVE ( 'NONE', #10903, #10250, #8661, .T. ) ;
#10451 = DIRECTION ( 'NONE',  ( -1.000000000000000000, -2.638697247430395030E-33, -6.370378681743249463E-33 ) ) ;
#10452 = EDGE_CURVE ( 'NONE', #3974, #10924, #8067, .T. ) ;
#10453 = ORIENTED_EDGE ( 'NONE', *, *, #8816, .T. ) ;
#10454 = EDGE_LOOP ( 'NONE', ( #2012, #10601, #11258, #2838 ) ) ;
#10455 = CARTESIAN_POINT ( 'NONE',  ( 14.10000000000099973, -20.30352103488770155, 21.25061421014460095 ) ) ;
#10456 = LINE ( 'NONE', #5735, #1909 ) ;
#10457 = CARTESIAN_POINT ( 'NONE',  ( 5.599999999999999645, -42.50000000000000000, -3.429011037612799803E-16 ) ) ;
#10458 = ORIENTED_EDGE ( 'NONE', *, *, #4782, .T. ) ;
#10459 = EDGE_CURVE ( 'NONE', #889, #9128, #4623, .T. ) ;
#10460 = CIRCLE ( 'NONE', #844, 5.500000000000000000 ) ;
#10461 = ORIENTED_EDGE ( 'NONE', *, *, #4218, .F. ) ;
#10462 = DIRECTION ( 'NONE',  ( 1.000000000000000000, 0.000000000000000000, 0.000000000000000000 ) ) ;
#10463 = LINE ( 'NONE', #12421, #7849 ) ;
#10464 = CONICAL_SURFACE ( 'NONE', #9835, 26.99999999999999645, 1.308996938995729442 ) ;
#10465 = CARTESIAN_POINT ( 'NONE',  ( -72.84391516214240880, 10.46908242896119923, 11.89944707670833957 ) ) ;
#10466 = CARTESIAN_POINT ( 'NONE',  ( 14.10000000000099973, -29.38321081810529734, -0.6696960066381980603 ) ) ;
#10467 = AXIS2_PLACEMENT_3D ( 'NONE', #3583, #7576, #2598 ) ;
#10468 = FACE_OUTER_BOUND ( 'NONE', #9427, .T. ) ;
#10469 = ADVANCED_FACE ( 'NONE', ( #2658 ), #9711, .F. ) ;
#10470 = CIRCLE ( 'NONE', #12142, 44.71208468574654660 ) ;
#10471 = CARTESIAN_POINT ( 'NONE',  ( -2.651075773784429934, 11.86318640331520058, 28.64026550785100156 ) ) ;
#10472 = VERTEX_POINT ( 'NONE', #3629 ) ;
#10473 = DIRECTION ( 'NONE',  ( -4.112988807310475227E-18, -0.9238795325112871826, 0.3826834323650885605 ) ) ;
#10474 = LINE ( 'NONE', #1498, #11544 ) ;
#10475 = EDGE_LOOP ( 'NONE', ( #6042, #4534, #2586, #4166 ) ) ;
#10476 = VECTOR ( 'NONE', #3927, 1000.000000000000000 ) ;
#10477 = PLANE ( 'NONE',  #9557 ) ;
#10478 = AXIS2_PLACEMENT_3D ( 'NONE', #668, #2764, #5724 ) ;
#10479 = LINE ( 'NONE', #1700, #743 ) ;
#10480 = CONICAL_SURFACE ( 'NONE', #447, 33.00000000000001421, 0.7853981633974306265 ) ;
#10481 = ORIENTED_EDGE ( 'NONE', *, *, #2053, .T. ) ;
#10482 = ORIENTED_EDGE ( 'NONE', *, *, #9082, .F. ) ;
#10483 = DIRECTION ( 'NONE',  ( 0.000000000000000000, -0.9238795325112788559, 0.3826834323651088221 ) ) ;
#10484 = FACE_OUTER_BOUND ( 'NONE', #9525, .T. ) ;
#10485 = DIRECTION ( 'NONE',  ( 0.2588190451025303984, -0.8031379722975878765, -0.5366396363910638234 ) ) ;
#10486 = PLANE ( 'NONE',  #7982 ) ;
#10487 = CARTESIAN_POINT ( 'NONE',  ( 14.10000000000099973, -21.92031021678245040, 21.92031021678350200 ) ) ;
#10488 = ORIENTED_EDGE ( 'NONE', *, *, #8291, .F. ) ;
#10489 = AXIS2_PLACEMENT_3D ( 'NONE', #11589, #4653, #10667 ) ;
#10490 = DIRECTION ( 'NONE',  ( 1.000000000000000000, 0.000000000000000000, 0.000000000000000000 ) ) ;
#10491 = VECTOR ( 'NONE', #10698, 999.9999999999998863 ) ;
#10492 = EDGE_CURVE ( 'NONE', #12407, #7523, #4737, .T. ) ;
#10493 = CARTESIAN_POINT ( 'NONE',  ( -73.09999999999999432, -2.066205161904769999E-14, 1.491883645478428116E-14 ) ) ;
#10494 = ORIENTED_EDGE ( 'NONE', *, *, #12127, .F. ) ;
#10495 = DIRECTION ( 'NONE',  ( -8.358097092242370159E-18, -0.9099612708765432156, -0.4146932426562390805 ) ) ;
#10496 = AXIS2_PLACEMENT_3D ( 'NONE', #11540, #3483, #11728 ) ;
#10497 = DIRECTION ( 'NONE',  ( 0.000000000000000000, 0.8314696123025480112, 0.5555702330195980698 ) ) ;
#10498 = CARTESIAN_POINT ( 'NONE',  ( 6.599999999999999645, -13.11318640331822216, 28.64026550784960179 ) ) ;
#10499 = DIRECTION ( 'NONE',  ( 1.000000000000000000, 0.000000000000000000, 0.000000000000000000 ) ) ;
#10500 = EDGE_CURVE ( 'NONE', #3084, #6524, #4760, .T. ) ;
#10501 = ORIENTED_EDGE ( 'NONE', *, *, #3528, .F. ) ;
#10502 = FACE_OUTER_BOUND ( 'NONE', #450, .T. ) ;
#10503 = AXIS2_PLACEMENT_3D ( 'NONE', #17, #12122, #10221 ) ;
#10504 = ORIENTED_EDGE ( 'NONE', *, *, #290, .F. ) ;
#10505 = EDGE_CURVE ( 'NONE', #12338, #1054, #8733, .T. ) ;
#10506 = AXIS2_PLACEMENT_3D ( 'NONE', #269, #7394, #2231 ) ;
#10507 = LINE ( 'NONE', #6464, #6435 ) ;
#10508 = ORIENTED_EDGE ( 'NONE', *, *, #4665, .T. ) ;
#10509 = ORIENTED_EDGE ( 'NONE', *, *, #6725, .F. ) ;
#10510 = EDGE_CURVE ( 'NONE', #6587, #3235, #3475, .T. ) ;
#10511 = EDGE_LOOP ( 'NONE', ( #12683, #9201, #8464, #8547 ) ) ;
#10512 = CARTESIAN_POINT ( 'NONE',  ( -78.79999999999999716, -18.93836387216359896, -11.09733634011009862 ) ) ;
#10513 = EDGE_LOOP ( 'NONE', ( #8343, #12743, #6436, #6276 ) ) ;
#10514 = ORIENTED_EDGE ( 'NONE', *, *, #12390, .T. ) ;
#10515 = DIRECTION ( 'NONE',  ( -7.592831564818952788E-18, -0.3826834323650881720, -0.9238795325112874046 ) ) ;
#10516 = ORIENTED_EDGE ( 'NONE', *, *, #4885, .T. ) ;
#10517 = DIRECTION ( 'NONE',  ( 0.000000000000000000, -0.9238795325112874046, 0.3826834323650882275 ) ) ;
#10518 = EDGE_LOOP ( 'NONE', ( #8438, #7935, #2020, #9231, #11841 ) ) ;
#10519 = ORIENTED_EDGE ( 'NONE', *, *, #8516, .T. ) ;
#10520 = EDGE_CURVE ( 'NONE', #893, #6914, #6779, .T. ) ;
#10521 = CARTESIAN_POINT ( 'NONE',  ( -14.90000000000000036, -9.540979117872440597E-15, 0.000000000000000000 ) ) ;
#10522 = CARTESIAN_POINT ( 'NONE',  ( 17.10000000000000142, -1.578749275297414948E-12, -1.742439805832375052E-12 ) ) ;
#10523 = CARTESIAN_POINT ( 'NONE',  ( 14.09999999999999964, -1.991293084925854985E-12, -31.00000000000174794 ) ) ;
#10524 = VERTEX_POINT ( 'NONE', #9846 ) ;
#10525 = EDGE_CURVE ( 'NONE', #6527, #1377, #10709, .T. ) ;
#10526 = ORIENTED_EDGE ( 'NONE', *, *, #936, .T. ) ;
#10527 = CYLINDRICAL_SURFACE ( 'NONE', #2637, 0.2999999999999999889 ) ;
#10528 = CARTESIAN_POINT ( 'NONE',  ( -59.50000000000000000, -1.983433153146744857E-12, -31.00000000000174794 ) ) ;
#10529 = DIRECTION ( 'NONE',  ( 0.000000000000000000, -0.9238795325112789669, 0.3826834323651084890 ) ) ;
#10530 = FACE_OUTER_BOUND ( 'NONE', #8154, .T. ) ;
#10531 = DIRECTION ( 'NONE',  ( 0.000000000000000000, 0.000000000000000000, -1.000000000000000000 ) ) ;
#10532 = VERTEX_POINT ( 'NONE', #5806 ) ;
#10533 = DIRECTION ( 'NONE',  ( 7.592831564818957410E-18, 0.3826834323650886160, 0.9238795325112872936 ) ) ;
#10534 = CARTESIAN_POINT ( 'NONE',  ( -14.90000000000000036, 36.80607966083874771, 22.84999999999999787 ) ) ;
#10535 = ORIENTED_EDGE ( 'NONE', *, *, #4803, .T. ) ;
#10536 = ADVANCED_FACE ( 'NONE', ( #818 ), #8929, .F. ) ;
#10537 = CARTESIAN_POINT ( 'NONE',  ( -73.40000000000000568, -2.066205161904769999E-14, 1.491883645478428116E-14 ) ) ;
#10538 = CARTESIAN_POINT ( 'NONE',  ( -1.899999999999999911, -28.64026550784945258, -11.86318640331884033 ) ) ;
#10539 = VERTEX_POINT ( 'NONE', #9122 ) ;
#10540 = DIRECTION ( 'NONE',  ( 0.000000000000000000, -0.8314696123025475671, -0.5555702330195986249 ) ) ;
#10541 = ORIENTED_EDGE ( 'NONE', *, *, #10616, .F. ) ;
#10542 = CARTESIAN_POINT ( 'NONE',  ( -73.59999999999999432, -18.13453538480590055, 9.135158804159978274 ) ) ;
#10543 = DIRECTION ( 'NONE',  ( 1.000000000000000000, 0.000000000000000000, 0.000000000000000000 ) ) ;
#10544 = DIRECTION ( 'NONE',  ( -0.7071067811865479058, -0.6532814824381913965, 0.2705980500730901794 ) ) ;
#10545 = CONICAL_SURFACE ( 'NONE', #9493, 34.80000000000000426, 0.7853981633974829180 ) ;
#10546 = CYLINDRICAL_SURFACE ( 'NONE', #10496, 1.249999999999987121 ) ;
#10547 = ADVANCED_FACE ( 'NONE', ( #11102 ), #8011, .F. ) ;
#10548 = DIRECTION ( 'NONE',  ( 0.000000000000000000, 0.8314696123025491215, 0.5555702330195964045 ) ) ;
#10549 = ORIENTED_EDGE ( 'NONE', *, *, #9558, .F. ) ;
#10550 = AXIS2_PLACEMENT_3D ( 'NONE', #12044, #3268, #7266 ) ;
#10551 = DIRECTION ( 'NONE',  ( -7.592831564818951247E-18, -0.3826834323650886160, -0.9238795325112872936 ) ) ;
#10552 = DIRECTION ( 'NONE',  ( 0.000000000000000000, -0.9238795325112788559, 0.3826834323651089331 ) ) ;
#10553 = CIRCLE ( 'NONE', #3653, 1.600000000000000089 ) ;
#10554 = ORIENTED_EDGE ( 'NONE', *, *, #4914, .F. ) ;
#10555 = VECTOR ( 'NONE', #9725, 1000.000000000000000 ) ;
#10556 = AXIS2_PLACEMENT_3D ( 'NONE', #9217, #11333, #11075 ) ;
#10557 = FACE_OUTER_BOUND ( 'NONE', #9863, .T. ) ;
#10558 = DIRECTION ( 'NONE',  ( -1.000000000000000000, 6.705557021117060106E-18, 5.440889002481110112E-18 ) ) ;
#10559 = CARTESIAN_POINT ( 'NONE',  ( 6.599999999999999645, 11.86318640331520058, 28.64026550785100156 ) ) ;
#10560 = CARTESIAN_POINT ( 'NONE',  ( 6.599999999999999645, 10.61318640331946028, -28.64026550784934955 ) ) ;
#10561 = AXIS2_PLACEMENT_3D ( 'NONE', #5506, #9474, #1424 ) ;
#10562 = AXIS2_PLACEMENT_3D ( 'NONE', #8719, #8783, #7806 ) ;
#10563 = CARTESIAN_POINT ( 'NONE',  ( 14.10000000000099973, 28.64026550784949876, -11.86318640331868046 ) ) ;
#10564 = EDGE_LOOP ( 'NONE', ( #4682, #11439, #4628, #10703 ) ) ;
#10565 = DIRECTION ( 'NONE',  ( 0.000000000000000000, -1.000000000000000000, -9.592326932761360082E-14 ) ) ;
#10566 = ORIENTED_EDGE ( 'NONE', *, *, #905, .F. ) ;
#10567 = AXIS2_PLACEMENT_3D ( 'NONE', #404, #3344, #7086 ) ;
#10568 = CIRCLE ( 'NONE', #5557, 1.000000000000000888 ) ;
#10569 = VERTEX_POINT ( 'NONE', #12134 ) ;
#10570 = CARTESIAN_POINT ( 'NONE',  ( 14.10000000000099973, -11.86318640331839980, -28.64026550784965153 ) ) ;
#10571 = VERTEX_POINT ( 'NONE', #6977 ) ;
#10572 = VECTOR ( 'NONE', #5284, 1000.000000000000000 ) ;
#10573 = EDGE_LOOP ( 'NONE', ( #10873, #6875, #11025, #8510 ) ) ;
#10574 = CONICAL_SURFACE ( 'NONE', #4950, 1.850000000000001421, 1.308996938995734105 ) ;
#10575 = DIRECTION ( 'NONE',  ( -1.000000000000000000, 4.451867004922774877E-18, 0.000000000000000000 ) ) ;
#10576 = CIRCLE ( 'NONE', #4955, 4.500000000000001776 ) ;
#10577 = ORIENTED_EDGE ( 'NONE', *, *, #2711, .T. ) ;
#10578 = ORIENTED_EDGE ( 'NONE', *, *, #2166, .F. ) ;
#10579 = DIRECTION ( 'NONE',  ( -1.545410669021654339E-16, -1.000000000000000000, -3.515417124066999971E-15 ) ) ;
#10580 = VECTOR ( 'NONE', #11466, 1000.000000000000000 ) ;
#10582 = EDGE_CURVE ( 'NONE', #9779, #11594, #8076, .T. ) ;
#10581 = ORIENTED_EDGE ( 'NONE', *, *, #12599, .F. ) ;
#10583 = CARTESIAN_POINT ( 'NONE',  ( -78.79999999999999716, -13.26377048349011822, -2.623907879727405135 ) ) ;
#10584 = EDGE_LOOP ( 'NONE', ( #6173, #1023, #3633, #969 ) ) ;
#10585 = ORIENTED_EDGE ( 'NONE', *, *, #5136, .T. ) ;
#10586 = ADVANCED_FACE ( 'NONE', ( #32 ), #5787, .T. ) ;
#10587 = CIRCLE ( 'NONE', #10367, 27.19999999999999929 ) ;
#10588 = VECTOR ( 'NONE', #9381, 1000.000000000000000 ) ;
#10589 = CARTESIAN_POINT ( 'NONE',  ( -63.60000000000000142, 20.28539036221729930, -12.54205958187879943 ) ) ;
#10590 = AXIS2_PLACEMENT_3D ( 'NONE', #4217, #12074, #9982 ) ;
#10591 = FACE_BOUND ( 'NONE', #4433, .T. ) ;
#10592 = FACE_BOUND ( 'NONE', #3656, .T. ) ;
#10593 = VERTEX_POINT ( 'NONE', #10103 ) ;
#10594 = VERTEX_POINT ( 'NONE', #1012 ) ;
#10595 = CARTESIAN_POINT ( 'NONE',  ( -73.29999999999999716, 13.09082227679199839, -19.20007479457989774 ) ) ;
#10596 = VECTOR ( 'NONE', #12423, 1000.000000000000227 ) ;
#10597 = DIRECTION ( 'NONE',  ( 1.000000000000000000, 5.302876193624849502E-17, -3.061616997868594408E-17 ) ) ;
#10598 = CARTESIAN_POINT ( 'NONE',  ( 0.000000000000000000, 5.475651139360490515E-15, 44.71208468574654660 ) ) ;
#10599 = DIRECTION ( 'NONE',  ( 0.000000000000000000, -0.3826834323650881720, -0.9238795325112874046 ) ) ;
#10600 = DIRECTION ( 'NONE',  ( 1.000000000000000000, 0.000000000000000000, 0.000000000000000000 ) ) ;
#10601 = ORIENTED_EDGE ( 'NONE', *, *, #9925, .F. ) ;
#10602 = AXIS2_PLACEMENT_3D ( 'NONE', #7559, #3503, #10380 ) ;
#10603 = CARTESIAN_POINT ( 'NONE',  ( -72.84391516214240880, -11.47040436681830045, 22.61066835946420284 ) ) ;
#10604 = CARTESIAN_POINT ( 'NONE',  ( -73.59999999999999432, 6.397396265084090317, -21.15149689803300248 ) ) ;
#10605 = ORIENTED_EDGE ( 'NONE', *, *, #9349, .F. ) ;
#10606 = EDGE_CURVE ( 'NONE', #7625, #5705, #4085, .T. ) ;
#10607 = DIRECTION ( 'NONE',  ( -6.705557021117060106E-18, -1.000000000000000000, 0.000000000000000000 ) ) ;
#10608 = EDGE_CURVE ( 'NONE', #1656, #10381, #3230, .T. ) ;
#10609 = DIRECTION ( 'NONE',  ( -1.000000000000000000, 6.322502648911719004E-17, -9.462293898829198836E-17 ) ) ;
#10610 = VECTOR ( 'NONE', #6749, 1000.000000000000000 ) ;
#10611 = CARTESIAN_POINT ( 'NONE',  ( -72.84391516214240880, -16.04946234676810235, 8.942718551623828560 ) ) ;
#10612 = ORIENTED_EDGE ( 'NONE', *, *, #7003, .T. ) ;
#10613 = DIRECTION ( 'NONE',  ( 0.000000000000000000, 0.9238795325112867385, -0.3826834323650899483 ) ) ;
#10614 = CARTESIAN_POINT ( 'NONE',  ( -73.59999999999999432, -14.69038449352011888, 17.45007459676154937 ) ) ;
#10615 = CARTESIAN_POINT ( 'NONE',  ( 6.599999999999999645, -11.86318640331823993, 28.64026550784970127 ) ) ;
#10616 = EDGE_CURVE ( 'NONE', #11101, #191, #5144, .T. ) ;
#10617 = CARTESIAN_POINT ( 'NONE',  ( -1.899999999999999911, 1.249999999997011946, 31.00000000000000000 ) ) ;
#10618 = EDGE_CURVE ( 'NONE', #8947, #9356, #8988, .T. ) ;
#10619 = DIRECTION ( 'NONE',  ( 0.000000000000000000, -0.9238795325112789669, 0.3826834323651084890 ) ) ;
#10620 = ORIENTED_EDGE ( 'NONE', *, *, #10520, .F. ) ;
#10621 = AXIS2_PLACEMENT_3D ( 'NONE', #5533, #4482, #8654 ) ;
#10622 = ADVANCED_FACE ( 'NONE', ( #10970 ), #2645, .F. ) ;
#10623 = DIRECTION ( 'NONE',  ( 0.000000000000000000, -0.9238795325112872936, 0.3826834323650886160 ) ) ;
#10624 = AXIS2_PLACEMENT_3D ( 'NONE', #8381, #8126, #12190 ) ;
#10625 = CARTESIAN_POINT ( 'NONE',  ( -72.84391516214240880, -15.71275117123570020, 9.755611238196729929 ) ) ;
#10626 = AXIS2_PLACEMENT_3D ( 'NONE', #7224, #11233, #9307 ) ;
#10627 = ORIENTED_EDGE ( 'NONE', *, *, #11349, .F. ) ;
#10628 = EDGE_CURVE ( 'NONE', #4773, #2744, #4026, .T. ) ;
#10629 = AXIS2_PLACEMENT_3D ( 'NONE', #6147, #6023, #9074 ) ;
#10630 = DIRECTION ( 'NONE',  ( 0.000000000000000000, -0.9238795325112874046, 0.3826834323650882275 ) ) ;
#10631 = VECTOR ( 'NONE', #9917, 1000.000000000000114 ) ;
#10632 = DIRECTION ( 'NONE',  ( 0.5150380749100560429, 0.8571673007021111124, 8.222228984407219466E-14 ) ) ;
#10633 = DIRECTION ( 'NONE',  ( 1.000000000000000000, 0.000000000000000000, 0.000000000000000000 ) ) ;
#10634 = CARTESIAN_POINT ( 'NONE',  ( -56.21032168798580386, -12.39428389932959895, 22.99335179182930133 ) ) ;
#10635 = CARTESIAN_POINT ( 'NONE',  ( -72.84391516214240880, 11.04310757750882033, 13.28526637547527933 ) ) ;
#10636 = ORIENTED_EDGE ( 'NONE', *, *, #6891, .T. ) ;
#10637 = EDGE_CURVE ( 'NONE', #11903, #12532, #3961, .T. ) ;
#10638 = CARTESIAN_POINT ( 'NONE',  ( -59.50000000000000000, 30.17848429060815008, 12.89099133440203993 ) ) ;
#10639 = ORIENTED_EDGE ( 'NONE', *, *, #8187, .T. ) ;
#10640 = AXIS2_PLACEMENT_3D ( 'NONE', #4724, #6787, #8616 ) ;
#10641 = ORIENTED_EDGE ( 'NONE', *, *, #5262, .T. ) ;
#10642 = CARTESIAN_POINT ( 'NONE',  ( -72.84391516214240880, -14.74807692746136034, -10.12702952210969976 ) ) ;
#10643 = ORIENTED_EDGE ( 'NONE', *, *, #8840, .T. ) ;
#10644 = ORIENTED_EDGE ( 'NONE', *, *, #2076, .F. ) ;
#10645 = CARTESIAN_POINT ( 'NONE',  ( -78.79999999999999716, -6.137699699246859986, 10.66025995939425997 ) ) ;
#10646 = ORIENTED_EDGE ( 'NONE', *, *, #3558, .T. ) ;
#10647 = VERTEX_POINT ( 'NONE', #1200 ) ;
#10648 = DIRECTION ( 'NONE',  ( 1.000000000000000000, 0.000000000000000000, 0.000000000000000000 ) ) ;
#10649 = ORIENTED_EDGE ( 'NONE', *, *, #12544, .F. ) ;
#10650 = CARTESIAN_POINT ( 'NONE',  ( -14.90000000000000036, -36.80607966083890403, -22.84999999999955023 ) ) ;
#10651 = EDGE_LOOP ( 'NONE', ( #10009, #10854 ) ) ;
#10652 = CARTESIAN_POINT ( 'NONE',  ( -43.88791531425349746, 9.190404468138918949E-15, -5.306082496537519856E-15 ) ) ;
#10653 = DIRECTION ( 'NONE',  ( -1.000000000000000000, 6.322502648911719004E-17, -9.462293898829198836E-17 ) ) ;
#10654 = EDGE_CURVE ( 'NONE', #9883, #1460, #12007, .T. ) ;
#10655 = CARTESIAN_POINT ( 'NONE',  ( -14.90000000000000036, -36.80607966083859850, 22.84999999999999787 ) ) ;
#10656 = ORIENTED_EDGE ( 'NONE', *, *, #1846, .F. ) ;
#10657 = ORIENTED_EDGE ( 'NONE', *, *, #2003, .T. ) ;
#10658 = DIRECTION ( 'NONE',  ( 0.000000000000000000, 1.000000000000000000, 0.000000000000000000 ) ) ;
#10659 = LINE ( 'NONE', #5439, #12449 ) ;
#10660 = DIRECTION ( 'NONE',  ( 1.000000000000000000, 0.000000000000000000, 0.000000000000000000 ) ) ;
#10661 = DIRECTION ( 'NONE',  ( 1.000000000000000000, 0.000000000000000000, 0.000000000000000000 ) ) ;
#10662 = CARTESIAN_POINT ( 'NONE',  ( -78.79999999999999716, -14.20124825308909955, 4.258761328618125397 ) ) ;
#10663 = EDGE_LOOP ( 'NONE', ( #7683, #6005, #1308, #12265 ) ) ;
#10664 = DIRECTION ( 'NONE',  ( 0.000000000000000000, 0.6087614290087191016, -0.7933533402912362753 ) ) ;
#10665 = CIRCLE ( 'NONE', #2095, 1.850000000000001865 ) ;
#10666 = EDGE_CURVE ( 'NONE', #8599, #6137, #7044, .T. ) ;
#10667 = DIRECTION ( 'NONE',  ( 0.000000000000000000, 0.4999999999999982792, -0.8660254037844397068 ) ) ;
#10668 = VERTEX_POINT ( 'NONE', #5086 ) ;
#10669 = CARTESIAN_POINT ( 'NONE',  ( 17.60000000000000142, 1.704512705218224955, -29.86108102231160188 ) ) ;
#10670 = LINE ( 'NONE', #7470, #8058 ) ;
#10671 = VECTOR ( 'NONE', #2099, 1000.000000000000000 ) ;
#10672 = AXIS2_PLACEMENT_3D ( 'NONE', #260, #7264, #4246 ) ;
#10673 = LINE ( 'NONE', #9683, #7286 ) ;
#10674 = ORIENTED_EDGE ( 'NONE', *, *, #1522, .F. ) ;
#10675 = VECTOR ( 'NONE', #11164, 999.9999999999998863 ) ;
#10676 = CARTESIAN_POINT ( 'NONE',  ( 6.599999999999999645, -20.67031021678205249, -21.92031021678380043 ) ) ;
#10677 = VECTOR ( 'NONE', #12565, 1000.000000000000114 ) ;
#10678 = DIRECTION ( 'NONE',  ( 0.000000000000000000, -0.9238795325112868495, 0.3826834323650896152 ) ) ;
#10679 = DIRECTION ( 'NONE',  ( 0.000000000000000000, 0.4146932426562352503, -0.9099612708765447699 ) ) ;
#10680 = FACE_OUTER_BOUND ( 'NONE', #4758, .T. ) ;
#10681 = ADVANCED_FACE ( 'NONE', ( #2979 ), #8137, .F. ) ;
#10682 = CARTESIAN_POINT ( 'NONE',  ( -59.50000000000000000, -1.374545213078886173E-12, 30.99999999999824851 ) ) ;
#10683 = ORIENTED_EDGE ( 'NONE', *, *, #12430, .F. ) ;
#10684 = EDGE_CURVE ( 'NONE', #4712, #823, #6415, .T. ) ;
#10685 = LINE ( 'NONE', #5722, #6504 ) ;
#10686 = CIRCLE ( 'NONE', #5469, 1.599999999999996758 ) ;
#10687 = CONICAL_SURFACE ( 'NONE', #9424, 1.249999999999985567, 1.029744258676652313 ) ;
#10688 = CARTESIAN_POINT ( 'NONE',  ( -73.59999999999999432, -25.02283716737749941, -7.494672781043200338 ) ) ;
#10689 = ADVANCED_FACE ( 'NONE', ( #12202, #6192 ), #10169, .T. ) ;
#10690 = ORIENTED_EDGE ( 'NONE', *, *, #2956, .T. ) ;
#10691 = EDGE_CURVE ( 'NONE', #8413, #5227, #7483, .T. ) ;
#10692 = DIRECTION ( 'NONE',  ( 0.000000000000000000, -0.6087614290087191016, 0.7933533402912362753 ) ) ;
#10693 = CLOSED_SHELL ( 'NONE', ( #11856, #9991, #10439, #5337, #11839, #4256, #6351, #12497, #3616, #9213, #12051, #8841, #11581, #475, #9643, #10377, #8053, #10343, #6007, #12222, #9909, #794, #9161, #2618, #44, #1588, #5577, #2007, #12281, #12850, #8401, #3896, #2227, #5669, #195, #4226, #9448, #2477, #8465, #3255, #5866, #8559, #425, #1948, #1233, #9584, #3636, #7527, #9135, #3639, #6697, #5889, #11550, #10896, #2855, #9659, #1229, #3885, #11655, #12829, #295, #439, #204, #11977, #8964, #7168, #11302, #8575, #6186, #11913, #11257, #9073, #5265, #884, #10207, #7493, #10689, #451, #12025, #11364, #5020, #1481, #12781, #4319, #7578, #7321, #8340, #12207, #7733, #4828, #9611, #10175, #11746, #7726, #9851, #9429, #4451, #8981, #3275, #8049, #11753, #11488, #7928, #7398, #11141, #4731, #10547, #7894, #6411, #8330, #8142, #12201, #8600, #11154, #1327, #4870, #5658, #1905, #7584, #11080, #6936, #6146, #11827, #2667, #1292, #369, #1624, #7535, #4533, #3037, #789, #1777, #9247, #442, #5036, #3451, #7014, #8973, #1008, #924, #10286, #7323, #5739, #812, #10622, #7043, #6776, #5254, #6240, #4123, #1889, #8205, #8450, #2527, #1380, #7824, #10060, #5857, #10251, #10586, #2715, #6701, #123, #4475, #39, #7101, #2498, #9981, #3364, #5365, #8704, #10220, #10967, #10018, #4792, #3323, #9668, #7467, #2544, #8686, #2296, #2169, #4162, #2986, #830, #9026, #556, #7569, #9575, #8569, #1239, #11199, #2861, #10299, #9243, #3763, #4510, #7243, #10049, #7140, #11293, #2119, #278, #4685, #6049, #6028, #3784, #4282, #1323, #8005, #1695, #11260, #12917, #11967, #608, #10939, #1747, #6229, #9402, #989, #4129, #10416, #388, #9252, #5211, #3853, #3295, #5052, #3025, #11678, #12657, #53, #11032, #3819, #162, #12216, #5492, #9054, #3893, #8845, #1482, #12250, #12635, #12592, #10907, #6950, #8781, #4718, #1546, #3552, #10038, #981, #8491, #8849, #1138, #7604, #4424, #7674, #9323, #8062, #11517, #4695, #11588, #5176, #11647, #5767, #1188, #344, #4059, #3217, #2153, #4606, #1525, #2132, #8166, #5749, #3020, #5318, #7338, #6217, #12011, #12687, #2204, #3815, #9407, #8854, #9398, #9314, #8174, #7359, #7836, #3727, #8093, #2455, #10354, #2925, #11478, #658, #3065, #11041, #10203, #4907, #5897, #6840, #2892, #6947, #7175, #4738, #10681, #5496, #2696, #3812, #8394, #4618, #11283, #12536, #7085, #12726, #10992, #9105, #1158, #3143, #8914, #12335, #11996, #2928, #1111, #2389, #8399, #27, #9475, #9718, #2529, #7896, #12698, #6904, #6281, #2340, #11124, #2762, #3330, #6425, #3509, #4790, #11741, #3417, #7213, #5605, #12926, #9975, #2129, #7667, #12759, #7797, #8740, #7225, #2285, #1832, #2449, #1319, #11304, #7099, #12263, #9126, #1333, #5502, #1091, #9216, #10536, #5280, #10372, #996, #6097, #10320, #1958, #4861, #11988, #177, #8020, #12234, #978, #1630, #10326, #7487, #6376, #5103, #7357, #7938, #6011, #1171, #5592, #6932, #6140, #869, #6545, #5626, #8710, #4603, #5025, #8360, #1423, #6204, #3658, #10469, #5530, #9265, #6814, #11737, #9093, #10179, #153, #4019, #7882, #8196, #6190, #1576, #4924, #9810, #3720, #8202, #3351, #266, #9191, #4672, #6053, #11386, #12310, #4208, #2371, #7506, #3430, #11234, #3103, #5792, #7498, #5874, #10882, #4942, #5881, #3320, #4996, #6699, #12611, #8838, #1795, #9363, #7767, #8040, #2039, #619, #606, #8253, #11905, #12130, #7262, #1432, #1040, #2260, #5430, #8523, #2514, #12523, #1973, #2433, #10290, #2058, #10805, #9822, #12106 ) ) ;
#10694 = CONICAL_SURFACE ( 'NONE', #7546, 1.849999999999998979, 1.308996938995742765 ) ;
#10695 = CYLINDRICAL_SURFACE ( 'NONE', #7782, 1.000000000000000000 ) ;
#10696 = DIRECTION ( 'NONE',  ( 0.000000000000000000, 0.8314696123025483443, 0.5555702330195975147 ) ) ;
#10697 = AXIS2_PLACEMENT_3D ( 'NONE', #8433, #12429, #6489 ) ;
#10698 = DIRECTION ( 'NONE',  ( 0.000000000000000000, 0.9238795325112874046, -0.3826834323650882275 ) ) ;
#10699 = AXIS2_PLACEMENT_3D ( 'NONE', #12642, #8651, #11681 ) ;
#10700 = CARTESIAN_POINT ( 'NONE',  ( -72.84391516214240880, -6.375468700918540677, 14.00592370547576060 ) ) ;
#10701 = ORIENTED_EDGE ( 'NONE', *, *, #3866, .T. ) ;
#10702 = LINE ( 'NONE', #3500, #6034 ) ;
#10703 = ORIENTED_EDGE ( 'NONE', *, *, #6541, .F. ) ;
#10704 = PLANE ( 'NONE',  #9218 ) ;
#10705 = ORIENTED_EDGE ( 'NONE', *, *, #11389, .F. ) ;
#10706 = DIRECTION ( 'NONE',  ( 0.000000000000000000, -0.9238795325112874046, 0.3826834323650882275 ) ) ;
#10707 = ORIENTED_EDGE ( 'NONE', *, *, #8533, .F. ) ;
#10708 = CIRCLE ( 'NONE', #9652, 2.050000000000002043 ) ;
#10709 = LINE ( 'NONE', #10767, #8279 ) ;
#10710 = ORIENTED_EDGE ( 'NONE', *, *, #11810, .T. ) ;
#10711 = ORIENTED_EDGE ( 'NONE', *, *, #5276, .T. ) ;
#10712 = LINE ( 'NONE', #1202, #1800 ) ;
#10713 = VERTEX_POINT ( 'NONE', #1393 ) ;
#10714 = DIRECTION ( 'NONE',  ( 1.000000000000000000, -6.322502648911709143E-17, 9.462293898829198836E-17 ) ) ;
#10715 = APPLICATION_CONTEXT ( 'automotive_design' ) ;
#10716 = DIRECTION ( 'NONE',  ( 1.000000000000000000, -6.705557021117060106E-18, -5.440889002481110112E-18 ) ) ;
#10717 = ORIENTED_EDGE ( 'NONE', *, *, #8918, .T. ) ;
#10718 = FACE_OUTER_BOUND ( 'NONE', #4055, .T. ) ;
#10719 = EDGE_CURVE ( 'NONE', #10116, #2617, #4351, .T. ) ;
#10720 = AXIS2_PLACEMENT_3D ( 'NONE', #6955, #7921, #4802 ) ;
#10721 = CARTESIAN_POINT ( 'NONE',  ( 17.54641016151380128, -1.991661135859989902E-12, -31.00000000000174794 ) ) ;
#10722 = PLANE ( 'NONE',  #5463 ) ;
#10723 = ORIENTED_EDGE ( 'NONE', *, *, #10109, .T. ) ;
#10724 = VERTEX_POINT ( 'NONE', #2446 ) ;
#10725 = ORIENTED_EDGE ( 'NONE', *, *, #2857, .T. ) ;
#10726 = DIRECTION ( 'NONE',  ( 0.000000000000000000, 0.8314696123025479002, 0.5555702330195980698 ) ) ;
#10727 = EDGE_CURVE ( 'NONE', #9690, #1532, #11431, .T. ) ;
#10728 = CIRCLE ( 'NONE', #2989, 1.850000000000000311 ) ;
#10729 = PLANE ( 'NONE',  #737 ) ;
#10730 = DIRECTION ( 'NONE',  ( 0.000000000000000000, 0.000000000000000000, -1.000000000000000000 ) ) ;
#10731 = EDGE_CURVE ( 'NONE', #9067, #7769, #2318, .T. ) ;
#10732 = DIRECTION ( 'NONE',  ( 0.000000000000000000, 1.000000000000000000, 9.714451465470228276E-14 ) ) ;
#10733 = EDGE_CURVE ( 'NONE', #5198, #5860, #12327, .T. ) ;
#10734 = CYLINDRICAL_SURFACE ( 'NONE', #744, 1.249999999999987121 ) ;
#10735 = ORIENTED_EDGE ( 'NONE', *, *, #6040, .F. ) ;
#10736 = DIRECTION ( 'NONE',  ( 1.000000000000000000, 0.000000000000000000, 0.000000000000000000 ) ) ;
#10737 = CARTESIAN_POINT ( 'NONE',  ( -11.90000000000001101, -21.25000000000000000, 36.80607966083870508 ) ) ;
#10738 = ORIENTED_EDGE ( 'NONE', *, *, #11186, .T. ) ;
#10739 = CARTESIAN_POINT ( 'NONE',  ( -1.899999999999999911, 10.61318640331520058, 28.64026550785084879 ) ) ;
#10740 = CARTESIAN_POINT ( 'NONE',  ( 6.599999999999999645, 27.39026550784895164, 11.86318640331993990 ) ) ;
#10741 = DIRECTION ( 'NONE',  ( 1.000000000000000000, -6.705557021117060106E-18, -5.440889002481110112E-18 ) ) ;
#10742 = ORIENTED_EDGE ( 'NONE', *, *, #12811, .T. ) ;
#10743 = DIRECTION ( 'NONE',  ( 1.000000000000000000, -3.090821338043315087E-16, 1.871678662600109722E-16 ) ) ;
#10744 = LINE ( 'NONE', #3862, #9520 ) ;
#10745 = DIRECTION ( 'NONE',  ( 1.000000000000000000, 0.000000000000000000, 0.000000000000000000 ) ) ;
#10746 = LINE ( 'NONE', #9622, #10283 ) ;
#10747 = CARTESIAN_POINT ( 'NONE',  ( -11.90000000000001101, -36.80607966083859850, 19.65000000000000213 ) ) ;
#10748 = ORIENTED_EDGE ( 'NONE', *, *, #5911, .T. ) ;
#10749 = FACE_OUTER_BOUND ( 'NONE', #5618, .T. ) ;
#10750 = DIRECTION ( 'NONE',  ( -1.000000000000000000, 0.000000000000000000, 0.000000000000000000 ) ) ;
#10751 = VERTEX_POINT ( 'NONE', #9442 ) ;
#10752 = CARTESIAN_POINT ( 'NONE',  ( -73.59999999999999432, 23.14656907855829715, -16.27082028124765145 ) ) ;
#10753 = FACE_BOUND ( 'NONE', #5335, .T. ) ;
#10754 = LINE ( 'NONE', #7609, #8204 ) ;
#10755 = LINE ( 'NONE', #4814, #12636 ) ;
#10756 = DIRECTION ( 'NONE',  ( -1.000000000000000000, 0.000000000000000000, 0.000000000000000000 ) ) ;
#10757 = CARTESIAN_POINT ( 'NONE',  ( 14.10000000000099973, -11.86318640331703911, 28.64026550785020220 ) ) ;
#10758 = ORIENTED_EDGE ( 'NONE', *, *, #11099, .F. ) ;
#10759 = FACE_BOUND ( 'NONE', #8351, .T. ) ;
#10760 = VERTEX_POINT ( 'NONE', #417 ) ;
#10761 = CARTESIAN_POINT ( 'NONE',  ( 6.599999999999999645, -1.250000000002960077, 31.00000000000000000 ) ) ;
#10762 = ORIENTED_EDGE ( 'NONE', *, *, #11734, .F. ) ;
#10763 = AXIS2_PLACEMENT_3D ( 'NONE', #12233, #6158, #5313 ) ;
#10764 = DIRECTION ( 'NONE',  ( 1.000000000000000000, -2.905650844594909648E-18, -7.014861676541880450E-18 ) ) ;
#10765 = ORIENTED_EDGE ( 'NONE', *, *, #6227, .F. ) ;
#10766 = EDGE_CURVE ( 'NONE', #893, #4684, #3360, .T. ) ;
#10767 = CARTESIAN_POINT ( 'NONE',  ( 14.10000000000099973, 1.616789181895544880, 30.33030399336105276 ) ) ;
#10768 = VECTOR ( 'NONE', #9770, 1000.000000000000000 ) ;
#10769 = AXIS2_PLACEMENT_3D ( 'NONE', #12890, #7919, #11985 ) ;
#10770 = ORIENTED_EDGE ( 'NONE', *, *, #2187, .F. ) ;
#10771 = ORIENTED_EDGE ( 'NONE', *, *, #9521, .F. ) ;
#10772 = CARTESIAN_POINT ( 'NONE',  ( -11.90000000000000568, 21.25000000000000000, 36.80607966083854876 ) ) ;
#10773 = ORIENTED_EDGE ( 'NONE', *, *, #8519, .T. ) ;
#10774 = CARTESIAN_POINT ( 'NONE',  ( 17.60000000000000142, 13.56769910853665984, 29.77918448553824859 ) ) ;
#10775 = CARTESIAN_POINT ( 'NONE',  ( -72.84391516214240880, -15.11152954851269925, -1.858541014997230123 ) ) ;
#10776 = CONICAL_SURFACE ( 'NONE', #3659, 1.249999999999987121, 1.029744258676653645 ) ;
#10777 = ORIENTED_EDGE ( 'NONE', *, *, #12918, .T. ) ;
#10778 = VECTOR ( 'NONE', #536, 1000.000000000000000 ) ;
#10779 = EDGE_CURVE ( 'NONE', #2113, #416, #5468, .T. ) ;
#10780 = DIRECTION ( 'NONE',  ( 1.000000000000000000, -6.322502648911719004E-17, 9.462293898829198836E-17 ) ) ;
#10781 = EDGE_CURVE ( 'NONE', #6474, #1003, #10230, .T. ) ;
#10782 = FACE_BOUND ( 'NONE', #7720, .T. ) ;
#10783 = VECTOR ( 'NONE', #6021, 1000.000000000000000 ) ;
#10784 = EDGE_CURVE ( 'NONE', #841, #1758, #6325, .T. ) ;
#10785 = AXIS2_PLACEMENT_3D ( 'NONE', #5486, #6339, #7500 ) ;
#10786 = AXIS2_PLACEMENT_3D ( 'NONE', #11410, #5456, #2438 ) ;
#10787 = CARTESIAN_POINT ( 'NONE',  ( -59.50000000000000000, 13.40140518607613807, 29.66807043893430063 ) ) ;
#10788 = ORIENTED_EDGE ( 'NONE', *, *, #138, .T. ) ;
#10789 = VERTEX_POINT ( 'NONE', #1451 ) ;
#10790 = AXIS2_PLACEMENT_3D ( 'NONE', #10538, #12622, #4657 ) ;
#10791 = CONICAL_SURFACE ( 'NONE', #11424, 1.249999999999987121, 1.029744258676652313 ) ;
#10792 = ORIENTED_EDGE ( 'NONE', *, *, #8123, .F. ) ;
#10793 = DIRECTION ( 'NONE',  ( 1.000000000000000000, 0.000000000000000000, 0.000000000000000000 ) ) ;
#10794 = EDGE_CURVE ( 'NONE', #7249, #7821, #9740, .T. ) ;
#10795 = ORIENTED_EDGE ( 'NONE', *, *, #9175, .T. ) ;
#10796 = CARTESIAN_POINT ( 'NONE',  ( -73.59999999999999432, 5.214446612944589887, -21.69059811348610012 ) ) ;
#10797 = VECTOR ( 'NONE', #10352, 1000.000000000000227 ) ;
#10798 = CIRCLE ( 'NONE', #3054, 1.249999999999999334 ) ;
#10799 = VECTOR ( 'NONE', #1865, 1000.000000000000000 ) ;
#10800 = LINE ( 'NONE', #12740, #4576 ) ;
#10801 = FACE_OUTER_BOUND ( 'NONE', #363, .T. ) ;
#10802 = DIRECTION ( 'NONE',  ( 1.000000000000000000, 0.000000000000000000, 0.000000000000000000 ) ) ;
#10803 = ORIENTED_EDGE ( 'NONE', *, *, #12177, .T. ) ;
#10804 = FACE_OUTER_BOUND ( 'NONE', #10513, .T. ) ;
#10805 = ADVANCED_FACE ( 'NONE', ( #8265 ), #4275, .T. ) ;
#10806 = CARTESIAN_POINT ( 'NONE',  ( -78.79999999999999716, -12.68974533494249890, -1.238088580960476248 ) ) ;
#10807 = ORIENTED_EDGE ( 'NONE', *, *, #10324, .F. ) ;
#10808 = DIRECTION ( 'NONE',  ( 1.000000000000000000, -6.705557021117060106E-18, -5.440889002481110112E-18 ) ) ;
#10809 = DIRECTION ( 'NONE',  ( -2.170249086492574887E-18, 0.4146932426562375262, -0.9099612708765439928 ) ) ;
#10810 = DIRECTION ( 'NONE',  ( 0.000000000000000000, -0.3826834323650878389, -0.9238795325112876267 ) ) ;
#10811 = ORIENTED_EDGE ( 'NONE', *, *, #9409, .T. ) ;
#10812 = CARTESIAN_POINT ( 'NONE',  ( -73.59999999999999432, -2.066205161904769999E-14, 1.491883645478428116E-14 ) ) ;
#10813 = DIRECTION ( 'NONE',  ( -4.112988807310478308E-18, -0.9238795325112874046, 0.3826834323650881720 ) ) ;
#10814 = AXIS2_PLACEMENT_3D ( 'NONE', #8280, #46, #3117 ) ;
#10815 = DIRECTION ( 'NONE',  ( 7.592831564818952788E-18, 0.3826834323650881720, 0.9238795325112874046 ) ) ;
#10816 = DIRECTION ( 'NONE',  ( 0.000000000000000000, 0.6087614290087191016, -0.7933533402912362753 ) ) ;
#10817 = VERTEX_POINT ( 'NONE', #4477 ) ;
#10818 = DIRECTION ( 'NONE',  ( -4.112988807310475227E-18, -0.9238795325112871826, 0.3826834323650885605 ) ) ;
#10819 = DIRECTION ( 'NONE',  ( 1.000000000000000000, 0.000000000000000000, 0.000000000000000000 ) ) ;
#10820 = EDGE_CURVE ( 'NONE', #8633, #9848, #548, .T. ) ;
#10821 = AXIS2_PLACEMENT_3D ( 'NONE', #8634, #9680, #12621 ) ;
#10822 = EDGE_LOOP ( 'NONE', ( #1406, #211, #3902, #10707, #11869 ) ) ;
#10823 = EDGE_CURVE ( 'NONE', #6165, #10524, #292, .T. ) ;
#10824 = DIRECTION ( 'NONE',  ( -5.440889002481110112E-18, 3.648419145170580376E-35, -1.000000000000000000 ) ) ;
#10825 = CYLINDRICAL_SURFACE ( 'NONE', #2000, 0.9999999999999998890 ) ;
#10826 = DIRECTION ( 'NONE',  ( -6.705557021117060106E-18, -1.000000000000000000, 0.000000000000000000 ) ) ;
#10827 = LINE ( 'NONE', #5662, #12022 ) ;
#10828 = CARTESIAN_POINT ( 'NONE',  ( 14.09999999999999964, -28.64026550785125380, 11.86318640331655949 ) ) ;
#10829 = DIRECTION ( 'NONE',  ( -1.000000000000000000, -2.638697247430395030E-33, -6.370378681743239884E-33 ) ) ;
#10830 = ORIENTED_EDGE ( 'NONE', *, *, #10820, .F. ) ;
#10831 = AXIS2_PLACEMENT_3D ( 'NONE', #3220, #1379, #1248 ) ;
#10832 = DIRECTION ( 'NONE',  ( -4.112988807310476767E-18, -0.9238795325112872936, 0.3826834323650883940 ) ) ;
#10833 = DIRECTION ( 'NONE',  ( 0.2588190451025295657, 0.8031379722975882096, 0.5366396363910640455 ) ) ;
#10834 = VERTEX_POINT ( 'NONE', #4413 ) ;
#10835 = EDGE_CURVE ( 'NONE', #1656, #487, #3297, .T. ) ;
#10836 = CARTESIAN_POINT ( 'NONE',  ( -78.79999999999999716, -1.769669275449794910, 18.59249231963075033 ) ) ;
#10837 = VERTEX_POINT ( 'NONE', #5342 ) ;
#10838 = AXIS2_PLACEMENT_3D ( 'NONE', #7490, #5606, #9701 ) ;
#10839 = CARTESIAN_POINT ( 'NONE',  ( -73.59999999999999432, -9.819619592204340108, 5.691007912874180619 ) ) ;
#10840 = ORIENTED_EDGE ( 'NONE', *, *, #8525, .F. ) ;
#10841 = DIRECTION ( 'NONE',  ( 1.000000000000000000, -6.322502648911719004E-17, 9.462293898829198836E-17 ) ) ;
#10842 = CARTESIAN_POINT ( 'NONE',  ( 5.599999999999999645, -36.80607966083874771, -21.25000000000000000 ) ) ;
#10843 = ORIENTED_EDGE ( 'NONE', *, *, #1648, .T. ) ;
#10844 = DIRECTION ( 'NONE',  ( -1.000000000000000000, 6.705557021117060106E-18, 5.440889002481110112E-18 ) ) ;
#10845 =( LENGTH_UNIT ( ) NAMED_UNIT ( * ) SI_UNIT ( .MILLI., .METRE. ) );
#10846 = ORIENTED_EDGE ( 'NONE', *, *, #3111, .F. ) ;
#10847 = AXIS2_PLACEMENT_3D ( 'NONE', #1223, #4172, #3195 ) ;
#10848 = EDGE_CURVE ( 'NONE', #4817, #3047, #8662, .T. ) ;
#10849 = DIRECTION ( 'NONE',  ( 0.2588190451025481065, -0.8031379722975841018, -0.5366396363910610479 ) ) ;
#10850 = DIRECTION ( 'NONE',  ( 0.000000000000000000, 0.8314696123025479002, 0.5555702330195982919 ) ) ;
#10851 = EDGE_CURVE ( 'NONE', #2830, #10382, #9328, .T. ) ;
#10852 = DIRECTION ( 'NONE',  ( 1.000000000000000000, -3.061616997868609815E-17, -5.302876193624809443E-17 ) ) ;
#10853 = ORIENTED_EDGE ( 'NONE', *, *, #7717, .T. ) ;
#10854 = ORIENTED_EDGE ( 'NONE', *, *, #1316, .F. ) ;
#10855 = EDGE_CURVE ( 'NONE', #11571, #12822, #6383, .T. ) ;
#10856 = ORIENTED_EDGE ( 'NONE', *, *, #12494, .T. ) ;
#10857 = CARTESIAN_POINT ( 'NONE',  ( -73.59999999999999432, -4.079368106728010090, 19.54920090054350013 ) ) ;
#10858 = EDGE_CURVE ( 'NONE', #10056, #5431, #2506, .T. ) ;
#10859 = EDGE_LOOP ( 'NONE', ( #9730, #4832, #4365, #9347, #6027, #12493, #801, #3625, #7519 ) ) ;
#10860 = PLANE ( 'NONE',  #3665 ) ;
#10861 = DIRECTION ( 'NONE',  ( 0.2588190451025359495, -0.8031379722975868773, -0.5366396363910629352 ) ) ;
#10862 = DIRECTION ( 'NONE',  ( -1.000000000000000000, -3.833370961308354242E-30, -1.156482317317997203E-16 ) ) ;
#10863 = DIRECTION ( 'NONE',  ( 0.000000000000000000, 1.000000000000000000, 9.714451465470228276E-14 ) ) ;
#10864 = ORIENTED_EDGE ( 'NONE', *, *, #7177, .T. ) ;
#10865 = LINE ( 'NONE', #9746, #3361 ) ;
#10866 = EDGE_CURVE ( 'NONE', #7885, #6734, #3879, .T. ) ;
#10867 = DIRECTION ( 'NONE',  ( 1.000000000000000000, 0.000000000000000000, 0.000000000000000000 ) ) ;
#10868 = ORIENTED_EDGE ( 'NONE', *, *, #7783, .F. ) ;
#10869 = DIRECTION ( 'NONE',  ( -1.000000000000000000, 6.705557021117060106E-18, 5.440889002481110112E-18 ) ) ;
#10870 = EDGE_CURVE ( 'NONE', #3696, #8232, #11739, .T. ) ;
#10871 = CARTESIAN_POINT ( 'NONE',  ( -11.90000000000000036, -38.62473300881482885, 22.30000000001845706 ) ) ;
#10872 = ORIENTED_EDGE ( 'NONE', *, *, #12706, .F. ) ;
#10873 = ORIENTED_EDGE ( 'NONE', *, *, #5049, .T. ) ;
#10874 = DIRECTION ( 'NONE',  ( 0.000000000000000000, 1.000000000000000000, 9.592326932761342412E-14 ) ) ;
#10875 = CARTESIAN_POINT ( 'NONE',  ( 17.54641016151375155, 1.538218782758330017, 32.02780493108450344 ) ) ;
#10876 = ORIENTED_EDGE ( 'NONE', *, *, #10733, .F. ) ;
#10877 = DIRECTION ( 'NONE',  ( 1.000000000000000000, 0.000000000000000000, 0.000000000000000000 ) ) ;
#10878 = AXIS2_PLACEMENT_3D ( 'NONE', #5235, #11068, #189 ) ;
#10879 = CARTESIAN_POINT ( 'NONE',  ( -1.899999999999999911, 29.89026550785069958, -11.86318640331566066 ) ) ;
#10880 = ORIENTED_EDGE ( 'NONE', *, *, #10784, .T. ) ;
#10881 = DIRECTION ( 'NONE',  ( -1.000000000000000000, 0.000000000000000000, 0.000000000000000000 ) ) ;
#10882 = ADVANCED_FACE ( 'NONE', ( #11872 ), #1850, .F. ) ;
#10883 = DIRECTION ( 'NONE',  ( -1.000000000000000000, 3.104650516289595075E-16, -1.871678662600109722E-16 ) ) ;
#10884 = AXIS2_PLACEMENT_3D ( 'NONE', #725, #12574, #4736 ) ;
#10885 = VERTEX_POINT ( 'NONE', #2705 ) ;
#10886 = ORIENTED_EDGE ( 'NONE', *, *, #2731, .F. ) ;
#10887 = EDGE_LOOP ( 'NONE', ( #11567, #12596, #1876, #6209 ) ) ;
#10888 = FACE_OUTER_BOUND ( 'NONE', #5517, .T. ) ;
#10889 = DIRECTION ( 'NONE',  ( 0.000000000000000000, 1.000000000000000000, 0.000000000000000000 ) ) ;
#10890 = CARTESIAN_POINT ( 'NONE',  ( -11.90000000000000568, 21.25000000000000000, 35.20607966083855445 ) ) ;
#10891 = CARTESIAN_POINT ( 'NONE',  ( -14.90000000000000036, 1.388469777829607980E-13, 42.50000000000000000 ) ) ;
#10892 = AXIS2_PLACEMENT_3D ( 'NONE', #5446, #4458, #10664 ) ;
#10893 = DIRECTION ( 'NONE',  ( 7.592831564818957410E-18, 0.3826834323650886160, 0.9238795325112872936 ) ) ;
#10894 = ORIENTED_EDGE ( 'NONE', *, *, #4548, .F. ) ;
#10895 = VECTOR ( 'NONE', #8034, 1000.000000000000000 ) ;
#10896 = ADVANCED_FACE ( 'NONE', ( #12771 ), #2823, .F. ) ;
#10897 = EDGE_CURVE ( 'NONE', #11528, #2113, #3617, .T. ) ;
#10898 = CARTESIAN_POINT ( 'NONE',  ( -14.90000000000000036, -4.549007933082355345E-13, -40.90000000000000568 ) ) ;
#10899 = AXIS2_PLACEMENT_3D ( 'NONE', #11635, #7820, #2665 ) ;
#10900 = DIRECTION ( 'NONE',  ( 0.000000000000000000, 1.000000000000000000, 9.714451465470219441E-14 ) ) ;
#10901 = VERTEX_POINT ( 'NONE', #6573 ) ;
#10902 = FACE_BOUND ( 'NONE', #7615, .T. ) ;
#10903 = VERTEX_POINT ( 'NONE', #1715 ) ;
#10904 = AXIS2_PLACEMENT_3D ( 'NONE', #12483, #9468, #2474 ) ;
#10905 = AXIS2_PLACEMENT_3D ( 'NONE', #6571, #7730, #12704 ) ;
#10906 = CARTESIAN_POINT ( 'NONE',  ( -72.84391516214240880, -11.12054998285464080, 20.84216562833215036 ) ) ;
#10907 = ADVANCED_FACE ( 'NONE', ( #10557 ), #9630, .F. ) ;
#10908 = CIRCLE ( 'NONE', #6938, 1.299999999999999600 ) ;
#10909 = VERTEX_POINT ( 'NONE', #803 ) ;
#10910 = VERTEX_POINT ( 'NONE', #5726 ) ;
#10911 = DIRECTION ( 'NONE',  ( 1.000000000000000000, -6.705557021117060106E-18, -5.440889002481110112E-18 ) ) ;
#10912 = ORIENTED_EDGE ( 'NONE', *, *, #7016, .F. ) ;
#10913 = CYLINDRICAL_SURFACE ( 'NONE', #9221, 1.000000000000000000 ) ;
#10914 =( NAMED_UNIT ( * ) PLANE_ANGLE_UNIT ( ) SI_UNIT ( $, .RADIAN. ) );
#10915 = EDGE_CURVE ( 'NONE', #9462, #3474, #11604, .T. ) ;
#10916 = ORIENTED_EDGE ( 'NONE', *, *, #6611, .F. ) ;
#10917 = CARTESIAN_POINT ( 'NONE',  ( -73.59999999999999432, -12.84262542849756095, 16.68470773203140212 ) ) ;
#10918 = VECTOR ( 'NONE', #5210, 1000.000000000000000 ) ;
#10919 = CARTESIAN_POINT ( 'NONE',  ( 6.600000000000989964, -28.64026550785015246, -11.86318640331715990 ) ) ;
#10920 = VECTOR ( 'NONE', #9678, 1000.000000000000000 ) ;
#10921 = AXIS2_PLACEMENT_3D ( 'NONE', #1330, #7237, #8460 ) ;
#10922 = DIRECTION ( 'NONE',  ( 1.000000000000000000, -1.984102504227365030E-17, 0.000000000000000000 ) ) ;
#10923 = EDGE_CURVE ( 'NONE', #3374, #1606, #8778, .T. ) ;
#10924 = VERTEX_POINT ( 'NONE', #5598 ) ;
#10925 = ORIENTED_EDGE ( 'NONE', *, *, #2505, .T. ) ;
#10926 = ORIENTED_EDGE ( 'NONE', *, *, #11315, .T. ) ;
#10927 = DIRECTION ( 'NONE',  ( 0.000000000000000000, -0.9238795325112867385, 0.3826834323650899483 ) ) ;
#10928 = CIRCLE ( 'NONE', #8393, 2.049999999999999822 ) ;
#10929 = ORIENTED_EDGE ( 'NONE', *, *, #11193, .T. ) ;
#10930 = DIRECTION ( 'NONE',  ( -1.000000000000000000, 0.000000000000000000, 0.000000000000000000 ) ) ;
#10931 = EDGE_CURVE ( 'NONE', #1775, #4439, #2405, .T. ) ;
#10932 = AXIS2_PLACEMENT_3D ( 'NONE', #83, #3098, #350 ) ;
#10933 = FACE_OUTER_BOUND ( 'NONE', #6278, .T. ) ;
#10934 = DIRECTION ( 'NONE',  ( 0.000000000000000000, 0.8314696123025479002, 0.5555702330195982919 ) ) ;
#10935 = DIRECTION ( 'NONE',  ( 1.000000000000000000, -6.322502648911709143E-17, 9.462293898829198836E-17 ) ) ;
#10936 = ORIENTED_EDGE ( 'NONE', *, *, #1000, .F. ) ;
#10937 = DIRECTION ( 'NONE',  ( 1.000000000000000000, 0.000000000000000000, 0.000000000000000000 ) ) ;
#10938 = AXIS2_PLACEMENT_3D ( 'NONE', #2046, #3027, #3950 ) ;
#10939 = ADVANCED_FACE ( 'NONE', ( #733 ), #4810, .T. ) ;
#10940 = DIRECTION ( 'NONE',  ( 1.000000000000000000, -6.322502648911719004E-17, 9.462293898829198836E-17 ) ) ;
#10941 = ORIENTED_EDGE ( 'NONE', *, *, #1000, .T. ) ;
#10942 = VECTOR ( 'NONE', #10599, 1000.000000000000000 ) ;
#10943 = CYLINDRICAL_SURFACE ( 'NONE', #7689, 0.2999999999999999889 ) ;
#10944 = CARTESIAN_POINT ( 'NONE',  ( 17.60000000000000142, 20.21579751156104976, -23.05922919447499808 ) ) ;
#10946 = EDGE_CURVE ( 'NONE', #6474, #7769, #9830, .T. ) ;
#10945 = EDGE_LOOP ( 'NONE', ( #6723, #9392 ) ) ;
#10947 = CARTESIAN_POINT ( 'NONE',  ( -14.56873145130310654, -38.97114317029482322, 22.49999999999896261 ) ) ;
#10948 = CARTESIAN_POINT ( 'NONE',  ( 14.10000000000099973, -13.47997558521311845, -27.97056950121070074 ) ) ;
#10949 = FACE_OUTER_BOUND ( 'NONE', #6018, .T. ) ;
#10950 = DIRECTION ( 'NONE',  ( 0.000000000000000000, -0.9238795325112914014, 0.3826834323650783465 ) ) ;
#10951 = ORIENTED_EDGE ( 'NONE', *, *, #6538, .F. ) ;
#10952 = LINE ( 'NONE', #11866, #12136 ) ;
#10953 = EDGE_CURVE ( 'NONE', #8946, #2558, #103, .T. ) ;
#10954 = DIRECTION ( 'NONE',  ( -3.103811398048827676E-16, -1.000000000000000000, 0.000000000000000000 ) ) ;
#10955 = ORIENTED_EDGE ( 'NONE', *, *, #1992, .T. ) ;
#10956 = ORIENTED_EDGE ( 'NONE', *, *, #5352, .F. ) ;
#10957 = EDGE_LOOP ( 'NONE', ( #1887, #8060, #8843, #8832 ) ) ;
#10958 = LINE ( 'NONE', #10027, #7844 ) ;
#10959 = EDGE_CURVE ( 'NONE', #4429, #9067, #12579, .T. ) ;
#10960 = DIRECTION ( 'NONE',  ( -1.000000000000000000, 6.322502648911709143E-17, -9.462293898829198836E-17 ) ) ;
#10961 = FACE_OUTER_BOUND ( 'NONE', #9163, .T. ) ;
#10962 = CARTESIAN_POINT ( 'NONE',  ( -72.84391516214240880, 1.858705200746699981, -8.887842404795620155 ) ) ;
#10963 = PLANE ( 'NONE',  #5 ) ;
#10964 = ORIENTED_EDGE ( 'NONE', *, *, #1716, .T. ) ;
#10965 = DIRECTION ( 'NONE',  ( -6.264279228234968532E-17, 0.000000000000000000, 1.000000000000000000 ) ) ;
#10966 = LINE ( 'NONE', #5859, #10065 ) ;
#10967 = ADVANCED_FACE ( 'NONE', ( #1650 ), #4673, .T. ) ;
#10968 = CARTESIAN_POINT ( 'NONE',  ( -72.84391516214240880, -16.04946234676810235, 8.942718551623828560 ) ) ;
#10969 = ORIENTED_EDGE ( 'NONE', *, *, #4692, .F. ) ;
#10970 = FACE_OUTER_BOUND ( 'NONE', #2761, .T. ) ;
#10971 = ORIENTED_EDGE ( 'NONE', *, *, #257, .T. ) ;
#10972 = DIRECTION ( 'NONE',  ( 1.000000000000000000, 0.000000000000000000, 0.000000000000000000 ) ) ;
#10973 = VERTEX_POINT ( 'NONE', #3685 ) ;
#10974 = DIRECTION ( 'NONE',  ( -1.000000000000000000, -3.477373515934200049E-33, -6.022987596888519823E-33 ) ) ;
#10975 = DIRECTION ( 'NONE',  ( 0.000000000000000000, 0.000000000000000000, 1.000000000000000000 ) ) ;
#10976 = PLANE ( 'NONE',  #173 ) ;
#10977 = AXIS2_PLACEMENT_3D ( 'NONE', #840, #8820, #2084 ) ;
#10978 = FACE_OUTER_BOUND ( 'NONE', #10945, .T. ) ;
#10979 = AXIS2_PLACEMENT_3D ( 'NONE', #1896, #914, #8894 ) ;
#10980 = LINE ( 'NONE', #3843, #4765 ) ;
#10981 = EDGE_LOOP ( 'NONE', ( #8418, #6153 ) ) ;
#10982 = CIRCLE ( 'NONE', #1549, 1.850000000000000311 ) ;
#10983 = VERTEX_POINT ( 'NONE', #12639 ) ;
#10984 = CIRCLE ( 'NONE', #4504, 1.249999999999999334 ) ;
#10985 = EDGE_CURVE ( 'NONE', #1196, #11248, #7675, .T. ) ;
#10986 = VERTEX_POINT ( 'NONE', #12708 ) ;
#10987 = CARTESIAN_POINT ( 'NONE',  ( -63.51208468574660770, -3.081487911019577365E-30, -44.71208468574653239 ) ) ;
#10988 = CIRCLE ( 'NONE', #2826, 2.050000000000000711 ) ;
#10989 = ORIENTED_EDGE ( 'NONE', *, *, #730, .F. ) ;
#10990 = LINE ( 'NONE', #11965, #10783 ) ;
#10991 = AXIS2_PLACEMENT_3D ( 'NONE', #11864, #5965, #4002 ) ;
#10992 = ADVANCED_FACE ( 'NONE', ( #3272 ), #2228, .F. ) ;
#10993 = DIRECTION ( 'NONE',  ( 1.000000000000000000, -6.322502648911719004E-17, 9.462293898829198836E-17 ) ) ;
#10994 = CARTESIAN_POINT ( 'NONE',  ( -73.59999999999999432, -21.78925880358800171, -8.834064794321010439 ) ) ;
#10995 = VERTEX_POINT ( 'NONE', #12174 ) ;
#10996 = DIRECTION ( 'NONE',  ( 0.000000000000000000, -0.9238795325112872936, 0.3826834323650886160 ) ) ;
#10997 = AXIS2_PLACEMENT_3D ( 'NONE', #2338, #7062, #11184 ) ;
#10998 = VECTOR ( 'NONE', #4702, 999.9999999999998863 ) ;
#10999 = CIRCLE ( 'NONE', #10136, 0.2999999999999999889 ) ;
#11000 = CARTESIAN_POINT ( 'NONE',  ( -14.90000000000000036, -21.25000000000000000, 35.20607966083870366 ) ) ;
#11001 = VERTEX_POINT ( 'NONE', #10202 ) ;
#11002 = LINE ( 'NONE', #3263, #9857 ) ;
#11003 = AXIS2_PLACEMENT_3D ( 'NONE', #1240, #11212, #11396 ) ;
#11004 = CARTESIAN_POINT ( 'NONE',  ( -73.59999999999999432, 19.25717422854824790, -20.89387205478005427 ) ) ;
#11005 = ORIENTED_EDGE ( 'NONE', *, *, #12931, .F. ) ;
#11006 = DIRECTION ( 'NONE',  ( -1.000000000000000000, 6.322502648911719004E-17, -9.462293898829198836E-17 ) ) ;
#11007 = DIRECTION ( 'NONE',  ( -1.000000000000000000, 2.905650844594894626E-18, 7.014861676541880450E-18 ) ) ;
#11008 = VECTOR ( 'NONE', #1868, 1000.000000000000000 ) ;
#11009 = VECTOR ( 'NONE', #10495, 1000.000000000000114 ) ;
#11010 = ORIENTED_EDGE ( 'NONE', *, *, #1936, .F. ) ;
#11011 = CYLINDRICAL_SURFACE ( 'NONE', #4079, 1.850000000000001421 ) ;
#11012 = DIRECTION ( 'NONE',  ( -2.344629897975888641E-19, 0.6087614290087175473, -0.7933533402912376076 ) ) ;
#11013 = AXIS2_PLACEMENT_3D ( 'NONE', #9342, #7193, #5174 ) ;
#11014 = EDGE_LOOP ( 'NONE', ( #4304, #3148, #10393, #11179 ) ) ;
#11015 = FACE_OUTER_BOUND ( 'NONE', #3186, .T. ) ;
#11016 = DIRECTION ( 'NONE',  ( -1.000000000000000000, -0.000000000000000000, -0.000000000000000000 ) ) ;
#11017 = ORIENTED_EDGE ( 'NONE', *, *, #2291, .F. ) ;
#11018 = AXIS2_PLACEMENT_3D ( 'NONE', #5648, #10745, #4800 ) ;
#11019 = CIRCLE ( 'NONE', #2622, 1.850000000000000311 ) ;
#11021 = EDGE_CURVE ( 'NONE', #12556, #12577, #524, .T. ) ;
#11020 = CARTESIAN_POINT ( 'NONE',  ( -73.59999999999999432, -16.86080146833100102, 6.983972640662860165 ) ) ;
#11022 = VECTOR ( 'NONE', #12835, 1000.000000000000000 ) ;
#11023 = FACE_OUTER_BOUND ( 'NONE', #10573, .T. ) ;
#11024 = EDGE_CURVE ( 'NONE', #7149, #4678, #6357, .T. ) ;
#11025 = ORIENTED_EDGE ( 'NONE', *, *, #5157, .F. ) ;
#11026 = EDGE_CURVE ( 'NONE', #4925, #5705, #391, .T. ) ;
#11027 = AXIS2_PLACEMENT_3D ( 'NONE', #10419, #1638, #10483 ) ;
#11028 = EDGE_CURVE ( 'NONE', #2137, #12474, #10553, .T. ) ;
#11029 = TOROIDAL_SURFACE ( 'NONE', #1598, 6.500000000000000000, 2.000000000000000000 ) ;
#11030 = VERTEX_POINT ( 'NONE', #7136 ) ;
#11031 = DIRECTION ( 'NONE',  ( -4.112988807310479849E-18, -0.9238795325112876267, 0.3826834323650878389 ) ) ;
#11032 = ADVANCED_FACE ( 'NONE', ( #6095 ), #2197, .F. ) ;
#11033 = CARTESIAN_POINT ( 'NONE',  ( -72.84391516214240880, -11.43006468421165955, 7.029301389798390254 ) ) ;
#11034 = DIRECTION ( 'NONE',  ( -1.000000000000000000, 0.000000000000000000, 0.000000000000000000 ) ) ;
#11035 = DIRECTION ( 'NONE',  ( 0.000000000000000000, 0.9238795325112787449, -0.3826834323651089331 ) ) ;
#11036 = DIRECTION ( 'NONE',  ( -1.000000000000000000, 0.000000000000000000, 0.000000000000000000 ) ) ;
#11037 = ORIENTED_EDGE ( 'NONE', *, *, #2236, .F. ) ;
#11038 = DIRECTION ( 'NONE',  ( 1.000000000000000000, -6.705557021117060106E-18, -5.440889002481110112E-18 ) ) ;
#11039 = CIRCLE ( 'NONE', #12893, 1.849999999999998979 ) ;
#11040 = DIRECTION ( 'NONE',  ( 1.000000000000000000, 0.000000000000000000, 0.000000000000000000 ) ) ;
#11041 = ADVANCED_FACE ( 'NONE', ( #12108 ), #3333, .F. ) ;
#11042 = LINE ( 'NONE', #403, #11662 ) ;
#11043 = ORIENTED_EDGE ( 'NONE', *, *, #1006, .F. ) ;
#11044 = CARTESIAN_POINT ( 'NONE',  ( 17.54641016151380128, 28.64026550784845071, 11.86318640331580099 ) ) ;
#11045 = CARTESIAN_POINT ( 'NONE',  ( -14.56873145130310121, 6.009258394948520162E-15, -3.469446951953824420E-15 ) ) ;
#11046 = DIRECTION ( 'NONE',  ( 0.000000000000000000, -0.9238795325112874046, 0.3826834323650882275 ) ) ;
#11047 = VERTEX_POINT ( 'NONE', #10135 ) ;
#11048 = VECTOR ( 'NONE', #5642, 1000.000000000000000 ) ;
#11049 = CARTESIAN_POINT ( 'NONE',  ( -1.899999999999999911, -11.86318640331823993, 28.64026550784970127 ) ) ;
#11050 = EDGE_CURVE ( 'NONE', #3895, #1913, #5380, .T. ) ;
#11051 = ORIENTED_EDGE ( 'NONE', *, *, #3155, .F. ) ;
#11052 = EDGE_CURVE ( 'NONE', #10539, #12940, #4184, .T. ) ;
#11053 = CARTESIAN_POINT ( 'NONE',  ( -73.59999999999999432, -13.05319795599383959, 7.030399926151990719 ) ) ;
#11054 = DIRECTION ( 'NONE',  ( 1.000000000000000000, 0.000000000000000000, 0.000000000000000000 ) ) ;
#11055 = AXIS2_PLACEMENT_3D ( 'NONE', #8144, #1208, #11243 ) ;
#11056 = CIRCLE ( 'NONE', #2678, 34.90000000000001279 ) ;
#11057 = CARTESIAN_POINT ( 'NONE',  ( 14.09999999999999964, -32.53821878276129809, -1.027804931087479945 ) ) ;
#11058 = ORIENTED_EDGE ( 'NONE', *, *, #539, .F. ) ;
#11059 = ORIENTED_EDGE ( 'NONE', *, *, #10733, .T. ) ;
#11060 = VERTEX_POINT ( 'NONE', #5244 ) ;
#11061 = DIRECTION ( 'NONE',  ( 0.000000000000000000, -0.9238795325112789669, 0.3826834323651084890 ) ) ;
#11062 = ORIENTED_EDGE ( 'NONE', *, *, #6597, .T. ) ;
#11063 = PLANE ( 'NONE',  #538 ) ;
#11064 = AXIS2_PLACEMENT_3D ( 'NONE', #9816, #4591, #2624 ) ;
#11065 = CYLINDRICAL_SURFACE ( 'NONE', #5250, 34.89999999999999858 ) ;
#11066 = DIRECTION ( 'NONE',  ( 1.000000000000000000, 0.000000000000000000, 0.000000000000000000 ) ) ;
#11067 = VERTEX_POINT ( 'NONE', #9219 ) ;
#11068 = DIRECTION ( 'NONE',  ( 1.000000000000000000, 0.000000000000000000, 0.000000000000000000 ) ) ;
#11069 = CYLINDRICAL_SURFACE ( 'NONE', #7650, 1.249999999999985567 ) ;
#11070 = VERTEX_POINT ( 'NONE', #4387 ) ;
#11071 = EDGE_CURVE ( 'NONE', #12019, #8855, #10982, .T. ) ;
#11072 = CARTESIAN_POINT ( 'NONE',  ( 17.54641016151380128, 22.44967953216721668, 15.00039629152740339 ) ) ;
#11073 = DIRECTION ( 'NONE',  ( -1.000000000000000000, 1.001543065824855929E-16, -5.782411586590338538E-17 ) ) ;
#11074 = ORIENTED_EDGE ( 'NONE', *, *, #7492, .T. ) ;
#11075 = DIRECTION ( 'NONE',  ( 0.000000000000000000, 0.8314696123025481223, 0.5555702330195977368 ) ) ;
#11076 = DIRECTION ( 'NONE',  ( -3.103811398048827676E-16, -1.000000000000000000, 0.000000000000000000 ) ) ;
#11077 = DIRECTION ( 'NONE',  ( 1.000000000000000000, -6.322502648911709143E-17, 9.462293898829198836E-17 ) ) ;
#11078 = LINE ( 'NONE', #7920, #8487 ) ;
#11079 = DIRECTION ( 'NONE',  ( 0.000000000000000000, 0.4146932426562394691, -0.9099612708765428826 ) ) ;
#11080 = ADVANCED_FACE ( 'NONE', ( #6231 ), #4249, .F. ) ;
#11081 = CYLINDRICAL_SURFACE ( 'NONE', #2221, 1.600000000000000755 ) ;
#11082 = ORIENTED_EDGE ( 'NONE', *, *, #9631, .T. ) ;
#11083 = CARTESIAN_POINT ( 'NONE',  ( 6.599999999999999645, -32.24999999999998579, -1.089119198800293318E-12 ) ) ;
#11084 = CARTESIAN_POINT ( 'NONE',  ( -73.40000000000000568, 30.48802457287247947, -12.62855326804792000 ) ) ;
#11085 = DIRECTION ( 'NONE',  ( -1.000000000000000000, 0.000000000000000000, 0.000000000000000000 ) ) ;
#11086 = ORIENTED_EDGE ( 'NONE', *, *, #5224, .T. ) ;
#11087 = ORIENTED_EDGE ( 'NONE', *, *, #12042, .F. ) ;
#11088 = EDGE_CURVE ( 'NONE', #546, #1212, #7010, .T. ) ;
#11089 = DIRECTION ( 'NONE',  ( -7.592831564818951247E-18, -0.3826834323650886160, -0.9238795325112872936 ) ) ;
#11090 = DIRECTION ( 'NONE',  ( -1.000000000000000000, -2.638697247430395030E-33, -6.370378681743239884E-33 ) ) ;
#11091 = CARTESIAN_POINT ( 'NONE',  ( 17.10000000000000142, -1.578749275297414948E-12, -1.742439805832375052E-12 ) ) ;
#11092 = EDGE_CURVE ( 'NONE', #11390, #6258, #11274, .T. ) ;
#11093 = DIRECTION ( 'NONE',  ( 0.000000000000000000, -0.3826834323650878389, -0.9238795325112876267 ) ) ;
#11094 = FACE_BOUND ( 'NONE', #4140, .T. ) ;
#11095 = VERTEX_POINT ( 'NONE', #326 ) ;
#11096 = DIRECTION ( 'NONE',  ( 1.000000000000000000, 0.000000000000000000, 0.000000000000000000 ) ) ;
#11097 = EDGE_CURVE ( 'NONE', #6569, #12503, #4321, .T. ) ;
#11098 = CARTESIAN_POINT ( 'NONE',  ( 17.54641016151380128, 20.38209143402184864, 20.89250528569479926 ) ) ;
#11099 = EDGE_CURVE ( 'NONE', #1631, #12802, #4076, .T. ) ;
#11100 = VECTOR ( 'NONE', #3069, 1000.000000000000227 ) ;
#11101 = VERTEX_POINT ( 'NONE', #1107 ) ;
#11102 = FACE_OUTER_BOUND ( 'NONE', #3214, .T. ) ;
#11103 = AXIS2_PLACEMENT_3D ( 'NONE', #540, #9569, #1514 ) ;
#11104 = DIRECTION ( 'NONE',  ( -1.000000000000000000, 0.000000000000000000, 0.000000000000000000 ) ) ;
#11105 = VECTOR ( 'NONE', #6925, 1000.000000000000114 ) ;
#11106 = ORIENTED_EDGE ( 'NONE', *, *, #9795, .T. ) ;
#11107 = PLANE ( 'NONE',  #6927 ) ;
#11108 = CIRCLE ( 'NONE', #8997, 1.249999999999987121 ) ;
#11109 = ORIENTED_EDGE ( 'NONE', *, *, #2802, .T. ) ;
#11110 = LINE ( 'NONE', #894, #10631 ) ;
#11111 = DIRECTION ( 'NONE',  ( 1.000000000000000000, -1.463587357699565999E-16, 3.907477035584234487E-17 ) ) ;
#11112 = AXIS2_PLACEMENT_3D ( 'NONE', #6105, #5191, #4329 ) ;
#11113 = CIRCLE ( 'NONE', #7137, 44.71208468574654660 ) ;
#11114 = DIRECTION ( 'NONE',  ( 0.000000000000000000, 0.7933533402912362753, 0.6087614290087191016 ) ) ;
#11115 = VERTEX_POINT ( 'NONE', #5117 ) ;
#11116 = ORIENTED_EDGE ( 'NONE', *, *, #1750, .F. ) ;
#11117 = AXIS2_PLACEMENT_3D ( 'NONE', #1206, #5473, #12463 ) ;
#11118 = ORIENTED_EDGE ( 'NONE', *, *, #6458, .F. ) ;
#11119 = DIRECTION ( 'NONE',  ( 0.7071067811865479058, 0.6532814824381821817, -0.2705980500731119398 ) ) ;
#11120 = ORIENTED_EDGE ( 'NONE', *, *, #9925, .T. ) ;
#11121 = DIRECTION ( 'NONE',  ( 1.000000000000000000, 0.000000000000000000, 0.000000000000000000 ) ) ;
#11122 = ORIENTED_EDGE ( 'NONE', *, *, #7301, .T. ) ;
#11123 = CARTESIAN_POINT ( 'NONE',  ( -78.79999999999999716, -18.21942429292255383, -5.441973762750389909 ) ) ;
#11124 = ADVANCED_FACE ( 'NONE', ( #9087 ), #11140, .F. ) ;
#11125 = VECTOR ( 'NONE', #12101, 1000.000000000000000 ) ;
#11126 = CARTESIAN_POINT ( 'NONE',  ( 14.10000000000099973, -20.30352103488770155, 21.25061421014460095 ) ) ;
#11127 = EDGE_LOOP ( 'NONE', ( #7560, #9215 ) ) ;
#11128 = VECTOR ( 'NONE', #4395, 1000.000000000000000 ) ;
#11129 = ORIENTED_EDGE ( 'NONE', *, *, #12931, .T. ) ;
#11130 = DIRECTION ( 'NONE',  ( -1.000000000000000000, 0.000000000000000000, 0.000000000000000000 ) ) ;
#11131 = CIRCLE ( 'NONE', #5068, 4.500000000000000000 ) ;
#11132 = DIRECTION ( 'NONE',  ( 0.000000000000000000, 0.8314696123025481223, 0.5555702330195977368 ) ) ;
#11133 = VERTEX_POINT ( 'NONE', #8497 ) ;
#11134 = DIRECTION ( 'NONE',  ( -0.7071067811865291430, 0.000000000000000000, -0.7071067811865660024 ) ) ;
#11135 = LINE ( 'NONE', #6155, #1462 ) ;
#11136 = ORIENTED_EDGE ( 'NONE', *, *, #5544, .F. ) ;
#11137 = CIRCLE ( 'NONE', #9027, 1.750000000000001110 ) ;
#11138 = CARTESIAN_POINT ( 'NONE',  ( -56.21032168798580386, -16.41245993916304968, 13.29261670046076027 ) ) ;
#11139 = CONICAL_SURFACE ( 'NONE', #8817, 1.850000000000001421, 1.308996938995719006 ) ;
#11140 = PLANE ( 'NONE',  #6590 ) ;
#11141 = ADVANCED_FACE ( 'NONE', ( #7515 ), #2675, .F. ) ;
#11142 = DIRECTION ( 'NONE',  ( -1.000000000000000000, 1.001543065824886127E-16, 5.782411586589632261E-17 ) ) ;
#11143 = CARTESIAN_POINT ( 'NONE',  ( 6.599999999999999645, -11.86318640331823993, 28.64026550784970127 ) ) ;
#11144 = FACE_BOUND ( 'NONE', #3004, .T. ) ;
#11145 = VECTOR ( 'NONE', #12192, 1000.000000000000000 ) ;
#11146 = CARTESIAN_POINT ( 'NONE',  ( -11.90000000000001101, -21.25000000000000000, 36.80607966083870508 ) ) ;
#11147 = EDGE_LOOP ( 'NONE', ( #7627, #9980, #5271, #3563 ) ) ;
#11148 = CARTESIAN_POINT ( 'NONE',  ( -73.59999999999999432, -16.86080146833100102, 6.983972640662860165 ) ) ;
#11149 = VECTOR ( 'NONE', #3593, 1000.000000000000000 ) ;
#11150 = CARTESIAN_POINT ( 'NONE',  ( -78.79999999999999716, -19.36747459001779958, -8.213612360284249903 ) ) ;
#11151 = EDGE_LOOP ( 'NONE', ( #10674, #11218 ) ) ;
#11152 = DIRECTION ( 'NONE',  ( -1.000000000000000000, -2.638697247430395030E-33, -6.370378681743239884E-33 ) ) ;
#11153 = EDGE_LOOP ( 'NONE', ( #11843, #7891, #8747, #7591, #8825 ) ) ;
#11154 = ADVANCED_FACE ( 'NONE', ( #1545 ), #7391, .F. ) ;
#11155 = VERTEX_POINT ( 'NONE', #6547 ) ;
#11156 = VERTEX_POINT ( 'NONE', #12360 ) ;
#11157 = DIRECTION ( 'NONE',  ( 0.000000000000000000, -0.9238795325112789669, 0.3826834323651084890 ) ) ;
#11158 = CARTESIAN_POINT ( 'NONE',  ( 17.60000000000000142, -11.86318640331978003, -28.64026550785144920 ) ) ;
#11159 = CARTESIAN_POINT ( 'NONE',  ( -73.40000000000000568, -30.48802457287265710, 12.62855326804760381 ) ) ;
#11160 = EDGE_CURVE ( 'NONE', #10571, #4439, #939, .T. ) ;
#11161 = DIRECTION ( 'NONE',  ( 0.000000000000000000, -0.3826834323650881720, -0.9238795325112874046 ) ) ;
#11162 = FACE_BOUND ( 'NONE', #8779, .T. ) ;
#11163 = EDGE_LOOP ( 'NONE', ( #381, #3322, #8157, #12398 ) ) ;
#11164 = DIRECTION ( 'NONE',  ( 0.2588190451025353389, 0.8031379722975865443, 0.5366396363910637124 ) ) ;
#11165 = DIRECTION ( 'NONE',  ( 1.000000000000000000, 0.000000000000000000, 0.000000000000000000 ) ) ;
#11166 = ORIENTED_EDGE ( 'NONE', *, *, #11326, .F. ) ;
#11167 = DIRECTION ( 'NONE',  ( -1.000000000000000000, 0.000000000000000000, 0.000000000000000000 ) ) ;
#11168 = CARTESIAN_POINT ( 'NONE',  ( -1.899999999999999911, -27.39026550785025194, 11.86318640331711904 ) ) ;
#11169 = DIRECTION ( 'NONE',  ( 0.000000000000000000, 1.000000000000000000, 9.714451465470228276E-14 ) ) ;
#11170 = ORIENTED_EDGE ( 'NONE', *, *, #378, .F. ) ;
#11171 = PRODUCT_RELATED_PRODUCT_CATEGORY ( 'part', '', ( #7731 ) ) ;
#11172 = CARTESIAN_POINT ( 'NONE',  ( -72.84391516214240880, -17.64539914437489898, -4.056154463983459912 ) ) ;
#11173 = ORIENTED_EDGE ( 'NONE', *, *, #7144, .T. ) ;
#11174 = CARTESIAN_POINT ( 'NONE',  ( 17.54641016151380128, -11.86318640331978003, -28.64026550785144920 ) ) ;
#11175 = DIRECTION ( 'NONE',  ( 0.000000000000000000, 1.000000000000000000, 9.592326932761342412E-14 ) ) ;
#11176 = DIRECTION ( 'NONE',  ( -7.592831564818951247E-18, -0.3826834323650886160, -0.9238795325112872936 ) ) ;
#11177 = VERTEX_POINT ( 'NONE', #12488 ) ;
#11178 = EDGE_CURVE ( 'NONE', #6999, #4920, #10659, .T. ) ;
#11179 = ORIENTED_EDGE ( 'NONE', *, *, #8215, .F. ) ;
#11180 = ORIENTED_EDGE ( 'NONE', *, *, #7388, .T. ) ;
#11181 = PLANE ( 'NONE',  #7024 ) ;
#11182 = EDGE_CURVE ( 'NONE', #12343, #6524, #9408, .T. ) ;
#11183 = ORIENTED_EDGE ( 'NONE', *, *, #12301, .T. ) ;
#11184 = DIRECTION ( 'NONE',  ( 0.000000000000000000, 1.000000000000000000, 0.000000000000000000 ) ) ;
#11185 = EDGE_LOOP ( 'NONE', ( #12791, #5042, #2044, #2387 ) ) ;
#11186 = EDGE_CURVE ( 'NONE', #7638, #11706, #455, .T. ) ;
#11187 = CARTESIAN_POINT ( 'NONE',  ( -59.50000000000000000, 21.92031021678160130, 21.92031021678105063 ) ) ;
#11188 = EDGE_CURVE ( 'NONE', #3084, #2392, #10463, .T. ) ;
#11189 = DIRECTION ( 'NONE',  ( 1.000000000000000000, 0.000000000000000000, 0.000000000000000000 ) ) ;
#11190 = ORIENTED_EDGE ( 'NONE', *, *, #4616, .T. ) ;
#11191 = EDGE_LOOP ( 'NONE', ( #1090, #5867, #11576, #4299 ) ) ;
#11192 = CARTESIAN_POINT ( 'NONE',  ( -72.84391516214240880, -12.81542895432216156, 3.684736180070494527 ) ) ;
#11193 = EDGE_CURVE ( 'NONE', #6337, #10174, #12852, .T. ) ;
#11194 = LINE ( 'NONE', #7384, #10375 ) ;
#11195 = ORIENTED_EDGE ( 'NONE', *, *, #4215, .F. ) ;
#11196 = DIRECTION ( 'NONE',  ( -4.112988807310478308E-18, -0.9238795325112874046, 0.3826834323650881720 ) ) ;
#11197 = CARTESIAN_POINT ( 'NONE',  ( 14.10000000000099973, -31.00000000000000000, 7.424616477180739413E-13 ) ) ;
#11198 = ORIENTED_EDGE ( 'NONE', *, *, #12182, .F. ) ;
#11199 = ADVANCED_FACE ( 'NONE', ( #6422 ), #6676, .F. ) ;
#11200 = VECTOR ( 'NONE', #7053, 1000.000000000000000 ) ;
#11201 = AXIS2_PLACEMENT_3D ( 'NONE', #9348, #580, #453 ) ;
#11202 = DIRECTION ( 'NONE',  ( 0.000000000000000000, -0.9238795325112872936, 0.3826834323650886160 ) ) ;
#11203 = DIRECTION ( 'NONE',  ( 0.000000000000000000, 1.000000000000000000, 9.592326932761342412E-14 ) ) ;
#11204 = AXIS2_PLACEMENT_3D ( 'NONE', #6994, #10930, #7966 ) ;
#11205 = AXIS2_PLACEMENT_3D ( 'NONE', #4144, #2174, #6177 ) ;
#11206 = CIRCLE ( 'NONE', #9309, 44.90000000000000568 ) ;
#11207 = CARTESIAN_POINT ( 'NONE',  ( 14.09999999999999964, -23.45852899954414994, 20.89250528569510124 ) ) ;
#11208 = DIRECTION ( 'NONE',  ( -1.000000000000000000, 1.067925513466053880E-16, -6.551204957150059656E-17 ) ) ;
#11209 = DIRECTION ( 'NONE',  ( 0.000000000000000000, 1.000000000000000000, 9.575673587392073611E-14 ) ) ;
#11210 = EDGE_CURVE ( 'NONE', #9997, #3118, #9507, .T. ) ;
#11211 = AXIS2_PLACEMENT_3D ( 'NONE', #11930, #4812, #5917 ) ;
#11212 = DIRECTION ( 'NONE',  ( 4.112988807310475997E-18, 0.9238795325112874046, -0.3826834323650881720 ) ) ;
#11213 = EDGE_LOOP ( 'NONE', ( #9968, #2888, #9194 ) ) ;
#11214 = AXIS2_PLACEMENT_3D ( 'NONE', #2817, #990, #11921 ) ;
#11215 = DIRECTION ( 'NONE',  ( 0.000000000000000000, -0.9238795325112872936, 0.3826834323650886160 ) ) ;
#11216 = CARTESIAN_POINT ( 'NONE',  ( -72.59999999999999432, 3.741613255359889756, 2.500066048586444545 ) ) ;
#11217 = VECTOR ( 'NONE', #9527, 1000.000000000000227 ) ;
#11218 = ORIENTED_EDGE ( 'NONE', *, *, #574, .F. ) ;
#11219 = VECTOR ( 'NONE', #10543, 1000.000000000000000 ) ;
#11220 = CARTESIAN_POINT ( 'NONE',  ( 14.10000000000099973, -13.39392013277882043, -32.33578363789474963 ) ) ;
#11221 = VERTEX_POINT ( 'NONE', #8555 ) ;
#11222 = CIRCLE ( 'NONE', #9524, 2.050000000000002043 ) ;
#11223 = AXIS2_PLACEMENT_3D ( 'NONE', #5567, #12614, #10531 ) ;
#11224 = EDGE_LOOP ( 'NONE', ( #4242, #377, #12874, #11017 ) ) ;
#11225 = DIRECTION ( 'NONE',  ( 0.000000000000000000, -0.9238795325112872936, 0.3826834323650886160 ) ) ;
#11226 = FACE_OUTER_BOUND ( 'NONE', #3635, .T. ) ;
#11227 = CARTESIAN_POINT ( 'NONE',  ( -15.10000000000000497, -44.89999999999997016, -1.613449559678730790E-13 ) ) ;
#11228 = VECTOR ( 'NONE', #8383, 999.9999999999998863 ) ;
#11229 = VECTOR ( 'NONE', #3380, 1000.000000000000114 ) ;
#11230 = VECTOR ( 'NONE', #3041, 1000.000000000000000 ) ;
#11231 = DIRECTION ( 'NONE',  ( 0.000000000000000000, 0.000000000000000000, 1.000000000000000000 ) ) ;
#11232 = ORIENTED_EDGE ( 'NONE', *, *, #3933, .F. ) ;
#11233 = DIRECTION ( 'NONE',  ( 2.170249086492576043E-18, -0.4146932426562366936, 0.9099612708765444369 ) ) ;
#11234 = ADVANCED_FACE ( 'NONE', ( #4514, #10402 ), #3458, .F. ) ;
#11235 = DIRECTION ( 'NONE',  ( -1.000000000000000000, -3.477373515934200049E-33, 0.000000000000000000 ) ) ;
#11236 = EDGE_CURVE ( 'NONE', #7761, #2342, #3873, .T. ) ;
#11237 = ORIENTED_EDGE ( 'NONE', *, *, #7209, .F. ) ;
#11238 = DIRECTION ( 'NONE',  ( 0.000000000000000000, -0.3826834323650878389, -0.9238795325112876267 ) ) ;
#11239 = CARTESIAN_POINT ( 'NONE',  ( 6.600000000000989964, -9.540979117872440597E-15, 0.000000000000000000 ) ) ;
#11240 = DIRECTION ( 'NONE',  ( 6.705557021117060106E-18, 1.000000000000000000, -3.648419145170580376E-35 ) ) ;
#11241 = DIRECTION ( 'NONE',  ( 1.000000000000000000, -1.984102504227365030E-17, 0.000000000000000000 ) ) ;
#11242 = ORIENTED_EDGE ( 'NONE', *, *, #9012, .F. ) ;
#11243 = DIRECTION ( 'NONE',  ( 3.103811398048827676E-16, 1.000000000000000000, 0.000000000000000000 ) ) ;
#11245 = EDGE_CURVE ( 'NONE', #6330, #10713, #1620, .T. ) ;
#11244 = PLANE ( 'NONE',  #9298 ) ;
#11246 = CARTESIAN_POINT ( 'NONE',  ( -73.59999999999999432, 3.867335401227069980, 1.762446281289820060 ) ) ;
#11247 = EDGE_LOOP ( 'NONE', ( #5885, #2171, #12736, #4598 ) ) ;
#11248 = VERTEX_POINT ( 'NONE', #11648 ) ;
#11249 = CIRCLE ( 'NONE', #4553, 44.71208468574654660 ) ;
#11250 = ORIENTED_EDGE ( 'NONE', *, *, #2076, .T. ) ;
#11251 = PLANE ( 'NONE',  #11627 ) ;
#11252 = ORIENTED_EDGE ( 'NONE', *, *, #1364, .F. ) ;
#11253 = ORIENTED_EDGE ( 'NONE', *, *, #931, .F. ) ;
#11254 = CARTESIAN_POINT ( 'NONE',  ( 5.599999999999999645, 36.80607966083849902, -22.84999999999999787 ) ) ;
#11255 = ORIENTED_EDGE ( 'NONE', *, *, #12053, .T. ) ;
#11256 = DIRECTION ( 'NONE',  ( 0.000000000000000000, 0.000000000000000000, 1.000000000000000000 ) ) ;
#11257 = ADVANCED_FACE ( 'NONE', ( #9603, #1487 ), #8625, .T. ) ;
#11258 = ORIENTED_EDGE ( 'NONE', *, *, #3757, .T. ) ;
#11259 = ORIENTED_EDGE ( 'NONE', *, *, #8816, .F. ) ;
#11260 = ADVANCED_FACE ( 'NONE', ( #7643 ), #1784, .T. ) ;
#11261 = CYLINDRICAL_SURFACE ( 'NONE', #10236, 1.849999999999998979 ) ;
#11262 = AXIS2_PLACEMENT_3D ( 'NONE', #87, #5800, #12782 ) ;
#11263 = DIRECTION ( 'NONE',  ( -1.000000000000000000, 2.158025383142854858E-16, -5.782411586590619570E-17 ) ) ;
#11264 = AXIS2_PLACEMENT_3D ( 'NONE', #9619, #11537, #10613 ) ;
#11265 = CARTESIAN_POINT ( 'NONE',  ( -68.79999999999999716, -19.94149973856539759, -9.599431659051191446 ) ) ;
#11266 = LINE ( 'NONE', #8168, #4611 ) ;
#11267 = EDGE_CURVE ( 'NONE', #9567, #7332, #2417, .T. ) ;
#11268 = ORIENTED_EDGE ( 'NONE', *, *, #1126, .F. ) ;
#11269 = EDGE_CURVE ( 'NONE', #7625, #10569, #10990, .T. ) ;
#11270 = VECTOR ( 'NONE', #7708, 1000.000000000000000 ) ;
#11271 = ORIENTED_EDGE ( 'NONE', *, *, #11340, .F. ) ;
#11272 = DIRECTION ( 'NONE',  ( -1.000000000000000000, 0.000000000000000000, 0.000000000000000000 ) ) ;
#11273 = CONICAL_SURFACE ( 'NONE', #4362, 1.849999999999998090, 1.308996938995746318 ) ;
#11274 = LINE ( 'NONE', #8235, #9712 ) ;
#11275 = DIRECTION ( 'NONE',  ( -1.000000000000000000, 6.705557021117060106E-18, 5.440889002481110112E-18 ) ) ;
#11276 = LINE ( 'NONE', #268, #8709 ) ;
#11277 = DIRECTION ( 'NONE',  ( 0.000000000000000000, 0.000000000000000000, 1.000000000000000000 ) ) ;
#11278 = EDGE_CURVE ( 'NONE', #12276, #10901, #6737, .T. ) ;
#11279 = DIRECTION ( 'NONE',  ( -1.000000000000000000, 4.451867004922774877E-18, 0.000000000000000000 ) ) ;
#11280 = EDGE_LOOP ( 'NONE', ( #10770, #10026, #1337, #1691 ) ) ;
#11281 = VECTOR ( 'NONE', #6599, 1000.000000000000000 ) ;
#11282 = DIRECTION ( 'NONE',  ( -1.000000000000000000, 6.705557021117060106E-18, 5.440889002481110112E-18 ) ) ;
#11283 = ADVANCED_FACE ( 'NONE', ( #4981 ), #10729, .F. ) ;
#11284 = CARTESIAN_POINT ( 'NONE',  ( 14.09999999999999964, -13.40140518607891984, 27.61246057676195420 ) ) ;
#11285 = ORIENTED_EDGE ( 'NONE', *, *, #10719, .F. ) ;
#11286 = CARTESIAN_POINT ( 'NONE',  ( -72.84391516214240880, 16.45319649855035138, -14.22213294262751937 ) ) ;
#11287 = DIRECTION ( 'NONE',  ( 1.000000000000000000, -6.322502648911719004E-17, 9.462293898829198836E-17 ) ) ;
#11288 = ORIENTED_EDGE ( 'NONE', *, *, #11595, .F. ) ;
#11289 = DIRECTION ( 'NONE',  ( 0.000000000000000000, 0.8660254037844453689, 0.4999999999999882871 ) ) ;
#11290 = CYLINDRICAL_SURFACE ( 'NONE', #5715, 1.750000000000001332 ) ;
#11291 = LINE ( 'NONE', #3543, #130 ) ;
#11292 = DIRECTION ( 'NONE',  ( 1.000000000000000000, 0.000000000000000000, 0.000000000000000000 ) ) ;
#11293 = ADVANCED_FACE ( 'NONE', ( #2998 ), #9517, .T. ) ;
#11294 = DIRECTION ( 'NONE',  ( 0.000000000000000000, -0.9238795325112789669, 0.3826834323651084890 ) ) ;
#11295 = ORIENTED_EDGE ( 'NONE', *, *, #8117, .T. ) ;
#11296 = CARTESIAN_POINT ( 'NONE',  ( -1.899999999999999911, 23.17031021678110037, 21.92031021678494795 ) ) ;
#11297 = DIRECTION ( 'NONE',  ( 1.000000000000000000, 0.000000000000000000, 0.000000000000000000 ) ) ;
#11298 = ORIENTED_EDGE ( 'NONE', *, *, #2179, .T. ) ;
#11299 = DIRECTION ( 'NONE',  ( 1.000000000000000000, -1.067925513466054003E-16, 6.551204957150059656E-17 ) ) ;
#11300 = DIRECTION ( 'NONE',  ( 1.000000000000000000, -2.905650844594894626E-18, -7.014861676541880450E-18 ) ) ;
#11301 = CARTESIAN_POINT ( 'NONE',  ( 0.000000000000000000, 0.000000000000000000, 0.000000000000000000 ) ) ;
#11302 = ADVANCED_FACE ( 'NONE', ( #2800 ), #1751, .F. ) ;
#11303 = CARTESIAN_POINT ( 'NONE',  ( -73.59999999999999432, -12.96830904787720051, 21.60753249306235091 ) ) ;
#11304 = ADVANCED_FACE ( 'NONE', ( #3921 ), #10860, .F. ) ;
#11305 = ORIENTED_EDGE ( 'NONE', *, *, #7335, .T. ) ;
#11306 = DIRECTION ( 'NONE',  ( 1.000000000000000000, 0.000000000000000000, -6.123233995737139512E-17 ) ) ;
#11307 = AXIS2_PLACEMENT_3D ( 'NONE', #5665, #9639, #8652 ) ;
#11308 = CARTESIAN_POINT ( 'NONE',  ( -1.899999999999999911, 29.89026550784889835, 11.86318640332019925 ) ) ;
#11309 = ORIENTED_EDGE ( 'NONE', *, *, #7054, .T. ) ;
#11310 = ORIENTED_EDGE ( 'NONE', *, *, #11, .F. ) ;
#11311 = CIRCLE ( 'NONE', #10044, 1.599999999999997202 ) ;
#11312 = EDGE_LOOP ( 'NONE', ( #12688, #7180, #5277, #10578 ) ) ;
#11313 = DIRECTION ( 'NONE',  ( 1.000000000000000000, -6.322502648911709143E-17, 9.462293898829198836E-17 ) ) ;
#11314 = VECTOR ( 'NONE', #1470, 1000.000000000000000 ) ;
#11315 = EDGE_CURVE ( 'NONE', #3962, #12019, #5758, .T. ) ;
#11316 = VERTEX_POINT ( 'NONE', #10796 ) ;
#11317 = VERTEX_POINT ( 'NONE', #3978 ) ;
#11318 = DIRECTION ( 'NONE',  ( 0.000000000000000000, 1.000000000000000000, 0.000000000000000000 ) ) ;
#11319 = EDGE_LOOP ( 'NONE', ( #8580, #1939 ) ) ;
#11320 = CYLINDRICAL_SURFACE ( 'NONE', #1900, 44.90000000000000568 ) ;
#11321 = ORIENTED_EDGE ( 'NONE', *, *, #3250, .T. ) ;
#11322 = CARTESIAN_POINT ( 'NONE',  ( -14.90000000000000036, 21.24999999999965183, -36.80607966083884719 ) ) ;
#11323 = AXIS2_PLACEMENT_3D ( 'NONE', #2613, #6620, #11656 ) ;
#11324 = CARTESIAN_POINT ( 'NONE',  ( -73.59999999999999432, -13.62722310454145891, 5.644580627385050065 ) ) ;
#11325 = VECTOR ( 'NONE', #3167, 1000.000000000000000 ) ;
#11326 = EDGE_CURVE ( 'NONE', #10647, #12803, #4846, .T. ) ;
#11327 = DIRECTION ( 'NONE',  ( -1.000000000000000000, 2.905650844594894626E-18, 7.014861676541880450E-18 ) ) ;
#11328 = AXIS2_PLACEMENT_3D ( 'NONE', #4968, #7947, #4030 ) ;
#11329 = LINE ( 'NONE', #4314, #4837 ) ;
#11330 = EDGE_LOOP ( 'NONE', ( #3948, #4610 ) ) ;
#11331 = EDGE_CURVE ( 'NONE', #7602, #10012, #2835, .T. ) ;
#11332 = ORIENTED_EDGE ( 'NONE', *, *, #11943, .F. ) ;
#11333 = DIRECTION ( 'NONE',  ( 1.000000000000000000, -6.322502648911709143E-17, 9.462293898829198836E-17 ) ) ;
#11334 = AXIS2_PLACEMENT_3D ( 'NONE', #3389, #7684, #1794 ) ;
#11335 = CARTESIAN_POINT ( 'NONE',  ( -78.79999999999999716, -22.17194223595310021, -9.757944326832300064 ) ) ;
#11336 = CONICAL_SURFACE ( 'NONE', #7147, 1.249999999999987121, 1.029744258676652313 ) ;
#11337 = CIRCLE ( 'NONE', #1701, 0.3000000000000003775 ) ;
#11338 = CARTESIAN_POINT ( 'NONE',  ( -72.84391516214240880, 7.024931537675390025, 3.584531284106760030 ) ) ;
#11339 = CARTESIAN_POINT ( 'NONE',  ( 17.54641016151380128, 29.46178121723869836, -1.027804931088306173 ) ) ;
#11340 = EDGE_CURVE ( 'NONE', #110, #11001, #8687, .T. ) ;
#11341 = DIRECTION ( 'NONE',  ( 1.000000000000000000, -1.067925513466054003E-16, 6.551204957150059656E-17 ) ) ;
#11342 = DIRECTION ( 'NONE',  ( 1.000000000000000000, -6.322502648911719004E-17, 9.462293898829198836E-17 ) ) ;
#11343 = EDGE_LOOP ( 'NONE', ( #12870, #767, #1871, #811 ) ) ;
#11344 = CARTESIAN_POINT ( 'NONE',  ( 6.599999999999999645, 23.17031021678110037, 21.92031021678494795 ) ) ;
#11345 = DIRECTION ( 'NONE',  ( 1.000000000000000000, 0.000000000000000000, 0.000000000000000000 ) ) ;
#11346 = VERTEX_POINT ( 'NONE', #8815 ) ;
#11347 = CIRCLE ( 'NONE', #5076, 44.90000000000000568 ) ;
#11348 = DIRECTION ( 'NONE',  ( 0.000000000000000000, -0.8314696123025475671, -0.5555702330195986249 ) ) ;
#11349 = EDGE_CURVE ( 'NONE', #2895, #6999, #5552, .T. ) ;
#11350 = LINE ( 'NONE', #10344, #6199 ) ;
#11351 = ORIENTED_EDGE ( 'NONE', *, *, #12482, .T. ) ;
#11352 = PLANE ( 'NONE',  #7280 ) ;
#11353 = PLANE ( 'NONE',  #4031 ) ;
#11354 = FACE_OUTER_BOUND ( 'NONE', #5194, .T. ) ;
#11355 = FACE_OUTER_BOUND ( 'NONE', #880, .T. ) ;
#11356 = EDGE_CURVE ( 'NONE', #3502, #12940, #11707, .T. ) ;
#11357 = CIRCLE ( 'NONE', #10506, 1.299999999999999600 ) ;
#11358 = DIRECTION ( 'NONE',  ( 1.000000000000000000, -1.984102504227365030E-17, 0.000000000000000000 ) ) ;
#11359 = VERTEX_POINT ( 'NONE', #8950 ) ;
#11360 = DIRECTION ( 'NONE',  ( 1.000000000000000000, 0.000000000000000000, 0.000000000000000000 ) ) ;
#11361 = DIRECTION ( 'NONE',  ( 4.112988807310472916E-18, 0.9238795325112876267, -0.3826834323650878389 ) ) ;
#11362 = AXIS2_PLACEMENT_3D ( 'NONE', #8063, #12063, #3096 ) ;
#11363 = ORIENTED_EDGE ( 'NONE', *, *, #5027, .F. ) ;
#11364 = ADVANCED_FACE ( 'NONE', ( #7833 ), #2870, .F. ) ;
#11365 = VECTOR ( 'NONE', #7970, 999.9999999999998863 ) ;
#11366 = CARTESIAN_POINT ( 'NONE',  ( -78.79999999999999716, -16.13389622622829833, -9.553004373562060891 ) ) ;
#11367 = CARTESIAN_POINT ( 'NONE',  ( -73.09999999999999432, 31.78145591838842066, -13.16431007335868486 ) ) ;
#11368 = DIRECTION ( 'NONE',  ( 1.000000000000000000, 0.000000000000000000, 0.000000000000000000 ) ) ;
#11369 = ORIENTED_EDGE ( 'NONE', *, *, #9084, .F. ) ;
#11370 = EDGE_CURVE ( 'NONE', #9710, #3018, #12941, .T. ) ;
#11371 = DIRECTION ( 'NONE',  ( 1.000000000000000000, 0.000000000000000000, 0.000000000000000000 ) ) ;
#11372 = DIRECTION ( 'NONE',  ( 1.000000000000000000, -6.322502648911709143E-17, 9.462293898829198836E-17 ) ) ;
#11373 = VERTEX_POINT ( 'NONE', #8877 ) ;
#11374 = VERTEX_POINT ( 'NONE', #5946 ) ;
#11375 = ORIENTED_EDGE ( 'NONE', *, *, #4548, .T. ) ;
#11376 = CYLINDRICAL_SURFACE ( 'NONE', #10785, 1.600000000000000089 ) ;
#11377 = ORIENTED_EDGE ( 'NONE', *, *, #3388, .T. ) ;
#11378 = EDGE_LOOP ( 'NONE', ( #3584, #7344, #11853, #1820 ) ) ;
#11379 = DIRECTION ( 'NONE',  ( -0.7071067811865598962, 0.6532814824381802943, -0.2705980500730856830 ) ) ;
#11380 = VERTEX_POINT ( 'NONE', #9931 ) ;
#11381 = FACE_OUTER_BOUND ( 'NONE', #11388, .T. ) ;
#11382 = ORIENTED_EDGE ( 'NONE', *, *, #8215, .T. ) ;
#11383 = CYLINDRICAL_SURFACE ( 'NONE', #8151, 1.749999999999999556 ) ;
#11384 = DIRECTION ( 'NONE',  ( 0.000000000000000000, 1.000000000000000000, 9.575673587392073611E-14 ) ) ;
#11385 = DIRECTION ( 'NONE',  ( 1.000000000000000000, 0.000000000000000000, 0.000000000000000000 ) ) ;
#11386 = ADVANCED_FACE ( 'NONE', ( #4237, #10317 ), #7308, .T. ) ;
#11387 = DIRECTION ( 'NONE',  ( 1.000000000000000000, -2.905650844594894626E-18, -7.014861676541880450E-18 ) ) ;
#11388 = EDGE_LOOP ( 'NONE', ( #3572, #3611, #6264, #9193 ) ) ;
#11389 = EDGE_CURVE ( 'NONE', #7613, #4641, #6214, .T. ) ;
#11390 = VERTEX_POINT ( 'NONE', #9200 ) ;
#11391 = CARTESIAN_POINT ( 'NONE',  ( 6.600000000000989964, -27.02347632595486004, 11.19349039667953782 ) ) ;
#11392 = DIRECTION ( 'NONE',  ( 4.112988807310475227E-18, 0.9238795325112871826, -0.3826834323650885605 ) ) ;
#11393 = DIRECTION ( 'NONE',  ( -8.632079425444802531E-18, -0.7933533402912363863, -0.6087614290087192126 ) ) ;
#11394 = CARTESIAN_POINT ( 'NONE',  ( 14.10000000000099973, 21.92031021678225144, -21.92031021678365121 ) ) ;
#11395 = CYLINDRICAL_SURFACE ( 'NONE', #5505, 1.750000000000001110 ) ;
#11396 = DIRECTION ( 'NONE',  ( -1.000000000000000000, 0.000000000000000000, -1.074775770116589937E-17 ) ) ;
#11397 = ORIENTED_EDGE ( 'NONE', *, *, #5345, .F. ) ;
#11398 = LINE ( 'NONE', #12554, #9844 ) ;
#11399 = CIRCLE ( 'NONE', #8657, 1.850000000000001865 ) ;
#11400 = VECTOR ( 'NONE', #7320, 1000.000000000000000 ) ;
#11401 = LINE ( 'NONE', #2488, #3371 ) ;
#11402 = ORIENTED_EDGE ( 'NONE', *, *, #9325, .T. ) ;
#11403 = DIRECTION ( 'NONE',  ( 0.000000000000000000, 0.8314696123025475671, 0.5555702330195986249 ) ) ;
#11404 = LINE ( 'NONE', #2688, #3465 ) ;
#11405 = AXIS2_PLACEMENT_3D ( 'NONE', #9573, #10824, #609 ) ;
#11406 = AXIS2_PLACEMENT_3D ( 'NONE', #7092, #217, #18 ) ;
#11407 = ORIENTED_EDGE ( 'NONE', *, *, #9803, .T. ) ;
#11408 = CYLINDRICAL_SURFACE ( 'NONE', #7049, 34.89999999999999858 ) ;
#11409 = AXIS2_PLACEMENT_3D ( 'NONE', #6266, #8214, #99 ) ;
#11410 = CARTESIAN_POINT ( 'NONE',  ( 14.09999999999999964, 28.64026550784845071, 11.86318640331580099 ) ) ;
#11411 = FACE_OUTER_BOUND ( 'NONE', #1915, .T. ) ;
#11412 = AXIS2_PLACEMENT_3D ( 'NONE', #10682, #1708, #10548 ) ;
#11413 = DIRECTION ( 'NONE',  ( 1.000000000000000000, 0.000000000000000000, 0.000000000000000000 ) ) ;
#11414 = EDGE_CURVE ( 'NONE', #5311, #7915, #2078, .T. ) ;
#11415 = CARTESIAN_POINT ( 'NONE',  ( -72.84391516214240880, -9.582305619189098067, 6.263934525068219905 ) ) ;
#11416 = ORIENTED_EDGE ( 'NONE', *, *, #4630, .T. ) ;
#11417 = EDGE_CURVE ( 'NONE', #11838, #11155, #6142, .T. ) ;
#11418 = VECTOR ( 'NONE', #11379, 1000.000000000000114 ) ;
#11419 = CARTESIAN_POINT ( 'NONE',  ( -2.651075773784429934, -2.973621349156020086E-12, 31.00000000000000000 ) ) ;
#11420 = AXIS2_PLACEMENT_3D ( 'NONE', #7830, #3846, #2867 ) ;
#11421 = VECTOR ( 'NONE', #4728, 1000.000000000000000 ) ;
#11422 = DIRECTION ( 'NONE',  ( 1.000000000000000000, -6.322502648911719004E-17, 9.462293898829198836E-17 ) ) ;
#11423 = CIRCLE ( 'NONE', #5778, 32.99999999999999289 ) ;
#11424 = AXIS2_PLACEMENT_3D ( 'NONE', #9956, #5908, #8968 ) ;
#11425 = EDGE_CURVE ( 'NONE', #1003, #4967, #5105, .T. ) ;
#11426 = ORIENTED_EDGE ( 'NONE', *, *, #6354, .F. ) ;
#11427 = EDGE_CURVE ( 'NONE', #12513, #3093, #6343, .T. ) ;
#11428 = CARTESIAN_POINT ( 'NONE',  ( -72.84391516214240880, 7.598956686223020895, 4.970350582873690470 ) ) ;
#11429 = VECTOR ( 'NONE', #12365, 1000.000000000000000 ) ;
#11430 = AXIS2_PLACEMENT_3D ( 'NONE', #9184, #3108, #2256 ) ;
#11431 = CIRCLE ( 'NONE', #2431, 2.049999999999999822 ) ;
#11432 = CYLINDRICAL_SURFACE ( 'NONE', #6323, 1.249999999999987121 ) ;
#11433 = DIRECTION ( 'NONE',  ( 0.000000000000000000, 0.000000000000000000, -1.000000000000000000 ) ) ;
#11434 = CARTESIAN_POINT ( 'NONE',  ( -78.79999999999999716, -13.60002663036609860, -7.355390924575829992 ) ) ;
#11435 = VERTEX_POINT ( 'NONE', #1089 ) ;
#11436 = AXIS2_PLACEMENT_3D ( 'NONE', #10008, #10323, #4310 ) ;
#11437 = DIRECTION ( 'NONE',  ( 1.000000000000000000, 0.000000000000000000, 0.000000000000000000 ) ) ;
#11438 = EDGE_CURVE ( 'NONE', #1463, #4255, #10147, .T. ) ;
#11439 = ORIENTED_EDGE ( 'NONE', *, *, #2026, .T. ) ;
#11440 = CARTESIAN_POINT ( 'NONE',  ( 14.10000000000099973, -11.86318640331703911, 28.64026550785020220 ) ) ;
#11441 = ORIENTED_EDGE ( 'NONE', *, *, #11532, .F. ) ;
#11442 = ORIENTED_EDGE ( 'NONE', *, *, #7561, .T. ) ;
#11443 = VERTEX_POINT ( 'NONE', #3064 ) ;
#11444 = CARTESIAN_POINT ( 'NONE',  ( -73.29999999999999716, 17.43442502845830333, -20.65390257011275210 ) ) ;
#11445 = EDGE_CURVE ( 'NONE', #10593, #10400, #9070, .T. ) ;
#11446 = ORIENTED_EDGE ( 'NONE', *, *, #9828, .T. ) ;
#11447 = ORIENTED_EDGE ( 'NONE', *, *, #5639, .T. ) ;
#11448 = CARTESIAN_POINT ( 'NONE',  ( -78.79999999999999716, -7.886971619065149319, 19.50277361505434826 ) ) ;
#11449 = ORIENTED_EDGE ( 'NONE', *, *, #11738, .F. ) ;
#11450 = AXIS2_PLACEMENT_3D ( 'NONE', #6395, #7619, #12336 ) ;
#11451 = CARTESIAN_POINT ( 'NONE',  ( 6.600000000000989964, 11.86318640331682062, -28.64026550785030167 ) ) ;
#11452 = EDGE_CURVE ( 'NONE', #7660, #4010, #327, .T. ) ;
#11453 = ORIENTED_EDGE ( 'NONE', *, *, #3972, .T. ) ;
#11454 = CARTESIAN_POINT ( 'NONE',  ( -1.899999999999999911, 21.92031021678110037, 21.92031021678485203 ) ) ;
#11455 = FACE_OUTER_BOUND ( 'NONE', #1280, .T. ) ;
#11456 = CARTESIAN_POINT ( 'NONE',  ( -14.90000000000000036, 21.24999999999965183, -38.40607966083884151 ) ) ;
#11457 = ORIENTED_EDGE ( 'NONE', *, *, #8840, .F. ) ;
#11458 = ORIENTED_EDGE ( 'NONE', *, *, #11692, .F. ) ;
#11459 = CARTESIAN_POINT ( 'NONE',  ( -73.29999999999999716, 23.14656907855829715, -16.27082028124765145 ) ) ;
#11460 = CARTESIAN_POINT ( 'NONE',  ( -1.899999999999999911, -20.67031021678344871, 21.92031021678259961 ) ) ;
#11461 = CARTESIAN_POINT ( 'NONE',  ( -73.59999999999999432, -11.08772093445321971, 23.53454789197549957 ) ) ;
#11462 = LINE ( 'NONE', #8367, #10596 ) ;
#11463 = EDGE_CURVE ( 'NONE', #3962, #1542, #12643, .T. ) ;
#11464 = AXIS2_PLACEMENT_3D ( 'NONE', #10537, #11660, #1759 ) ;
#11465 = DIRECTION ( 'NONE',  ( -1.000000000000000000, 6.705557021117060106E-18, 5.440889002481110112E-18 ) ) ;
#11466 = DIRECTION ( 'NONE',  ( 0.7071067811865349162, -0.7071067811865601183, -2.354884538288270925E-15 ) ) ;
#11467 = ORIENTED_EDGE ( 'NONE', *, *, #1104, .F. ) ;
#11468 = CARTESIAN_POINT ( 'NONE',  ( -73.59999999999999432, 31.78145591838842066, -13.16431007335868308 ) ) ;
#11469 = CARTESIAN_POINT ( 'NONE',  ( 6.599999999999999645, 31.00000000000000000, 2.307831424685130031E-12 ) ) ;
#11470 = EDGE_LOOP ( 'NONE', ( #10526, #10657, #4268, #7557 ) ) ;
#11471 = CIRCLE ( 'NONE', #10838, 1.849999999999998979 ) ;
#11472 = FACE_OUTER_BOUND ( 'NONE', #7507, .T. ) ;
#11473 = CARTESIAN_POINT ( 'NONE',  ( 14.10000000000099973, 13.40140518607557141, -27.61246057676554244 ) ) ;
#11474 = EDGE_CURVE ( 'NONE', #7149, #8791, #6078, .T. ) ;
#11475 = VERTEX_POINT ( 'NONE', #12091 ) ;
#11476 = EDGE_LOOP ( 'NONE', ( #11990, #3870 ) ) ;
#11477 = CARTESIAN_POINT ( 'NONE',  ( 17.54641016151380128, -13.40140518607949893, -29.66807043893774676 ) ) ;
#11478 = ADVANCED_FACE ( 'NONE', ( #1150 ), #7186, .F. ) ;
#11479 = DIRECTION ( 'NONE',  ( -6.022987596888519823E-33, 0.000000000000000000, 1.000000000000000000 ) ) ;
#11480 = CARTESIAN_POINT ( 'NONE',  ( -73.29999999999999716, 6.936497480537209270, -22.33444655017250113 ) ) ;
#11481 = DIRECTION ( 'NONE',  ( -4.112988807310475227E-18, -0.9238795325112871826, 0.3826834323650885605 ) ) ;
#11482 = CARTESIAN_POINT ( 'NONE',  ( -72.84391516214240880, -13.99067572559281913, 13.91306913449752081 ) ) ;
#11483 = ORIENTED_EDGE ( 'NONE', *, *, #4448, .T. ) ;
#11484 = DIRECTION ( 'NONE',  ( 4.112988807310475997E-18, 0.9238795325112874046, -0.3826834323650881720 ) ) ;
#11485 = EDGE_CURVE ( 'NONE', #8665, #5295, #8025, .T. ) ;
#11486 = LINE ( 'NONE', #2503, #23 ) ;
#11487 = ORIENTED_EDGE ( 'NONE', *, *, #11092, .T. ) ;
#11488 = ADVANCED_FACE ( 'NONE', ( #8091 ), #11063, .T. ) ;
#11489 = CARTESIAN_POINT ( 'NONE',  ( -11.90000000000000036, 21.25000000000043343, -36.80607966083839955 ) ) ;
#11490 = LINE ( 'NONE', #5470, #2131 ) ;
#11491 = DIRECTION ( 'NONE',  ( -6.895248198027793416E-33, 0.3826834323650783465, 0.9238795325112915124 ) ) ;
#11492 = CARTESIAN_POINT ( 'NONE',  ( 6.600000000000989964, 28.64026550785025194, 11.86318640331695917 ) ) ;
#11493 = ORIENTED_EDGE ( 'NONE', *, *, #2582, .T. ) ;
#11494 = CARTESIAN_POINT ( 'NONE',  ( -1.899999999999999911, 27.39026550785075287, -11.86318640331589869 ) ) ;
#11495 = ORIENTED_EDGE ( 'NONE', *, *, #4107, .F. ) ;
#11496 = EDGE_CURVE ( 'NONE', #11248, #9170, #12032, .T. ) ;
#11497 = CARTESIAN_POINT ( 'NONE',  ( -56.21032168798580386, -24.44881201882990140, -6.108853482276259683 ) ) ;
#11498 = ORIENTED_EDGE ( 'NONE', *, *, #4379, .F. ) ;
#11499 = ORIENTED_EDGE ( 'NONE', *, *, #1401, .T. ) ;
#11500 = ORIENTED_EDGE ( 'NONE', *, *, #3132, .F. ) ;
#11501 = DIRECTION ( 'NONE',  ( 0.000000000000000000, 0.8314696123025481223, 0.5555702330195977368 ) ) ;
#11502 = VERTEX_POINT ( 'NONE', #5228 ) ;
#11503 = VERTEX_POINT ( 'NONE', #11254 ) ;
#11504 = DIRECTION ( 'NONE',  ( -6.705557021117060106E-18, -1.000000000000000000, 0.000000000000000000 ) ) ;
#11505 = ORIENTED_EDGE ( 'NONE', *, *, #2492, .F. ) ;
#11506 = DIRECTION ( 'NONE',  ( -1.000000000000000000, 1.551905699024409893E-16, -6.264279228235009208E-17 ) ) ;
#11507 = EDGE_LOOP ( 'NONE', ( #12564, #6684, #9542, #9593, #9532 ) ) ;
#11508 = ORIENTED_EDGE ( 'NONE', *, *, #4877, .F. ) ;
#11509 = CARTESIAN_POINT ( 'NONE',  ( -73.29999999999999716, 6.397396265084100087, -21.15149689803300248 ) ) ;
#11510 = DIRECTION ( 'NONE',  ( 0.000000000000000000, 0.000000000000000000, 1.000000000000000000 ) ) ;
#11511 = CIRCLE ( 'NONE', #5865, 1.250000000000001110 ) ;
#11512 = FACE_OUTER_BOUND ( 'NONE', #6518, .T. ) ;
#11513 = ORIENTED_EDGE ( 'NONE', *, *, #11445, .T. ) ;
#11514 = CIRCLE ( 'NONE', #7318, 44.71208468574654660 ) ;
#11515 = ORIENTED_EDGE ( 'NONE', *, *, #3761, .F. ) ;
#11516 = CARTESIAN_POINT ( 'NONE',  ( -56.21032168798580386, -14.11635934497249956, 18.83589389552849980 ) ) ;
#11517 = ADVANCED_FACE ( 'NONE', ( #2273 ), #6275, .F. ) ;
#11518 = DIRECTION ( 'NONE',  ( 1.000000000000000000, -6.322502648911709143E-17, 9.462293898829198836E-17 ) ) ;
#11519 = CIRCLE ( 'NONE', #8582, 1.000000000000000888 ) ;
#11520 = DIRECTION ( 'NONE',  ( -1.000000000000000000, 2.905650844594909648E-18, 7.014861676541880450E-18 ) ) ;
#11521 = CIRCLE ( 'NONE', #11926, 1.849999999999998979 ) ;
#11522 = CARTESIAN_POINT ( 'NONE',  ( 5.599999999999999645, 40.56538981893960027, 0.000000000000000000 ) ) ;
#11523 = VECTOR ( 'NONE', #10517, 999.9999999999998863 ) ;
#11524 = DIRECTION ( 'NONE',  ( 0.000000000000000000, 1.000000000000000000, 0.000000000000000000 ) ) ;
#11525 = EDGE_LOOP ( 'NONE', ( #537, #5607, #1599, #11183 ) ) ;
#11526 = CARTESIAN_POINT ( 'NONE',  ( -73.59999999999999432, -23.30076172173459881, -3.337214884742405019 ) ) ;
#11527 = CARTESIAN_POINT ( 'NONE',  ( -14.90000000000000036, -36.80607966083890403, -19.64999999999955094 ) ) ;
#11528 = VERTEX_POINT ( 'NONE', #12284 ) ;
#11529 = CONICAL_SURFACE ( 'NONE', #11323, 1.249999999999987121, 1.029744258676652313 ) ;
#11530 = LINE ( 'NONE', #7593, #7471 ) ;
#11531 = CONICAL_SURFACE ( 'NONE', #10478, 1.249999999999987121, 1.029744258676652313 ) ;
#11532 = EDGE_CURVE ( 'NONE', #3023, #2372, #10448, .T. ) ;
#11533 = DIRECTION ( 'NONE',  ( 1.000000000000000000, -2.905650844594899633E-18, -7.014861676541880450E-18 ) ) ;
#11534 = ORIENTED_EDGE ( 'NONE', *, *, #2939, .T. ) ;
#11535 = CYLINDRICAL_SURFACE ( 'NONE', #4360, 1.749999999999999556 ) ;
#11536 = EDGE_LOOP ( 'NONE', ( #4563, #12282, #9529, #11637 ) ) ;
#11537 = DIRECTION ( 'NONE',  ( -1.000000000000000000, 2.905650844594909648E-18, 7.014861676541880450E-18 ) ) ;
#11538 = CARTESIAN_POINT ( 'NONE',  ( 6.599999999999999645, 28.64026550785075287, -11.86318640331580099 ) ) ;
#11539 = CARTESIAN_POINT ( 'NONE',  ( -73.59999999999999432, -4.989649402151609792, 13.43189855692813950 ) ) ;
#11540 = CARTESIAN_POINT ( 'NONE',  ( 6.599999999999999645, -21.92031021678345226, 21.92031021678250013 ) ) ;
#11541 = CIRCLE ( 'NONE', #10266, 35.00000000000000711 ) ;
#11542 = FACE_OUTER_BOUND ( 'NONE', #10518, .T. ) ;
#11543 = EDGE_LOOP ( 'NONE', ( #4396, #9332 ) ) ;
#11544 = VECTOR ( 'NONE', #5707, 999.9999999999998863 ) ;
#11545 = CARTESIAN_POINT ( 'NONE',  ( -43.88791531425349746, -1.540743955509788682E-30, -44.71208468574655370 ) ) ;
#11546 = CIRCLE ( 'NONE', #9638, 1.750000000000001110 ) ;
#11547 = CARTESIAN_POINT ( 'NONE',  ( -56.21032168798580386, -22.72673657318700080, -1.951395585975469915 ) ) ;
#11548 = EDGE_CURVE ( 'NONE', #1735, #1893, #8414, .T. ) ;
#11549 = ORIENTED_EDGE ( 'NONE', *, *, #3955, .T. ) ;
#11550 = ADVANCED_FACE ( 'NONE', ( #6531 ), #2429, .F. ) ;
#11551 = DIRECTION ( 'NONE',  ( 1.000000000000000000, -1.001543065824886127E-16, -5.782411586589632261E-17 ) ) ;
#11552 = AXIS2_PLACEMENT_3D ( 'NONE', #6442, #9174, #9371 ) ;
#11553 = CARTESIAN_POINT ( 'NONE',  ( -43.89999999999999147, 44.70000000000000284, 1.518323059307983412E-13 ) ) ;
#11554 = DIRECTION ( 'NONE',  ( -1.000000000000000000, -2.638697247430395030E-33, -6.370378681743239884E-33 ) ) ;
#11555 = LINE ( 'NONE', #4607, #10491 ) ;
#11556 = ORIENTED_EDGE ( 'NONE', *, *, #12274, .T. ) ;
#11557 = DIRECTION ( 'NONE',  ( 1.000000000000000000, -1.067925513466054003E-16, 6.551204957150059656E-17 ) ) ;
#11558 = AXIS2_PLACEMENT_3D ( 'NONE', #1120, #11090, #7030 ) ;
#11559 = ORIENTED_EDGE ( 'NONE', *, *, #7606, .T. ) ;
#11560 = ORIENTED_EDGE ( 'NONE', *, *, #2236, .T. ) ;
#11561 = AXIS2_PLACEMENT_3D ( 'NONE', #584, #513, #4648 ) ;
#11562 = DIRECTION ( 'NONE',  ( 1.000000000000000000, -6.322502648911719004E-17, 9.462293898829198836E-17 ) ) ;
#11563 = EDGE_LOOP ( 'NONE', ( #681, #11622, #9405, #10229 ) ) ;
#11564 = ORIENTED_EDGE ( 'NONE', *, *, #10399, .F. ) ;
#11565 = DIRECTION ( 'NONE',  ( 7.592831564818952788E-18, 0.3826834323650881720, 0.9238795325112874046 ) ) ;
#11566 = ORIENTED_EDGE ( 'NONE', *, *, #1808, .F. ) ;
#11567 = ORIENTED_EDGE ( 'NONE', *, *, #3491, .F. ) ;
#11568 = DIRECTION ( 'NONE',  ( 1.000000000000000000, -6.705557021117060106E-18, -5.440889002481110112E-18 ) ) ;
#11569 = EDGE_LOOP ( 'NONE', ( #6213, #1935, #7819, #7416 ) ) ;
#11570 = CARTESIAN_POINT ( 'NONE',  ( -73.59999999999999432, -14.56470087414044023, 12.52724983573060058 ) ) ;
#11571 = VERTEX_POINT ( 'NONE', #7442 ) ;
#11572 = DIRECTION ( 'NONE',  ( -1.000000000000000000, 0.000000000000000000, 0.000000000000000000 ) ) ;
#11573 = DIRECTION ( 'NONE',  ( 1.000000000000000000, 0.000000000000000000, 0.000000000000000000 ) ) ;
#11574 = EDGE_CURVE ( 'NONE', #1228, #12902, #3899, .T. ) ;
#11575 = CARTESIAN_POINT ( 'NONE',  ( 5.599999999999999645, 21.25000000000045119, 36.80607966083839955 ) ) ;
#11576 = ORIENTED_EDGE ( 'NONE', *, *, #7616, .F. ) ;
#11577 = EDGE_CURVE ( 'NONE', #2659, #1421, #2525, .T. ) ;
#11578 = EDGE_CURVE ( 'NONE', #4906, #2435, #2467, .T. ) ;
#11579 = EDGE_LOOP ( 'NONE', ( #3679, #4105, #11961 ) ) ;
#11580 = CARTESIAN_POINT ( 'NONE',  ( 6.599999999999999645, 34.42296358256754729, 3.333889747132804893E-12 ) ) ;
#11581 = ADVANCED_FACE ( 'NONE', ( #2661 ), #749, .T. ) ;
#11582 = DIRECTION ( 'NONE',  ( -1.000000000000000000, 0.000000000000000000, 0.000000000000000000 ) ) ;
#11583 = DIRECTION ( 'NONE',  ( 0.000000000000000000, 1.000000000000000000, 9.714451465470219441E-14 ) ) ;
#11584 = DIRECTION ( 'NONE',  ( 5.440889002481110882E-18, 1.224646799147353207E-16, 1.000000000000000000 ) ) ;
#11585 = DIRECTION ( 'NONE',  ( -1.000000000000000000, 1.001543065824855929E-16, -5.782411586590338538E-17 ) ) ;
#11586 = ORIENTED_EDGE ( 'NONE', *, *, #3694, .F. ) ;
#11587 = DIRECTION ( 'NONE',  ( 0.000000000000000000, 0.8314696123025480112, 0.5555702330195980698 ) ) ;
#11588 = ADVANCED_FACE ( 'NONE', ( #12475 ), #12345, .F. ) ;
#11589 = CARTESIAN_POINT ( 'NONE',  ( 5.599999999999999645, 21.25000000000000000, -36.80607966083870508 ) ) ;
#11590 = VERTEX_POINT ( 'NONE', #9461 ) ;
#11591 = DIRECTION ( 'NONE',  ( 1.000000000000000000, -6.322502648911709143E-17, 9.462293898829198836E-17 ) ) ;
#11592 = CARTESIAN_POINT ( 'NONE',  ( -14.90000000000000036, 36.80607966083849902, -21.25000000000029843 ) ) ;
#11593 = CYLINDRICAL_SURFACE ( 'NONE', #10002, 1.249999999999987121 ) ;
#11594 = VERTEX_POINT ( 'NONE', #1342 ) ;
#11595 = EDGE_CURVE ( 'NONE', #5295, #7829, #7033, .T. ) ;
#11596 = DIRECTION ( 'NONE',  ( 1.000000000000000000, -6.322502648911719004E-17, 9.462293898829198836E-17 ) ) ;
#11597 = CARTESIAN_POINT ( 'NONE',  ( -63.60000000000000142, 11.76616776325921876, -18.70480676635960293 ) ) ;
#11598 = DIRECTION ( 'NONE',  ( -1.000000000000000000, 4.451867004922774877E-18, 0.000000000000000000 ) ) ;
#11599 = DIRECTION ( 'NONE',  ( 0.000000000000000000, 1.000000000000000000, 9.714451465470232062E-14 ) ) ;
#11600 = CARTESIAN_POINT ( 'NONE',  ( 6.599999999999999645, 11.86318640331944074, -28.64026550784920033 ) ) ;
#11601 = ORIENTED_EDGE ( 'NONE', *, *, #5703, .F. ) ;
#11602 = DIRECTION ( 'NONE',  ( 0.000000000000000000, -0.8314696123025479002, -0.5555702330195982919 ) ) ;
#11603 = CARTESIAN_POINT ( 'NONE',  ( 17.60000000000000142, -21.92031021678445057, 21.92031021678135261 ) ) ;
#11604 = CIRCLE ( 'NONE', #9295, 1.300000000000000933 ) ;
#11605 = ORIENTED_EDGE ( 'NONE', *, *, #7184, .F. ) ;
#11606 = VECTOR ( 'NONE', #2920, 1000.000000000000227 ) ;
#11607 = DIRECTION ( 'NONE',  ( 0.000000000000000000, -0.3826834323650881720, -0.9238795325112874046 ) ) ;
#11608 = CARTESIAN_POINT ( 'NONE',  ( -63.60000000000000142, 20.46998227349979871, -11.13994481257886093 ) ) ;
#11609 = CARTESIAN_POINT ( 'NONE',  ( -73.59999999999999432, 21.07874370250854668, -11.93329815287010121 ) ) ;
#11610 = CARTESIAN_POINT ( 'NONE',  ( -73.59999999999999432, 11.76616776325921876, -18.70480676635960293 ) ) ;
#11611 = VECTOR ( 'NONE', #1823, 1000.000000000000227 ) ;
#11612 = CIRCLE ( 'NONE', #8054, 1.849999999999999645 ) ;
#11613 = AXIS2_PLACEMENT_3D ( 'NONE', #7722, #1838, #597 ) ;
#11614 = DIRECTION ( 'NONE',  ( 0.000000000000000000, 0.8314696123025481223, 0.5555702330195977368 ) ) ;
#11615 = ORIENTED_EDGE ( 'NONE', *, *, #4383, .F. ) ;
#11616 = EDGE_CURVE ( 'NONE', #8602, #7568, #4627, .T. ) ;
#11617 = CARTESIAN_POINT ( 'NONE',  ( -73.59999999999999432, -17.56051023625829899, 10.52097810292690028 ) ) ;
#11618 = ORIENTED_EDGE ( 'NONE', *, *, #10781, .F. ) ;
#11619 = AXIS2_PLACEMENT_3D ( 'NONE', #997, #7804, #6834 ) ;
#11620 = AXIS2_PLACEMENT_3D ( 'NONE', #2485, #1690, #5764 ) ;
#11621 = EDGE_CURVE ( 'NONE', #8776, #1564, #7503, .T. ) ;
#11622 = ORIENTED_EDGE ( 'NONE', *, *, #10684, .F. ) ;
#11623 = FACE_BOUND ( 'NONE', #9930, .T. ) ;
#11624 = ORIENTED_EDGE ( 'NONE', *, *, #3501, .F. ) ;
#11625 = CIRCLE ( 'NONE', #337, 2.049999999999999822 ) ;
#11626 = VERTEX_POINT ( 'NONE', #6407 ) ;
#11627 = AXIS2_PLACEMENT_3D ( 'NONE', #9068, #7117, #9264 ) ;
#11628 = FACE_OUTER_BOUND ( 'NONE', #1611, .T. ) ;
#11629 = VECTOR ( 'NONE', #11786, 1000.000000000000114 ) ;
#11630 = EDGE_LOOP ( 'NONE', ( #12055, #4621 ) ) ;
#11631 = ORIENTED_EDGE ( 'NONE', *, *, #10452, .T. ) ;
#11632 = DIRECTION ( 'NONE',  ( 1.000000000000000000, -6.705557021117060106E-18, -5.440889002481110112E-18 ) ) ;
#11633 = AXIS2_PLACEMENT_3D ( 'NONE', #2347, #1099, #12291 ) ;
#11634 = ORIENTED_EDGE ( 'NONE', *, *, #1651, .T. ) ;
#11635 = CARTESIAN_POINT ( 'NONE',  ( -11.90000000000001101, -42.50000000000000000, 0.000000000000000000 ) ) ;
#11636 = EDGE_CURVE ( 'NONE', #7698, #3419, #8544, .T. ) ;
#11637 = ORIENTED_EDGE ( 'NONE', *, *, #11801, .T. ) ;
#11638 = AXIS2_PLACEMENT_3D ( 'NONE', #4187, #1177, #3998 ) ;
#11639 = VECTOR ( 'NONE', #1453, 1000.000000000000114 ) ;
#11640 = CARTESIAN_POINT ( 'NONE',  ( -14.90000000000000036, -21.25000000000000000, 36.80607966083870508 ) ) ;
#11641 = AXIS2_PLACEMENT_3D ( 'NONE', #3508, #2588, #5422 ) ;
#11642 = DIRECTION ( 'NONE',  ( -4.112988807310475227E-18, -0.9238795325112871826, 0.3826834323650885605 ) ) ;
#11643 = DIRECTION ( 'NONE',  ( -1.000000000000000000, 0.000000000000000000, 0.000000000000000000 ) ) ;
#11644 = ORIENTED_EDGE ( 'NONE', *, *, #9562, .F. ) ;
#11645 = EDGE_LOOP ( 'NONE', ( #9104, #11086, #2882, #6660 ) ) ;
#11646 = DIRECTION ( 'NONE',  ( 0.000000000000000000, -0.9238795325112788559, 0.3826834323651088221 ) ) ;
#11647 = ADVANCED_FACE ( 'NONE', ( #3573 ), #7567, .F. ) ;
#11648 = CARTESIAN_POINT ( 'NONE',  ( -73.59999999999999432, -7.312946470517519337, 20.88859291382130223 ) ) ;
#11649 = EDGE_CURVE ( 'NONE', #6490, #901, #550, .T. ) ;
#11650 = CYLINDRICAL_SURFACE ( 'NONE', #1420, 1.000000000000000666 ) ;
#11651 = FACE_BOUND ( 'NONE', #8476, .T. ) ;
#11652 = DIRECTION ( 'NONE',  ( 0.000000000000000000, 0.000000000000000000, 1.000000000000000000 ) ) ;
#11653 = ORIENTED_EDGE ( 'NONE', *, *, #3005, .T. ) ;
#11654 = AXIS2_PLACEMENT_3D ( 'NONE', #12275, #3183, #174 ) ;
#11655 = ADVANCED_FACE ( 'NONE', ( #6662 ), #2397, .F. ) ;
#11656 = DIRECTION ( 'NONE',  ( 0.000000000000000000, 1.000000000000000000, 9.714451465470219441E-14 ) ) ;
#11657 = EDGE_CURVE ( 'NONE', #3808, #8346, #9336, .T. ) ;
#11658 = DIRECTION ( 'NONE',  ( 0.000000000000000000, 0.9238795325112916235, -0.3826834323650779024 ) ) ;
#11659 = ORIENTED_EDGE ( 'NONE', *, *, #8436, .F. ) ;
#11660 = DIRECTION ( 'NONE',  ( -1.000000000000000000, -2.638697247430395030E-33, -6.370378681743239884E-33 ) ) ;
#11661 = DIRECTION ( 'NONE',  ( 4.112988807310472916E-18, 0.9238795325112876267, -0.3826834323650878389 ) ) ;
#11662 = VECTOR ( 'NONE', #2432, 1000.000000000000000 ) ;
#11663 = FACE_BOUND ( 'NONE', #954, .T. ) ;
#11664 = ORIENTED_EDGE ( 'NONE', *, *, #6295, .T. ) ;
#11665 = CARTESIAN_POINT ( 'NONE',  ( 14.10000000000099973, -10.24639722142364029, -29.30996151448859877 ) ) ;
#11666 = CARTESIAN_POINT ( 'NONE',  ( -1.899999999999999911, 23.17031021678110037, 21.92031021678494795 ) ) ;
#11667 = LINE ( 'NONE', #2885, #1586 ) ;
#11668 = CARTESIAN_POINT ( 'NONE',  ( -72.84391516214240880, 23.14656907855829715, -16.27082028124765145 ) ) ;
#11669 = EDGE_LOOP ( 'NONE', ( #6972, #7143, #3200, #12889 ) ) ;
#11670 = CONICAL_SURFACE ( 'NONE', #12701, 1.249999999999985567, 1.029744258676652313 ) ;
#11671 = DIRECTION ( 'NONE',  ( -1.000000000000000000, 2.905650844594754803E-18, 7.014861676541860420E-18 ) ) ;
#11672 = AXIS2_PLACEMENT_3D ( 'NONE', #6112, #10093, #12318 ) ;
#11673 = DIRECTION ( 'NONE',  ( 1.000000000000000000, -6.322502648911719004E-17, 9.462293898829198836E-17 ) ) ;
#11674 = VERTEX_POINT ( 'NONE', #7378 ) ;
#11675 = VECTOR ( 'NONE', #10861, 999.9999999999998863 ) ;
#11676 = CARTESIAN_POINT ( 'NONE',  ( -73.59999999999999432, -7.312946470517519337, 20.88859291382130223 ) ) ;
#11677 = CIRCLE ( 'NONE', #4991, 1.849999999999998979 ) ;
#11678 = ADVANCED_FACE ( 'NONE', ( #10388 ), #436, .F. ) ;
#11679 = DIRECTION ( 'NONE',  ( 0.000000000000000000, 0.000000000000000000, 1.000000000000000000 ) ) ;
#11680 = DIRECTION ( 'NONE',  ( 1.000000000000000000, -1.067925513466054003E-16, 6.551204957150059656E-17 ) ) ;
#11681 = DIRECTION ( 'NONE',  ( 0.000000000000000000, 0.000000000000000000, 1.000000000000000000 ) ) ;
#11682 = CARTESIAN_POINT ( 'NONE',  ( -63.70000000000000995, -2.066205161904769999E-14, 1.491883645478428116E-14 ) ) ;
#11683 = ORIENTED_EDGE ( 'NONE', *, *, #5696, .T. ) ;
#11684 = FACE_OUTER_BOUND ( 'NONE', #3920, .T. ) ;
#11685 = ORIENTED_EDGE ( 'NONE', *, *, #12467, .F. ) ;
#11686 = AXIS2_PLACEMENT_3D ( 'NONE', #11640, #11572, #572 ) ;
#11687 = DIRECTION ( 'NONE',  ( 0.000000000000000000, 0.8314696123025479002, 0.5555702330195982919 ) ) ;
#11688 = EDGE_CURVE ( 'NONE', #9036, #8359, #4308, .T. ) ;
#11689 = ORIENTED_EDGE ( 'NONE', *, *, #3694, .T. ) ;
#11690 = DIRECTION ( 'NONE',  ( 0.000000000000000000, 0.8314696123025475671, 0.5555702330195986249 ) ) ;
#11691 = EDGE_LOOP ( 'NONE', ( #6623, #5200, #6000, #7441, #9996 ) ) ;
#11692 = EDGE_CURVE ( 'NONE', #4797, #8949, #5869, .T. ) ;
#11693 = CARTESIAN_POINT ( 'NONE',  ( 6.599999999999999645, -31.00000000000000000, -9.693681929906711246E-13 ) ) ;
#11694 = EDGE_CURVE ( 'NONE', #5305, #10199, #5573, .T. ) ;
#11695 = ORIENTED_EDGE ( 'NONE', *, *, #210, .T. ) ;
#11696 = ORIENTED_EDGE ( 'NONE', *, *, #1967, .T. ) ;
#11697 = CARTESIAN_POINT ( 'NONE',  ( 14.10000000000099973, 11.86318640331835894, 28.64026550784965153 ) ) ;
#11698 = ORIENTED_EDGE ( 'NONE', *, *, #3922, .F. ) ;
#11699 = DIRECTION ( 'NONE',  ( 0.000000000000000000, -0.9238795325112870716, 0.3826834323650889491 ) ) ;
#11700 = DIRECTION ( 'NONE',  ( -1.000000000000000000, 4.451867004922774877E-18, 0.000000000000000000 ) ) ;
#11701 = ORIENTED_EDGE ( 'NONE', *, *, #12761, .F. ) ;
#11702 = CARTESIAN_POINT ( 'NONE',  ( -72.84391516214240880, -8.196486320422168959, 5.689909376520580153 ) ) ;
#11703 = DIRECTION ( 'NONE',  ( -4.112988807310478308E-18, -0.9238795325112874046, 0.3826834323650881720 ) ) ;
#11704 = LINE ( 'NONE', #2922, #3775 ) ;
#11705 = ORIENTED_EDGE ( 'NONE', *, *, #12578, .F. ) ;
#11706 = VERTEX_POINT ( 'NONE', #1737 ) ;
#11707 = LINE ( 'NONE', #12808, #4937 ) ;
#11708 = DIRECTION ( 'NONE',  ( 1.000000000000000000, 0.000000000000000000, 0.000000000000000000 ) ) ;
#11709 = EDGE_CURVE ( 'NONE', #7915, #4569, #11625, .T. ) ;
#11710 = CARTESIAN_POINT ( 'NONE',  ( 17.54641016151375155, -11.86318640331920093, 28.64026550784825176 ) ) ;
#11711 = CARTESIAN_POINT ( 'NONE',  ( -1.899999999999999911, -28.64026550784945258, -11.86318640331884033 ) ) ;
#11712 = EDGE_LOOP ( 'NONE', ( #6086, #4993 ) ) ;
#11713 = DIRECTION ( 'NONE',  ( 1.000000000000000000, 0.000000000000000000, 0.000000000000000000 ) ) ;
#11714 = CIRCLE ( 'NONE', #7119, 44.90000000000002700 ) ;
#11715 = DIRECTION ( 'NONE',  ( 0.000000000000000000, 0.000000000000000000, -1.000000000000000000 ) ) ;
#11716 = VERTEX_POINT ( 'NONE', #2913 ) ;
#11717 = DIRECTION ( 'NONE',  ( 1.000000000000000000, 0.000000000000000000, 0.000000000000000000 ) ) ;
#11718 = DIRECTION ( 'NONE',  ( 0.000000000000000000, 1.000000000000000000, 9.714451465470228276E-14 ) ) ;
#11719 = VECTOR ( 'NONE', #6183, 1000.000000000000000 ) ;
#11720 = CIRCLE ( 'NONE', #6087, 1.850000000000000311 ) ;
#11721 = LINE ( 'NONE', #12753, #3113 ) ;
#11722 = EDGE_LOOP ( 'NONE', ( #6532, #9071, #915, #9205 ) ) ;
#11723 = VECTOR ( 'NONE', #10297, 999.9999999999998863 ) ;
#11724 = DIRECTION ( 'NONE',  ( 0.000000000000000000, 0.8314696123025479002, 0.5555702330195982919 ) ) ;
#11725 = VECTOR ( 'NONE', #2755, 1000.000000000000000 ) ;
#11726 = LINE ( 'NONE', #10614, #3246 ) ;
#11727 = PLANE ( 'NONE',  #4744 ) ;
#11728 = DIRECTION ( 'NONE',  ( 0.000000000000000000, 1.000000000000000000, 9.714451465470219441E-14 ) ) ;
#11729 = DIRECTION ( 'NONE',  ( 1.000000000000000000, 0.000000000000000000, 0.000000000000000000 ) ) ;
#11730 = ORIENTED_EDGE ( 'NONE', *, *, #9682, .T. ) ;
#11731 = CARTESIAN_POINT ( 'NONE',  ( -73.59999999999999432, -11.08772093445321971, 23.53454789197549957 ) ) ;
#11732 = AXIS2_PLACEMENT_3D ( 'NONE', #3146, #1370, #4134 ) ;
#11733 = LINE ( 'NONE', #3745, #445 ) ;
#11734 = EDGE_CURVE ( 'NONE', #1601, #11177, #2852, .T. ) ;
#11735 = VECTOR ( 'NONE', #6664, 1000.000000000000000 ) ;
#11736 = VERTEX_POINT ( 'NONE', #8799 ) ;
#11737 = ADVANCED_FACE ( 'NONE', ( #755 ), #9849, .F. ) ;
#11738 = EDGE_CURVE ( 'NONE', #10973, #3715, #12792, .T. ) ;
#11739 = LINE ( 'NONE', #1779, #5959 ) ;
#11740 = VECTOR ( 'NONE', #3201, 1000.000000000000000 ) ;
#11741 = ADVANCED_FACE ( 'NONE', ( #11951 ), #6915, .F. ) ;
#11742 = CARTESIAN_POINT ( 'NONE',  ( 14.09999999999999964, -31.00000000000159872, -1.223954022664025947E-12 ) ) ;
#11743 = CARTESIAN_POINT ( 'NONE',  ( -78.79999999999999716, -17.64539914437489898, -4.056154463983459912 ) ) ;
#11744 = AXIS2_PLACEMENT_3D ( 'NONE', #5193, #9165, #8243 ) ;
#11745 = CARTESIAN_POINT ( 'NONE',  ( -72.84391516214240880, -17.43482661687859903, 5.598153341895939938 ) ) ;
#11746 = ADVANCED_FACE ( 'NONE', ( #8861 ), #5809, .F. ) ;
#11747 = VECTOR ( 'NONE', #2258, 1000.000000000000000 ) ;
#11748 = CARTESIAN_POINT ( 'NONE',  ( 5.599999999999999645, -21.25000000000045119, -35.20607966083855445 ) ) ;
#11749 = ORIENTED_EDGE ( 'NONE', *, *, #3138, .T. ) ;
#11750 = LINE ( 'NONE', #12648, #10412 ) ;
#11751 = VERTEX_POINT ( 'NONE', #888 ) ;
#11752 = DIRECTION ( 'NONE',  ( 0.000000000000000000, 0.000000000000000000, 1.000000000000000000 ) ) ;
#11753 = ADVANCED_FACE ( 'NONE', ( #2786, #9913 ), #953, .F. ) ;
#11754 = ORIENTED_EDGE ( 'NONE', *, *, #5650, .T. ) ;
#11755 = DIRECTION ( 'NONE',  ( -3.103811398048827676E-16, -1.000000000000000000, 0.000000000000000000 ) ) ;
#11756 = ORIENTED_EDGE ( 'NONE', *, *, #3223, .T. ) ;
#11757 = PRESENTATION_LAYER_ASSIGNMENT (  '', '', ( #6951 ) ) ;
#11758 = CARTESIAN_POINT ( 'NONE',  ( -73.40000000000000568, -30.48802457287265710, 12.62855326804760381 ) ) ;
#11759 = ORIENTED_EDGE ( 'NONE', *, *, #4918, .F. ) ;
#11760 = ORIENTED_EDGE ( 'NONE', *, *, #2907, .F. ) ;
#11761 = DIRECTION ( 'NONE',  ( 0.000000000000000000, -0.9238795325112872936, 0.3826834323650885605 ) ) ;
#11762 = ORIENTED_EDGE ( 'NONE', *, *, #6272, .T. ) ;
#11763 = CYLINDRICAL_SURFACE ( 'NONE', #864, 1.249999999999987121 ) ;
#11764 = EDGE_CURVE ( 'NONE', #11502, #11359, #3904, .T. ) ;
#11765 = VECTOR ( 'NONE', #3821, 1000.000000000000000 ) ;
#11766 = ORIENTED_EDGE ( 'NONE', *, *, #4833, .T. ) ;
#11767 = DIRECTION ( 'NONE',  ( 0.000000000000000000, 0.3826834323650881720, 0.9238795325112874046 ) ) ;
#11768 = AXIS2_PLACEMENT_3D ( 'NONE', #7328, #8238, #8369 ) ;
#11769 = CARTESIAN_POINT ( 'NONE',  ( 14.10000000000099973, -13.39392013277882043, -32.33578363789474963 ) ) ;
#11770 = CARTESIAN_POINT ( 'NONE',  ( -73.59999999999999432, 14.40356226223126157, -15.63626355095800236 ) ) ;
#11771 = VERTEX_POINT ( 'NONE', #2981 ) ;
#11772 = ORIENTED_EDGE ( 'NONE', *, *, #2632, .F. ) ;
#11773 = CARTESIAN_POINT ( 'NONE',  ( -44.10000000000001563, -44.89999999999997726, -1.593233008494539634E-13 ) ) ;
#11774 = ORIENTED_EDGE ( 'NONE', *, *, #12145, .T. ) ;
#11775 = DIRECTION ( 'NONE',  ( -7.592831564818951247E-18, -0.3826834323650886160, -0.9238795325112872936 ) ) ;
#11776 = DIRECTION ( 'NONE',  ( 7.592831564818952788E-18, 0.3826834323650881720, 0.9238795325112874046 ) ) ;
#11777 = DIRECTION ( 'NONE',  ( 1.000000000000000000, -6.322502648911719004E-17, 9.462293898829198836E-17 ) ) ;
#11778 = LINE ( 'NONE', #7841, #12015 ) ;
#11779 = ORIENTED_EDGE ( 'NONE', *, *, #2711, .F. ) ;
#11780 = EDGE_CURVE ( 'NONE', #12338, #4684, #12922, .T. ) ;
#11781 = DIRECTION ( 'NONE',  ( 0.000000000000000000, -0.9238795325112789669, 0.3826834323651084890 ) ) ;
#11782 = CARTESIAN_POINT ( 'NONE',  ( 14.10000000000099973, 11.86318640331835894, 28.64026550784965153 ) ) ;
#11783 = EDGE_CURVE ( 'NONE', #12196, #11221, #4099, .T. ) ;
#11784 = ORIENTED_EDGE ( 'NONE', *, *, #8135, .F. ) ;
#11785 = DIRECTION ( 'NONE',  ( 0.000000000000000000, 0.9238795325112917345, -0.3826834323650779024 ) ) ;
#11786 = DIRECTION ( 'NONE',  ( 0.5150380749100560429, 0.8571673007021111124, 8.222228984407219466E-14 ) ) ;
#11787 = DIRECTION ( 'NONE',  ( 1.551905699024413838E-16, 1.000000000000000000, -9.769962616701380711E-15 ) ) ;
#11788 = ORIENTED_EDGE ( 'NONE', *, *, #10228, .T. ) ;
#11789 = LINE ( 'NONE', #12757, #8883 ) ;
#11790 = DIRECTION ( 'NONE',  ( 1.000000000000000000, -6.322502648911719004E-17, 9.462293898829198836E-17 ) ) ;
#11791 = CARTESIAN_POINT ( 'NONE',  ( -43.88791531425349746, 5.475651139360491304E-15, 44.71208468574653949 ) ) ;
#11792 = EDGE_CURVE ( 'NONE', #11825, #9312, #9534, .T. ) ;
#11793 = FACE_OUTER_BOUND ( 'NONE', #579, .T. ) ;
#11794 = ORIENTED_EDGE ( 'NONE', *, *, #5331, .F. ) ;
#11795 = DIRECTION ( 'NONE',  ( 0.000000000000000000, -0.9238795325112940660, 0.3826834323650723513 ) ) ;
#11796 = DIRECTION ( 'NONE',  ( 4.112988807310475227E-18, 0.9238795325112871826, -0.3826834323650885605 ) ) ;
#11797 = VERTEX_POINT ( 'NONE', #1667 ) ;
#11798 = DIRECTION ( 'NONE',  ( 0.000000000000000000, -0.8660254037844337116, 0.5000000000000085487 ) ) ;
#11799 = VECTOR ( 'NONE', #11038, 1000.000000000000000 ) ;
#11800 = VERTEX_POINT ( 'NONE', #5682 ) ;
#11801 = EDGE_CURVE ( 'NONE', #6437, #3419, #7232, .T. ) ;
#11802 = DIRECTION ( 'NONE',  ( 0.000000000000000000, 0.8314696123025475671, 0.5555702330195986249 ) ) ;
#11803 = DIRECTION ( 'NONE',  ( -1.000000000000000000, 2.905650844594894626E-18, 7.014861676541880450E-18 ) ) ;
#11804 = DIRECTION ( 'NONE',  ( -1.000000000000000000, 6.322502648911709143E-17, -9.462293898829198836E-17 ) ) ;
#11805 = EDGE_CURVE ( 'NONE', #6353, #12593, #10712, .T. ) ;
#11806 = DIRECTION ( 'NONE',  ( 1.000000000000000000, -6.705557021117060106E-18, -5.440889002481110112E-18 ) ) ;
#11807 = FACE_OUTER_BOUND ( 'NONE', #10454, .T. ) ;
#11808 = VERTEX_POINT ( 'NONE', #1014 ) ;
#11809 = CARTESIAN_POINT ( 'NONE',  ( 14.10000000000099973, -13.39392013277882043, -32.33578363789474963 ) ) ;
#11810 = EDGE_CURVE ( 'NONE', #1528, #3498, #8688, .T. ) ;
#11811 = DIRECTION ( 'NONE',  ( 1.000000000000000000, -1.984102504227365030E-17, 0.000000000000000000 ) ) ;
#11812 = ORIENTED_EDGE ( 'NONE', *, *, #5817, .T. ) ;
#11813 = EDGE_CURVE ( 'NONE', #3808, #1067, #7106, .T. ) ;
#11814 = AXIS2_PLACEMENT_3D ( 'NONE', #42, #8940, #8805 ) ;
#11815 = CIRCLE ( 'NONE', #5759, 0.9999999999999991118 ) ;
#11816 = DIRECTION ( 'NONE',  ( -1.000000000000000000, 2.905650844594909648E-18, 7.014861676541880450E-18 ) ) ;
#11817 = ORIENTED_EDGE ( 'NONE', *, *, #2973, .T. ) ;
#11818 = DIRECTION ( 'NONE',  ( 1.000000000000000000, -1.984102504227365030E-17, 0.000000000000000000 ) ) ;
#11819 = AXIS2_PLACEMENT_3D ( 'NONE', #8648, #8717, #10692 ) ;
#11820 = AXIS2_PLACEMENT_3D ( 'NONE', #1782, #12710, #6836 ) ;
#11821 = VECTOR ( 'NONE', #6483, 999.9999999999998863 ) ;
#11822 = ORIENTED_EDGE ( 'NONE', *, *, #12293, .T. ) ;
#11823 = ORIENTED_EDGE ( 'NONE', *, *, #6322, .F. ) ;
#11824 = DIRECTION ( 'NONE',  ( 4.112988807310475227E-18, 0.9238795325112871826, -0.3826834323650885605 ) ) ;
#11825 = VERTEX_POINT ( 'NONE', #2185 ) ;
#11826 = FACE_OUTER_BOUND ( 'NONE', #3926, .T. ) ;
#11827 = ADVANCED_FACE ( 'NONE', ( #6196 ), #4277, .F. ) ;
#11828 = CIRCLE ( 'NONE', #12231, 2.050000000000000711 ) ;
#11829 = EDGE_LOOP ( 'NONE', ( #9226, #6401, #7918, #2032 ) ) ;
#11830 = VECTOR ( 'NONE', #1047, 1000.000000000000114 ) ;
#11831 = DIRECTION ( 'NONE',  ( -6.022987596888499980E-33, 0.000000000000000000, 1.000000000000000000 ) ) ;
#11832 = LINE ( 'NONE', #4770, #4497 ) ;
#11833 = VECTOR ( 'NONE', #2207, 1000.000000000000000 ) ;
#11834 = AXIS2_PLACEMENT_3D ( 'NONE', #623, #5358, #1338 ) ;
#11835 = CIRCLE ( 'NONE', #12868, 44.71208468574654660 ) ;
#11836 = CARTESIAN_POINT ( 'NONE',  ( 17.60000000000000142, -20.21579751156420102, 23.05922919447154840 ) ) ;
#11837 = ORIENTED_EDGE ( 'NONE', *, *, #11868, .F. ) ;
#11838 = VERTEX_POINT ( 'NONE', #5088 ) ;
#11839 = ADVANCED_FACE ( 'NONE', ( #12009 ), #4028, .F. ) ;
#11840 = CONICAL_SURFACE ( 'NONE', #6188, 44.70000000000002416, 0.7853981633974136400 ) ;
#11841 = ORIENTED_EDGE ( 'NONE', *, *, #5988, .F. ) ;
#11842 = DIRECTION ( 'NONE',  ( 1.156482317317993998E-16, 0.8660254037844211661, -0.5000000000000301981 ) ) ;
#11843 = ORIENTED_EDGE ( 'NONE', *, *, #8537, .T. ) ;
#11844 = DIRECTION ( 'NONE',  ( 0.000000000000000000, 1.000000000000000000, 9.714451465470232062E-14 ) ) ;
#11845 = AXIS2_PLACEMENT_3D ( 'NONE', #7599, #7856, #10679 ) ;
#11846 = AXIS2_PLACEMENT_3D ( 'NONE', #4371, #567, #12409 ) ;
#11847 = CARTESIAN_POINT ( 'NONE',  ( -1.899999999999999911, -13.11318640331822216, 28.64026550784960179 ) ) ;
#11848 = DIRECTION ( 'NONE',  ( 1.000000000000000000, -6.322502648911709143E-17, 9.462293898829198836E-17 ) ) ;
#11849 = CARTESIAN_POINT ( 'NONE',  ( 5.599999999999999645, -42.50000000000000000, -1.600000000000000089 ) ) ;
#11850 = EDGE_LOOP ( 'NONE', ( #5540, #7530, #11252, #11180 ) ) ;
#11851 = CARTESIAN_POINT ( 'NONE',  ( -1.899999999999999911, -21.92031021678345226, 21.92031021678250013 ) ) ;
#11852 = CARTESIAN_POINT ( 'NONE',  ( -72.84391516214240880, -14.90095702101639930, 7.795766790882160180 ) ) ;
#11853 = ORIENTED_EDGE ( 'NONE', *, *, #12568, .T. ) ;
#11854 = CARTESIAN_POINT ( 'NONE',  ( -73.59999999999999432, -11.33112251035093898, 11.18785782245277893 ) ) ;
#11855 = DIRECTION ( 'NONE',  ( 0.000000000000000000, -0.8314696123025476782, -0.5555702330195987360 ) ) ;
#11856 = ADVANCED_FACE ( 'NONE', ( #7236 ), #7448, .T. ) ;
#11857 = EDGE_LOOP ( 'NONE', ( #3973, #9010 ) ) ;
#11858 = VERTEX_POINT ( 'NONE', #10105 ) ;
#11859 = EDGE_CURVE ( 'NONE', #9861, #1241, #10798, .T. ) ;
#11860 = DIRECTION ( 'NONE',  ( -1.000000000000000000, -2.638697247430395030E-33, -6.370378681743249463E-33 ) ) ;
#11861 = CARTESIAN_POINT ( 'NONE',  ( -78.79999999999999716, -9.609047064708040153, 15.34531571875355027 ) ) ;
#11862 = CIRCLE ( 'NONE', #5394, 1.749999999999999556 ) ;
#11863 = DIRECTION ( 'NONE',  ( 0.000000000000000000, 0.8314696123025480112, 0.5555702330195979588 ) ) ;
#11864 = CARTESIAN_POINT ( 'NONE',  ( -59.50000000000000000, 28.64026550784845071, 11.86318640331577967 ) ) ;
#11865 = VERTEX_POINT ( 'NONE', #5215 ) ;
#11866 = CARTESIAN_POINT ( 'NONE',  ( 14.10000000000099973, -13.47997558521175954, 29.30996151448914944 ) ) ;
#11867 = DIRECTION ( 'NONE',  ( -3.104650516289588173E-16, -1.000000000000000000, -3.432150397220115203E-15 ) ) ;
#11868 = EDGE_CURVE ( 'NONE', #10751, #6990, #6128, .T. ) ;
#11869 = ORIENTED_EDGE ( 'NONE', *, *, #2304, .F. ) ;
#11870 = EDGE_CURVE ( 'NONE', #9204, #11858, #35, .T. ) ;
#11871 = VERTEX_POINT ( 'NONE', #8139 ) ;
#11872 = FACE_OUTER_BOUND ( 'NONE', #12521, .T. ) ;
#11873 = DIRECTION ( 'NONE',  ( 7.592831564818957410E-18, 0.3826834323650886160, 0.9238795325112872936 ) ) ;
#11874 = LINE ( 'NONE', #932, #6964 ) ;
#11875 = DIRECTION ( 'NONE',  ( 1.000000000000000000, 0.000000000000000000, 0.000000000000000000 ) ) ;
#11876 = CYLINDRICAL_SURFACE ( 'NONE', #255, 1.599999999999997202 ) ;
#11877 = PLANE ( 'NONE',  #3142 ) ;
#11878 = ORIENTED_EDGE ( 'NONE', *, *, #12918, .F. ) ;
#11879 = EDGE_CURVE ( 'NONE', #6245, #9510, #1265, .T. ) ;
#11880 = LINE ( 'NONE', #6973, #5612 ) ;
#11881 = CYLINDRICAL_SURFACE ( 'NONE', #6521, 1.750000000000001110 ) ;
#11882 = ORIENTED_EDGE ( 'NONE', *, *, #8504, .T. ) ;
#11883 = FACE_BOUND ( 'NONE', #1551, .T. ) ;
#11884 = EDGE_CURVE ( 'NONE', #6129, #10061, #5148, .T. ) ;
#11885 = VERTEX_POINT ( 'NONE', #12268 ) ;
#11886 = DIRECTION ( 'NONE',  ( 0.000000000000000000, -0.9238795325112787449, 0.3826834323651089331 ) ) ;
#11887 = ORIENTED_EDGE ( 'NONE', *, *, #10606, .T. ) ;
#11888 = VERTEX_POINT ( 'NONE', #3232 ) ;
#11889 = CARTESIAN_POINT ( 'NONE',  ( -68.79999999999999716, -21.24806270344179993, -10.14062775919740034 ) ) ;
#11890 = ORIENTED_EDGE ( 'NONE', *, *, #1217, .F. ) ;
#11891 = FACE_OUTER_BOUND ( 'NONE', #2074, .T. ) ;
#11892 = DIRECTION ( 'NONE',  ( 1.000000000000000000, -3.104650516289595075E-16, 1.871678662600109722E-16 ) ) ;
#11893 = EDGE_CURVE ( 'NONE', #7962, #985, #6825, .T. ) ;
#11894 = ORIENTED_EDGE ( 'NONE', *, *, #6942, .T. ) ;
#11895 = AXIS2_PLACEMENT_3D ( 'NONE', #7189, #11189, #9203 ) ;
#11896 = CARTESIAN_POINT ( 'NONE',  ( 5.599999999999999645, 36.80607966083874771, 19.64999999999955094 ) ) ;
#11897 = FACE_OUTER_BOUND ( 'NONE', #428, .T. ) ;
#11898 = CARTESIAN_POINT ( 'NONE',  ( -73.59999999999999432, -11.30392603617555913, -1.812113729508110227 ) ) ;
#11899 = ORIENTED_EDGE ( 'NONE', *, *, #9490, .T. ) ;
#11900 = ORIENTED_EDGE ( 'NONE', *, *, #4366, .T. ) ;
#11901 = ORIENTED_EDGE ( 'NONE', *, *, #1798, .F. ) ;
#11902 = DIRECTION ( 'NONE',  ( 0.000000000000000000, 0.000000000000000000, 1.000000000000000000 ) ) ;
#11903 = VERTEX_POINT ( 'NONE', #9254 ) ;
#11904 = CARTESIAN_POINT ( 'NONE',  ( -11.90000000000000036, 36.80607966083849902, -21.25000000000029843 ) ) ;
#11905 = ADVANCED_FACE ( 'NONE', ( #2063 ), #294, .F. ) ;
#11906 = DIRECTION ( 'NONE',  ( 0.000000000000000000, -0.8314696123025483443, -0.5555702330195975147 ) ) ;
#11907 = CARTESIAN_POINT ( 'NONE',  ( -59.50000000000000000, 11.86318640331641916, 28.64026550784804925 ) ) ;
#11908 = LINE ( 'NONE', #12881, #5372 ) ;
#11909 = ORIENTED_EDGE ( 'NONE', *, *, #300, .T. ) ;
#11910 = FACE_OUTER_BOUND ( 'NONE', #2808, .T. ) ;
#11911 = CARTESIAN_POINT ( 'NONE',  ( 17.10000000000000142, -1.578749275297414948E-12, -1.742439805832375052E-12 ) ) ;
#11912 = ORIENTED_EDGE ( 'NONE', *, *, #4305, .T. ) ;
#11913 = ADVANCED_FACE ( 'NONE', ( #166 ), #6004, .F. ) ;
#11914 = DIRECTION ( 'NONE',  ( 1.000000000000000000, 0.000000000000000000, 0.000000000000000000 ) ) ;
#11915 = CARTESIAN_POINT ( 'NONE',  ( -72.84391516214240880, -14.66364304800118035, 8.368693403076200354 ) ) ;
#11916 = ORIENTED_EDGE ( 'NONE', *, *, #1489, .T. ) ;
#11917 = CARTESIAN_POINT ( 'NONE',  ( 6.599999999999999645, 21.92031021678435110, -21.92031021678160130 ) ) ;
#11918 = DIRECTION ( 'NONE',  ( 4.112988807310475997E-18, 0.9238795325112874046, -0.3826834323650881720 ) ) ;
#11919 = LINE ( 'NONE', #2886, #7167 ) ;
#11920 = AXIS2_PLACEMENT_3D ( 'NONE', #11322, #11130, #2214 ) ;
#11921 = DIRECTION ( 'NONE',  ( 0.000000000000000000, -0.9238795325112880708, 0.3826834323650866176 ) ) ;
#11922 = ORIENTED_EDGE ( 'NONE', *, *, #6854, .F. ) ;
#11923 = CARTESIAN_POINT ( 'NONE',  ( -72.84391516214240880, -9.160705535540088817, 21.65395977855144949 ) ) ;
#11924 = CARTESIAN_POINT ( 'NONE',  ( 14.10000000000099973, 11.86318640331835894, 28.64026550784965153 ) ) ;
#11925 = VECTOR ( 'NONE', #10881, 1000.000000000000000 ) ;
#11926 = AXIS2_PLACEMENT_3D ( 'NONE', #6090, #10261, #1168 ) ;
#11927 = ORIENTED_EDGE ( 'NONE', *, *, #4212, .T. ) ;
#11928 = CONICAL_SURFACE ( 'NONE', #10047, 1.249999999999985567, 1.029744258676652313 ) ;
#11929 = ORIENTED_EDGE ( 'NONE', *, *, #49, .F. ) ;
#11930 = CARTESIAN_POINT ( 'NONE',  ( -11.90000000000000036, -9.540979117872440597E-15, 0.000000000000000000 ) ) ;
#11931 = CARTESIAN_POINT ( 'NONE',  ( -14.90000000000000036, 21.24999999999965183, -36.80607966083884719 ) ) ;
#11932 = DIRECTION ( 'NONE',  ( 0.000000000000000000, 0.8314696123025481223, 0.5555702330195977368 ) ) ;
#11933 = DIRECTION ( 'NONE',  ( 0.000000000000000000, -0.9238795325112789669, 0.3826834323651084890 ) ) ;
#11934 = VECTOR ( 'NONE', #4986, 1000.000000000000000 ) ;
#11935 = FACE_BOUND ( 'NONE', #12277, .T. ) ;
#11936 = EDGE_LOOP ( 'NONE', ( #14, #571, #3321, #11237 ) ) ;
#11937 = AXIS2_PLACEMENT_3D ( 'NONE', #10493, #8522, #1772 ) ;
#11938 = CARTESIAN_POINT ( 'NONE',  ( -72.84391516214240880, 9.556955839997169022, 3.082188130048669983 ) ) ;
#11939 = VECTOR ( 'NONE', #3634, 1000.000000000000000 ) ;
#11940 = EDGE_CURVE ( 'NONE', #6353, #746, #9960, .T. ) ;
#11941 = CYLINDRICAL_SURFACE ( 'NONE', #8601, 1.000000000000000222 ) ;
#11942 = CARTESIAN_POINT ( 'NONE',  ( -14.90000000000000036, -21.25000000000045119, -35.20607966083839813 ) ) ;
#11943 = EDGE_CURVE ( 'NONE', #602, #4040, #8078, .T. ) ;
#11944 = EDGE_LOOP ( 'NONE', ( #8542, #607, #3229, #3429 ) ) ;
#11945 = AXIS2_PLACEMENT_3D ( 'NONE', #9786, #10841, #1867 ) ;
#11946 = AXIS2_PLACEMENT_3D ( 'NONE', #6122, #26, #6905 ) ;
#11947 = VECTOR ( 'NONE', #11796, 1000.000000000000227 ) ;
#11948 = CARTESIAN_POINT ( 'NONE',  ( -72.84391516214240880, -16.04946234676810235, 8.942718551623828560 ) ) ;
#11949 = AXIS2_PLACEMENT_3D ( 'NONE', #9255, #296, #4278 ) ;
#11950 = VERTEX_POINT ( 'NONE', #5471 ) ;
#11951 = FACE_OUTER_BOUND ( 'NONE', #3197, .T. ) ;
#11952 = EDGE_LOOP ( 'NONE', ( #306, #1213, #9187, #4114 ) ) ;
#11953 = CARTESIAN_POINT ( 'NONE',  ( 6.599999999999999645, -21.92031021678205249, -21.92031021678390346 ) ) ;
#11954 = DIRECTION ( 'NONE',  ( 1.000000000000000000, 0.000000000000000000, 0.000000000000000000 ) ) ;
#11955 = ORIENTED_EDGE ( 'NONE', *, *, #10361, .T. ) ;
#11956 = DIRECTION ( 'NONE',  ( -1.000000000000000000, -3.477373515934189786E-33, -6.022987596888499980E-33 ) ) ;
#11957 = LINE ( 'NONE', #6986, #8875 ) ;
#11958 = DIRECTION ( 'NONE',  ( -6.705557021117060106E-18, -1.000000000000000000, 0.000000000000000000 ) ) ;
#11959 = ORIENTED_EDGE ( 'NONE', *, *, #10276, .F. ) ;
#11960 = ORIENTED_EDGE ( 'NONE', *, *, #6060, .T. ) ;
#11961 = ORIENTED_EDGE ( 'NONE', *, *, #8444, .T. ) ;
#11962 = PLANE ( 'NONE',  #962 ) ;
#11963 = AXIS2_PLACEMENT_3D ( 'NONE', #5203, #6248, #8000 ) ;
#11964 = ORIENTED_EDGE ( 'NONE', *, *, #8903, .T. ) ;
#11965 = CARTESIAN_POINT ( 'NONE',  ( -73.59999999999999432, 17.67243103054569886, -20.47127414141014867 ) ) ;
#11966 = CARTESIAN_POINT ( 'NONE',  ( -1.899999999999999911, -11.86318640331639962, -28.64026550785050418 ) ) ;
#11967 = ADVANCED_FACE ( 'NONE', ( #7296 ), #6385, .T. ) ;
#11968 = VECTOR ( 'NONE', #9160, 1000.000000000000114 ) ;
#11969 = CARTESIAN_POINT ( 'NONE',  ( 17.54641016151375155, -31.00000000000159872, -1.223728241270682092E-12 ) ) ;
#11970 = EDGE_CURVE ( 'NONE', #9624, #7444, #12877, .T. ) ;
#11971 = DIRECTION ( 'NONE',  ( -4.112988807310478308E-18, -0.9238795325112874046, 0.3826834323650881720 ) ) ;
#11972 = LINE ( 'NONE', #5950, #9954 ) ;
#11973 = VERTEX_POINT ( 'NONE', #5600 ) ;
#11974 = CARTESIAN_POINT ( 'NONE',  ( 6.600000000000989964, -21.92031021678345226, -21.92031021678255343 ) ) ;
#11975 = AXIS2_PLACEMENT_3D ( 'NONE', #11158, #4202, #7217 ) ;
#11976 = DIRECTION ( 'NONE',  ( 0.000000000000000000, -0.9238795325112788559, 0.3826834323651089331 ) ) ;
#11977 = ADVANCED_FACE ( 'NONE', ( #1519 ), #10434, .F. ) ;
#11978 = VERTEX_POINT ( 'NONE', #4354 ) ;
#11979 = EDGE_CURVE ( 'NONE', #1336, #4805, #2448, .T. ) ;
#11980 = AXIS2_PLACEMENT_3D ( 'NONE', #3924, #6997, #10732 ) ;
#11981 = CARTESIAN_POINT ( 'NONE',  ( -73.59999999999999432, -17.98165529125084916, -8.787637508831879884 ) ) ;
#11982 = DIRECTION ( 'NONE',  ( 0.000000000000000000, -0.8314696123025475671, -0.5555702330195985139 ) ) ;
#11983 = EDGE_CURVE ( 'NONE', #5293, #5198, #5411, .T. ) ;
#11984 = ORIENTED_EDGE ( 'NONE', *, *, #512, .T. ) ;
#11985 = DIRECTION ( 'NONE',  ( -6.705557021117060106E-18, -1.000000000000000000, 0.000000000000000000 ) ) ;
#11986 = CARTESIAN_POINT ( 'NONE',  ( -1.899999999999999911, -1.250000000002960077, 31.00000000000000000 ) ) ;
#11987 = CARTESIAN_POINT ( 'NONE',  ( -73.29999999999999716, 19.07454579984565157, -20.65586605269265164 ) ) ;
#11988 = ADVANCED_FACE ( 'NONE', ( #419 ), #611, .F. ) ;
#11989 = DIRECTION ( 'NONE',  ( 0.000000000000000000, 0.8314696123025475671, 0.5555702330195986249 ) ) ;
#11990 = ORIENTED_EDGE ( 'NONE', *, *, #11099, .T. ) ;
#11991 = CARTESIAN_POINT ( 'NONE',  ( 17.54641016151380128, -1.578796948577510217E-12, -1.742410560587744990E-12 ) ) ;
#11992 = DIRECTION ( 'NONE',  ( 0.000000000000000000, -0.8314696123025484553, -0.5555702330195974037 ) ) ;
#11993 = VERTEX_POINT ( 'NONE', #8398 ) ;
#11994 = EDGE_CURVE ( 'NONE', #4896, #1335, #3427, .T. ) ;
#11995 = VERTEX_POINT ( 'NONE', #2385 ) ;
#11996 = ADVANCED_FACE ( 'NONE', ( #3300 ), #3363, .F. ) ;
#11997 = CYLINDRICAL_SURFACE ( 'NONE', #9732, 1.749999999999999556 ) ;
#11998 = LINE ( 'NONE', #5073, #4235 ) ;
#11999 = DIRECTION ( 'NONE',  ( 1.000000000000000000, 0.000000000000000000, 0.000000000000000000 ) ) ;
#12000 = FACE_OUTER_BOUND ( 'NONE', #5863, .T. ) ;
#12001 = CARTESIAN_POINT ( 'NONE',  ( -73.59999999999999432, -23.17507810235494858, -8.260039645773378680 ) ) ;
#12002 = EDGE_LOOP ( 'NONE', ( #590, #1244, #11754, #6850 ) ) ;
#12003 = PLANE ( 'NONE',  #12618 ) ;
#12004 = DIRECTION ( 'NONE',  ( -9.998406201595429065E-17, -0.8314696123025480112, -0.5555702330195979588 ) ) ;
#12005 = FACE_BOUND ( 'NONE', #2987, .T. ) ;
#12006 = ORIENTED_EDGE ( 'NONE', *, *, #2098, .F. ) ;
#12007 = LINE ( 'NONE', #164, #11230 ) ;
#12008 = DIRECTION ( 'NONE',  ( 7.592831564818952788E-18, 0.3826834323650881720, 0.9238795325112874046 ) ) ;
#12009 = FACE_OUTER_BOUND ( 'NONE', #11722, .T. ) ;
#12011 = ADVANCED_FACE ( 'NONE', ( #9445 ), #6454, .F. ) ;
#12010 = VERTEX_POINT ( 'NONE', #7363 ) ;
#12012 = DIRECTION ( 'NONE',  ( 0.000000000000000000, 0.8314696123025481223, 0.5555702330195977368 ) ) ;
#12013 = ORIENTED_EDGE ( 'NONE', *, *, #9651, .F. ) ;
#12014 = CARTESIAN_POINT ( 'NONE',  ( -73.59999999999999432, -12.62855326804760026, -30.48802457287260026 ) ) ;
#12015 = VECTOR ( 'NONE', #12742, 1000.000000000000000 ) ;
#12016 = PLANE ( 'NONE',  #11409 ) ;
#12017 = AXIS2_PLACEMENT_3D ( 'NONE', #8105, #12107, #7134 ) ;
#12018 = LINE ( 'NONE', #11246, #2865 ) ;
#12019 = VERTEX_POINT ( 'NONE', #6328 ) ;
#12020 = AXIS2_PLACEMENT_3D ( 'NONE', #7268, #8172, #11076 ) ;
#12021 = ORIENTED_EDGE ( 'NONE', *, *, #11050, .T. ) ;
#12022 = VECTOR ( 'NONE', #11875, 1000.000000000000000 ) ;
#12023 = VECTOR ( 'NONE', #2482, 1000.000000000000000 ) ;
#12024 = ORIENTED_EDGE ( 'NONE', *, *, #311, .T. ) ;
#12025 = ADVANCED_FACE ( 'NONE', ( #8459 ), #5344, .F. ) ;
#12026 = ORIENTED_EDGE ( 'NONE', *, *, #380, .T. ) ;
#12027 = DIRECTION ( 'NONE',  ( 0.000000000000000000, -0.9238795325112872936, 0.3826834323650885605 ) ) ;
#12028 = AXIS2_PLACEMENT_3D ( 'NONE', #11600, #3610, #7668 ) ;
#12029 = CARTESIAN_POINT ( 'NONE',  ( 14.10000000000099973, 27.02347632595550309, 12.53288240995590108 ) ) ;
#12030 = CARTESIAN_POINT ( 'NONE',  ( -72.84391516214240880, -11.43006468421165955, 7.029301389798390254 ) ) ;
#12031 = LINE ( 'NONE', #6348, #11100 ) ;
#12032 = CIRCLE ( 'NONE', #9726, 1.000000000000000666 ) ;
#12033 = AXIS2_PLACEMENT_3D ( 'NONE', #3717, #9928, #11902 ) ;
#12034 = AXIS2_PLACEMENT_3D ( 'NONE', #2813, #718, #1705 ) ;
#12035 = LINE ( 'NONE', #2022, #312 ) ;
#12036 = ORIENTED_EDGE ( 'NONE', *, *, #1204, .T. ) ;
#12037 = DIRECTION ( 'NONE',  ( -1.000000000000000000, 4.451867004922774877E-18, 0.000000000000000000 ) ) ;
#12038 = VECTOR ( 'NONE', #3601, 1000.000000000000114 ) ;
#12039 = VECTOR ( 'NONE', #272, 1000.000000000000000 ) ;
#12040 = LINE ( 'NONE', #9152, #9413 ) ;
#12041 = ORIENTED_EDGE ( 'NONE', *, *, #11805, .T. ) ;
#12042 = EDGE_CURVE ( 'NONE', #3706, #2846, #2017, .T. ) ;
#12043 = EDGE_CURVE ( 'NONE', #2652, #12793, #11019, .T. ) ;
#12044 = CARTESIAN_POINT ( 'NONE',  ( -1.899999999999999911, -2.973621349156020086E-12, 31.00000000000000000 ) ) ;
#12045 = AXIS2_PLACEMENT_3D ( 'NONE', #1641, #11790, #12824 ) ;
#12046 = AXIS2_PLACEMENT_3D ( 'NONE', #8666, #5743, #12724 ) ;
#12047 = VECTOR ( 'NONE', #6002, 1000.000000000000000 ) ;
#12048 = EDGE_LOOP ( 'NONE', ( #10501, #9824, #1439, #9967 ) ) ;
#12049 = DIRECTION ( 'NONE',  ( 0.000000000000000000, -0.8314696123025481223, -0.5555702330195977368 ) ) ;
#12050 = DIRECTION ( 'NONE',  ( -1.000000000000000000, 0.000000000000000000, 0.000000000000000000 ) ) ;
#12051 = ADVANCED_FACE ( 'NONE', ( #3555 ), #7548, .T. ) ;
#12052 = DIRECTION ( 'NONE',  ( 1.000000000000000000, -6.322502648911709143E-17, 9.462293898829198836E-17 ) ) ;
#12053 = EDGE_CURVE ( 'NONE', #1241, #9861, #10984, .T. ) ;
#12054 = DIRECTION ( 'NONE',  ( -8.632079425444793286E-18, -0.7933533402912363863, -0.6087614290087192126 ) ) ;
#12055 = ORIENTED_EDGE ( 'NONE', *, *, #8941, .T. ) ;
#12056 = FACE_BOUND ( 'NONE', #4181, .T. ) ;
#12057 = FACE_OUTER_BOUND ( 'NONE', #11691, .T. ) ;
#12058 = CARTESIAN_POINT ( 'NONE',  ( -1.899999999999999911, -21.92031021678345226, 21.92031021678250013 ) ) ;
#12059 = ORIENTED_EDGE ( 'NONE', *, *, #3709, .T. ) ;
#12060 = VECTOR ( 'NONE', #12504, 1000.000000000000000 ) ;
#12061 = ORIENTED_EDGE ( 'NONE', *, *, #9815, .F. ) ;
#12062 = CARTESIAN_POINT ( 'NONE',  ( -73.59999999999999432, -9.581850590532669187, 2.345344166792684870 ) ) ;
#12063 = DIRECTION ( 'NONE',  ( 1.000000000000000000, 0.000000000000000000, 0.000000000000000000 ) ) ;
#12064 = DIRECTION ( 'NONE',  ( 1.000000000000000000, -6.322502648911719004E-17, 9.462293898829198836E-17 ) ) ;
#12065 = DIRECTION ( 'NONE',  ( 1.000000000000000000, -6.322502648911709143E-17, 9.462293898829198836E-17 ) ) ;
#12066 = DIRECTION ( 'NONE',  ( 1.000000000000000000, -2.905650844594904641E-18, -7.014861676541880450E-18 ) ) ;
#12067 = VERTEX_POINT ( 'NONE', #7610 ) ;
#12068 = DIRECTION ( 'NONE',  ( 1.156482317317993998E-16, 0.8660254037844211661, -0.5000000000000301981 ) ) ;
#12069 = AXIS2_PLACEMENT_3D ( 'NONE', #10570, #4363, #4485 ) ;
#12070 = LINE ( 'NONE', #4080, #7350 ) ;
#12071 = CARTESIAN_POINT ( 'NONE',  ( 17.54641016151375155, -21.92031021678445057, 21.92031021678135261 ) ) ;
#12072 = ORIENTED_EDGE ( 'NONE', *, *, #11496, .T. ) ;
#12073 = EDGE_CURVE ( 'NONE', #8493, #5298, #10755, .T. ) ;
#12074 = DIRECTION ( 'NONE',  ( 7.592831564818957410E-18, 0.3826834323650886160, 0.9238795325112872936 ) ) ;
#12075 = LINE ( 'NONE', #4088, #10077 ) ;
#12076 = DIRECTION ( 'NONE',  ( 1.000000000000000000, -6.705557021117060106E-18, -5.440889002481110112E-18 ) ) ;
#12077 = ORIENTED_EDGE ( 'NONE', *, *, #9651, .T. ) ;
#12078 = AXIS2_PLACEMENT_3D ( 'NONE', #5804, #4683, #11690 ) ;
#12079 = DIRECTION ( 'NONE',  ( 1.000000000000000000, 0.000000000000000000, 0.000000000000000000 ) ) ;
#12080 = ORIENTED_EDGE ( 'NONE', *, *, #10423, .F. ) ;
#12081 = CARTESIAN_POINT ( 'NONE',  ( 17.54641016151380128, 21.92031021678154801, 21.92031021678105063 ) ) ;
#12082 = EDGE_CURVE ( 'NONE', #7161, #5610, #1919, .T. ) ;
#12083 = DIRECTION ( 'NONE',  ( -1.000000000000000000, 4.451867004922774877E-18, 0.000000000000000000 ) ) ;
#12084 = EDGE_CURVE ( 'NONE', #11001, #10148, #12435, .T. ) ;
#12085 = AXIS2_PLACEMENT_3D ( 'NONE', #1895, #5955, #8826 ) ;
#12086 = DIRECTION ( 'NONE',  ( 0.000000000000000000, -0.9238795325112872936, 0.3826834323650886160 ) ) ;
#12087 = ORIENTED_EDGE ( 'NONE', *, *, #3060, .F. ) ;
#12088 = ORIENTED_EDGE ( 'NONE', *, *, #12441, .F. ) ;
#12089 = LINE ( 'NONE', #6212, #7850 ) ;
#12090 = EDGE_LOOP ( 'NONE', ( #6470, #12387 ) ) ;
#12091 = CARTESIAN_POINT ( 'NONE',  ( -72.84391516214240880, -16.62303246665929990, 3.638308894581370190 ) ) ;
#12092 = ORIENTED_EDGE ( 'NONE', *, *, #5428, .T. ) ;
#12093 = AXIS2_PLACEMENT_3D ( 'NONE', #9802, #12612, #2801 ) ;
#12094 = CARTESIAN_POINT ( 'NONE',  ( -1.899999999999999911, -11.86318640331823993, 28.64026550784970127 ) ) ;
#12095 = VECTOR ( 'NONE', #2068, 1000.000000000000000 ) ;
#12096 = FACE_OUTER_BOUND ( 'NONE', #8653, .T. ) ;
#12097 = VERTEX_POINT ( 'NONE', #4947 ) ;
#12098 = DIRECTION ( 'NONE',  ( -1.000000000000000000, 0.000000000000000000, 0.000000000000000000 ) ) ;
#12099 = DIRECTION ( 'NONE',  ( -1.000000000000000000, 0.000000000000000000, -1.074775770116589937E-17 ) ) ;
#12100 = ORIENTED_EDGE ( 'NONE', *, *, #10118, .F. ) ;
#12101 = DIRECTION ( 'NONE',  ( 1.000000000000000000, -6.705557021117060106E-18, -5.440889002481110112E-18 ) ) ;
#12102 = EDGE_CURVE ( 'NONE', #5887, #9456, #4280, .T. ) ;
#12103 = CARTESIAN_POINT ( 'NONE',  ( 14.10000000000099973, -27.02347632595544979, -12.53288240995610003 ) ) ;
#12104 = CIRCLE ( 'NONE', #7914, 0.9999999999999996669 ) ;
#12105 = ORIENTED_EDGE ( 'NONE', *, *, #11178, .F. ) ;
#12106 = ADVANCED_FACE ( 'NONE', ( #808 ), #2610, .T. ) ;
#12107 = DIRECTION ( 'NONE',  ( 1.000000000000000000, -6.322502648911728864E-17, 9.462293898829198836E-17 ) ) ;
#12108 = FACE_OUTER_BOUND ( 'NONE', #2912, .T. ) ;
#12109 = CARTESIAN_POINT ( 'NONE',  ( 6.599999999999999645, -3.301963206785260407E-12, 34.42296358256754729 ) ) ;
#12110 = CARTESIAN_POINT ( 'NONE',  ( -73.59999999999999432, -19.85661083044884734, 4.977700907859180290 ) ) ;
#12111 = FACE_BOUND ( 'NONE', #7780, .T. ) ;
#12112 = CARTESIAN_POINT ( 'NONE',  ( -72.84391516214240880, -5.801443552370909806, 15.39174300424269859 ) ) ;
#12113 = ORIENTED_EDGE ( 'NONE', *, *, #10946, .F. ) ;
#12114 = CYLINDRICAL_SURFACE ( 'NONE', #7324, 1.000000000000000666 ) ;
#12115 = DIRECTION ( 'NONE',  ( 0.000000000000000000, 0.000000000000000000, 1.000000000000000000 ) ) ;
#12116 = ORIENTED_EDGE ( 'NONE', *, *, #1940, .T. ) ;
#12117 = FACE_OUTER_BOUND ( 'NONE', #7405, .T. ) ;
#12118 = ORIENTED_EDGE ( 'NONE', *, *, #5653, .T. ) ;
#12119 = ORIENTED_EDGE ( 'NONE', *, *, #10985, .T. ) ;
#12120 = EDGE_LOOP ( 'NONE', ( #7828, #6362, #9957, #1558 ) ) ;
#12121 = PLANE ( 'NONE',  #12292 ) ;
#12122 = DIRECTION ( 'NONE',  ( 1.000000000000000000, 0.000000000000000000, 0.000000000000000000 ) ) ;
#12123 = DIRECTION ( 'NONE',  ( 0.000000000000000000, 0.000000000000000000, -1.000000000000000000 ) ) ;
#12124 = SURFACE_SIDE_STYLE ('',( #4145 ) ) ;
#12125 = CARTESIAN_POINT ( 'NONE',  ( -78.79999999999999716, -15.70478550837409948, -12.43672835338790073 ) ) ;
#12126 = VERTEX_POINT ( 'NONE', #4884 ) ;
#12127 = EDGE_CURVE ( 'NONE', #5467, #11373, #5348, .T. ) ;
#12128 = FACE_OUTER_BOUND ( 'NONE', #11147, .T. ) ;
#12129 = CARTESIAN_POINT ( 'NONE',  ( -1.899999999999999911, 29.75000000000001776, 2.188080418875507838E-12 ) ) ;
#12130 = ADVANCED_FACE ( 'NONE', ( #5796 ), #6899, .F. ) ;
#12131 = EDGE_CURVE ( 'NONE', #9717, #10760, #3822, .T. ) ;
#12132 = ORIENTED_EDGE ( 'NONE', *, *, #3337, .F. ) ;
#12133 = EDGE_CURVE ( 'NONE', #708, #757, #9936, .T. ) ;
#12134 = CARTESIAN_POINT ( 'NONE',  ( -73.29999999999999716, 17.67243103054569886, -20.47127414141014867 ) ) ;
#12135 = EDGE_CURVE ( 'NONE', #6337, #11626, #1653, .T. ) ;
#12136 = VECTOR ( 'NONE', #3744, 1000.000000000000000 ) ;
#12137 = DIRECTION ( 'NONE',  ( -1.000000000000000000, 1.067925513466053880E-16, -6.551204957150059656E-17 ) ) ;
#12138 = DIRECTION ( 'NONE',  ( 1.000000000000000000, -6.322502648911709143E-17, 9.462293898829198836E-17 ) ) ;
#12139 = VECTOR ( 'NONE', #6670, 1000.000000000000000 ) ;
#12140 = ORIENTED_EDGE ( 'NONE', *, *, #6481, .T. ) ;
#12141 = CARTESIAN_POINT ( 'NONE',  ( -2.651075773784429934, 21.92031021678110037, 21.92031021678485203 ) ) ;
#12142 = AXIS2_PLACEMENT_3D ( 'NONE', #6277, #11506, #12411 ) ;
#12143 = ORIENTED_EDGE ( 'NONE', *, *, #8494, .T. ) ;
#12144 = CARTESIAN_POINT ( 'NONE',  ( 14.10000000000099973, 13.47997558521310069, 27.97056950121070074 ) ) ;
#12145 = EDGE_CURVE ( 'NONE', #10174, #6337, #8259, .T. ) ;
#12146 = DIRECTION ( 'NONE',  ( 0.000000000000000000, 0.000000000000000000, -1.000000000000000000 ) ) ;
#12147 = AXIS2_PLACEMENT_3D ( 'NONE', #7911, #1829, #6805 ) ;
#12148 = CONICAL_SURFACE ( 'NONE', #10905, 1.249999999999987121, 1.029744258676652313 ) ;
#12149 = DIRECTION ( 'NONE',  ( 0.000000000000000000, 0.8314696123025475671, 0.5555702330195986249 ) ) ;
#12150 = ORIENTED_EDGE ( 'NONE', *, *, #6286, .F. ) ;
#12151 = ORIENTED_EDGE ( 'NONE', *, *, #8549, .T. ) ;
#12152 = VECTOR ( 'NONE', #12079, 1000.000000000000000 ) ;
#12153 = EDGE_LOOP ( 'NONE', ( #8587, #6804, #9008, #12 ) ) ;
#12154 = DIRECTION ( 'NONE',  ( -7.592831564818951247E-18, -0.3826834323650886160, -0.9238795325112872936 ) ) ;
#12155 = EDGE_CURVE ( 'NONE', #7304, #7149, #7011, .T. ) ;
#12156 = ORIENTED_EDGE ( 'NONE', *, *, #7096, .T. ) ;
#12157 = CARTESIAN_POINT ( 'NONE',  ( -59.50000000000000000, 20.38209143402159640, -22.94811514787109985 ) ) ;
#12158 = EDGE_LOOP ( 'NONE', ( #2268, #9133, #12949, #8534 ) ) ;
#12159 = DIRECTION ( 'NONE',  ( 1.000000000000000000, -6.322502648911719004E-17, 9.462293898829198836E-17 ) ) ;
#12160 = AXIS2_PLACEMENT_3D ( 'NONE', #1477, #5499, #4754 ) ;
#12161 = FACE_OUTER_BOUND ( 'NONE', #6640, .T. ) ;
#12162 = ORIENTED_EDGE ( 'NONE', *, *, #1345, .T. ) ;
#12163 = AXIS2_PLACEMENT_3D ( 'NONE', #11469, #8632, #12617 ) ;
#12164 = ORIENTED_EDGE ( 'NONE', *, *, #11474, .F. ) ;
#12165 = CARTESIAN_POINT ( 'NONE',  ( -72.84391516214240880, 3.524458492088485162, -16.49199549254814912 ) ) ;
#12166 = CIRCLE ( 'NONE', #7766, 1.849999999999998979 ) ;
#12167 = FACE_OUTER_BOUND ( 'NONE', #9776, .T. ) ;
#12168 = ORIENTED_EDGE ( 'NONE', *, *, #955, .F. ) ;
#12169 = CARTESIAN_POINT ( 'NONE',  ( 6.599999999999999645, -23.17031021678204894, -21.92031021678400293 ) ) ;
#12170 = CARTESIAN_POINT ( 'NONE',  ( 5.100000000000011191, 4.039350235086123505E-15, -2.332119945578339300E-15 ) ) ;
#12171 = ORIENTED_EDGE ( 'NONE', *, *, #9881, .F. ) ;
#12172 = DIRECTION ( 'NONE',  ( 0.000000000000000000, 1.000000000000000000, 9.714451465470232062E-14 ) ) ;
#12173 = CIRCLE ( 'NONE', #5291, 1.749999999999999556 ) ;
#12174 = CARTESIAN_POINT ( 'NONE',  ( 6.600000000000989964, -20.30352103488770155, 21.25061421014460095 ) ) ;
#12175 = DIRECTION ( 'NONE',  ( 1.000000000000000000, -6.322502648911709143E-17, 9.462293898829198836E-17 ) ) ;
#12176 = DIRECTION ( 'NONE',  ( 1.000000000000000000, 0.000000000000000000, 0.000000000000000000 ) ) ;
#12177 = EDGE_CURVE ( 'NONE', #5298, #1241, #10827, .T. ) ;
#12178 = DIRECTION ( 'NONE',  ( 0.000000000000000000, 0.9238795325112917345, -0.3826834323650779024 ) ) ;
#12179 = AXIS2_PLACEMENT_3D ( 'NONE', #6574, #8591, #3554 ) ;
#12180 = LINE ( 'NONE', #5251, #7857 ) ;
#12181 = ORIENTED_EDGE ( 'NONE', *, *, #6891, .F. ) ;
#12182 = EDGE_CURVE ( 'NONE', #8892, #6301, #5853, .T. ) ;
#12183 = DIRECTION ( 'NONE',  ( -7.592831564818951247E-18, -0.3826834323650886160, -0.9238795325112872936 ) ) ;
#12184 = AXIS2_PLACEMENT_3D ( 'NONE', #644, #10661, #8499 ) ;
#12185 = DIRECTION ( 'NONE',  ( 0.000000000000000000, 0.9238795325112787449, -0.3826834323651089331 ) ) ;
#12186 = ORIENTED_EDGE ( 'NONE', *, *, #8447, .T. ) ;
#12187 = DIRECTION ( 'NONE',  ( -1.138020410947518757E-16, -0.5555702330195981808, 0.8314696123025481223 ) ) ;
#12188 = EDGE_LOOP ( 'NONE', ( #9790, #7827 ) ) ;
#12189 = ORIENTED_EDGE ( 'NONE', *, *, #686, .F. ) ;
#12190 = DIRECTION ( 'NONE',  ( 0.000000000000000000, 1.000000000000000000, 9.714451465470219441E-14 ) ) ;
#12191 = EDGE_CURVE ( 'NONE', #1713, #489, #872, .T. ) ;
#12192 = DIRECTION ( 'NONE',  ( 0.000000000000000000, 0.3826834323650881720, 0.9238795325112874046 ) ) ;
#12193 = FACE_OUTER_BOUND ( 'NONE', #6073, .T. ) ;
#12194 = DIRECTION ( 'NONE',  ( -4.112988807310475227E-18, -0.9238795325112871826, 0.3826834323650885605 ) ) ;
#12195 = DIRECTION ( 'NONE',  ( 0.000000000000000000, -0.9238795325112917345, 0.3826834323650779024 ) ) ;
#12196 = VERTEX_POINT ( 'NONE', #10890 ) ;
#12197 = DIRECTION ( 'NONE',  ( 1.000000000000000000, 0.000000000000000000, 0.000000000000000000 ) ) ;
#12198 = CARTESIAN_POINT ( 'NONE',  ( -78.79999999999999716, -16.25957984560795211, -4.630179612531089894 ) ) ;
#12199 = EDGE_LOOP ( 'NONE', ( #11447, #6321, #6792, #8655 ) ) ;
#12200 = EDGE_CURVE ( 'NONE', #7181, #11317, #6703, .T. ) ;
#12201 = ADVANCED_FACE ( 'NONE', ( #8650 ), #12641, .F. ) ;
#12202 = FACE_BOUND ( 'NONE', #2917, .T. ) ;
#12203 = DIRECTION ( 'NONE',  ( 0.000000000000000000, 1.000000000000000000, 9.714451465470232062E-14 ) ) ;
#12204 = CARTESIAN_POINT ( 'NONE',  ( -68.79999999999999716, -1.386985843084697967, 19.51637185214205061 ) ) ;
#12205 = FACE_OUTER_BOUND ( 'NONE', #5628, .T. ) ;
#12206 = ORIENTED_EDGE ( 'NONE', *, *, #9646, .T. ) ;
#12207 = ADVANCED_FACE ( 'NONE', ( #1719 ), #9697, .F. ) ;
#12208 = DIRECTION ( 'NONE',  ( 0.000000000000000000, 1.000000000000000000, 9.714451465470232062E-14 ) ) ;
#12209 = EDGE_CURVE ( 'NONE', #7554, #11070, #2047, .T. ) ;
#12210 = CARTESIAN_POINT ( 'NONE',  ( -73.29999999999999716, 14.99584422548720042, -15.34039867274135105 ) ) ;
#12211 = DIRECTION ( 'NONE',  ( 2.170249086492574502E-18, -0.4146932426562394691, 0.9099612708765428826 ) ) ;
#12212 = VERTEX_POINT ( 'NONE', #10095 ) ;
#12213 = VERTEX_POINT ( 'NONE', #11227 ) ;
#12214 = VERTEX_POINT ( 'NONE', #3097 ) ;
#12215 = FACE_OUTER_BOUND ( 'NONE', #4456, .T. ) ;
#12216 = ADVANCED_FACE ( 'NONE', ( #4203 ), #8041, .F. ) ;
#12217 = ORIENTED_EDGE ( 'NONE', *, *, #3088, .F. ) ;
#12218 = DIRECTION ( 'NONE',  ( -1.000000000000000000, 0.000000000000000000, 0.000000000000000000 ) ) ;
#12219 = VERTEX_POINT ( 'NONE', #4013 ) ;
#12220 = CARTESIAN_POINT ( 'NONE',  ( -65.19999999999998863, -2.066205161904769999E-14, 1.491883645478428116E-14 ) ) ;
#12221 = VERTEX_POINT ( 'NONE', #8129 ) ;
#12222 = ADVANCED_FACE ( 'NONE', ( #10961 ), #3654, .T. ) ;
#12223 = CIRCLE ( 'NONE', #8242, 1.750000000000001332 ) ;
#12224 = EDGE_LOOP ( 'NONE', ( #4910, #8621, #2879, #1597 ) ) ;
#12225 = CARTESIAN_POINT ( 'NONE',  ( -72.84391516214240880, -11.30392603617555913, -1.812113729508110227 ) ) ;
#12226 = DIRECTION ( 'NONE',  ( 1.000000000000000000, 0.000000000000000000, 0.000000000000000000 ) ) ;
#12227 = AXIS2_PLACEMENT_3D ( 'NONE', #12302, #10080, #3137 ) ;
#12228 = CARTESIAN_POINT ( 'NONE',  ( -73.59999999999999432, -12.47917280744620072, 8.416219224918918940 ) ) ;
#12229 = CARTESIAN_POINT ( 'NONE',  ( -73.59999999999999432, 1.049419181516655842E-14, 5.142634763737189527E-15 ) ) ;
#12230 = ORIENTED_EDGE ( 'NONE', *, *, #7166, .T. ) ;
#12231 = AXIS2_PLACEMENT_3D ( 'NONE', #8675, #7509, #12672 ) ;
#12232 = AXIS2_PLACEMENT_3D ( 'NONE', #7288, #5334, #11294 ) ;
#12233 = CARTESIAN_POINT ( 'NONE',  ( -73.59999999999999432, -17.63180090728720018, -10.55614023996390038 ) ) ;
#12234 = ADVANCED_FACE ( 'NONE', ( #7031 ), #5762, .F. ) ;
#12235 = DIRECTION ( 'NONE',  ( -1.000000000000000000, 1.579784224483881278E-16, 4.233019071658342777E-17 ) ) ;
#12236 = VECTOR ( 'NONE', #5633, 1000.000000000000000 ) ;
#12237 = CIRCLE ( 'NONE', #6601, 45.00000000000000000 ) ;
#12238 = AXIS2_PLACEMENT_3D ( 'NONE', #2288, #392, #10403 ) ;
#12239 = DIRECTION ( 'NONE',  ( 1.000000000000000000, -6.322502648911719004E-17, 9.462293898829198836E-17 ) ) ;
#12240 = CARTESIAN_POINT ( 'NONE',  ( -1.899999999999999911, -21.92031021678205249, -21.92031021678390346 ) ) ;
#12241 = CARTESIAN_POINT ( 'NONE',  ( -59.50000000000000000, -27.10204672509194879, -10.83538147223281989 ) ) ;
#12242 = AXIS2_PLACEMENT_3D ( 'NONE', #7998, #11873, #2898 ) ;
#12243 = CARTESIAN_POINT ( 'NONE',  ( -1.899999999999999911, -10.61318640331823993, 28.64026550784985048 ) ) ;
#12244 = ORIENTED_EDGE ( 'NONE', *, *, #3548, .F. ) ;
#12245 = AXIS2_PLACEMENT_3D ( 'NONE', #4732, #9759, #795 ) ;
#12246 = LINE ( 'NONE', #11083, #3993 ) ;
#12247 = DIRECTION ( 'NONE',  ( -1.000000000000000000, 0.000000000000000000, 0.000000000000000000 ) ) ;
#12248 = VECTOR ( 'NONE', #5489, 1000.000000000000000 ) ;
#12249 = EDGE_LOOP ( 'NONE', ( #7796, #12413 ) ) ;
#12250 = ADVANCED_FACE ( 'NONE', ( #12193 ), #9173, .F. ) ;
#12251 = DIRECTION ( 'NONE',  ( 0.000000000000000000, 0.8314696123025488994, 0.5555702330195969596 ) ) ;
#12252 = EDGE_CURVE ( 'NONE', #2779, #3710, #12237, .T. ) ;
#12253 = ORIENTED_EDGE ( 'NONE', *, *, #5817, .F. ) ;
#12254 = CARTESIAN_POINT ( 'NONE',  ( -56.21032168798580386, -14.69038449352011888, 17.45007459676154937 ) ) ;
#12255 = CARTESIAN_POINT ( 'NONE',  ( -56.21032168798580386, -23.30076172173459881, -3.337214884742405019 ) ) ;
#12256 = CARTESIAN_POINT ( 'NONE',  ( -73.59999999999999432, -19.28258568190119959, 6.363520206626120057 ) ) ;
#12257 = FILL_AREA_STYLE ('',( #8130 ) ) ;
#12258 = AXIS2_PLACEMENT_3D ( 'NONE', #9432, #8640, #1706 ) ;
#12259 = DIRECTION ( 'NONE',  ( -1.000000000000000000, 0.000000000000000000, 0.000000000000000000 ) ) ;
#12260 = ORIENTED_EDGE ( 'NONE', *, *, #3168, .T. ) ;
#12261 = LINE ( 'NONE', #7290, #9410 ) ;
#12262 = DIRECTION ( 'NONE',  ( 0.5150380749100549327, -0.8571673007021118895, -8.211731712495846242E-14 ) ) ;
#12263 = ADVANCED_FACE ( 'NONE', ( #1057 ), #7157, .F. ) ;
#12264 = CIRCLE ( 'NONE', #761, 1.850000000000000311 ) ;
#12265 = ORIENTED_EDGE ( 'NONE', *, *, #10915, .F. ) ;
#12266 = DIRECTION ( 'NONE',  ( 1.000000000000000000, -6.705557021117060106E-18, -5.440889002481110112E-18 ) ) ;
#12267 = FACE_OUTER_BOUND ( 'NONE', #9765, .T. ) ;
#12268 = CARTESIAN_POINT ( 'NONE',  ( -1.899999999999999911, -27.39026550785025194, 11.86318640331711904 ) ) ;
#12269 = DIRECTION ( 'NONE',  ( -1.000000000000000000, 6.705557021117060106E-18, 5.440889002481110112E-18 ) ) ;
#12270 = VERTEX_POINT ( 'NONE', #8917 ) ;
#12271 = CIRCLE ( 'NONE', #1609, 1.750000000000001110 ) ;
#12272 = DIRECTION ( 'NONE',  ( 0.000000000000000000, 1.000000000000000000, 9.714451465470228276E-14 ) ) ;
#12273 = DIRECTION ( 'NONE',  ( 0.000000000000000000, -0.9238795325112868495, 0.3826834323650896152 ) ) ;
#12274 = EDGE_CURVE ( 'NONE', #4774, #6460, #105, .T. ) ;
#12275 = CARTESIAN_POINT ( 'NONE',  ( 5.599999999999999645, -1.480450557970719736E-13, -42.50000000000000000 ) ) ;
#12276 = VERTEX_POINT ( 'NONE', #3222 ) ;
#12277 = EDGE_LOOP ( 'NONE', ( #6790, #2504 ) ) ;
#12278 = VECTOR ( 'NONE', #10706, 999.9999999999998863 ) ;
#12279 = ORIENTED_EDGE ( 'NONE', *, *, #3409, .F. ) ;
#12280 = FACE_OUTER_BOUND ( 'NONE', #11936, .T. ) ;
#12281 = ADVANCED_FACE ( 'NONE', ( #82 ), #8064, .F. ) ;
#12282 = ORIENTED_EDGE ( 'NONE', *, *, #9409, .F. ) ;
#12283 = EDGE_LOOP ( 'NONE', ( #991, #1225, #11500, #7387 ) ) ;
#12284 = CARTESIAN_POINT ( 'NONE',  ( -72.84391516214240880, -9.609047064708040153, 15.34531571875355027 ) ) ;
#12285 = ORIENTED_EDGE ( 'NONE', *, *, #6656, .F. ) ;
#12286 = CARTESIAN_POINT ( 'NONE',  ( 17.60000000000000142, -26.93575280263139859, -10.72426742562889856 ) ) ;
#12287 = EDGE_LOOP ( 'NONE', ( #3977, #11195, #10788, #10705 ) ) ;
#12288 = VERTEX_POINT ( 'NONE', #1121 ) ;
#12289 = DIRECTION ( 'NONE',  ( 1.000000000000000000, -3.103811398048830141E-16, 1.871678662600109722E-16 ) ) ;
#12290 = AXIS2_PLACEMENT_3D ( 'NONE', #298, #11306, #10437 ) ;
#12291 = DIRECTION ( 'NONE',  ( 0.000000000000000000, 0.9238795325112867385, -0.3826834323650899483 ) ) ;
#12292 = AXIS2_PLACEMENT_3D ( 'NONE', #12254, #2303, #4466 ) ;
#12293 = EDGE_CURVE ( 'NONE', #10383, #6707, #9971, .T. ) ;
#12294 = CARTESIAN_POINT ( 'NONE',  ( -72.84391516214240880, 14.08389958601049941, -18.74750339099540142 ) ) ;
#12295 = DIRECTION ( 'NONE',  ( 9.637352644316613366E-17, 1.000000000000000000, 0.000000000000000000 ) ) ;
#12296 = VERTEX_POINT ( 'NONE', #2109 ) ;
#12297 = VECTOR ( 'NONE', #2146, 999.9999999999998863 ) ;
#12298 = ORIENTED_EDGE ( 'NONE', *, *, #9709, .F. ) ;
#12299 = DIRECTION ( 'NONE',  ( 0.000000000000000000, 0.000000000000000000, 1.000000000000000000 ) ) ;
#12300 = AXIS2_PLACEMENT_3D ( 'NONE', #4901, #97, #10050 ) ;
#12301 = EDGE_CURVE ( 'NONE', #7249, #12212, #6115, .T. ) ;
#12302 = CARTESIAN_POINT ( 'NONE',  ( 6.600000000000989964, -31.00000000000000000, 7.424616477180739413E-13 ) ) ;
#12303 = FACE_OUTER_BOUND ( 'NONE', #1466, .T. ) ;
#12304 = DIRECTION ( 'NONE',  ( 0.000000000000000000, -0.9238795325112924006, 0.3826834323650762371 ) ) ;
#12305 = DIRECTION ( 'NONE',  ( -1.000000000000000000, 0.000000000000000000, -1.074775770116589937E-17 ) ) ;
#12306 = LINE ( 'NONE', #10335, #8482 ) ;
#12307 = ORIENTED_EDGE ( 'NONE', *, *, #3972, .F. ) ;
#12308 = AXIS2_PLACEMENT_3D ( 'NONE', #1674, #4834, #7633 ) ;
#12309 = CARTESIAN_POINT ( 'NONE',  ( -72.84391516214240880, -4.620564206874199442, 20.85576386541984917 ) ) ;
#12310 = ADVANCED_FACE ( 'NONE', ( #7932, #9111 ), #5131, .T. ) ;
#12311 = CARTESIAN_POINT ( 'NONE',  ( -72.84391516214240880, -5.003247639239299716, 19.93188433290860218 ) ) ;
#12312 = ORIENTED_EDGE ( 'NONE', *, *, #10450, .T. ) ;
#12313 = CARTESIAN_POINT ( 'NONE',  ( 6.599999999999999645, 1.250000000001630029, -31.00000000000000000 ) ) ;
#12314 = CARTESIAN_POINT ( 'NONE',  ( -72.84391516214240880, 4.154805794937229457, -3.344565209727899724 ) ) ;
#12315 = ORIENTED_EDGE ( 'NONE', *, *, #5345, .T. ) ;
#12316 = ORIENTED_EDGE ( 'NONE', *, *, #12832, .F. ) ;
#12317 = EDGE_CURVE ( 'NONE', #10593, #6380, #7839, .T. ) ;
#12318 = DIRECTION ( 'NONE',  ( 1.551905699024413838E-16, 1.000000000000000000, -9.769962616701380711E-15 ) ) ;
#12319 = CYLINDRICAL_SURFACE ( 'NONE', #5774, 1.750000000000001332 ) ;
#12320 = LINE ( 'NONE', #5330, #4098 ) ;
#12321 = FACE_OUTER_BOUND ( 'NONE', #2088, .T. ) ;
#12322 = DIRECTION ( 'NONE',  ( 0.000000000000000000, -0.3826834323650881720, -0.9238795325112874046 ) ) ;
#12323 = EDGE_LOOP ( 'NONE', ( #10886, #8014, #4660, #5537 ) ) ;
#12324 = CARTESIAN_POINT ( 'NONE',  ( -78.79999999999999716, -12.26860027994992031, 18.07052703079829570 ) ) ;
#12325 = DIRECTION ( 'NONE',  ( -1.000000000000000000, 4.233019071658318125E-17, -1.579784224483893850E-16 ) ) ;
#12326 = ORIENTED_EDGE ( 'NONE', *, *, #11621, .T. ) ;
#12327 = LINE ( 'NONE', #7545, #11009 ) ;
#12328 = CARTESIAN_POINT ( 'NONE',  ( -72.84391516214240880, 0.7106549036514320239, -11.65948100232948015 ) ) ;
#12329 = CARTESIAN_POINT ( 'NONE',  ( -72.84391516214240880, 2.432730349294330185, -7.502023106028689270 ) ) ;
#12330 = CARTESIAN_POINT ( 'NONE',  ( 14.09999999999999964, -1.538218782761094916, 29.97219506891200069 ) ) ;
#12331 = ORIENTED_EDGE ( 'NONE', *, *, #12525, .T. ) ;
#12332 = EDGE_CURVE ( 'NONE', #12343, #2796, #10157, .T. ) ;
#12333 = CARTESIAN_POINT ( 'NONE',  ( 6.600000000000989964, -28.64026550784960179, 11.86318640331847796 ) ) ;
#12334 = CONICAL_SURFACE ( 'NONE', #10878, 1.249999999999987121, 1.029744258676652313 ) ;
#12335 = ADVANCED_FACE ( 'NONE', ( #11354 ), #9301, .F. ) ;
#12336 = DIRECTION ( 'NONE',  ( 0.000000000000000000, 0.8314696123025479002, 0.5555702330195982919 ) ) ;
#12337 = EDGE_LOOP ( 'NONE', ( #3765, #6444, #6223, #6405, #220 ) ) ;
#12338 = VERTEX_POINT ( 'NONE', #11539 ) ;
#12339 = VECTOR ( 'NONE', #6539, 1000.000000000000000 ) ;
#12340 = EDGE_LOOP ( 'NONE', ( #3585, #4141 ) ) ;
#12341 = FACE_OUTER_BOUND ( 'NONE', #3411, .T. ) ;
#12342 = CIRCLE ( 'NONE', #8370, 1.750000000000001332 ) ;
#12343 = VERTEX_POINT ( 'NONE', #348 ) ;
#12344 = EDGE_LOOP ( 'NONE', ( #1541, #3032, #7317, #7950 ) ) ;
#12345 = PLANE ( 'NONE',  #7864 ) ;
#12346 = ORIENTED_EDGE ( 'NONE', *, *, #2820, .T. ) ;
#12347 = CARTESIAN_POINT ( 'NONE',  ( 17.54641016151375155, -28.64026550785125380, 11.86318640331655949 ) ) ;
#12348 = EDGE_LOOP ( 'NONE', ( #1962, #5547, #1972, #8048 ) ) ;
#12349 = CARTESIAN_POINT ( 'NONE',  ( 14.10000000000099973, -21.92031021678245040, 21.92031021678350200 ) ) ;
#12350 = DIRECTION ( 'NONE',  ( 0.2588190451025066396, 0.8031379722975934277, 0.5366396363910671541 ) ) ;
#12351 = AXIS2_PLACEMENT_3D ( 'NONE', #6506, #9627, #480 ) ;
#12352 = FACE_OUTER_BOUND ( 'NONE', #1932, .T. ) ;
#12353 = AXIS2_PLACEMENT_3D ( 'NONE', #3110, #1937, #7108 ) ;
#12354 = CARTESIAN_POINT ( 'NONE',  ( -73.59999999999999432, 5.499999999998426148, -1.750922042570622547E-12 ) ) ;
#12355 = ORIENTED_EDGE ( 'NONE', *, *, #1029, .T. ) ;
#12356 = EDGE_LOOP ( 'NONE', ( #3505, #4038, #7649, #2733 ) ) ;
#12357 = DIRECTION ( 'NONE',  ( 0.000000000000000000, 0.6087614290087191016, -0.7933533402912362753 ) ) ;
#12358 = EDGE_CURVE ( 'NONE', #7562, #11374, #5553, .T. ) ;
#12359 = VECTOR ( 'NONE', #11134, 999.9999999999998863 ) ;
#12360 = CARTESIAN_POINT ( 'NONE',  ( 17.60000000000000142, -13.56769910854000116, -29.77918448554164854 ) ) ;
#12361 = VECTOR ( 'NONE', #1891, 999.9999999999998863 ) ;
#12362 = EDGE_CURVE ( 'NONE', #1228, #903, #4539, .T. ) ;
#12363 = CIRCLE ( 'NONE', #6732, 1.750000000000001332 ) ;
#12364 = CARTESIAN_POINT ( 'NONE',  ( -63.60000000000000142, 3.524458492088485162, -16.49199549254814912 ) ) ;
#12365 = DIRECTION ( 'NONE',  ( 1.000000000000000000, 0.000000000000000000, 0.000000000000000000 ) ) ;
#12366 = CARTESIAN_POINT ( 'NONE',  ( 6.599999999999999645, 28.64026550785075287, -11.86318640331580099 ) ) ;
#12367 = CARTESIAN_POINT ( 'NONE',  ( -78.79999999999999716, -1.769669275449794910, 18.59249231963075033 ) ) ;
#12368 = ORIENTED_EDGE ( 'NONE', *, *, #2181, .F. ) ;
#12369 = EDGE_CURVE ( 'NONE', #901, #5149, #473, .T. ) ;
#12370 = FACE_OUTER_BOUND ( 'NONE', #7504, .T. ) ;
#12371 = AXIS2_PLACEMENT_3D ( 'NONE', #11045, #10231, #3231 ) ;
#12372 = EDGE_CURVE ( 'NONE', #12296, #3169, #9370, .T. ) ;
#12373 = DIRECTION ( 'NONE',  ( 1.000000000000000000, -1.067925513466054003E-16, 6.551204957150059656E-17 ) ) ;
#12374 = ORIENTED_EDGE ( 'NONE', *, *, #7695, .F. ) ;
#12375 = COLOUR_RGB ( '',1.000000000000000000, 1.000000000000000000, 1.000000000000000000 ) ;
#12376 = DIRECTION ( 'NONE',  ( -1.000000000000000000, 0.000000000000000000, 0.000000000000000000 ) ) ;
#12377 = LINE ( 'NONE', #2620, #1569 ) ;
#12378 = ORIENTED_EDGE ( 'NONE', *, *, #9382, .T. ) ;
#12379 = DIRECTION ( 'NONE',  ( -1.000000000000000000, 2.905650844594894626E-18, 7.014861676541880450E-18 ) ) ;
#12380 = EDGE_CURVE ( 'NONE', #6689, #8947, #7348, .T. ) ;
#12381 = VECTOR ( 'NONE', #10632, 1000.000000000000114 ) ;
#12382 = LINE ( 'NONE', #6565, #9728 ) ;
#12383 = DIRECTION ( 'NONE',  ( 1.000000000000000000, 0.000000000000000000, 0.000000000000000000 ) ) ;
#12384 = CARTESIAN_POINT ( 'NONE',  ( 6.600000000000989964, 11.86318640331835894, 28.64026550784965153 ) ) ;
#12385 = CONICAL_SURFACE ( 'NONE', #2355, 1.849999999999998979, 1.308996938995742765 ) ;
#12386 = CARTESIAN_POINT ( 'NONE',  ( 14.10000000000099973, -20.38209143402473345, 22.94811514786760753 ) ) ;
#12387 = ORIENTED_EDGE ( 'NONE', *, *, #6791, .T. ) ;
#12388 = DIRECTION ( 'NONE',  ( 0.7071067811865723307, 0.7071067811865228148, 2.559244487379037775E-15 ) ) ;
#12389 = CARTESIAN_POINT ( 'NONE',  ( -72.84391516214240880, -9.582305619189098067, 6.263934525068219905 ) ) ;
#12390 = EDGE_CURVE ( 'NONE', #3008, #555, #8323, .T. ) ;
#12391 = ORIENTED_EDGE ( 'NONE', *, *, #765, .F. ) ;
#12392 = EDGE_CURVE ( 'NONE', #3118, #9560, #11291, .T. ) ;
#12393 = AXIS2_PLACEMENT_3D ( 'NONE', #1031, #11848, #1884 ) ;
#12394 = CARTESIAN_POINT ( 'NONE',  ( -11.90000000000000746, -36.80607966083890403, -21.24999999999954881 ) ) ;
#12395 = CARTESIAN_POINT ( 'NONE',  ( 6.599999999999999645, 21.92031021678435110, -21.92031021678160130 ) ) ;
#12396 = CARTESIAN_POINT ( 'NONE',  ( -73.59999999999999432, 12.18086100591546028, -19.61476803723614992 ) ) ;
#12397 = CARTESIAN_POINT ( 'NONE',  ( -56.21032168798580386, -15.83843479061540194, 14.67843599922770004 ) ) ;
#12398 = ORIENTED_EDGE ( 'NONE', *, *, #6981, .F. ) ;
#12399 = CARTESIAN_POINT ( 'NONE',  ( -14.90000000000000568, -44.69999999999998863, -1.606293439846032881E-13 ) ) ;
#12400 = EDGE_LOOP ( 'NONE', ( #7427, #11586, #3546, #4152 ) ) ;
#12401 = CARTESIAN_POINT ( 'NONE',  ( -73.29999999999999716, 14.81125231420470101, -16.74251344204130021 ) ) ;
#12402 = EDGE_LOOP ( 'NONE', ( #7965, #10504, #3662, #2942 ) ) ;
#12403 = ORIENTED_EDGE ( 'NONE', *, *, #8886, .F. ) ;
#12404 = EDGE_CURVE ( 'NONE', #6759, #10593, #6566, .T. ) ;
#12405 = ORIENTED_EDGE ( 'NONE', *, *, #4505, .T. ) ;
#12406 = CARTESIAN_POINT ( 'NONE',  ( 5.599999999999999645, 21.24999999999965183, -35.20607966083870366 ) ) ;
#12407 = VERTEX_POINT ( 'NONE', #9238 ) ;
#12408 = ORIENTED_EDGE ( 'NONE', *, *, #6461, .T. ) ;
#12409 = DIRECTION ( 'NONE',  ( 0.000000000000000000, -0.8314696123025483443, -0.5555702330195975147 ) ) ;
#12410 = VERTEX_POINT ( 'NONE', #12444 ) ;
#12411 = DIRECTION ( 'NONE',  ( 1.551905699024413838E-16, 1.000000000000000000, -9.769962616701380711E-15 ) ) ;
#12412 = ORIENTED_EDGE ( 'NONE', *, *, #12929, .T. ) ;
#12413 = ORIENTED_EDGE ( 'NONE', *, *, #11349, .T. ) ;
#12414 = FACE_OUTER_BOUND ( 'NONE', #7770, .T. ) ;
#12415 = DIRECTION ( 'NONE',  ( 1.000000000000000000, -6.322502648911709143E-17, 9.462293898829198836E-17 ) ) ;
#12416 = DIRECTION ( 'NONE',  ( 0.000000000000000000, -1.000000000000000000, 0.000000000000000000 ) ) ;
#12417 = EDGE_LOOP ( 'NONE', ( #9149, #10458, #2272 ) ) ;
#12418 = EDGE_CURVE ( 'NONE', #9128, #10148, #1314, .T. ) ;
#12419 = EDGE_LOOP ( 'NONE', ( #3574, #47, #2978, #9134 ) ) ;
#12420 = DIRECTION ( 'NONE',  ( -1.000000000000000000, 6.322502648911719004E-17, -9.462293898829198836E-17 ) ) ;
#12421 = CARTESIAN_POINT ( 'NONE',  ( -73.59999999999999432, -19.28258568190119959, 6.363520206626120057 ) ) ;
#12422 = CARTESIAN_POINT ( 'NONE',  ( -73.59999999999999432, -6.375468700918540677, 14.00592370547576060 ) ) ;
#12423 = DIRECTION ( 'NONE',  ( -4.112988807310475227E-18, -0.9238795325112871826, 0.3826834323650885605 ) ) ;
#12424 = CARTESIAN_POINT ( 'NONE',  ( -59.50000000000000000, 32.53821878275815038, 1.027804931084199902 ) ) ;
#12425 = DIRECTION ( 'NONE',  ( 0.000000000000000000, -0.8314696123025475671, -0.5555702330195986249 ) ) ;
#12426 = ORIENTED_EDGE ( 'NONE', *, *, #3455, .F. ) ;
#12428 = EDGE_CURVE ( 'NONE', #495, #1817, #4265, .T. ) ;
#12427 = CARTESIAN_POINT ( 'NONE',  ( -73.59999999999999432, -16.28677631978335327, 8.369791939429800820 ) ) ;
#12429 = DIRECTION ( 'NONE',  ( -4.112988807310478308E-18, -0.9238795325112874046, 0.3826834323650881720 ) ) ;
#12430 = EDGE_CURVE ( 'NONE', #5860, #4896, #7447, .T. ) ;
#12431 = ORIENTED_EDGE ( 'NONE', *, *, #9762, .T. ) ;
#12432 = DIRECTION ( 'NONE',  ( 0.000000000000000000, 1.000000000000000000, 0.000000000000000000 ) ) ;
#12433 = CARTESIAN_POINT ( 'NONE',  ( -72.84391516214240880, 3.580780646389595034, -4.730384508494830165 ) ) ;
#12434 = AXIS2_PLACEMENT_3D ( 'NONE', #7869, #2769, #7608 ) ;
#12435 = CIRCLE ( 'NONE', #4938, 2.050000000000000711 ) ;
#12436 = CIRCLE ( 'NONE', #12238, 44.69999999999999574 ) ;
#12437 = EDGE_CURVE ( 'NONE', #8125, #9705, #6371, .T. ) ;
#12438 = ORIENTED_EDGE ( 'NONE', *, *, #7096, .F. ) ;
#12439 = ORIENTED_EDGE ( 'NONE', *, *, #4252, .T. ) ;
#12440 = CARTESIAN_POINT ( 'NONE',  ( -72.84391516214240880, 11.30545486021370039, -12.65076287612251882 ) ) ;
#12441 = EDGE_CURVE ( 'NONE', #6171, #788, #12320, .T. ) ;
#12442 = CONICAL_SURFACE ( 'NONE', #9094, 1.249999999999987121, 1.029744258676652313 ) ;
#12443 = DIRECTION ( 'NONE',  ( -1.000000000000000000, 0.000000000000000000, 0.000000000000000000 ) ) ;
#12444 = CARTESIAN_POINT ( 'NONE',  ( -72.84391516214240880, -9.819619592204340108, 5.691007912874180619 ) ) ;
#12445 = CIRCLE ( 'NONE', #1572, 44.49999999999523936 ) ;
#12446 = CARTESIAN_POINT ( 'NONE',  ( 17.60000000000000142, -10.15867369809955889, -27.50134653016129960 ) ) ;
#12447 = CARTESIAN_POINT ( 'NONE',  ( -59.50000000000000000, 21.92031021678129932, -21.92031021678479874 ) ) ;
#12448 = EDGE_LOOP ( 'NONE', ( #11515, #887 ) ) ;
#12449 = VECTOR ( 'NONE', #581, 1000.000000000000000 ) ;
#12450 = DIRECTION ( 'NONE',  ( 0.000000000000000000, -0.9238795325112789669, 0.3826834323651084890 ) ) ;
#12451 = VECTOR ( 'NONE', #12806, 1000.000000000000000 ) ;
#12452 = CIRCLE ( 'NONE', #8475, 1.749999999999999556 ) ;
#12453 = DIRECTION ( 'NONE',  ( -1.000000000000000000, 6.705557021117060106E-18, 5.440889002481110112E-18 ) ) ;
#12454 = CIRCLE ( 'NONE', #2639, 2.050000000000000711 ) ;
#12455 = VECTOR ( 'NONE', #4871, 1000.000000000000114 ) ;
#12456 = VERTEX_POINT ( 'NONE', #7476 ) ;
#12457 = DIRECTION ( 'NONE',  ( 1.000000000000000000, -6.705557021117060106E-18, -5.440889002481110112E-18 ) ) ;
#12458 = VECTOR ( 'NONE', #5842, 1000.000000000000000 ) ;
#12459 = VECTOR ( 'NONE', #12076, 1000.000000000000000 ) ;
#12460 = VECTOR ( 'NONE', #12530, 999.9999999999998863 ) ;
#12461 = LINE ( 'NONE', #3495, #2551 ) ;
#12462 = CARTESIAN_POINT ( 'NONE',  ( -73.59999999999999432, 9.620883229624769939, -21.11110148433580136 ) ) ;
#12463 = DIRECTION ( 'NONE',  ( 0.000000000000000000, 0.000000000000000000, 1.000000000000000000 ) ) ;
#12464 = ORIENTED_EDGE ( 'NONE', *, *, #1037, .T. ) ;
#12465 = PLANE ( 'NONE',  #10621 ) ;
#12466 = ORIENTED_EDGE ( 'NONE', *, *, #10637, .F. ) ;
#12467 = EDGE_CURVE ( 'NONE', #191, #9945, #4404, .T. ) ;
#12468 = FACE_OUTER_BOUND ( 'NONE', #3743, .T. ) ;
#12469 = EDGE_LOOP ( 'NONE', ( #3941, #8412, #7711, #10192 ) ) ;
#12470 = ORIENTED_EDGE ( 'NONE', *, *, #6831, .T. ) ;
#12471 = EDGE_LOOP ( 'NONE', ( #5538, #140, #10710 ) ) ;
#12472 = FACE_OUTER_BOUND ( 'NONE', #6598, .T. ) ;
#12473 = ORIENTED_EDGE ( 'NONE', *, *, #2868, .F. ) ;
#12474 = VERTEX_POINT ( 'NONE', #3349 ) ;
#12475 = FACE_OUTER_BOUND ( 'NONE', #1260, .T. ) ;
#12476 = EDGE_LOOP ( 'NONE', ( #11467, #12080, #8862, #6520 ) ) ;
#12477 = VECTOR ( 'NONE', #242, 1000.000000000000227 ) ;
#12478 = DIRECTION ( 'NONE',  ( 1.159058001766240692E-16, 1.000000000000000000, 3.515417124066999971E-15 ) ) ;
#12479 = ORIENTED_EDGE ( 'NONE', *, *, #4857, .T. ) ;
#12480 = DIRECTION ( 'NONE',  ( 0.000000000000000000, -0.9238795325112875156, 0.3826834323650881720 ) ) ;
#12481 = CARTESIAN_POINT ( 'NONE',  ( 0.000000000000000000, 0.000000000000000000, 0.000000000000000000 ) ) ;
#12482 = EDGE_CURVE ( 'NONE', #5320, #9263, #5520, .T. ) ;
#12483 = CARTESIAN_POINT ( 'NONE',  ( -11.90000000000000391, -4.547048498203718976E-13, -42.50000000000000000 ) ) ;
#12484 = DIRECTION ( 'NONE',  ( 0.000000000000000000, 0.5000000000000102141, 0.8660254037844327124 ) ) ;
#12485 = ORIENTED_EDGE ( 'NONE', *, *, #6642, .F. ) ;
#12486 = EDGE_LOOP ( 'NONE', ( #5591, #5899, #6983, #9582 ) ) ;
#12487 = CARTESIAN_POINT ( 'NONE',  ( 5.599999999999999645, -36.80607966083874771, -21.25000000000000000 ) ) ;
#12488 = CARTESIAN_POINT ( 'NONE',  ( -73.59999999999999432, -12.60485642682587937, 13.33904398594989971 ) ) ;
#12489 = CARTESIAN_POINT ( 'NONE',  ( -72.84391516214240880, -16.13389622622829833, -9.553004373562060891 ) ) ;
#12490 = VECTOR ( 'NONE', #7847, 1000.000000000000000 ) ;
#12491 = CARTESIAN_POINT ( 'NONE',  ( -73.59999999999999432, 1.049419181516655842E-14, 5.142634763737189527E-15 ) ) ;
#12492 = DIRECTION ( 'NONE',  ( -1.000000000000000000, 0.000000000000000000, 0.000000000000000000 ) ) ;
#12493 = ORIENTED_EDGE ( 'NONE', *, *, #5331, .T. ) ;
#12494 = EDGE_CURVE ( 'NONE', #7588, #2568, #9492, .T. ) ;
#12495 = DIRECTION ( 'NONE',  ( 1.000000000000000000, -6.322502648911719004E-17, 9.462293898829198836E-17 ) ) ;
#12496 = CARTESIAN_POINT ( 'NONE',  ( -73.59999999999999432, -9.734730684087701036, 20.26814047978455235 ) ) ;
#12497 = ADVANCED_FACE ( 'NONE', ( #11411 ), #2439, .T. ) ;
#12498 = ORIENTED_EDGE ( 'NONE', *, *, #4272, .T. ) ;
#12499 = CIRCLE ( 'NONE', #9783, 1.249999999999986011 ) ;
#12500 = CARTESIAN_POINT ( 'NONE',  ( -73.59999999999999432, -10.96766988929959830, 2.919369315340320181 ) ) ;
#12501 = DIRECTION ( 'NONE',  ( -7.592831564818952788E-18, -0.3826834323650881720, -0.9238795325112874046 ) ) ;
#12502 = EDGE_LOOP ( 'NONE', ( #1537, #11082, #10481 ) ) ;
#12503 = VERTEX_POINT ( 'NONE', #3863 ) ;
#12504 = DIRECTION ( 'NONE',  ( 1.000000000000000000, -6.322502648911719004E-17, 9.462293898829198836E-17 ) ) ;
#12505 = CARTESIAN_POINT ( 'NONE',  ( 17.39999999999999858, -1.578781313062820085E-12, -1.742420152217504864E-12 ) ) ;
#12506 = CARTESIAN_POINT ( 'NONE',  ( -72.84391516214240880, 0.1366297551037989888, -13.04530030109641991 ) ) ;
#12507 = AXIS2_PLACEMENT_3D ( 'NONE', #5171, #6082, #9870 ) ;
#12508 = CARTESIAN_POINT ( 'NONE',  ( 0.000000000000000000, 0.000000000000000000, -44.71208468574654660 ) ) ;
#12509 = CYLINDRICAL_SURFACE ( 'NONE', #1778, 1.849999999999998979 ) ;
#12510 = VERTEX_POINT ( 'NONE', #8577 ) ;
#12511 = CARTESIAN_POINT ( 'NONE',  ( -73.29999999999999716, 15.60460565449595194, -16.13375201303259843 ) ) ;
#12512 = FACE_OUTER_BOUND ( 'NONE', #8281, .T. ) ;
#12513 = VERTEX_POINT ( 'NONE', #12696 ) ;
#12514 = CARTESIAN_POINT ( 'NONE',  ( 17.60000000000000142, 21.92031021678129932, -21.92031021678479874 ) ) ;
#12515 = DIRECTION ( 'NONE',  ( 0.000000000000000000, 1.000000000000000000, 9.714451465470124777E-14 ) ) ;
#12516 = DIRECTION ( 'NONE',  ( 0.000000000000000000, 0.8314696123025479002, 0.5555702330195982919 ) ) ;
#12517 = EDGE_CURVE ( 'NONE', #11528, #7879, #6819, .T. ) ;
#12518 = DIRECTION ( 'NONE',  ( 1.000000000000000000, 0.000000000000000000, 0.000000000000000000 ) ) ;
#12519 = ORIENTED_EDGE ( 'NONE', *, *, #7632, .F. ) ;
#12520 = DIRECTION ( 'NONE',  ( 1.000000000000000000, -1.579784224483881278E-16, -4.233019071658342777E-17 ) ) ;
#12521 = EDGE_LOOP ( 'NONE', ( #1088, #3624, #9908, #10541 ) ) ;
#12522 = EDGE_CURVE ( 'NONE', #236, #9714, #3686, .T. ) ;
#12523 = ADVANCED_FACE ( 'NONE', ( #12567 ), #11727, .T. ) ;
#12524 = ORIENTED_EDGE ( 'NONE', *, *, #12667, .T. ) ;
#12525 = EDGE_CURVE ( 'NONE', #36, #1421, #11667, .T. ) ;
#12526 = LINE ( 'NONE', #367, #9550 ) ;
#12527 = ORIENTED_EDGE ( 'NONE', *, *, #4107, .T. ) ;
#12528 = EDGE_LOOP ( 'NONE', ( #12676, #4481, #9767, #8610 ) ) ;
#12529 = EDGE_CURVE ( 'NONE', #3696, #9974, #7244, .T. ) ;
#12530 = DIRECTION ( 'NONE',  ( -7.592831564818948166E-18, -0.3826834323650878389, -0.9238795325112876267 ) ) ;
#12531 = ORIENTED_EDGE ( 'NONE', *, *, #349, .F. ) ;
#12532 = VERTEX_POINT ( 'NONE', #1839 ) ;
#12533 = CARTESIAN_POINT ( 'NONE',  ( 6.599999999999999645, -23.17031021678339897, 21.92031021678235092 ) ) ;
#12534 = VERTEX_POINT ( 'NONE', #6632 ) ;
#12535 = LINE ( 'NONE', #6724, #4624 ) ;
#12536 = ADVANCED_FACE ( 'NONE', ( #3739 ), #2694, .F. ) ;
#12537 = ORIENTED_EDGE ( 'NONE', *, *, #3132, .T. ) ;
#12538 = DIRECTION ( 'NONE',  ( -1.000000000000000000, 2.905650844594894626E-18, 7.014861676541880450E-18 ) ) ;
#12539 = DIRECTION ( 'NONE',  ( -1.000000000000000000, 0.000000000000000000, 0.000000000000000000 ) ) ;
#12540 = VECTOR ( 'NONE', #6959, 999.9999999999998863 ) ;
#12541 = CIRCLE ( 'NONE', #7541, 1.850000000000000311 ) ;
#12542 = DIRECTION ( 'NONE',  ( 1.000000000000000000, -6.322502648911719004E-17, 9.462293898829198836E-17 ) ) ;
#12543 = ORIENTED_EDGE ( 'NONE', *, *, #10022, .F. ) ;
#12544 = EDGE_CURVE ( 'NONE', #9705, #11528, #6692, .T. ) ;
#12545 = EDGE_LOOP ( 'NONE', ( #2206, #358, #10411, #6650 ) ) ;
#12546 = LINE ( 'NONE', #10595, #2819 ) ;
#12547 = DIRECTION ( 'NONE',  ( 0.000000000000000000, 0.000000000000000000, -1.000000000000000000 ) ) ;
#12548 = CIRCLE ( 'NONE', #12147, 1.249999999999985567 ) ;
#12549 = CARTESIAN_POINT ( 'NONE',  ( 6.599999999999999645, 1.642041500214240179E-12, -31.00000000000000000 ) ) ;
#12550 = AXIS2_PLACEMENT_3D ( 'NONE', #11575, #8492, #12484 ) ;
#12551 = FACE_BOUND ( 'NONE', #8122, .T. ) ;
#12552 = CARTESIAN_POINT ( 'NONE',  ( -72.84391516214240880, 5.876881240580130061, 0.8128926865728960394 ) ) ;
#12553 = ORIENTED_EDGE ( 'NONE', *, *, #4053, .F. ) ;
#12554 = CARTESIAN_POINT ( 'NONE',  ( -72.84391516214240880, 10.46908242896119923, 11.89944707670833957 ) ) ;
#12555 = FACE_OUTER_BOUND ( 'NONE', #1096, .T. ) ;
#12556 = VERTEX_POINT ( 'NONE', #9757 ) ;
#12557 = AXIS2_PLACEMENT_3D ( 'NONE', #4178, #1230, #1165 ) ;
#12558 = CARTESIAN_POINT ( 'NONE',  ( 14.10000000000099973, 23.53709939867700029, -22.59000622342259845 ) ) ;
#12559 = AXIS2_PLACEMENT_3D ( 'NONE', #3422, #2444, #2180 ) ;
#12560 = CARTESIAN_POINT ( 'NONE',  ( -72.84391516214240880, 1.858705200746699981, -8.887842404795620155 ) ) ;
#12561 = AXIS2_PLACEMENT_3D ( 'NONE', #12581, #9771, #5729 ) ;
#12562 = EDGE_CURVE ( 'NONE', #5198, #1335, #8698, .T. ) ;
#12563 = LINE ( 'NONE', #7788, #2478 ) ;
#12564 = ORIENTED_EDGE ( 'NONE', *, *, #3267, .F. ) ;
#12565 = DIRECTION ( 'NONE',  ( 0.5150380749100560429, -0.8571673007021111124, -8.211731712495831096E-14 ) ) ;
#12566 = DIRECTION ( 'NONE',  ( 0.000000000000000000, 0.5000000000000102141, 0.8660254037844327124 ) ) ;
#12567 = FACE_OUTER_BOUND ( 'NONE', #11330, .T. ) ;
#12568 = EDGE_CURVE ( 'NONE', #12456, #1893, #2757, .T. ) ;
#12569 = CARTESIAN_POINT ( 'NONE',  ( -56.21032168798580386, -21.00466112754410020, 2.206062310325320297 ) ) ;
#12570 = VECTOR ( 'NONE', #8072, 1000.000000000000000 ) ;
#12571 = LINE ( 'NONE', #5720, #323 ) ;
#12572 = VERTEX_POINT ( 'NONE', #9819 ) ;
#12573 = AXIS2_PLACEMENT_3D ( 'NONE', #6431, #10410, #8505 ) ;
#12574 = DIRECTION ( 'NONE',  ( 1.000000000000000000, 0.000000000000000000, 0.000000000000000000 ) ) ;
#12575 = VECTOR ( 'NONE', #3082, 1000.000000000000114 ) ;
#12576 = DIRECTION ( 'NONE',  ( -1.000000000000000000, 6.705557021117060106E-18, 5.440889002481110112E-18 ) ) ;
#12577 = VERTEX_POINT ( 'NONE', #2629 ) ;
#12578 = EDGE_CURVE ( 'NONE', #6336, #7304, #5780, .T. ) ;
#12579 = LINE ( 'NONE', #6700, #12671 ) ;
#12580 = FACE_OUTER_BOUND ( 'NONE', #9234, .T. ) ;
#12581 = CARTESIAN_POINT ( 'NONE',  ( 5.599999999999999645, -1.480450557970719736E-13, -42.50000000000000000 ) ) ;
#12582 = DIRECTION ( 'NONE',  ( 1.000000000000000000, 0.000000000000000000, 0.000000000000000000 ) ) ;
#12583 = ORIENTED_EDGE ( 'NONE', *, *, #10073, .F. ) ;
#12584 = CARTESIAN_POINT ( 'NONE',  ( -72.84391516214240880, -14.66364304800118035, 8.368693403076200354 ) ) ;
#12585 = AXIS2_PLACEMENT_3D ( 'NONE', #5130, #10960, #6176 ) ;
#12586 = ORIENTED_EDGE ( 'NONE', *, *, #7463, .F. ) ;
#12587 = EDGE_CURVE ( 'NONE', #8885, #3510, #10587, .T. ) ;
#12588 = ORIENTED_EDGE ( 'NONE', *, *, #2194, .F. ) ;
#12589 = VECTOR ( 'NONE', #11079, 1000.000000000000114 ) ;
#12590 = DIRECTION ( 'NONE',  ( 0.000000000000000000, 0.8314696123025475671, 0.5555702330195986249 ) ) ;
#12591 = EDGE_LOOP ( 'NONE', ( #7694, #9061, #2430, #8495 ) ) ;
#12592 = ADVANCED_FACE ( 'NONE', ( #8831 ), #792, .F. ) ;
#12593 = VERTEX_POINT ( 'NONE', #8770 ) ;
#12594 = LINE ( 'NONE', #5740, #9962 ) ;
#12595 = ORIENTED_EDGE ( 'NONE', *, *, #8353, .T. ) ;
#12596 = ORIENTED_EDGE ( 'NONE', *, *, #1505, .T. ) ;
#12597 = DIRECTION ( 'NONE',  ( 1.000000000000000000, 0.000000000000000000, 0.000000000000000000 ) ) ;
#12598 = ORIENTED_EDGE ( 'NONE', *, *, #2538, .F. ) ;
#12599 = EDGE_CURVE ( 'NONE', #6245, #4489, #5585, .T. ) ;
#12600 = DIRECTION ( 'NONE',  ( 0.000000000000000000, 1.000000000000000000, 9.714451465470219441E-14 ) ) ;
#12601 = EDGE_CURVE ( 'NONE', #9945, #8758, #6824, .T. ) ;
#12602 = ORIENTED_EDGE ( 'NONE', *, *, #7632, .T. ) ;
#12603 = LINE ( 'NONE', #11702, #5629 ) ;
#12604 = LINE ( 'NONE', #1415, #6794 ) ;
#12605 = DIRECTION ( 'NONE',  ( -1.000000000000000000, 0.000000000000000000, 0.000000000000000000 ) ) ;
#12606 = ORIENTED_EDGE ( 'NONE', *, *, #4526, .F. ) ;
#12607 = EDGE_CURVE ( 'NONE', #5713, #3109, #1173, .T. ) ;
#12608 = ORIENTED_EDGE ( 'NONE', *, *, #3839, .F. ) ;
#12609 = DIRECTION ( 'NONE',  ( 0.000000000000000000, 0.000000000000000000, 1.000000000000000000 ) ) ;
#12610 = DIRECTION ( 'NONE',  ( 0.000000000000000000, 0.8314696123025479002, 0.5555702330195982919 ) ) ;
#12611 = ADVANCED_FACE ( 'NONE', ( #598 ), #4595, .F. ) ;
#12612 = DIRECTION ( 'NONE',  ( 1.000000000000000000, -6.705557021117060106E-18, -5.440889002481110112E-18 ) ) ;
#12613 = DIRECTION ( 'NONE',  ( 1.000000000000000000, 0.000000000000000000, 0.000000000000000000 ) ) ;
#12614 = DIRECTION ( 'NONE',  ( -1.000000000000000000, -1.549392514931348033E-17, -5.782411586589934247E-17 ) ) ;
#12615 = ORIENTED_EDGE ( 'NONE', *, *, #6151, .T. ) ;
#12616 = DIRECTION ( 'NONE',  ( 1.000000000000000000, -6.322502648911719004E-17, 9.462293898829198836E-17 ) ) ;
#12617 = DIRECTION ( 'NONE',  ( 0.000000000000000000, 1.000000000000000000, 9.592326932761342412E-14 ) ) ;
#12618 = AXIS2_PLACEMENT_3D ( 'NONE', #11809, #5925, #5079 ) ;
#12619 = EDGE_LOOP ( 'NONE', ( #3963, #12524, #9121, #1696 ) ) ;
#12620 = EDGE_CURVE ( 'NONE', #5610, #10983, #1902, .T. ) ;
#12621 = DIRECTION ( 'NONE',  ( -1.545410669021654339E-16, -1.000000000000000000, -3.515417124066999971E-15 ) ) ;
#12622 = DIRECTION ( 'NONE',  ( 1.000000000000000000, 0.000000000000000000, 0.000000000000000000 ) ) ;
#12623 = CARTESIAN_POINT ( 'NONE',  ( -1.899999999999999911, -13.11318640331639962, -28.64026550785060010 ) ) ;
#12624 = ORIENTED_EDGE ( 'NONE', *, *, #5100, .F. ) ;
#12625 = CARTESIAN_POINT ( 'NONE',  ( -11.90000000000000036, -9.540979117872440597E-15, 0.000000000000000000 ) ) ;
#12626 = LINE ( 'NONE', #3673, #106 ) ;
#12627 = DIRECTION ( 'NONE',  ( -5.782411586590781040E-17, 0.4999999999999949485, 0.8660254037844415942 ) ) ;
#12628 = CIRCLE ( 'NONE', #5129, 0.9999999999999991118 ) ;
#12629 = CARTESIAN_POINT ( 'NONE',  ( -1.899999999999999911, 29.75000000000001776, 2.188080418875507838E-12 ) ) ;
#12630 = EDGE_LOOP ( 'NONE', ( #6242, #6228, #12470, #8905 ) ) ;
#12631 = CIRCLE ( 'NONE', #2193, 44.70000000000002416 ) ;
#12632 = DIRECTION ( 'NONE',  ( 1.000000000000000000, -6.705557021117060106E-18, -5.440889002481110112E-18 ) ) ;
#12633 = EDGE_CURVE ( 'NONE', #1893, #12410, #9031, .T. ) ;
#12634 = VECTOR ( 'NONE', #9379, 1000.000000000000114 ) ;
#12635 = ADVANCED_FACE ( 'NONE', ( #10017 ), #6954, .F. ) ;
#12636 = VECTOR ( 'NONE', #2900, 1000.000000000000114 ) ;
#12637 = EDGE_LOOP ( 'NONE', ( #7756, #6191, #560, #2997 ) ) ;
#12638 = VECTOR ( 'NONE', #5498, 1000.000000000000000 ) ;
#12639 = CARTESIAN_POINT ( 'NONE',  ( -73.29999999999999716, 23.93992241884949834, -15.66205885223889993 ) ) ;
#12640 = LINE ( 'NONE', #4745, #11765 ) ;
#12641 = CYLINDRICAL_SURFACE ( 'NONE', #728, 1.850000000000001421 ) ;
#12642 = CARTESIAN_POINT ( 'NONE',  ( -72.84391516214240880, 15.60460565449595194, -16.13375201303259843 ) ) ;
#12643 = CIRCLE ( 'NONE', #1359, 1.850000000000000311 ) ;
#12644 = AXIS2_PLACEMENT_3D ( 'NONE', #51, #108, #7183 ) ;
#12645 = AXIS2_PLACEMENT_3D ( 'NONE', #5315, #12239, #6423 ) ;
#12646 = LINE ( 'NONE', #3692, #6076 ) ;
#12647 = EDGE_LOOP ( 'NONE', ( #2625, #5257, #6865, #957 ) ) ;
#12648 = CARTESIAN_POINT ( 'NONE',  ( -14.90000000000000036, 21.24999999999965183, -35.20607966083885287 ) ) ;
#12649 = ORIENTED_EDGE ( 'NONE', *, *, #1554, .F. ) ;
#12650 = CIRCLE ( 'NONE', #11211, 44.60000000000000142 ) ;
#12651 = EDGE_CURVE ( 'NONE', #2342, #7761, #7041, .T. ) ;
#12652 = AXIS2_PLACEMENT_3D ( 'NONE', #920, #7922, #12895 ) ;
#12653 = EDGE_LOOP ( 'NONE', ( #5734, #11109, #2914, #4472 ) ) ;
#12654 = DIRECTION ( 'NONE',  ( -1.000000000000000000, 0.000000000000000000, 0.000000000000000000 ) ) ;
#12655 = VERTEX_POINT ( 'NONE', #8177 ) ;
#12656 = VECTOR ( 'NONE', #9503, 999.9999999999998863 ) ;
#12657 = ADVANCED_FACE ( 'NONE', ( #3140 ), #351, .F. ) ;
#12658 = CARTESIAN_POINT ( 'NONE',  ( -1.899999999999999911, -27.39026550784944902, -11.86318640331871954 ) ) ;
#12659 = ORIENTED_EDGE ( 'NONE', *, *, #10039, .T. ) ;
#12660 = ORIENTED_EDGE ( 'NONE', *, *, #4182, .F. ) ;
#12661 = CARTESIAN_POINT ( 'NONE',  ( -74.80000000000001137, -32.24339568464411343, 13.35565178954123411 ) ) ;
#12662 = VECTOR ( 'NONE', #4915, 1000.000000000000000 ) ;
#12663 = ORIENTED_EDGE ( 'NONE', *, *, #8310, .F. ) ;
#12664 = CARTESIAN_POINT ( 'NONE',  ( -73.59999999999999432, 9.817109522774879693, -14.42798879323981964 ) ) ;
#12665 = CARTESIAN_POINT ( 'NONE',  ( -78.79999999999999716, -18.93836387216359896, -11.09733634011009862 ) ) ;
#12666 = VERTEX_POINT ( 'NONE', #7013 ) ;
#12667 = EDGE_CURVE ( 'NONE', #12532, #7181, #3208, .T. ) ;
#12668 = AXIS2_PLACEMENT_3D ( 'NONE', #12758, #3804, #7792 ) ;
#12669 = VECTOR ( 'NONE', #9505, 999.9999999999998863 ) ;
#12670 = CARTESIAN_POINT ( 'NONE',  ( -73.59999999999999432, -10.15587573908030095, 0.9595248680257540963 ) ) ;
#12671 = VECTOR ( 'NONE', #10630, 999.9999999999998863 ) ;
#12672 = DIRECTION ( 'NONE',  ( 0.000000000000000000, -0.8314696123025481223, -0.5555702330195977368 ) ) ;
#12673 = DIRECTION ( 'NONE',  ( 0.000000000000000000, 1.000000000000000000, 9.714451465470219441E-14 ) ) ;
#12674 = ORIENTED_EDGE ( 'NONE', *, *, #3092, .F. ) ;
#12675 = VECTOR ( 'NONE', #3671, 1000.000000000000227 ) ;
#12676 = ORIENTED_EDGE ( 'NONE', *, *, #643, .F. ) ;
#12677 = CARTESIAN_POINT ( 'NONE',  ( -73.59999999999999432, -16.86080146833100102, 6.983972640662860165 ) ) ;
#12678 = CARTESIAN_POINT ( 'NONE',  ( 14.09999999999999964, -28.64026550785165171, -11.86318640331909968 ) ) ;
#12679 = FACE_OUTER_BOUND ( 'NONE', #397, .T. ) ;
#12680 = EDGE_CURVE ( 'NONE', #3008, #602, #11078, .T. ) ;
#12681 = LINE ( 'NONE', #5702, #10942 ) ;
#12682 = DIRECTION ( 'NONE',  ( 1.000000000000000000, -3.090821338043315087E-16, 1.871678662600109722E-16 ) ) ;
#12683 = ORIENTED_EDGE ( 'NONE', *, *, #9175, .F. ) ;
#12684 = VECTOR ( 'NONE', #3564, 999.9999999999998863 ) ;
#12685 = DIRECTION ( 'NONE',  ( 1.000000000000000000, 0.000000000000000000, -2.015489097123009823E-17 ) ) ;
#12686 = CARTESIAN_POINT ( 'NONE',  ( 14.10000000000099973, -23.53709939867719925, 22.59000622342244924 ) ) ;
#12687 = ADVANCED_FACE ( 'NONE', ( #12891 ), #2092, .F. ) ;
#12688 = ORIENTED_EDGE ( 'NONE', *, *, #10779, .F. ) ;
#12689 = EDGE_CURVE ( 'NONE', #2460, #4075, #6101, .T. ) ;
#12690 = DIRECTION ( 'NONE',  ( -1.000000000000000000, 6.705557021117060106E-18, 5.440889002481110112E-18 ) ) ;
#12691 = LINE ( 'NONE', #4794, #3445 ) ;
#12692 = CARTESIAN_POINT ( 'NONE',  ( -78.79999999999999716, -13.02600148181846151, -5.969571625808899995 ) ) ;
#12693 = ORIENTED_EDGE ( 'NONE', *, *, #6508, .T. ) ;
#12694 = CARTESIAN_POINT ( 'NONE',  ( -53.89999999999999147, 44.90000000000001279, 1.470495597315641826E-13 ) ) ;
#12695 = CARTESIAN_POINT ( 'NONE',  ( -14.90000000000000036, -9.540979117872440597E-15, 0.000000000000000000 ) ) ;
#12696 = CARTESIAN_POINT ( 'NONE',  ( 6.599999999999999645, -1.616789181895804894, -30.33030399336105276 ) ) ;
#12697 = CARTESIAN_POINT ( 'NONE',  ( -14.90000000000000036, 1.388469777829607980E-13, 40.90000000000000568 ) ) ;
#12698 = ADVANCED_FACE ( 'NONE', ( #2159 ), #10082, .F. ) ;
#12699 = DIRECTION ( 'NONE',  ( 4.112988807310475227E-18, 0.9238795325112871826, -0.3826834323650885605 ) ) ;
#12700 = ORIENTED_EDGE ( 'NONE', *, *, #7075, .F. ) ;
#12701 = AXIS2_PLACEMENT_3D ( 'NONE', #8213, #9130, #12208 ) ;
#12702 = DIRECTION ( 'NONE',  ( -8.358097092242367078E-18, -0.9099612708765437707, -0.4146932426562379148 ) ) ;
#12703 = VECTOR ( 'NONE', #10808, 1000.000000000000000 ) ;
#12704 = DIRECTION ( 'NONE',  ( 0.000000000000000000, 1.000000000000000000, 9.575673587392073611E-14 ) ) ;
#12705 = ORIENTED_EDGE ( 'NONE', *, *, #7111, .T. ) ;
#12706 = EDGE_CURVE ( 'NONE', #1954, #1220, #8110, .T. ) ;
#12707 = CIRCLE ( 'NONE', #11895, 1.249999999999987121 ) ;
#12708 = CARTESIAN_POINT ( 'NONE',  ( 17.60000000000000142, -1.704512705222209989, -32.13891897769190109 ) ) ;
#12709 = FACE_OUTER_BOUND ( 'NONE', #3196, .T. ) ;
#12710 = DIRECTION ( 'NONE',  ( 1.000000000000000000, 0.000000000000000000, 0.000000000000000000 ) ) ;
#12711 = DIRECTION ( 'NONE',  ( 0.000000000000000000, -0.9238795325112789669, 0.3826834323651084890 ) ) ;
#12712 = FACE_BOUND ( 'NONE', #11151, .T. ) ;
#12713 = VERTEX_POINT ( 'NONE', #10948 ) ;
#12714 = DIRECTION ( 'NONE',  ( 0.000000000000000000, 0.3826834323650878389, 0.9238795325112876267 ) ) ;
#12715 = EDGE_LOOP ( 'NONE', ( #12368, #9798, #4332, #9378 ) ) ;
#12716 = AXIS2_PLACEMENT_3D ( 'NONE', #4697, #12538, #3578 ) ;
#12717 = FACE_OUTER_BOUND ( 'NONE', #5731, .T. ) ;
#12718 = ORIENTED_EDGE ( 'NONE', *, *, #10212, .T. ) ;
#12719 = FACE_BOUND ( 'NONE', #8737, .T. ) ;
#12720 = ORIENTED_EDGE ( 'NONE', *, *, #529, .T. ) ;
#12721 = CARTESIAN_POINT ( 'NONE',  ( -11.90000000000000746, -36.80607966083890403, -19.64999999999955094 ) ) ;
#12722 = VERTEX_POINT ( 'NONE', #5119 ) ;
#12723 = EDGE_LOOP ( 'NONE', ( #4839, #12006, #6917, #586 ) ) ;
#12724 = DIRECTION ( 'NONE',  ( 0.000000000000000000, 0.9238795325112875156, -0.3826834323650881720 ) ) ;
#12726 = ADVANCED_FACE ( 'NONE', ( #7078 ), #9091, .F. ) ;
#12725 = ORIENTED_EDGE ( 'NONE', *, *, #11884, .F. ) ;
#12727 = DIRECTION ( 'NONE',  ( 1.000000000000000000, 0.000000000000000000, 0.000000000000000000 ) ) ;
#12728 = DIRECTION ( 'NONE',  ( -4.112988807310478308E-18, -0.9238795325112874046, 0.3826834323650881720 ) ) ;
#12729 = ORIENTED_EDGE ( 'NONE', *, *, #1098, .T. ) ;
#12730 = EDGE_CURVE ( 'NONE', #9096, #8413, #5158, .T. ) ;
#12731 = FACE_OUTER_BOUND ( 'NONE', #2073, .T. ) ;
#12732 = LINE ( 'NONE', #2860, #11606 ) ;
#12733 = CARTESIAN_POINT ( 'NONE',  ( -68.79999999999999716, -2.693548807961069880, 18.97517575199585238 ) ) ;
#12734 = VERTEX_POINT ( 'NONE', #4127 ) ;
#12735 = ORIENTED_EDGE ( 'NONE', *, *, #11709, .F. ) ;
#12736 = ORIENTED_EDGE ( 'NONE', *, *, #2815, .F. ) ;
#12737 = DIRECTION ( 'NONE',  ( 1.000000000000000000, 0.000000000000000000, 0.000000000000000000 ) ) ;
#12738 = ORIENTED_EDGE ( 'NONE', *, *, #1496, .F. ) ;
#12739 = CARTESIAN_POINT ( 'NONE',  ( -56.21032168798580386, -19.85661083044884734, 4.977700907859180290 ) ) ;
#12740 = CARTESIAN_POINT ( 'NONE',  ( -72.84391516214240880, -12.81588398297859932, 7.603326538346020236 ) ) ;
#12741 = CARTESIAN_POINT ( 'NONE',  ( 5.599999999999999645, 42.50000000000000000, 3.429011037612799803E-16 ) ) ;
#12742 = DIRECTION ( 'NONE',  ( 1.000000000000000000, 0.000000000000000000, 0.000000000000000000 ) ) ;
#12743 = ORIENTED_EDGE ( 'NONE', *, *, #9366, .T. ) ;
#12744 = CARTESIAN_POINT ( 'NONE',  ( 14.10000000000099973, 21.92031021678360148, 21.92031021678235092 ) ) ;
#12745 = LINE ( 'NONE', #1830, #12361 ) ;
#12746 = EDGE_LOOP ( 'NONE', ( #9924, #5732, #5532 ) ) ;
#12747 = EDGE_CURVE ( 'NONE', #440, #3057, #5998, .T. ) ;
#12748 = DIRECTION ( 'NONE',  ( -2.344629897975875160E-19, 0.6087614290087179914, -0.7933533402912371635 ) ) ;
#12749 = EDGE_CURVE ( 'NONE', #1864, #5803, #4995, .T. ) ;
#12750 = DIRECTION ( 'NONE',  ( 0.000000000000000000, -0.9238795325112788559, 0.3826834323651088221 ) ) ;
#12751 = CIRCLE ( 'NONE', #5664, 1.000000000000000444 ) ;
#12752 = AXIS2_PLACEMENT_3D ( 'NONE', #7001, #4919, #3928 ) ;
#12753 = CARTESIAN_POINT ( 'NONE',  ( -72.09999999999999432, 9.402416280118650604, -13.51802752236327976 ) ) ;
#12754 = ORIENTED_EDGE ( 'NONE', *, *, #11425, .F. ) ;
#12755 = CARTESIAN_POINT ( 'NONE',  ( -72.84391516214240880, 5.876881240580130061, 0.8128926865728960394 ) ) ;
#12756 = CIRCLE ( 'NONE', #4411, 1.749999999999999556 ) ;
#12757 = CARTESIAN_POINT ( 'NONE',  ( 5.599999999999999645, -35.00000000000000000, -3.357314426466476206E-12 ) ) ;
#12758 = CARTESIAN_POINT ( 'NONE',  ( 17.60000000000000142, 21.92031021678154801, 21.92031021678105063 ) ) ;
#12759 = ADVANCED_FACE ( 'NONE', ( #10138 ), #5185, .F. ) ;
#12760 = DIRECTION ( 'NONE',  ( 0.5150380749100560429, -0.8571673007021111124, -8.211731712495831096E-14 ) ) ;
#12761 = EDGE_CURVE ( 'NONE', #12802, #6592, #7270, .T. ) ;
#12762 = LINE ( 'NONE', #2633, #10778 ) ;
#12763 = ORIENTED_EDGE ( 'NONE', *, *, #9366, .F. ) ;
#12764 = CARTESIAN_POINT ( 'NONE',  ( 5.599999999999999645, -36.80607966083859850, 22.85000000000029630 ) ) ;
#12765 = AXIS2_PLACEMENT_3D ( 'NONE', #6430, #12495, #11587 ) ;
#12766 = CIRCLE ( 'NONE', #2947, 44.71208468574654660 ) ;
#12767 = CARTESIAN_POINT ( 'NONE',  ( -43.89999999999999858, 9.023802240887999434E-15, -5.182314441018879711E-15 ) ) ;
#12768 = AXIS2_PLACEMENT_3D ( 'NONE', #6410, #10390, #12478 ) ;
#12769 = ORIENTED_EDGE ( 'NONE', *, *, #643, .T. ) ;
#12770 = EDGE_CURVE ( 'NONE', #1067, #8346, #4527, .T. ) ;
#12771 = FACE_OUTER_BOUND ( 'NONE', #5327, .T. ) ;
#12772 = ORIENTED_EDGE ( 'NONE', *, *, #3223, .F. ) ;
#12773 = CARTESIAN_POINT ( 'NONE',  ( 17.60000000000000497, 28.85199554689683765, 19.27828708577831307 ) ) ;
#12774 = AXIS2_PLACEMENT_3D ( 'NONE', #5141, #12844, #12004 ) ;
#12775 = DIRECTION ( 'NONE',  ( 0.000000000000000000, 1.000000000000000000, 9.575673587392073611E-14 ) ) ;
#12776 = CARTESIAN_POINT ( 'NONE',  ( 6.599999999999999645, -2.973621349156020086E-12, 31.00000000000000000 ) ) ;
#12777 = DIRECTION ( 'NONE',  ( 0.000000000000000000, -0.9238795325112870716, 0.3826834323650889491 ) ) ;
#12778 = CIRCLE ( 'NONE', #6109, 1.850000000000001865 ) ;
#12779 = DIRECTION ( 'NONE',  ( 0.000000000000000000, 0.9238795325112874046, -0.3826834323650882275 ) ) ;
#12780 = VERTEX_POINT ( 'NONE', #1237 ) ;
#12781 = ADVANCED_FACE ( 'NONE', ( #10404 ), #10271, .F. ) ;
#12782 = DIRECTION ( 'NONE',  ( -6.705557021117060106E-18, -1.000000000000000000, 0.000000000000000000 ) ) ;
#12783 = CARTESIAN_POINT ( 'NONE',  ( -73.59999999999999432, 1.049419181516655842E-14, 5.142634763737189527E-15 ) ) ;
#12784 = CIRCLE ( 'NONE', #3597, 0.3000000000000005995 ) ;
#12785 = EDGE_LOOP ( 'NONE', ( #2936, #760 ) ) ;
#12786 = FACE_OUTER_BOUND ( 'NONE', #4825, .T. ) ;
#12787 = ORIENTED_EDGE ( 'NONE', *, *, #10781, .T. ) ;
#12788 = CIRCLE ( 'NONE', #11552, 2.050000000000002043 ) ;
#12789 = CARTESIAN_POINT ( 'NONE',  ( 14.09999999999999964, 30.99999999999844746, -2.051417120704964950E-12 ) ) ;
#12790 = ORIENTED_EDGE ( 'NONE', *, *, #7616, .T. ) ;
#12791 = ORIENTED_EDGE ( 'NONE', *, *, #7333, .F. ) ;
#12792 = LINE ( 'NONE', #7944, #5987 ) ;
#12793 = VERTEX_POINT ( 'NONE', #9352 ) ;
#12794 = CYLINDRICAL_SURFACE ( 'NONE', #2535, 1.850000000000001421 ) ;
#12795 = AXIS2_PLACEMENT_3D ( 'NONE', #10304, #1328, #9318 ) ;
#12796 = ORIENTED_EDGE ( 'NONE', *, *, #4179, .F. ) ;
#12797 = DIRECTION ( 'NONE',  ( -2.170249086492574887E-18, 0.4146932426562391361, -0.9099612708765432156 ) ) ;
#12798 = AXIS2_PLACEMENT_3D ( 'NONE', #8627, #4519, #3724 ) ;
#12799 = LINE ( 'NONE', #7825, #4930 ) ;
#12800 = EDGE_CURVE ( 'NONE', #11808, #2137, #10333, .T. ) ;
#12801 = DIRECTION ( 'NONE',  ( 0.000000000000000000, -0.8660254037844337116, 0.5000000000000085487 ) ) ;
#12802 = VERTEX_POINT ( 'NONE', #1671 ) ;
#12803 = VERTEX_POINT ( 'NONE', #9661 ) ;
#12804 = EDGE_CURVE ( 'NONE', #3537, #8362, #3398, .T. ) ;
#12805 = VERTEX_POINT ( 'NONE', #7202 ) ;
#12806 = DIRECTION ( 'NONE',  ( 1.000000000000000000, 0.000000000000000000, 0.000000000000000000 ) ) ;
#12807 = VERTEX_POINT ( 'NONE', #5383 ) ;
#12808 = CARTESIAN_POINT ( 'NONE',  ( -78.79999999999999716, -15.11152954851269925, -1.858541014997230123 ) ) ;
#12809 = DIRECTION ( 'NONE',  ( 0.000000000000000000, -0.8314696123025475671, -0.5555702330195986249 ) ) ;
#12810 = CARTESIAN_POINT ( 'NONE',  ( 17.54641016151380128, -11.86318640331978003, -28.64026550785144920 ) ) ;
#12811 = EDGE_CURVE ( 'NONE', #10903, #3225, #7666, .T. ) ;
#12812 = DIRECTION ( 'NONE',  ( 1.000000000000000000, 0.000000000000000000, 0.000000000000000000 ) ) ;
#12813 = ORIENTED_EDGE ( 'NONE', *, *, #8683, .F. ) ;
#12814 = DIRECTION ( 'NONE',  ( 0.000000000000000000, -0.9238795325112789669, 0.3826834323651084890 ) ) ;
#12815 = EDGE_CURVE ( 'NONE', #8776, #3050, #8912, .T. ) ;
#12816 = CARTESIAN_POINT ( 'NONE',  ( -72.84391516214240880, 23.93992241884949834, -15.66205885223889993 ) ) ;
#12817 = ORIENTED_EDGE ( 'NONE', *, *, #730, .T. ) ;
#12818 = DIRECTION ( 'NONE',  ( 0.000000000000000000, 1.000000000000000000, 9.714451465470219441E-14 ) ) ;
#12819 = DIRECTION ( 'NONE',  ( 0.000000000000000000, -0.9238795325112788559, 0.3826834323651088221 ) ) ;
#12820 = EDGE_CURVE ( 'NONE', #1294, #2436, #6833, .T. ) ;
#12821 = EDGE_LOOP ( 'NONE', ( #493, #3834, #10248, #3071 ) ) ;
#12822 = VERTEX_POINT ( 'NONE', #5316 ) ;
#12823 = CARTESIAN_POINT ( 'NONE',  ( 6.600000000000989964, 11.86318640331682062, -28.64026550785030167 ) ) ;
#12824 = DIRECTION ( 'NONE',  ( 0.000000000000000000, -0.8314696123025479002, -0.5555702330195982919 ) ) ;
#12825 = EDGE_LOOP ( 'NONE', ( #10142, #2720, #11683, #307 ) ) ;
#12826 = CARTESIAN_POINT ( 'NONE',  ( -65.19999999999998863, -41.29741510325477094, 17.10594942671902174 ) ) ;
#12827 = FACE_OUTER_BOUND ( 'NONE', #1662, .T. ) ;
#12828 = VERTEX_POINT ( 'NONE', #3335 ) ;
#12829 = ADVANCED_FACE ( 'NONE', ( #3463 ), #4389, .F. ) ;
#12830 = DIRECTION ( 'NONE',  ( 0.000000000000000000, 0.4146932426562376373, -0.9099612708765437707 ) ) ;
#12831 = DIRECTION ( 'NONE',  ( 1.000000000000000000, 0.000000000000000000, 0.000000000000000000 ) ) ;
#12832 = EDGE_CURVE ( 'NONE', #9004, #6104, #11462, .T. ) ;
#12833 = ORIENTED_EDGE ( 'NONE', *, *, #5521, .T. ) ;
#12834 = EDGE_CURVE ( 'NONE', #3169, #4625, #9544, .T. ) ;
#12835 = DIRECTION ( 'NONE',  ( -1.000000000000000000, 6.705557021117060106E-18, 5.440889002481110112E-18 ) ) ;
#12836 = ORIENTED_EDGE ( 'NONE', *, *, #10719, .T. ) ;
#12837 = PLANE ( 'NONE',  #1776 ) ;
#12838 = CARTESIAN_POINT ( 'NONE',  ( -11.90000000000001101, -42.50000000000000000, 0.000000000000000000 ) ) ;
#12839 = CARTESIAN_POINT ( 'NONE',  ( 14.10000000000099973, 1.616789181893669713, -31.66969600663895079 ) ) ;
#12840 = DIRECTION ( 'NONE',  ( 1.000000000000000000, 0.000000000000000000, 0.000000000000000000 ) ) ;
#12841 = FACE_OUTER_BOUND ( 'NONE', #1866, .T. ) ;
#12842 = ORIENTED_EDGE ( 'NONE', *, *, #6764, .F. ) ;
#12843 = CARTESIAN_POINT ( 'NONE',  ( -78.79999999999999716, -20.32418317093049964, -10.52331119156246153 ) ) ;
#12844 = DIRECTION ( 'NONE',  ( 1.000000000000000000, -1.463587357699565999E-16, 3.907477035584234487E-17 ) ) ;
#12845 = ORIENTED_EDGE ( 'NONE', *, *, #1253, .F. ) ;
#12846 = AXIS2_PLACEMENT_3D ( 'NONE', #11769, #6860, #12932 ) ;
#12847 = AXIS2_PLACEMENT_3D ( 'NONE', #11138, #4183, #11202 ) ;
#12848 = CARTESIAN_POINT ( 'NONE',  ( -14.90000000000000036, -21.25000000000045119, -38.40607966083839386 ) ) ;
#12849 = ORIENTED_EDGE ( 'NONE', *, *, #2857, .F. ) ;
#12850 = ADVANCED_FACE ( 'NONE', ( #2483 ), #11029, .T. ) ;
#12851 = DIRECTION ( 'NONE',  ( -4.112988807310475227E-18, -0.9238795325112871826, 0.3826834323650885605 ) ) ;
#12852 = CIRCLE ( 'NONE', #3887, 1.849999999999998090 ) ;
#12853 = AXIS2_PLACEMENT_3D ( 'NONE', #7410, #5399, #10292 ) ;
#12854 = VECTOR ( 'NONE', #11275, 1000.000000000000000 ) ;
#12855 = EDGE_LOOP ( 'NONE', ( #375, #6287, #8221, #4775, #9916 ) ) ;
#12856 = ORIENTED_EDGE ( 'NONE', *, *, #5996, .T. ) ;
#12857 = DIRECTION ( 'NONE',  ( 0.000000000000000000, 0.000000000000000000, 1.000000000000000000 ) ) ;
#12858 = EDGE_LOOP ( 'NONE', ( #6406, #11166, #4483, #8132 ) ) ;
#12859 = DIRECTION ( 'NONE',  ( -6.705557021117060106E-18, -1.000000000000000000, 0.000000000000000000 ) ) ;
#12860 = LINE ( 'NONE', #7760, #12885 ) ;
#12861 = VECTOR ( 'NONE', #279, 1000.000000000000000 ) ;
#12862 = ORIENTED_EDGE ( 'NONE', *, *, #1391, .F. ) ;
#12863 = DIRECTION ( 'NONE',  ( 1.000000000000000000, -6.322502648911709143E-17, 9.462293898829198836E-17 ) ) ;
#12864 = EDGE_CURVE ( 'NONE', #10365, #1421, #2230, .T. ) ;
#12865 = CARTESIAN_POINT ( 'NONE',  ( -72.84391516214240880, -9.945303211584011649, 10.61383267390514007 ) ) ;
#12866 = VECTOR ( 'NONE', #7757, 1000.000000000000000 ) ;
#12867 = TOROIDAL_SURFACE ( 'NONE', #11420, 1.300000000000000044, 0.2999999999999999889 ) ;
#12868 = AXIS2_PLACEMENT_3D ( 'NONE', #4341, #8513, #8322 ) ;
#12869 = DIRECTION ( 'NONE',  ( 1.000000000000000000, -6.705557021117060106E-18, -5.440889002481110112E-18 ) ) ;
#12870 = ORIENTED_EDGE ( 'NONE', *, *, #3650, .F. ) ;
#12871 = AXIS2_PLACEMENT_3D ( 'NONE', #9681, #2434, #7403 ) ;
#12872 = AXIS2_PLACEMENT_3D ( 'NONE', #8430, #9606, #12425 ) ;
#12873 = ORIENTED_EDGE ( 'NONE', *, *, #8179, .F. ) ;
#12874 = ORIENTED_EDGE ( 'NONE', *, *, #5001, .F. ) ;
#12875 = DIRECTION ( 'NONE',  ( 0.000000000000000000, -0.9238795325112872936, 0.3826834323650886160 ) ) ;
#12876 = VECTOR ( 'NONE', #11012, 999.9999999999998863 ) ;
#12877 = CIRCLE ( 'NONE', #3270, 1.250000000000001110 ) ;
#12878 = VECTOR ( 'NONE', #6451, 1000.000000000000000 ) ;
#12879 = DIRECTION ( 'NONE',  ( 0.000000000000000000, 0.8660254037844384856, -0.5000000000000001110 ) ) ;
#12880 = DIRECTION ( 'NONE',  ( 0.000000000000000000, -0.9238795325112789669, 0.3826834323651084890 ) ) ;
#12881 = CARTESIAN_POINT ( 'NONE',  ( -72.84391516214240880, -11.43006468421165955, 7.029301389798390254 ) ) ;
#12882 = ORIENTED_EDGE ( 'NONE', *, *, #11097, .F. ) ;
#12883 = DIRECTION ( 'NONE',  ( 0.000000000000000000, 1.000000000000000000, 9.714451465470219441E-14 ) ) ;
#12884 = DIRECTION ( 'NONE',  ( 1.000000000000000000, -1.552325258144794826E-16, 6.264279228234948811E-17 ) ) ;
#12885 = VECTOR ( 'NONE', #10716, 1000.000000000000000 ) ;
#12886 = ORIENTED_EDGE ( 'NONE', *, *, #1522, .T. ) ;
#12887 = PLANE ( 'NONE',  #4781 ) ;
#12888 = CARTESIAN_POINT ( 'NONE',  ( -73.59999999999999432, -30.30324866637020875, 12.55201658157491273 ) ) ;
#12889 = ORIENTED_EDGE ( 'NONE', *, *, #11356, .T. ) ;
#12890 = CARTESIAN_POINT ( 'NONE',  ( -73.59999999999999432, 1.049419181516655842E-14, 5.142634763737189527E-15 ) ) ;
#12891 = FACE_OUTER_BOUND ( 'NONE', #4376, .T. ) ;
#12892 = EDGE_CURVE ( 'NONE', #3018, #7523, #11276, .T. ) ;
#12893 = AXIS2_PLACEMENT_3D ( 'NONE', #9192, #3056, #12149 ) ;
#12894 = LINE ( 'NONE', #7793, #8607 ) ;
#12895 = DIRECTION ( 'NONE',  ( 0.000000000000000000, 1.000000000000000000, 0.000000000000000000 ) ) ;
#12896 = EDGE_LOOP ( 'NONE', ( #4552, #3438, #12171, #9580 ) ) ;
#12897 = EDGE_CURVE ( 'NONE', #2617, #3954, #9120, .T. ) ;
#12898 = CARTESIAN_POINT ( 'NONE',  ( -72.84391516214240880, -1.011420541991464139, -15.81693889863030122 ) ) ;
#12899 = CARTESIAN_POINT ( 'NONE',  ( -43.91208468574654944, 9.027142616252849676E-15, -5.184576305864479733E-15 ) ) ;
#12900 = AXIS2_PLACEMENT_3D ( 'NONE', #2584, #561, #4619 ) ;
#12901 = ORIENTED_EDGE ( 'NONE', *, *, #5747, .F. ) ;
#12902 = VERTEX_POINT ( 'NONE', #11339 ) ;
#12903 = ORIENTED_EDGE ( 'NONE', *, *, #10090, .T. ) ;
#12904 = FACE_OUTER_BOUND ( 'NONE', #11280, .T. ) ;
#12905 = DIRECTION ( 'NONE',  ( 0.000000000000000000, -0.9099612708765417723, -0.4146932426562423557 ) ) ;
#12906 = DIRECTION ( 'NONE',  ( 0.000000000000000000, 1.000000000000000000, 9.592326932761342412E-14 ) ) ;
#12907 = DIRECTION ( 'NONE',  ( 0.000000000000000000, -0.8314696123025481223, -0.5555702330195977368 ) ) ;
#12908 = VECTOR ( 'NONE', #1400, 1000.000000000000000 ) ;
#12909 = DIRECTION ( 'NONE',  ( 1.000000000000000000, -1.984102504227365030E-17, 0.000000000000000000 ) ) ;
#12910 = ORIENTED_EDGE ( 'NONE', *, *, #1093, .T. ) ;
#12911 = DIRECTION ( 'NONE',  ( 0.000000000000000000, 0.9238795325112874046, -0.3826834323650882275 ) ) ;
#12912 = DIRECTION ( 'NONE',  ( 1.000000000000000000, 0.000000000000000000, 0.000000000000000000 ) ) ;
#12913 = FACE_BOUND ( 'NONE', #7900, .T. ) ;
#12914 = CIRCLE ( 'NONE', #4789, 1.849999999999998979 ) ;
#12915 = ORIENTED_EDGE ( 'NONE', *, *, #449, .F. ) ;
#12916 = CIRCLE ( 'NONE', #6044, 1.249999999999987121 ) ;
#12917 = ADVANCED_FACE ( 'NONE', ( #6359 ), #4755, .T. ) ;
#12918 = EDGE_CURVE ( 'NONE', #10524, #2106, #10167, .T. ) ;
#12919 = CARTESIAN_POINT ( 'NONE',  ( -73.59999999999999432, -19.85661083044884734, 4.977700907859180290 ) ) ;
#12920 = ORIENTED_EDGE ( 'NONE', *, *, #210, .F. ) ;
#12921 = ORIENTED_EDGE ( 'NONE', *, *, #12317, .T. ) ;
#12922 = LINE ( 'NONE', #822, #12866 ) ;
#12923 = ORIENTED_EDGE ( 'NONE', *, *, #4053, .T. ) ;
#12924 = FACE_OUTER_BOUND ( 'NONE', #1494, .T. ) ;
#12925 = CARTESIAN_POINT ( 'NONE',  ( 14.09999999999999964, -11.86318640331978003, -28.64026550785144920 ) ) ;
#12926 = ADVANCED_FACE ( 'NONE', ( #8937 ), #9853, .F. ) ;
#12927 = ORIENTED_EDGE ( 'NONE', *, *, #6785, .T. ) ;
#12928 = CIRCLE ( 'NONE', #2067, 1.850000000000000311 ) ;
#12929 = EDGE_CURVE ( 'NONE', #3091, #11047, #12860, .T. ) ;
#12930 = DIRECTION ( 'NONE',  ( 1.000000000000000000, 0.000000000000000000, 0.000000000000000000 ) ) ;
#12931 = EDGE_CURVE ( 'NONE', #2460, #6889, #7890, .T. ) ;
#12932 = DIRECTION ( 'NONE',  ( 0.000000000000000000, 0.000000000000000000, 1.000000000000000000 ) ) ;
#12933 = EDGE_CURVE ( 'NONE', #6716, #3154, #6919, .T. ) ;
#12934 = CARTESIAN_POINT ( 'NONE',  ( -73.59999999999999432, -0.8457897429385049515, 18.20980888726569802 ) ) ;
#12935 = ORIENTED_EDGE ( 'NONE', *, *, #3242, .F. ) ;
#12936 = ORIENTED_EDGE ( 'NONE', *, *, #8723, .T. ) ;
#12937 = ORIENTED_EDGE ( 'NONE', *, *, #4505, .F. ) ;
#12938 = CARTESIAN_POINT ( 'NONE',  ( 14.10000000000099973, -32.61678918189475240, 0.6696960066396639988 ) ) ;
#12939 = EDGE_CURVE ( 'NONE', #9083, #8773, #12264, .T. ) ;
#12940 = VERTEX_POINT ( 'NONE', #10775 ) ;
#12941 = LINE ( 'NONE', #5888, #7433 ) ;
#12942 = DIRECTION ( 'NONE',  ( 1.000000000000000000, -6.322502648911719004E-17, 9.462293898829198836E-17 ) ) ;
#12943 = DIRECTION ( 'NONE',  ( 0.000000000000000000, 1.000000000000000000, 0.000000000000000000 ) ) ;
#12944 = LINE ( 'NONE', #3003, #3443 ) ;
#12945 = EDGE_LOOP ( 'NONE', ( #1792, #865, #2530, #3467 ) ) ;
#12946 = CARTESIAN_POINT ( 'NONE',  ( -73.29999999999999716, 10.18796957819832016, -12.83034589844410078 ) ) ;
#12947 = EDGE_CURVE ( 'NONE', #11888, #508, #5170, .T. ) ;
#12948 = DIRECTION ( 'NONE',  ( 0.000000000000000000, -0.9238795325112786339, 0.3826834323651093772 ) ) ;
#12949 = ORIENTED_EDGE ( 'NONE', *, *, #2140, .T. ) ;
#12950 = DIRECTION ( 'NONE',  ( 0.000000000000000000, -0.7933533402912362753, -0.6087614290087191016 ) ) ;
#12951 = DIRECTION ( 'NONE',  ( 1.000000000000000000, -6.322502648911728864E-17, 9.462293898829198836E-17 ) ) ;
ENDSEC;
END-ISO-10303-21;
