ISO-10303-21;
HEADER;
FILE_DESCRIPTION (( 'STEP AP214' ),
    '1' );
FILE_NAME ('60关节-20260520.STEP',
    '2026-05-21T09:02:12',
    ( '' ),
    ( '' ),
    'SwSTEP 2.0',
    'SolidWorks 2024',
    '' );
FILE_SCHEMA (( 'AUTOMOTIVE_DESIGN' ));
ENDSEC;

DATA;
#1 = CARTESIAN_POINT ( 'NONE',  ( -9.779644824719333940, 9.697899641309026819, 0.000000000000000000 ) ) ;
#2 = LINE ( 'NONE', #2939, #2683 ) ;
#3 = ORIENTED_EDGE ( 'NONE', *, *, #7477, .F. ) ;
#4 = CARTESIAN_POINT ( 'NONE',  ( 29.35000000000000497, -5.427663812588813366E-13, 75.00000000000000000 ) ) ;
#5 = LINE ( 'NONE', #5380, #6064 ) ;
#6 = PLANE ( 'NONE',  #698 ) ;
#7 = CARTESIAN_POINT ( 'NONE',  ( 34.10936000250134015, -7.845480241499721785, 69.49999999999998579 ) ) ;
#8 = EDGE_CURVE ( 'NONE', #655, #904, #817, .T. ) ;
#9 = CARTESIAN_POINT ( 'NONE',  ( -7.999599450723739125, -34.07360143426239318, 56.12992980600228066 ) ) ;
#10 = FILL_AREA_STYLE ('',( #5938 ) ) ;
#11 = ADVANCED_FACE ( 'NONE', ( #1304, #6076 ), #5966, .F. ) ;
#12 = EDGE_LOOP ( 'NONE', ( #223, #3877, #7396 ) ) ;
#13 = CARTESIAN_POINT ( 'NONE',  ( -8.313394368368006937, 33.99854031952581579, 56.49858126598913088 ) ) ;
#14 = CONICAL_SURFACE ( 'NONE', #1010, 1.249999999999988232, 1.029744258676644764 ) ;
#15 = LINE ( 'NONE', #2377, #5017 ) ;
#16 = UNCERTAINTY_MEASURE_WITH_UNIT (LENGTH_MEASURE( 1.000000000000000082E-05 ), #3824, 'distance_accuracy_value', 'NONE');
#17 = CARTESIAN_POINT ( 'NONE',  ( -26.23943641657120196, -8.324931023180754508, 55.49999999999999289 ) ) ;
#18 = ORIENTED_EDGE ( 'NONE', *, *, #660, .T. ) ;
#19 = CARTESIAN_POINT ( 'NONE',  ( -33.46231238974492328, -10.26029480722284504, 55.33480505326375720 ) ) ;
#20 = CARTESIAN_POINT ( 'NONE',  ( -10.25247436872425943, -33.46471313008110116, 69.33555798072745802 ) ) ;
#21 = PLANE ( 'NONE',  #1425 ) ;
#22 = ORIENTED_EDGE ( 'NONE', *, *, #6765, .T. ) ;
#23 = AXIS2_PLACEMENT_3D ( 'NONE', #424, #1132, #5846 ) ;
#24 = DIRECTION ( 'NONE',  ( -0.000000000000000000, -0.000000000000000000, 1.000000000000000000 ) ) ;
#25 = DIRECTION ( 'NONE',  ( 0.000000000000000000, 0.000000000000000000, 1.000000000000000000 ) ) ;
#26 = CARTESIAN_POINT ( 'NONE',  ( 26.56296022294946368, -7.117523740319062320, 55.49999999999999289 ) ) ;
#27 = FACE_OUTER_BOUND ( 'NONE', #1143, .T. ) ;
#28 = VECTOR ( 'NONE', #6079, 1000.000000000000000 ) ;
#29 = CARTESIAN_POINT ( 'NONE',  ( -25.59468177588257731, 23.87291786938554239, 55.17270578215241983 ) ) ;
#30 = COLOUR_RGB ( '',1.000000000000000000, 1.000000000000000000, 1.000000000000000000 ) ;
#31 = DIRECTION ( 'NONE',  ( -0.000000000000000000, -0.000000000000000000, 1.000000000000000000 ) ) ;
#32 = CARTESIAN_POINT ( 'NONE',  ( 19.44543648262982671, 19.44543648263030278, 69.49999999999998579 ) ) ;
#33 = ORIENTED_EDGE ( 'NONE', *, *, #5641, .F. ) ;
#34 = CARTESIAN_POINT ( 'NONE',  ( 23.87844043421770479, -25.58945755559282276, 69.17537727027524852 ) ) ;
#35 = VECTOR ( 'NONE', #1319, 1000.000000000000000 ) ;
#36 = CARTESIAN_POINT ( 'NONE',  ( 33.96503105473754403, -8.449810642010495698, 54.40752953715788465 ) ) ;
#37 = CARTESIAN_POINT ( 'NONE',  ( 24.74873734152886229, 24.74873734152946980, 69.49999999999998579 ) ) ;
#38 = FILL_AREA_STYLE ('',( #780 ) ) ;
#39 = CARTESIAN_POINT ( 'NONE',  ( 33.89065425741836890, -8.743371217143126373, 70.71781442879141366 ) ) ;
#40 = VERTEX_POINT ( 'NONE', #5376 ) ;
#41 = DIRECTION ( 'NONE',  ( -0.7071067811865461294, -0.7071067811865489050, 0.000000000000000000 ) ) ;
#42 = PRESENTATION_STYLE_ASSIGNMENT (( #5975 ) ) ;
#43 = DIRECTION ( 'NONE',  ( -0.000000000000000000, -0.000000000000000000, 1.000000000000000000 ) ) ;
#44 = VERTEX_POINT ( 'NONE', #3668 ) ;
#45 = ADVANCED_FACE ( 'NONE', ( #4771 ), #5540, .F. ) ;
#46 = LINE ( 'NONE', #1982, #3770 ) ;
#47 = DIRECTION ( 'NONE',  ( 0.000000000000000000, 0.000000000000000000, 1.000000000000000000 ) ) ;
#48 = ORIENTED_EDGE ( 'NONE', *, *, #1908, .F. ) ;
#49 = CARTESIAN_POINT ( 'NONE',  ( 20.32931995911301470, 18.56155300614713966, 55.49999999999999289 ) ) ;
#50 = CARTESIAN_POINT ( 'NONE',  ( 33.48388011373913997, 10.26607386144992340, 55.49999999999999289 ) ) ;
#51 = EDGE_CURVE ( 'NONE', #1903, #5463, #5158, .T. ) ;
#52 = CARTESIAN_POINT ( 'NONE',  ( -10.26029480722896992, -33.46231238974304745, 69.49999999999936051 ) ) ;
#53 = DIRECTION ( 'NONE',  ( 1.000000000000000000, 0.000000000000000000, 0.000000000000000000 ) ) ;
#54 = CARTESIAN_POINT ( 'NONE',  ( 0.000000000000000000, 0.000000000000000000, 72.50000000000000000 ) ) ;
#55 = FILL_AREA_STYLE_COLOUR ( '', #5574 ) ;
#56 = VECTOR ( 'NONE', #5513, 1000.000000000000114 ) ;
#57 = CARTESIAN_POINT ( 'NONE',  ( 29.75000000000000000, -1.080828406542437088E-13, 75.00000000000000000 ) ) ;
#58 = CONICAL_SURFACE ( 'NONE', #5796, 1.249999999999988232, 1.029744258676644764 ) ;
#59 = SURFACE_STYLE_FILL_AREA ( #5448 ) ;
#60 = DIRECTION ( 'NONE',  ( -0.6427876096864910682, -0.7660444431190185366, 0.000000000000000000 ) ) ;
#61 = EDGE_CURVE ( 'NONE', #872, #924, #3976, .T. ) ;
#62 = ORIENTED_EDGE ( 'NONE', *, *, #7039, .F. ) ;
#63 = DIRECTION ( 'NONE',  ( -0.7071067811865437980, -0.7071067811865513475, -0.000000000000000000 ) ) ;
#64 = ORIENTED_EDGE ( 'NONE', *, *, #2613, .F. ) ;
#65 = CARTESIAN_POINT ( 'NONE',  ( -1.649999999999565370, 31.00000000000000000, 73.00000000000000000 ) ) ;
#66 = CARTESIAN_POINT ( 'NONE',  ( -34.00000000000000000, -2.100000000000003197, 66.19999999999998863 ) ) ;
#67 = AXIS2_PLACEMENT_3D ( 'NONE', #4468, #6362, #3881 ) ;
#68 = STYLED_ITEM ( 'NONE', ( #3749 ), #5467 ) ;
#69 = DIRECTION ( 'NONE',  ( 0.9659258262890683122, 0.2588190451025205174, 0.000000000000000000 ) ) ;
#70 = DIRECTION ( 'NONE',  ( 0.000000000000000000, 0.000000000000000000, 1.000000000000000000 ) ) ;
#71 = VECTOR ( 'NONE', #6289, 1000.000000000000114 ) ;
#72 = ORIENTED_EDGE ( 'NONE', *, *, #4429, .T. ) ;
#73 = FACE_OUTER_BOUND ( 'NONE', #6838, .T. ) ;
#74 = FACE_OUTER_BOUND ( 'NONE', #1538, .T. ) ;
#75 = EDGE_CURVE ( 'NONE', #3433, #7142, #443, .T. ) ;
#76 = VERTEX_POINT ( 'NONE', #4525 ) ;
#77 = ORIENTED_EDGE ( 'NONE', *, *, #3129, .T. ) ;
#78 = AXIS2_PLACEMENT_3D ( 'NONE', #6346, #3901, #6295 ) ;
#79 = CARTESIAN_POINT ( 'NONE',  ( 25.28113781185340514, -24.20472442494893883, 56.49490063177621835 ) ) ;
#80 = CIRCLE ( 'NONE', #439, 34.75000000000000711 ) ;
#81 = VECTOR ( 'NONE', #7677, 1000.000000000000000 ) ;
#82 = EDGE_LOOP ( 'NONE', ( #1230, #4593, #5615 ) ) ;
#83 = FACE_OUTER_BOUND ( 'NONE', #4762, .T. ) ;
#84 = UNCERTAINTY_MEASURE_WITH_UNIT (LENGTH_MEASURE( 1.000000000000000082E-05 ), #645, 'distance_accuracy_value', 'NONE');
#85 = EDGE_CURVE ( 'NONE', #4664, #3779, #3935, .T. ) ;
#86 = CIRCLE ( 'NONE', #1700, 1.249999999999997558 ) ;
#87 = FACE_OUTER_BOUND ( 'NONE', #5472, .T. ) ;
#88 = ORIENTED_EDGE ( 'NONE', *, *, #1351, .T. ) ;
#89 = CARTESIAN_POINT ( 'NONE',  ( -33.99646979411479464, 8.321337337680965618, 56.49490063177620414 ) ) ;
#90 = EDGE_CURVE ( 'NONE', #167, #6888, #461, .T. ) ;
#91 = VECTOR ( 'NONE', #6467, 1000.000000000000114 ) ;
#92 = DIRECTION ( 'NONE',  ( -0.8571673007021098911, 1.049727191138615737E-16, 0.5150380749100581523 ) ) ;
#93 = VECTOR ( 'NONE', #4511, 1000.000000000000114 ) ;
#94 = CARTESIAN_POINT ( 'NONE',  ( -5.910116457457829320, -26.88648402932758330, 69.49999999999998579 ) ) ;
#95 = UNCERTAINTY_MEASURE_WITH_UNIT (LENGTH_MEASURE( 1.000000000000000082E-05 ), #1186, 'distance_accuracy_value', 'NONE');
#96 = LINE ( 'NONE', #732, #179 ) ;
#97 = VECTOR ( 'NONE', #561, 1000.000000000000114 ) ;
#98 = EDGE_CURVE ( 'NONE', #7312, #909, #1728, .T. ) ;
#99 = DIRECTION ( 'NONE',  ( -1.000000000000000000, -2.693799693929904232E-16, -0.000000000000000000 ) ) ;
#100 = FACE_OUTER_BOUND ( 'NONE', #6904, .T. ) ;
#101 = EDGE_CURVE ( 'NONE', #566, #529, #1837, .T. ) ;
#102 = VERTEX_POINT ( 'NONE', #6557 ) ;
#103 = VERTEX_POINT ( 'NONE', #3582 ) ;
#104 = SURFACE_STYLE_USAGE ( .BOTH. , #3553 ) ;
#105 = FACE_OUTER_BOUND ( 'NONE', #3104, .T. ) ;
#106 = AXIS2_PLACEMENT_3D ( 'NONE', #5603, #4370, #5521 ) ;
#107 = AXIS2_PLACEMENT_3D ( 'NONE', #1181, #612, #1067 ) ;
#108 = CARTESIAN_POINT ( 'NONE',  ( 1.149066664678525695, -0.9641814145297351590, -12.34999999999999964 ) ) ;
#109 = CARTESIAN_POINT ( 'NONE',  ( 33.64022680846633762, 9.661250117070080634, 56.58541951627361755 ) ) ;
#110 = ORIENTED_EDGE ( 'NONE', *, *, #1760, .F. ) ;
#111 = CYLINDRICAL_SURFACE ( 'NONE', #410, 1.649999999999998579 ) ;
#112 =( GEOMETRIC_REPRESENTATION_CONTEXT ( 3 ) GLOBAL_UNCERTAINTY_ASSIGNED_CONTEXT ( ( #16 ) ) GLOBAL_UNIT_ASSIGNED_CONTEXT ( ( #3824, #1918, #6182 ) ) REPRESENTATION_CONTEXT ( 'NONE', 'WORKASPACE' ) );
#113 = AXIS2_PLACEMENT_3D ( 'NONE', #7665, #1130, #3436 ) ;
#114 = EDGE_CURVE ( 'NONE', #3779, #3691, #1801, .T. ) ;
#115 = EDGE_CURVE ( 'NONE', #7288, #3239, #5926, .T. ) ;
#116 = DIRECTION ( 'NONE',  ( 1.000000000000000000, 0.000000000000000000, 0.000000000000000000 ) ) ;
#117 = CARTESIAN_POINT ( 'NONE',  ( 34.10195339827340177, -7.877860146954563270, 69.82922580273995550 ) ) ;
#118 = ORIENTED_EDGE ( 'NONE', *, *, #2970, .F. ) ;
#119 = CARTESIAN_POINT ( 'NONE',  ( -10.26029480722262299, -33.46231238974499433, 55.66313326947210527 ) ) ;
#120 = DIRECTION ( 'NONE',  ( 1.000000000000000000, 0.000000000000000000, -0.000000000000000000 ) ) ;
#121 = AXIS2_PLACEMENT_3D ( 'NONE', #2237, #1615, #6377 ) ;
#122 = PRESENTATION_STYLE_ASSIGNMENT (( #5531 ) ) ;
#123 = ORIENTED_EDGE ( 'NONE', *, *, #208, .T. ) ;
#124 = CARTESIAN_POINT ( 'NONE',  ( 33.50840416585892712, 10.10894437270454205, 70.12992980600230908 ) ) ;
#125 = VECTOR ( 'NONE', #4636, 1000.000000000000114 ) ;
#126 = AXIS2_PLACEMENT_3D ( 'NONE', #5410, #7090, #3559 ) ;
#127 = EDGE_CURVE ( 'NONE', #6892, #413, #2944, .T. ) ;
#128 = CARTESIAN_POINT ( 'NONE',  ( 9.798729503278879704, -33.60056864402281462, 54.50065340017646065 ) ) ;
#129 = PRESENTATION_STYLE_ASSIGNMENT (( #867 ) ) ;
#130 = CIRCLE ( 'NONE', #4200, 1.649999999999998579 ) ;
#131 = ORIENTED_EDGE ( 'NONE', *, *, #4847, .T. ) ;
#132 = CARTESIAN_POINT ( 'NONE',  ( -33.72132837859822985, -9.375214494499033435, 68.28287014335595018 ) ) ;
#133 = EDGE_CURVE ( 'NONE', #5774, #5236, #935, .T. ) ;
#134 = CARTESIAN_POINT ( 'NONE',  ( 7.999523156526167078, 34.07361988511530626, 68.86992887182175593 ) ) ;
#135 = AXIS2_PLACEMENT_3D ( 'NONE', #3320, #7327, #1395 ) ;
#136 = CARTESIAN_POINT ( 'NONE',  ( 26.88648402932760106, -5.910116457457736949, 55.49999999999999289 ) ) ;
#137 = CARTESIAN_POINT ( 'NONE',  ( 8.453225370535015770, 33.96391606373721572, 70.58541951627358912 ) ) ;
#138 = DIRECTION ( 'NONE',  ( -0.4999999999999921174, 0.8660254037844431485, 0.000000000000000000 ) ) ;
#139 = DIRECTION ( 'NONE',  ( 0.9659258262890654256, 0.2588190451025315642, -0.000000000000000000 ) ) ;
#140 = ADVANCED_FACE ( 'NONE', ( #7697 ), #21, .F. ) ;
#141 = DIRECTION ( 'NONE',  ( 0.7071067811865405783, 0.7071067811865544561, 0.000000000000000000 ) ) ;
#142 = PRESENTATION_STYLE_ASSIGNMENT (( #5483 ) ) ;
#143 = DIRECTION ( 'NONE',  ( -0.000000000000000000, -0.000000000000000000, 1.000000000000000000 ) ) ;
#144 = VERTEX_POINT ( 'NONE', #537 ) ;
#145 = VERTEX_POINT ( 'NONE', #3541 ) ;
#146 = CARTESIAN_POINT ( 'NONE',  ( 24.97983810746347544, -24.51591977797356847, 68.28287014335595018 ) ) ;
#147 = ORIENTED_EDGE ( 'NONE', *, *, #2086, .T. ) ;
#148 = CARTESIAN_POINT ( 'NONE',  ( 0.000000000000000000, 0.000000000000000000, 75.00000000000000000 ) ) ;
#149 = B_SPLINE_CURVE_WITH_KNOTS ( 'NONE', 3,
 ( #4382, #2521, #6130, #6692, #2921, #4349, #3643, #7216, #6728, #4897, #7368, #1980, #6049, #2486, #2560, #5466, #124, #1397, #3139, #3176 ),
 .UNSPECIFIED., .F., .F.,
 ( 4, 2, 2, 2, 2, 2, 2, 2, 2, 4 ),
 ( 0.003908381719904437980, 0.004396818631769985539, 0.004885255543635533097, 0.005373692455501080656, 0.005862129367366628215, 0.006350566279232175773, 0.006594784735164936976, 0.006839003191097698178, 0.007327440102963183287, 0.007815877014828668395 ),
 .UNSPECIFIED. ) ;
#150 = CARTESIAN_POINT ( 'NONE',  ( -5.910116457458017614, 26.88648402932753356, 69.49999999999998579 ) ) ;
#151 = SURFACE_STYLE_USAGE ( .BOTH. , #3098 ) ;
#152 = ORIENTED_EDGE ( 'NONE', *, *, #3195, .F. ) ;
#153 = CARTESIAN_POINT ( 'NONE',  ( -8.321337337680844826, -33.99646979411483727, 56.49490063177623966 ) ) ;
#154 =( NAMED_UNIT ( * ) SI_UNIT ( $, .STERADIAN. ) SOLID_ANGLE_UNIT ( ) );
#155 = CIRCLE ( 'NONE', #5895, 1.249999999999997558 ) ;
#156 = PLANE ( 'NONE',  #749 ) ;
#157 = ORIENTED_EDGE ( 'NONE', *, *, #960, .F. ) ;
#158 = LINE ( 'NONE', #4307, #304 ) ;
#159 = ORIENTED_EDGE ( 'NONE', *, *, #4752, .T. ) ;
#160 = CARTESIAN_POINT ( 'NONE',  ( 18.56155300614664228, 20.32931995911346945, 55.49999999999999289 ) ) ;
#161 = CARTESIAN_POINT ( 'NONE',  ( -9.798729503278879704, 33.60056864402281462, 54.50065340017646065 ) ) ;
#162 = CARTESIAN_POINT ( 'NONE',  ( -25.28113781185323461, 24.20472442494911292, 70.49490063177623256 ) ) ;
#163 = UNCERTAINTY_MEASURE_WITH_UNIT (LENGTH_MEASURE( 1.000000000000000082E-05 ), #947, 'distance_accuracy_value', 'NONE');
#164 = DIRECTION ( 'NONE',  ( 0.5000000000000099920, 0.8660254037844328234, 0.000000000000000000 ) ) ;
#165 = ORIENTED_EDGE ( 'NONE', *, *, #798, .F. ) ;
#166 = CARTESIAN_POINT ( 'NONE',  ( -26.84678751731741997, 15.50000000000031442, 75.00000000000000000 ) ) ;
#167 = VERTEX_POINT ( 'NONE', #2382 ) ;
#168 = FACE_OUTER_BOUND ( 'NONE', #7491, .T. ) ;
#169 = DIRECTION ( 'NONE',  ( -0.8571673007021095581, 1.049727191138615244E-16, 0.5150380749100587074 ) ) ;
#170 = ADVANCED_FACE ( 'NONE', ( #1155 ), #7277, .F. ) ;
#171 = CARTESIAN_POINT ( 'NONE',  ( 10.26029480722238674, 33.46231238974506539, 69.66313326947211237 ) ) ;
#172 = DIRECTION ( 'NONE',  ( 0.000000000000000000, 0.000000000000000000, -1.000000000000000000 ) ) ;
#173 = CARTESIAN_POINT ( 'NONE',  ( 26.84678751731741997, -15.50000000000031442, 73.00000000000000000 ) ) ;
#174 = CARTESIAN_POINT ( 'NONE',  ( -34.05238992180870383, 8.089997138022788192, 54.73126142467577182 ) ) ;
#175 = PRESENTATION_STYLE_ASSIGNMENT (( #3706 ) ) ;
#176 = ORIENTED_EDGE ( 'NONE', *, *, #1660, .F. ) ;
#177 = CARTESIAN_POINT ( 'NONE',  ( -34.75000000000000711, 0.000000000000000000, 72.50000000000000000 ) ) ;
#178 = EDGE_CURVE ( 'NONE', #494, #103, #4794, .T. ) ;
#179 = VECTOR ( 'NONE', #1331, 1000.000000000000000 ) ;
#180 = CARTESIAN_POINT ( 'NONE',  ( 15.49999999999946887, -26.84678751731790669, 73.00000000000000000 ) ) ;
#181 = CARTESIAN_POINT ( 'NONE',  ( -26.84678751731773971, -15.49999999999974953, 67.50000000000000000 ) ) ;
#182 = VECTOR ( 'NONE', #92, 1000.000000000000000 ) ;
#183 = CARTESIAN_POINT ( 'NONE',  ( 7.117523740319341208, -26.56296022294938552, 55.49999999999999289 ) ) ;
#184 = STYLED_ITEM ( 'NONE', ( #804 ), #3113 ) ;
#185 = SURFACE_STYLE_FILL_AREA ( #5042 ) ;
#186 =( GEOMETRIC_REPRESENTATION_CONTEXT ( 3 ) GLOBAL_UNCERTAINTY_ASSIGNED_CONTEXT ( ( #6694 ) ) GLOBAL_UNIT_ASSIGNED_CONTEXT ( ( #352, #1556, #7010 ) ) REPRESENTATION_CONTEXT ( 'NONE', 'WORKASPACE' ) );
#187 = CARTESIAN_POINT ( 'NONE',  ( -24.03259720677951705, -25.44499185062872826, 56.26921617977551193 ) ) ;
#188 = FACE_OUTER_BOUND ( 'NONE', #2629, .T. ) ;
#189 = DIRECTION ( 'NONE',  ( 1.000000000000000000, 0.000000000000000000, 0.000000000000000000 ) ) ;
#190 = VERTEX_POINT ( 'NONE', #2844 ) ;
#191 = DIRECTION ( 'NONE',  ( -0.000000000000000000, -0.000000000000000000, 1.000000000000000000 ) ) ;
#192 = ORIENTED_EDGE ( 'NONE', *, *, #5583, .T. ) ;
#193 = CYLINDRICAL_SURFACE ( 'NONE', #3004, 0.9999999999999974465 ) ;
#194 = DIRECTION ( 'NONE',  ( -0.000000000000000000, -0.000000000000000000, 1.000000000000000000 ) ) ;
#195 = MECHANICAL_DESIGN_GEOMETRIC_PRESENTATION_REPRESENTATION (  '', ( #6420 ), #1804 ) ;
#196 = LINE ( 'NONE', #3109, #4660 ) ;
#197 = CIRCLE ( 'NONE', #2545, 1.249999999999997558 ) ;
#198 = DIRECTION ( 'NONE',  ( 1.000000000000000000, 0.000000000000000000, 0.000000000000000000 ) ) ;
#199 = COLOUR_RGB ( '',1.000000000000000000, 1.000000000000000000, 1.000000000000000000 ) ;
#200 = CIRCLE ( 'NONE', #4797, 1.249999999999997558 ) ;
#201 = EDGE_LOOP ( 'NONE', ( #4404, #7353 ) ) ;
#202 = CARTESIAN_POINT ( 'NONE',  ( -14.24999999999965894, 26.84678751731779656, 67.50000000000000000 ) ) ;
#203 = CARTESIAN_POINT ( 'NONE',  ( 13.84999999999947029, -26.84678751731790669, 75.00000000000000000 ) ) ;
#204 = ORIENTED_EDGE ( 'NONE', *, *, #3756, .F. ) ;
#205 = AXIS2_PLACEMENT_3D ( 'NONE', #5403, #1773, #1122 ) ;
#206 = CARTESIAN_POINT ( 'NONE',  ( 24.86605022927806630, 24.63141749182873497, 56.74986216034435671 ) ) ;
#207 = EDGE_CURVE ( 'NONE', #5625, #872, #6592, .T. ) ;
#208 = EDGE_CURVE ( 'NONE', #4053, #3903, #1675, .T. ) ;
#209 = FACE_OUTER_BOUND ( 'NONE', #3713, .T. ) ;
#210 = AXIS2_PLACEMENT_3D ( 'NONE', #5645, #1510, #7426 ) ;
#211 = CARTESIAN_POINT ( 'NONE',  ( 25.57332890163094063, 23.89572836663694488, 69.09744532331463063 ) ) ;
#212 = DIRECTION ( 'NONE',  ( -0.7071067811865558994, 0.7071067811865391350, 0.000000000000000000 ) ) ;
#213 = PRESENTATION_LAYER_ASSIGNMENT (  '', '', ( #5443 ) ) ;
#214 = DIRECTION ( 'NONE',  ( 0.000000000000000000, 0.000000000000000000, 1.000000000000000000 ) ) ;
#215 = EDGE_CURVE ( 'NONE', #323, #2761, #6895, .T. ) ;
#216 = CONICAL_SURFACE ( 'NONE', #2439, 1.249999999999987566, 1.029744258676642321 ) ;
#217 = EDGE_CURVE ( 'NONE', #5029, #825, #1188, .T. ) ;
#218 = FACE_OUTER_BOUND ( 'NONE', #5459, .T. ) ;
#219 = VERTEX_POINT ( 'NONE', #5509 ) ;
#220 = CARTESIAN_POINT ( 'NONE',  ( 32.25000000000000000, -1.082359215041371340E-13, 75.00000000000000000 ) ) ;
#221 = EDGE_LOOP ( 'NONE', ( #6941, #2062, #652, #4292 ) ) ;
#222 = CARTESIAN_POINT ( 'NONE',  ( -26.56296022294941395, 7.117523740319247061, 69.49999999999998579 ) ) ;
#223 = ORIENTED_EDGE ( 'NONE', *, *, #6096, .F. ) ;
#224 = EDGE_CURVE ( 'NONE', #1068, #3810, #5432, .T. ) ;
#225 = CARTESIAN_POINT ( 'NONE',  ( -34.07380018804172295, -7.998751193233287538, 70.12841670645251213 ) ) ;
#226 = CARTESIAN_POINT ( 'NONE',  ( -34.10195339827336625, 7.877860146954801301, 69.82922580273995550 ) ) ;
#227 = ORIENTED_EDGE ( 'NONE', *, *, #865, .F. ) ;
#228 = CARTESIAN_POINT ( 'NONE',  ( -25.50897568155069095, -23.96447580921414300, 54.87019983082778651 ) ) ;
#229 =( GEOMETRIC_REPRESENTATION_CONTEXT ( 3 ) GLOBAL_UNCERTAINTY_ASSIGNED_CONTEXT ( ( #163 ) ) GLOBAL_UNIT_ASSIGNED_CONTEXT ( ( #947, #442, #990 ) ) REPRESENTATION_CONTEXT ( 'NONE', 'WORKASPACE' ) );
#230 = SURFACE_STYLE_USAGE ( .BOTH. , #5573 ) ;
#231 = CARTESIAN_POINT ( 'NONE',  ( -24.35431995556182372, -25.13708109668429458, 56.62377514882767571 ) ) ;
#232 = FILL_AREA_STYLE_COLOUR ( '', #631 ) ;
#233 = VECTOR ( 'NONE', #3892, 1000.000000000000000 ) ;
#234 = ORIENTED_EDGE ( 'NONE', *, *, #5525, .F. ) ;
#235 = CARTESIAN_POINT ( 'NONE',  ( -25.61683214824494570, 23.84906519527850932, 55.49999999999999289 ) ) ;
#236 = ORIENTED_EDGE ( 'NONE', *, *, #5006, .T. ) ;
#237 = CARTESIAN_POINT ( 'NONE',  ( -26.84678751731741997, 15.50000000000031442, 73.00000000000000000 ) ) ;
#238 = MECHANICAL_DESIGN_GEOMETRIC_PRESENTATION_REPRESENTATION (  '', ( #625 ), #746 ) ;
#239 = DIRECTION ( 'NONE',  ( -0.5000000000000039968, -0.8660254037844363761, 0.000000000000000000 ) ) ;
#240 = FACE_OUTER_BOUND ( 'NONE', #4031, .T. ) ;
#241 =( GEOMETRIC_REPRESENTATION_CONTEXT ( 3 ) GLOBAL_UNCERTAINTY_ASSIGNED_CONTEXT ( ( #4755 ) ) GLOBAL_UNIT_ASSIGNED_CONTEXT ( ( #7337, #6619, #761 ) ) REPRESENTATION_CONTEXT ( 'NONE', 'WORKASPACE' ) );
#242 = EDGE_CURVE ( 'NONE', #437, #3279, #797, .T. ) ;
#243 = DIRECTION ( 'NONE',  ( 1.000000000000000000, 0.000000000000000000, 0.000000000000000000 ) ) ;
#244 = FACE_OUTER_BOUND ( 'NONE', #381, .T. ) ;
#245 = ORIENTED_EDGE ( 'NONE', *, *, #4820, .T. ) ;
#246 = DIRECTION ( 'NONE',  ( -0.000000000000000000, -0.000000000000000000, 1.000000000000000000 ) ) ;
#247 = DIRECTION ( 'NONE',  ( 0.000000000000000000, 0.000000000000000000, 1.000000000000000000 ) ) ;
#248 = MECHANICAL_DESIGN_GEOMETRIC_PRESENTATION_REPRESENTATION (  '', ( #6586 ), #6478 ) ;
#249 = ORIENTED_EDGE ( 'NONE', *, *, #4760, .T. ) ;
#250 = CARTESIAN_POINT ( 'NONE',  ( 8.900720039758740043, 33.84972342168089909, 68.25005803955802719 ) ) ;
#251 = UNCERTAINTY_MEASURE_WITH_UNIT (LENGTH_MEASURE( 1.000000000000000082E-05 ), #6043, 'distance_accuracy_value', 'NONE');
#252 = PRESENTATION_LAYER_ASSIGNMENT (  '', '', ( #6227 ) ) ;
#253 = ORIENTED_EDGE ( 'NONE', *, *, #5478, .T. ) ;
#254 = SURFACE_STYLE_FILL_AREA ( #7380 ) ;
#255 = DIRECTION ( 'NONE',  ( 0.000000000000000000, 0.000000000000000000, -1.000000000000000000 ) ) ;
#256 = DIRECTION ( 'NONE',  ( -0.8660254037844413721, -0.4999999999999952816, 0.000000000000000000 ) ) ;
#257 = CARTESIAN_POINT ( 'NONE',  ( -33.48388011373928208, 10.26607386144945444, 55.49999999999999289 ) ) ;
#258 = AXIS2_PLACEMENT_3D ( 'NONE', #3127, #923, #3263 ) ;
#259 = ORIENTED_EDGE ( 'NONE', *, *, #4801, .T. ) ;
#260 = DIRECTION ( 'NONE',  ( -0.000000000000000000, -0.000000000000000000, -1.000000000000000000 ) ) ;
#261 = CARTESIAN_POINT ( 'NONE',  ( -28.09678751731773971, -15.49999999999974953, 73.00000000000000000 ) ) ;
#262 = ORIENTED_EDGE ( 'NONE', *, *, #1664, .F. ) ;
#263 = DIRECTION ( 'NONE',  ( 0.000000000000000000, 0.000000000000000000, -1.000000000000000000 ) ) ;
#264 = CARTESIAN_POINT ( 'NONE',  ( 34.10936000250116962, 7.845480241500512264, 55.41841486166936193 ) ) ;
#265 = CARTESIAN_POINT ( 'NONE',  ( -34.07360143426235055, 7.999599450723860805, 70.12992980600229487 ) ) ;
#266 = CARTESIAN_POINT ( 'NONE',  ( -25.57332890163110761, -23.89572836663676014, 55.09744532331460931 ) ) ;
#267 = CARTESIAN_POINT ( 'NONE',  ( -15.50000000000059508, -26.84678751731725654, 75.00000000000000000 ) ) ;
#268 = CARTESIAN_POINT ( 'NONE',  ( -25.19084476727093147, -24.29905735647518483, 56.59162368380860642 ) ) ;
#269 = B_SPLINE_CURVE_WITH_KNOTS ( 'NONE', 3,
 ( #1161, #4134, #1771, #3505, #5917, #7702, #581, #2926, #5328, #7120, #2349, #4735, #5609, #1388, #6950, #3979, #265, #226, #6340, #1572 ),
 .UNSPECIFIED., .F., .F.,
 ( 4, 2, 2, 2, 2, 2, 2, 2, 2, 4 ),
 ( 0.003908381719904438847, 0.004396818631769982069, 0.004885255543635524424, 0.005373692455501066778, 0.005862129367366610000, 0.006350566279232153222, 0.006594784735164916159, 0.006839003191097679964, 0.007327440102963173746, 0.007815877014828668395 ),
 .UNSPECIFIED. ) ;
#270 = ORIENTED_EDGE ( 'NONE', *, *, #6440, .F. ) ;
#271 = CARTESIAN_POINT ( 'NONE',  ( -33.64022680846640156, -9.661250117069842602, 56.58541951627361044 ) ) ;
#272 = CARTESIAN_POINT ( 'NONE',  ( 10.02132654886013263, 33.53485719109463048, 54.73257693896659504 ) ) ;
#273 = VECTOR ( 'NONE', #347, 999.9999999999998863 ) ;
#274 = CARTESIAN_POINT ( 'NONE',  ( -30.00000000000000000, 3.673940397442058389E-15, 52.98999999999999488 ) ) ;
#275 = PRESENTATION_STYLE_ASSIGNMENT (( #1026 ) ) ;
#276 = ORIENTED_EDGE ( 'NONE', *, *, #3082, .T. ) ;
#277 = FILL_AREA_STYLE_COLOUR ( '', #30 ) ;
#278 = EDGE_CURVE ( 'NONE', #44, #874, #3646, .T. ) ;
#279 = COLOUR_RGB ( '',1.000000000000000000, 1.000000000000000000, 1.000000000000000000 ) ;
#280 = ORIENTED_EDGE ( 'NONE', *, *, #6821, .F. ) ;
#281 = PRESENTATION_STYLE_ASSIGNMENT (( #5632 ) ) ;
#282 = EDGE_CURVE ( 'NONE', #4562, #4923, #2009, .T. ) ;
#283 = ORIENTED_EDGE ( 'NONE', *, *, #5026, .T. ) ;
#284 = DIRECTION ( 'NONE',  ( 1.000000000000000000, 0.000000000000000000, 0.000000000000000000 ) ) ;
#285 = CARTESIAN_POINT ( 'NONE',  ( 33.63902334235816483, -9.666382833009173225, 56.59162368380860642 ) ) ;
#286 = CARTESIAN_POINT ( 'NONE',  ( 26.84678751731753010, -15.50000000000012612, 67.50000000000000000 ) ) ;
#287 = CARTESIAN_POINT ( 'NONE',  ( -24.03137496534086281, 25.44615196647991695, 54.73257693896664478 ) ) ;
#288 = EDGE_LOOP ( 'NONE', ( #7114, #6775, #2676, #345 ) ) ;
#289 = CARTESIAN_POINT ( 'NONE',  ( 30.00000000000000000, 0.000000000000000000, 53.00000000000000000 ) ) ;
#290 = DIRECTION ( 'NONE',  ( -0.000000000000000000, -0.000000000000000000, 1.000000000000000000 ) ) ;
#291 = EDGE_LOOP ( 'NONE', ( #4737, #6145, #3648, #6098 ) ) ;
#292 = DIRECTION ( 'NONE',  ( -1.000000000000000000, 0.000000000000000000, 0.000000000000000000 ) ) ;
#293 = CARTESIAN_POINT ( 'NONE',  ( -23.84906519527364210, 25.61683214824948607, 69.49999999999936051 ) ) ;
#294 = CARTESIAN_POINT ( 'NONE',  ( 33.76508041413216432, 9.216612044436073958, 54.25005803955802719 ) ) ;
#295 = CARTESIAN_POINT ( 'NONE',  ( 1.249999999999998002, -31.00000000000000000, 75.00000000000000000 ) ) ;
#296 = EDGE_CURVE ( 'NONE', #3854, #6157, #7259, .T. ) ;
#297 = EDGE_CURVE ( 'NONE', #6157, #5144, #1645, .T. ) ;
#298 = DIRECTION ( 'NONE',  ( -0.9659258262890692004, 0.2588190451025179084, -0.000000000000000000 ) ) ;
#299 = ORIENTED_EDGE ( 'NONE', *, *, #5058, .F. ) ;
#300 = CARTESIAN_POINT ( 'NONE',  ( -24.63141749182847917, 24.86605022927833630, 56.74986216034435671 ) ) ;
#301 = ORIENTED_EDGE ( 'NONE', *, *, #7016, .F. ) ;
#302 = CARTESIAN_POINT ( 'NONE',  ( -33.50840416585899106, -10.10894437270430579, 56.12992980600229487 ) ) ;
#303 = CARTESIAN_POINT ( 'NONE',  ( 8.741490271134557233, 33.89113427247280441, 54.28287014335595728 ) ) ;
#304 = VECTOR ( 'NONE', #2885, 1000.000000000000227 ) ;
#305 = AXIS2_PLACEMENT_3D ( 'NONE', #5232, #4081, #7143 ) ;
#306 = CARTESIAN_POINT ( 'NONE',  ( -34.09501667146570725, -7.907643356624277864, 55.09744532331459510 ) ) ;
#307 = EDGE_CURVE ( 'NONE', #1899, #5996, #3145, .T. ) ;
#308 = CARTESIAN_POINT ( 'NONE',  ( 17.14999999999946922, -26.84678751731790669, 73.00000000000000000 ) ) ;
#309 = DIRECTION ( 'NONE',  ( 0.9659258262890708657, -0.2588190451025111360, -0.000000000000000000 ) ) ;
#310 = EDGE_LOOP ( 'NONE', ( #5700, #2810, #2137 ) ) ;
#311 =( GEOMETRIC_REPRESENTATION_CONTEXT ( 3 ) GLOBAL_UNCERTAINTY_ASSIGNED_CONTEXT ( ( #95 ) ) GLOBAL_UNIT_ASSIGNED_CONTEXT ( ( #1186, #2518, #7030 ) ) REPRESENTATION_CONTEXT ( 'NONE', 'WORKASPACE' ) );
#312 = AXIS2_PLACEMENT_3D ( 'NONE', #940, #3285, #5100 ) ;
#313 = FACE_BOUND ( 'NONE', #3848, .T. ) ;
#314 = EDGE_CURVE ( 'NONE', #3490, #1547, #402, .T. ) ;
#315 =( NAMED_UNIT ( * ) SI_UNIT ( $, .STERADIAN. ) SOLID_ANGLE_UNIT ( ) );
#316 = AXIS2_PLACEMENT_3D ( 'NONE', #676, #7321, #69 ) ;
#317 = CONICAL_SURFACE ( 'NONE', #5309, 1.249999999999988232, 1.029744258676644764 ) ;
#318 = ADVANCED_FACE ( 'NONE', ( #5545 ), #666, .F. ) ;
#319 = ORIENTED_EDGE ( 'NONE', *, *, #7505, .F. ) ;
#320 = AXIS2_PLACEMENT_3D ( 'NONE', #2596, #7331, #4235 ) ;
#321 = CARTESIAN_POINT ( 'NONE',  ( 10.26029480722272780, -33.46231238974495881, 69.49999999999998579 ) ) ;
#322 = SURFACE_STYLE_FILL_AREA ( #5783 ) ;
#323 = VERTEX_POINT ( 'NONE', #203 ) ;
#324 = LINE ( 'NONE', #7348, #3182 ) ;
#325 = PRESENTATION_LAYER_ASSIGNMENT (  '', '', ( #956 ) ) ;
#326 = CARTESIAN_POINT ( 'NONE',  ( -23.84906519527865498, 25.61683214824481780, 55.41841486166934772 ) ) ;
#327 = EDGE_CURVE ( 'NONE', #2738, #3455, #5887, .T. ) ;
#328 =( GEOMETRIC_REPRESENTATION_CONTEXT ( 3 ) GLOBAL_UNCERTAINTY_ASSIGNED_CONTEXT ( ( #7650 ) ) GLOBAL_UNIT_ASSIGNED_CONTEXT ( ( #3254, #2232, #3419 ) ) REPRESENTATION_CONTEXT ( 'NONE', 'WORKASPACE' ) );
#329 = CARTESIAN_POINT ( 'NONE',  ( -26.88648402932751225, -5.910116457458110872, 55.49999999999999289 ) ) ;
#330 = CARTESIAN_POINT ( 'NONE',  ( -24.30026620051807384, -25.18967441272470964, 68.40752953715787044 ) ) ;
#331 = EDGE_LOOP ( 'NONE', ( #1562, #3516, #7639, #2692 ) ) ;
#332 = DIRECTION ( 'NONE',  ( -0.4999999999999921174, 0.8660254037844431485, 0.000000000000000000 ) ) ;
#333 = VERTEX_POINT ( 'NONE', #6662 ) ;
#334 = COLOUR_RGB ( '',1.000000000000000000, 1.000000000000000000, 1.000000000000000000 ) ;
#335 = CARTESIAN_POINT ( 'NONE',  ( -7.845480241499837248, -34.10936000250131173, 69.49999999999998579 ) ) ;
#336 = SURFACE_STYLE_FILL_AREA ( #2006 ) ;
#337 = AXIS2_PLACEMENT_3D ( 'NONE', #2635, #2022, #1363 ) ;
#338 = EDGE_LOOP ( 'NONE', ( #3589, #5689, #3, #1745 ) ) ;
#339 = DIRECTION ( 'NONE',  ( 0.7071067811865388020, 0.7071067811865563435, -0.000000000000000000 ) ) ;
#340 = CARTESIAN_POINT ( 'NONE',  ( 8.448178575087036180, -33.96544018948454635, 56.59162368380860642 ) ) ;
#341 = CARTESIAN_POINT ( 'NONE',  ( -25.59453581398947364, -23.87307303998071717, 55.82754978985013850 ) ) ;
#342 = LINE ( 'NONE', #1663, #6820 ) ;
#343 = LINE ( 'NONE', #1472, #6102 ) ;
#344 = CARTESIAN_POINT ( 'NONE',  ( -25.18700143793101631, 24.30266594666735003, 56.58541951627361755 ) ) ;
#345 = ORIENTED_EDGE ( 'NONE', *, *, #3108, .F. ) ;
#346 = VERTEX_POINT ( 'NONE', #4944 ) ;
#347 = DIRECTION ( 'NONE',  ( -0.2588190451025144112, -0.9659258262890700886, -0.000000000000000000 ) ) ;
#348 = ADVANCED_FACE ( 'NONE', ( #7340 ), #4243, .F. ) ;
#349 = CARTESIAN_POINT ( 'NONE',  ( 7.845480241499601881, 34.10936000250136857, 55.33480505326377141 ) ) ;
#350 = AXIS2_PLACEMENT_3D ( 'NONE', #531, #2880, #2837 ) ;
#351 = CYLINDRICAL_SURFACE ( 'NONE', #1195, 1.249999999999988232 ) ;
#352 =( LENGTH_UNIT ( ) NAMED_UNIT ( * ) SI_UNIT ( .MILLI., .METRE. ) );
#353 = AXIS2_PLACEMENT_3D ( 'NONE', #2936, #5449, #5336 ) ;
#354 = DIRECTION ( 'NONE',  ( -0.2588190451025214611, 0.9659258262890682012, -0.000000000000000000 ) ) ;
#355 = CIRCLE ( 'NONE', #3074, 1.650000000000000355 ) ;
#356 = CYLINDRICAL_SURFACE ( 'NONE', #3587, 1.649999999999998579 ) ;
#357 = EDGE_LOOP ( 'NONE', ( #6444, #4661 ) ) ;
#358 = FACE_BOUND ( 'NONE', #6674, .T. ) ;
#359 = B_SPLINE_CURVE_WITH_KNOTS ( 'NONE', 3,
 ( #5330, #7705, #7122, #6563, #3590, #7264, #6215, #4322, #1951, #1910, #7305, #840, #3701, #4393, #3191, #211, #3657, #1452, #1995, #6742 ),
 .UNSPECIFIED., .F., .F.,
 ( 4, 2, 2, 2, 2, 2, 2, 2, 2, 4 ),
 ( 0.000000000000000000, 0.0004885477149880595180, 0.0009770954299761190360, 0.001465643144964178446, 0.001954190859952238072, 0.002442738574940297915, 0.002931286289928356891, 0.003419834004916416734, 0.003664107862410425839, 0.003908381719904435378 ),
 .UNSPECIFIED. ) ;
#360 = MECHANICAL_DESIGN_GEOMETRIC_PRESENTATION_REPRESENTATION (  '', ( #6814 ), #241 ) ;
#361 = ORIENTED_EDGE ( 'NONE', *, *, #3247, .T. ) ;
#362 =( GEOMETRIC_REPRESENTATION_CONTEXT ( 3 ) GLOBAL_UNCERTAINTY_ASSIGNED_CONTEXT ( ( #1949 ) ) GLOBAL_UNIT_ASSIGNED_CONTEXT ( ( #1001, #2008, #1614 ) ) REPRESENTATION_CONTEXT ( 'NONE', 'WORKASPACE' ) );
#363 = CARTESIAN_POINT ( 'NONE',  ( 26.84678751731741997, -15.50000000000031442, 73.00000000000000000 ) ) ;
#364 = EDGE_LOOP ( 'NONE', ( #951, #1162, #2139, #5276, #6033, #2229 ) ) ;
#365 = VECTOR ( 'NONE', #7613, 1000.000000000000114 ) ;
#366 =( NAMED_UNIT ( * ) SI_UNIT ( $, .STERADIAN. ) SOLID_ANGLE_UNIT ( ) );
#367 = ORIENTED_EDGE ( 'NONE', *, *, #5841, .F. ) ;
#368 = EDGE_CURVE ( 'NONE', #4355, #5726, #1968, .T. ) ;
#369 = DIRECTION ( 'NONE',  ( 1.000000000000000000, 0.000000000000000000, 0.000000000000000000 ) ) ;
#370 = AXIS2_PLACEMENT_3D ( 'NONE', #7320, #1967, #4338 ) ;
#371 = CARTESIAN_POINT ( 'NONE',  ( -24.98002454800072059, -24.51573417385849751, 70.71716962019199570 ) ) ;
#372 = ORIENTED_EDGE ( 'NONE', *, *, #6096, .T. ) ;
#373 = CARTESIAN_POINT ( 'NONE',  ( -33.80740392011735906, -9.058666578588368878, 69.49999999999998579 ) ) ;
#374 = AXIS2_PLACEMENT_3D ( 'NONE', #7504, #5754, #4534 ) ;
#375 = COLOUR_RGB ( '',1.000000000000000000, 1.000000000000000000, 1.000000000000000000 ) ;
#376 =( NAMED_UNIT ( * ) PLANE_ANGLE_UNIT ( ) SI_UNIT ( $, .RADIAN. ) );
#377 = CYLINDRICAL_SURFACE ( 'NONE', #4155, 34.75000000000000711 ) ;
#378 = CARTESIAN_POINT ( 'NONE',  ( -18.56155300614692649, 20.32931995911321010, 69.49999999999998579 ) ) ;
#379 = ORIENTED_EDGE ( 'NONE', *, *, #6607, .F. ) ;
#380 = CARTESIAN_POINT ( 'NONE',  ( -14.24999999999965894, 26.84678751731779656, 75.00000000000000000 ) ) ;
#381 = EDGE_LOOP ( 'NONE', ( #7407, #5794, #6616, #3321 ) ) ;
#382 = CIRCLE ( 'NONE', #2114, 1.650000000000000355 ) ;
#383 = CARTESIAN_POINT ( 'NONE',  ( 34.05270151420131697, 8.088705224614933798, 54.73257693896662346 ) ) ;
#384 = ADVANCED_FACE ( 'NONE', ( #5775 ), #5010, .F. ) ;
#385 = CARTESIAN_POINT ( 'NONE',  ( -23.84906519527842050, -25.61683214824503452, 55.49999999999999289 ) ) ;
#386 = COLOUR_RGB ( '',1.000000000000000000, 1.000000000000000000, 1.000000000000000000 ) ;
#387 = DIRECTION ( 'NONE',  ( 0.000000000000000000, -0.000000000000000000, 1.000000000000000000 ) ) ;
#388 = CARTESIAN_POINT ( 'NONE',  ( -8.324931023180480949, -26.23943641657130144, 69.49999999999998579 ) ) ;
#389 = ADVANCED_FACE ( 'NONE', ( #3808, #358 ), #438, .T. ) ;
#390 = FACE_BOUND ( 'NONE', #428, .T. ) ;
#391 = VERTEX_POINT ( 'NONE', #3368 ) ;
#392 = FACE_OUTER_BOUND ( 'NONE', #6418, .T. ) ;
#393 = MECHANICAL_DESIGN_GEOMETRIC_PRESENTATION_REPRESENTATION (  '', ( #1858 ), #4333 ) ;
#394 = CARTESIAN_POINT ( 'NONE',  ( 0.000000000000000000, 0.000000000000000000, 0.000000000000000000 ) ) ;
#395 = CARTESIAN_POINT ( 'NONE',  ( -33.72132837859822985, -9.375214494499038764, 54.28287014335595728 ) ) ;
#396 = CYLINDRICAL_SURFACE ( 'NONE', #3777, 1.249999999999988676 ) ;
#397 = LINE ( 'NONE', #3962, #7185 ) ;
#398 = CYLINDRICAL_SURFACE ( 'NONE', #6958, 1.249999999999986899 ) ;
#399 = VERTEX_POINT ( 'NONE', #1487 ) ;
#400 = SURFACE_SIDE_STYLE ('',( #6773 ) ) ;
#401 = ORIENTED_EDGE ( 'NONE', *, *, #98, .T. ) ;
#402 = CIRCLE ( 'NONE', #3002, 1.249999999999988232 ) ;
#403 = ORIENTED_EDGE ( 'NONE', *, *, #61, .T. ) ;
#404 = LINE ( 'NONE', #7069, #7162 ) ;
#405 = EDGE_CURVE ( 'NONE', #6840, #6488, #2385, .T. ) ;
#406 = CARTESIAN_POINT ( 'NONE',  ( -27.64298219578689952, 4.080732175172793852, -14.84999999999999964 ) ) ;
#407 = ORIENTED_EDGE ( 'NONE', *, *, #4000, .F. ) ;
#408 = CYLINDRICAL_SURFACE ( 'NONE', #7036, 1.649999999999998579 ) ;
#409 = DIRECTION ( 'NONE',  ( -1.000000000000000000, 0.000000000000000000, 0.000000000000000000 ) ) ;
#410 = AXIS2_PLACEMENT_3D ( 'NONE', #180, #4886, #4184 ) ;
#411 = ORIENTED_EDGE ( 'NONE', *, *, #1125, .F. ) ;
#412 = FILL_AREA_STYLE_COLOUR ( '', #609 ) ;
#413 = VERTEX_POINT ( 'NONE', #4430 ) ;
#414 = CARTESIAN_POINT ( 'NONE',  ( 29.35000000000000497, -5.427663812588813366E-13, 73.00000000000000000 ) ) ;
#415 = DIRECTION ( 'NONE',  ( -0.9612616959383164517, 0.2756373558170076010, 0.000000000000000000 ) ) ;
#416 = LINE ( 'NONE', #6416, #1442 ) ;
#417 = CARTESIAN_POINT ( 'NONE',  ( -25.28525165660269991, -24.20061324198772112, 68.49924284121848927 ) ) ;
#418 = ORIENTED_EDGE ( 'NONE', *, *, #6170, .F. ) ;
#419 = DIRECTION ( 'NONE',  ( 0.9659258262890654256, 0.2588190451025315642, -0.000000000000000000 ) ) ;
#420 = FILL_AREA_STYLE_COLOUR ( '', #334 ) ;
#421 = PRESENTATION_STYLE_ASSIGNMENT (( #5756 ) ) ;
#422 = CYLINDRICAL_SURFACE ( 'NONE', #4446, 1.649999999999999023 ) ;
#423 = B_SPLINE_CURVE_WITH_KNOTS ( 'NONE', 3,
 ( #5635, #2460, #4844, #7265, #1911, #4283, #285, #2145, #2803, #1567, #1531, #6855, #3932, #4483, #5150, #5668, #1499, #4437, #6373, #6286 ),
 .UNSPECIFIED., .F., .F.,
 ( 4, 2, 2, 2, 2, 2, 2, 2, 2, 4 ),
 ( 0.003908381719904427572, 0.004396818631769957783, 0.004885255543635487127, 0.005373692455501016471, 0.005862129367366546683, 0.006350566279232076894, 0.006594784735164839831, 0.006839003191097602768, 0.007327440102963140786, 0.007815877014828678804 ),
 .UNSPECIFIED. ) ;
#424 = CARTESIAN_POINT ( 'NONE',  ( 26.84678751731763313, 15.49999999999993783, 75.00000000000000000 ) ) ;
#425 = CARTESIAN_POINT ( 'NONE',  ( -9.797363654706588321, -33.60097168302480952, 54.49924284121849638 ) ) ;
#426 = EDGE_CURVE ( 'NONE', #622, #4562, #3291, .T. ) ;
#427 = APPLICATION_PROTOCOL_DEFINITION ( 'draft international standard', 'automotive_design', 1998, #3437 ) ;
#428 = EDGE_LOOP ( 'NONE', ( #5081, #4463 ) ) ;
#429 = CARTESIAN_POINT ( 'NONE',  ( 15.50000000000040679, 26.84678751731736313, 73.00000000000000000 ) ) ;
#430 = PRESENTATION_STYLE_ASSIGNMENT (( #481 ) ) ;
#431 = ORIENTED_EDGE ( 'NONE', *, *, #3108, .T. ) ;
#432 = CARTESIAN_POINT ( 'NONE',  ( -34.93694319770979462, -2.100000000000003642, 72.50000000000000000 ) ) ;
#433 = CARTESIAN_POINT ( 'NONE',  ( -10.26607386144957346, 33.48388011373923945, 55.49999999999999289 ) ) ;
#434 = FACE_OUTER_BOUND ( 'NONE', #2914, .T. ) ;
#435 =( LENGTH_UNIT ( ) NAMED_UNIT ( * ) SI_UNIT ( .MILLI., .METRE. ) );
#436 = CARTESIAN_POINT ( 'NONE',  ( 24.86373499089181038, 24.63374261563106060, 54.24994211835183933 ) ) ;
#437 = VERTEX_POINT ( 'NONE', #905 ) ;
#438 = PLANE ( 'NONE',  #6501 ) ;
#439 = AXIS2_PLACEMENT_3D ( 'NONE', #7386, #260, #772 ) ;
#440 = AXIS2_PLACEMENT_3D ( 'NONE', #4313, #4787, #6587 ) ;
#441 = ORIENTED_EDGE ( 'NONE', *, *, #327, .T. ) ;
#442 =( NAMED_UNIT ( * ) PLANE_ANGLE_UNIT ( ) SI_UNIT ( $, .RADIAN. ) );
#443 = CIRCLE ( 'NONE', #6530, 1.249999999999997558 ) ;
#444 = ORIENTED_EDGE ( 'NONE', *, *, #3934, .T. ) ;
#445 = CARTESIAN_POINT ( 'NONE',  ( -18.91434570980217700, 18.91434570980210950, 55.49999999999999289 ) ) ;
#446 = VECTOR ( 'NONE', #5948, 1000.000000000000000 ) ;
#447 = DIRECTION ( 'NONE',  ( -0.000000000000000000, -0.000000000000000000, 1.000000000000000000 ) ) ;
#448 = VERTEX_POINT ( 'NONE', #3246 ) ;
#449 = DIRECTION ( 'NONE',  ( 1.000000000000000000, 0.000000000000000000, 0.000000000000000000 ) ) ;
#450 = SURFACE_SIDE_STYLE ('',( #322 ) ) ;
#451 = CARTESIAN_POINT ( 'NONE',  ( -15.49999999999965716, 26.84678751731779656, 67.50000000000000000 ) ) ;
#452 = ORIENTED_EDGE ( 'NONE', *, *, #4510, .T. ) ;
#453 = CARTESIAN_POINT ( 'NONE',  ( 9.666382833009054210, 33.63902334235820035, 56.59162368380860642 ) ) ;
#454 = EDGE_CURVE ( 'NONE', #1854, #4086, #7023, .T. ) ;
#455 = VECTOR ( 'NONE', #7518, 1000.000000000000000 ) ;
#456 = ADVANCED_FACE ( 'NONE', ( #5660, #313 ), #2674, .T. ) ;
#457 = VECTOR ( 'NONE', #387, 1000.000000000000000 ) ;
#458 = CYLINDRICAL_SURFACE ( 'NONE', #2346, 1.249999999999997558 ) ;
#459 = PRESENTATION_STYLE_ASSIGNMENT (( #2768 ) ) ;
#460 = CIRCLE ( 'NONE', #2059, 35.00000000000000711 ) ;
#461 = B_SPLINE_CURVE_WITH_KNOTS ( 'NONE', 3,
 ( #5114, #2541, #5563, #6287, #998, #3341, #6857, #371, #7498, #1532, #4924, #4334, #6713, #1383, #5745, #3743, #7117, #6491, #1766, #3502 ),
 .UNSPECIFIED., .F., .F.,
 ( 4, 2, 2, 2, 2, 2, 2, 2, 2, 4 ),
 ( 0.003908381719904443184, 0.004396818631769976865, 0.004885255543635510546, 0.005373692455501044227, 0.005862129367366577908, 0.006350566279232111588, 0.006594784735164886669, 0.006839003191097661749, 0.007327440102963170276, 0.007815877014828680538 ),
 .UNSPECIFIED. ) ;
#462 = ORIENTED_EDGE ( 'NONE', *, *, #4700, .F. ) ;
#463 = DIRECTION ( 'NONE',  ( 0.2588190451025076388, 0.9659258262890717539, -0.000000000000000000 ) ) ;
#464 = CARTESIAN_POINT ( 'NONE',  ( -24.63311137724496191, -24.86436037437320934, 68.25005803955802719 ) ) ;
#465 = CONICAL_SURFACE ( 'NONE', #6060, 1.249999999999997558, 1.029744258676648538 ) ;
#466 = CONICAL_SURFACE ( 'NONE', #5436, 1.249999999999988232, 1.029744258676644764 ) ;
#467 = VERTEX_POINT ( 'NONE', #5057 ) ;
#468 = DIRECTION ( 'NONE',  ( -0.2588190451025315642, 0.9659258262890653146, 0.000000000000000000 ) ) ;
#469 = DIRECTION ( 'NONE',  ( 0.9659258262890683122, 0.2588190451025205174, 0.000000000000000000 ) ) ;
#470 = ADVANCED_FACE ( 'NONE', ( #7446 ), #3996, .F. ) ;
#471 = SURFACE_STYLE_USAGE ( .BOTH. , #5250 ) ;
#472 = MECHANICAL_DESIGN_GEOMETRIC_PRESENTATION_REPRESENTATION (  '', ( #956 ), #3794 ) ;
#473 = AXIS2_PLACEMENT_3D ( 'NONE', #5070, #2111, #6985 ) ;
#474 = FACE_BOUND ( 'NONE', #2638, .T. ) ;
#475 = CARTESIAN_POINT ( 'NONE',  ( 8.313394368368006937, -33.99854031952581579, 56.49858126598913088 ) ) ;
#476 = FILL_AREA_STYLE_COLOUR ( '', #1378 ) ;
#477 = CARTESIAN_POINT ( 'NONE',  ( 9.791745369165646196, -33.60247514953424286, 70.49490063177624677 ) ) ;
#478 = MECHANICAL_DESIGN_GEOMETRIC_PRESENTATION_REPRESENTATION (  '', ( #2807 ), #6781 ) ;
#479 = EDGE_CURVE ( 'NONE', #2681, #7288, #5105, .T. ) ;
#480 = DIRECTION ( 'NONE',  ( 1.000000000000000000, 0.000000000000000000, 0.000000000000000000 ) ) ;
#481 = SURFACE_STYLE_USAGE ( .BOTH. , #5808 ) ;
#482 = EDGE_LOOP ( 'NONE', ( #3156, #131, #262, #4806 ) ) ;
#483 = CARTESIAN_POINT ( 'NONE',  ( -14.25000000000022027, -26.84678751731747326, 73.00000000000000000 ) ) ;
#484 = AXIS2_PLACEMENT_3D ( 'NONE', #807, #214, #256 ) ;
#485 = DIRECTION ( 'NONE',  ( -0.9702957262760001367, 0.2419218955996532139, 1.049727191138612779E-16 ) ) ;
#486 = VECTOR ( 'NONE', #1598, 1000.000000000000000 ) ;
#487 = CARTESIAN_POINT ( 'NONE',  ( 25.61125982000444523, 23.85505451664689858, 55.33555798072745802 ) ) ;
#488 = EDGE_LOOP ( 'NONE', ( #5073, #3887, #6866, #7476 ) ) ;
#489 = CARTESIAN_POINT ( 'NONE',  ( -10.10894437270419921, 33.50840416585904080, 56.12992980600228776 ) ) ;
#490 = ORIENTED_EDGE ( 'NONE', *, *, #5419, .F. ) ;
#491 = LINE ( 'NONE', #3459, #4702 ) ;
#492 = UNCERTAINTY_MEASURE_WITH_UNIT (LENGTH_MEASURE( 1.000000000000000082E-05 ), #7654, 'distance_accuracy_value', 'NONE');
#493 = VECTOR ( 'NONE', #7527, 1000.000000000000000 ) ;
#494 = VERTEX_POINT ( 'NONE', #3330 ) ;
#495 = CYLINDRICAL_SURFACE ( 'NONE', #1071, 1.650000000000002132 ) ;
#496 = ORIENTED_EDGE ( 'NONE', *, *, #405, .F. ) ;
#497 = CARTESIAN_POINT ( 'NONE',  ( -34.93694319770979462, 2.099999999999997424, 72.50000000000000000 ) ) ;
#498 = SURFACE_STYLE_USAGE ( .BOTH. , #4203 ) ;
#499 = CARTESIAN_POINT ( 'NONE',  ( 15.50000000000040679, 26.84678751731736313, 75.00000000000000000 ) ) ;
#500 = CONICAL_SURFACE ( 'NONE', #6336, 1.249999999999985789, 1.029744258676644764 ) ;
#501 = ORIENTED_EDGE ( 'NONE', *, *, #3837, .T. ) ;
#502 = CARTESIAN_POINT ( 'NONE',  ( -35.00000000000000711, 0.000000000000000000, 58.50000000000000711 ) ) ;
#503 = DIRECTION ( 'NONE',  ( -0.9659258262890683122, -0.2588190451025205174, 0.000000000000000000 ) ) ;
#504 = VECTOR ( 'NONE', #4126, 1000.000000000000000 ) ;
#505 = STYLED_ITEM ( 'NONE', ( #4618 ), #4130 ) ;
#506 = DIRECTION ( 'NONE',  ( -0.9659258262890690894, 0.2588190451025179084, -0.000000000000000000 ) ) ;
#507 = LINE ( 'NONE', #2851, #1935 ) ;
#508 = EDGE_LOOP ( 'NONE', ( #5666, #3989, #2196, #4602 ) ) ;
#509 = CYLINDRICAL_SURFACE ( 'NONE', #7304, 1.249999999999998002 ) ;
#510 = AXIS2_PLACEMENT_3D ( 'NONE', #2440, #3639, #1897 ) ;
#511 = DIRECTION ( 'NONE',  ( -0.7071067811865487940, 0.7071067811865462405, -0.000000000000000000 ) ) ;
#512 = DIRECTION ( 'NONE',  ( 0.9659258262890683122, 0.2588190451025205174, 0.000000000000000000 ) ) ;
#513 = AXIS2_PLACEMENT_3D ( 'NONE', #7208, #1861, #6608 ) ;
#514 = CARTESIAN_POINT ( 'NONE',  ( 25.44523616284828904, -24.03233799897533629, 54.73126142467575761 ) ) ;
#515 = CARTESIAN_POINT ( 'NONE',  ( -8.449810642010612938, -33.96503105473751560, 54.40752953715788465 ) ) ;
#516 = VERTEX_POINT ( 'NONE', #4514 ) ;
#517 = DIRECTION ( 'NONE',  ( -0.2588190451025179084, -0.9659258262890689783, 0.000000000000000000 ) ) ;
#518 = SURFACE_STYLE_USAGE ( .BOTH. , #4665 ) ;
#519 = CARTESIAN_POINT ( 'NONE',  ( -23.14298219578689952, 4.080732175172792964, -14.84999999999999964 ) ) ;
#520 = B_SPLINE_CURVE_WITH_KNOTS ( 'NONE', 3,
 ( #3390, #5213, #6471, #1629, #3355, #2776, #5169, #3440, #2208, #5760, #5805, #4590, #6390, #477, #7471, #7003, #1588, #4659, #4628, #2818 ),
 .UNSPECIFIED., .F., .F.,
 ( 4, 2, 2, 2, 2, 2, 2, 2, 2, 4 ),
 ( 0.003908381719904444919, 0.004396818631769990743, 0.004885255543635537434, 0.005373692455501083258, 0.005862129367366629082, 0.006350566279232175773, 0.006594784735164938710, 0.006839003191097701648, 0.007327440102963192828, 0.007815877014828685743 ),
 .UNSPECIFIED. ) ;
#521 = STYLED_ITEM ( 'NONE', ( #421 ), #1994 ) ;
#522 = CARTESIAN_POINT ( 'NONE',  ( -16.74999999999965539, 26.84678751731779656, 67.50000000000000000 ) ) ;
#523 = ADVANCED_FACE ( 'NONE', ( #6889 ), #5904, .F. ) ;
#524 = DIRECTION ( 'NONE',  ( -0.9659258262890676461, -0.2588190451025230709, 0.000000000000000000 ) ) ;
#525 = LINE ( 'NONE', #7012, #5195 ) ;
#526 = CARTESIAN_POINT ( 'NONE',  ( -10.26029480722272957, 33.46231238974495881, 69.66515748035298827 ) ) ;
#527 = ORIENTED_EDGE ( 'NONE', *, *, #4398, .T. ) ;
#528 = CIRCLE ( 'NONE', #1257, 1.250000000000001110 ) ;
#529 = VERTEX_POINT ( 'NONE', #4638 ) ;
#530 = CARTESIAN_POINT ( 'NONE',  ( -8.448178575087036180, 33.96544018948454635, 56.59162368380860642 ) ) ;
#531 = CARTESIAN_POINT ( 'NONE',  ( 4.336808689942017736E-13, 31.00000000000000000, 75.00000000000000000 ) ) ;
#532 = ORIENTED_EDGE ( 'NONE', *, *, #960, .T. ) ;
#533 = EDGE_LOOP ( 'NONE', ( #1963, #5434, #3528, #6913 ) ) ;
#534 = CARTESIAN_POINT ( 'NONE',  ( 28.49678751731785908, 15.49999999999956835, 73.00000000000000000 ) ) ;
#535 = CARTESIAN_POINT ( 'NONE',  ( -20.82653395678843111, -25.59795857772134653, 0.000000000000000000 ) ) ;
#536 = ADVANCED_FACE ( 'NONE', ( #5228 ), #7648, .F. ) ;
#537 = CARTESIAN_POINT ( 'NONE',  ( -8.324931023180480949, -26.23943641657130144, 55.49999999999999289 ) ) ;
#538 = CARTESIAN_POINT ( 'NONE',  ( 8.321337337680612123, 33.99646979411490122, 56.49490063177623966 ) ) ;
#539 = DIRECTION ( 'NONE',  ( -0.7071067811865558994, 0.7071067811865391350, 0.000000000000000000 ) ) ;
#540 = FACE_OUTER_BOUND ( 'NONE', #806, .T. ) ;
#541 = VERTEX_POINT ( 'NONE', #2259 ) ;
#542 = CARTESIAN_POINT ( 'NONE',  ( -42.04961241126131455, 2.099999999999995204, 66.19999999999998863 ) ) ;
#543 = DIRECTION ( 'NONE',  ( 0.000000000000000000, 0.000000000000000000, 1.000000000000000000 ) ) ;
#544 = ORIENTED_EDGE ( 'NONE', *, *, #5153, .T. ) ;
#545 = DIRECTION ( 'NONE',  ( 1.000000000000000000, 0.000000000000000000, 0.000000000000000000 ) ) ;
#546 = CARTESIAN_POINT ( 'NONE',  ( 15.50000000000003197, 26.84678751731757984, 75.00000000000000000 ) ) ;
#547 = EDGE_CURVE ( 'NONE', #3314, #2039, #1106, .T. ) ;
#548 = FACE_BOUND ( 'NONE', #4082, .T. ) ;
#549 = DIRECTION ( 'NONE',  ( 1.000000000000000000, 0.000000000000000000, 0.000000000000000000 ) ) ;
#550 = SURFACE_SIDE_STYLE ('',( #2249 ) ) ;
#551 = FACE_OUTER_BOUND ( 'NONE', #3421, .T. ) ;
#552 = VERTEX_POINT ( 'NONE', #564 ) ;
#553 = DIRECTION ( 'NONE',  ( -0.2588190451025144112, -0.9659258262890699775, -0.000000000000000000 ) ) ;
#554 = ORIENTED_EDGE ( 'NONE', *, *, #5648, .T. ) ;
#555 = ORIENTED_EDGE ( 'NONE', *, *, #3886, .F. ) ;
#556 = LINE ( 'NONE', #5300, #2553 ) ;
#557 = EDGE_CURVE ( 'NONE', #6429, #2217, #3456, .T. ) ;
#558 = EDGE_CURVE ( 'NONE', #7526, #1444, #1751, .T. ) ;
#559 = CARTESIAN_POINT ( 'NONE',  ( 0.000000000000000000, 0.000000000000000000, 75.00000000000000000 ) ) ;
#560 = CARTESIAN_POINT ( 'NONE',  ( 15.50000000000040679, 26.84678751731736313, 75.00000000000000000 ) ) ;
#561 = DIRECTION ( 'NONE',  ( 0.9612616959383164517, -0.2756373558170076010, 0.000000000000000000 ) ) ;
#562 = CARTESIAN_POINT ( 'NONE',  ( -10.22854968441274082, 33.47208803505523633, 69.82922580273994129 ) ) ;
#563 = ORIENTED_EDGE ( 'NONE', *, *, #479, .T. ) ;
#564 = CARTESIAN_POINT ( 'NONE',  ( -14.00000000000000888, 1.714505518806295427E-15, 58.50000000000000711 ) ) ;
#565 = ADVANCED_FACE ( 'NONE', ( #4154 ), #4753, .F. ) ;
#566 = VERTEX_POINT ( 'NONE', #2991 ) ;
#567 = CARTESIAN_POINT ( 'NONE',  ( -23.84906519527364210, 25.61683214824948607, 69.49999999999936051 ) ) ;
#568 = ORIENTED_EDGE ( 'NONE', *, *, #3286, .T. ) ;
#569 = FILL_AREA_STYLE ('',( #3415 ) ) ;
#570 = DIRECTION ( 'NONE',  ( -0.5000000000000039968, -0.8660254037844363761, 0.000000000000000000 ) ) ;
#571 = ORIENTED_EDGE ( 'NONE', *, *, #693, .F. ) ;
#572 = CARTESIAN_POINT ( 'NONE',  ( 25.61683214824511978, -23.84906519527833169, 55.49999999999999289 ) ) ;
#573 = DIRECTION ( 'NONE',  ( 0.2588190451025122463, 0.9659258262890706437, 0.000000000000000000 ) ) ;
#574 = CARTESIAN_POINT ( 'NONE',  ( 33.63940933168328939, -9.665042753928091201, 68.40755231783180079 ) ) ;
#575 = EDGE_CURVE ( 'NONE', #333, #1276, #6976, .T. ) ;
#576 = CARTESIAN_POINT ( 'NONE',  ( -10.22918568500011460, 33.47189422528865066, 55.17270578215241272 ) ) ;
#577 = ORIENTED_EDGE ( 'NONE', *, *, #5854, .T. ) ;
#578 = DIRECTION ( 'NONE',  ( -0.000000000000000000, -0.000000000000000000, -1.000000000000000000 ) ) ;
#579 = AXIS2_PLACEMENT_3D ( 'NONE', #2682, #3894, #7623 ) ;
#580 =( GEOMETRIC_REPRESENTATION_CONTEXT ( 3 ) GLOBAL_UNCERTAINTY_ASSIGNED_CONTEXT ( ( #2954 ) ) GLOBAL_UNIT_ASSIGNED_CONTEXT ( ( #7666, #2497, #4058 ) ) REPRESENTATION_CONTEXT ( 'NONE', 'WORKASPACE' ) );
#581 = CARTESIAN_POINT ( 'NONE',  ( -33.63902334235809377, 9.666382833009400599, 70.59162368380859220 ) ) ;
#582 = ORIENTED_EDGE ( 'NONE', *, *, #3637, .F. ) ;
#583 = LINE ( 'NONE', #6025, #3531 ) ;
#584 = DIRECTION ( 'NONE',  ( -0.2588190451025214611, 0.9659258262890682012, -0.000000000000000000 ) ) ;
#585 = PRESENTATION_LAYER_ASSIGNMENT (  '', '', ( #6050 ) ) ;
#586 = CIRCLE ( 'NONE', #4537, 1.249999999999997558 ) ;
#587 = DIRECTION ( 'NONE',  ( 1.000000000000000000, 0.000000000000000000, 0.000000000000000000 ) ) ;
#588 = ADVANCED_FACE ( 'NONE', ( #1357 ), #7329, .F. ) ;
#589 = PRODUCT_RELATED_PRODUCT_CATEGORY ( 'part', '', ( #1997 ) ) ;
#590 = DIRECTION ( 'NONE',  ( -1.000000000000000000, 0.000000000000000000, 0.000000000000000000 ) ) ;
#591 = PRESENTATION_STYLE_ASSIGNMENT (( #2897 ) ) ;
#592 = AXIS2_PLACEMENT_3D ( 'NONE', #4187, #1754, #1785 ) ;
#593 = CARTESIAN_POINT ( 'NONE',  ( -33.76531439086963360, 9.215754827261150695, 68.24994211835182512 ) ) ;
#594 = DIRECTION ( 'NONE',  ( 0.2588190451025122463, 0.9659258262890706437, 0.000000000000000000 ) ) ;
#595 = DIRECTION ( 'NONE',  ( 0.000000000000000000, 0.000000000000000000, -1.000000000000000000 ) ) ;
#596 = EDGE_LOOP ( 'NONE', ( #5159, #7014, #5746, #4505 ) ) ;
#597 = DIRECTION ( 'NONE',  ( 1.000000000000000000, 0.000000000000000000, 0.000000000000000000 ) ) ;
#598 = DIRECTION ( 'NONE',  ( 0.2588190451025214056, -0.9659258262890680902, -0.000000000000000000 ) ) ;
#599 = CONICAL_SURFACE ( 'NONE', #2558, 1.250000000000001110, 1.029744258676649871 ) ;
#600 = CYLINDRICAL_SURFACE ( 'NONE', #7291, 35.00000000000000711 ) ;
#601 = DIRECTION ( 'NONE',  ( 1.000000000000000000, 0.000000000000000000, 0.000000000000000000 ) ) ;
#602 = AXIS2_PLACEMENT_3D ( 'NONE', #5481, #139, #1845 ) ;
#603 = PRESENTATION_STYLE_ASSIGNMENT (( #714 ) ) ;
#604 = LINE ( 'NONE', #2988, #1100 ) ;
#605 = MECHANICAL_DESIGN_GEOMETRIC_PRESENTATION_REPRESENTATION (  '', ( #5443 ), #328 ) ;
#606 = CARTESIAN_POINT ( 'NONE',  ( -8.313394368368014042, 33.99854031952581579, 70.49858126598913088 ) ) ;
#607 = ORIENTED_EDGE ( 'NONE', *, *, #6990, .F. ) ;
#608 =( LENGTH_UNIT ( ) NAMED_UNIT ( * ) SI_UNIT ( .MILLI., .METRE. ) );
#609 = COLOUR_RGB ( '',1.000000000000000000, 1.000000000000000000, 1.000000000000000000 ) ;
#610 = CIRCLE ( 'NONE', #3057, 1.249999999999997558 ) ;
#611 = ORIENTED_EDGE ( 'NONE', *, *, #4096, .T. ) ;
#612 = DIRECTION ( 'NONE',  ( -0.2588190451025144112, -0.9659258262890699775, -0.000000000000000000 ) ) ;
#613 = CYLINDRICAL_SURFACE ( 'NONE', #3538, 1.249999999999998002 ) ;
#614 = CARTESIAN_POINT ( 'NONE',  ( 23.86485386504622142, -25.63262081801213554, 55.49999999999999289 ) ) ;
#615 = EDGE_LOOP ( 'NONE', ( #4765, #1549, #754, #2690 ) ) ;
#616 = LINE ( 'NONE', #1316, #6643 ) ;
#617 = CARTESIAN_POINT ( 'NONE',  ( -8.449810642010618267, -33.96503105473750850, 68.40752953715787044 ) ) ;
#618 = EDGE_LOOP ( 'NONE', ( #5753, #6948, #2066, #5571 ) ) ;
#619 = VECTOR ( 'NONE', #1876, 1000.000000000000114 ) ;
#620 = CARTESIAN_POINT ( 'NONE',  ( 25.19678751731742139, -15.50000000000031442, 73.00000000000000000 ) ) ;
#621 = VECTOR ( 'NONE', #143, 1000.000000000000000 ) ;
#622 = VERTEX_POINT ( 'NONE', #683 ) ;
#623 = DIRECTION ( 'NONE',  ( -0.9659258262890673130, -0.2588190451025248473, -0.000000000000000000 ) ) ;
#624 = DIRECTION ( 'NONE',  ( -0.4999999999999921174, 0.8660254037844431485, 0.000000000000000000 ) ) ;
#625 = STYLED_ITEM ( 'NONE', ( #7235 ), #3939 ) ;
#626 = DIRECTION ( 'NONE',  ( -0.000000000000000000, -0.000000000000000000, -1.000000000000000000 ) ) ;
#627 = FILL_AREA_STYLE ('',( #5482 ) ) ;
#628 = STYLED_ITEM ( 'NONE', ( #5199 ), #4215 ) ;
#629 = PRESENTATION_STYLE_ASSIGNMENT (( #5928 ) ) ;
#630 = FACE_OUTER_BOUND ( 'NONE', #3954, .T. ) ;
#631 = COLOUR_RGB ( '',1.000000000000000000, 1.000000000000000000, 1.000000000000000000 ) ;
#632 = CARTESIAN_POINT ( 'NONE',  ( 35.00000000000000711, 0.000000000000000000, 58.39999999999999147 ) ) ;
#633 = AXIS2_PLACEMENT_3D ( 'NONE', #6757, #4460, #6835 ) ;
#634 = CARTESIAN_POINT ( 'NONE',  ( 23.89572836663684896, -25.57332890163102235, 69.09744532331460221 ) ) ;
#635 = EDGE_CURVE ( 'NONE', #4884, #1868, #1828, .T. ) ;
#636 = FACE_BOUND ( 'NONE', #1591, .T. ) ;
#637 = B_SPLINE_CURVE_WITH_KNOTS ( 'NONE', 3,
 ( #1307, #3673, #2434, #4817, #6716, #7204, #36, #4774, #2399, #4296, #6603, #1344, #776, #3128, #7318, #1964, #5524, #3564, #5969, #2982 ),
 .UNSPECIFIED., .F., .F.,
 ( 4, 2, 2, 2, 2, 2, 2, 2, 2, 4 ),
 ( 0.000000000000000000, 0.0004885477149880516033, 0.0009770954299761032066, 0.001465643144964154593, 0.001954190859952206413, 0.002442738574940258017, 0.002931286289928309186, 0.003419834004916361223, 0.003664107862410394181, 0.003908381719904427572 ),
 .UNSPECIFIED. ) ;
#638 = DIRECTION ( 'NONE',  ( -0.2588190451025214056, 0.9659258262890680902, -0.000000000000000000 ) ) ;
#639 = DIRECTION ( 'NONE',  ( 0.000000000000000000, 0.000000000000000000, 1.000000000000000000 ) ) ;
#640 = AXIS2_PLACEMENT_3D ( 'NONE', #4255, #5335, #2467 ) ;
#641 = CARTESIAN_POINT ( 'NONE',  ( -10.26029480722272780, 33.46231238974495881, 69.49999999999998579 ) ) ;
#642 = AXIS2_PLACEMENT_3D ( 'NONE', #5698, #6847, #5184 ) ;
#643 = ADVANCED_FACE ( 'NONE', ( #5465 ), #193, .T. ) ;
#644 = CARTESIAN_POINT ( 'NONE',  ( -9.218922444420506679, -33.76445839378303759, 56.74986216034435671 ) ) ;
#645 =( LENGTH_UNIT ( ) NAMED_UNIT ( * ) SI_UNIT ( .MILLI., .METRE. ) );
#646 =( NAMED_UNIT ( * ) SI_UNIT ( $, .STERADIAN. ) SOLID_ANGLE_UNIT ( ) );
#647 = ORIENTED_EDGE ( 'NONE', *, *, #3292, .T. ) ;
#648 = MECHANICAL_DESIGN_GEOMETRIC_PRESENTATION_REPRESENTATION (  '', ( #766 ), #2729 ) ;
#649 = PLANE ( 'NONE',  #2824 ) ;
#650 = AXIS2_PLACEMENT_3D ( 'NONE', #3709, #263, #7424 ) ;
#651 = FACE_BOUND ( 'NONE', #5067, .T. ) ;
#652 = ORIENTED_EDGE ( 'NONE', *, *, #5514, .F. ) ;
#653 = FILL_AREA_STYLE ('',( #7696 ) ) ;
#654 = CARTESIAN_POINT ( 'NONE',  ( 34.10210355438576357, -7.877212449405786465, 69.17270578215243404 ) ) ;
#655 = VERTEX_POINT ( 'NONE', #1979 ) ;
#656 = ORIENTED_EDGE ( 'NONE', *, *, #7016, .T. ) ;
#657 = CIRCLE ( 'NONE', #4973, 1.649999999999999245 ) ;
#658 = DIRECTION ( 'NONE',  ( 0.2588190451025260130, -0.9659258262890668689, 0.000000000000000000 ) ) ;
#659 = UNCERTAINTY_MEASURE_WITH_UNIT (LENGTH_MEASURE( 1.000000000000000082E-05 ), #6111, 'distance_accuracy_value', 'NONE');
#660 = EDGE_CURVE ( 'NONE', #2332, #6146, #826, .T. ) ;
#661 = ORIENTED_EDGE ( 'NONE', *, *, #207, .T. ) ;
#662 = DIRECTION ( 'NONE',  ( -0.9702957262759983603, -0.2419218955996600973, 0.000000000000000000 ) ) ;
#663 = ORIENTED_EDGE ( 'NONE', *, *, #3485, .F. ) ;
#664 = CYLINDRICAL_SURFACE ( 'NONE', #6190, 1.250000000000001110 ) ;
#665 = PLANE ( 'NONE',  #5077 ) ;
#666 = CONICAL_SURFACE ( 'NONE', #1389, 1.249999999999987788, 1.029744258676644320 ) ;
#667 = DIRECTION ( 'NONE',  ( 0.9659258262890706437, -0.2588190451025124128, 0.000000000000000000 ) ) ;
#668 = DIRECTION ( 'NONE',  ( -0.7660444431190185366, 0.6427876096864910682, 0.000000000000000000 ) ) ;
#669 = ORIENTED_EDGE ( 'NONE', *, *, #7130, .F. ) ;
#670 = CARTESIAN_POINT ( 'NONE',  ( 33.60247514953415049, 9.791745369165996138, 56.49490063177623966 ) ) ;
#671 = ORIENTED_EDGE ( 'NONE', *, *, #4464, .T. ) ;
#672 = AXIS2_PLACEMENT_3D ( 'NONE', #7485, #870, #7576 ) ;
#673 = CARTESIAN_POINT ( 'NONE',  ( -23.86485386504604023, 25.63262081801230252, 55.49999999999999289 ) ) ;
#674 = EDGE_CURVE ( 'NONE', #1252, #4648, #2443, .T. ) ;
#675 = CARTESIAN_POINT ( 'NONE',  ( -33.72185314637112441, -9.373345539945365346, 70.71781442879139945 ) ) ;
#676 = CARTESIAN_POINT ( 'NONE',  ( 7.117523740319341208, -26.56296022294938552, 55.49999999999999289 ) ) ;
#677 = DIRECTION ( 'NONE',  ( -3.154042683594197586E-15, -1.000000000000000000, 0.000000000000000000 ) ) ;
#678 = EDGE_CURVE ( 'NONE', #3446, #3433, #4194, .T. ) ;
#679 = CARTESIAN_POINT ( 'NONE',  ( -19.44543648263010382, 19.44543648263003277, 55.49999999999999289 ) ) ;
#680 = CARTESIAN_POINT ( 'NONE',  ( -19.44543648262997237, -19.44543648263017488, 55.49999999999999289 ) ) ;
#681 = EDGE_LOOP ( 'NONE', ( #2081, #192, #7562 ) ) ;
#682 = EDGE_LOOP ( 'NONE', ( #4791, #6802, #2565 ) ) ;
#683 = CARTESIAN_POINT ( 'NONE',  ( -28.49678751731741855, 15.50000000000031442, 73.00000000000000000 ) ) ;
#684 = CARTESIAN_POINT ( 'NONE',  ( 7.907643356624154407, -34.09501667146574277, 55.09744532331458799 ) ) ;
#685 = EDGE_CURVE ( 'NONE', #5094, #3329, #1469, .T. ) ;
#686 = EDGE_CURVE ( 'NONE', #5601, #5404, #5500, .T. ) ;
#687 = VERTEX_POINT ( 'NONE', #898 ) ;
#688 = LINE ( 'NONE', #202, #6788 ) ;
#689 = CARTESIAN_POINT ( 'NONE',  ( 19.44543648262982671, 19.44543648263030278, 69.49999999999998579 ) ) ;
#690 = DIRECTION ( 'NONE',  ( -0.000000000000000000, -0.000000000000000000, 1.000000000000000000 ) ) ;
#691 = CARTESIAN_POINT ( 'NONE',  ( 24.86458386967278500, -24.63289773148410688, 70.75013697141071134 ) ) ;
#692 = DIRECTION ( 'NONE',  ( 0.7071067811865537900, -0.7071067811865412445, -0.000000000000000000 ) ) ;
#693 = EDGE_CURVE ( 'NONE', #6828, #6284, #6882, .T. ) ;
#694 = ADVANCED_FACE ( 'NONE', ( #2751 ), #5691, .F. ) ;
#695 = PRESENTATION_STYLE_ASSIGNMENT (( #3623 ) ) ;
#696 =( GEOMETRIC_REPRESENTATION_CONTEXT ( 3 ) GLOBAL_UNCERTAINTY_ASSIGNED_CONTEXT ( ( #2640 ) ) GLOBAL_UNIT_ASSIGNED_CONTEXT ( ( #996, #1649, #3299 ) ) REPRESENTATION_CONTEXT ( 'NONE', 'WORKASPACE' ) );
#697 =( NAMED_UNIT ( * ) SI_UNIT ( $, .STERADIAN. ) SOLID_ANGLE_UNIT ( ) );
#698 = AXIS2_PLACEMENT_3D ( 'NONE', #1059, #5769, #7057 ) ;
#699 = CARTESIAN_POINT ( 'NONE',  ( -7.845480241493476115, 34.10936000250277544, 69.49999999999936051 ) ) ;
#700 = DIRECTION ( 'NONE',  ( 0.8660254037844380415, -0.5000000000000009992, 0.000000000000000000 ) ) ;
#701 = PRESENTATION_LAYER_ASSIGNMENT (  '', '', ( #4912 ) ) ;
#702 = ORIENTED_EDGE ( 'NONE', *, *, #6327, .T. ) ;
#703 = LINE ( 'NONE', #1780, #4476 ) ;
#704 = EDGE_CURVE ( 'NONE', #5806, #3298, #155, .T. ) ;
#705 = VERTEX_POINT ( 'NONE', #2019 ) ;
#706 = DIRECTION ( 'NONE',  ( 0.8571673007021098911, 0.000000000000000000, 0.5150380749100581523 ) ) ;
#707 = CARTESIAN_POINT ( 'NONE',  ( -33.50840416585899817, -10.10894437270430757, 70.12992980600230908 ) ) ;
#708 = CIRCLE ( 'NONE', #5028, 1.249999999999987788 ) ;
#709 =( GEOMETRIC_REPRESENTATION_CONTEXT ( 3 ) GLOBAL_UNCERTAINTY_ASSIGNED_CONTEXT ( ( #5777 ) ) GLOBAL_UNIT_ASSIGNED_CONTEXT ( ( #4377, #6082, #2047 ) ) REPRESENTATION_CONTEXT ( 'NONE', 'WORKASPACE' ) );
#710 = DIRECTION ( 'NONE',  ( 1.051347561198065757E-14, 1.000000000000000000, 0.000000000000000000 ) ) ;
#711 = DIRECTION ( 'NONE',  ( -0.000000000000000000, -0.000000000000000000, 1.000000000000000000 ) ) ;
#712 = EDGE_CURVE ( 'NONE', #3915, #7537, #3993, .T. ) ;
#713 = AXIS2_PLACEMENT_3D ( 'NONE', #2020, #1358, #5535 ) ;
#714 = SURFACE_STYLE_USAGE ( .BOTH. , #2438 ) ;
#715 = DIRECTION ( 'NONE',  ( 1.000000000000000000, 0.000000000000000000, 0.000000000000000000 ) ) ;
#716 = ORIENTED_EDGE ( 'NONE', *, *, #314, .T. ) ;
#717 = VERTEX_POINT ( 'NONE', #6316 ) ;
#718 = VECTOR ( 'NONE', #3941, 1000.000000000000114 ) ;
#719 = CARTESIAN_POINT ( 'NONE',  ( 25.61683214824513399, -23.84906519527834234, 55.66515748035302380 ) ) ;
#720 = CARTESIAN_POINT ( 'NONE',  ( 25.19678751731786193, 15.49999999999956835, 73.00000000000000000 ) ) ;
#721 = CARTESIAN_POINT ( 'NONE',  ( 7.999356998381590422, -34.07365886934948662, 54.87019983082779362 ) ) ;
#722 = COLOUR_RGB ( '',1.000000000000000000, 1.000000000000000000, 1.000000000000000000 ) ;
#723 = DIRECTION ( 'NONE',  ( -0.000000000000000000, -0.000000000000000000, 1.000000000000000000 ) ) ;
#724 = ORIENTED_EDGE ( 'NONE', *, *, #3959, .T. ) ;
#725 = PRESENTATION_STYLE_ASSIGNMENT (( #6056 ) ) ;
#726 = AXIS2_PLACEMENT_3D ( 'NONE', #1420, #1011, #545 ) ;
#727 = CARTESIAN_POINT ( 'NONE',  ( 25.63262081801255476, -23.86485386504576667, 69.49999999999998579 ) ) ;
#728 = AXIS2_PLACEMENT_3D ( 'NONE', #3482, #5893, #2901 ) ;
#729 = ADVANCED_FACE ( 'NONE', ( #392 ), #5134, .F. ) ;
#730 = CARTESIAN_POINT ( 'NONE',  ( 25.61683214824923027, 23.84906519527391211, 55.49999999999934630 ) ) ;
#731 = UNCERTAINTY_MEASURE_WITH_UNIT (LENGTH_MEASURE( 1.000000000000000082E-05 ), #6859, 'distance_accuracy_value', 'NONE');
#732 = CARTESIAN_POINT ( 'NONE',  ( -35.00000000000000711, 0.000000000000000000, 75.00000000000000000 ) ) ;
#733 = CONICAL_SURFACE ( 'NONE', #5059, 1.249999999999997558, 1.029744258676648538 ) ;
#734 = CARTESIAN_POINT ( 'NONE',  ( 9.375468758797984137, 33.72126086098820252, 70.71716962019200992 ) ) ;
#735 = MECHANICAL_DESIGN_GEOMETRIC_PRESENTATION_REPRESENTATION (  '', ( #5203 ), #229 ) ;
#736 = PLANE ( 'NONE',  #5343 ) ;
#737 = AXIS2_PLACEMENT_3D ( 'NONE', #1564, #3416, #2840 ) ;
#738 =( GEOMETRIC_REPRESENTATION_CONTEXT ( 3 ) GLOBAL_UNCERTAINTY_ASSIGNED_CONTEXT ( ( #1330 ) ) GLOBAL_UNIT_ASSIGNED_CONTEXT ( ( #2401, #1310, #3604 ) ) REPRESENTATION_CONTEXT ( 'NONE', 'WORKASPACE' ) );
#739 = PRESENTATION_STYLE_ASSIGNMENT (( #4141 ) ) ;
#740 = CYLINDRICAL_SURFACE ( 'NONE', #5589, 1.649999999999998579 ) ;
#741 = ORIENTED_EDGE ( 'NONE', *, *, #3606, .T. ) ;
#742 = CARTESIAN_POINT ( 'NONE',  ( 28.09678751731762958, 15.49999999999993783, 73.00000000000000000 ) ) ;
#743 = ORIENTED_EDGE ( 'NONE', *, *, #1238, .T. ) ;
#744 = DIRECTION ( 'NONE',  ( -1.000000000000000000, 0.000000000000000000, 0.000000000000000000 ) ) ;
#745 = CARTESIAN_POINT ( 'NONE',  ( -34.10205473297587986, -7.877419812029923918, 69.82754978985013850 ) ) ;
#746 =( GEOMETRIC_REPRESENTATION_CONTEXT ( 3 ) GLOBAL_UNCERTAINTY_ASSIGNED_CONTEXT ( ( #3731 ) ) GLOBAL_UNIT_ASSIGNED_CONTEXT ( ( #4216, #2977, #697 ) ) REPRESENTATION_CONTEXT ( 'NONE', 'WORKASPACE' ) );
#747 = DIRECTION ( 'NONE',  ( 0.000000000000000000, 0.000000000000000000, -1.000000000000000000 ) ) ;
#748 = SURFACE_STYLE_FILL_AREA ( #6681 ) ;
#749 = AXIS2_PLACEMENT_3D ( 'NONE', #2516, #1931, #6685 ) ;
#750 = ORIENTED_EDGE ( 'NONE', *, *, #6473, .F. ) ;
#751 = CARTESIAN_POINT ( 'NONE',  ( -8.743371217143240059, -33.89065425741831916, 56.71781442879142077 ) ) ;
#752 = DIRECTION ( 'NONE',  ( 0.2588190451025214611, -0.9659258262890682012, -0.000000000000000000 ) ) ;
#753 = VECTOR ( 'NONE', #24, 1000.000000000000000 ) ;
#754 = ORIENTED_EDGE ( 'NONE', *, *, #3353, .T. ) ;
#755 = FILL_AREA_STYLE_COLOUR ( '', #4788 ) ;
#756 = ORIENTED_EDGE ( 'NONE', *, *, #1037, .F. ) ;
#757 = CARTESIAN_POINT ( 'NONE',  ( -10.02005192283314550, 33.53523330087094934, 54.73126142467577182 ) ) ;
#758 = AXIS2_PLACEMENT_3D ( 'NONE', #2591, #3793, #4303 ) ;
#759 = EDGE_CURVE ( 'NONE', #787, #3641, #6841, .T. ) ;
#760 = CARTESIAN_POINT ( 'NONE',  ( 10.10901967084367747, -33.50838199766766934, 54.86992887182173462 ) ) ;
#761 =( NAMED_UNIT ( * ) SI_UNIT ( $, .STERADIAN. ) SOLID_ANGLE_UNIT ( ) );
#762 = ORIENTED_EDGE ( 'NONE', *, *, #3633, .T. ) ;
#763 = DIRECTION ( 'NONE',  ( 1.000000000000000000, 0.000000000000000000, 0.000000000000000000 ) ) ;
#764 = DIRECTION ( 'NONE',  ( 0.000000000000000000, 0.000000000000000000, 1.000000000000000000 ) ) ;
#765 = CARTESIAN_POINT ( 'NONE',  ( 8.449810642010382011, 33.96503105473757245, 68.40752953715787044 ) ) ;
#766 = STYLED_ITEM ( 'NONE', ( #4062 ), #2140 ) ;
#767 = FACE_OUTER_BOUND ( 'NONE', #3335, .T. ) ;
#768 = EDGE_CURVE ( 'NONE', #3001, #7373, #7486, .T. ) ;
#769 = CYLINDRICAL_SURFACE ( 'NONE', #3906, 1.249999999999988232 ) ;
#770 =( NAMED_UNIT ( * ) SI_UNIT ( $, .STERADIAN. ) SOLID_ANGLE_UNIT ( ) );
#771 =( NAMED_UNIT ( * ) PLANE_ANGLE_UNIT ( ) SI_UNIT ( $, .RADIAN. ) );
#772 = DIRECTION ( 'NONE',  ( -1.000000000000000000, 0.000000000000000000, 0.000000000000000000 ) ) ;
#773 = CARTESIAN_POINT ( 'NONE',  ( -33.72174701653632667, 9.373723367612353030, 68.28232543929559029 ) ) ;
#774 = ORIENTED_EDGE ( 'NONE', *, *, #4223, .T. ) ;
#775 = DIRECTION ( 'NONE',  ( 1.000000000000000000, 0.000000000000000000, 0.000000000000000000 ) ) ;
#776 = CARTESIAN_POINT ( 'NONE',  ( 33.60097168302483084, -9.797363654706476410, 54.49924284121849638 ) ) ;
#777 = DIRECTION ( 'NONE',  ( -0.000000000000000000, -0.000000000000000000, 1.000000000000000000 ) ) ;
#778 = SURFACE_STYLE_USAGE ( .BOTH. , #7359 ) ;
#779 = AXIS2_PLACEMENT_3D ( 'NONE', #2063, #2179, #4563 ) ;
#780 = FILL_AREA_STYLE_COLOUR ( '', #4946 ) ;
#781 = DIRECTION ( 'NONE',  ( -0.2588190451025315642, 0.9659258262890653146, 0.000000000000000000 ) ) ;
#782 = ORIENTED_EDGE ( 'NONE', *, *, #7015, .T. ) ;
#783 = CARTESIAN_POINT ( 'NONE',  ( 34.09501667146565040, 7.907643356624508790, 69.09744532331460221 ) ) ;
#784 =( NAMED_UNIT ( * ) PLANE_ANGLE_UNIT ( ) SI_UNIT ( $, .RADIAN. ) );
#785 = AXIS2_PLACEMENT_3D ( 'NONE', #3632, #1855, #7165 ) ;
#786 = CYLINDRICAL_SURFACE ( 'NONE', #5598, 4.500000000000000888 ) ;
#787 = VERTEX_POINT ( 'NONE', #432 ) ;
#788 = PRESENTATION_STYLE_ASSIGNMENT (( #5498 ) ) ;
#789 = EDGE_LOOP ( 'NONE', ( #2601, #527 ) ) ;
#790 = ADVANCED_FACE ( 'NONE', ( #2867 ), #1883, .F. ) ;
#791 = CARTESIAN_POINT ( 'NONE',  ( -9.664764854219273005, 33.63948505473541672, 54.40752953715788465 ) ) ;
#792 = EDGE_CURVE ( 'NONE', #687, #5726, #1782, .T. ) ;
#793 = CARTESIAN_POINT ( 'NONE',  ( 10.26029480722272957, -33.46231238974495881, 55.33480505326377141 ) ) ;
#794 = DIRECTION ( 'NONE',  ( 1.000000000000000000, 0.000000000000000000, 0.000000000000000000 ) ) ;
#795 = ORIENTED_EDGE ( 'NONE', *, *, #5867, .F. ) ;
#796 = CARTESIAN_POINT ( 'NONE',  ( -33.50815216293575816, 10.10977836212979497, 56.12841670645252634 ) ) ;
#797 = LINE ( 'NONE', #727, #4532 ) ;
#798 = EDGE_CURVE ( 'NONE', #3840, #3640, #6255, .T. ) ;
#799 = ADVANCED_FACE ( 'NONE', ( #7134 ), #1749, .F. ) ;
#800 = VERTEX_POINT ( 'NONE', #4145 ) ;
#801 = CARTESIAN_POINT ( 'NONE',  ( 25.59453581398931377, 23.87307303998089836, 55.82754978985014560 ) ) ;
#802 = DIRECTION ( 'NONE',  ( 0.000000000000000000, 0.000000000000000000, 1.000000000000000000 ) ) ;
#803 = EDGE_CURVE ( 'NONE', #4197, #516, #7133, .T. ) ;
#804 = PRESENTATION_STYLE_ASSIGNMENT (( #6139 ) ) ;
#805 = CARTESIAN_POINT ( 'NONE',  ( 24.74873734152886229, 24.74873734152946980, 55.49999999999999289 ) ) ;
#806 = EDGE_LOOP ( 'NONE', ( #1603, #1835, #4934, #7118 ) ) ;
#807 = CARTESIAN_POINT ( 'NONE',  ( 31.00000000000000355, -5.429684479807406206E-13, 75.00000000000000000 ) ) ;
#808 = CARTESIAN_POINT ( 'NONE',  ( -33.76531439086963360, 9.215754827261143589, 54.24994211835183933 ) ) ;
#809 = ORIENTED_EDGE ( 'NONE', *, *, #5699, .T. ) ;
#810 = FACE_OUTER_BOUND ( 'NONE', #2482, .T. ) ;
#811 = ORIENTED_EDGE ( 'NONE', *, *, #2860, .F. ) ;
#812 = CARTESIAN_POINT ( 'NONE',  ( -25.61683214824495280, 23.84906519527851643, 69.33480505326377852 ) ) ;
#813 = CARTESIAN_POINT ( 'NONE',  ( -34.10936000250274702, -7.845480241493596019, 69.49999999999936051 ) ) ;
#814 = ADVANCED_FACE ( 'NONE', ( #2287 ), #2822, .F. ) ;
#815 = DIRECTION ( 'NONE',  ( 1.000000000000000000, 0.000000000000000000, 0.000000000000000000 ) ) ;
#816 = ORIENTED_EDGE ( 'NONE', *, *, #7601, .F. ) ;
#817 = CIRCLE ( 'NONE', #2169, 1.650000000000000355 ) ;
#818 = PRESENTATION_LAYER_ASSIGNMENT (  '', '', ( #7159 ) ) ;
#819 = CARTESIAN_POINT ( 'NONE',  ( 26.56296022294930737, 7.117523740319618319, 69.49999999999998579 ) ) ;
#820 = CARTESIAN_POINT ( 'NONE',  ( -23.87340371386049398, -25.59422788810046612, 55.82922580273998392 ) ) ;
#821 = LINE ( 'NONE', #5043, #5981 ) ;
#822 = CARTESIAN_POINT ( 'NONE',  ( -24.95517096803486368, 21.59257839990745609, -12.34999999999999964 ) ) ;
#823 = EDGE_LOOP ( 'NONE', ( #1251, #5103, #6583 ) ) ;
#824 = CARTESIAN_POINT ( 'NONE',  ( -24.97848192922777244, 24.51730871747298934, 56.71781442879142787 ) ) ;
#825 = VERTEX_POINT ( 'NONE', #4 ) ;
#826 = LINE ( 'NONE', #3138, #2628 ) ;
#827 = LINE ( 'NONE', #5502, #3042 ) ;
#828 = PRESENTATION_LAYER_ASSIGNMENT (  '', '', ( #1916 ) ) ;
#829 = CARTESIAN_POINT ( 'NONE',  ( 25.59678751731753010, -15.50000000000012612, 67.50000000000000000 ) ) ;
#830 = AXIS2_PLACEMENT_3D ( 'NONE', #173, #4212, #7126 ) ;
#831 = TOROIDAL_SURFACE ( 'NONE', #5174, 6.000000000000001776, 1.500000000000000000 ) ;
#832 = CIRCLE ( 'NONE', #4414, 1.249999999999997558 ) ;
#833 = DIRECTION ( 'NONE',  ( -0.000000000000000000, -0.000000000000000000, 1.000000000000000000 ) ) ;
#834 = VERTEX_POINT ( 'NONE', #6434 ) ;
#835 = CARTESIAN_POINT ( 'NONE',  ( -34.01170720600997299, 8.258759448495698763, 56.44215622177351577 ) ) ;
#836 = CARTESIAN_POINT ( 'NONE',  ( -33.89075126011871930, -8.742990943868084841, 68.28232543929560450 ) ) ;
#837 = PRESENTATION_LAYER_ASSIGNMENT (  '', '', ( #5955 ) ) ;
#838 = CARTESIAN_POINT ( 'NONE',  ( 23.87340371386031279, 25.59422788810062954, 55.82922580273996260 ) ) ;
#839 =( NAMED_UNIT ( * ) SI_UNIT ( $, .STERADIAN. ) SOLID_ANGLE_UNIT ( ) );
#840 = CARTESIAN_POINT ( 'NONE',  ( 25.18987721940602498, 24.30006167257705485, 68.40755231783180079 ) ) ;
#841 = DIRECTION ( 'NONE',  ( -0.000000000000000000, -0.000000000000000000, 1.000000000000000000 ) ) ;
#842 = DIRECTION ( 'NONE',  ( 0.000000000000000000, 0.000000000000000000, 1.000000000000000000 ) ) ;
#843 = STYLED_ITEM ( 'NONE', ( #1571 ), #1459 ) ;
#844 = AXIS2_PLACEMENT_3D ( 'NONE', #1706, #7513, #2165 ) ;
#845 = CARTESIAN_POINT ( 'NONE',  ( -24.63374261563080481, 24.86373499089206263, 54.24994211835183933 ) ) ;
#846 = EDGE_LOOP ( 'NONE', ( #2999, #5762 ) ) ;
#847 = DIRECTION ( 'NONE',  ( -0.2588190451025144112, -0.9659258262890699775, -0.000000000000000000 ) ) ;
#848 = CARTESIAN_POINT ( 'NONE',  ( -33.46231238974502986, 10.26029480722254483, 69.41841486166937614 ) ) ;
#849 = ORIENTED_EDGE ( 'NONE', *, *, #2563, .T. ) ;
#850 = DIRECTION ( 'NONE',  ( -0.2588190451025315642, 0.9659258262890653146, 0.000000000000000000 ) ) ;
#851 = EDGE_LOOP ( 'NONE', ( #2881, #2421, #2884, #750 ) ) ;
#852 = CARTESIAN_POINT ( 'NONE',  ( -24.20061324198763586, 25.28525165660278873, 68.49924284121848927 ) ) ;
#853 = DIRECTION ( 'NONE',  ( 1.000000000000000000, 0.000000000000000000, 0.000000000000000000 ) ) ;
#854 = DIRECTION ( 'NONE',  ( 1.000000000000000000, 0.000000000000000000, 0.000000000000000000 ) ) ;
#855 = VECTOR ( 'NONE', #3003, 999.9999999999998863 ) ;
#856 = DIRECTION ( 'NONE',  ( 1.051347561198065757E-14, 1.000000000000000000, 0.000000000000000000 ) ) ;
#857 = FILL_AREA_STYLE ('',( #7323 ) ) ;
#858 = ADVANCED_FACE ( 'NONE', ( #1096 ), #2007, .F. ) ;
#859 = AXIS2_PLACEMENT_3D ( 'NONE', #7236, #1885, #1170 ) ;
#860 = FACE_OUTER_BOUND ( 'NONE', #1464, .T. ) ;
#861 = EDGE_LOOP ( 'NONE', ( #3467, #4095, #4784, #1365 ) ) ;
#862 = CARTESIAN_POINT ( 'NONE',  ( -33.72185314637114573, -9.373345539945363569, 56.71781442879142077 ) ) ;
#863 = DIRECTION ( 'NONE',  ( 1.000000000000000000, 0.000000000000000000, -0.000000000000000000 ) ) ;
#864 = AXIS2_PLACEMENT_3D ( 'NONE', #5585, #723, #3804 ) ;
#865 = EDGE_CURVE ( 'NONE', #6759, #4077, #7629, .T. ) ;
#866 = DIRECTION ( 'NONE',  ( 1.000000000000000000, 0.000000000000000000, 0.000000000000000000 ) ) ;
#867 = SURFACE_STYLE_USAGE ( .BOTH. , #1872 ) ;
#868 = ORIENTED_EDGE ( 'NONE', *, *, #2715, .F. ) ;
#869 = SURFACE_STYLE_FILL_AREA ( #5257 ) ;
#870 = DIRECTION ( 'NONE',  ( 0.000000000000000000, 0.000000000000000000, 1.000000000000000000 ) ) ;
#871 = PRESENTATION_LAYER_ASSIGNMENT (  '', '', ( #4816 ) ) ;
#872 = VERTEX_POINT ( 'NONE', #2507 ) ;
#873 = DIRECTION ( 'NONE',  ( 0.2588190451025122463, 0.9659258262890706437, 0.000000000000000000 ) ) ;
#874 = VERTEX_POINT ( 'NONE', #3092 ) ;
#875 = ORIENTED_EDGE ( 'NONE', *, *, #2180, .T. ) ;
#876 = DIRECTION ( 'NONE',  ( 0.7071067811865537900, -0.7071067811865412445, -0.000000000000000000 ) ) ;
#877 = LINE ( 'NONE', #3081, #3422 ) ;
#878 = CARTESIAN_POINT ( 'NONE',  ( 26.56296022294930737, 7.117523740319618319, 55.49999999999999289 ) ) ;
#879 = STYLED_ITEM ( 'NONE', ( #4419 ), #2071 ) ;
#880 = EDGE_CURVE ( 'NONE', #1462, #3180, #5488, .T. ) ;
#881 = EDGE_CURVE ( 'NONE', #7011, #145, #6378, .T. ) ;
#882 = CARTESIAN_POINT ( 'NONE',  ( -23.84906519527364210, 25.61683214824948251, 55.49999999999934630 ) ) ;
#883 = AXIS2_PLACEMENT_3D ( 'NONE', #2243, #1621, #6995 ) ;
#884 = ORIENTED_EDGE ( 'NONE', *, *, #4196, .T. ) ;
#885 = CARTESIAN_POINT ( 'NONE',  ( -33.50833267993241549, 10.10918306013537737, 68.87019983082778651 ) ) ;
#886 = ORIENTED_EDGE ( 'NONE', *, *, #919, .T. ) ;
#887 = DIRECTION ( 'NONE',  ( -0.000000000000000000, -0.000000000000000000, -1.000000000000000000 ) ) ;
#888 = VERTEX_POINT ( 'NONE', #6120 ) ;
#889 = CARTESIAN_POINT ( 'NONE',  ( 5.910116457458018502, -26.88648402932753356, 55.49999999999999289 ) ) ;
#890 = ADVANCED_FACE ( 'NONE', ( #4222 ), #111, .F. ) ;
#891 = CARTESIAN_POINT ( 'NONE',  ( -25.61683214824473609, -23.84906519527874735, 55.41841486166934061 ) ) ;
#892 = FACE_OUTER_BOUND ( 'NONE', #4678, .T. ) ;
#893 = DIRECTION ( 'NONE',  ( -1.000000000000000000, 0.000000000000000000, 0.000000000000000000 ) ) ;
#894 = ORIENTED_EDGE ( 'NONE', *, *, #127, .F. ) ;
#895 = EDGE_CURVE ( 'NONE', #541, #6162, #5259, .T. ) ;
#896 = CARTESIAN_POINT ( 'NONE',  ( -25.50880471513512759, 23.96465706155810693, 56.12992980600227355 ) ) ;
#897 = ORIENTED_EDGE ( 'NONE', *, *, #7130, .T. ) ;
#898 = CARTESIAN_POINT ( 'NONE',  ( -26.88648402932750869, -5.910116457458112649, 69.49999999999998579 ) ) ;
#899 = CARTESIAN_POINT ( 'NONE',  ( -33.48388011373920392, -10.26607386144969070, 55.49999999999999289 ) ) ;
#900 = EDGE_CURVE ( 'NONE', #3490, #2083, #6036, .T. ) ;
#901 = SURFACE_STYLE_USAGE ( .BOTH. , #5052 ) ;
#902 = AXIS2_PLACEMENT_3D ( 'NONE', #5767, #7094, #2780 ) ;
#903 = CARTESIAN_POINT ( 'NONE',  ( -20.82653395678843111, -25.59795857772134653, -12.34999999999999964 ) ) ;
#904 = VERTEX_POINT ( 'NONE', #65 ) ;
#905 = CARTESIAN_POINT ( 'NONE',  ( 20.32931995911340906, -18.56155300614671333, 69.49999999999998579 ) ) ;
#906 = EDGE_CURVE ( 'NONE', #1068, #7326, #1923, .T. ) ;
#907 = STYLED_ITEM ( 'NONE', ( #4234 ), #588 ) ;
#908 = ADVANCED_FACE ( 'NONE', ( #1243, #7240, #636, #4259, #6677, #3710, #3053 ), #7275, .T. ) ;
#909 = VERTEX_POINT ( 'NONE', #6638 ) ;
#910 = EDGE_CURVE ( 'NONE', #467, #102, #637, .T. ) ;
#911 = EDGE_LOOP ( 'NONE', ( #1111, #953 ) ) ;
#912 = ORIENTED_EDGE ( 'NONE', *, *, #7085, .F. ) ;
#913 = CYLINDRICAL_SURFACE ( 'NONE', #5663, 1.249999999999998002 ) ;
#914 = CARTESIAN_POINT ( 'NONE',  ( 0.000000000000000000, 0.000000000000000000, 75.00000000000000000 ) ) ;
#915 = ORIENTED_EDGE ( 'NONE', *, *, #704, .F. ) ;
#916 = CARTESIAN_POINT ( 'NONE',  ( 31.00000000000000000, -1.082359215041371340E-13, 73.00000000000000000 ) ) ;
#917 = CARTESIAN_POINT ( 'NONE',  ( 18.56155300614707215, -20.32931995911307865, 55.49999999999999289 ) ) ;
#918 = ORIENTED_EDGE ( 'NONE', *, *, #3077, .T. ) ;
#919 = EDGE_CURVE ( 'NONE', #5717, #5029, #5379, .T. ) ;
#920 = DIRECTION ( 'NONE',  ( 1.000000000000000000, 0.000000000000000000, 0.000000000000000000 ) ) ;
#921 = FACE_OUTER_BOUND ( 'NONE', #310, .T. ) ;
#922 = VERTEX_POINT ( 'NONE', #7357 ) ;
#923 = DIRECTION ( 'NONE',  ( -0.2588190451025144112, -0.9659258262890699775, -0.000000000000000000 ) ) ;
#924 = VERTEX_POINT ( 'NONE', #2084 ) ;
#925 = CARTESIAN_POINT ( 'NONE',  ( -23.87844043421752716, 25.58945755559298618, 69.17537727027524852 ) ) ;
#926 = CARTESIAN_POINT ( 'NONE',  ( 33.53523330087084986, 10.02005192283349544, 54.73126142467577182 ) ) ;
#927 = SURFACE_STYLE_FILL_AREA ( #4963 ) ;
#928 = FACE_OUTER_BOUND ( 'NONE', #6839, .T. ) ;
#929 = EDGE_CURVE ( 'NONE', #5717, #4182, #7183, .T. ) ;
#930 = CARTESIAN_POINT ( 'NONE',  ( -23.87307303998062835, 25.59453581398956246, 55.82754978985013850 ) ) ;
#931 = ORIENTED_EDGE ( 'NONE', *, *, #3888, .T. ) ;
#932 = SURFACE_SIDE_STYLE ('',( #5048 ) ) ;
#933 = ORIENTED_EDGE ( 'NONE', *, *, #7317, .T. ) ;
#934 = FACE_OUTER_BOUND ( 'NONE', #615, .T. ) ;
#935 = CIRCLE ( 'NONE', #4786, 13.49999999999999822 ) ;
#936 = CIRCLE ( 'NONE', #2297, 1.249999999999985789 ) ;
#937 = PRESENTATION_LAYER_ASSIGNMENT (  '', '', ( #4391 ) ) ;
#938 =( NAMED_UNIT ( * ) PLANE_ANGLE_UNIT ( ) SI_UNIT ( $, .RADIAN. ) );
#939 = EDGE_CURVE ( 'NONE', #4182, #5717, #7686, .T. ) ;
#940 = CARTESIAN_POINT ( 'NONE',  ( -34.00000000000000000, -3.178005909718203197E-15, 66.19999999999998863 ) ) ;
#941 = DIRECTION ( 'NONE',  ( 0.2588190451025120797, 0.9659258262890706437, 0.000000000000000000 ) ) ;
#942 = ORIENTED_EDGE ( 'NONE', *, *, #6473, .T. ) ;
#943 =( GEOMETRIC_REPRESENTATION_CONTEXT ( 3 ) GLOBAL_UNCERTAINTY_ASSIGNED_CONTEXT ( ( #948 ) ) GLOBAL_UNIT_ASSIGNED_CONTEXT ( ( #6884, #938, #1522 ) ) REPRESENTATION_CONTEXT ( 'NONE', 'WORKASPACE' ) );
#944 = AXIS2_PLACEMENT_3D ( 'NONE', #5740, #5146, #7530 ) ;
#945 = DIRECTION ( 'NONE',  ( -0.000000000000000000, -0.000000000000000000, 1.000000000000000000 ) ) ;
#946 = EDGE_LOOP ( 'NONE', ( #4019, #3839, #6314, #2146 ) ) ;
#947 =( LENGTH_UNIT ( ) NAMED_UNIT ( * ) SI_UNIT ( .MILLI., .METRE. ) );
#948 = UNCERTAINTY_MEASURE_WITH_UNIT (LENGTH_MEASURE( 1.000000000000000082E-05 ), #6884, 'distance_accuracy_value', 'NONE');
#949 = CONICAL_SURFACE ( 'NONE', #4674, 1.249999999999987788, 1.029744258676644320 ) ;
#950 = AXIS2_PLACEMENT_3D ( 'NONE', #6294, #2850, #1006 ) ;
#951 = ORIENTED_EDGE ( 'NONE', *, *, #4131, .F. ) ;
#952 = CARTESIAN_POINT ( 'NONE',  ( 0.000000000000000000, 0.000000000000000000, 76.00000000000000000 ) ) ;
#953 = ORIENTED_EDGE ( 'NONE', *, *, #712, .T. ) ;
#954 = FACE_BOUND ( 'NONE', #7388, .T. ) ;
#955 = EDGE_CURVE ( 'NONE', #717, #2217, #3568, .T. ) ;
#956 = STYLED_ITEM ( 'NONE', ( #1966 ), #1821 ) ;
#957 = DIRECTION ( 'NONE',  ( -0.000000000000000000, -0.000000000000000000, 1.000000000000000000 ) ) ;
#958 = CIRCLE ( 'NONE', #78, 1.249999999999988232 ) ;
#959 = DIRECTION ( 'NONE',  ( -0.2419218955996497444, -0.9702957262760009138, 1.049727191138612409E-16 ) ) ;
#960 = EDGE_CURVE ( 'NONE', #3051, #1261, #5607, .T. ) ;
#961 = CIRCLE ( 'NONE', #7553, 1.000000000000000888 ) ;
#962 = ORIENTED_EDGE ( 'NONE', *, *, #7085, .T. ) ;
#963 = CARTESIAN_POINT ( 'NONE',  ( -33.46231238974301192, 10.26029480722908893, 55.49999999999934630 ) ) ;
#964 = CARTESIAN_POINT ( 'NONE',  ( 0.000000000000000000, 0.000000000000000000, 75.00000000000000000 ) ) ;
#965 = ORIENTED_EDGE ( 'NONE', *, *, #7039, .T. ) ;
#966 = DIRECTION ( 'NONE',  ( 1.000000000000000000, 0.000000000000000000, 0.000000000000000000 ) ) ;
#967 = ORIENTED_EDGE ( 'NONE', *, *, #4462, .T. ) ;
#968 = CIRCLE ( 'NONE', #1705, 35.00000000000000711 ) ;
#969 = FILL_AREA_STYLE ('',( #1540 ) ) ;
#970 = CARTESIAN_POINT ( 'NONE',  ( 33.96510442650506434, 8.449532112277260865, 54.40755231783179369 ) ) ;
#971 = MECHANICAL_DESIGN_GEOMETRIC_PRESENTATION_REPRESENTATION (  '', ( #6188 ), #5053 ) ;
#972 = CARTESIAN_POINT ( 'NONE',  ( 10.01971073834258696, -33.53533562530441259, 56.26921617977553325 ) ) ;
#973 = PRESENTATION_STYLE_ASSIGNMENT (( #2898 ) ) ;
#974 = CARTESIAN_POINT ( 'NONE',  ( -9.373723367612226909, -33.72174701653636930, 54.28232543929561160 ) ) ;
#975 = CYLINDRICAL_SURFACE ( 'NONE', #2357, 33.99999999999999289 ) ;
#976 = CARTESIAN_POINT ( 'NONE',  ( -23.84906519527842050, -25.61683214824503452, 55.49999999999999289 ) ) ;
#977 = VERTEX_POINT ( 'NONE', #335 ) ;
#978 = CARTESIAN_POINT ( 'NONE',  ( -9.375214494498921525, 33.72132837859827958, 54.28287014335593597 ) ) ;
#979 = CONICAL_SURFACE ( 'NONE', #2573, 1.249999999999987788, 1.029744258676644986 ) ;
#980 = EDGE_CURVE ( 'NONE', #7042, #4143, #5051, .T. ) ;
#981 = DIRECTION ( 'NONE',  ( 0.7071067811865516806, -0.7071067811865433539, 0.000000000000000000 ) ) ;
#982 = VECTOR ( 'NONE', #7161, 1000.000000000000000 ) ;
#983 = CARTESIAN_POINT ( 'NONE',  ( 24.97875607266804820, 24.51702789250662917, 54.28232543929561160 ) ) ;
#984 = VECTOR ( 'NONE', #6070, 1000.000000000000000 ) ;
#985 = ORIENTED_EDGE ( 'NONE', *, *, #1760, .T. ) ;
#986 = CARTESIAN_POINT ( 'NONE',  ( 13.85000000000040821, 26.84678751731736313, 73.00000000000000000 ) ) ;
#987 = ADVANCED_FACE ( 'NONE', ( #3785 ), #6230, .F. ) ;
#988 =( GEOMETRIC_REPRESENTATION_CONTEXT ( 3 ) GLOBAL_UNCERTAINTY_ASSIGNED_CONTEXT ( ( #1870 ) ) GLOBAL_UNIT_ASSIGNED_CONTEXT ( ( #7573, #2636, #7483 ) ) REPRESENTATION_CONTEXT ( 'NONE', 'WORKASPACE' ) );
#989 = ORIENTED_EDGE ( 'NONE', *, *, #7000, .T. ) ;
#990 =( NAMED_UNIT ( * ) SI_UNIT ( $, .STERADIAN. ) SOLID_ANGLE_UNIT ( ) );
#991 = VERTEX_POINT ( 'NONE', #3233 ) ;
#992 = CYLINDRICAL_SURFACE ( 'NONE', #6166, 1.249999999999997558 ) ;
#993 = CIRCLE ( 'NONE', #3209, 0.9999999999999974465 ) ;
#994 = ORIENTED_EDGE ( 'NONE', *, *, #1494, .T. ) ;
#995 = AXIS2_PLACEMENT_3D ( 'NONE', #4892, #6236, #6126 ) ;
#996 =( LENGTH_UNIT ( ) NAMED_UNIT ( * ) SI_UNIT ( .MILLI., .METRE. ) );
#997 = FACE_OUTER_BOUND ( 'NONE', #291, .T. ) ;
#998 = CARTESIAN_POINT ( 'NONE',  ( -25.44564309315823536, -24.03190623646082003, 70.26794143074936017 ) ) ;
#999 = VERTEX_POINT ( 'NONE', #6829 ) ;
#1000 = CARTESIAN_POINT ( 'NONE',  ( 7.999599450723502869, 34.07360143426244292, 56.12992980600228776 ) ) ;
#1001 =( LENGTH_UNIT ( ) NAMED_UNIT ( * ) SI_UNIT ( .MILLI., .METRE. ) );
#1002 = AXIS2_PLACEMENT_3D ( 'NONE', #5685, #6237, #1431 ) ;
#1003 = AXIS2_PLACEMENT_3D ( 'NONE', #5795, #6914, #966 ) ;
#1004 = ADVANCED_FACE ( 'NONE', ( #6869 ), #4538, .F. ) ;
#1005 = VERTEX_POINT ( 'NONE', #6383 ) ;
#1006 = DIRECTION ( 'NONE',  ( -0.2588190451025315642, 0.9659258262890653146, 0.000000000000000000 ) ) ;
#1007 = FACE_OUTER_BOUND ( 'NONE', #6448, .T. ) ;
#1008 = EDGE_LOOP ( 'NONE', ( #4258, #4622, #5270 ) ) ;
#1009 = DIRECTION ( 'NONE',  ( 0.2588190451025214611, -0.9659258262890682012, -0.000000000000000000 ) ) ;
#1010 = AXIS2_PLACEMENT_3D ( 'NONE', #7393, #1012, #6830 ) ;
#1011 = DIRECTION ( 'NONE',  ( -0.000000000000000000, -0.000000000000000000, 1.000000000000000000 ) ) ;
#1012 = DIRECTION ( 'NONE',  ( -0.7071067811865487940, 0.7071067811865462405, -0.000000000000000000 ) ) ;
#1013 = DIRECTION ( 'NONE',  ( 1.000000000000000000, 0.000000000000000000, 0.000000000000000000 ) ) ;
#1014 = AXIS2_PLACEMENT_3D ( 'NONE', #4814, #6572, #1242 ) ;
#1015 = CARTESIAN_POINT ( 'NONE',  ( -7.845480241493476115, 34.10936000250277544, 69.49999999999936051 ) ) ;
#1016 = FILL_AREA_STYLE_COLOUR ( '', #3346 ) ;
#1017 = CARTESIAN_POINT ( 'NONE',  ( -7.999523156526407774, -34.07361988511525652, 54.86992887182174883 ) ) ;
#1018 = CARTESIAN_POINT ( 'NONE',  ( -25.71138827009653127, 22.24689895748039703, 0.000000000000000000 ) ) ;
#1019 = ORIENTED_EDGE ( 'NONE', *, *, #5877, .T. ) ;
#1020 = CARTESIAN_POINT ( 'NONE',  ( -34.10205473297587986, -7.877419812029922142, 55.82754978985014560 ) ) ;
#1021 = ORIENTED_EDGE ( 'NONE', *, *, #4239, .F. ) ;
#1022 = COLOUR_RGB ( '',1.000000000000000000, 1.000000000000000000, 1.000000000000000000 ) ;
#1023 = CARTESIAN_POINT ( 'NONE',  ( 10.26029480722218956, 33.46231238974512934, 55.41841486166934061 ) ) ;
#1024 = DIRECTION ( 'NONE',  ( 0.9659258262890698665, -0.2588190451025149663, 0.000000000000000000 ) ) ;
#1025 = CARTESIAN_POINT ( 'NONE',  ( 26.84678751731786051, 15.49999999999956835, 73.00000000000000000 ) ) ;
#1026 = SURFACE_STYLE_USAGE ( .BOTH. , #3289 ) ;
#1027 = ORIENTED_EDGE ( 'NONE', *, *, #7132, .F. ) ;
#1028 = EDGE_LOOP ( 'NONE', ( #5182, #6966, #4233, #1721, #1509, #816, #1792, #4162, #4576, #462 ) ) ;
#1029 = EDGE_CURVE ( 'NONE', #5940, #6517, #4699, .T. ) ;
#1030 = ADVANCED_FACE ( 'NONE', ( #3944 ), #1214, .F. ) ;
#1031 =( LENGTH_UNIT ( ) NAMED_UNIT ( * ) SI_UNIT ( .MILLI., .METRE. ) );
#1032 = EDGE_LOOP ( 'NONE', ( #7175, #299, #1761, #1795 ) ) ;
#1033 = AXIS2_PLACEMENT_3D ( 'NONE', #237, #5728, #3916 ) ;
#1034 = ORIENTED_EDGE ( 'NONE', *, *, #3542, .T. ) ;
#1035 =( NAMED_UNIT ( * ) PLANE_ANGLE_UNIT ( ) SI_UNIT ( $, .RADIAN. ) );
#1036 = ORIENTED_EDGE ( 'NONE', *, *, #2731, .F. ) ;
#1037 = EDGE_CURVE ( 'NONE', #1276, #2103, #968, .T. ) ;
#1038 = FACE_BOUND ( 'NONE', #3454, .T. ) ;
#1039 = VERTEX_POINT ( 'NONE', #4624 ) ;
#1040 = CARTESIAN_POINT ( 'NONE',  ( -10.26029480722272780, 33.46231238974495881, 55.49999999999999289 ) ) ;
#1041 = FILL_AREA_STYLE ('',( #2585 ) ) ;
#1042 = DIRECTION ( 'NONE',  ( -1.000000000000000000, -2.693799693929904232E-16, -0.000000000000000000 ) ) ;
#1043 = EDGE_CURVE ( 'NONE', #6925, #6828, #4054, .T. ) ;
#1044 = FILL_AREA_STYLE_COLOUR ( '', #4396 ) ;
#1045 = DIRECTION ( 'NONE',  ( -0.000000000000000000, -0.000000000000000000, 1.000000000000000000 ) ) ;
#1046 = ORIENTED_EDGE ( 'NONE', *, *, #2958, .T. ) ;
#1047 = DIRECTION ( 'NONE',  ( -0.000000000000000000, -0.000000000000000000, 1.000000000000000000 ) ) ;
#1048 = DIRECTION ( 'NONE',  ( 1.000000000000000000, 0.000000000000000000, 0.000000000000000000 ) ) ;
#1049 = LINE ( 'NONE', #5799, #1501 ) ;
#1050 = CARTESIAN_POINT ( 'NONE',  ( 0.000000000000000000, 0.000000000000000000, 75.00000000000000000 ) ) ;
#1051 = CARTESIAN_POINT ( 'NONE',  ( 10.26029480722272957, -33.46231238974495881, 55.66515748035299538 ) ) ;
#1052 = SURFACE_SIDE_STYLE ('',( #7047 ) ) ;
#1053 = CARTESIAN_POINT ( 'NONE',  ( -9.665042753928192454, -33.63940933168326097, 54.40755231783177948 ) ) ;
#1054 = DIRECTION ( 'NONE',  ( 0.000000000000000000, 0.000000000000000000, 1.000000000000000000 ) ) ;
#1055 = DIRECTION ( 'NONE',  ( -0.9659258262890692004, 0.2588190451025179084, -0.000000000000000000 ) ) ;
#1056 = EDGE_CURVE ( 'NONE', #922, #1578, #5798, .T. ) ;
#1057 =( NAMED_UNIT ( * ) SI_UNIT ( $, .STERADIAN. ) SOLID_ANGLE_UNIT ( ) );
#1058 = LINE ( 'NONE', #3396, #81 ) ;
#1059 = CARTESIAN_POINT ( 'NONE',  ( 0.000000000000000000, 0.000000000000000000, 53.00000000000000000 ) ) ;
#1060 = DIRECTION ( 'NONE',  ( 1.000000000000000000, 0.000000000000000000, 0.000000000000000000 ) ) ;
#1061 = DIRECTION ( 'NONE',  ( -0.9659258262890673130, -0.2588190451025248473, -0.000000000000000000 ) ) ;
#1062 = EDGE_LOOP ( 'NONE', ( #1235, #403, #1290, #3159 ) ) ;
#1063 = ORIENTED_EDGE ( 'NONE', *, *, #426, .T. ) ;
#1064 = CARTESIAN_POINT ( 'NONE',  ( -10.01971073834258696, 33.53533562530441259, 56.26921617977553325 ) ) ;
#1065 = STYLED_ITEM ( 'NONE', ( #281 ), #4998 ) ;
#1066 = ORIENTED_EDGE ( 'NONE', *, *, #4939, .F. ) ;
#1067 = DIRECTION ( 'NONE',  ( 0.9659258262890698665, -0.2588190451025149663, 0.000000000000000000 ) ) ;
#1068 = VERTEX_POINT ( 'NONE', #5206 ) ;
#1069 = CARTESIAN_POINT ( 'NONE',  ( 31.00000000000000355, -5.429684479807406206E-13, 73.00000000000000000 ) ) ;
#1070 =( GEOMETRIC_REPRESENTATION_CONTEXT ( 3 ) GLOBAL_UNCERTAINTY_ASSIGNED_CONTEXT ( ( #6940 ) ) GLOBAL_UNIT_ASSIGNED_CONTEXT ( ( #6595, #5402, #2388 ) ) REPRESENTATION_CONTEXT ( 'NONE', 'WORKASPACE' ) );
#1071 = AXIS2_PLACEMENT_3D ( 'NONE', #1069, #2301, #6516 ) ;
#1072 = SURFACE_STYLE_USAGE ( .BOTH. , #6943 ) ;
#1073 = VERTEX_POINT ( 'NONE', #7595 ) ;
#1074 = CARTESIAN_POINT ( 'NONE',  ( 7.877860146954442477, 34.10195339827344441, 69.82922580273994129 ) ) ;
#1075 = CARTESIAN_POINT ( 'NONE',  ( 0.000000000000000000, 0.000000000000000000, 75.00000000000000000 ) ) ;
#1076 = ORIENTED_EDGE ( 'NONE', *, *, #5514, .T. ) ;
#1077 = COLOUR_RGB ( '',1.000000000000000000, 1.000000000000000000, 1.000000000000000000 ) ;
#1078 = CARTESIAN_POINT ( 'NONE',  ( -10.02062021607661357, -33.53506284871987475, 70.26794143074936017 ) ) ;
#1079 = CARTESIAN_POINT ( 'NONE',  ( -28.09678751731773971, -15.49999999999974953, 67.50000000000000000 ) ) ;
#1080 = SURFACE_STYLE_FILL_AREA ( #2117 ) ;
#1081 = CARTESIAN_POINT ( 'NONE',  ( -25.58945755559290092, -23.87844043421761597, 69.17537727027524852 ) ) ;
#1082 = AXIS2_PLACEMENT_3D ( 'NONE', #2389, #692, #1737 ) ;
#1083 = AXIS2_PLACEMENT_3D ( 'NONE', #3123, #6747, #2078 ) ;
#1084 = ORIENTED_EDGE ( 'NONE', *, *, #803, .T. ) ;
#1085 = DIRECTION ( 'NONE',  ( 0.2588190451025214611, -0.9659258262890682012, -0.000000000000000000 ) ) ;
#1086 = EDGE_CURVE ( 'NONE', #2618, #5806, #5922, .T. ) ;
#1087 = MECHANICAL_DESIGN_GEOMETRIC_PRESENTATION_REPRESENTATION (  '', ( #2429 ), #4047 ) ;
#1088 = DIRECTION ( 'NONE',  ( 1.000000000000000000, 0.000000000000000000, 0.000000000000000000 ) ) ;
#1089 =( LENGTH_UNIT ( ) NAMED_UNIT ( * ) SI_UNIT ( .MILLI., .METRE. ) );
#1090 = CARTESIAN_POINT ( 'NONE',  ( -10.26029480722242049, -33.46231238974505118, 55.41841486166934061 ) ) ;
#1091 = AXIS2_PLACEMENT_3D ( 'NONE', #4652, #1085, #469 ) ;
#1092 = EDGE_LOOP ( 'NONE', ( #7398, #6635, #4478 ) ) ;
#1093 = FACE_OUTER_BOUND ( 'NONE', #1008, .T. ) ;
#1094 = DIRECTION ( 'NONE',  ( -0.9659258262890692004, 0.2588190451025179084, -0.000000000000000000 ) ) ;
#1095 = PRESENTATION_LAYER_ASSIGNMENT (  '', '', ( #4179 ) ) ;
#1096 = FACE_OUTER_BOUND ( 'NONE', #3332, .T. ) ;
#1097 = FACE_OUTER_BOUND ( 'NONE', #2752, .T. ) ;
#1098 =( NAMED_UNIT ( * ) SI_UNIT ( $, .STERADIAN. ) SOLID_ANGLE_UNIT ( ) );
#1099 = SURFACE_STYLE_USAGE ( .BOTH. , #5223 ) ;
#1100 = VECTOR ( 'NONE', #4190, 1000.000000000000000 ) ;
#1101 = EDGE_CURVE ( 'NONE', #2994, #2580, #3678, .T. ) ;
#1102 = CARTESIAN_POINT ( 'NONE',  ( -10.77964482471933216, 9.697899641309026819, 0.000000000000000000 ) ) ;
#1103 = FACE_OUTER_BOUND ( 'NONE', #4832, .T. ) ;
#1104 = ORIENTED_EDGE ( 'NONE', *, *, #4071, .F. ) ;
#1105 = ORIENTED_EDGE ( 'NONE', *, *, #3619, .F. ) ;
#1106 = LINE ( 'NONE', #1715, #4248 ) ;
#1107 = ADVANCED_FACE ( 'NONE', ( #5286 ), #5693, .F. ) ;
#1108 = CARTESIAN_POINT ( 'NONE',  ( -26.84678751731795998, -15.49999999999937295, 73.00000000000000000 ) ) ;
#1109 = AXIS2_PLACEMENT_3D ( 'NONE', #3229, #2649, #5031 ) ;
#1110 = AXIS2_PLACEMENT_3D ( 'NONE', #3535, #4677, #5946 ) ;
#1111 = ORIENTED_EDGE ( 'NONE', *, *, #1167, .T. ) ;
#1112 = DIRECTION ( 'NONE',  ( -0.000000000000000000, 0.000000000000000000, 1.000000000000000000 ) ) ;
#1113 = CYLINDRICAL_SURFACE ( 'NONE', #7043, 1.249999999999997558 ) ;
#1114 = DIRECTION ( 'NONE',  ( -3.154042683594197586E-15, -1.000000000000000000, 0.000000000000000000 ) ) ;
#1115 = CIRCLE ( 'NONE', #5848, 1.500000000000001332 ) ;
#1116 = CARTESIAN_POINT ( 'NONE',  ( 7.845480241499600105, 34.10936000250134725, 55.66515748035297406 ) ) ;
#1117 =( GEOMETRIC_REPRESENTATION_CONTEXT ( 3 ) GLOBAL_UNCERTAINTY_ASSIGNED_CONTEXT ( ( #6105 ) ) GLOBAL_UNIT_ASSIGNED_CONTEXT ( ( #2010, #4997, #6305 ) ) REPRESENTATION_CONTEXT ( 'NONE', 'WORKASPACE' ) );
#1118 = CARTESIAN_POINT ( 'NONE',  ( -9.218922444420501350, -33.76445839378304470, 70.74986216034436382 ) ) ;
#1119 = AXIS2_PLACEMENT_3D ( 'NONE', #3068, #2023, #164 ) ;
#1120 = CONICAL_SURFACE ( 'NONE', #6217, 1.249999999999987788, 1.029744258676644986 ) ;
#1121 = ORIENTED_EDGE ( 'NONE', *, *, #282, .T. ) ;
#1122 = DIRECTION ( 'NONE',  ( 0.7071067811865405783, 0.7071067811865544561, 0.000000000000000000 ) ) ;
#1123 = EDGE_LOOP ( 'NONE', ( #1764, #5968, #897, #2986 ) ) ;
#1124 = EDGE_CURVE ( 'NONE', #872, #1899, #6310, .T. ) ;
#1125 = EDGE_CURVE ( 'NONE', #448, #6759, #5333, .T. ) ;
#1126 = CARTESIAN_POINT ( 'NONE',  ( 16.74999999999984013, -26.84678751731768998, 75.00000000000000000 ) ) ;
#1127 = MECHANICAL_DESIGN_GEOMETRIC_PRESENTATION_REPRESENTATION (  '', ( #5476 ), #4079 ) ;
#1128 = CONICAL_SURFACE ( 'NONE', #7341, 1.249999999999988232, 1.029744258676644764 ) ;
#1129 =( NAMED_UNIT ( * ) PLANE_ANGLE_UNIT ( ) SI_UNIT ( $, .RADIAN. ) );
#1130 = DIRECTION ( 'NONE',  ( -0.000000000000000000, -0.000000000000000000, 1.000000000000000000 ) ) ;
#1131 = DIRECTION ( 'NONE',  ( 1.000000000000000000, 0.000000000000000000, 0.000000000000000000 ) ) ;
#1132 = DIRECTION ( 'NONE',  ( -0.000000000000000000, -0.000000000000000000, 1.000000000000000000 ) ) ;
#1133 = CARTESIAN_POINT ( 'NONE',  ( 31.00000000000000000, -1.082359215041371340E-13, 67.50000000000000000 ) ) ;
#1134 = CYLINDRICAL_SURFACE ( 'NONE', #1370, 1.249999999999999334 ) ;
#1135 = CYLINDRICAL_SURFACE ( 'NONE', #728, 1.649999999999999023 ) ;
#1136 = VERTEX_POINT ( 'NONE', #3351 ) ;
#1137 = EDGE_CURVE ( 'NONE', #1960, #6651, #1581, .T. ) ;
#1138 = SURFACE_STYLE_FILL_AREA ( #4744 ) ;
#1139 = CARTESIAN_POINT ( 'NONE',  ( 0.000000000000000000, 0.000000000000000000, 72.50000000000000000 ) ) ;
#1140 =( GEOMETRIC_REPRESENTATION_CONTEXT ( 3 ) GLOBAL_UNCERTAINTY_ASSIGNED_CONTEXT ( ( #5142 ) ) GLOBAL_UNIT_ASSIGNED_CONTEXT ( ( #6760, #5046, #4461 ) ) REPRESENTATION_CONTEXT ( 'NONE', 'WORKASPACE' ) );
#1141 = DIRECTION ( 'NONE',  ( 1.000000000000000000, 0.000000000000000000, 0.000000000000000000 ) ) ;
#1142 = ADVANCED_FACE ( 'NONE', ( #7634 ), #509, .F. ) ;
#1143 = EDGE_LOOP ( 'NONE', ( #5884, #236, #915, #5849 ) ) ;
#1144 = CARTESIAN_POINT ( 'NONE',  ( 8.324931023180663914, -26.23943641657123749, 55.49999999999999289 ) ) ;
#1145 = CARTESIAN_POINT ( 'NONE',  ( -9.373345539945248106, 33.72185314637117415, 70.71781442879139945 ) ) ;
#1146 = ORIENTED_EDGE ( 'NONE', *, *, #2959, .T. ) ;
#1147 = CONICAL_SURFACE ( 'NONE', #1504, 1.249999999999988232, 1.029744258676644764 ) ;
#1148 = DIRECTION ( 'NONE',  ( 0.2419218955996635112, -0.9702957262759975832, 0.000000000000000000 ) ) ;
#1149 = ORIENTED_EDGE ( 'NONE', *, *, #5840, .T. ) ;
#1150 = DIRECTION ( 'NONE',  ( 0.8571673007021092250, 0.000000000000000000, 0.5150380749100592626 ) ) ;
#1151 = DIRECTION ( 'NONE',  ( 0.9659258262890654256, 0.2588190451025315642, -0.000000000000000000 ) ) ;
#1152 = EDGE_LOOP ( 'NONE', ( #4612, #401, #7463, #6288 ) ) ;
#1153 = DIRECTION ( 'NONE',  ( -0.000000000000000000, -0.000000000000000000, 1.000000000000000000 ) ) ;
#1154 = CARTESIAN_POINT ( 'NONE',  ( 25.61683214824471122, 23.84906519527877222, 69.66313326947209816 ) ) ;
#1155 = FACE_OUTER_BOUND ( 'NONE', #4676, .T. ) ;
#1156 = EDGE_CURVE ( 'NONE', #1478, #2618, #6528, .T. ) ;
#1157 = EDGE_CURVE ( 'NONE', #3455, #5688, #1809, .T. ) ;
#1158 = SURFACE_STYLE_FILL_AREA ( #4577 ) ;
#1159 = STYLED_ITEM ( 'NONE', ( #6367 ), #384 ) ;
#1160 = CARTESIAN_POINT ( 'NONE',  ( -25.63262081801238779, 23.86485386504594786, 55.49999999999999289 ) ) ;
#1161 = CARTESIAN_POINT ( 'NONE',  ( -33.46231238974301192, 10.26029480722908893, 69.49999999999936051 ) ) ;
#1162 = ORIENTED_EDGE ( 'NONE', *, *, #2786, .T. ) ;
#1163 = CARTESIAN_POINT ( 'NONE',  ( 25.59422788810054428, -23.87340371386039450, 69.82922580273995550 ) ) ;
#1164 = CARTESIAN_POINT ( 'NONE',  ( -34.10936000250274702, -7.845480241493596019, 69.49999999999936051 ) ) ;
#1165 = DIRECTION ( 'NONE',  ( 1.000000000000000000, 0.000000000000000000, 0.000000000000000000 ) ) ;
#1166 = FACE_BOUND ( 'NONE', #5618, .T. ) ;
#1167 = EDGE_CURVE ( 'NONE', #7537, #3915, #6671, .T. ) ;
#1168 = CARTESIAN_POINT ( 'NONE',  ( 0.000000000000000000, 31.00000000000000000, 73.00000000000000000 ) ) ;
#1169 = FILL_AREA_STYLE_COLOUR ( '', #1695 ) ;
#1170 = DIRECTION ( 'NONE',  ( -0.7071067811865558994, 0.7071067811865391350, 0.000000000000000000 ) ) ;
#1171 = FACE_BOUND ( 'NONE', #3762, .T. ) ;
#1172 = DIRECTION ( 'NONE',  ( 0.9702957262759965840, 0.2419218955996669806, 0.000000000000000000 ) ) ;
#1173 = DIRECTION ( 'NONE',  ( -1.000000000000000000, 0.000000000000000000, 0.000000000000000000 ) ) ;
#1174 = CARTESIAN_POINT ( 'NONE',  ( -1.249999999999997558, -31.00000000000000000, 67.50000000000000000 ) ) ;
#1175 = CARTESIAN_POINT ( 'NONE',  ( -18.56155300614678794, -20.32931995911334511, 69.49999999999998579 ) ) ;
#1176 = CARTESIAN_POINT ( 'NONE',  ( -10.10977836212967595, -33.50815216293580079, 56.12841670645250503 ) ) ;
#1177 = DIRECTION ( 'NONE',  ( 0.7071067811865516806, -0.7071067811865433539, 0.000000000000000000 ) ) ;
#1178 = ORIENTED_EDGE ( 'NONE', *, *, #5898, .T. ) ;
#1179 = EDGE_CURVE ( 'NONE', #4273, #6801, #4300, .T. ) ;
#1180 = ORIENTED_EDGE ( 'NONE', *, *, #5271, .T. ) ;
#1181 = CARTESIAN_POINT ( 'NONE',  ( -7.117523740319154690, -26.56296022294944237, 69.49999999999998579 ) ) ;
#1182 = UNCERTAINTY_MEASURE_WITH_UNIT (LENGTH_MEASURE( 1.000000000000000082E-05 ), #5705, 'distance_accuracy_value', 'NONE');
#1183 = CARTESIAN_POINT ( 'NONE',  ( 25.63262081801205028, 23.86485386504630668, 55.49999999999999289 ) ) ;
#1184 = FILL_AREA_STYLE_COLOUR ( '', #2092 ) ;
#1185 = ORIENTED_EDGE ( 'NONE', *, *, #4178, .F. ) ;
#1186 =( LENGTH_UNIT ( ) NAMED_UNIT ( * ) SI_UNIT ( .MILLI., .METRE. ) );
#1187 = CARTESIAN_POINT ( 'NONE',  ( 33.46231238974307587, -10.26029480722885445, 69.49999999999936051 ) ) ;
#1188 = CIRCLE ( 'NONE', #3529, 1.649999999999997913 ) ;
#1189 = FACE_OUTER_BOUND ( 'NONE', #5978, .T. ) ;
#1190 = MECHANICAL_DESIGN_GEOMETRIC_PRESENTATION_REPRESENTATION (  '', ( #184 ), #5544 ) ;
#1191 = ADVANCED_FACE ( 'NONE', ( #7233 ), #4925, .F. ) ;
#1192 = CARTESIAN_POINT ( 'NONE',  ( 24.29905735647527365, -25.19084476727083910, 70.59162368380859220 ) ) ;
#1193 = CARTESIAN_POINT ( 'NONE',  ( -8.931855198189998291, -11.42243243440582212, -12.34999999999999964 ) ) ;
#1194 = ORIENTED_EDGE ( 'NONE', *, *, #2158, .T. ) ;
#1195 = AXIS2_PLACEMENT_3D ( 'NONE', #4668, #2784, #7098 ) ;
#1196 = CIRCLE ( 'NONE', #3158, 1.249999999999987788 ) ;
#1197 = DIRECTION ( 'NONE',  ( -0.000000000000000000, -0.000000000000000000, -1.000000000000000000 ) ) ;
#1198 = EDGE_CURVE ( 'NONE', #4336, #566, #6923, .T. ) ;
#1199 = B_SPLINE_CURVE_WITH_KNOTS ( 'NONE', 3,
 ( #52, #4798, #1839, #6410, #1078, #1689, #2272, #6461, #1118, #3468, #7656, #2310, #4692, #3653, #1369, #3730, #4908, #1264, #2570, #2454 ),
 .UNSPECIFIED., .F., .F.,
 ( 4, 2, 2, 2, 2, 2, 2, 2, 2, 4 ),
 ( 0.003908381719904439715, 0.004396818631769985539, 0.004885255543635531363, 0.005373692455501077186, 0.005862129367366623010, 0.006350566279232168834, 0.006594784735164929169, 0.006839003191097689505, 0.007327440102963180685, 0.007815877014828671865 ),
 .UNSPECIFIED. ) ;
#1200 = AXIS2_PLACEMENT_3D ( 'NONE', #4916, #3256, #2572 ) ;
#1201 = CARTESIAN_POINT ( 'NONE',  ( 34.75000000000000711, 4.255647627037053498E-15, 75.00000000000000000 ) ) ;
#1202 = AXIS2_PLACEMENT_3D ( 'NONE', #819, #1470, #781 ) ;
#1203 = VECTOR ( 'NONE', #3431, 1000.000000000000000 ) ;
#1204 = CARTESIAN_POINT ( 'NONE',  ( -6.923131025748628709, -25.83747673555098601, 69.49999999999998579 ) ) ;
#1205 = EDGE_LOOP ( 'NONE', ( #7083, #5604, #5546, #884 ) ) ;
#1206 = CARTESIAN_POINT ( 'NONE',  ( 34.10936000250269018, 7.845480241493834050, 55.49999999999934630 ) ) ;
#1207 = B_SPLINE_CURVE_WITH_KNOTS ( 'NONE', 3,
 ( #4127, #19, #3919, #2598, #5655, #3177, #1438, #395, #2668, #7438, #2707, #5099, #6767, #3242, #3960, #306, #4972, #4508, #7481, #6932 ),
 .UNSPECIFIED., .F., .F.,
 ( 4, 2, 2, 2, 2, 2, 2, 2, 2, 4 ),
 ( 0.000000000000000000, 0.0004885477149880556149, 0.0009770954299761112297, 0.001465643144964166953, 0.001954190859952222459, 0.002442738574940277966, 0.002931286289928333906, 0.003419834004916389412, 0.003664107862410406757, 0.003908381719904424102 ),
 .UNSPECIFIED. ) ;
#1208 = AXIS2_PLACEMENT_3D ( 'NONE', #1856, #7166, #6149 ) ;
#1209 = PRESENTATION_STYLE_ASSIGNMENT (( #1633 ) ) ;
#1210 = DIRECTION ( 'NONE',  ( 0.7071067811865405783, 0.7071067811865544561, 0.000000000000000000 ) ) ;
#1211 = AXIS2_PLACEMENT_3D ( 'NONE', #1952, #172, #1408 ) ;
#1212 = CARTESIAN_POINT ( 'NONE',  ( -16.75000000000022027, -26.84678751731747326, 73.00000000000000000 ) ) ;
#1213 = DIRECTION ( 'NONE',  ( -0.000000000000000000, -0.000000000000000000, 1.000000000000000000 ) ) ;
#1214 = CONICAL_SURFACE ( 'NONE', #5566, 1.249999999999997558, 1.029744258676649205 ) ;
#1215 = DIRECTION ( 'NONE',  ( 1.000000000000000000, 0.000000000000000000, 0.000000000000000000 ) ) ;
#1216 = SURFACE_STYLE_FILL_AREA ( #3100 ) ;
#1217 = CARTESIAN_POINT ( 'NONE',  ( 20.32931995911301470, 18.56155300614713966, 55.49999999999999289 ) ) ;
#1218 = ORIENTED_EDGE ( 'NONE', *, *, #5860, .T. ) ;
#1219 = DIRECTION ( 'NONE',  ( -0.000000000000000000, -0.000000000000000000, 1.000000000000000000 ) ) ;
#1220 = ORIENTED_EDGE ( 'NONE', *, *, #4900, .F. ) ;
#1221 = ADVANCED_FACE ( 'NONE', ( #27 ), #1297, .F. ) ;
#1222 = VECTOR ( 'NONE', #4366, 1000.000000000000114 ) ;
#1223 = ORIENTED_EDGE ( 'NONE', *, *, #5068, .F. ) ;
#1224 = FACE_OUTER_BOUND ( 'NONE', #4684, .T. ) ;
#1225 = LINE ( 'NONE', #2302, #4713 ) ;
#1226 = ORIENTED_EDGE ( 'NONE', *, *, #759, .T. ) ;
#1227 = ADVANCED_FACE ( 'NONE', ( #6114 ), #5517, .F. ) ;
#1228 = CARTESIAN_POINT ( 'NONE',  ( -10.26029480722896992, -33.46231238974304745, 69.49999999999936051 ) ) ;
#1229 = CARTESIAN_POINT ( 'NONE',  ( 33.99831077896611475, -8.314335647359506254, 68.50065340017647486 ) ) ;
#1230 = ORIENTED_EDGE ( 'NONE', *, *, #3379, .F. ) ;
#1231 = VECTOR ( 'NONE', #1293, 1000.000000000000000 ) ;
#1232 = DIRECTION ( 'NONE',  ( -0.000000000000000000, -0.000000000000000000, -1.000000000000000000 ) ) ;
#1233 = CIRCLE ( 'NONE', #106, 4.500000000000000888 ) ;
#1234 = CARTESIAN_POINT ( 'NONE',  ( 25.18700143793118684, -24.30266594666716884, 70.58541951627360334 ) ) ;
#1235 = ORIENTED_EDGE ( 'NONE', *, *, #1124, .F. ) ;
#1236 = DIRECTION ( 'NONE',  ( 0.000000000000000000, 0.000000000000000000, -1.000000000000000000 ) ) ;
#1237 = B_SPLINE_CURVE_WITH_KNOTS ( 'NONE', 3,
 ( #5819, #7139, #3489, #2291, #7645, #606, #3527, #5352, #6582, #7104, #1145, #2909, #5306, #4152, #7683, #5902, #5939, #562, #526, #4191 ),
 .UNSPECIFIED., .F., .F.,
 ( 4, 2, 2, 2, 2, 2, 2, 2, 2, 4 ),
 ( 0.003908381719904444919, 0.004396818631769990743, 0.004885255543635537434, 0.005373692455501083258, 0.005862129367366629082, 0.006350566279232175773, 0.006594784735164938710, 0.006839003191097701648, 0.007327440102963192828, 0.007815877014828685743 ),
 .UNSPECIFIED. ) ;
#1238 = EDGE_CURVE ( 'NONE', #5982, #5507, #5172, .T. ) ;
#1239 = SURFACE_STYLE_FILL_AREA ( #627 ) ;
#1240 = DIRECTION ( 'NONE',  ( -0.2588190451025144112, -0.9659258262890700886, -0.000000000000000000 ) ) ;
#1241 = AXIS2_PLACEMENT_3D ( 'NONE', #4931, #7324, #1392 ) ;
#1242 = DIRECTION ( 'NONE',  ( -1.000000000000000000, 0.000000000000000000, -0.000000000000000000 ) ) ;
#1243 = FACE_BOUND ( 'NONE', #7453, .T. ) ;
#1244 = EDGE_CURVE ( 'NONE', #5231, #5642, #1810, .T. ) ;
#1245 = CARTESIAN_POINT ( 'NONE',  ( -33.76500713912572138, -9.216912419923202648, 70.75013697141073976 ) ) ;
#1246 =( GEOMETRIC_REPRESENTATION_CONTEXT ( 3 ) GLOBAL_UNCERTAINTY_ASSIGNED_CONTEXT ( ( #251 ) ) GLOBAL_UNIT_ASSIGNED_CONTEXT ( ( #6043, #1282, #1312 ) ) REPRESENTATION_CONTEXT ( 'NONE', 'WORKASPACE' ) );
#1247 = CARTESIAN_POINT ( 'NONE',  ( -4.500000000000000000, 5.510910596163088569E-16, 76.00000000000000000 ) ) ;
#1248 = FILL_AREA_STYLE ('',( #1895 ) ) ;
#1249 = CARTESIAN_POINT ( 'NONE',  ( -16.74999999999965539, 26.84678751731779656, 75.00000000000000000 ) ) ;
#1250 = CARTESIAN_POINT ( 'NONE',  ( -5.910116457458018502, 26.88648402932753356, 69.49999999999998579 ) ) ;
#1251 = ORIENTED_EDGE ( 'NONE', *, *, #6871, .F. ) ;
#1252 = VERTEX_POINT ( 'NONE', #3593 ) ;
#1253 = CARTESIAN_POINT ( 'NONE',  ( 23.84906519527868340, -25.61683214824479649, 55.66313326947209816 ) ) ;
#1254 = AXIS2_PLACEMENT_3D ( 'NONE', #2621, #3268, #2694 ) ;
#1255 = DIRECTION ( 'NONE',  ( -0.7071067811865558994, 0.7071067811865391350, 0.000000000000000000 ) ) ;
#1256 = UNCERTAINTY_MEASURE_WITH_UNIT (LENGTH_MEASURE( 1.000000000000000082E-05 ), #1089, 'distance_accuracy_value', 'NONE');
#1257 = AXIS2_PLACEMENT_3D ( 'NONE', #1962, #5643, #2004 ) ;
#1258 = ADVANCED_FACE ( 'NONE', ( #6000 ), #664, .F. ) ;
#1259 = EDGE_CURVE ( 'NONE', #6488, #6840, #197, .T. ) ;
#1260 =( NAMED_UNIT ( * ) PLANE_ANGLE_UNIT ( ) SI_UNIT ( $, .RADIAN. ) );
#1261 = VERTEX_POINT ( 'NONE', #1500 ) ;
#1262 = CARTESIAN_POINT ( 'NONE',  ( 23.84906519527823932, 25.61683214824520149, 69.49999999999998579 ) ) ;
#1263 = DIRECTION ( 'NONE',  ( 1.000000000000000000, 0.000000000000000000, 0.000000000000000000 ) ) ;
#1264 = CARTESIAN_POINT ( 'NONE',  ( -7.877860146954679621, -34.10195339827338046, 69.82922580273994129 ) ) ;
#1265 = UNCERTAINTY_MEASURE_WITH_UNIT (LENGTH_MEASURE( 1.000000000000000082E-05 ), #2935, 'distance_accuracy_value', 'NONE');
#1266 = ADVANCED_FACE ( 'NONE', ( #5596 ), #1439, .F. ) ;
#1267 = ORIENTED_EDGE ( 'NONE', *, *, #3868, .F. ) ;
#1268 = SURFACE_SIDE_STYLE ('',( #4807 ) ) ;
#1269 = EDGE_CURVE ( 'NONE', #4358, #3180, #460, .T. ) ;
#1270 = AXIS2_PLACEMENT_3D ( 'NONE', #5896, #2904, #4708 ) ;
#1271 = LINE ( 'NONE', #7158, #7210 ) ;
#1272 = EDGE_LOOP ( 'NONE', ( #4188, #2182 ) ) ;
#1273 = CARTESIAN_POINT ( 'NONE',  ( -26.88648402932755488, 5.910116457457923467, 55.49999999999999289 ) ) ;
#1274 = ORIENTED_EDGE ( 'NONE', *, *, #7101, .F. ) ;
#1275 = CARTESIAN_POINT ( 'NONE',  ( -6.505213034913026604E-13, -31.00000000000000000, 73.00000000000000000 ) ) ;
#1276 = VERTEX_POINT ( 'NONE', #6218 ) ;
#1277 = VECTOR ( 'NONE', #6401, 1000.000000000000000 ) ;
#1278 = CARTESIAN_POINT ( 'NONE',  ( 32.65000000000000568, -5.429684479807406206E-13, 73.00000000000000000 ) ) ;
#1279 = DIRECTION ( 'NONE',  ( 0.9659258262890676461, 0.2588190451025230709, 0.000000000000000000 ) ) ;
#1280 = DIRECTION ( 'NONE',  ( 1.000000000000000000, 0.000000000000000000, 0.000000000000000000 ) ) ;
#1281 = DIRECTION ( 'NONE',  ( -0.7071067811865487940, 0.7071067811865462405, -0.000000000000000000 ) ) ;
#1282 =( NAMED_UNIT ( * ) PLANE_ANGLE_UNIT ( ) SI_UNIT ( $, .RADIAN. ) );
#1283 = EDGE_CURVE ( 'NONE', #6262, #5355, #7416, .T. ) ;
#1284 = DIRECTION ( 'NONE',  ( 0.8571673007021095581, 0.000000000000000000, 0.5150380749100587074 ) ) ;
#1285 = VERTEX_POINT ( 'NONE', #6140 ) ;
#1286 = EDGE_LOOP ( 'NONE', ( #5919, #1934 ) ) ;
#1287 = CARTESIAN_POINT ( 'NONE',  ( 25.32562274223518983, -24.15814908914688530, 56.44215622177352998 ) ) ;
#1288 = CARTESIAN_POINT ( 'NONE',  ( -34.93694319770979462, 2.099999999999996980, 66.19999999999998863 ) ) ;
#1289 = CARTESIAN_POINT ( 'NONE',  ( 8.901579399977523011, -33.84949744289199458, 54.24994211835183933 ) ) ;
#1290 = ORIENTED_EDGE ( 'NONE', *, *, #3247, .F. ) ;
#1291 = CARTESIAN_POINT ( 'NONE',  ( -33.63902334235809377, 9.666382833009407705, 56.59162368380860642 ) ) ;
#1292 = DIRECTION ( 'NONE',  ( -0.7071067811865558994, 0.7071067811865391350, 0.000000000000000000 ) ) ;
#1293 = DIRECTION ( 'NONE',  ( 0.6946583704589944785, -0.7193398003386538564, 0.000000000000000000 ) ) ;
#1294 = DIRECTION ( 'NONE',  ( -1.000000000000000000, 0.000000000000000000, 0.000000000000000000 ) ) ;
#1295 = CARTESIAN_POINT ( 'NONE',  ( -19.44543648263010382, 19.44543648263003277, 69.49999999999998579 ) ) ;
#1296 = PRESENTATION_STYLE_ASSIGNMENT (( #4394 ) ) ;
#1297 = CYLINDRICAL_SURFACE ( 'NONE', #4795, 1.249999999999997558 ) ;
#1298 = AXIS2_PLACEMENT_3D ( 'NONE', #4613, #6408, #6984 ) ;
#1299 = AXIS2_PLACEMENT_3D ( 'NONE', #2409, #2562, #3140 ) ;
#1300 = AXIS2_PLACEMENT_3D ( 'NONE', #5456, #747, #1926 ) ;
#1301 = CARTESIAN_POINT ( 'NONE',  ( -33.63940933168322545, 9.665042753928325681, 68.40755231783180079 ) ) ;
#1302 = VECTOR ( 'NONE', #3814, 1000.000000000000000 ) ;
#1303 = EDGE_LOOP ( 'NONE', ( #1220, #3190, #6750, #7328 ) ) ;
#1304 = FACE_BOUND ( 'NONE', #3716, .T. ) ;
#1305 = CARTESIAN_POINT ( 'NONE',  ( 33.47208803505510843, 10.22854968441308721, 55.82922580273995550 ) ) ;
#1306 = ORIENTED_EDGE ( 'NONE', *, *, #2281, .T. ) ;
#1307 = CARTESIAN_POINT ( 'NONE',  ( 34.10936000250134015, -7.845480241499721785, 55.49999999999999289 ) ) ;
#1308 = CARTESIAN_POINT ( 'NONE',  ( -33.46231238974492328, -10.26029480722284326, 69.66515748035298827 ) ) ;
#1309 = AXIS2_PLACEMENT_3D ( 'NONE', #6234, #6644, #4415 ) ;
#1310 =( NAMED_UNIT ( * ) PLANE_ANGLE_UNIT ( ) SI_UNIT ( $, .RADIAN. ) );
#1311 = FACE_OUTER_BOUND ( 'NONE', #1826, .T. ) ;
#1312 =( NAMED_UNIT ( * ) SI_UNIT ( $, .STERADIAN. ) SOLID_ANGLE_UNIT ( ) );
#1313 =( NAMED_UNIT ( * ) PLANE_ANGLE_UNIT ( ) SI_UNIT ( $, .RADIAN. ) );
#1314 = FACE_OUTER_BOUND ( 'NONE', #5118, .T. ) ;
#1315 = ORIENTED_EDGE ( 'NONE', *, *, #547, .T. ) ;
#1316 = CARTESIAN_POINT ( 'NONE',  ( 18.56155300614707215, -20.32931995911308221, 55.49999999999999289 ) ) ;
#1317 = VERTEX_POINT ( 'NONE', #1953 ) ;
#1318 = CIRCLE ( 'NONE', #1211, 4.500000000000000888 ) ;
#1319 = DIRECTION ( 'NONE',  ( -0.000000000000000000, -0.000000000000000000, 1.000000000000000000 ) ) ;
#1320 = CARTESIAN_POINT ( 'NONE',  ( -10.26029480722272780, 33.46231238974495881, 55.49999999999999289 ) ) ;
#1321 = EDGE_CURVE ( 'NONE', #800, #4125, #3409, .T. ) ;
#1322 = AXIS2_PLACEMENT_3D ( 'NONE', #394, #3283, #863 ) ;
#1323 = CARTESIAN_POINT ( 'NONE',  ( 28.49678751731785908, 15.49999999999956835, 75.00000000000000000 ) ) ;
#1324 = COLOUR_RGB ( '',1.000000000000000000, 1.000000000000000000, 1.000000000000000000 ) ;
#1325 = SURFACE_STYLE_FILL_AREA ( #6203 ) ;
#1326 = VERTEX_POINT ( 'NONE', #6708 ) ;
#1327 = DIRECTION ( 'NONE',  ( 0.7071067811865388020, 0.7071067811865563435, -0.000000000000000000 ) ) ;
#1328 = AXIS2_PLACEMENT_3D ( 'NONE', #5657, #7336, #941 ) ;
#1329 = CARTESIAN_POINT ( 'NONE',  ( -15.50000000000022204, -26.84678751731747326, 66.74892422621554999 ) ) ;
#1330 = UNCERTAINTY_MEASURE_WITH_UNIT (LENGTH_MEASURE( 1.000000000000000082E-05 ), #2401, 'distance_accuracy_value', 'NONE');
#1331 = DIRECTION ( 'NONE',  ( -0.000000000000000000, -0.000000000000000000, -1.000000000000000000 ) ) ;
#1332 =( LENGTH_UNIT ( ) NAMED_UNIT ( * ) SI_UNIT ( .MILLI., .METRE. ) );
#1333 = ADVANCED_FACE ( 'NONE', ( #3737 ), #2181, .F. ) ;
#1334 = DIRECTION ( 'NONE',  ( -0.000000000000000000, -0.000000000000000000, 1.000000000000000000 ) ) ;
#1335 = AXIS2_PLACEMENT_3D ( 'NONE', #6116, #7422, #4955 ) ;
#1336 = AXIS2_PLACEMENT_3D ( 'NONE', #2697, #6831, #854 ) ;
#1337 = EDGE_CURVE ( 'NONE', #825, #5029, #5327, .T. ) ;
#1338 = CARTESIAN_POINT ( 'NONE',  ( 20.32931995911301470, 18.56155300614713966, 69.49999999999998579 ) ) ;
#1339 = CARTESIAN_POINT ( 'NONE',  ( -26.84678751731795998, -15.49999999999937295, 73.00000000000000000 ) ) ;
#1340 = EDGE_CURVE ( 'NONE', #2557, #4705, #4550, .T. ) ;
#1341 = ORIENTED_EDGE ( 'NONE', *, *, #2325, .T. ) ;
#1342 = EDGE_LOOP ( 'NONE', ( #1794, #6083, #7487, #118 ) ) ;
#1343 = FACE_OUTER_BOUND ( 'NONE', #5956, .T. ) ;
#1344 = CARTESIAN_POINT ( 'NONE',  ( 33.63940933168328939, -9.665042753928075214, 54.40755231783176527 ) ) ;
#1345 = AXIS2_PLACEMENT_3D ( 'NONE', #4512, #7521, #5139 ) ;
#1346 = MECHANICAL_DESIGN_GEOMETRIC_PRESENTATION_REPRESENTATION (  '', ( #4324 ), #6581 ) ;
#1347 = SURFACE_STYLE_USAGE ( .BOTH. , #2548 ) ;
#1348 = PRESENTATION_STYLE_ASSIGNMENT (( #151 ) ) ;
#1349 = COLOUR_RGB ( '',1.000000000000000000, 1.000000000000000000, 1.000000000000000000 ) ;
#1350 = CARTESIAN_POINT ( 'NONE',  ( 1.249999999999997558, 31.00000000000000000, 67.50000000000000000 ) ) ;
#1351 = EDGE_CURVE ( 'NONE', #1326, #219, #5671, .T. ) ;
#1352 = CIRCLE ( 'NONE', #3705, 1.249999999999999334 ) ;
#1353 =( NAMED_UNIT ( * ) PLANE_ANGLE_UNIT ( ) SI_UNIT ( $, .RADIAN. ) );
#1354 = VERTEX_POINT ( 'NONE', #4441 ) ;
#1355 = DIRECTION ( 'NONE',  ( -0.7071067811865558994, 0.7071067811865391350, 0.000000000000000000 ) ) ;
#1356 = EDGE_LOOP ( 'NONE', ( #4132, #6020, #894, #5307 ) ) ;
#1357 = FACE_OUTER_BOUND ( 'NONE', #5741, .T. ) ;
#1358 = DIRECTION ( 'NONE',  ( -0.000000000000000000, -0.000000000000000000, -1.000000000000000000 ) ) ;
#1359 = AXIS2_PLACEMENT_3D ( 'NONE', #4623, #2203, #1658 ) ;
#1360 = STYLED_ITEM ( 'NONE', ( #3133 ), #6703 ) ;
#1361 = CARTESIAN_POINT ( 'NONE',  ( -25.32562274223501930, 24.15814908914705228, 70.44215622177352998 ) ) ;
#1362 = EDGE_CURVE ( 'NONE', #6027, #3314, #324, .T. ) ;
#1363 = DIRECTION ( 'NONE',  ( 1.000000000000000000, 0.000000000000000000, 0.000000000000000000 ) ) ;
#1364 =( NAMED_UNIT ( * ) PLANE_ANGLE_UNIT ( ) SI_UNIT ( $, .RADIAN. ) );
#1365 = ORIENTED_EDGE ( 'NONE', *, *, #2552, .F. ) ;
#1366 = PRESENTATION_LAYER_ASSIGNMENT (  '', '', ( #521 ) ) ;
#1367 = CARTESIAN_POINT ( 'NONE',  ( -33.89065425741828363, 8.743371217143362628, 56.71781442879141366 ) ) ;
#1368 = DIRECTION ( 'NONE',  ( 1.000000000000000000, 0.000000000000000000, 0.000000000000000000 ) ) ;
#1369 = CARTESIAN_POINT ( 'NONE',  ( -8.258759448495576194, -34.01170720601001562, 70.44215622177351577 ) ) ;
#1370 = AXIS2_PLACEMENT_3D ( 'NONE', #7092, #2746, #3481 ) ;
#1371 = ORIENTED_EDGE ( 'NONE', *, *, #3533, .T. ) ;
#1372 = CARTESIAN_POINT ( 'NONE',  ( 0.000000000000000000, 0.000000000000000000, 0.000000000000000000 ) ) ;
#1373 = VERTEX_POINT ( 'NONE', #4486 ) ;
#1374 = EDGE_CURVE ( 'NONE', #6601, #6117, #1409, .T. ) ;
#1375 = CARTESIAN_POINT ( 'NONE',  ( 9.218922444420263318, 33.76445839378311575, 70.74986216034434960 ) ) ;
#1376 = DIRECTION ( 'NONE',  ( -0.7071067811865489050, 0.7071067811865462405, -0.000000000000000000 ) ) ;
#1377 = EDGE_CURVE ( 'NONE', #145, #7011, #4409, .T. ) ;
#1378 = COLOUR_RGB ( '',1.000000000000000000, 1.000000000000000000, 1.000000000000000000 ) ;
#1379 = DIRECTION ( 'NONE',  ( -0.2588190451025315642, 0.9659258262890653146, 0.000000000000000000 ) ) ;
#1380 = CARTESIAN_POINT ( 'NONE',  ( -33.96503105473748718, 8.449810642010735506, 54.40752953715788465 ) ) ;
#1381 = ORIENTED_EDGE ( 'NONE', *, *, #5383, .F. ) ;
#1382 = ORIENTED_EDGE ( 'NONE', *, *, #1830, .F. ) ;
#1383 = CARTESIAN_POINT ( 'NONE',  ( -24.20472442494902054, -25.28113781185330566, 70.49490063177621835 ) ) ;
#1384 = SURFACE_STYLE_FILL_AREA ( #7464 ) ;
#1385 = EDGE_LOOP ( 'NONE', ( #6371, #7575, #1842, #6689 ) ) ;
#1386 = CARTESIAN_POINT ( 'NONE',  ( -25.50885884114110524, 23.96460021427149201, 68.86992887182175593 ) ) ;
#1387 = CARTESIAN_POINT ( 'NONE',  ( -9.779644824719333940, 9.697899641309026819, -12.34999999999999964 ) ) ;
#1388 = CARTESIAN_POINT ( 'NONE',  ( -33.99646979411480885, 8.321337337680963842, 70.49490063177623256 ) ) ;
#1389 = AXIS2_PLACEMENT_3D ( 'NONE', #1905, #3112, #6022 ) ;
#1390 = DIRECTION ( 'NONE',  ( -0.9659258262890673130, -0.2588190451025248473, -0.000000000000000000 ) ) ;
#1391 = PRESENTATION_STYLE_ASSIGNMENT (( #3792 ) ) ;
#1392 = DIRECTION ( 'NONE',  ( 0.2588190451025122463, 0.9659258262890706437, 0.000000000000000000 ) ) ;
#1393 = AXIS2_PLACEMENT_3D ( 'NONE', #4119, #1219, #1759 ) ;
#1394 = CARTESIAN_POINT ( 'NONE',  ( 0.000000000000000000, 0.000000000000000000, 75.00000000000000000 ) ) ;
#1395 = DIRECTION ( 'NONE',  ( -1.000000000000000000, 0.000000000000000000, 0.000000000000000000 ) ) ;
#1396 = ORIENTED_EDGE ( 'NONE', *, *, #6669, .T. ) ;
#1397 = CARTESIAN_POINT ( 'NONE',  ( 33.47208803505510843, 10.22854968441308543, 69.82922580273995550 ) ) ;
#1398 = LINE ( 'NONE', #3759, #7658 ) ;
#1399 = DIRECTION ( 'NONE',  ( -0.000000000000000000, -0.000000000000000000, 1.000000000000000000 ) ) ;
#1400 = CARTESIAN_POINT ( 'NONE',  ( -28.49678751731795856, -15.49999999999937295, 73.00000000000000000 ) ) ;
#1401 = ORIENTED_EDGE ( 'NONE', *, *, #7690, .T. ) ;
#1402 = DIRECTION ( 'NONE',  ( 0.7071067811865536790, -0.7071067811865412445, -0.000000000000000000 ) ) ;
#1403 = ORIENTED_EDGE ( 'NONE', *, *, #1731, .F. ) ;
#1404 = CARTESIAN_POINT ( 'NONE',  ( 8.089997138022427592, 34.05238992180880331, 68.73126142467575050 ) ) ;
#1405 = UNCERTAINTY_MEASURE_WITH_UNIT (LENGTH_MEASURE( 1.000000000000000082E-05 ), #4020, 'distance_accuracy_value', 'NONE');
#1406 = LINE ( 'NONE', #3189, #1302 ) ;
#1407 = FILL_AREA_STYLE_COLOUR ( '', #6164 ) ;
#1408 = DIRECTION ( 'NONE',  ( -1.000000000000000000, 0.000000000000000000, 0.000000000000000000 ) ) ;
#1409 = LINE ( 'NONE', #3897, #71 ) ;
#1410 = EDGE_CURVE ( 'NONE', #4582, #2681, #2567, .T. ) ;
#1411 = CARTESIAN_POINT ( 'NONE',  ( -33.48097225825539880, 10.19928830482903237, 55.09744532331460931 ) ) ;
#1412 = B_SPLINE_CURVE_WITH_KNOTS ( 'NONE', 3,
 ( #4032, #5861, #5224, #6323, #7644, #2757, #5901, #6886, #5138, #436, #983, #3401, #6935, #2174, #2788, #4559, #7612, #487, #7520, #3328 ),
 .UNSPECIFIED., .F., .F.,
 ( 4, 2, 2, 2, 2, 2, 2, 2, 2, 4 ),
 ( 0.000000000000000000, 0.0004885477149880505191, 0.0009770954299761010382, 0.001465643144964151557, 0.001954190859952202076, 0.002442738574940252379, 0.002931286289928303115, 0.003419834004916353851, 0.003664107862410388543, 0.003908381719904423235 ),
 .UNSPECIFIED. ) ;
#1413 =( NAMED_UNIT ( * ) PLANE_ANGLE_UNIT ( ) SI_UNIT ( $, .RADIAN. ) );
#1414 = DIRECTION ( 'NONE',  ( -0.9659258262890676461, -0.2588190451025230709, 0.000000000000000000 ) ) ;
#1415 = ORIENTED_EDGE ( 'NONE', *, *, #1362, .F. ) ;
#1416 =( NAMED_UNIT ( * ) SI_UNIT ( $, .STERADIAN. ) SOLID_ANGLE_UNIT ( ) );
#1417 = EDGE_LOOP ( 'NONE', ( #3137, #1527, #64, #6482 ) ) ;
#1418 = AXIS2_PLACEMENT_3D ( 'NONE', #2648, #847, #2615 ) ;
#1419 = VECTOR ( 'NONE', #169, 1000.000000000000000 ) ;
#1420 = CARTESIAN_POINT ( 'NONE',  ( -26.84678751731741997, 15.50000000000031442, 75.00000000000000000 ) ) ;
#1421 = EDGE_CURVE ( 'NONE', #4608, #413, #4395, .T. ) ;
#1422 =( NAMED_UNIT ( * ) SI_UNIT ( $, .STERADIAN. ) SOLID_ANGLE_UNIT ( ) );
#1423 = CARTESIAN_POINT ( 'NONE',  ( -15.50000000000022027, -26.84678751731747326, 73.00000000000000000 ) ) ;
#1424 = ORIENTED_EDGE ( 'NONE', *, *, #4938, .F. ) ;
#1425 = AXIS2_PLACEMENT_3D ( 'NONE', #7655, #2307, #4759 ) ;
#1426 = CARTESIAN_POINT ( 'NONE',  ( -24.30026620051807740, -25.18967441272472030, 54.40752953715788465 ) ) ;
#1427 = VECTOR ( 'NONE', #4136, 1000.000000000000000 ) ;
#1428 = DIRECTION ( 'NONE',  ( -0.8571673007021095581, 1.049727191138615244E-16, 0.5150380749100587074 ) ) ;
#1429 = MECHANICAL_DESIGN_GEOMETRIC_PRESENTATION_REPRESENTATION (  '', ( #4667 ), #6290 ) ;
#1430 = DIRECTION ( 'NONE',  ( 1.000000000000000000, 0.000000000000000000, 0.000000000000000000 ) ) ;
#1431 = DIRECTION ( 'NONE',  ( 1.000000000000000000, 0.000000000000000000, 0.000000000000000000 ) ) ;
#1432 = DIRECTION ( 'NONE',  ( 0.5000000000000099920, 0.8660254037844328234, 0.000000000000000000 ) ) ;
#1433 = ORIENTED_EDGE ( 'NONE', *, *, #4407, .T. ) ;
#1434 = CARTESIAN_POINT ( 'NONE',  ( -33.99854031952578737, -8.313394368368125953, 56.49858126598909536 ) ) ;
#1435 = DIRECTION ( 'NONE',  ( 0.000000000000000000, 0.000000000000000000, 1.000000000000000000 ) ) ;
#1436 = MECHANICAL_DESIGN_GEOMETRIC_PRESENTATION_REPRESENTATION (  '', ( #6906 ), #2056 ) ;
#1437 = AXIS2_PLACEMENT_3D ( 'NONE', #5936, #711, #601 ) ;
#1438 = CARTESIAN_POINT ( 'NONE',  ( -33.63948505473538830, -9.664764854219395573, 54.40752953715789886 ) ) ;
#1439 = CONICAL_SURFACE ( 'NONE', #5958, 1.249999999999997558, 1.029744258676648538 ) ;
#1440 = FACE_OUTER_BOUND ( 'NONE', #7237, .T. ) ;
#1441 = AXIS2_PLACEMENT_3D ( 'NONE', #54, #7123, #1806 ) ;
#1442 = VECTOR ( 'NONE', #6954, 1000.000000000000000 ) ;
#1443 = CYLINDRICAL_SURFACE ( 'NONE', #6095, 1.249999999999986455 ) ;
#1444 = VERTEX_POINT ( 'NONE', #1040 ) ;
#1445 = ADVANCED_FACE ( 'NONE', ( #2271 ), #4615, .F. ) ;
#1446 = SURFACE_STYLE_USAGE ( .BOTH. , #400 ) ;
#1447 = EDGE_LOOP ( 'NONE', ( #5078, #1774, #5413 ) ) ;
#1448 = AXIS2_PLACEMENT_3D ( 'NONE', #1075, #5113, #369 ) ;
#1449 = SURFACE_STYLE_FILL_AREA ( #3333 ) ;
#1450 = AXIS2_PLACEMENT_3D ( 'NONE', #3662, #5372, #4286 ) ;
#1451 = EDGE_LOOP ( 'NONE', ( #912, #2614 ) ) ;
#1452 = CARTESIAN_POINT ( 'NONE',  ( 25.61125982000444878, 23.85505451664690924, 69.33555798072747223 ) ) ;
#1453 = CARTESIAN_POINT ( 'NONE',  ( 25.59678751731763668, 15.49999999999993783, 75.00000000000000000 ) ) ;
#1454 = TOROIDAL_SURFACE ( 'NONE', #6446, 6.000000000000001776, 1.500000000000000000 ) ;
#1455 = EDGE_CURVE ( 'NONE', #2109, #7151, #3277, .T. ) ;
#1456 = MECHANICAL_DESIGN_GEOMETRIC_PRESENTATION_REPRESENTATION (  '', ( #843 ), #1829 ) ;
#1457 = VECTOR ( 'NONE', #6543, 1000.000000000000000 ) ;
#1458 = LINE ( 'NONE', #3859, #3206 ) ;
#1459 = ADVANCED_FACE ( 'NONE', ( #5879 ), #7538, .F. ) ;
#1460 = FACE_OUTER_BOUND ( 'NONE', #946, .T. ) ;
#1461 = CARTESIAN_POINT ( 'NONE',  ( -33.53485719109453100, 10.02132654886049501, 68.73257693896664478 ) ) ;
#1462 = VERTEX_POINT ( 'NONE', #1288 ) ;
#1463 = DIRECTION ( 'NONE',  ( 0.9659258262890654256, 0.2588190451025315642, -0.000000000000000000 ) ) ;
#1464 = EDGE_LOOP ( 'NONE', ( #2294, #2202, #1226, #1849, #7274, #4522 ) ) ;
#1465 = EDGE_CURVE ( 'NONE', #2103, #1276, #5038, .T. ) ;
#1466 = CARTESIAN_POINT ( 'NONE',  ( -24.03137496534085926, 25.44615196647992761, 68.73257693896664478 ) ) ;
#1467 = CARTESIAN_POINT ( 'NONE',  ( 34.10936000250269018, 7.845480241493834050, 55.49999999999934630 ) ) ;
#1468 = CONICAL_SURFACE ( 'NONE', #4059, 1.249999999999987566, 1.029744258676642321 ) ;
#1469 = B_SPLINE_CURVE_WITH_KNOTS ( 'NONE', 3,
 ( #6585, #1253, #7214, #5426, #4896, #6614, #4865, #3611, #4347, #3175, #7289, #6016, #3686, #79, #1287, #4268, #3642, #6048, #719, #6652 ),
 .UNSPECIFIED., .F., .F.,
 ( 4, 2, 2, 2, 2, 2, 2, 2, 2, 4 ),
 ( 0.003908381719904433643, 0.004396818631769966457, 0.004885255543635498403, 0.005373692455501031216, 0.005862129367366563162, 0.006350566279232095976, 0.006594784735164858913, 0.006839003191097620116, 0.007327440102963154664, 0.007815877014828689212 ),
 .UNSPECIFIED. ) ;
#1470 = DIRECTION ( 'NONE',  ( 0.9659258262890654256, 0.2588190451025315642, -0.000000000000000000 ) ) ;
#1471 = CARTESIAN_POINT ( 'NONE',  ( 34.10936000250116962, 7.845480241500510488, 69.41841486166937614 ) ) ;
#1472 = CARTESIAN_POINT ( 'NONE',  ( -34.13092772649550710, -7.851259295727046172, 55.49999999999999289 ) ) ;
#1473 = AXIS2_PLACEMENT_3D ( 'NONE', #3666, #5484, #5561 ) ;
#1474 = EDGE_LOOP ( 'NONE', ( #2992, #6204, #918, #1873 ) ) ;
#1475 = DIRECTION ( 'NONE',  ( 0.000000000000000000, 0.000000000000000000, 1.000000000000000000 ) ) ;
#1476 = EDGE_CURVE ( 'NONE', #6517, #5823, #149, .T. ) ;
#1477 = ORIENTED_EDGE ( 'NONE', *, *, #5943, .F. ) ;
#1478 = VERTEX_POINT ( 'NONE', #6093 ) ;
#1479 = EDGE_CURVE ( 'NONE', #2260, #4995, #6059, .T. ) ;
#1480 = CARTESIAN_POINT ( 'NONE',  ( -33.47208803505519370, -10.22854968441285628, 55.82922580273997681 ) ) ;
#1481 = CIRCLE ( 'NONE', #2096, 1.249999999999987343 ) ;
#1482 = CARTESIAN_POINT ( 'NONE',  ( -7.845480241500155216, 34.10936000250126199, 55.41841486166936193 ) ) ;
#1483 = SURFACE_STYLE_FILL_AREA ( #4424 ) ;
#1484 = AXIS2_PLACEMENT_3D ( 'NONE', #5408, #6529, #6115 ) ;
#1485 = DIRECTION ( 'NONE',  ( 1.000000000000000000, 0.000000000000000000, 0.000000000000000000 ) ) ;
#1486 = EDGE_LOOP ( 'NONE', ( #2940, #7652, #1066, #6668 ) ) ;
#1487 = CARTESIAN_POINT ( 'NONE',  ( 28.49678751731741855, -15.50000000000031442, 75.00000000000000000 ) ) ;
#1488 = AXIS2_PLACEMENT_3D ( 'NONE', #7174, #1825, #4783 ) ;
#1489 = MECHANICAL_DESIGN_GEOMETRIC_PRESENTATION_REPRESENTATION (  '', ( #6107 ), #6702 ) ;
#1490 = EDGE_LOOP ( 'NONE', ( #2696, #5444 ) ) ;
#1491 = DIRECTION ( 'NONE',  ( 1.000000000000000000, 0.000000000000000000, 0.000000000000000000 ) ) ;
#1492 = UNCERTAINTY_MEASURE_WITH_UNIT (LENGTH_MEASURE( 1.000000000000000082E-05 ), #5198, 'distance_accuracy_value', 'NONE');
#1493 = EDGE_CURVE ( 'NONE', #5439, #2191, #7411, .T. ) ;
#1494 = EDGE_CURVE ( 'NONE', #6560, #2798, #7290, .T. ) ;
#1495 = DIRECTION ( 'NONE',  ( -0.7071067811865487940, 0.7071067811865462405, -0.000000000000000000 ) ) ;
#1496 = FILL_AREA_STYLE ('',( #5235 ) ) ;
#1497 = ORIENTED_EDGE ( 'NONE', *, *, #4847, .F. ) ;
#1498 = CARTESIAN_POINT ( 'NONE',  ( 7.845480241499603657, 34.10936000250137567, 69.49999999999998579 ) ) ;
#1499 = CARTESIAN_POINT ( 'NONE',  ( 34.07360143426241450, -7.999599450723622773, 56.12992980600228776 ) ) ;
#1500 = CARTESIAN_POINT ( 'NONE',  ( 5.910116457458017614, -26.88648402932753356, 55.49999999999999289 ) ) ;
#1501 = VECTOR ( 'NONE', #6313, 1000.000000000000000 ) ;
#1502 = EDGE_CURVE ( 'NONE', #40, #2557, #4936, .T. ) ;
#1503 = CARTESIAN_POINT ( 'NONE',  ( -7.931855198189997402, -11.42243243440582212, -12.34999999999999964 ) ) ;
#1504 = AXIS2_PLACEMENT_3D ( 'NONE', #5931, #63, #3630 ) ;
#1505 = CYLINDRICAL_SURFACE ( 'NONE', #7668, 1.249999999999988232 ) ;
#1506 = CARTESIAN_POINT ( 'NONE',  ( 25.59678751731763668, 15.49999999999993783, 67.50000000000000000 ) ) ;
#1507 = ORIENTED_EDGE ( 'NONE', *, *, #5648, .F. ) ;
#1508 = CARTESIAN_POINT ( 'NONE',  ( -25.63262081801222436, -23.86485386504613260, 55.49999999999999289 ) ) ;
#1509 = ORIENTED_EDGE ( 'NONE', *, *, #2115, .F. ) ;
#1510 = DIRECTION ( 'NONE',  ( 0.000000000000000000, 0.000000000000000000, 1.000000000000000000 ) ) ;
#1511 = EDGE_CURVE ( 'NONE', #4705, #2557, #6433, .T. ) ;
#1512 =( NAMED_UNIT ( * ) PLANE_ANGLE_UNIT ( ) SI_UNIT ( $, .RADIAN. ) );
#1513 = DIRECTION ( 'NONE',  ( -0.7071067811865558994, 0.7071067811865391350, 0.000000000000000000 ) ) ;
#1514 = CARTESIAN_POINT ( 'NONE',  ( 9.592190828937129154, -33.66000032175303147, 56.62377514882768992 ) ) ;
#1515 =( NAMED_UNIT ( * ) SI_UNIT ( $, .STERADIAN. ) SOLID_ANGLE_UNIT ( ) );
#1516 = CARTESIAN_POINT ( 'NONE',  ( -34.00000000000000000, -3.178005909718203197E-15, 72.50000000000000000 ) ) ;
#1517 = DIRECTION ( 'NONE',  ( 0.6946583704589944785, -0.7193398003386538564, 0.000000000000000000 ) ) ;
#1518 = DIRECTION ( 'NONE',  ( 1.000000000000000000, 0.000000000000000000, 0.000000000000000000 ) ) ;
#1519 = VERTEX_POINT ( 'NONE', #6764 ) ;
#1520 = CARTESIAN_POINT ( 'NONE',  ( -34.10936000250124778, -7.845480241500064622, 55.66313326947208395 ) ) ;
#1521 = CARTESIAN_POINT ( 'NONE',  ( -7.884607240989372379, 34.10034052931595028, 55.17537727027524141 ) ) ;
#1522 =( NAMED_UNIT ( * ) SI_UNIT ( $, .STERADIAN. ) SOLID_ANGLE_UNIT ( ) );
#1523 = EDGE_CURVE ( 'NONE', #904, #4853, #827, .T. ) ;
#1524 = CARTESIAN_POINT ( 'NONE',  ( -10.26029480722896992, -33.46231238974304745, 69.49999999999936051 ) ) ;
#1525 = FILL_AREA_STYLE_COLOUR ( '', #3583 ) ;
#1526 = ORIENTED_EDGE ( 'NONE', *, *, #7101, .T. ) ;
#1527 = ORIENTED_EDGE ( 'NONE', *, *, #1029, .T. ) ;
#1528 = DIRECTION ( 'NONE',  ( 1.047444401652940007E-14, 1.000000000000000000, 0.000000000000000000 ) ) ;
#1529 = EDGE_LOOP ( 'NONE', ( #3827, #7021, #2637, #5652 ) ) ;
#1530 = LINE ( 'NONE', #5782, #4904 ) ;
#1531 = CARTESIAN_POINT ( 'NONE',  ( 33.89065425741834048, -8.743371217143124596, 56.71781442879142787 ) ) ;
#1532 = CARTESIAN_POINT ( 'NONE',  ( -24.63289773148419215, -24.86458386967269618, 70.75013697141073976 ) ) ;
#1533 = VERTEX_POINT ( 'NONE', #7254 ) ;
#1534 = CARTESIAN_POINT ( 'NONE',  ( 1.650000000000432898, 31.00000000000000000, 73.00000000000000000 ) ) ;
#1535 = ORIENTED_EDGE ( 'NONE', *, *, #5063, .T. ) ;
#1536 = CARTESIAN_POINT ( 'NONE',  ( 16.75000000000002842, 26.84678751731757984, 75.00000000000000000 ) ) ;
#1537 = LINE ( 'NONE', #378, #718 ) ;
#1538 = EDGE_LOOP ( 'NONE', ( #411, #868, #5141, #227 ) ) ;
#1539 = ORIENTED_EDGE ( 'NONE', *, *, #4793, .F. ) ;
#1540 = FILL_AREA_STYLE_COLOUR ( '', #4565 ) ;
#1541 = CARTESIAN_POINT ( 'NONE',  ( 33.84949744289189510, 8.901579399977876506, 54.24994211835183933 ) ) ;
#1542 = ORIENTED_EDGE ( 'NONE', *, *, #3485, .T. ) ;
#1543 = FACE_OUTER_BOUND ( 'NONE', #2642, .T. ) ;
#1544 = CARTESIAN_POINT ( 'NONE',  ( 7.845480241493476115, -34.10936000250277544, 55.49999999999934630 ) ) ;
#1545 = EDGE_CURVE ( 'NONE', #7643, #6281, #7676, .T. ) ;
#1546 = CARTESIAN_POINT ( 'NONE',  ( -34.75000000000000711, 0.000000000000000000, 75.00000000000000000 ) ) ;
#1547 = VERTEX_POINT ( 'NONE', #5581 ) ;
#1548 = CARTESIAN_POINT ( 'NONE',  ( -26.84678751731795998, -15.49999999999937295, 73.00000000000000000 ) ) ;
#1549 = ORIENTED_EDGE ( 'NONE', *, *, #4015, .F. ) ;
#1550 = CARTESIAN_POINT ( 'NONE',  ( 8.900720039758734714, 33.84972342168090620, 54.25005803955803430 ) ) ;
#1551 = VECTOR ( 'NONE', #4129, 1000.000000000000000 ) ;
#1552 = VECTOR ( 'NONE', #3850, 1000.000000000000000 ) ;
#1553 = VECTOR ( 'NONE', #3499, 1000.000000000000000 ) ;
#1554 = MECHANICAL_DESIGN_GEOMETRIC_PRESENTATION_REPRESENTATION (  '', ( #3150 ), #5155 ) ;
#1555 = DIRECTION ( 'NONE',  ( 0.7071067811865516806, -0.7071067811865433539, 0.000000000000000000 ) ) ;
#1556 =( NAMED_UNIT ( * ) PLANE_ANGLE_UNIT ( ) SI_UNIT ( $, .RADIAN. ) );
#1557 = DIRECTION ( 'NONE',  ( -1.000000000000000000, 0.000000000000000000, 0.000000000000000000 ) ) ;
#1558 = ORIENTED_EDGE ( 'NONE', *, *, #4178, .T. ) ;
#1559 = EDGE_CURVE ( 'NONE', #5835, #2412, #1901, .T. ) ;
#1560 = ORIENTED_EDGE ( 'NONE', *, *, #955, .F. ) ;
#1561 = UNCERTAINTY_MEASURE_WITH_UNIT (LENGTH_MEASURE( 1.000000000000000082E-05 ), #3302, 'distance_accuracy_value', 'NONE');
#1562 = ORIENTED_EDGE ( 'NONE', *, *, #4225, .F. ) ;
#1563 = FACE_OUTER_BOUND ( 'NONE', #2586, .T. ) ;
#1564 = CARTESIAN_POINT ( 'NONE',  ( 19.44543648263023883, -19.44543648262989777, 55.49999999999999289 ) ) ;
#1565 = ORIENTED_EDGE ( 'NONE', *, *, #7711, .F. ) ;
#1566 = CARTESIAN_POINT ( 'NONE',  ( 7.845480241499598328, 34.10936000250135436, 69.66515748035295985 ) ) ;
#1567 = CARTESIAN_POINT ( 'NONE',  ( 33.84981015140747473, -8.900423269452888420, 56.75013697141075397 ) ) ;
#1568 = CONICAL_SURFACE ( 'NONE', #7552, 1.249999999999997558, 1.029744258676648538 ) ;
#1569 = ORIENTED_EDGE ( 'NONE', *, *, #7587, .F. ) ;
#1570 = CONICAL_SURFACE ( 'NONE', #205, 1.249999999999988232, 1.029744258676644764 ) ;
#1571 = PRESENTATION_STYLE_ASSIGNMENT (( #1653 ) ) ;
#1572 = CARTESIAN_POINT ( 'NONE',  ( -34.10936000250129041, 7.845480241499960705, 69.49999999999998579 ) ) ;
#1573 = PRESENTATION_LAYER_ASSIGNMENT (  '', '', ( #7425 ) ) ;
#1574 = FILL_AREA_STYLE_COLOUR ( '', #2965 ) ;
#1575 = AXIS2_PLACEMENT_3D ( 'NONE', #914, #3340, #409 ) ;
#1576 = DIRECTION ( 'NONE',  ( 1.000000000000000000, 0.000000000000000000, 0.000000000000000000 ) ) ;
#1577 = CARTESIAN_POINT ( 'NONE',  ( -14.25000000000022204, -26.84678751731747326, 67.50000000000000000 ) ) ;
#1578 = VERTEX_POINT ( 'NONE', #5915 ) ;
#1579 = CYLINDRICAL_SURFACE ( 'NONE', #1003, 1.649999999999999023 ) ;
#1580 = AXIS2_PLACEMENT_3D ( 'NONE', #2033, #2611, #3775 ) ;
#1581 = LINE ( 'NONE', #7708, #2199 ) ;
#1582 = DIRECTION ( 'NONE',  ( -0.2588190451025144112, -0.9659258262890699775, -0.000000000000000000 ) ) ;
#1583 = PLANE ( 'NONE',  #7441 ) ;
#1584 = EDGE_CURVE ( 'NONE', #1444, #7526, #6629, .T. ) ;
#1585 = CARTESIAN_POINT ( 'NONE',  ( 9.661250117069727139, -33.64022680846644420, 56.58541951627361755 ) ) ;
#1586 = ADVANCED_FACE ( 'NONE', ( #934 ), #7399, .F. ) ;
#1587 = CARTESIAN_POINT ( 'NONE',  ( 23.85505451664681686, -25.61125982000451629, 55.33555798072743670 ) ) ;
#1588 = CARTESIAN_POINT ( 'NONE',  ( 10.10894437270419033, -33.50840416585903370, 70.12992980600232329 ) ) ;
#1589 = LINE ( 'NONE', #6357, #5491 ) ;
#1590 = FACE_OUTER_BOUND ( 'NONE', #851, .T. ) ;
#1591 = EDGE_LOOP ( 'NONE', ( #4566, #6544 ) ) ;
#1592 = EDGE_LOOP ( 'NONE', ( #6407, #5304 ) ) ;
#1593 = CARTESIAN_POINT ( 'NONE',  ( -33.96544018948451082, -8.448178575087155195, 56.59162368380860642 ) ) ;
#1594 = CARTESIAN_POINT ( 'NONE',  ( 8.314335647359385462, 33.99831077896615739, 54.50065340017647486 ) ) ;
#1595 = ADVANCED_FACE ( 'NONE', ( #2706 ), #6550, .F. ) ;
#1596 = EDGE_CURVE ( 'NONE', #3221, #7373, #2213, .T. ) ;
#1597 = PRESENTATION_LAYER_ASSIGNMENT (  '', '', ( #3073 ) ) ;
#1598 = DIRECTION ( 'NONE',  ( -0.000000000000000000, -0.000000000000000000, 1.000000000000000000 ) ) ;
#1599 = AXIS2_PLACEMENT_3D ( 'NONE', #3789, #339, #1513 ) ;
#1600 = CARTESIAN_POINT ( 'NONE',  ( -18.91434570980204910, -18.91434570980224805, 69.49999999999998579 ) ) ;
#1601 = ORIENTED_EDGE ( 'NONE', *, *, #7293, .T. ) ;
#1602 = ADVANCED_FACE ( 'NONE', ( #5729, #5173, #6967 ), #4553, .F. ) ;
#1603 = ORIENTED_EDGE ( 'NONE', *, *, #2813, .F. ) ;
#1604 = PRESENTATION_LAYER_ASSIGNMENT (  '', '', ( #628 ) ) ;
#1605 = EDGE_LOOP ( 'NONE', ( #2077, #5829, #2267, #7164 ) ) ;
#1606 = FACE_OUTER_BOUND ( 'NONE', #823, .T. ) ;
#1607 = ORIENTED_EDGE ( 'NONE', *, *, #1351, .F. ) ;
#1608 = CIRCLE ( 'NONE', #2589, 35.00000000000000711 ) ;
#1609 = SURFACE_STYLE_FILL_AREA ( #4523 ) ;
#1610 = DIRECTION ( 'NONE',  ( -0.000000000000000000, -0.000000000000000000, 1.000000000000000000 ) ) ;
#1611 = DIRECTION ( 'NONE',  ( -0.9659258262890719759, 0.2588190451025066952, 0.000000000000000000 ) ) ;
#1612 = VERTEX_POINT ( 'NONE', #4507 ) ;
#1613 =( LENGTH_UNIT ( ) NAMED_UNIT ( * ) SI_UNIT ( .MILLI., .METRE. ) );
#1614 =( NAMED_UNIT ( * ) SI_UNIT ( $, .STERADIAN. ) SOLID_ANGLE_UNIT ( ) );
#1615 = DIRECTION ( 'NONE',  ( -0.2588190451025144112, -0.9659258262890699775, -0.000000000000000000 ) ) ;
#1616 = EDGE_CURVE ( 'NONE', #4008, #7062, #5692, .T. ) ;
#1617 = EDGE_LOOP ( 'NONE', ( #5258, #2724, #6687 ) ) ;
#1618 = DIRECTION ( 'NONE',  ( -1.000000000000000000, 0.000000000000000000, 0.000000000000000000 ) ) ;
#1619 = DIRECTION ( 'NONE',  ( 1.000000000000000000, 0.000000000000000000, 0.000000000000000000 ) ) ;
#1620 = EDGE_LOOP ( 'NONE', ( #276, #6735 ) ) ;
#1621 = DIRECTION ( 'NONE',  ( -0.000000000000000000, -0.000000000000000000, 1.000000000000000000 ) ) ;
#1622 = CIRCLE ( 'NONE', #135, 6.000000000000001776 ) ;
#1623 =( NAMED_UNIT ( * ) SI_UNIT ( $, .STERADIAN. ) SOLID_ANGLE_UNIT ( ) );
#1624 = CYLINDRICAL_SURFACE ( 'NONE', #3219, 1.249999999999997558 ) ;
#1625 = CARTESIAN_POINT ( 'NONE',  ( 4.336808689942017736E-13, 31.00000000000000000, 73.00000000000000000 ) ) ;
#1626 = AXIS2_PLACEMENT_3D ( 'NONE', #2652, #887, #292 ) ;
#1627 = CARTESIAN_POINT ( 'NONE',  ( 7.877419812029797797, -34.10205473297590828, 55.82754978985013850 ) ) ;
#1628 = CARTESIAN_POINT ( 'NONE',  ( 24.86436037437329460, -24.63311137724485533, 54.25005803955802008 ) ) ;
#1629 = CARTESIAN_POINT ( 'NONE',  ( 7.998751193233167633, -34.07380018804175847, 70.12841670645251213 ) ) ;
#1630 = EDGE_LOOP ( 'NONE', ( #6214, #6791 ) ) ;
#1631 = SURFACE_STYLE_USAGE ( .BOTH. , #6506 ) ;
#1632 = DIRECTION ( 'NONE',  ( 0.7071067811865388020, 0.7071067811865563435, -0.000000000000000000 ) ) ;
#1633 = SURFACE_STYLE_USAGE ( .BOTH. , #6536 ) ;
#1634 = CIRCLE ( 'NONE', #3594, 1.249999999999988232 ) ;
#1635 =( NAMED_UNIT ( * ) SI_UNIT ( $, .STERADIAN. ) SOLID_ANGLE_UNIT ( ) );
#1636 = PRESENTATION_STYLE_ASSIGNMENT (( #6244 ) ) ;
#1637 = CARTESIAN_POINT ( 'NONE',  ( 33.50815216293582210, -10.10977836212955872, 70.12841670645251213 ) ) ;
#1638 = ORIENTED_EDGE ( 'NONE', *, *, #7556, .F. ) ;
#1639 = CARTESIAN_POINT ( 'NONE',  ( 0.000000000000000000, 0.000000000000000000, 53.00000000000000000 ) ) ;
#1640 = CARTESIAN_POINT ( 'NONE',  ( -8.165810755070982196, -12.06522004409231386, -12.34999999999999964 ) ) ;
#1641 = EDGE_LOOP ( 'NONE', ( #3924, #4893, #452, #5989 ) ) ;
#1642 = CARTESIAN_POINT ( 'NONE',  ( -7.998751193233164081, 34.07380018804175847, 56.12841670645253345 ) ) ;
#1643 = ORIENTED_EDGE ( 'NONE', *, *, #7152, .F. ) ;
#1644 = CARTESIAN_POINT ( 'NONE',  ( -15.49999999999965716, 26.84678751731779656, 73.00000000000000000 ) ) ;
#1645 = CIRCLE ( 'NONE', #3491, 1.249999999999997558 ) ;
#1646 = ORIENTED_EDGE ( 'NONE', *, *, #2012, .F. ) ;
#1647 = CARTESIAN_POINT ( 'NONE',  ( -26.84678751731773971, -15.49999999999974953, 67.50000000000000000 ) ) ;
#1648 = ORIENTED_EDGE ( 'NONE', *, *, #4821, .F. ) ;
#1649 =( NAMED_UNIT ( * ) PLANE_ANGLE_UNIT ( ) SI_UNIT ( $, .RADIAN. ) );
#1650 = CARTESIAN_POINT ( 'NONE',  ( 26.88648402932746961, 5.910116457458300054, 69.49999999999998579 ) ) ;
#1651 =( GEOMETRIC_REPRESENTATION_CONTEXT ( 3 ) GLOBAL_UNCERTAINTY_ASSIGNED_CONTEXT ( ( #4434 ) ) GLOBAL_UNIT_ASSIGNED_CONTEXT ( ( #4309, #6690, #6727 ) ) REPRESENTATION_CONTEXT ( 'NONE', 'WORKASPACE' ) );
#1652 = ORIENTED_EDGE ( 'NONE', *, *, #2552, .T. ) ;
#1653 = SURFACE_STYLE_USAGE ( .BOTH. , #6949 ) ;
#1654 = CYLINDRICAL_SURFACE ( 'NONE', #7335, 1.249999999999988232 ) ;
#1655 = LINE ( 'NONE', #4579, #6547 ) ;
#1656 = CARTESIAN_POINT ( 'NONE',  ( -25.61125982000460866, -23.85505451664672449, 69.33555798072745802 ) ) ;
#1657 = EDGE_LOOP ( 'NONE', ( #3255, #2343, #611, #7108 ) ) ;
#1658 = DIRECTION ( 'NONE',  ( 1.000000000000000000, 0.000000000000000000, 0.000000000000000000 ) ) ;
#1659 = FACE_OUTER_BOUND ( 'NONE', #1342, .T. ) ;
#1660 = EDGE_CURVE ( 'NONE', #3691, #1444, #2097, .T. ) ;
#1661 = CARTESIAN_POINT ( 'NONE',  ( 7.117523740318969061, 26.56296022294948500, 69.49999999999998579 ) ) ;
#1662 = PRESENTATION_STYLE_ASSIGNMENT (( #4589 ) ) ;
#1663 = CARTESIAN_POINT ( 'NONE',  ( -10.26607386144957346, 33.48388011373923945, 69.49999999999998579 ) ) ;
#1664 = EDGE_CURVE ( 'NONE', #7151, #2109, #5255, .T. ) ;
#1665 = CARTESIAN_POINT ( 'NONE',  ( -30.00000000000000000, 3.673940397442058389E-15, 52.98999999999999488 ) ) ;
#1666 = LINE ( 'NONE', #3394, #3933 ) ;
#1667 = CARTESIAN_POINT ( 'NONE',  ( -34.13092772649550710, -7.851259295727046172, 69.49999999999998579 ) ) ;
#1668 = DIRECTION ( 'NONE',  ( 1.000000000000000000, 0.000000000000000000, 0.000000000000000000 ) ) ;
#1669 = CARTESIAN_POINT ( 'NONE',  ( 0.000000000000000000, -31.00000000000000000, 75.00000000000000000 ) ) ;
#1670 = EDGE_LOOP ( 'NONE', ( #3088, #3262 ) ) ;
#1671 = CARTESIAN_POINT ( 'NONE',  ( -34.13092772649557105, 7.851259295726807252, 69.49999999999998579 ) ) ;
#1672 = CARTESIAN_POINT ( 'NONE',  ( 0.000000000000000000, 0.000000000000000000, -12.34999999999999964 ) ) ;
#1673 = EDGE_LOOP ( 'NONE', ( #7028, #2849, #2525 ) ) ;
#1674 = EDGE_LOOP ( 'NONE', ( #4499, #5060 ) ) ;
#1675 = CIRCLE ( 'NONE', #2911, 28.00000000000000000 ) ;
#1676 = SURFACE_STYLE_FILL_AREA ( #7063 ) ;
#1677 = VECTOR ( 'NONE', #5594, 1000.000000000000000 ) ;
#1678 = CYLINDRICAL_SURFACE ( 'NONE', #1110, 1.650000000000000355 ) ;
#1679 = ORIENTED_EDGE ( 'NONE', *, *, #6110, .F. ) ;
#1680 = CARTESIAN_POINT ( 'NONE',  ( -26.56296022294941395, 7.117523740319247061, 55.49999999999999289 ) ) ;
#1681 = ADVANCED_FACE ( 'NONE', ( #5768, #4595 ), #6199, .T. ) ;
#1682 = AXIS2_PLACEMENT_3D ( 'NONE', #5302, #3399, #5176 ) ;
#1683 = EDGE_LOOP ( 'NONE', ( #2121, #5909, #7484 ) ) ;
#1684 = ADVANCED_FACE ( 'NONE', ( #4775 ), #5971, .F. ) ;
#1685 = EDGE_LOOP ( 'NONE', ( #4166, #204, #5192, #5686 ) ) ;
#1686 = DIRECTION ( 'NONE',  ( 0.000000000000000000, 0.000000000000000000, -1.000000000000000000 ) ) ;
#1687 = AXIS2_PLACEMENT_3D ( 'NONE', #6124, #6039, #710 ) ;
#1688 = AXIS2_PLACEMENT_3D ( 'NONE', #3272, #5758, #512 ) ;
#1689 = CARTESIAN_POINT ( 'NONE',  ( -9.799659445077521625, -33.60029679248292922, 70.49858126598910246 ) ) ;
#1690 = DIRECTION ( 'NONE',  ( 0.7071067811865537900, -0.7071067811865412445, -0.000000000000000000 ) ) ;
#1691 = AXIS2_PLACEMENT_3D ( 'NONE', #4310, #194, #4971 ) ;
#1692 = ADVANCED_FACE ( 'NONE', ( #1097 ), #5342, .F. ) ;
#1693 = SURFACE_STYLE_USAGE ( .BOTH. , #7040 ) ;
#1694 = FACE_OUTER_BOUND ( 'NONE', #6565, .T. ) ;
#1695 = COLOUR_RGB ( '',1.000000000000000000, 1.000000000000000000, 1.000000000000000000 ) ;
#1696 = FILL_AREA_STYLE ('',( #420 ) ) ;
#1697 = CARTESIAN_POINT ( 'NONE',  ( 15.49999999999946887, -26.84678751731790669, 73.00000000000000000 ) ) ;
#1698 = VECTOR ( 'NONE', #3917, 1000.000000000000227 ) ;
#1699 = EDGE_CURVE ( 'NONE', #1261, #6400, #7135, .T. ) ;
#1700 = AXIS2_PLACEMENT_3D ( 'NONE', #7454, #1610, #7536 ) ;
#1701 = DIRECTION ( 'NONE',  ( 0.000000000000000000, 0.000000000000000000, 1.000000000000000000 ) ) ;
#1702 = CARTESIAN_POINT ( 'NONE',  ( 25.59468177588275140, -23.87291786938536475, 55.17270578215241983 ) ) ;
#1703 = DIRECTION ( 'NONE',  ( 1.000000000000000000, 0.000000000000000000, 0.000000000000000000 ) ) ;
#1704 = ADVANCED_FACE ( 'NONE', ( #7008 ), #4146, .T. ) ;
#1705 = AXIS2_PLACEMENT_3D ( 'NONE', #2316, #3385, #1165 ) ;
#1706 = CARTESIAN_POINT ( 'NONE',  ( -7.117523740319341208, 26.56296022294938552, 69.49999999999998579 ) ) ;
#1707 = ORIENTED_EDGE ( 'NONE', *, *, #1699, .T. ) ;
#1708 =( LENGTH_UNIT ( ) NAMED_UNIT ( * ) SI_UNIT ( .MILLI., .METRE. ) );
#1709 = DIRECTION ( 'NONE',  ( 0.000000000000000000, 0.000000000000000000, 1.000000000000000000 ) ) ;
#1710 = EDGE_CURVE ( 'NONE', #3027, #3221, #2317, .T. ) ;
#1711 = LINE ( 'NONE', #1144, #97 ) ;
#1712 = EDGE_CURVE ( 'NONE', #3779, #7526, #5, .T. ) ;
#1713 = DIRECTION ( 'NONE',  ( 0.000000000000000000, 0.000000000000000000, -1.000000000000000000 ) ) ;
#1714 = ORIENTED_EDGE ( 'NONE', *, *, #1493, .T. ) ;
#1715 = CARTESIAN_POINT ( 'NONE',  ( -42.04961241126131455, 2.099999999999995204, 72.50000000000000000 ) ) ;
#1716 = AXIS2_PLACEMENT_3D ( 'NONE', #4389, #5662, #873 ) ;
#1717 = B_SPLINE_CURVE_WITH_KNOTS ( 'NONE', 3,
 ( #813, #5568, #745, #225, #4887, #6640, #1892, #1818, #4185, #1245, #675, #6080, #3017, #5489, #5415, #6037, #707, #5455, #1308, #3093 ),
 .UNSPECIFIED., .F., .F.,
 ( 4, 2, 2, 2, 2, 2, 2, 2, 2, 4 ),
 ( 0.003908381719904441449, 0.004396818631769985539, 0.004885255543635529628, 0.005373692455501073717, 0.005862129367366617806, 0.006350566279232161895, 0.006594784735164923965, 0.006839003191097686035, 0.007327440102963180685, 0.007815877014828675334 ),
 .UNSPECIFIED. ) ;
#1718 = ORIENTED_EDGE ( 'NONE', *, *, #217, .T. ) ;
#1719 = CARTESIAN_POINT ( 'NONE',  ( -31.90000000000000568, -3.178005909718203197E-15, 72.50000000000000000 ) ) ;
#1720 = CIRCLE ( 'NONE', #2698, 2.099999999999997868 ) ;
#1721 = ORIENTED_EDGE ( 'NONE', *, *, #2390, .F. ) ;
#1722 =( LENGTH_UNIT ( ) NAMED_UNIT ( * ) SI_UNIT ( .MILLI., .METRE. ) );
#1723 = ORIENTED_EDGE ( 'NONE', *, *, #4939, .T. ) ;
#1724 = CARTESIAN_POINT ( 'NONE',  ( -14.25000000000022027, -26.84678751731747326, 75.00000000000000000 ) ) ;
#1725 = ORIENTED_EDGE ( 'NONE', *, *, #4714, .F. ) ;
#1726 = CARTESIAN_POINT ( 'NONE',  ( 4.500000000000000000, 0.000000000000000000, -15.35000000000000320 ) ) ;
#1727 = CARTESIAN_POINT ( 'NONE',  ( -10.02132654886037955, -33.53485719109458785, 68.73257693896665899 ) ) ;
#1728 = LINE ( 'NONE', #5914, #1551 ) ;
#1729 = VECTOR ( 'NONE', #6936, 1000.000000000000000 ) ;
#1730 = CARTESIAN_POINT ( 'NONE',  ( 8.743371217143007357, 33.89065425741839732, 56.71781442879142787 ) ) ;
#1731 = EDGE_CURVE ( 'NONE', #874, #6162, #556, .T. ) ;
#1732 = FACE_OUTER_BOUND ( 'NONE', #82, .T. ) ;
#1733 = CARTESIAN_POINT ( 'NONE',  ( -42.04961241126131455, 2.099999999999995204, 72.50000000000000000 ) ) ;
#1734 = COLOUR_RGB ( '',1.000000000000000000, 1.000000000000000000, 1.000000000000000000 ) ;
#1735 = VECTOR ( 'NONE', #7186, 1000.000000000000000 ) ;
#1736 = EDGE_LOOP ( 'NONE', ( #3405, #3245, #1725, #3483, #7102 ) ) ;
#1737 = DIRECTION ( 'NONE',  ( 0.7071067811865405783, 0.7071067811865544561, 0.000000000000000000 ) ) ;
#1738 = ORIENTED_EDGE ( 'NONE', *, *, #3458, .T. ) ;
#1739 = DIRECTION ( 'NONE',  ( -0.000000000000000000, -0.000000000000000000, 1.000000000000000000 ) ) ;
#1740 = AXIS2_PLACEMENT_3D ( 'NONE', #2285, #7048, #3317 ) ;
#1741 = CARTESIAN_POINT ( 'NONE',  ( 29.75000000000000000, -1.080828406542437088E-13, 67.50000000000000000 ) ) ;
#1742 = DIRECTION ( 'NONE',  ( 0.7071067811865516806, -0.7071067811865433539, 0.000000000000000000 ) ) ;
#1743 = ORIENTED_EDGE ( 'NONE', *, *, #2397, .T. ) ;
#1744 = FACE_OUTER_BOUND ( 'NONE', #5332, .T. ) ;
#1745 = ORIENTED_EDGE ( 'NONE', *, *, #1244, .F. ) ;
#1746 = ADVANCED_FACE ( 'NONE', ( #4028 ), #5816, .F. ) ;
#1747 = FACE_BOUND ( 'NONE', #6880, .T. ) ;
#1748 = DIRECTION ( 'NONE',  ( -1.000000000000000000, 0.000000000000000000, 0.000000000000000000 ) ) ;
#1749 = CYLINDRICAL_SURFACE ( 'NONE', #2622, 1.249999999999997558 ) ;
#1750 = DIRECTION ( 'NONE',  ( -0.7071067811865558994, 0.7071067811865391350, 0.000000000000000000 ) ) ;
#1751 = B_SPLINE_CURVE_WITH_KNOTS ( 'NONE', 3,
 ( #2376, #3530, #2912, #1642, #5864, #13, #530, #2877, #4603, #6483, #4751, #2295, #7685, #5391, #2333, #1064, #489, #3408, #7141, #1789 ),
 .UNSPECIFIED., .F., .F.,
 ( 4, 2, 2, 2, 2, 2, 2, 2, 2, 4 ),
 ( 0.003908381719904426704, 0.004396818631769955181, 0.004885255543635483658, 0.005373692455501012134, 0.005862129367366540611, 0.006350566279232068220, 0.006594784735164831158, 0.006839003191097594095, 0.007327440102963133847, 0.007815877014828673600 ),
 .UNSPECIFIED. ) ;
#1752 = CARTESIAN_POINT ( 'NONE',  ( -24.31238335834836661, 22.35862284302647041, -12.34999999999999964 ) ) ;
#1753 = B_SPLINE_CURVE_WITH_KNOTS ( 'NONE', 3,
 ( #4362, #171, #2643, #5019, #2530, #2072, #4914, #734, #1375, #7412, #6627, #3080, #137, #2499, #4875, #3418, #3339, #1074, #1566, #1498 ),
 .UNSPECIFIED., .F., .F.,
 ( 4, 2, 2, 2, 2, 2, 2, 2, 2, 4 ),
 ( 0.003908381719904437113, 0.004396818631769982069, 0.004885255543635527026, 0.005373692455501071982, 0.005862129367366616939, 0.006350566279232161895, 0.006594784735164923098, 0.006839003191097685168, 0.007327440102963177215, 0.007815877014828668395 ),
 .UNSPECIFIED. ) ;
#1754 = DIRECTION ( 'NONE',  ( -0.000000000000000000, -0.000000000000000000, 1.000000000000000000 ) ) ;
#1755 = FACE_OUTER_BOUND ( 'NONE', #1673, .T. ) ;
#1756 = SURFACE_STYLE_FILL_AREA ( #4075 ) ;
#1757 = EDGE_LOOP ( 'NONE', ( #2838, #4828 ) ) ;
#1758 = AXIS2_PLACEMENT_3D ( 'NONE', #222, #5523, #5677 ) ;
#1759 = DIRECTION ( 'NONE',  ( 1.000000000000000000, 0.000000000000000000, 0.000000000000000000 ) ) ;
#1760 = EDGE_CURVE ( 'NONE', #2412, #2260, #1058, .T. ) ;
#1761 = ORIENTED_EDGE ( 'NONE', *, *, #7132, .T. ) ;
#1762 = CARTESIAN_POINT ( 'NONE',  ( -10.77964482471933216, 9.697899641309026819, -12.34999999999999964 ) ) ;
#1763 = CYLINDRICAL_SURFACE ( 'NONE', #6772, 1.249999999999997558 ) ;
#1764 = ORIENTED_EDGE ( 'NONE', *, *, #3888, .F. ) ;
#1765 = CARTESIAN_POINT ( 'NONE',  ( 7.845480241493476115, -34.10936000250277544, 69.49999999999936051 ) ) ;
#1766 = CARTESIAN_POINT ( 'NONE',  ( -23.84906519527843116, -25.61683214824504162, 69.66515748035300248 ) ) ;
#1767 = EDGE_CURVE ( 'NONE', #3462, #4138, #5810, .T. ) ;
#1768 = ORIENTED_EDGE ( 'NONE', *, *, #4874, .F. ) ;
#1769 = VERTEX_POINT ( 'NONE', #483 ) ;
#1770 = DIRECTION ( 'NONE',  ( -0.9702957262759983603, -0.2419218955996600973, 0.000000000000000000 ) ) ;
#1771 = CARTESIAN_POINT ( 'NONE',  ( -33.47195562601941532, 10.22898169299522841, 69.82754978985013850 ) ) ;
#1772 = PRESENTATION_LAYER_ASSIGNMENT (  '', '', ( #5751 ) ) ;
#1773 = DIRECTION ( 'NONE',  ( 0.7071067811865537900, -0.7071067811865412445, -0.000000000000000000 ) ) ;
#1774 = ORIENTED_EDGE ( 'NONE', *, *, #3379, .T. ) ;
#1775 = CARTESIAN_POINT ( 'NONE',  ( 16.74999999999984013, -26.84678751731768998, 67.50000000000000000 ) ) ;
#1776 = CARTESIAN_POINT ( 'NONE',  ( 24.74873734152938809, -24.74873734152895111, 55.49999999999999289 ) ) ;
#1777 = FACE_OUTER_BOUND ( 'NONE', #3110, .T. ) ;
#1778 = CARTESIAN_POINT ( 'NONE',  ( -33.89113427247269072, 8.741490271134914281, 68.28287014335593597 ) ) ;
#1779 = EDGE_CURVE ( 'NONE', #6560, #6331, #4558, .T. ) ;
#1780 = CARTESIAN_POINT ( 'NONE',  ( -25.59678751731774327, -15.49999999999974953, 67.50000000000000000 ) ) ;
#1781 = VERTEX_POINT ( 'NONE', #7054 ) ;
#1782 = LINE ( 'NONE', #1667, #6136 ) ;
#1783 = SURFACE_STYLE_USAGE ( .BOTH. , #5856 ) ;
#1784 = LINE ( 'NONE', #5264, #5801 ) ;
#1785 = DIRECTION ( 'NONE',  ( 1.000000000000000000, 0.000000000000000000, 0.000000000000000000 ) ) ;
#1786 = CARTESIAN_POINT ( 'NONE',  ( -7.845480241499839025, -34.10936000250131883, 55.66515748035299538 ) ) ;
#1787 = SURFACE_SIDE_STYLE ('',( #2373 ) ) ;
#1788 = ORIENTED_EDGE ( 'NONE', *, *, #895, .T. ) ;
#1789 = CARTESIAN_POINT ( 'NONE',  ( -10.26029480722272780, 33.46231238974495881, 55.49999999999999289 ) ) ;
#1790 = CARTESIAN_POINT ( 'NONE',  ( -24.03190623646073476, 25.44564309315831352, 70.26794143074936017 ) ) ;
#1791 = UNCERTAINTY_MEASURE_WITH_UNIT (LENGTH_MEASURE( 1.000000000000000082E-05 ), #3682, 'distance_accuracy_value', 'NONE');
#1792 = ORIENTED_EDGE ( 'NONE', *, *, #895, .F. ) ;
#1793 = CARTESIAN_POINT ( 'NONE',  ( -33.80740392011742301, 9.058666578588130847, 69.49999999999998579 ) ) ;
#1794 = ORIENTED_EDGE ( 'NONE', *, *, #297, .F. ) ;
#1795 = ORIENTED_EDGE ( 'NONE', *, *, #980, .F. ) ;
#1796 = CARTESIAN_POINT ( 'NONE',  ( 8.449532112276891382, -33.96510442650515671, 68.40755231783181500 ) ) ;
#1797 = CARTESIAN_POINT ( 'NONE',  ( 24.63289773148402162, 24.86458386967286316, 70.75013697141072555 ) ) ;
#1798 = EDGE_CURVE ( 'NONE', #2039, #2406, #6302, .T. ) ;
#1799 = COLOUR_RGB ( '',1.000000000000000000, 1.000000000000000000, 1.000000000000000000 ) ;
#1800 = DIRECTION ( 'NONE',  ( 0.000000000000000000, 0.000000000000000000, 1.000000000000000000 ) ) ;
#1801 = CIRCLE ( 'NONE', #6038, 1.249999999999987788 ) ;
#1802 = CARTESIAN_POINT ( 'NONE',  ( 26.88648402932746961, 5.910116457458300054, 55.49999999999999289 ) ) ;
#1803 = CONICAL_SURFACE ( 'NONE', #6531, 1.249999999999987788, 1.029744258676644320 ) ;
#1804 =( GEOMETRIC_REPRESENTATION_CONTEXT ( 3 ) GLOBAL_UNCERTAINTY_ASSIGNED_CONTEXT ( ( #6018 ) ) GLOBAL_UNIT_ASSIGNED_CONTEXT ( ( #435, #2785, #5137 ) ) REPRESENTATION_CONTEXT ( 'NONE', 'WORKASPACE' ) );
#1805 = CARTESIAN_POINT ( 'NONE',  ( 24.03190623646091240, -25.44564309315814654, 70.26794143074936017 ) ) ;
#1806 = DIRECTION ( 'NONE',  ( 1.000000000000000000, 0.000000000000000000, 0.000000000000000000 ) ) ;
#1807 = EDGE_LOOP ( 'NONE', ( #6155, #6015 ) ) ;
#1808 = MECHANICAL_DESIGN_GEOMETRIC_PRESENTATION_REPRESENTATION (  '', ( #1916 ), #943 ) ;
#1809 = LINE ( 'NONE', #4176, #3925 ) ;
#1810 = CIRCLE ( 'NONE', #3543, 1.499999999999999556 ) ;
#1811 = CARTESIAN_POINT ( 'NONE',  ( -15.49999999999965716, 26.84678751731779656, 73.00000000000000000 ) ) ;
#1812 = AXIS2_PLACEMENT_3D ( 'NONE', #2207, #6911, #6955 ) ;
#1813 = SURFACE_SIDE_STYLE ('',( #6532 ) ) ;
#1814 = LINE ( 'NONE', #4769, #4952 ) ;
#1815 = CARTESIAN_POINT ( 'NONE',  ( 33.99854031952572342, 8.313394368368360432, 56.49858126598911667 ) ) ;
#1816 = EDGE_LOOP ( 'NONE', ( #2852, #1569, #2917, #3707 ) ) ;
#1817 = CARTESIAN_POINT ( 'NONE',  ( -34.93694319770979462, 2.099999999999996980, 75.00000000000000000 ) ) ;
#1818 = CARTESIAN_POINT ( 'NONE',  ( -33.89120293265678185, -8.741236312987375356, 70.71716962019199570 ) ) ;
#1819 = AXIS2_PLACEMENT_3D ( 'NONE', #5764, #7005, #2252 ) ;
#1820 = EDGE_CURVE ( 'NONE', #2580, #2994, #2675, .T. ) ;
#1821 = ADVANCED_FACE ( 'NONE', ( #7276 ), #4855, .F. ) ;
#1822 = CARTESIAN_POINT ( 'NONE',  ( -7.117523740319341208, 26.56296022294938552, 69.49999999999998579 ) ) ;
#1823 = CARTESIAN_POINT ( 'NONE',  ( 33.63902334235816483, -9.666382833009167896, 70.59162368380859220 ) ) ;
#1824 = CARTESIAN_POINT ( 'NONE',  ( 30.00000000000000000, 0.000000000000000000, 52.98999999999999488 ) ) ;
#1825 = DIRECTION ( 'NONE',  ( 0.9659258262890654256, 0.2588190451025315642, -0.000000000000000000 ) ) ;
#1826 = EDGE_LOOP ( 'NONE', ( #4681, #253, #6325 ) ) ;
#1827 = EDGE_LOOP ( 'NONE', ( #1976, #5992, #1315, #6239, #5894 ) ) ;
#1828 = LINE ( 'NONE', #5580, #6386 ) ;
#1829 =( GEOMETRIC_REPRESENTATION_CONTEXT ( 3 ) GLOBAL_UNCERTAINTY_ASSIGNED_CONTEXT ( ( #2720 ) ) GLOBAL_UNIT_ASSIGNED_CONTEXT ( ( #1613, #2888, #2308 ) ) REPRESENTATION_CONTEXT ( 'NONE', 'WORKASPACE' ) );
#1830 = EDGE_CURVE ( 'NONE', #3640, #3840, #1930, .T. ) ;
#1831 = AXIS2_PLACEMENT_3D ( 'NONE', #4230, #4826, #120 ) ;
#1832 = VERTEX_POINT ( 'NONE', #66 ) ;
#1833 = DIRECTION ( 'NONE',  ( -0.9702957262760001367, 0.2419218955996532139, 1.049727191138612779E-16 ) ) ;
#1834 = FACE_OUTER_BOUND ( 'NONE', #4651, .T. ) ;
#1835 = ORIENTED_EDGE ( 'NONE', *, *, #6849, .T. ) ;
#1836 = CYLINDRICAL_SURFACE ( 'NONE', #4804, 1.249999999999986899 ) ;
#1837 = LINE ( 'NONE', #50, #7528 ) ;
#1838 = ADVANCED_FACE ( 'NONE', ( #6604 ), #1568, .F. ) ;
#1839 = CARTESIAN_POINT ( 'NONE',  ( -10.22898169299511117, -33.47195562601945795, 69.82754978985012428 ) ) ;
#1840 = B_SPLINE_CURVE_WITH_KNOTS ( 'NONE', 3,
 ( #385, #2657, #4376, #7431, #2741, #6755, #1426, #3748, #5610, #6152, #3832, #3168, #7394, #5572, #228, #266, #2046, #6233, #891, #3234 ),
 .UNSPECIFIED., .F., .F.,
 ( 4, 2, 2, 2, 2, 2, 2, 2, 2, 4 ),
 ( 0.000000000000000000, 0.0004885477149880511696, 0.0009770954299761023393, 0.001465643144964153509, 0.001954190859952204679, 0.002442738574940255415, 0.002931286289928307018, 0.003419834004916358187, 0.003664107862410393313, 0.003908381719904428439 ),
 .UNSPECIFIED. ) ;
#1841 = CONICAL_SURFACE ( 'NONE', #353, 1.249999999999997558, 1.029744258676649205 ) ;
#1842 = ORIENTED_EDGE ( 'NONE', *, *, #3599, .T. ) ;
#1843 = CARTESIAN_POINT ( 'NONE',  ( 23.84906519527381974, -25.61683214824931554, 69.49999999999936051 ) ) ;
#1844 = FILL_AREA_STYLE_COLOUR ( '', #2315 ) ;
#1845 = DIRECTION ( 'NONE',  ( -0.2588190451025315642, 0.9659258262890653146, 0.000000000000000000 ) ) ;
#1846 = AXIS2_PLACEMENT_3D ( 'NONE', #3613, #3579, #7692 ) ;
#1847 = AXIS2_PLACEMENT_3D ( 'NONE', #4328, #4989, #2575 ) ;
#1848 = DIRECTION ( 'NONE',  ( -1.000000000000000000, 0.000000000000000000, 0.000000000000000000 ) ) ;
#1849 = ORIENTED_EDGE ( 'NONE', *, *, #2233, .F. ) ;
#1850 = PRESENTATION_LAYER_ASSIGNMENT (  '', '', ( #5222 ) ) ;
#1851 = DIRECTION ( 'NONE',  ( -1.000000000000000000, 0.000000000000000000, -0.000000000000000000 ) ) ;
#1852 =( GEOMETRIC_REPRESENTATION_CONTEXT ( 3 ) GLOBAL_UNCERTAINTY_ASSIGNED_CONTEXT ( ( #84 ) ) GLOBAL_UNIT_ASSIGNED_CONTEXT ( ( #645, #1313, #6044 ) ) REPRESENTATION_CONTEXT ( 'NONE', 'WORKASPACE' ) );
#1853 = CARTESIAN_POINT ( 'NONE',  ( 33.89120293265671080, 8.741236312987609836, 56.71716962019199570 ) ) ;
#1854 = VERTEX_POINT ( 'NONE', #1387 ) ;
#1855 = DIRECTION ( 'NONE',  ( -0.7071067811865437980, -0.7071067811865513475, -0.000000000000000000 ) ) ;
#1856 = CARTESIAN_POINT ( 'NONE',  ( -15.50000000000022027, -26.84678751731747326, 73.00000000000000000 ) ) ;
#1857 = DIRECTION ( 'NONE',  ( -0.2419218955996704501, 0.9702957262759958068, 0.000000000000000000 ) ) ;
#1858 = STYLED_ITEM ( 'NONE', ( #1662 ), #2625 ) ;
#1859 = CYLINDRICAL_SURFACE ( 'NONE', #1437, 1.649999999999998579 ) ;
#1860 = ORIENTED_EDGE ( 'NONE', *, *, #1779, .T. ) ;
#1861 = DIRECTION ( 'NONE',  ( 0.000000000000000000, 0.000000000000000000, -1.000000000000000000 ) ) ;
#1862 = FACE_OUTER_BOUND ( 'NONE', #508, .T. ) ;
#1863 = CARTESIAN_POINT ( 'NONE',  ( 9.058666578587775575, 33.80740392011751538, 69.49999999999998579 ) ) ;
#1864 = EDGE_LOOP ( 'NONE', ( #1507, #7200, #6628 ) ) ;
#1865 = ORIENTED_EDGE ( 'NONE', *, *, #2150, .T. ) ;
#1866 = FILL_AREA_STYLE_COLOUR ( '', #6738 ) ;
#1867 = DIRECTION ( 'NONE',  ( 0.000000000000000000, 0.000000000000000000, 1.000000000000000000 ) ) ;
#1868 = VERTEX_POINT ( 'NONE', #3601 ) ;
#1869 = CARTESIAN_POINT ( 'NONE',  ( -25.61683214824494570, 23.84906519527850577, 69.66515748035297406 ) ) ;
#1870 = UNCERTAINTY_MEASURE_WITH_UNIT (LENGTH_MEASURE( 1.000000000000000082E-05 ), #7573, 'distance_accuracy_value', 'NONE');
#1871 = CIRCLE ( 'NONE', #258, 1.249999999999987566 ) ;
#1872 = SURFACE_SIDE_STYLE ('',( #1325 ) ) ;
#1873 = ORIENTED_EDGE ( 'NONE', *, *, #5239, .F. ) ;
#1874 = FACE_OUTER_BOUND ( 'NONE', #2352, .T. ) ;
#1875 = DIRECTION ( 'NONE',  ( -0.8571673007021095581, 1.049727191138615244E-16, 0.5150380749100587074 ) ) ;
#1876 = DIRECTION ( 'NONE',  ( 0.2756373558169961657, 0.9612616959383196713, 0.000000000000000000 ) ) ;
#1877 = DIRECTION ( 'NONE',  ( -0.000000000000000000, -0.000000000000000000, -1.000000000000000000 ) ) ;
#1878 = EDGE_CURVE ( 'NONE', #922, #5940, #2544, .T. ) ;
#1879 = EDGE_LOOP ( 'NONE', ( #702, #3805 ) ) ;
#1880 = CARTESIAN_POINT ( 'NONE',  ( 23.96402182591210916, -25.50940096970237647, 70.12841670645252634 ) ) ;
#1881 = DIRECTION ( 'NONE',  ( -1.000000000000000000, 0.000000000000000000, 0.000000000000000000 ) ) ;
#1882 = CARTESIAN_POINT ( 'NONE',  ( 7.117523740318969061, 26.56296022294948500, 69.49999999999998579 ) ) ;
#1883 = CONICAL_SURFACE ( 'NONE', #902, 1.249999999999997558, 1.029744258676649205 ) ;
#1884 = DIRECTION ( 'NONE',  ( -0.000000000000000000, -0.000000000000000000, -1.000000000000000000 ) ) ;
#1885 = DIRECTION ( 'NONE',  ( 0.7071067811865388020, 0.7071067811865563435, -0.000000000000000000 ) ) ;
#1886 = DIRECTION ( 'NONE',  ( 0.4999999999999976685, -0.8660254037844400399, 0.000000000000000000 ) ) ;
#1887 = CARTESIAN_POINT ( 'NONE',  ( 34.05252645253743538, 8.089419755561825909, 56.26794143074935306 ) ) ;
#1888 = ORIENTED_EDGE ( 'NONE', *, *, #4536, .T. ) ;
#1889 = EDGE_CURVE ( 'NONE', #3629, #1769, #6917, .T. ) ;
#1890 = VECTOR ( 'NONE', #2138, 1000.000000000000000 ) ;
#1891 = DIRECTION ( 'NONE',  ( 1.000000000000000000, 0.000000000000000000, 0.000000000000000000 ) ) ;
#1892 = CARTESIAN_POINT ( 'NONE',  ( -33.96544018948451793, -8.448178575087162301, 70.59162368380859220 ) ) ;
#1893 = CARTESIAN_POINT ( 'NONE',  ( -24.31238335834837017, 22.35862284302647041, 0.000000000000000000 ) ) ;
#1894 = CARTESIAN_POINT ( 'NONE',  ( 34.07360143426240739, -7.999599450723622773, 70.12992980600230908 ) ) ;
#1895 = FILL_AREA_STYLE_COLOUR ( '', #5722 ) ;
#1896 = FACE_OUTER_BOUND ( 'NONE', #681, .T. ) ;
#1897 = DIRECTION ( 'NONE',  ( -0.2588190451025177419, -0.9659258262890692004, 0.000000000000000000 ) ) ;
#1898 = ORIENTED_EDGE ( 'NONE', *, *, #5918, .T. ) ;
#1899 = VERTEX_POINT ( 'NONE', #4224 ) ;
#1900 = DIRECTION ( 'NONE',  ( 0.8571673007021092250, 0.000000000000000000, 0.5150380749100592626 ) ) ;
#1901 = LINE ( 'NONE', #4269, #4919 ) ;
#1902 = CARTESIAN_POINT ( 'NONE',  ( 8.088705224614574973, -34.05270151420140223, 54.73257693896662346 ) ) ;
#1903 = VERTEX_POINT ( 'NONE', #3634 ) ;
#1904 = CARTESIAN_POINT ( 'NONE',  ( -34.10936000250129041, 7.845480241499962482, 55.66515748035300959 ) ) ;
#1905 = CARTESIAN_POINT ( 'NONE',  ( -26.56296022294935710, -7.117523740319432690, 55.49999999999999289 ) ) ;
#1906 = CARTESIAN_POINT ( 'NONE',  ( 24.03259720677934297, 25.44499185062890589, 56.26921617977551904 ) ) ;
#1907 = EDGE_CURVE ( 'NONE', #5726, #4355, #1717, .T. ) ;
#1908 = EDGE_CURVE ( 'NONE', #5820, #2738, #2044, .T. ) ;
#1909 = CARTESIAN_POINT ( 'NONE',  ( 10.26607386144910272, 33.48388011373938866, 55.49999999999999289 ) ) ;
#1910 = CARTESIAN_POINT ( 'NONE',  ( 24.86373499089181749, 24.63374261563105350, 68.24994211835186775 ) ) ;
#1911 = CARTESIAN_POINT ( 'NONE',  ( 33.53506284871990317, -10.02062021607650877, 56.26794143074935306 ) ) ;
#1912 = CLOSED_SHELL ( 'NONE', ( #3204, #1030, #2035, #2021, #2625, #5735, #2604, #6836, #536, #3670, #1221, #7352, #7190, #5490, #2140, #2793, #3305, #1838, #4998, #6796, #6231, #4619, #348, #987, #3858, #890, #2487, #3163, #3187, #3771, #4210, #6548, #5308, #2976, #5888, #7577, #5170, #2704, #4544, #6165, #3511, #5995, #3520, #6148, #3645, #7382, #3939, #1821, #4130, #3694, #3026, #6001, #4979, #588, #7217, #45, #3679, #2845, #2582, #2828, #3556, #5164, #2279, #3071, #5049, #5262, #4108, #2371, #2329, #2645, #4487, #6198, #1445, #6703, #5467, #6630, #3113, #2834, #5501, #1692, #7550, #6210, #3094, #6185, #5244, #5187, #1924, #5734, #5412, #6071, #7490, #6999, #1191, #908, #2129, #3846, #729, #3442, #4331, #11, #814, #5905, #1994, #7444, #5711, #4215, #2727, #3424, #7475, #6074, #3425, #5162, #7628, #5087, #4805, #1333, #2238, #1746, #7610, #4605, #6639, #318, #4340, #1989, #565, #5373, #1586, #7195, #2821, #7029, #694, #7228, #7418, #4984, #2714, #2416, #4113, #6280, #2510, #384, #7369, #4588, #470, #2403, #4342, #5367, #2149, #4654, #5750, #7125, #2312, #6986, #170, #6624, #1602, #2457, #5744, #6891, #6308, #7691, #643, #7664, #5527, #7519, #6568, #4026, #523, #140, #5009, #6414, #1704, #2280, #6245, #6306, #5656, #3899, #4090, #1595, #1004, #6878, #7427, #4515, #7053, #4445, #2498, #7257, #2464, #389, #2031, #1681, #1227, #456, #5016, #7284, #1684, #7267, #2183, #3967, #3766, #6141, #4452, #1107, #5027, #6558, #7309, #790, #5154, #858, #1459, #1266, #6645, #5616, #1258, #6391, #2071, #2391, #799, #6893, #1142 ) ) ;
#1913 = DIRECTION ( 'NONE',  ( 0.2588190451025076944, 0.9659258262890718649, -0.000000000000000000 ) ) ;
#1914 = EDGE_CURVE ( 'NONE', #1039, #1985, #2194, .T. ) ;
#1915 = CARTESIAN_POINT ( 'NONE',  ( 23.84906519527823932, 25.61683214824519794, 55.49999999999999289 ) ) ;
#1916 = STYLED_ITEM ( 'NONE', ( #2098 ), #3424 ) ;
#1917 = CARTESIAN_POINT ( 'NONE',  ( -23.14298219578689952, 4.080732175172792964, -14.84999999999999964 ) ) ;
#1918 =( NAMED_UNIT ( * ) PLANE_ANGLE_UNIT ( ) SI_UNIT ( $, .RADIAN. ) );
#1919 = VERTEX_POINT ( 'NONE', #4497 ) ;
#1920 = EDGE_LOOP ( 'NONE', ( #4202, #3620 ) ) ;
#1921 = CARTESIAN_POINT ( 'NONE',  ( 23.84906519527381974, -25.61683214824931554, 69.49999999999936051 ) ) ;
#1922 = ORIENTED_EDGE ( 'NONE', *, *, #2563, .F. ) ;
#1923 = LINE ( 'NONE', #4926, #7370 ) ;
#1924 = ADVANCED_FACE ( 'NONE', ( #3867 ), #2602, .F. ) ;
#1925 = AXIS2_PLACEMENT_3D ( 'NONE', #3486, #1213, #1141 ) ;
#1926 = DIRECTION ( 'NONE',  ( -1.000000000000000000, 0.000000000000000000, 0.000000000000000000 ) ) ;
#1927 = CIRCLE ( 'NONE', #6297, 30.00000000000000000 ) ;
#1928 = CARTESIAN_POINT ( 'NONE',  ( -9.058666578588010054, -33.80740392011745854, 69.49999999999998579 ) ) ;
#1929 = DIRECTION ( 'NONE',  ( -0.2588190451025289551, 0.9659258262890659807, 0.000000000000000000 ) ) ;
#1930 = CIRCLE ( 'NONE', #2927, 14.00000000000000888 ) ;
#1931 = DIRECTION ( 'NONE',  ( -0.6427876096864910682, -0.7660444431190185366, 0.000000000000000000 ) ) ;
#1932 = ORIENTED_EDGE ( 'NONE', *, *, #1939, .F. ) ;
#1933 = CARTESIAN_POINT ( 'NONE',  ( 7.845480241500151664, -34.10936000250124778, 69.41841486166937614 ) ) ;
#1934 = ORIENTED_EDGE ( 'NONE', *, *, #4682, .T. ) ;
#1935 = VECTOR ( 'NONE', #5247, 1000.000000000000114 ) ;
#1936 = DIRECTION ( 'NONE',  ( -0.000000000000000000, 0.000000000000000000, 1.000000000000000000 ) ) ;
#1937 = MECHANICAL_DESIGN_GEOMETRIC_PRESENTATION_REPRESENTATION (  '', ( #5322 ), #5446 ) ;
#1938 = CARTESIAN_POINT ( 'NONE',  ( 8.742990943867981812, -33.89075126011876193, 54.28232543929561160 ) ) ;
#1939 = EDGE_CURVE ( 'NONE', #529, #1005, #5145, .T. ) ;
#1940 = PRESENTATION_LAYER_ASSIGNMENT (  '', '', ( #3927 ) ) ;
#1941 = EDGE_CURVE ( 'NONE', #3983, #6264, #7358, .T. ) ;
#1942 = CARTESIAN_POINT ( 'NONE',  ( -18.91434570980204910, -18.91434570980224805, 55.49999999999999289 ) ) ;
#1943 = ORIENTED_EDGE ( 'NONE', *, *, #7445, .T. ) ;
#1944 =( NAMED_UNIT ( * ) SI_UNIT ( $, .STERADIAN. ) SOLID_ANGLE_UNIT ( ) );
#1945 =( GEOMETRIC_REPRESENTATION_CONTEXT ( 3 ) GLOBAL_UNCERTAINTY_ASSIGNED_CONTEXT ( ( #731 ) ) GLOBAL_UNIT_ASSIGNED_CONTEXT ( ( #6859, #6818, #5636 ) ) REPRESENTATION_CONTEXT ( 'NONE', 'WORKASPACE' ) );
#1946 = DIRECTION ( 'NONE',  ( 1.000000000000000000, 0.000000000000000000, 0.000000000000000000 ) ) ;
#1947 = VERTEX_POINT ( 'NONE', #4454 ) ;
#1948 = FACE_BOUND ( 'NONE', #3293, .T. ) ;
#1949 = UNCERTAINTY_MEASURE_WITH_UNIT (LENGTH_MEASURE( 1.000000000000000082E-05 ), #1001, 'distance_accuracy_value', 'NONE');
#1950 = CARTESIAN_POINT ( 'NONE',  ( 14.24999999999984546, -26.84678751731768998, 67.50000000000000000 ) ) ;
#1951 = CARTESIAN_POINT ( 'NONE',  ( 24.63311137724478783, 24.86436037437337276, 68.25005803955802719 ) ) ;
#1952 = CARTESIAN_POINT ( 'NONE',  ( -23.14298219578689952, 4.080732175172792964, -14.84999999999999964 ) ) ;
#1953 = CARTESIAN_POINT ( 'NONE',  ( -34.10936000250129041, 7.845480241499960705, 55.49999999999999289 ) ) ;
#1954 = COLOUR_RGB ( '',1.000000000000000000, 1.000000000000000000, 1.000000000000000000 ) ;
#1955 = CARTESIAN_POINT ( 'NONE',  ( -34.10210355438571384, 7.877212449406024497, 55.17270578215241983 ) ) ;
#1956 = VECTOR ( 'NONE', #4142, 1000.000000000000227 ) ;
#1957 = CIRCLE ( 'NONE', #6339, 1.249999999999997558 ) ;
#1958 =( LENGTH_UNIT ( ) NAMED_UNIT ( * ) SI_UNIT ( .MILLI., .METRE. ) );
#1959 = LINE ( 'NONE', #220, #621 ) ;
#1960 = VERTEX_POINT ( 'NONE', #2157 ) ;
#1961 = CARTESIAN_POINT ( 'NONE',  ( -5.910116457458018502, 26.88648402932753356, 55.49999999999999289 ) ) ;
#1962 = CARTESIAN_POINT ( 'NONE',  ( 31.00000000000000000, -1.082359215041371340E-13, 73.00000000000000000 ) ) ;
#1963 = ORIENTED_EDGE ( 'NONE', *, *, #479, .F. ) ;
#1964 = CARTESIAN_POINT ( 'NONE',  ( 33.48097225825547696, -10.19928830482879611, 55.09744532331461642 ) ) ;
#1965 = PRESENTATION_LAYER_ASSIGNMENT (  '', '', ( #4591 ) ) ;
#1966 = PRESENTATION_STYLE_ASSIGNMENT (( #6678 ) ) ;
#1967 = DIRECTION ( 'NONE',  ( 0.2588190451025214611, -0.9659258262890682012, -0.000000000000000000 ) ) ;
#1968 = B_SPLINE_CURVE_WITH_KNOTS ( 'NONE', 3,
 ( #6737, #6622, #3616, #6057, #3072, #5473, #3764, #132, #2493, #6167, #836, #4871, #3183, #4276, #7375, #2026, #4473, #5736, #2221, #2760 ),
 .UNSPECIFIED., .F., .F.,
 ( 4, 2, 2, 2, 2, 2, 2, 2, 2, 4 ),
 ( 0.000000000000000000, 0.0004885477149880599517, 0.0009770954299761199034, 0.001465643144964179963, 0.001954190859952239807, 0.002442738574940299650, 0.002931286289928359927, 0.003419834004916419770, 0.003664107862410430176, 0.003908381719904441449 ),
 .UNSPECIFIED. ) ;
#1969 = CARTESIAN_POINT ( 'NONE',  ( 26.84678751731753010, -15.50000000000012612, 67.50000000000000000 ) ) ;
#1970 = LINE ( 'NONE', #4339, #6296 ) ;
#1971 = AXIS2_PLACEMENT_3D ( 'NONE', #822, #6045, #3609 ) ;
#1972 = AXIS2_PLACEMENT_3D ( 'NONE', #1133, #5128, #1703 ) ;
#1973 = CARTESIAN_POINT ( 'NONE',  ( -25.61683214824939725, -23.84906519527373092, 55.49999999999934630 ) ) ;
#1974 = CARTESIAN_POINT ( 'NONE',  ( -26.56296022294941395, 7.117523740319247061, 69.49999999999998579 ) ) ;
#1975 = CYLINDRICAL_SURFACE ( 'NONE', #4208, 1.249999999999986455 ) ;
#1976 = ORIENTED_EDGE ( 'NONE', *, *, #3045, .F. ) ;
#1977 = LINE ( 'NONE', #6156, #5234 ) ;
#1978 = ORIENTED_EDGE ( 'NONE', *, *, #6861, .F. ) ;
#1979 = CARTESIAN_POINT ( 'NONE',  ( 1.650000000000432898, 31.00000000000000000, 73.00000000000000000 ) ) ;
#1980 = CARTESIAN_POINT ( 'NONE',  ( 33.66000032175291778, 9.592190828937479097, 70.62377514882766150 ) ) ;
#1981 = STYLED_ITEM ( 'NONE', ( #973 ), #2645 ) ;
#1982 = CARTESIAN_POINT ( 'NONE',  ( 25.63262081801255476, -23.86485386504576667, 55.49999999999999289 ) ) ;
#1983 = PLANE ( 'NONE',  #6069 ) ;
#1984 = SURFACE_STYLE_FILL_AREA ( #6769 ) ;
#1985 = VERTEX_POINT ( 'NONE', #6266 ) ;
#1986 = VECTOR ( 'NONE', #2814, 1000.000000000000000 ) ;
#1987 = CARTESIAN_POINT ( 'NONE',  ( -33.94651078449908965, 8.522919225068772420, 56.62377514882768992 ) ) ;
#1988 = CARTESIAN_POINT ( 'NONE',  ( 26.84678751731786051, 15.49999999999956835, 73.00000000000000000 ) ) ;
#1989 = ADVANCED_FACE ( 'NONE', ( #6351 ), #14, .F. ) ;
#1990 = ORIENTED_EDGE ( 'NONE', *, *, #929, .T. ) ;
#1991 = CARTESIAN_POINT ( 'NONE',  ( 23.84906519527823932, 25.61683214824519794, 55.49999999999999289 ) ) ;
#1992 = CIRCLE ( 'NONE', #2983, 35.00000000000000711 ) ;
#1993 = DIRECTION ( 'NONE',  ( 0.000000000000000000, 0.000000000000000000, 1.000000000000000000 ) ) ;
#1994 = ADVANCED_FACE ( 'NONE', ( #3352 ), #3205, .F. ) ;
#1995 = CARTESIAN_POINT ( 'NONE',  ( 25.61683214824458688, 23.84906519527893209, 69.41841486166940456 ) ) ;
#1996 = PRESENTATION_LAYER_ASSIGNMENT (  '', '', ( #6106 ) ) ;
#1997 = PRODUCT ( '60\X2\51738282\X0\-20260520', '60\X2\51738282\X0\-20260520', '', ( #5130 ) ) ;
#1998 = DIRECTION ( 'NONE',  ( 0.000000000000000000, 0.000000000000000000, 1.000000000000000000 ) ) ;
#1999 = CARTESIAN_POINT ( 'NONE',  ( -33.72174701653632667, 9.373723367612345925, 54.28232543929561160 ) ) ;
#2000 = ORIENTED_EDGE ( 'NONE', *, *, #4429, .F. ) ;
#2001 = FACE_OUTER_BOUND ( 'NONE', #6223, .T. ) ;
#2002 = SURFACE_SIDE_STYLE ('',( #6711 ) ) ;
#2003 = ORIENTED_EDGE ( 'NONE', *, *, #2156, .T. ) ;
#2004 = DIRECTION ( 'NONE',  ( 1.000000000000000000, 0.000000000000000000, 0.000000000000000000 ) ) ;
#2005 = CARTESIAN_POINT ( 'NONE',  ( -25.44523616284812206, 24.03233799897551748, 68.73126142467575050 ) ) ;
#2006 = FILL_AREA_STYLE ('',( #4539 ) ) ;
#2007 = CONICAL_SURFACE ( 'NONE', #6731, 1.249999999999997558, 1.029744258676649205 ) ;
#2008 =( NAMED_UNIT ( * ) PLANE_ANGLE_UNIT ( ) SI_UNIT ( $, .RADIAN. ) );
#2009 = CIRCLE ( 'NONE', #3736, 1.649999999999998579 ) ;
#2010 =( LENGTH_UNIT ( ) NAMED_UNIT ( * ) SI_UNIT ( .MILLI., .METRE. ) );
#2011 = DIRECTION ( 'NONE',  ( 1.000000000000000000, 0.000000000000000000, 0.000000000000000000 ) ) ;
#2012 = EDGE_CURVE ( 'NONE', #516, #7537, #5207, .T. ) ;
#2013 = CARTESIAN_POINT ( 'NONE',  ( 33.50838199766757697, 10.10901967084403630, 68.86992887182175593 ) ) ;
#2014 =( LENGTH_UNIT ( ) NAMED_UNIT ( * ) SI_UNIT ( .MILLI., .METRE. ) );
#2015 = DIRECTION ( 'NONE',  ( -0.000000000000000000, -0.000000000000000000, 1.000000000000000000 ) ) ;
#2016 = ORIENTED_EDGE ( 'NONE', *, *, #5503, .T. ) ;
#2017 = CARTESIAN_POINT ( 'NONE',  ( -23.96402182591192798, 25.50940096970254700, 56.12841670645251213 ) ) ;
#2018 = EDGE_LOOP ( 'NONE', ( #3926, #1433, #3005 ) ) ;
#2019 = CARTESIAN_POINT ( 'NONE',  ( -26.23943641657126946, 8.324931023180571543, 55.49999999999999289 ) ) ;
#2020 = CARTESIAN_POINT ( 'NONE',  ( 26.84678751731763313, 15.49999999999993783, 73.00000000000000000 ) ) ;
#2021 = ADVANCED_FACE ( 'NONE', ( #3476 ), #2723, .F. ) ;
#2022 = DIRECTION ( 'NONE',  ( -0.000000000000000000, -0.000000000000000000, 1.000000000000000000 ) ) ;
#2023 = DIRECTION ( 'NONE',  ( 0.000000000000000000, 0.000000000000000000, 1.000000000000000000 ) ) ;
#2024 = EDGE_LOOP ( 'NONE', ( #7618, #5873, #1084 ) ) ;
#2025 = CARTESIAN_POINT ( 'NONE',  ( 28.09678751731752655, -15.50000000000012612, 67.50000000000000000 ) ) ;
#2026 = CARTESIAN_POINT ( 'NONE',  ( -34.09501667146572146, -7.907643356624268982, 69.09744532331460221 ) ) ;
#2027 = ORIENTED_EDGE ( 'NONE', *, *, #6110, .T. ) ;
#2028 = EDGE_CURVE ( 'NONE', #705, #4673, #3596, .T. ) ;
#2029 = ORIENTED_EDGE ( 'NONE', *, *, #3920, .F. ) ;
#2030 = DIRECTION ( 'NONE',  ( -0.7071067811865461294, -0.7071067811865489050, 0.000000000000000000 ) ) ;
#2031 = ADVANCED_FACE ( 'NONE', ( #4625 ), #2855, .F. ) ;
#2032 = ORIENTED_EDGE ( 'NONE', *, *, #3066, .F. ) ;
#2033 = CARTESIAN_POINT ( 'NONE',  ( -19.44543648262997237, -19.44543648263017488, 55.49999999999999289 ) ) ;
#2034 = CARTESIAN_POINT ( 'NONE',  ( -33.89113427247269783, 8.741490271134914281, 54.28287014335595728 ) ) ;
#2035 = ADVANCED_FACE ( 'NONE', ( #1659 ), #1624, .F. ) ;
#2036 = EDGE_CURVE ( 'NONE', #4053, #3968, #1049, .T. ) ;
#2037 = EDGE_LOOP ( 'NONE', ( #1648, #2132, #4284, #4492 ) ) ;
#2038 = CARTESIAN_POINT ( 'NONE',  ( -15.50000000000022027, -26.84678751731747326, 67.50000000000000000 ) ) ;
#2039 = VERTEX_POINT ( 'NONE', #2630 ) ;
#2040 = DIRECTION ( 'NONE',  ( -0.000000000000000000, -0.000000000000000000, 1.000000000000000000 ) ) ;
#2041 = ORIENTED_EDGE ( 'NONE', *, *, #6459, .T. ) ;
#2042 = CONICAL_SURFACE ( 'NONE', #7524, 1.249999999999985789, 1.029744258676644764 ) ;
#2043 = CARTESIAN_POINT ( 'NONE',  ( 31.00000000000000355, -5.429684479807406206E-13, 73.00000000000000000 ) ) ;
#2044 = LINE ( 'NONE', #4408, #5557 ) ;
#2045 =( NAMED_UNIT ( * ) SI_UNIT ( $, .STERADIAN. ) SOLID_ANGLE_UNIT ( ) );
#2046 = CARTESIAN_POINT ( 'NONE',  ( -25.58945755559290447, -23.87844043421761242, 55.17537727027524852 ) ) ;
#2047 =( NAMED_UNIT ( * ) SI_UNIT ( $, .STERADIAN. ) SOLID_ANGLE_UNIT ( ) );
#2048 = CARTESIAN_POINT ( 'NONE',  ( -24.98002454800072059, -24.51573417385849396, 56.71716962019198860 ) ) ;
#2049 = CARTESIAN_POINT ( 'NONE',  ( -10.77964482471933216, 9.697899641309026819, -12.34999999999999964 ) ) ;
#2050 = SURFACE_STYLE_USAGE ( .BOTH. , #6725 ) ;
#2051 = EDGE_LOOP ( 'NONE', ( #5676, #4193 ) ) ;
#2052 = ORIENTED_EDGE ( 'NONE', *, *, #3624, .F. ) ;
#2053 = CARTESIAN_POINT ( 'NONE',  ( -33.60247514953422154, -9.791745369165759882, 56.49490063177622545 ) ) ;
#2054 = EDGE_CURVE ( 'NONE', #4034, #5642, #1622, .T. ) ;
#2055 = CARTESIAN_POINT ( 'NONE',  ( 0.000000000000000000, 0.000000000000000000, -15.35000000000000320 ) ) ;
#2056 =( GEOMETRIC_REPRESENTATION_CONTEXT ( 3 ) GLOBAL_UNCERTAINTY_ASSIGNED_CONTEXT ( ( #2496 ) ) GLOBAL_UNIT_ASSIGNED_CONTEXT ( ( #5935, #3522, #2327 ) ) REPRESENTATION_CONTEXT ( 'NONE', 'WORKASPACE' ) );
#2057 = EDGE_CURVE ( 'NONE', #7142, #3433, #5871, .T. ) ;
#2058 = FILL_AREA_STYLE_COLOUR ( '', #5549 ) ;
#2059 = AXIS2_PLACEMENT_3D ( 'NONE', #7383, #1998, #5021 ) ;
#2060 = DIRECTION ( 'NONE',  ( -0.000000000000000000, -0.000000000000000000, 1.000000000000000000 ) ) ;
#2061 = COLOUR_RGB ( '',1.000000000000000000, 1.000000000000000000, 1.000000000000000000 ) ;
#2062 = ORIENTED_EDGE ( 'NONE', *, *, #2932, .T. ) ;
#2063 = CARTESIAN_POINT ( 'NONE',  ( 24.74873734152886229, 24.74873734152946980, 69.49999999999998579 ) ) ;
#2064 = EDGE_CURVE ( 'NONE', #2083, #6374, #7670, .T. ) ;
#2065 = MECHANICAL_DESIGN_GEOMETRIC_PRESENTATION_REPRESENTATION (  '', ( #6786 ), #4171 ) ;
#2066 = ORIENTED_EDGE ( 'NONE', *, *, #4246, .T. ) ;
#2067 = DIRECTION ( 'NONE',  ( 0.9659258262890708657, -0.2588190451025111360, -0.000000000000000000 ) ) ;
#2068 = FILL_AREA_STYLE_COLOUR ( '', #3392 ) ;
#2069 = AXIS2_PLACEMENT_3D ( 'NONE', #6751, #4960, #4495 ) ;
#2070 = EDGE_LOOP ( 'NONE', ( #3754, #5045, #4639 ) ) ;
#2071 = ADVANCED_FACE ( 'NONE', ( #2593 ), #4504, .F. ) ;
#2072 = CARTESIAN_POINT ( 'NONE',  ( 9.799659445077292474, 33.60029679248300027, 70.49858126598913088 ) ) ;
#2073 = CIRCLE ( 'NONE', #7310, 1.000000000000000888 ) ;
#2074 = EDGE_LOOP ( 'NONE', ( #319, #2151, #6184 ) ) ;
#2075 = DIRECTION ( 'NONE',  ( -0.000000000000000000, -0.000000000000000000, 1.000000000000000000 ) ) ;
#2076 = CARTESIAN_POINT ( 'NONE',  ( -23.89572836663666777, 25.57332890163118222, 55.09744532331458799 ) ) ;
#2077 = ORIENTED_EDGE ( 'NONE', *, *, #5011, .F. ) ;
#2078 = DIRECTION ( 'NONE',  ( -1.000000000000000000, 0.000000000000000000, 0.000000000000000000 ) ) ;
#2079 = CARTESIAN_POINT ( 'NONE',  ( -19.44543648263010382, 19.44543648263003277, 69.49999999999998579 ) ) ;
#2080 = STYLED_ITEM ( 'NONE', ( #6248 ), #4452 ) ;
#2081 = ORIENTED_EDGE ( 'NONE', *, *, #3033, .F. ) ;
#2082 = LINE ( 'NONE', #3231, #3852 ) ;
#2083 = VERTEX_POINT ( 'NONE', #2702 ) ;
#2084 = CARTESIAN_POINT ( 'NONE',  ( 7.845480241493476115, -34.10936000250277544, 69.49999999999936051 ) ) ;
#2085 = CARTESIAN_POINT ( 'NONE',  ( 33.50838199766757697, 10.10901967084403275, 54.86992887182174883 ) ) ;
#2086 = EDGE_CURVE ( 'NONE', #7312, #2131, #382, .T. ) ;
#2087 = VECTOR ( 'NONE', #447, 1000.000000000000000 ) ;
#2088 = CYLINDRICAL_SURFACE ( 'NONE', #6465, 1.249999999999988232 ) ;
#2089 = VECTOR ( 'NONE', #690, 1000.000000000000000 ) ;
#2090 = LINE ( 'NONE', #5721, #457 ) ;
#2091 = DIRECTION ( 'NONE',  ( -0.000000000000000000, -0.000000000000000000, 1.000000000000000000 ) ) ;
#2092 = COLOUR_RGB ( '',1.000000000000000000, 1.000000000000000000, 1.000000000000000000 ) ;
#2093 = SURFACE_STYLE_FILL_AREA ( #5095 ) ;
#2094 = ORIENTED_EDGE ( 'NONE', *, *, #674, .T. ) ;
#2095 = CARTESIAN_POINT ( 'NONE',  ( -42.04961241126131455, 0.000000000000000000, 72.50000000000000000 ) ) ;
#2096 = AXIS2_PLACEMENT_3D ( 'NONE', #1661, #6919, #4584 ) ;
#2097 = LINE ( 'NONE', #433, #2433 ) ;
#2098 = PRESENTATION_STYLE_ASSIGNMENT (( #901 ) ) ;
#2099 = AXIS2_PLACEMENT_3D ( 'NONE', #3819, #6291, #6222 ) ;
#2100 = DIRECTION ( 'NONE',  ( 0.9702957262759965840, 0.2419218955996669806, 0.000000000000000000 ) ) ;
#2101 = EDGE_LOOP ( 'NONE', ( #5511, #5678 ) ) ;
#2102 = DIRECTION ( 'NONE',  ( -0.7071067811865487940, 0.7071067811865462405, -0.000000000000000000 ) ) ;
#2103 = VERTEX_POINT ( 'NONE', #3796 ) ;
#2104 = FILL_AREA_STYLE_COLOUR ( '', #1954 ) ;
#2105 = UNCERTAINTY_MEASURE_WITH_UNIT (LENGTH_MEASURE( 1.000000000000000082E-05 ), #7509, 'distance_accuracy_value', 'NONE');
#2106 =( GEOMETRIC_REPRESENTATION_CONTEXT ( 3 ) GLOBAL_UNCERTAINTY_ASSIGNED_CONTEXT ( ( #3890 ) ) GLOBAL_UNIT_ASSIGNED_CONTEXT ( ( #5964, #6632, #4849 ) ) REPRESENTATION_CONTEXT ( 'NONE', 'WORKASPACE' ) );
#2107 = CARTESIAN_POINT ( 'NONE',  ( -24.74873734152904348, -24.74873734152930638, 69.49999999999998579 ) ) ;
#2108 = CARTESIAN_POINT ( 'NONE',  ( 7.845480241499603657, 34.10936000250137567, 55.49999999999999289 ) ) ;
#2109 = VERTEX_POINT ( 'NONE', #3914 ) ;
#2110 = LINE ( 'NONE', #2231, #4274 ) ;
#2111 = DIRECTION ( 'NONE',  ( -0.9659258262890692004, 0.2588190451025179084, -0.000000000000000000 ) ) ;
#2112 = VERTEX_POINT ( 'NONE', #976 ) ;
#2113 = DIRECTION ( 'NONE',  ( 1.000000000000000000, 0.000000000000000000, 0.000000000000000000 ) ) ;
#2114 = AXIS2_PLACEMENT_3D ( 'NONE', #1548, #1475, #1432 ) ;
#2115 = EDGE_CURVE ( 'NONE', #3578, #6118, #1977, .T. ) ;
#2116 = CYLINDRICAL_SURFACE ( 'NONE', #1847, 1.649999999999998579 ) ;
#2117 = FILL_AREA_STYLE ('',( #1044 ) ) ;
#2118 = DIRECTION ( 'NONE',  ( -0.000000000000000000, -0.000000000000000000, 1.000000000000000000 ) ) ;
#2119 = ORIENTED_EDGE ( 'NONE', *, *, #296, .F. ) ;
#2120 = SURFACE_SIDE_STYLE ('',( #1384 ) ) ;
#2121 = ORIENTED_EDGE ( 'NONE', *, *, #5621, .F. ) ;
#2122 = CARTESIAN_POINT ( 'NONE',  ( -25.61683214824494925, 23.84906519527850932, 69.49999999999998579 ) ) ;
#2123 = CARTESIAN_POINT ( 'NONE',  ( 33.46231238974484512, 10.26029480722307952, 55.33480505326376431 ) ) ;
#2124 = ORIENTED_EDGE ( 'NONE', *, *, #5280, .F. ) ;
#2125 = DIRECTION ( 'NONE',  ( -0.5000000000000039968, -0.8660254037844363761, 0.000000000000000000 ) ) ;
#2126 = CARTESIAN_POINT ( 'NONE',  ( -10.22918568500011993, 33.47189422528865776, 69.17270578215243404 ) ) ;
#2127 = CARTESIAN_POINT ( 'NONE',  ( 23.89572836663685251, -25.57332890163101524, 55.09744532331458799 ) ) ;
#2128 = CARTESIAN_POINT ( 'NONE',  ( -10.19928830482890980, -33.48097225825543433, 55.09744532331460931 ) ) ;
#2129 = ADVANCED_FACE ( 'NONE', ( #860, #3212, #5617, #390, #1171, #2900, #1747 ), #2864, .T. ) ;
#2130 = EDGE_LOOP ( 'NONE', ( #4427, #5704, #965, #6868 ) ) ;
#2131 = VERTEX_POINT ( 'NONE', #4105 ) ;
#2132 = ORIENTED_EDGE ( 'NONE', *, *, #1283, .T. ) ;
#2133 = PRESENTATION_STYLE_ASSIGNMENT (( #3282 ) ) ;
#2134 = CARTESIAN_POINT ( 'NONE',  ( 10.10918306013501677, 33.50833267993251496, 54.87019983082778651 ) ) ;
#2135 = DIRECTION ( 'NONE',  ( 0.7071067811865537900, -0.7071067811865412445, -0.000000000000000000 ) ) ;
#2136 = FACE_OUTER_BOUND ( 'NONE', #1864, .T. ) ;
#2137 = ORIENTED_EDGE ( 'NONE', *, *, #3765, .T. ) ;
#2138 = DIRECTION ( 'NONE',  ( -0.000000000000000000, 0.000000000000000000, 1.000000000000000000 ) ) ;
#2139 = ORIENTED_EDGE ( 'NONE', *, *, #6774, .T. ) ;
#2140 = ADVANCED_FACE ( 'NONE', ( #2819 ), #1134, .F. ) ;
#2141 = EDGE_LOOP ( 'NONE', ( #2662, #563, #6956, #2242 ) ) ;
#2142 = SURFACE_STYLE_FILL_AREA ( #5191 ) ;
#2143 = ORIENTED_EDGE ( 'NONE', *, *, #1616, .T. ) ;
#2144 = DIRECTION ( 'NONE',  ( -0.000000000000000000, -0.000000000000000000, 1.000000000000000000 ) ) ;
#2145 = CARTESIAN_POINT ( 'NONE',  ( 33.72126086098817410, -9.375468758798110258, 56.71716962019199570 ) ) ;
#2146 = ORIENTED_EDGE ( 'NONE', *, *, #2164, .T. ) ;
#2147 = CARTESIAN_POINT ( 'NONE',  ( 10.26029480722239384, 33.46231238974506539, 55.66313326947208395 ) ) ;
#2148 = EDGE_LOOP ( 'NONE', ( #1723, #7140 ) ) ;
#2149 = ADVANCED_FACE ( 'NONE', ( #5892 ), #6366, .F. ) ;
#2150 = EDGE_CURVE ( 'NONE', #2738, #5950, #6430, .T. ) ;
#2151 = ORIENTED_EDGE ( 'NONE', *, *, #4170, .T. ) ;
#2152 = CARTESIAN_POINT ( 'NONE',  ( 33.80740392011748696, -9.058666578587894591, 69.49999999999998579 ) ) ;
#2153 = DIRECTION ( 'NONE',  ( -0.8571673007021092250, 1.049727191138614998E-16, 0.5150380749100592626 ) ) ;
#2154 = EDGE_LOOP ( 'NONE', ( #2355, #3729, #6466 ) ) ;
#2155 = CARTESIAN_POINT ( 'NONE',  ( 26.56296022294930737, 7.117523740319618319, 69.49999999999998579 ) ) ;
#2156 = EDGE_CURVE ( 'NONE', #4392, #4336, #4025, .T. ) ;
#2157 = CARTESIAN_POINT ( 'NONE',  ( -2.020930707177479894E-15, 31.00000000000000000, 66.74892422621554999 ) ) ;
#2158 = EDGE_CURVE ( 'NONE', #6331, #834, #5216, .T. ) ;
#2159 = CARTESIAN_POINT ( 'NONE',  ( 14.24999999999984546, -26.84678751731768998, 67.50000000000000000 ) ) ;
#2160 = CARTESIAN_POINT ( 'NONE',  ( -8.901579399977514129, 33.84949744289199458, 68.24994211835186775 ) ) ;
#2161 = CARTESIAN_POINT ( 'NONE',  ( 24.30006167257697314, -25.18987721940609958, 54.40755231783179369 ) ) ;
#2162 = LINE ( 'NONE', #3912, #2968 ) ;
#2163 = DIRECTION ( 'NONE',  ( 0.7071067811865405783, 0.7071067811865544561, 0.000000000000000000 ) ) ;
#2164 = EDGE_CURVE ( 'NONE', #5863, #3968, #4348, .T. ) ;
#2165 = DIRECTION ( 'NONE',  ( -0.9659258262890683122, -0.2588190451025205174, 0.000000000000000000 ) ) ;
#2166 = EDGE_LOOP ( 'NONE', ( #3580, #5832 ) ) ;
#2167 = DIRECTION ( 'NONE',  ( -0.000000000000000000, -0.000000000000000000, -1.000000000000000000 ) ) ;
#2168 = DIRECTION ( 'NONE',  ( 1.000000000000000000, 0.000000000000000000, 0.000000000000000000 ) ) ;
#2169 = AXIS2_PLACEMENT_3D ( 'NONE', #3561, #5450, #1886 ) ;
#2170 = AXIS2_PLACEMENT_3D ( 'NONE', #7631, #2240, #4649 ) ;
#2171 = VECTOR ( 'NONE', #4983, 1000.000000000000000 ) ;
#2172 = FACE_OUTER_BOUND ( 'NONE', #4506, .T. ) ;
#2173 = FACE_OUTER_BOUND ( 'NONE', #3414, .T. ) ;
#2174 = CARTESIAN_POINT ( 'NONE',  ( 25.44615196647965405, 24.03137496534112572, 54.73257693896660925 ) ) ;
#2175 = CARTESIAN_POINT ( 'NONE',  ( -33.80740392011735906, -9.058666578588368878, 69.49999999999998579 ) ) ;
#2176 = ORIENTED_EDGE ( 'NONE', *, *, #2890, .F. ) ;
#2177 = VECTOR ( 'NONE', #2906, 999.9999999999998863 ) ;
#2178 = CIRCLE ( 'NONE', #1925, 1.249999999999997558 ) ;
#2179 = DIRECTION ( 'NONE',  ( 0.7071067811865388020, 0.7071067811865563435, -0.000000000000000000 ) ) ;
#2180 = EDGE_CURVE ( 'NONE', #6840, #3629, #1589, .T. ) ;
#2181 = CONICAL_SURFACE ( 'NONE', #5809, 1.249999999999988010, 1.029744258676646318 ) ;
#2182 = ORIENTED_EDGE ( 'NONE', *, *, #7332, .F. ) ;
#2183 = ADVANCED_FACE ( 'NONE', ( #3393 ), #5763, .F. ) ;
#2184 = DIRECTION ( 'NONE',  ( 0.000000000000000000, 0.000000000000000000, 1.000000000000000000 ) ) ;
#2185 = UNCERTAINTY_MEASURE_WITH_UNIT (LENGTH_MEASURE( 1.000000000000000082E-05 ), #3744, 'distance_accuracy_value', 'NONE');
#2186 = CIRCLE ( 'NONE', #3664, 1.649999999999998579 ) ;
#2187 = VECTOR ( 'NONE', #506, 1000.000000000000114 ) ;
#2188 = VERTEX_POINT ( 'NONE', #6965 ) ;
#2189 = CARTESIAN_POINT ( 'NONE',  ( 1.649999999999348654, -31.00000000000000000, 73.00000000000000000 ) ) ;
#2190 = DIRECTION ( 'NONE',  ( 1.000000000000000000, 0.000000000000000000, 0.000000000000000000 ) ) ;
#2191 = VERTEX_POINT ( 'NONE', #4629 ) ;
#2192 = CARTESIAN_POINT ( 'NONE',  ( 10.22918568500011993, -33.47189422528865776, 69.17270578215243404 ) ) ;
#2193 = FACE_BOUND ( 'NONE', #7342, .T. ) ;
#2194 = CIRCLE ( 'NONE', #5177, 1.249999999999987566 ) ;
#2195 = DIRECTION ( 'NONE',  ( 0.2588190451025076944, 0.9659258262890718649, -0.000000000000000000 ) ) ;
#2196 = ORIENTED_EDGE ( 'NONE', *, *, #4264, .T. ) ;
#2197 = CIRCLE ( 'NONE', #4289, 28.00000000000000000 ) ;
#2198 = FILL_AREA_STYLE_COLOUR ( '', #7567 ) ;
#2199 = VECTOR ( 'NONE', #2356, 1000.000000000000000 ) ;
#2200 = DIRECTION ( 'NONE',  ( 0.9659258262890708657, -0.2588190451025111360, -0.000000000000000000 ) ) ;
#2201 = DIRECTION ( 'NONE',  ( 1.000000000000000000, 0.000000000000000000, 0.000000000000000000 ) ) ;
#2202 = ORIENTED_EDGE ( 'NONE', *, *, #5766, .F. ) ;
#2203 = DIRECTION ( 'NONE',  ( 0.000000000000000000, -0.000000000000000000, 1.000000000000000000 ) ) ;
#2204 = PRESENTATION_STYLE_ASSIGNMENT (( #2894 ) ) ;
#2205 = CIRCLE ( 'NONE', #2941, 1.249999999999988232 ) ;
#2206 = FACE_BOUND ( 'NONE', #1490, .T. ) ;
#2207 = CARTESIAN_POINT ( 'NONE',  ( -10.77964482471933216, 9.697899641309026819, -12.34999999999999964 ) ) ;
#2208 = CARTESIAN_POINT ( 'NONE',  ( 8.898408164504639117, -33.85033993624914217, 70.74986216034434960 ) ) ;
#2209 = ORIENTED_EDGE ( 'NONE', *, *, #2597, .T. ) ;
#2210 = DIRECTION ( 'NONE',  ( 0.9659258262890698665, -0.2588190451025149663, 0.000000000000000000 ) ) ;
#2211 = CARTESIAN_POINT ( 'NONE',  ( 24.74873734152886229, 24.74873734152946980, 55.49999999999999289 ) ) ;
#2212 = ORIENTED_EDGE ( 'NONE', *, *, #4695, .F. ) ;
#2213 = LINE ( 'NONE', #899, #1698 ) ;
#2214 = MECHANICAL_DESIGN_GEOMETRIC_PRESENTATION_REPRESENTATION (  '', ( #2080 ), #6806 ) ;
#2215 = SURFACE_STYLE_FILL_AREA ( #5221 ) ;
#2216 = CIRCLE ( 'NONE', #4709, 4.500000000000000888 ) ;
#2217 = VERTEX_POINT ( 'NONE', #3990 ) ;
#2218 = DIRECTION ( 'NONE',  ( -0.000000000000000000, -0.000000000000000000, 1.000000000000000000 ) ) ;
#2219 = MECHANICAL_DESIGN_GEOMETRIC_PRESENTATION_REPRESENTATION (  '', ( #3083 ), #1117 ) ;
#2220 = ORIENTED_EDGE ( 'NONE', *, *, #6607, .T. ) ;
#2221 = CARTESIAN_POINT ( 'NONE',  ( -34.10936000250121936, -7.845480241500269791, 69.41841486166937614 ) ) ;
#2222 = EDGE_LOOP ( 'NONE', ( #4385, #1401 ) ) ;
#2223 = MECHANICAL_DESIGN_GEOMETRIC_PRESENTATION_REPRESENTATION (  '', ( #4455 ), #362 ) ;
#2224 = CARTESIAN_POINT ( 'NONE',  ( -6.923131025748809897, 25.83747673555092916, 55.49999999999999289 ) ) ;
#2225 = ORIENTED_EDGE ( 'NONE', *, *, #5639, .T. ) ;
#2226 = PRESENTATION_STYLE_ASSIGNMENT (( #2882 ) ) ;
#2227 = VECTOR ( 'NONE', #1284, 1000.000000000000000 ) ;
#2228 = DIRECTION ( 'NONE',  ( -0.000000000000000000, -0.000000000000000000, 1.000000000000000000 ) ) ;
#2229 = ORIENTED_EDGE ( 'NONE', *, *, #1269, .T. ) ;
#2230 = AXIS2_PLACEMENT_3D ( 'NONE', #108, #668, #60 ) ;
#2231 = CARTESIAN_POINT ( 'NONE',  ( -1.249999999999998002, -31.00000000000000000, 75.00000000000000000 ) ) ;
#2232 =( NAMED_UNIT ( * ) PLANE_ANGLE_UNIT ( ) SI_UNIT ( $, .RADIAN. ) );
#2233 = EDGE_CURVE ( 'NONE', #190, #3641, #1992, .T. ) ;
#2234 = CARTESIAN_POINT ( 'NONE',  ( 7.117523740318969061, 26.56296022294948500, 55.49999999999999289 ) ) ;
#2235 = ORIENTED_EDGE ( 'NONE', *, *, #4564, .T. ) ;
#2236 = CIRCLE ( 'NONE', #513, 1.000000000000000888 ) ;
#2237 = CARTESIAN_POINT ( 'NONE',  ( -9.058666578588010054, -33.80740392011745854, 55.49999999999999289 ) ) ;
#2238 = ADVANCED_FACE ( 'NONE', ( #1093 ), #5241, .F. ) ;
#2239 = VERTEX_POINT ( 'NONE', #1 ) ;
#2240 = DIRECTION ( 'NONE',  ( 0.2588190451025214611, -0.9659258262890682012, -0.000000000000000000 ) ) ;
#2241 = CARTESIAN_POINT ( 'NONE',  ( -25.50897568155069806, -23.96447580921414655, 68.87019983082780072 ) ) ;
#2242 = ORIENTED_EDGE ( 'NONE', *, *, #3402, .F. ) ;
#2243 = CARTESIAN_POINT ( 'NONE',  ( 1.320077352706858093E-15, 4.448690208978667384E-15, -12.34999999999999964 ) ) ;
#2244 = CARTESIAN_POINT ( 'NONE',  ( 15.50000000000003197, 26.84678751731757984, 73.00000000000000000 ) ) ;
#2245 = DIRECTION ( 'NONE',  ( -0.9659258262890692004, 0.2588190451025179084, -0.000000000000000000 ) ) ;
#2246 = FACE_OUTER_BOUND ( 'NONE', #1657, .T. ) ;
#2247 = AXIS2_PLACEMENT_3D ( 'NONE', #4335, #5034, #4372 ) ;
#2248 = CARTESIAN_POINT ( 'NONE',  ( -8.449532112276891382, 33.96510442650515671, 68.40755231783181500 ) ) ;
#2249 = SURFACE_STYLE_FILL_AREA ( #5890 ) ;
#2250 = DIRECTION ( 'NONE',  ( -1.000000000000000000, 0.000000000000000000, 0.000000000000000000 ) ) ;
#2251 = ORIENTED_EDGE ( 'NONE', *, *, #454, .T. ) ;
#2252 = DIRECTION ( 'NONE',  ( 1.000000000000000000, 0.000000000000000000, 0.000000000000000000 ) ) ;
#2253 =( NAMED_UNIT ( * ) PLANE_ANGLE_UNIT ( ) SI_UNIT ( $, .RADIAN. ) );
#2254 = EDGE_CURVE ( 'NONE', #1005, #529, #4311, .T. ) ;
#2255 =( NAMED_UNIT ( * ) PLANE_ANGLE_UNIT ( ) SI_UNIT ( $, .RADIAN. ) );
#2256 = DIRECTION ( 'NONE',  ( 1.000000000000000000, 0.000000000000000000, 0.000000000000000000 ) ) ;
#2257 = FACE_OUTER_BOUND ( 'NONE', #4471, .T. ) ;
#2258 = ORIENTED_EDGE ( 'NONE', *, *, #919, .F. ) ;
#2259 = CARTESIAN_POINT ( 'NONE',  ( -21.45764104638807979, -26.37365429219775592, 0.000000000000000000 ) ) ;
#2260 = VERTEX_POINT ( 'NONE', #742 ) ;
#2261 = EDGE_CURVE ( 'NONE', #1136, #4836, #703, .T. ) ;
#2262 = CARTESIAN_POINT ( 'NONE',  ( -7.117523740319154690, -26.56296022294944237, 55.49999999999999289 ) ) ;
#2263 = ORIENTED_EDGE ( 'NONE', *, *, #6344, .F. ) ;
#2264 = SURFACE_STYLE_FILL_AREA ( #569 ) ;
#2265 = ORIENTED_EDGE ( 'NONE', *, *, #3786, .T. ) ;
#2266 = FACE_OUTER_BOUND ( 'NONE', #5640, .T. ) ;
#2267 = ORIENTED_EDGE ( 'NONE', *, *, #3357, .T. ) ;
#2268 = DIRECTION ( 'NONE',  ( -1.000000000000000000, 0.000000000000000000, 0.000000000000000000 ) ) ;
#2269 = CARTESIAN_POINT ( 'NONE',  ( 0.000000000000000000, 0.000000000000000000, 76.00000000000000000 ) ) ;
#2270 = EDGE_CURVE ( 'NONE', #552, #7131, #6842, .T. ) ;
#2271 = FACE_OUTER_BOUND ( 'NONE', #7203, .T. ) ;
#2272 = CARTESIAN_POINT ( 'NONE',  ( -9.666382833009283360, -33.63902334235813640, 70.59162368380859220 ) ) ;
#2273 = EDGE_CURVE ( 'NONE', #3279, #2296, #6108, .T. ) ;
#2274 = DIRECTION ( 'NONE',  ( 0.7071067811865405783, 0.7071067811865544561, 0.000000000000000000 ) ) ;
#2275 = ORIENTED_EDGE ( 'NONE', *, *, #4238, .T. ) ;
#2276 = DIRECTION ( 'NONE',  ( 0.000000000000000000, 0.000000000000000000, 1.000000000000000000 ) ) ;
#2277 = CARTESIAN_POINT ( 'NONE',  ( 15.49999999999946887, -26.84678751731790669, 73.00000000000000000 ) ) ;
#2278 = CARTESIAN_POINT ( 'NONE',  ( -26.84678751731773971, -15.49999999999974953, 67.50000000000000000 ) ) ;
#2279 = ADVANCED_FACE ( 'NONE', ( #4181 ), #1147, .F. ) ;
#2280 = ADVANCED_FACE ( 'NONE', ( #5411 ), #2431, .T. ) ;
#2281 = EDGE_CURVE ( 'NONE', #3970, #1612, #3598, .T. ) ;
#2282 = FACE_BOUND ( 'NONE', #1272, .T. ) ;
#2283 = CARTESIAN_POINT ( 'NONE',  ( -1.649999999999565370, 31.00000000000000000, 75.00000000000000000 ) ) ;
#2284 = CARTESIAN_POINT ( 'NONE',  ( 25.61683214824511978, -23.84906519527833169, 55.49999999999999289 ) ) ;
#2285 = CARTESIAN_POINT ( 'NONE',  ( 0.000000000000000000, 0.000000000000000000, 0.000000000000000000 ) ) ;
#2286 = EDGE_LOOP ( 'NONE', ( #2303, #270, #1638, #7465 ) ) ;
#2287 = FACE_OUTER_BOUND ( 'NONE', #4494, .T. ) ;
#2288 =( LENGTH_UNIT ( ) NAMED_UNIT ( * ) SI_UNIT ( .MILLI., .METRE. ) );
#2289 = DIRECTION ( 'NONE',  ( -0.2588190451025144112, -0.9659258262890699775, -0.000000000000000000 ) ) ;
#2290 = CARTESIAN_POINT ( 'NONE',  ( -26.84678751731741997, 15.50000000000031442, 67.50000000000000000 ) ) ;
#2291 = CARTESIAN_POINT ( 'NONE',  ( -7.998751193233167633, 34.07380018804175847, 70.12841670645251213 ) ) ;
#2292 = ORIENTED_EDGE ( 'NONE', *, *, #4900, .T. ) ;
#2293 = EDGE_CURVE ( 'NONE', #1354, #5108, #3602, .T. ) ;
#2294 = ORIENTED_EDGE ( 'NONE', *, *, #5918, .F. ) ;
#2295 = CARTESIAN_POINT ( 'NONE',  ( -9.592190828937129154, 33.66000032175303147, 56.62377514882768992 ) ) ;
#2296 = VERTEX_POINT ( 'NONE', #5564 ) ;
#2297 = AXIS2_PLACEMENT_3D ( 'NONE', #4894, #4163, #1355 ) ;
#2298 = VECTOR ( 'NONE', #5290, 1000.000000000000114 ) ;
#2299 = DIRECTION ( 'NONE',  ( 0.9659258262890698665, -0.2588190451025149663, 0.000000000000000000 ) ) ;
#2300 = ORIENTED_EDGE ( 'NONE', *, *, #115, .F. ) ;
#2301 = DIRECTION ( 'NONE',  ( -0.000000000000000000, 0.000000000000000000, 1.000000000000000000 ) ) ;
#2302 = CARTESIAN_POINT ( 'NONE',  ( 33.48388011373913997, 10.26607386144992340, 69.49999999999998579 ) ) ;
#2303 = ORIENTED_EDGE ( 'NONE', *, *, #7601, .T. ) ;
#2304 = EDGE_CURVE ( 'NONE', #6848, #2406, #2082, .T. ) ;
#2305 = FACE_OUTER_BOUND ( 'NONE', #2836, .T. ) ;
#2306 = CARTESIAN_POINT ( 'NONE',  ( -10.22190009509824726, -33.47406479658245360, 69.17537727027524852 ) ) ;
#2307 = DIRECTION ( 'NONE',  ( 2.693799693929904232E-16, -1.000000000000000000, 0.000000000000000000 ) ) ;
#2308 =( NAMED_UNIT ( * ) SI_UNIT ( $, .STERADIAN. ) SOLID_ANGLE_UNIT ( ) );
#2309 = AXIS2_PLACEMENT_3D ( 'NONE', #4112, #1281, #2370 ) ;
#2310 = CARTESIAN_POINT ( 'NONE',  ( -8.522919225068644522, -33.94651078449911807, 70.62377514882766150 ) ) ;
#2311 = SURFACE_SIDE_STYLE ('',( #6341 ) ) ;
#2312 = ADVANCED_FACE ( 'NONE', ( #810 ), #7351, .F. ) ;
#2313 = CARTESIAN_POINT ( 'NONE',  ( 25.32562274223518983, -24.15814908914686754, 70.44215622177352998 ) ) ;
#2314 = FILL_AREA_STYLE ('',( #1844 ) ) ;
#2315 = COLOUR_RGB ( '',1.000000000000000000, 1.000000000000000000, 1.000000000000000000 ) ;
#2316 = CARTESIAN_POINT ( 'NONE',  ( 0.000000000000000000, 0.000000000000000000, 53.00000000000000000 ) ) ;
#2317 = CIRCLE ( 'NONE', #6666, 1.249999999999987788 ) ;
#2318 = CONICAL_SURFACE ( 'NONE', #6667, 1.249999999999997558, 1.029744258676649205 ) ;
#2319 = DIRECTION ( 'NONE',  ( -1.000000000000000000, 0.000000000000000000, 0.000000000000000000 ) ) ;
#2320 = CARTESIAN_POINT ( 'NONE',  ( -9.058666578588010054, -33.80740392011745854, 69.49999999999998579 ) ) ;
#2321 = CARTESIAN_POINT ( 'NONE',  ( -34.05238992180873225, 8.089997138022784640, 68.73126142467576472 ) ) ;
#2322 = VECTOR ( 'NONE', #4252, 1000.000000000000000 ) ;
#2323 = DIRECTION ( 'NONE',  ( -0.000000000000000000, -0.000000000000000000, 1.000000000000000000 ) ) ;
#2324 = AXIS2_PLACEMENT_3D ( 'NONE', #6768, #4974, #794 ) ;
#2325 = EDGE_CURVE ( 'NONE', #7011, #3942, #3161, .T. ) ;
#2326 = DIRECTION ( 'NONE',  ( -0.9659258262890670910, -0.2588190451025247918, -0.000000000000000000 ) ) ;
#2327 =( NAMED_UNIT ( * ) SI_UNIT ( $, .STERADIAN. ) SOLID_ANGLE_UNIT ( ) );
#2328 = FACE_OUTER_BOUND ( 'NONE', #3726, .T. ) ;
#2329 = ADVANCED_FACE ( 'NONE', ( #6827 ), #3200, .T. ) ;
#2330 = CYLINDRICAL_SURFACE ( 'NONE', #6193, 35.00000000000000711 ) ;
#2331 = FACE_OUTER_BOUND ( 'NONE', #2732, .T. ) ;
#2332 = VERTEX_POINT ( 'NONE', #4493 ) ;
#2333 = CARTESIAN_POINT ( 'NONE',  ( -9.853558116862872751, 33.58438219073077136, 56.44215622177350866 ) ) ;
#2334 = CIRCLE ( 'NONE', #3194, 1.249999999999985789 ) ;
#2335 = ORIENTED_EDGE ( 'NONE', *, *, #2485, .F. ) ;
#2336 = ORIENTED_EDGE ( 'NONE', *, *, #2359, .T. ) ;
#2337 = CARTESIAN_POINT ( 'NONE',  ( -7.117523740319341208, 26.56296022294938552, 69.49999999999998579 ) ) ;
#2338 = UNCERTAINTY_MEASURE_WITH_UNIT (LENGTH_MEASURE( 1.000000000000000082E-05 ), #4116, 'distance_accuracy_value', 'NONE');
#2339 = AXIS2_PLACEMENT_3D ( 'NONE', #5886, #5800, #2319 ) ;
#2340 = FACE_OUTER_BOUND ( 'NONE', #5882, .T. ) ;
#2341 = ORIENTED_EDGE ( 'NONE', *, *, #3659, .T. ) ;
#2342 = PLANE ( 'NONE',  #6213 ) ;
#2343 = ORIENTED_EDGE ( 'NONE', *, *, #8, .F. ) ;
#2344 = CARTESIAN_POINT ( 'NONE',  ( 9.216612044435715134, -33.76508041413225669, 68.25005803955802719 ) ) ;
#2345 = DIRECTION ( 'NONE',  ( 0.2588190451025076944, 0.9659258262890718649, -0.000000000000000000 ) ) ;
#2346 = AXIS2_PLACEMENT_3D ( 'NONE', #6753, #7542, #6376 ) ;
#2347 = ORIENTED_EDGE ( 'NONE', *, *, #4253, .T. ) ;
#2348 = CARTESIAN_POINT ( 'NONE',  ( -26.56296022294941395, 7.117523740319247061, 55.49999999999999289 ) ) ;
#2349 = CARTESIAN_POINT ( 'NONE',  ( -33.89065425741829074, 8.743371217143357299, 70.71781442879139945 ) ) ;
#2350 = AXIS2_PLACEMENT_3D ( 'NONE', #7442, #309, #4470 ) ;
#2351 =( GEOMETRIC_REPRESENTATION_CONTEXT ( 3 ) GLOBAL_UNCERTAINTY_ASSIGNED_CONTEXT ( ( #5548 ) ) GLOBAL_UNIT_ASSIGNED_CONTEXT ( ( #6989, #6150, #2045 ) ) REPRESENTATION_CONTEXT ( 'NONE', 'WORKASPACE' ) );
#2352 = EDGE_LOOP ( 'NONE', ( #3822, #372, #7105 ) ) ;
#2353 = DIRECTION ( 'NONE',  ( -0.8571673007021095581, 1.049727191138615244E-16, 0.5150380749100587074 ) ) ;
#2354 = CARTESIAN_POINT ( 'NONE',  ( 7.117523740319341208, -26.56296022294938552, 69.49999999999998579 ) ) ;
#2355 = ORIENTED_EDGE ( 'NONE', *, *, #6729, .F. ) ;
#2356 = DIRECTION ( 'NONE',  ( 0.8571673007021095581, 0.000000000000000000, 0.5150380749100587074 ) ) ;
#2357 = AXIS2_PLACEMENT_3D ( 'NONE', #5761, #6311, #3318 ) ;
#2358 = AXIS2_PLACEMENT_3D ( 'NONE', #4189, #5460, #1929 ) ;
#2359 = EDGE_CURVE ( 'NONE', #4125, #800, #528, .T. ) ;
#2360 = CARTESIAN_POINT ( 'NONE',  ( 6.923131025748447520, 25.83747673555102864, 55.49999999999999289 ) ) ;
#2361 = ORIENTED_EDGE ( 'NONE', *, *, #1337, .T. ) ;
#2362 = CARTESIAN_POINT ( 'NONE',  ( -25.83747673555095759, 6.923131025748720191, 55.49999999999999289 ) ) ;
#2363 = FACE_OUTER_BOUND ( 'NONE', #7286, .T. ) ;
#2364 = ORIENTED_EDGE ( 'NONE', *, *, #557, .T. ) ;
#2365 = CARTESIAN_POINT ( 'NONE',  ( 34.10936000250121936, 7.845480241500302654, 55.66313326947209816 ) ) ;
#2366 = FACE_OUTER_BOUND ( 'NONE', #1474, .T. ) ;
#2367 = FILL_AREA_STYLE_COLOUR ( '', #7497 ) ;
#2368 = DIRECTION ( 'NONE',  ( 0.7071067811865537900, -0.7071067811865412445, -0.000000000000000000 ) ) ;
#2369 =( GEOMETRIC_REPRESENTATION_CONTEXT ( 3 ) GLOBAL_UNCERTAINTY_ASSIGNED_CONTEXT ( ( #2185 ) ) GLOBAL_UNIT_ASSIGNED_CONTEXT ( ( #3744, #4958, #1416 ) ) REPRESENTATION_CONTEXT ( 'NONE', 'WORKASPACE' ) );
#2370 = DIRECTION ( 'NONE',  ( -0.7071067811865461294, -0.7071067811865489050, 0.000000000000000000 ) ) ;
#2371 = ADVANCED_FACE ( 'NONE', ( #5606 ), #3826, .F. ) ;
#2372 = CARTESIAN_POINT ( 'NONE',  ( -7.845480241499837248, -34.10936000250131173, 55.49999999999999289 ) ) ;
#2373 = SURFACE_STYLE_FILL_AREA ( #10 ) ;
#2374 = DIRECTION ( 'NONE',  ( 1.000000000000000000, 0.000000000000000000, 0.000000000000000000 ) ) ;
#2375 = ORIENTED_EDGE ( 'NONE', *, *, #4770, .F. ) ;
#2376 = CARTESIAN_POINT ( 'NONE',  ( -7.845480241493476115, 34.10936000250277544, 55.49999999999934630 ) ) ;
#2377 = CARTESIAN_POINT ( 'NONE',  ( -18.56155300614678794, -20.32931995911334511, 55.49999999999999289 ) ) ;
#2378 = EDGE_LOOP ( 'NONE', ( #7006, #1105, #2789, #3614 ) ) ;
#2379 = CARTESIAN_POINT ( 'NONE',  ( -6.505213034913026604E-13, -31.00000000000000000, 73.00000000000000000 ) ) ;
#2380 = ORIENTED_EDGE ( 'NONE', *, *, #792, .F. ) ;
#2381 = CARTESIAN_POINT ( 'NONE',  ( 25.28690242411457589, 24.19888087444838476, 70.49858126598913088 ) ) ;
#2382 = CARTESIAN_POINT ( 'NONE',  ( -25.61683214824939725, -23.84906519527372737, 69.49999999999936051 ) ) ;
#2383 = COLOUR_RGB ( '',1.000000000000000000, 1.000000000000000000, 1.000000000000000000 ) ;
#2384 = ORIENTED_EDGE ( 'NONE', *, *, #2508, .T. ) ;
#2385 = CIRCLE ( 'NONE', #6732, 1.249999999999997558 ) ;
#2386 = CARTESIAN_POINT ( 'NONE',  ( -20.32931995911327760, 18.56155300614685544, 55.49999999999999289 ) ) ;
#2387 = AXIS2_PLACEMENT_3D ( 'NONE', #6546, #3571, #5979 ) ;
#2388 =( NAMED_UNIT ( * ) SI_UNIT ( $, .STERADIAN. ) SOLID_ANGLE_UNIT ( ) );
#2389 = CARTESIAN_POINT ( 'NONE',  ( 24.74873734152938809, -24.74873734152895111, 55.49999999999999289 ) ) ;
#2390 = EDGE_CURVE ( 'NONE', #6118, #2239, #7479, .T. ) ;
#2391 = ADVANCED_FACE ( 'NONE', ( #1343 ), #4101, .F. ) ;
#2392 = B_SPLINE_CURVE_WITH_KNOTS ( 'NONE', 3,
 ( #4245, #6104, #5591, #134, #1404, #6664, #765, #3035, #250, #2606, #3115, #5512, #6623, #7378, #4981, #3075, #4206, #5475, #6593, #2528 ),
 .UNSPECIFIED., .F., .F.,
 ( 4, 2, 2, 2, 2, 2, 2, 2, 2, 4 ),
 ( 0.000000000000000000, 0.0004885477149880594096, 0.0009770954299761188191, 0.001465643144964178229, 0.001954190859952237638, 0.002442738574940297048, 0.002931286289928356457, 0.003419834004916415867, 0.003664107862410426273, 0.003908381719904437113 ),
 .UNSPECIFIED. ) ;
#2393 = DIRECTION ( 'NONE',  ( 0.7071067811865537900, -0.7071067811865412445, -0.000000000000000000 ) ) ;
#2394 = DIRECTION ( 'NONE',  ( 0.7071067811865388020, 0.7071067811865563435, -0.000000000000000000 ) ) ;
#2395 = VERTEX_POINT ( 'NONE', #3864 ) ;
#2396 = CARTESIAN_POINT ( 'NONE',  ( 23.85505451664681686, -25.61125982000452339, 69.33555798072745802 ) ) ;
#2397 = EDGE_CURVE ( 'NONE', #5638, #3281, #6263, .T. ) ;
#2398 = EDGE_CURVE ( 'NONE', #6493, #144, #1871, .T. ) ;
#2399 = CARTESIAN_POINT ( 'NONE',  ( 33.84972342168087778, -8.900720039758851954, 54.25005803955804140 ) ) ;
#2400 = DIRECTION ( 'NONE',  ( -0.9659258262890673130, -0.2588190451025248473, -0.000000000000000000 ) ) ;
#2401 =( LENGTH_UNIT ( ) NAMED_UNIT ( * ) SI_UNIT ( .MILLI., .METRE. ) );
#2402 = CARTESIAN_POINT ( 'NONE',  ( 34.10936000250133304, -7.845480241499716456, 69.66515748035295985 ) ) ;
#2403 = ADVANCED_FACE ( 'NONE', ( #4994 ), #5107, .F. ) ;
#2404 = CARTESIAN_POINT ( 'NONE',  ( 16.75000000000002842, 26.84678751731757984, 73.00000000000000000 ) ) ;
#2405 = DIRECTION ( 'NONE',  ( -1.000000000000000000, 0.000000000000000000, 0.000000000000000000 ) ) ;
#2406 = VERTEX_POINT ( 'NONE', #177 ) ;
#2407 = ORIENTED_EDGE ( 'NONE', *, *, #5340, .F. ) ;
#2408 = SURFACE_STYLE_FILL_AREA ( #3025 ) ;
#2409 = CARTESIAN_POINT ( 'NONE',  ( -15.50000000000059508, -26.84678751731725654, 73.00000000000000000 ) ) ;
#2410 = UNCERTAINTY_MEASURE_WITH_UNIT (LENGTH_MEASURE( 1.000000000000000082E-05 ), #5217, 'distance_accuracy_value', 'NONE');
#2411 = DIRECTION ( 'NONE',  ( 0.000000000000000000, 0.000000000000000000, 1.000000000000000000 ) ) ;
#2412 = VERTEX_POINT ( 'NONE', #6792 ) ;
#2413 = CARTESIAN_POINT ( 'NONE',  ( -34.00000000000000000, 2.099999999999997424, 66.19999999999998863 ) ) ;
#2414 = VECTOR ( 'NONE', #6094, 999.9999999999998863 ) ;
#2415 = CARTESIAN_POINT ( 'NONE',  ( 1.320077352706858093E-15, 4.448690208978667384E-15, 0.000000000000000000 ) ) ;
#2416 = ADVANCED_FACE ( 'NONE', ( #4405 ), #2691, .F. ) ;
#2417 = VECTOR ( 'NONE', #5240, 1000.000000000000000 ) ;
#2418 = CARTESIAN_POINT ( 'NONE',  ( -18.64298219578689952, 4.080732175172792964, -14.84999999999999964 ) ) ;
#2419 = CIRCLE ( 'NONE', #1298, 1.249999999999987343 ) ;
#2420 = CONICAL_SURFACE ( 'NONE', #3398, 1.249999999999987566, 1.029744258676643875 ) ;
#2421 = ORIENTED_EDGE ( 'NONE', *, *, #2860, .T. ) ;
#2422 = FACE_OUTER_BOUND ( 'NONE', #3030, .T. ) ;
#2423 = SURFACE_STYLE_FILL_AREA ( #2314 ) ;
#2424 = ORIENTED_EDGE ( 'NONE', *, *, #5287, .F. ) ;
#2425 = CIRCLE ( 'NONE', #1682, 1.249999999999987343 ) ;
#2426 = CIRCLE ( 'NONE', #6539, 1.649999999999998579 ) ;
#2427 = FILL_AREA_STYLE ('',( #55 ) ) ;
#2428 = LINE ( 'NONE', #4848, #2956 ) ;
#2429 = STYLED_ITEM ( 'NONE', ( #1296 ), #5905 ) ;
#2430 = CARTESIAN_POINT ( 'NONE',  ( 34.10936000250134015, -7.845480241499721785, 69.49999999999998579 ) ) ;
#2431 = PLANE ( 'NONE',  #1014 ) ;
#2432 = EDGE_LOOP ( 'NONE', ( #3264, #1535, #2361, #2258 ) ) ;
#2433 = VECTOR ( 'NONE', #7436, 1000.000000000000114 ) ;
#2434 = CARTESIAN_POINT ( 'NONE',  ( 34.10210355438576357, -7.877212449405786465, 55.17270578215241272 ) ) ;
#2435 = DIRECTION ( 'NONE',  ( -0.000000000000000000, -0.000000000000000000, -1.000000000000000000 ) ) ;
#2436 = LINE ( 'NONE', #4298, #3655 ) ;
#2437 = LINE ( 'NONE', #3636, #3407 ) ;
#2438 = SURFACE_SIDE_STYLE ('',( #4825 ) ) ;
#2439 = AXIS2_PLACEMENT_3D ( 'NONE', #7051, #1055, #2820 ) ;
#2440 = CARTESIAN_POINT ( 'NONE',  ( -26.56296022294941395, 7.117523740319247061, 55.49999999999999289 ) ) ;
#2441 = ORIENTED_EDGE ( 'NONE', *, *, #5867, .T. ) ;
#2442 = VERTEX_POINT ( 'NONE', #3943 ) ;
#2443 = LINE ( 'NONE', #2483, #35 ) ;
#2444 = CARTESIAN_POINT ( 'NONE',  ( -15.50000000000059508, -26.84678751731725654, 73.00000000000000000 ) ) ;
#2445 = EDGE_CURVE ( 'NONE', #145, #2112, #2772, .T. ) ;
#2446 = CIRCLE ( 'NONE', #6800, 1.649999999999998579 ) ;
#2447 = EDGE_LOOP ( 'NONE', ( #5362, #3525 ) ) ;
#2448 = DIRECTION ( 'NONE',  ( 0.000000000000000000, 0.000000000000000000, 1.000000000000000000 ) ) ;
#2449 = VERTEX_POINT ( 'NONE', #5716 ) ;
#2450 = CARTESIAN_POINT ( 'NONE',  ( -34.07360143426236476, 7.999599450723866134, 56.12992980600229487 ) ) ;
#2451 = DIRECTION ( 'NONE',  ( 0.000000000000000000, 0.000000000000000000, -1.000000000000000000 ) ) ;
#2452 = ORIENTED_EDGE ( 'NONE', *, *, #6268, .T. ) ;
#2453 = AXIS2_PLACEMENT_3D ( 'NONE', #2262, #4724, #2299 ) ;
#2454 = CARTESIAN_POINT ( 'NONE',  ( -7.845480241499837248, -34.10936000250131173, 69.49999999999998579 ) ) ;
#2455 = CARTESIAN_POINT ( 'NONE',  ( 0.000000000000000000, 0.000000000000000000, 52.98999999999999488 ) ) ;
#2456 = ORIENTED_EDGE ( 'NONE', *, *, #2485, .T. ) ;
#2457 = ADVANCED_FACE ( 'NONE', ( #6299 ), #7549, .F. ) ;
#2458 = CIRCLE ( 'NONE', #6088, 1.249999999999988232 ) ;
#2459 = DIRECTION ( 'NONE',  ( -0.2588190451025144112, -0.9659258262890699775, -0.000000000000000000 ) ) ;
#2460 = CARTESIAN_POINT ( 'NONE',  ( 33.46231238974502276, -10.26029480722250753, 55.66313326947208395 ) ) ;
#2461 = PRESENTATION_LAYER_ASSIGNMENT (  '', '', ( #3198 ) ) ;
#2462 = EDGE_LOOP ( 'NONE', ( #4175, #3782, #7172 ) ) ;
#2463 = COLOUR_RGB ( '',1.000000000000000000, 1.000000000000000000, 1.000000000000000000 ) ;
#2464 = ADVANCED_FACE ( 'NONE', ( #5205 ), #6957, .F. ) ;
#2465 = DIRECTION ( 'NONE',  ( 1.000000000000000000, 0.000000000000000000, 0.000000000000000000 ) ) ;
#2466 = PRESENTATION_LAYER_ASSIGNMENT (  '', '', ( #4324 ) ) ;
#2467 = DIRECTION ( 'NONE',  ( 0.5000000000000099920, 0.8660254037844328234, 0.000000000000000000 ) ) ;
#2468 = DIRECTION ( 'NONE',  ( -0.7071067811865558994, 0.7071067811865391350, 0.000000000000000000 ) ) ;
#2469 = ORIENTED_EDGE ( 'NONE', *, *, #1259, .F. ) ;
#2470 = PRESENTATION_LAYER_ASSIGNMENT (  '', '', ( #6586 ) ) ;
#2471 = AXIS2_PLACEMENT_3D ( 'NONE', #2049, #5000, #893 ) ;
#2472 = DIRECTION ( 'NONE',  ( 0.8571673007021092250, 0.000000000000000000, 0.5150380749100592626 ) ) ;
#2473 = ORIENTED_EDGE ( 'NONE', *, *, #6086, .F. ) ;
#2474 = DIRECTION ( 'NONE',  ( -0.000000000000000000, -0.000000000000000000, 1.000000000000000000 ) ) ;
#2475 = SURFACE_SIDE_STYLE ('',( #6121 ) ) ;
#2476 = CARTESIAN_POINT ( 'NONE',  ( 0.000000000000000000, 0.000000000000000000, 58.50000000000000711 ) ) ;
#2477 = MECHANICAL_DESIGN_GEOMETRIC_PRESENTATION_REPRESENTATION (  '', ( #6826 ), #2106 ) ;
#2478 = FACE_OUTER_BOUND ( 'NONE', #1447, .T. ) ;
#2479 = VERTEX_POINT ( 'NONE', #3984 ) ;
#2480 = CARTESIAN_POINT ( 'NONE',  ( -10.22898169299511473, -33.47195562601946506, 55.82754978985013139 ) ) ;
#2481 = DIRECTION ( 'NONE',  ( -0.000000000000000000, -0.000000000000000000, -1.000000000000000000 ) ) ;
#2482 = EDGE_LOOP ( 'NONE', ( #3671, #4829, #2384 ) ) ;
#2483 = CARTESIAN_POINT ( 'NONE',  ( -31.90000000000000568, -3.178005909718203197E-15, 66.19999999999998863 ) ) ;
#2484 = AXIS2_PLACEMENT_3D ( 'NONE', #6238, #191, #1518 ) ;
#2485 = EDGE_CURVE ( 'NONE', #7142, #5485, #4583, .T. ) ;
#2486 = CARTESIAN_POINT ( 'NONE',  ( 33.60247514953414338, 9.791745369165997914, 70.49490063177624677 ) ) ;
#2487 = ADVANCED_FACE ( 'NONE', ( #3384 ), #1579, .F. ) ;
#2488 = CARTESIAN_POINT ( 'NONE',  ( 7.845480241493476115, -34.10936000250277544, 55.49999999999934630 ) ) ;
#2489 = UNCERTAINTY_MEASURE_WITH_UNIT (LENGTH_MEASURE( 1.000000000000000082E-05 ), #5369, 'distance_accuracy_value', 'NONE');
#2490 = VECTOR ( 'NONE', #7674, 1000.000000000000114 ) ;
#2491 = CARTESIAN_POINT ( 'NONE',  ( -33.46231238974492328, -10.26029480722284504, 55.49999999999999289 ) ) ;
#2492 = LINE ( 'NONE', #6163, #3675 ) ;
#2493 = CARTESIAN_POINT ( 'NONE',  ( -33.76508041413222827, -9.216612044435832374, 68.25005803955802719 ) ) ;
#2494 = EDGE_CURVE ( 'NONE', #7707, #3218, #3331, .T. ) ;
#2495 = CARTESIAN_POINT ( 'NONE',  ( 26.88648402932759751, -5.910116457457738726, 55.49999999999999289 ) ) ;
#2496 = UNCERTAINTY_MEASURE_WITH_UNIT (LENGTH_MEASURE( 1.000000000000000082E-05 ), #5935, 'distance_accuracy_value', 'NONE');
#2497 =( NAMED_UNIT ( * ) PLANE_ANGLE_UNIT ( ) SI_UNIT ( $, .RADIAN. ) );
#2498 = ADVANCED_FACE ( 'NONE', ( #2737 ), #3350, .F. ) ;
#2499 = CARTESIAN_POINT ( 'NONE',  ( 8.321337337680608570, 33.99646979411490122, 70.49490063177623256 ) ) ;
#2500 = FILL_AREA_STYLE_COLOUR ( '', #5811 ) ;
#2501 =( GEOMETRIC_REPRESENTATION_CONTEXT ( 3 ) GLOBAL_UNCERTAINTY_ASSIGNED_CONTEXT ( ( #3186 ) ) GLOBAL_UNIT_ASSIGNED_CONTEXT ( ( #1708, #2253, #5341 ) ) REPRESENTATION_CONTEXT ( 'NONE', 'WORKASPACE' ) );
#2502 = DIRECTION ( 'NONE',  ( 0.7071067811865405783, 0.7071067811865544561, 0.000000000000000000 ) ) ;
#2503 = FILL_AREA_STYLE_COLOUR ( '', #2955 ) ;
#2504 = ORIENTED_EDGE ( 'NONE', *, *, #1660, .T. ) ;
#2505 = CARTESIAN_POINT ( 'NONE',  ( 33.76500713912568585, 9.216912419923431798, 56.75013697141073976 ) ) ;
#2506 = ORIENTED_EDGE ( 'NONE', *, *, #4438, .F. ) ;
#2507 = CARTESIAN_POINT ( 'NONE',  ( 5.910116457458017614, -26.88648402932753356, 69.49999999999998579 ) ) ;
#2508 = EDGE_CURVE ( 'NONE', #1578, #5940, #7602, .T. ) ;
#2509 = CARTESIAN_POINT ( 'NONE',  ( 0.000000000000000000, 0.000000000000000000, 58.39999999999999147 ) ) ;
#2510 = ADVANCED_FACE ( 'NONE', ( #7594 ), #3607, .F. ) ;
#2511 = DIRECTION ( 'NONE',  ( -0.000000000000000000, -0.000000000000000000, -1.000000000000000000 ) ) ;
#2512 = CARTESIAN_POINT ( 'NONE',  ( 18.56155300614664228, 20.32931995911346945, 55.49999999999999289 ) ) ;
#2513 = ORIENTED_EDGE ( 'NONE', *, *, #558, .T. ) ;
#2514 = CARTESIAN_POINT ( 'NONE',  ( -8.258759448495574418, -34.01170720601000141, 56.44215622177352287 ) ) ;
#2515 = DIRECTION ( 'NONE',  ( 0.2756373558170180371, -0.9612616959383135651, 1.049727191138612656E-16 ) ) ;
#2516 = CARTESIAN_POINT ( 'NONE',  ( 0.9641814145297419314, 1.149066664678534133, -12.34999999999999964 ) ) ;
#2517 = ORIENTED_EDGE ( 'NONE', *, *, #2969, .T. ) ;
#2518 =( NAMED_UNIT ( * ) PLANE_ANGLE_UNIT ( ) SI_UNIT ( $, .RADIAN. ) );
#2519 = VERTEX_POINT ( 'NONE', #7282 ) ;
#2520 = SURFACE_SIDE_STYLE ('',( #2408 ) ) ;
#2521 = CARTESIAN_POINT ( 'NONE',  ( 34.10936000250121225, 7.845480241500304430, 69.66313326947209816 ) ) ;
#2522 = CARTESIAN_POINT ( 'NONE',  ( 8.449532112276903817, -33.96510442650515671, 54.40755231783179369 ) ) ;
#2523 = EDGE_CURVE ( 'NONE', #622, #5727, #5988, .T. ) ;
#2524 = CARTESIAN_POINT ( 'NONE',  ( 33.48388011373935313, -10.26607386144922174, 55.49999999999999289 ) ) ;
#2525 = ORIENTED_EDGE ( 'NONE', *, *, #1377, .T. ) ;
#2526 = CARTESIAN_POINT ( 'NONE',  ( 31.00000000000000355, -5.429684479807406206E-13, 75.00000000000000000 ) ) ;
#2527 = ORIENTED_EDGE ( 'NONE', *, *, #2890, .T. ) ;
#2528 = CARTESIAN_POINT ( 'NONE',  ( 10.26029480722873899, 33.46231238974311850, 69.49999999999936051 ) ) ;
#2529 = CARTESIAN_POINT ( 'NONE',  ( 26.84678751731741997, -15.50000000000031442, 75.00000000000000000 ) ) ;
#2530 = CARTESIAN_POINT ( 'NONE',  ( 10.02062021607638620, 33.53506284871994580, 70.26794143074936017 ) ) ;
#2531 = LINE ( 'NONE', #3151, #4167 ) ;
#2532 = VECTOR ( 'NONE', #3160, 1000.000000000000114 ) ;
#2533 = CARTESIAN_POINT ( 'NONE',  ( -15.50000000000022027, -26.84678751731747326, 67.50000000000000000 ) ) ;
#2534 = CIRCLE ( 'NONE', #5927, 1.249999999999987566 ) ;
#2535 = EDGE_CURVE ( 'NONE', #7614, #5765, #657, .T. ) ;
#2536 = CARTESIAN_POINT ( 'NONE',  ( -23.85505451664662502, 25.61125982000467971, 55.33555798072743670 ) ) ;
#2537 = MECHANICAL_DESIGN_GEOMETRIC_PRESENTATION_REPRESENTATION (  '', ( #3037 ), #311 ) ;
#2538 = CARTESIAN_POINT ( 'NONE',  ( -33.47406479658240386, 10.22190009509836806, 69.17537727027524852 ) ) ;
#2539 = COLOUR_RGB ( '',1.000000000000000000, 1.000000000000000000, 1.000000000000000000 ) ;
#2540 = EDGE_LOOP ( 'NONE', ( #5487, #4411, #6676, #3795 ) ) ;
#2541 = CARTESIAN_POINT ( 'NONE',  ( -25.61683214824488175, -23.84906519527859103, 69.66313326947212659 ) ) ;
#2542 = SURFACE_STYLE_USAGE ( .BOTH. , #2120 ) ;
#2543 = CARTESIAN_POINT ( 'NONE',  ( 26.84678751731753010, -15.50000000000012612, 73.00000000000000000 ) ) ;
#2544 = LINE ( 'NONE', #7319, #5944 ) ;
#2545 = AXIS2_PLACEMENT_3D ( 'NONE', #2533, #6257, #7308 ) ;
#2546 = SURFACE_SIDE_STYLE ('',( #5787 ) ) ;
#2547 = CONICAL_SURFACE ( 'NONE', #2309, 1.249999999999988232, 1.029744258676644764 ) ;
#2548 = SURFACE_SIDE_STYLE ('',( #5416 ) ) ;
#2549 = CYLINDRICAL_SURFACE ( 'NONE', #5167, 1.249999999999986677 ) ;
#2550 =( NAMED_UNIT ( * ) PLANE_ANGLE_UNIT ( ) SI_UNIT ( $, .RADIAN. ) );
#2551 = DIRECTION ( 'NONE',  ( 0.000000000000000000, 0.000000000000000000, 1.000000000000000000 ) ) ;
#2552 = EDGE_CURVE ( 'NONE', #991, #5115, #5724, .T. ) ;
#2553 = VECTOR ( 'NONE', #7096, 1000.000000000000000 ) ;
#2554 = FACE_OUTER_BOUND ( 'NONE', #2736, .T. ) ;
#2555 = ORIENTED_EDGE ( 'NONE', *, *, #2574, .F. ) ;
#2556 = CARTESIAN_POINT ( 'NONE',  ( -25.61683214824495636, 23.84906519527851998, 55.66515748035300959 ) ) ;
#2557 = VERTEX_POINT ( 'NONE', #4150 ) ;
#2558 = AXIS2_PLACEMENT_3D ( 'NONE', #5157, #2118, #2201 ) ;
#2559 = CARTESIAN_POINT ( 'NONE',  ( -16.74999999999965539, 26.84678751731779656, 67.50000000000000000 ) ) ;
#2560 = CARTESIAN_POINT ( 'NONE',  ( 33.58438219073067188, 9.853558116863235128, 70.44215622177352998 ) ) ;
#2561 = AXIS2_PLACEMENT_3D ( 'NONE', #1882, #1913, #5445 ) ;
#2562 = DIRECTION ( 'NONE',  ( 0.000000000000000000, 0.000000000000000000, 1.000000000000000000 ) ) ;
#2563 = EDGE_CURVE ( 'NONE', #7153, #4301, #6963, .T. ) ;
#2564 = DIRECTION ( 'NONE',  ( -0.000000000000000000, -0.000000000000000000, 1.000000000000000000 ) ) ;
#2565 = ORIENTED_EDGE ( 'NONE', *, *, #4329, .T. ) ;
#2566 = CARTESIAN_POINT ( 'NONE',  ( -33.60029679248289369, 9.799659445077653075, 56.49858126598912378 ) ) ;
#2567 = CIRCLE ( 'NONE', #5552, 1.649999999999998579 ) ;
#2568 = DIRECTION ( 'NONE',  ( 1.000000000000000000, 0.000000000000000000, 0.000000000000000000 ) ) ;
#2569 = ORIENTED_EDGE ( 'NONE', *, *, #7262, .F. ) ;
#2570 = CARTESIAN_POINT ( 'NONE',  ( -7.845480241499840801, -34.10936000250132594, 69.66515748035298827 ) ) ;
#2571 = SURFACE_SIDE_STYLE ('',( #4915 ) ) ;
#2572 = DIRECTION ( 'NONE',  ( -0.5000000000000039968, -0.8660254037844363761, 0.000000000000000000 ) ) ;
#2573 = AXIS2_PLACEMENT_3D ( 'NONE', #2337, #5314, #6515 ) ;
#2574 = EDGE_CURVE ( 'NONE', #1547, #3490, #1634, .T. ) ;
#2575 = DIRECTION ( 'NONE',  ( 1.000000000000000000, 0.000000000000000000, 0.000000000000000000 ) ) ;
#2576 =( GEOMETRIC_REPRESENTATION_CONTEXT ( 3 ) GLOBAL_UNCERTAINTY_ASSIGNED_CONTEXT ( ( #1182 ) ) GLOBAL_UNIT_ASSIGNED_CONTEXT ( ( #5705, #1035, #366 ) ) REPRESENTATION_CONTEXT ( 'NONE', 'WORKASPACE' ) );
#2577 = ORIENTED_EDGE ( 'NONE', *, *, #314, .F. ) ;
#2578 = CARTESIAN_POINT ( 'NONE',  ( -14.00000000000000888, 1.714505518806295427E-15, 75.00000000000000000 ) ) ;
#2579 = CARTESIAN_POINT ( 'NONE',  ( -34.00000000000000000, -3.178005909718203197E-15, 66.19999999999998863 ) ) ;
#2580 = VERTEX_POINT ( 'NONE', #2404 ) ;
#2581 = ORIENTED_EDGE ( 'NONE', *, *, #6484, .T. ) ;
#2582 = ADVANCED_FACE ( 'NONE', ( #73 ), #4604, .F. ) ;
#2583 = CARTESIAN_POINT ( 'NONE',  ( -25.18967441272463148, 24.30026620051816622, 68.40752953715787044 ) ) ;
#2584 = MECHANICAL_DESIGN_GEOMETRIC_PRESENTATION_REPRESENTATION (  '', ( #505 ), #6696 ) ;
#2585 = FILL_AREA_STYLE_COLOUR ( '', #6953 ) ;
#2586 = EDGE_LOOP ( 'NONE', ( #2787, #6739, #6858, #7605 ) ) ;
#2587 = CARTESIAN_POINT ( 'NONE',  ( 33.80740392011729512, 9.058666578588603358, 55.49999999999999289 ) ) ;
#2588 = CIRCLE ( 'NONE', #4721, 6.000000000000001776 ) ;
#2589 = AXIS2_PLACEMENT_3D ( 'NONE', #6684, #3715, #3873 ) ;
#2590 = CARTESIAN_POINT ( 'NONE',  ( -23.84906519527842050, -25.61683214824503452, 55.49999999999999289 ) ) ;
#2591 = CARTESIAN_POINT ( 'NONE',  ( 0.000000000000000000, 0.000000000000000000, 72.50000000000000000 ) ) ;
#2592 = DIRECTION ( 'NONE',  ( 0.9659258262890683122, 0.2588190451025205174, 0.000000000000000000 ) ) ;
#2593 = FACE_OUTER_BOUND ( 'NONE', #6035, .T. ) ;
#2594 = ORIENTED_EDGE ( 'NONE', *, *, #1156, .T. ) ;
#2595 = CARTESIAN_POINT ( 'NONE',  ( -33.85033993624912085, -8.898408164504752804, 56.74986216034435671 ) ) ;
#2596 = CARTESIAN_POINT ( 'NONE',  ( 0.000000000000000000, 0.000000000000000000, 53.00000000000000000 ) ) ;
#2597 = EDGE_CURVE ( 'NONE', #5774, #7062, #2236, .T. ) ;
#2598 = CARTESIAN_POINT ( 'NONE',  ( -33.50838199766764092, -10.10901967084379827, 54.86992887182173462 ) ) ;
#2599 = DIRECTION ( 'NONE',  ( 0.000000000000000000, 0.000000000000000000, 1.000000000000000000 ) ) ;
#2600 = DIRECTION ( 'NONE',  ( -1.224646799147353207E-16, 1.000000000000000000, 0.000000000000000000 ) ) ;
#2601 = ORIENTED_EDGE ( 'NONE', *, *, #6522, .T. ) ;
#2602 = CONICAL_SURFACE ( 'NONE', #7107, 1.249999999999987566, 1.029744258676643875 ) ;
#2603 = CARTESIAN_POINT ( 'NONE',  ( 14.25000000000003375, 26.84678751731757984, 67.50000000000000000 ) ) ;
#2604 = ADVANCED_FACE ( 'NONE', ( #5649 ), #4930, .F. ) ;
#2605 = EDGE_LOOP ( 'NONE', ( #1274, #2094, #7231, #1415 ) ) ;
#2606 = CARTESIAN_POINT ( 'NONE',  ( 9.215754827260795423, 33.76531439086974018, 68.24994211835186775 ) ) ;
#2607 = AXIS2_PLACEMENT_3D ( 'NONE', #6119, #1463, #850 ) ;
#2608 = DIRECTION ( 'NONE',  ( 0.7071067811865516806, -0.7071067811865433539, 0.000000000000000000 ) ) ;
#2609 =( NAMED_UNIT ( * ) SI_UNIT ( $, .STERADIAN. ) SOLID_ANGLE_UNIT ( ) );
#2610 = LINE ( 'NONE', #4323, #6545 ) ;
#2611 = DIRECTION ( 'NONE',  ( -0.7071067811865437980, -0.7071067811865513475, -0.000000000000000000 ) ) ;
#2612 = CARTESIAN_POINT ( 'NONE',  ( 0.000000000000000000, 0.000000000000000000, 0.000000000000000000 ) ) ;
#2613 = EDGE_CURVE ( 'NONE', #5823, #6517, #7392, .T. ) ;
#2614 = ORIENTED_EDGE ( 'NONE', *, *, #215, .F. ) ;
#2615 = DIRECTION ( 'NONE',  ( 0.9659258262890698665, -0.2588190451025149663, 0.000000000000000000 ) ) ;
#2616 = SURFACE_STYLE_USAGE ( .BOTH. , #2002 ) ;
#2617 = EDGE_CURVE ( 'NONE', #3942, #2112, #4214, .T. ) ;
#2618 = VERTEX_POINT ( 'NONE', #4966 ) ;
#2619 = DIRECTION ( 'NONE',  ( 0.2756373558170180371, -0.9612616959383135651, 1.049727191138612656E-16 ) ) ;
#2620 = CARTESIAN_POINT ( 'NONE',  ( 31.00000000000000355, -5.429684479807406206E-13, 73.00000000000000000 ) ) ;
#2621 = CARTESIAN_POINT ( 'NONE',  ( 33.80740392011729512, 9.058666578588603358, 55.49999999999999289 ) ) ;
#2622 = AXIS2_PLACEMENT_3D ( 'NONE', #4109, #6508, #5855 ) ;
#2623 = DIRECTION ( 'NONE',  ( 0.000000000000000000, 0.000000000000000000, 1.000000000000000000 ) ) ;
#2624 = SURFACE_STYLE_USAGE ( .BOTH. , #5089 ) ;
#2625 = ADVANCED_FACE ( 'NONE', ( #7637 ), #3439, .F. ) ;
#2626 = CARTESIAN_POINT ( 'NONE',  ( 33.89075126011866956, 8.742990943868324649, 68.28232543929560450 ) ) ;
#2627 =( NAMED_UNIT ( * ) PLANE_ANGLE_UNIT ( ) SI_UNIT ( $, .RADIAN. ) );
#2628 = VECTOR ( 'NONE', #1900, 999.9999999999998863 ) ;
#2629 = EDGE_LOOP ( 'NONE', ( #6584, #4135, #4266, #3936 ) ) ;
#2630 = CARTESIAN_POINT ( 'NONE',  ( -34.68648872399742800, 2.099999999999996980, 72.50000000000000000 ) ) ;
#2631 = ORIENTED_EDGE ( 'NONE', *, *, #5239, .T. ) ;
#2632 = DIRECTION ( 'NONE',  ( 1.000000000000000000, 0.000000000000000000, -0.000000000000000000 ) ) ;
#2633 = CARTESIAN_POINT ( 'NONE',  ( 26.84678751731741997, -15.50000000000031442, 73.00000000000000000 ) ) ;
#2634 = EDGE_CURVE ( 'NONE', #3329, #5094, #7020, .T. ) ;
#2635 = CARTESIAN_POINT ( 'NONE',  ( 26.84678751731763313, 15.49999999999993783, 67.50000000000000000 ) ) ;
#2636 =( NAMED_UNIT ( * ) PLANE_ANGLE_UNIT ( ) SI_UNIT ( $, .RADIAN. ) );
#2637 = ORIENTED_EDGE ( 'NONE', *, *, #5405, .T. ) ;
#2638 = EDGE_LOOP ( 'NONE', ( #7391, #3034 ) ) ;
#2639 = FACE_OUTER_BOUND ( 'NONE', #7410, .T. ) ;
#2640 = UNCERTAINTY_MEASURE_WITH_UNIT (LENGTH_MEASURE( 1.000000000000000082E-05 ), #996, 'distance_accuracy_value', 'NONE');
#2641 = SURFACE_STYLE_FILL_AREA ( #5109 ) ;
#2642 = EDGE_LOOP ( 'NONE', ( #5499, #249, #1034 ) ) ;
#2643 = CARTESIAN_POINT ( 'NONE',  ( 10.22898169299488025, 33.47195562601952901, 69.82754978985012428 ) ) ;
#2644 = LINE ( 'NONE', #5020, #4174 ) ;
#2645 = ADVANCED_FACE ( 'NONE', ( #6921 ), #2743, .F. ) ;
#2646 = LINE ( 'NONE', #257, #7449 ) ;
#2647 = ORIENTED_EDGE ( 'NONE', *, *, #6292, .F. ) ;
#2648 = CARTESIAN_POINT ( 'NONE',  ( -7.117523740319154690, -26.56296022294944237, 55.49999999999999289 ) ) ;
#2649 = DIRECTION ( 'NONE',  ( 0.000000000000000000, 0.000000000000000000, 1.000000000000000000 ) ) ;
#2650 = AXIS2_PLACEMENT_3D ( 'NONE', #3693, #4906, #3032 ) ;
#2651 = VERTEX_POINT ( 'NONE', #2362 ) ;
#2652 = CARTESIAN_POINT ( 'NONE',  ( 0.000000000000000000, 0.000000000000000000, 76.00000000000000000 ) ) ;
#2653 = PRESENTATION_LAYER_ASSIGNMENT (  '', '', ( #184 ) ) ;
#2654 = VECTOR ( 'NONE', #3149, 1000.000000000000000 ) ;
#2655 = SURFACE_STYLE_FILL_AREA ( #969 ) ;
#2656 = CARTESIAN_POINT ( 'NONE',  ( 34.10752888537096794, 7.853453310076674576, 55.33555798072745091 ) ) ;
#2657 = CARTESIAN_POINT ( 'NONE',  ( -23.84906519527842050, -25.61683214824503096, 55.33480505326377141 ) ) ;
#2658 = CARTESIAN_POINT ( 'NONE',  ( -14.24999999999965894, 26.84678751731779656, 73.00000000000000000 ) ) ;
#2659 = MECHANICAL_DESIGN_GEOMETRIC_PRESENTATION_REPRESENTATION (  '', ( #4912 ), #186 ) ;
#2660 =( LENGTH_UNIT ( ) NAMED_UNIT ( * ) SI_UNIT ( .MILLI., .METRE. ) );
#2661 = FILL_AREA_STYLE_COLOUR ( '', #6832 ) ;
#2662 = ORIENTED_EDGE ( 'NONE', *, *, #6113, .F. ) ;
#2663 = ORIENTED_EDGE ( 'NONE', *, *, #6221, .F. ) ;
#2664 = FILL_AREA_STYLE_COLOUR ( '', #2383 ) ;
#2665 = CARTESIAN_POINT ( 'NONE',  ( 9.373723367611994206, 33.72174701653642614, 54.28232543929561160 ) ) ;
#2666 = VECTOR ( 'NONE', #6642, 1000.000000000000114 ) ;
#2667 = VECTOR ( 'NONE', #2985, 1000.000000000000000 ) ;
#2668 = CARTESIAN_POINT ( 'NONE',  ( -33.76508041413223538, -9.216612044435841256, 54.25005803955804851 ) ) ;
#2669 = VECTOR ( 'NONE', #3721, 1000.000000000000000 ) ;
#2670 = DIRECTION ( 'NONE',  ( -1.000000000000000000, 0.000000000000000000, 0.000000000000000000 ) ) ;
#2671 = COLOUR_RGB ( '',0.6980392156862744724, 0.6980392156862744724, 0.6980392156862744724 ) ;
#2672 = CARTESIAN_POINT ( 'NONE',  ( -8.165810755070982196, -12.06522004409231386, -12.34999999999999964 ) ) ;
#2673 = ORIENTED_EDGE ( 'NONE', *, *, #1269, .F. ) ;
#2674 = PLANE ( 'NONE',  #672 ) ;
#2675 = CIRCLE ( 'NONE', #3922, 1.249999999999997558 ) ;
#2676 = ORIENTED_EDGE ( 'NONE', *, *, #1340, .T. ) ;
#2677 =( GEOMETRIC_REPRESENTATION_CONTEXT ( 3 ) GLOBAL_UNCERTAINTY_ASSIGNED_CONTEXT ( ( #492 ) ) GLOBAL_UNIT_ASSIGNED_CONTEXT ( ( #7654, #4128, #3727 ) ) REPRESENTATION_CONTEXT ( 'NONE', 'WORKASPACE' ) );
#2678 = LINE ( 'NONE', #5592, #2171 ) ;
#2679 = VECTOR ( 'NONE', #2931, 1000.000000000000000 ) ;
#2680 = CARTESIAN_POINT ( 'NONE',  ( 0.000000000000000000, 0.000000000000000000, 76.00000000000000000 ) ) ;
#2681 = VERTEX_POINT ( 'NONE', #4768 ) ;
#2682 = CARTESIAN_POINT ( 'NONE',  ( -26.84678751731795998, -15.49999999999937295, 73.00000000000000000 ) ) ;
#2683 = VECTOR ( 'NONE', #1172, 1000.000000000000227 ) ;
#2684 = ORIENTED_EDGE ( 'NONE', *, *, #1465, .F. ) ;
#2685 = EDGE_CURVE ( 'NONE', #4401, #909, #3966, .T. ) ;
#2686 = CARTESIAN_POINT ( 'NONE',  ( 28.09678751731752655, -15.50000000000012612, 73.00000000000000000 ) ) ;
#2687 = DIRECTION ( 'NONE',  ( -0.000000000000000000, -0.000000000000000000, -1.000000000000000000 ) ) ;
#2688 = CARTESIAN_POINT ( 'NONE',  ( -25.18987721940619906, -24.30006167257686656, 68.40755231783180079 ) ) ;
#2689 = AXIS2_PLACEMENT_3D ( 'NONE', #6329, #2184, #6369 ) ;
#2690 = ORIENTED_EDGE ( 'NONE', *, *, #5329, .T. ) ;
#2691 = CYLINDRICAL_SURFACE ( 'NONE', #3344, 1.249999999999988676 ) ;
#2692 = ORIENTED_EDGE ( 'NONE', *, *, #4885, .T. ) ;
#2693 = CARTESIAN_POINT ( 'NONE',  ( -23.89572836663666777, 25.57332890163118577, 69.09744532331460221 ) ) ;
#2694 = DIRECTION ( 'NONE',  ( -0.2588190451025289551, 0.9659258262890659807, 0.000000000000000000 ) ) ;
#2695 = STYLED_ITEM ( 'NONE', ( #3929 ), #7228 ) ;
#2696 = ORIENTED_EDGE ( 'NONE', *, *, #1179, .F. ) ;
#2697 = CARTESIAN_POINT ( 'NONE',  ( 26.84678751731753010, -15.50000000000012612, 67.50000000000000000 ) ) ;
#2698 = AXIS2_PLACEMENT_3D ( 'NONE', #3354, #7598, #1088 ) ;
#2699 = DIRECTION ( 'NONE',  ( 0.9659258262890654256, 0.2588190451025315642, -0.000000000000000000 ) ) ;
#2700 = CARTESIAN_POINT ( 'NONE',  ( -24.30266594666726476, -25.18700143793110158, 56.58541951627361755 ) ) ;
#2701 = CARTESIAN_POINT ( 'NONE',  ( -7.845480241499840801, -34.10936000250131883, 55.33480505326377141 ) ) ;
#2702 = CARTESIAN_POINT ( 'NONE',  ( -23.84906519527364210, 25.61683214824948251, 55.49999999999934630 ) ) ;
#2703 = ORIENTED_EDGE ( 'NONE', *, *, #2870, .T. ) ;
#2704 = ADVANCED_FACE ( 'NONE', ( #1777 ), #6598, .T. ) ;
#2705 = VECTOR ( 'NONE', #415, 1000.000000000000114 ) ;
#2706 = FACE_OUTER_BOUND ( 'NONE', #3199, .T. ) ;
#2707 = CARTESIAN_POINT ( 'NONE',  ( -33.89075126011870509, -8.742990943868099052, 54.28232543929561160 ) ) ;
#2708 = AXIS2_PLACEMENT_3D ( 'NONE', #1672, #1713, #3453 ) ;
#2709 = DIRECTION ( 'NONE',  ( -0.000000000000000000, -0.000000000000000000, 1.000000000000000000 ) ) ;
#2710 = CIRCLE ( 'NONE', #6103, 1.649999999999998579 ) ;
#2711 = DIRECTION ( 'NONE',  ( -0.9659258262890683122, -0.2588190451025205174, 0.000000000000000000 ) ) ;
#2712 =( NAMED_UNIT ( * ) PLANE_ANGLE_UNIT ( ) SI_UNIT ( $, .RADIAN. ) );
#2713 = VERTEX_POINT ( 'NONE', #699 ) ;
#2714 = ADVANCED_FACE ( 'NONE', ( #3086 ), #7671, .F. ) ;
#2715 = EDGE_CURVE ( 'NONE', #6146, #448, #832, .T. ) ;
#2716 = DIRECTION ( 'NONE',  ( -0.7071067811865461294, -0.7071067811865489050, 0.000000000000000000 ) ) ;
#2717 = AXIS2_PLACEMENT_3D ( 'NONE', #1974, #298, #6192 ) ;
#2718 = EDGE_LOOP ( 'NONE', ( #6928, #5140, #3797 ) ) ;
#2719 = FILL_AREA_STYLE ('',( #2104 ) ) ;
#2720 = UNCERTAINTY_MEASURE_WITH_UNIT (LENGTH_MEASURE( 1.000000000000000082E-05 ), #1613, 'distance_accuracy_value', 'NONE');
#2721 = ORIENTED_EDGE ( 'NONE', *, *, #2878, .F. ) ;
#2722 = CARTESIAN_POINT ( 'NONE',  ( -13.85000000000059650, -26.84678751731725654, 75.00000000000000000 ) ) ;
#2723 = CONICAL_SURFACE ( 'NONE', #2978, 1.249999999999997558, 1.029744258676649205 ) ;
#2724 = ORIENTED_EDGE ( 'NONE', *, *, #7505, .T. ) ;
#2725 = CARTESIAN_POINT ( 'NONE',  ( 17.15000000000040714, 26.84678751731736313, 75.00000000000000000 ) ) ;
#2726 = CYLINDRICAL_SURFACE ( 'NONE', #473, 1.249999999999986899 ) ;
#2727 = ADVANCED_FACE ( 'NONE', ( #7198 ), #6503, .F. ) ;
#2728 = EDGE_LOOP ( 'NONE', ( #3784, #3162 ) ) ;
#2729 =( GEOMETRIC_REPRESENTATION_CONTEXT ( 3 ) GLOBAL_UNCERTAINTY_ASSIGNED_CONTEXT ( ( #7261 ) ) GLOBAL_UNIT_ASSIGNED_CONTEXT ( ( #6474, #3953, #7560 ) ) REPRESENTATION_CONTEXT ( 'NONE', 'WORKASPACE' ) );
#2730 = SURFACE_STYLE_FILL_AREA ( #2808 ) ;
#2731 = EDGE_CURVE ( 'NONE', #3544, #2188, #2924, .T. ) ;
#2732 = EDGE_LOOP ( 'NONE', ( #3015, #490, #7563, #3631 ) ) ;
#2733 = MECHANICAL_DESIGN_GEOMETRIC_PRESENTATION_REPRESENTATION (  '', ( #4616 ), #2369 ) ;
#2734 = LINE ( 'NONE', #1536, #4168 ) ;
#2735 = CARTESIAN_POINT ( 'NONE',  ( -23.96460021427141385, -25.50885884114119051, 68.86992887182175593 ) ) ;
#2736 = EDGE_LOOP ( 'NONE', ( #5218, #809, #2000, #555 ) ) ;
#2737 = FACE_OUTER_BOUND ( 'NONE', #3445, .T. ) ;
#2738 = VERTEX_POINT ( 'NONE', #1338 ) ;
#2739 =( NAMED_UNIT ( * ) PLANE_ANGLE_UNIT ( ) SI_UNIT ( $, .RADIAN. ) );
#2740 = CARTESIAN_POINT ( 'NONE',  ( -26.56296022294941395, 7.117523740319247061, 69.49999999999998579 ) ) ;
#2741 = CARTESIAN_POINT ( 'NONE',  ( -24.03233799897543221, -25.44523616284820378, 54.73126142467577182 ) ) ;
#2742 = CARTESIAN_POINT ( 'NONE',  ( -10.02005192283314550, 33.53523330087094934, 68.73126142467575050 ) ) ;
#2743 = CYLINDRICAL_SURFACE ( 'NONE', #4727, 1.249999999999988676 ) ;
#2744 = FACE_OUTER_BOUND ( 'NONE', #5273, .T. ) ;
#2745 = ORIENTED_EDGE ( 'NONE', *, *, #3501, .F. ) ;
#2746 = DIRECTION ( 'NONE',  ( -0.000000000000000000, -0.000000000000000000, 1.000000000000000000 ) ) ;
#2747 = EDGE_CURVE ( 'NONE', #3840, #552, #4922, .T. ) ;
#2748 = FACE_OUTER_BOUND ( 'NONE', #2070, .T. ) ;
#2749 = ORIENTED_EDGE ( 'NONE', *, *, #6763, .T. ) ;
#2750 = VERTEX_POINT ( 'NONE', #5030 ) ;
#2751 = FACE_OUTER_BOUND ( 'NONE', #7588, .T. ) ;
#2752 = EDGE_LOOP ( 'NONE', ( #7661, #1865, #5633, #4316 ) ) ;
#2753 = CARTESIAN_POINT ( 'NONE',  ( -9.216612044435722240, 33.76508041413225669, 54.25005803955803430 ) ) ;
#2754 = CARTESIAN_POINT ( 'NONE',  ( -26.88648402932751225, -5.910116457458110872, 69.49999999999998579 ) ) ;
#2755 = DIRECTION ( 'NONE',  ( -0.2588190451025214611, 0.9659258262890682012, -0.000000000000000000 ) ) ;
#2756 = VECTOR ( 'NONE', #4935, 1000.000000000000000 ) ;
#2757 = CARTESIAN_POINT ( 'NONE',  ( 24.19958127568686734, 25.28623299666327995, 54.50065340017647486 ) ) ;
#2758 = MANIFOLD_SOLID_BREP ( '阵列(圆周)3', #1912 ) ;
#2759 = EDGE_LOOP ( 'NONE', ( #2832, #2527 ) ) ;
#2760 = CARTESIAN_POINT ( 'NONE',  ( -34.10936000250274702, -7.845480241493596019, 69.49999999999936051 ) ) ;
#2761 = VERTEX_POINT ( 'NONE', #7421 ) ;
#2762 = SURFACE_STYLE_FILL_AREA ( #2719 ) ;
#2763 = ORIENTED_EDGE ( 'NONE', *, *, #4477, .F. ) ;
#2764 = DIRECTION ( 'NONE',  ( 0.2588190451025076944, 0.9659258262890718649, -0.000000000000000000 ) ) ;
#2765 = ORIENTED_EDGE ( 'NONE', *, *, #4777, .T. ) ;
#2766 = CARTESIAN_POINT ( 'NONE',  ( -6.923131025748628709, -25.83747673555098601, 55.49999999999999289 ) ) ;
#2767 = PRESENTATION_STYLE_ASSIGNMENT (( #5747 ) ) ;
#2768 = SURFACE_STYLE_USAGE ( .BOTH. , #2848 ) ;
#2769 = CARTESIAN_POINT ( 'NONE',  ( 0.000000000000000000, 0.000000000000000000, 52.98999999999999488 ) ) ;
#2770 = CARTESIAN_POINT ( 'NONE',  ( -25.44615196647984590, -24.03137496534095163, 68.73257693896664478 ) ) ;
#2771 = ORIENTED_EDGE ( 'NONE', *, *, #4938, .T. ) ;
#2772 = LINE ( 'NONE', #6382, #6710 ) ;
#2773 =( NAMED_UNIT ( * ) SI_UNIT ( $, .STERADIAN. ) SOLID_ANGLE_UNIT ( ) );
#2774 = CYLINDRICAL_SURFACE ( 'NONE', #5470, 1.649999999999998579 ) ;
#2775 = CARTESIAN_POINT ( 'NONE',  ( 24.97983810746347899, -24.51591977797354005, 54.28287014335591465 ) ) ;
#2776 = CARTESIAN_POINT ( 'NONE',  ( 8.313394368368014042, -33.99854031952581579, 70.49858126598913088 ) ) ;
#2777 = AXIS2_PLACEMENT_3D ( 'NONE', #2107, #7409, #2608 ) ;
#2778 = ORIENTED_EDGE ( 'NONE', *, *, #2115, .T. ) ;
#2779 = DIRECTION ( 'NONE',  ( 1.000000000000000000, 0.000000000000000000, 0.000000000000000000 ) ) ;
#2780 = DIRECTION ( 'NONE',  ( 1.000000000000000000, 0.000000000000000000, 0.000000000000000000 ) ) ;
#2781 = CARTESIAN_POINT ( 'NONE',  ( -8.315720026421949740, 33.99797689669439649, 54.49924284121849638 ) ) ;
#2782 = AXIS2_PLACEMENT_3D ( 'NONE', #5553, #5515, #284 ) ;
#2783 = AXIS2_PLACEMENT_3D ( 'NONE', #7345, #1993, #4360 ) ;
#2784 = DIRECTION ( 'NONE',  ( -0.7071067811865487940, 0.7071067811865462405, -0.000000000000000000 ) ) ;
#2785 =( NAMED_UNIT ( * ) PLANE_ANGLE_UNIT ( ) SI_UNIT ( $, .RADIAN. ) );
#2786 = EDGE_CURVE ( 'NONE', #2039, #6264, #80, .T. ) ;
#2787 = ORIENTED_EDGE ( 'NONE', *, *, #7137, .F. ) ;
#2788 = CARTESIAN_POINT ( 'NONE',  ( 25.50897568155051687, 23.96447580921431708, 54.87019983082778651 ) ) ;
#2789 = ORIENTED_EDGE ( 'NONE', *, *, #6780, .T. ) ;
#2790 = AXIS2_PLACEMENT_3D ( 'NONE', #5694, #7401, #1555 ) ;
#2791 = CIRCLE ( 'NONE', #1202, 1.249999999999988010 ) ;
#2792 = DIRECTION ( 'NONE',  ( 1.000000000000000000, 0.000000000000000000, 0.000000000000000000 ) ) ;
#2793 = ADVANCED_FACE ( 'NONE', ( #2001 ), #5175, .F. ) ;
#2794 = STYLED_ITEM ( 'NONE', ( #695 ), #1258 ) ;
#2795 = ORIENTED_EDGE ( 'NONE', *, *, #7225, .F. ) ;
#2796 = VECTOR ( 'NONE', #2153, 999.9999999999998863 ) ;
#2797 = MECHANICAL_DESIGN_GEOMETRIC_PRESENTATION_REPRESENTATION (  '', ( #7056 ), #4778 ) ;
#2798 = VERTEX_POINT ( 'NONE', #289 ) ;
#2799 = DIRECTION ( 'NONE',  ( -0.9659258262890719759, 0.2588190451025066952, 0.000000000000000000 ) ) ;
#2800 = DIRECTION ( 'NONE',  ( -0.000000000000000000, -0.000000000000000000, 1.000000000000000000 ) ) ;
#2801 = VERTEX_POINT ( 'NONE', #4402 ) ;
#2802 = CARTESIAN_POINT ( 'NONE',  ( -26.23943641657120196, -8.324931023180758061, 55.49999999999999289 ) ) ;
#2803 = CARTESIAN_POINT ( 'NONE',  ( 33.76445839378308733, -9.218922444420396545, 56.74986216034437092 ) ) ;
#2804 = AXIS2_PLACEMENT_3D ( 'NONE', #2823, #7609, #1668 ) ;
#2805 = ORIENTED_EDGE ( 'NONE', *, *, #3857, .F. ) ;
#2806 = PRESENTATION_STYLE_ASSIGNMENT (( #778 ) ) ;
#2807 = STYLED_ITEM ( 'NONE', ( #6670 ), #1221 ) ;
#2808 = FILL_AREA_STYLE ('',( #7501 ) ) ;
#2809 = AXIS2_PLACEMENT_3D ( 'NONE', #1102, #5817, #1557 ) ;
#2810 = ORIENTED_EDGE ( 'NONE', *, *, #906, .T. ) ;
#2811 = EDGE_LOOP ( 'NONE', ( #5120, #6207, #2265, #5033 ) ) ;
#2812 = DIRECTION ( 'NONE',  ( -0.7071067811865437980, -0.7071067811865513475, -0.000000000000000000 ) ) ;
#2813 = EDGE_CURVE ( 'NONE', #144, #6493, #4287, .T. ) ;
#2814 = DIRECTION ( 'NONE',  ( -0.000000000000000000, -0.000000000000000000, 1.000000000000000000 ) ) ;
#2815 = AXIS2_PLACEMENT_3D ( 'NONE', #3526, #6609, #2948 ) ;
#2816 = CARTESIAN_POINT ( 'NONE',  ( 15.50000000000003020, 26.84678751731757984, 66.74892422621554999 ) ) ;
#2817 = CARTESIAN_POINT ( 'NONE',  ( -10.26029480722272780, 33.46231238974495881, 69.49999999999998579 ) ) ;
#2818 = CARTESIAN_POINT ( 'NONE',  ( 10.26029480722272780, -33.46231238974495881, 69.49999999999998579 ) ) ;
#2819 = FACE_OUTER_BOUND ( 'NONE', #6055, .T. ) ;
#2820 = DIRECTION ( 'NONE',  ( -0.2588190451025177419, -0.9659258262890692004, 0.000000000000000000 ) ) ;
#2821 = ADVANCED_FACE ( 'NONE', ( #1460 ), #4991, .T. ) ;
#2822 = CYLINDRICAL_SURFACE ( 'NONE', #4986, 1.249999999999986455 ) ;
#2823 = CARTESIAN_POINT ( 'NONE',  ( 0.000000000000000000, 0.000000000000000000, 52.98999999999999488 ) ) ;
#2824 = AXIS2_PLACEMENT_3D ( 'NONE', #1108, #4004, #6978 ) ;
#2825 = FILL_AREA_STYLE_COLOUR ( '', #1077 ) ;
#2826 = FILL_AREA_STYLE ('',( #6396 ) ) ;
#2827 = AXIS2_PLACEMENT_3D ( 'NONE', #5110, #2228, #7533 ) ;
#2828 = ADVANCED_FACE ( 'NONE', ( #7313 ), #466, .F. ) ;
#2829 = CARTESIAN_POINT ( 'NONE',  ( 0.000000000000000000, 31.00000000000000000, 67.50000000000000000 ) ) ;
#2830 = CIRCLE ( 'NONE', #113, 1.250000000000001110 ) ;
#2831 = SURFACE_SIDE_STYLE ('',( #1756 ) ) ;
#2832 = ORIENTED_EDGE ( 'NONE', *, *, #1479, .T. ) ;
#2833 = CARTESIAN_POINT ( 'NONE',  ( -42.04961241126131455, 2.099999999999995204, 66.19999999999998863 ) ) ;
#2834 = ADVANCED_FACE ( 'NONE', ( #5520 ), #1505, .F. ) ;
#2835 = AXIS2_PLACEMENT_3D ( 'NONE', #5396, #47, #5275 ) ;
#2836 = EDGE_LOOP ( 'NONE', ( #6151, #4956, #1978, #1027 ) ) ;
#2837 = DIRECTION ( 'NONE',  ( 0.4999999999999976685, -0.8660254037844400399, 0.000000000000000000 ) ) ;
#2838 = ORIENTED_EDGE ( 'NONE', *, *, #2164, .F. ) ;
#2839 = FACE_OUTER_BOUND ( 'NONE', #1032, .T. ) ;
#2840 = DIRECTION ( 'NONE',  ( 0.7071067811865405783, 0.7071067811865544561, 0.000000000000000000 ) ) ;
#2841 = ORIENTED_EDGE ( 'NONE', *, *, #3868, .T. ) ;
#2842 = PRESENTATION_LAYER_ASSIGNMENT (  '', '', ( #6107 ) ) ;
#2843 = SURFACE_STYLE_FILL_AREA ( #653 ) ;
#2844 = CARTESIAN_POINT ( 'NONE',  ( -35.00000000000000711, 0.000000000000000000, 66.19999999999998863 ) ) ;
#2845 = ADVANCED_FACE ( 'NONE', ( #4530 ), #3388, .F. ) ;
#2846 = LINE ( 'NONE', #2386, #6460 ) ;
#2847 = MECHANICAL_DESIGN_GEOMETRIC_PRESENTATION_REPRESENTATION (  '', ( #6227 ), #1246 ) ;
#2848 = SURFACE_SIDE_STYLE ('',( #2730 ) ) ;
#2849 = ORIENTED_EDGE ( 'NONE', *, *, #4680, .T. ) ;
#2850 = DIRECTION ( 'NONE',  ( 0.9659258262890654256, 0.2588190451025315642, -0.000000000000000000 ) ) ;
#2851 = CARTESIAN_POINT ( 'NONE',  ( 10.26607386144910272, 33.48388011373938866, 69.49999999999998579 ) ) ;
#2852 = ORIENTED_EDGE ( 'NONE', *, *, #3144, .F. ) ;
#2853 =( GEOMETRIC_REPRESENTATION_CONTEXT ( 3 ) GLOBAL_UNCERTAINTY_ASSIGNED_CONTEXT ( ( #6249 ) ) GLOBAL_UNIT_ASSIGNED_CONTEXT ( ( #6232, #1512, #1422 ) ) REPRESENTATION_CONTEXT ( 'NONE', 'WORKASPACE' ) );
#2854 = CARTESIAN_POINT ( 'NONE',  ( 0.000000000000000000, 31.00000000000000000, 75.00000000000000000 ) ) ;
#2855 = CYLINDRICAL_SURFACE ( 'NONE', #3849, 1.649999999999998579 ) ;
#2856 = LINE ( 'NONE', #3477, #7706 ) ;
#2857 = AXIS2_PLACEMENT_3D ( 'NONE', #4547, #553, #2210 ) ;
#2858 = EDGE_CURVE ( 'NONE', #3641, #1832, #416, .T. ) ;
#2859 = CARTESIAN_POINT ( 'NONE',  ( 8.898408164504633788, -33.85033993624914928, 56.74986216034435671 ) ) ;
#2860 = EDGE_CURVE ( 'NONE', #1039, #999, #6864, .T. ) ;
#2861 = CARTESIAN_POINT ( 'NONE',  ( 25.28623299666318758, -24.19958127568693840, 54.50065340017644644 ) ) ;
#2862 = DIRECTION ( 'NONE',  ( 1.000000000000000000, 0.000000000000000000, 0.000000000000000000 ) ) ;
#2863 = ORIENTED_EDGE ( 'NONE', *, *, #4839, .F. ) ;
#2864 = CYLINDRICAL_SURFACE ( 'NONE', #5994, 35.00000000000000711 ) ;
#2865 = FACE_OUTER_BOUND ( 'NONE', #7620, .T. ) ;
#2866 = ORIENTED_EDGE ( 'NONE', *, *, #7455, .T. ) ;
#2867 = FACE_OUTER_BOUND ( 'NONE', #4696, .T. ) ;
#2868 = DIRECTION ( 'NONE',  ( 1.000000000000000000, 0.000000000000000000, 0.000000000000000000 ) ) ;
#2869 = PRESENTATION_STYLE_ASSIGNMENT (( #4596 ) ) ;
#2870 = EDGE_CURVE ( 'NONE', #6331, #6560, #1927, .T. ) ;
#2871 = CARTESIAN_POINT ( 'NONE',  ( -9.058666578588249862, 33.80740392011739459, 55.49999999999999289 ) ) ;
#2872 = ORIENTED_EDGE ( 'NONE', *, *, #454, .F. ) ;
#2873 = CARTESIAN_POINT ( 'NONE',  ( -18.56155300614692649, 20.32931995911321010, 69.49999999999998579 ) ) ;
#2874 = SURFACE_STYLE_USAGE ( .BOTH. , #2831 ) ;
#2875 = EDGE_LOOP ( 'NONE', ( #7651, #4344 ) ) ;
#2876 = ORIENTED_EDGE ( 'NONE', *, *, #208, .F. ) ;
#2877 = CARTESIAN_POINT ( 'NONE',  ( -8.741236312987252788, 33.89120293265681028, 56.71716962019199570 ) ) ;
#2878 = EDGE_CURVE ( 'NONE', #5911, #3027, #5836, .T. ) ;
#2879 = PRESENTATION_LAYER_ASSIGNMENT (  '', '', ( #4365 ) ) ;
#2880 = DIRECTION ( 'NONE',  ( 0.000000000000000000, 0.000000000000000000, 1.000000000000000000 ) ) ;
#2881 = ORIENTED_EDGE ( 'NONE', *, *, #1914, .F. ) ;
#2882 = SURFACE_STYLE_USAGE ( .BOTH. , #5827 ) ;
#2883 = PLANE ( 'NONE',  #7334 ) ;
#2884 = ORIENTED_EDGE ( 'NONE', *, *, #7015, .F. ) ;
#2885 = DIRECTION ( 'NONE',  ( -0.9659258262890670910, -0.2588190451025247918, -0.000000000000000000 ) ) ;
#2886 = PRESENTATION_STYLE_ASSIGNMENT (( #498 ) ) ;
#2887 = CARTESIAN_POINT ( 'NONE',  ( 34.10936000250134015, -7.845480241499721785, 69.49999999999998579 ) ) ;
#2888 =( NAMED_UNIT ( * ) PLANE_ANGLE_UNIT ( ) SI_UNIT ( $, .RADIAN. ) );
#2889 = DIRECTION ( 'NONE',  ( 0.7071067811865388020, 0.7071067811865563435, -0.000000000000000000 ) ) ;
#2890 = EDGE_CURVE ( 'NONE', #4995, #2260, #200, .T. ) ;
#2891 = ORIENTED_EDGE ( 'NONE', *, *, #3120, .F. ) ;
#2892 = CARTESIAN_POINT ( 'NONE',  ( 6.923131025748809897, -25.83747673555092916, 55.49999999999999289 ) ) ;
#2893 = CARTESIAN_POINT ( 'NONE',  ( 26.84678751731763313, 15.49999999999993783, 67.50000000000000000 ) ) ;
#2894 = SURFACE_STYLE_USAGE ( .BOTH. , #5885 ) ;
#2895 = SURFACE_STYLE_FILL_AREA ( #6960 ) ;
#2896 = FACE_BOUND ( 'NONE', #5542, .T. ) ;
#2897 = SURFACE_STYLE_USAGE ( .BOTH. , #5925 ) ;
#2898 = SURFACE_STYLE_USAGE ( .BOTH. , #550 ) ;
#2899 = LINE ( 'NONE', #5891, #1956 ) ;
#2900 = FACE_BOUND ( 'NONE', #5269, .T. ) ;
#2901 = DIRECTION ( 'NONE',  ( 1.000000000000000000, 0.000000000000000000, 0.000000000000000000 ) ) ;
#2902 = EDGE_LOOP ( 'NONE', ( #1643, #1036, #2275, #5424 ) ) ;
#2903 = ORIENTED_EDGE ( 'NONE', *, *, #2535, .T. ) ;
#2904 = DIRECTION ( 'NONE',  ( -0.000000000000000000, -0.000000000000000000, 1.000000000000000000 ) ) ;
#2905 = CARTESIAN_POINT ( 'NONE',  ( -26.56296022294935710, -7.117523740319432690, 55.49999999999999289 ) ) ;
#2906 = DIRECTION ( 'NONE',  ( 0.2419218955996635112, -0.9702957262759975832, 0.000000000000000000 ) ) ;
#2907 = LINE ( 'NONE', #7679, #7541 ) ;
#2908 = CARTESIAN_POINT ( 'NONE',  ( -5.910116457457830208, -26.88648402932758330, 69.49999999999998579 ) ) ;
#2909 = CARTESIAN_POINT ( 'NONE',  ( -9.592190828937127378, 33.66000032175302437, 70.62377514882768992 ) ) ;
#2910 = VERTEX_POINT ( 'NONE', #963 ) ;
#2911 = AXIS2_PLACEMENT_3D ( 'NONE', #2269, #764, #1368 ) ;
#2912 = CARTESIAN_POINT ( 'NONE',  ( -7.877419812029797797, 34.10205473297590828, 55.82754978985013850 ) ) ;
#2913 = VECTOR ( 'NONE', #6052, 1000.000000000000000 ) ;
#2914 = EDGE_LOOP ( 'NONE', ( #756, #2684 ) ) ;
#2915 = CARTESIAN_POINT ( 'NONE',  ( -24.19888087444812896, 25.28690242411483524, 70.49858126598914509 ) ) ;
#2916 = CIRCLE ( 'NONE', #5022, 1.249999999999998002 ) ;
#2917 = ORIENTED_EDGE ( 'NONE', *, *, #3733, .T. ) ;
#2918 = SURFACE_STYLE_FILL_AREA ( #4085 ) ;
#2919 = CARTESIAN_POINT ( 'NONE',  ( -9.665042753928203112, -33.63940933168326808, 68.40755231783181500 ) ) ;
#2920 = DIRECTION ( 'NONE',  ( 0.9659258262890654256, 0.2588190451025315642, -0.000000000000000000 ) ) ;
#2921 = CARTESIAN_POINT ( 'NONE',  ( 34.05252645253743538, 8.089419755561836567, 70.26794143074936017 ) ) ;
#2922 = ORIENTED_EDGE ( 'NONE', *, *, #1321, .F. ) ;
#2923 = VECTOR ( 'NONE', #1428, 1000.000000000000000 ) ;
#2924 = CIRCLE ( 'NONE', #6176, 4.500000000000000888 ) ;
#2925 = CARTESIAN_POINT ( 'NONE',  ( 19.44543648262982671, 19.44543648263030278, 55.49999999999999289 ) ) ;
#2926 = CARTESIAN_POINT ( 'NONE',  ( -33.72126086098811726, 9.375468758798337632, 70.71716962019199570 ) ) ;
#2927 = AXIS2_PLACEMENT_3D ( 'NONE', #2509, #777, #5526 ) ;
#2928 = CARTESIAN_POINT ( 'NONE',  ( 25.61683214824511623, -23.84906519527832813, 69.49999999999998579 ) ) ;
#2929 = CARTESIAN_POINT ( 'NONE',  ( -34.00000000000000000, -2.100000000000003197, 72.50000000000000000 ) ) ;
#2930 = MECHANICAL_DESIGN_GEOMETRIC_PRESENTATION_REPRESENTATION (  '', ( #7055 ), #7678 ) ;
#2931 = DIRECTION ( 'NONE',  ( 0.9659258262890654256, 0.2588190451025315642, -0.000000000000000000 ) ) ;
#2932 = EDGE_CURVE ( 'NONE', #3552, #2713, #5079, .T. ) ;
#2933 = AXIS2_PLACEMENT_3D ( 'NONE', #2043, #4453, #3866 ) ;
#2934 = DIRECTION ( 'NONE',  ( -0.000000000000000000, -0.000000000000000000, 1.000000000000000000 ) ) ;
#2935 =( LENGTH_UNIT ( ) NAMED_UNIT ( * ) SI_UNIT ( .MILLI., .METRE. ) );
#2936 = CARTESIAN_POINT ( 'NONE',  ( 0.000000000000000000, 31.00000000000000000, 67.50000000000000000 ) ) ;
#2937 = ORIENTED_EDGE ( 'NONE', *, *, #3875, .F. ) ;
#2938 = CARTESIAN_POINT ( 'NONE',  ( 33.58438219073067899, 9.853558116863228022, 56.44215622177352287 ) ) ;
#2939 = CARTESIAN_POINT ( 'NONE',  ( 20.32931995911340550, -18.56155300614671333, 69.49999999999998579 ) ) ;
#2940 = ORIENTED_EDGE ( 'NONE', *, *, #6537, .F. ) ;
#2941 = AXIS2_PLACEMENT_3D ( 'NONE', #4663, #3444, #5851 ) ;
#2942 = SURFACE_STYLE_FILL_AREA ( #3447 ) ;
#2943 = PRESENTATION_STYLE_ASSIGNMENT (( #1783 ) ) ;
#2944 = B_SPLINE_CURVE_WITH_KNOTS ( 'NONE', 3,
 ( #2887, #3420, #654, #5991, #2998, #1229, #4731, #4204, #6523, #6456, #4645, #574, #4089, #7032, #3466, #4165, #5399, #5323, #5279, #1187 ),
 .UNSPECIFIED., .F., .F.,
 ( 4, 2, 2, 2, 2, 2, 2, 2, 2, 4 ),
 ( 0.000000000000000000, 0.0004885477149880608190, 0.0009770954299761216381, 0.001465643144964182566, 0.001954190859952243276, 0.002442738574940303987, 0.002931286289928365131, 0.003419834004916425842, 0.003664107862410434947, 0.003908381719904444052 ),
 .UNSPECIFIED. ) ;
#2945 = DIRECTION ( 'NONE',  ( -0.7071067811865437980, -0.7071067811865513475, -0.000000000000000000 ) ) ;
#2946 = ORIENTED_EDGE ( 'NONE', *, *, #5024, .T. ) ;
#2947 = DIRECTION ( 'NONE',  ( 0.000000000000000000, 0.000000000000000000, 1.000000000000000000 ) ) ;
#2948 = DIRECTION ( 'NONE',  ( 0.2588190451025260130, -0.9659258262890668689, 0.000000000000000000 ) ) ;
#2949 = FILL_AREA_STYLE_COLOUR ( '', #1734 ) ;
#2950 = ORIENTED_EDGE ( 'NONE', *, *, #7599, .T. ) ;
#2951 = CONICAL_SURFACE ( 'NONE', #7437, 1.249999999999987788, 1.029744258676644320 ) ;
#2952 = VERTEX_POINT ( 'NONE', #3940 ) ;
#2953 = DIRECTION ( 'NONE',  ( -0.000000000000000000, -0.000000000000000000, 1.000000000000000000 ) ) ;
#2954 = UNCERTAINTY_MEASURE_WITH_UNIT (LENGTH_MEASURE( 1.000000000000000082E-05 ), #7666, 'distance_accuracy_value', 'NONE');
#2955 = COLOUR_RGB ( '',1.000000000000000000, 1.000000000000000000, 1.000000000000000000 ) ;
#2956 = VECTOR ( 'NONE', #7196, 1000.000000000000000 ) ;
#2957 = CARTESIAN_POINT ( 'NONE',  ( 18.91434570980230845, -18.91434570980197805, 55.49999999999999289 ) ) ;
#2958 = EDGE_CURVE ( 'NONE', #4138, #6118, #5674, .T. ) ;
#2959 = EDGE_CURVE ( 'NONE', #2395, #7151, #1655, .T. ) ;
#2960 = FACE_BOUND ( 'NONE', #2166, .T. ) ;
#2961 = ORIENTED_EDGE ( 'NONE', *, *, #178, .T. ) ;
#2962 = CARTESIAN_POINT ( 'NONE',  ( 17.14999999999946922, -26.84678751731790669, 73.00000000000000000 ) ) ;
#2963 = CARTESIAN_POINT ( 'NONE',  ( 25.44564309315805772, 24.03190623646099411, 70.26794143074936017 ) ) ;
#2964 = AXIS2_PLACEMENT_3D ( 'NONE', #1793, #4161, #5361 ) ;
#2965 = COLOUR_RGB ( '',1.000000000000000000, 1.000000000000000000, 1.000000000000000000 ) ;
#2966 = ORIENTED_EDGE ( 'NONE', *, *, #2273, .F. ) ;
#2967 = LINE ( 'NONE', #4734, #5088 ) ;
#2968 = VECTOR ( 'NONE', #1240, 999.9999999999998863 ) ;
#2969 = EDGE_CURVE ( 'NONE', #3810, #7326, #5812, .T. ) ;
#2970 = EDGE_CURVE ( 'NONE', #5144, #2580, #2734, .T. ) ;
#2971 = CARTESIAN_POINT ( 'NONE',  ( 24.19888087444830660, -25.28690242411466471, 70.49858126598914509 ) ) ;
#2972 = FACE_OUTER_BOUND ( 'NONE', #5644, .T. ) ;
#2973 = ORIENTED_EDGE ( 'NONE', *, *, #3501, .T. ) ;
#2974 = DIRECTION ( 'NONE',  ( 1.000000000000000000, 0.000000000000000000, 0.000000000000000000 ) ) ;
#2975 =( GEOMETRIC_REPRESENTATION_CONTEXT ( 3 ) GLOBAL_UNCERTAINTY_ASSIGNED_CONTEXT ( ( #5062 ) ) GLOBAL_UNIT_ASSIGNED_CONTEXT ( ( #2660, #2550, #1515 ) ) REPRESENTATION_CONTEXT ( 'NONE', 'WORKASPACE' ) );
#2976 = ADVANCED_FACE ( 'NONE', ( #5156 ), #377, .T. ) ;
#2977 =( NAMED_UNIT ( * ) PLANE_ANGLE_UNIT ( ) SI_UNIT ( $, .RADIAN. ) );
#2978 = AXIS2_PLACEMENT_3D ( 'NONE', #4021, #7045, #5842 ) ;
#2979 = DIRECTION ( 'NONE',  ( -0.2756373558170049365, -0.9612616959383172288, 0.000000000000000000 ) ) ;
#2980 = DIRECTION ( 'NONE',  ( 0.000000000000000000, 0.000000000000000000, -1.000000000000000000 ) ) ;
#2981 = CARTESIAN_POINT ( 'NONE',  ( 25.61683214824513044, -23.84906519527833169, 69.33480505326377852 ) ) ;
#2982 = CARTESIAN_POINT ( 'NONE',  ( 33.46231238974307587, -10.26029480722885445, 55.49999999999934630 ) ) ;
#2983 = AXIS2_PLACEMENT_3D ( 'NONE', #6392, #1054, #480 ) ;
#2984 = CARTESIAN_POINT ( 'NONE',  ( 5.910116457457641026, 26.88648402932761527, 55.49999999999999289 ) ) ;
#2985 = DIRECTION ( 'NONE',  ( 0.000000000000000000, -0.000000000000000000, 1.000000000000000000 ) ) ;
#2986 = ORIENTED_EDGE ( 'NONE', *, *, #2359, .F. ) ;
#2987 = CARTESIAN_POINT ( 'NONE',  ( -8.090343774675588406, -34.05230794512225856, 56.26921617977551904 ) ) ;
#2988 = CARTESIAN_POINT ( 'NONE',  ( -9.779644824719333940, 9.697899641309026819, -12.34999999999999964 ) ) ;
#2989 = EDGE_CURVE ( 'NONE', #1899, #872, #6785, .T. ) ;
#2990 = ORIENTED_EDGE ( 'NONE', *, *, #5621, .T. ) ;
#2991 = CARTESIAN_POINT ( 'NONE',  ( 26.23943641657114867, 8.324931023180939249, 55.49999999999999289 ) ) ;
#2992 = ORIENTED_EDGE ( 'NONE', *, *, #1421, .F. ) ;
#2993 = DIRECTION ( 'NONE',  ( 0.000000000000000000, 0.000000000000000000, 1.000000000000000000 ) ) ;
#2994 = VERTEX_POINT ( 'NONE', #3981 ) ;
#2995 = FACE_OUTER_BOUND ( 'NONE', #846, .T. ) ;
#2996 = EDGE_LOOP ( 'NONE', ( #7633, #2469, #1601, #3250 ) ) ;
#2997 = CARTESIAN_POINT ( 'NONE',  ( 24.15814908914678938, 25.32562274223527510, 70.44215622177352998 ) ) ;
#2998 = CARTESIAN_POINT ( 'NONE',  ( 34.05238992180876778, -8.089997138022546608, 68.73126142467575050 ) ) ;
#2999 = ORIENTED_EDGE ( 'NONE', *, *, #1410, .T. ) ;
#3000 = VECTOR ( 'NONE', #3016, 999.9999999999998863 ) ;
#3001 = VERTEX_POINT ( 'NONE', #6992 ) ;
#3002 = AXIS2_PLACEMENT_3D ( 'NONE', #3652, #4387, #4357 ) ;
#3003 = DIRECTION ( 'NONE',  ( -0.7071067811865489050, 0.7071067811865462405, -0.000000000000000000 ) ) ;
#3004 = AXIS2_PLACEMENT_3D ( 'NONE', #3105, #3719, #6158 ) ;
#3005 = ORIENTED_EDGE ( 'NONE', *, *, #7124, .T. ) ;
#3006 = CARTESIAN_POINT ( 'NONE',  ( -7.117523740319154690, -26.56296022294944237, 69.49999999999998579 ) ) ;
#3007 = DIRECTION ( 'NONE',  ( 1.000000000000000000, 0.000000000000000000, 0.000000000000000000 ) ) ;
#3008 = ORIENTED_EDGE ( 'NONE', *, *, #1043, .T. ) ;
#3009 =( NAMED_UNIT ( * ) SI_UNIT ( $, .STERADIAN. ) SOLID_ANGLE_UNIT ( ) );
#3010 = CARTESIAN_POINT ( 'NONE',  ( -17.15000000000059543, -26.84678751731725654, 75.00000000000000000 ) ) ;
#3011 = CARTESIAN_POINT ( 'NONE',  ( -9.058666578588010054, -33.80740392011745854, 55.49999999999999289 ) ) ;
#3012 = CARTESIAN_POINT ( 'NONE',  ( 25.83747673555100732, -6.923131025748539891, 69.49999999999998579 ) ) ;
#3013 = ORIENTED_EDGE ( 'NONE', *, *, #5406, .T. ) ;
#3014 = CARTESIAN_POINT ( 'NONE',  ( 25.61683214824511623, -23.84906519527832813, 69.49999999999998579 ) ) ;
#3015 = ORIENTED_EDGE ( 'NONE', *, *, #7682, .F. ) ;
#3016 = DIRECTION ( 'NONE',  ( -0.7071067811865489050, 0.7071067811865462405, -0.000000000000000000 ) ) ;
#3017 = CARTESIAN_POINT ( 'NONE',  ( -33.64022680846640156, -9.661250117069847931, 70.58541951627361755 ) ) ;
#3018 = DIRECTION ( 'NONE',  ( -0.2588190451025214611, 0.9659258262890682012, -0.000000000000000000 ) ) ;
#3019 = FACE_OUTER_BOUND ( 'NONE', #6817, .T. ) ;
#3020 = ORIENTED_EDGE ( 'NONE', *, *, #2158, .F. ) ;
#3021 = DIRECTION ( 'NONE',  ( 0.2588190451025122463, 0.9659258262890706437, 0.000000000000000000 ) ) ;
#3022 = DIRECTION ( 'NONE',  ( -1.000000000000000000, 0.000000000000000000, 0.000000000000000000 ) ) ;
#3023 = EDGE_LOOP ( 'NONE', ( #4549, #4722, #6877, #962 ) ) ;
#3024 = ORIENTED_EDGE ( 'NONE', *, *, #6669, .F. ) ;
#3025 = FILL_AREA_STYLE ('',( #1866 ) ) ;
#3026 = ADVANCED_FACE ( 'NONE', ( #6379 ), #4017, .F. ) ;
#3027 = VERTEX_POINT ( 'NONE', #4802 ) ;
#3028 = CARTESIAN_POINT ( 'NONE',  ( 34.13092772649545026, 7.851259295727284204, 55.49999999999999289 ) ) ;
#3029 = UNCERTAINTY_MEASURE_WITH_UNIT (LENGTH_MEASURE( 1.000000000000000082E-05 ), #3891, 'distance_accuracy_value', 'NONE');
#3030 = EDGE_LOOP ( 'NONE', ( #3863, #4715, #7109 ) ) ;
#3031 = LINE ( 'NONE', #6134, #5818 ) ;
#3032 = DIRECTION ( 'NONE',  ( -0.8660254037844349329, 0.5000000000000064393, 0.000000000000000000 ) ) ;
#3033 = EDGE_CURVE ( 'NONE', #4388, #6840, #7080, .T. ) ;
#3034 = ORIENTED_EDGE ( 'NONE', *, *, #4564, .F. ) ;
#3035 = CARTESIAN_POINT ( 'NONE',  ( 8.741490271134562562, 33.89113427247278310, 68.28287014335595018 ) ) ;
#3036 = UNCERTAINTY_MEASURE_WITH_UNIT (LENGTH_MEASURE( 1.000000000000000082E-05 ), #2288, 'distance_accuracy_value', 'NONE');
#3037 = STYLED_ITEM ( 'NONE', ( #788 ), #3305 ) ;
#3038 = PRESENTATION_LAYER_ASSIGNMENT (  '', '', ( #4667 ) ) ;
#3039 = DIRECTION ( 'NONE',  ( -0.7071067811865437980, -0.7071067811865513475, -0.000000000000000000 ) ) ;
#3040 = FACE_OUTER_BOUND ( 'NONE', #6715, .T. ) ;
#3041 = CONICAL_SURFACE ( 'NONE', #316, 1.249999999999987788, 1.029744258676644986 ) ;
#3042 = VECTOR ( 'NONE', #5325, 1000.000000000000000 ) ;
#3043 = SURFACE_SIDE_STYLE ('',( #1239 ) ) ;
#3044 = CIRCLE ( 'NONE', #4921, 1.249999999999987343 ) ;
#3045 = EDGE_CURVE ( 'NONE', #6027, #1462, #3622, .T. ) ;
#3046 = FILL_AREA_STYLE_COLOUR ( '', #4467 ) ;
#3047 = DIRECTION ( 'NONE',  ( 0.000000000000000000, 0.000000000000000000, -1.000000000000000000 ) ) ;
#3048 = EDGE_CURVE ( 'NONE', #6828, #6555, #2534, .T. ) ;
#3049 = ORIENTED_EDGE ( 'NONE', *, *, #2969, .F. ) ;
#3050 = CARTESIAN_POINT ( 'NONE',  ( 33.50840416585890580, 10.10894437270454738, 56.12992980600228066 ) ) ;
#3051 = VERTEX_POINT ( 'NONE', #2892 ) ;
#3052 = VECTOR ( 'NONE', #6883, 1000.000000000000000 ) ;
#3053 = FACE_OUTER_BOUND ( 'NONE', #7514, .T. ) ;
#3054 = FILL_AREA_STYLE ('',( #4297 ) ) ;
#3055 = DIRECTION ( 'NONE',  ( -0.9659258262890683122, -0.2588190451025205174, 0.000000000000000000 ) ) ;
#3056 = DIRECTION ( 'NONE',  ( -0.8571673007021092250, 1.049727191138614998E-16, 0.5150380749100592626 ) ) ;
#3057 = AXIS2_PLACEMENT_3D ( 'NONE', #3243, #5695, #7440 ) ;
#3058 = EDGE_CURVE ( 'NONE', #2479, #5370, #583, .T. ) ;
#3059 = CARTESIAN_POINT ( 'NONE',  ( 13.84999999999947029, -26.84678751731790669, 73.00000000000000000 ) ) ;
#3060 = ORIENTED_EDGE ( 'NONE', *, *, #3273, .T. ) ;
#3061 = VERTEX_POINT ( 'NONE', #3550 ) ;
#3062 = CARTESIAN_POINT ( 'NONE',  ( -9.058666578588249862, 33.80740392011739459, 55.49999999999999289 ) ) ;
#3063 = DIRECTION ( 'NONE',  ( -0.8660254037844349329, 0.5000000000000064393, 0.000000000000000000 ) ) ;
#3064 = AXIS2_PLACEMENT_3D ( 'NONE', #2829, #5179, #2256 ) ;
#3065 = CARTESIAN_POINT ( 'NONE',  ( 10.26029480722272780, -33.46231238974495881, 55.49999999999999289 ) ) ;
#3066 = EDGE_CURVE ( 'NONE', #1919, #2801, #7657, .T. ) ;
#3067 = AXIS2_PLACEMENT_3D ( 'NONE', #6894, #2067, #3222 ) ;
#3068 = CARTESIAN_POINT ( 'NONE',  ( -26.84678751731795998, -15.49999999999937295, 75.00000000000000000 ) ) ;
#3069 = ORIENTED_EDGE ( 'NONE', *, *, #1889, .T. ) ;
#3070 = CARTESIAN_POINT ( 'NONE',  ( -33.96391606373713046, 8.453225370535372818, 56.58541951627361755 ) ) ;
#3071 = ADVANCED_FACE ( 'NONE', ( #2422 ), #1803, .F. ) ;
#3072 = CARTESIAN_POINT ( 'NONE',  ( -33.53523330087092091, -10.02005192283325741, 68.73126142467575050 ) ) ;
#3073 = STYLED_ITEM ( 'NONE', ( #5665 ), #7190 ) ;
#3074 = AXIS2_PLACEMENT_3D ( 'NONE', #6423, #7087, #5757 ) ;
#3075 = CARTESIAN_POINT ( 'NONE',  ( 10.19928830482868065, 33.48097225825549828, 69.09744532331460221 ) ) ;
#3076 = DIRECTION ( 'NONE',  ( -0.000000000000000000, -0.000000000000000000, 1.000000000000000000 ) ) ;
#3077 = EDGE_CURVE ( 'NONE', #5852, #6892, #7192, .T. ) ;
#3078 = VECTOR ( 'NONE', #7220, 1000.000000000000000 ) ;
#3079 = EDGE_CURVE ( 'NONE', #2296, #3279, #3871, .T. ) ;
#3080 = CARTESIAN_POINT ( 'NONE',  ( 8.522919225068411819, 33.94651078449916071, 70.62377514882767571 ) ) ;
#3081 = CARTESIAN_POINT ( 'NONE',  ( 35.00000000000000711, 4.286263797015737285E-15, 75.00000000000000000 ) ) ;
#3082 = EDGE_CURVE ( 'NONE', #5688, #5950, #359, .T. ) ;
#3083 = STYLED_ITEM ( 'NONE', ( #6872 ), #3694 ) ;
#3084 = DIRECTION ( 'NONE',  ( 1.000000000000000000, 0.000000000000000000, 0.000000000000000000 ) ) ;
#3085 = DIRECTION ( 'NONE',  ( 0.000000000000000000, 0.000000000000000000, 1.000000000000000000 ) ) ;
#3086 = FACE_OUTER_BOUND ( 'NONE', #7673, .T. ) ;
#3087 = DIRECTION ( 'NONE',  ( 1.000000000000000000, 0.000000000000000000, 0.000000000000000000 ) ) ;
#3088 = ORIENTED_EDGE ( 'NONE', *, *, #7477, .T. ) ;
#3089 = AXIS2_PLACEMENT_3D ( 'NONE', #1516, #2551, #5530 ) ;
#3090 = CARTESIAN_POINT ( 'NONE',  ( 25.50885884114126867, -23.96460021427131082, 68.86992887182175593 ) ) ;
#3091 = EDGE_LOOP ( 'NONE', ( #6127, #6137 ) ) ;
#3092 = CARTESIAN_POINT ( 'NONE',  ( -25.71138827009653127, 22.24689895748039703, -12.34999999999999964 ) ) ;
#3093 = CARTESIAN_POINT ( 'NONE',  ( -33.46231238974492328, -10.26029480722284504, 69.49999999999998579 ) ) ;
#3094 = ADVANCED_FACE ( 'NONE', ( #6172 ), #58, .F. ) ;
#3095 = DIRECTION ( 'NONE',  ( -0.000000000000000000, -0.000000000000000000, 1.000000000000000000 ) ) ;
#3096 = AXIS2_PLACEMENT_3D ( 'NONE', #7160, #6031, #4810 ) ;
#3097 = B_SPLINE_CURVE_WITH_KNOTS ( 'NONE', 3,
 ( #1544, #6962, #1627, #5166, #6833, #475, #340, #3438, #2859, #5090, #6307, #1514, #1585, #4501, #7469, #972, #3316, #5802, #1051, #3870 ),
 .UNSPECIFIED., .F., .F.,
 ( 4, 2, 2, 2, 2, 2, 2, 2, 2, 4 ),
 ( 0.003908381719904426704, 0.004396818631769955181, 0.004885255543635483658, 0.005373692455501012134, 0.005862129367366540611, 0.006350566279232068220, 0.006594784735164831158, 0.006839003191097594095, 0.007327440102963133847, 0.007815877014828673600 ),
 .UNSPECIFIED. ) ;
#3098 = SURFACE_SIDE_STYLE ('',( #748 ) ) ;
#3099 = CARTESIAN_POINT ( 'NONE',  ( -8.522919225068649851, -33.94651078449912518, 56.62377514882767571 ) ) ;
#3100 = FILL_AREA_STYLE ('',( #3570 ) ) ;
#3101 = DIRECTION ( 'NONE',  ( -0.000000000000000000, -0.000000000000000000, 1.000000000000000000 ) ) ;
#3102 = ORIENTED_EDGE ( 'NONE', *, *, #3079, .T. ) ;
#3103 = SURFACE_STYLE_FILL_AREA ( #5912 ) ;
#3104 = EDGE_LOOP ( 'NONE', ( #2795, #6979, #7473, #5590 ) ) ;
#3105 = CARTESIAN_POINT ( 'NONE',  ( -24.95517096803486368, 21.59257839990745609, -12.34999999999999964 ) ) ;
#3106 = COLOUR_RGB ( '',1.000000000000000000, 1.000000000000000000, 1.000000000000000000 ) ;
#3107 = CARTESIAN_POINT ( 'NONE',  ( 15.49999999999946887, -26.84678751731790669, 73.00000000000000000 ) ) ;
#3108 = EDGE_CURVE ( 'NONE', #3248, #4705, #3816, .T. ) ;
#3109 = CARTESIAN_POINT ( 'NONE',  ( 35.00000000000000711, 4.286263797015737285E-15, 75.00000000000000000 ) ) ;
#3110 = EDGE_LOOP ( 'NONE', ( #1860, #1194, #6004, #6046 ) ) ;
#3111 = FILL_AREA_STYLE ('',( #3649 ) ) ;
#3112 = DIRECTION ( 'NONE',  ( -0.9659258262890673130, -0.2588190451025248473, -0.000000000000000000 ) ) ;
#3113 = ADVANCED_FACE ( 'NONE', ( #4282 ), #769, .F. ) ;
#3114 = ORIENTED_EDGE ( 'NONE', *, *, #5742, .T. ) ;
#3115 = CARTESIAN_POINT ( 'NONE',  ( 9.373723367611997759, 33.72174701653641904, 68.28232543929560450 ) ) ;
#3116 = FILL_AREA_STYLE_COLOUR ( '', #6766 ) ;
#3117 = CARTESIAN_POINT ( 'NONE',  ( 24.74873734152938809, -24.74873734152895111, 69.49999999999998579 ) ) ;
#3118 = CARTESIAN_POINT ( 'NONE',  ( 26.88648402932759751, -5.910116457457738726, 69.49999999999998579 ) ) ;
#3119 = VECTOR ( 'NONE', #6135, 1000.000000000000114 ) ;
#3120 = EDGE_CURVE ( 'NONE', #2412, #5715, #5291, .T. ) ;
#3121 = CARTESIAN_POINT ( 'NONE',  ( -28.00000000000000000, 0.000000000000000000, 76.00000000000000000 ) ) ;
#3122 = ORIENTED_EDGE ( 'NONE', *, *, #2617, .F. ) ;
#3123 = CARTESIAN_POINT ( 'NONE',  ( 0.000000000000000000, 0.000000000000000000, 76.00000000000000000 ) ) ;
#3124 = DIRECTION ( 'NONE',  ( -0.7071067811865461294, -0.7071067811865489050, 0.000000000000000000 ) ) ;
#3125 = VERTEX_POINT ( 'NONE', #6065 ) ;
#3126 = ORIENTED_EDGE ( 'NONE', *, *, #686, .T. ) ;
#3127 = CARTESIAN_POINT ( 'NONE',  ( -7.117523740319154690, -26.56296022294944237, 55.49999999999999289 ) ) ;
#3128 = CARTESIAN_POINT ( 'NONE',  ( 33.53485719109461627, -10.02132654886025698, 54.73257693896664478 ) ) ;
#3129 = EDGE_CURVE ( 'NONE', #3739, #1285, #1753, .T. ) ;
#3130 =( NAMED_UNIT ( * ) PLANE_ANGLE_UNIT ( ) SI_UNIT ( $, .RADIAN. ) );
#3131 = DIRECTION ( 'NONE',  ( 0.2588190451025260130, -0.9659258262890668689, 0.000000000000000000 ) ) ;
#3132 = CARTESIAN_POINT ( 'NONE',  ( -24.63289773148419570, -24.86458386967269263, 56.75013697141074687 ) ) ;
#3133 = PRESENTATION_STYLE_ASSIGNMENT (( #7395 ) ) ;
#3134 = CARTESIAN_POINT ( 'NONE',  ( -23.14298219578689952, 4.080732175172792964, -14.84999999999999964 ) ) ;
#3135 = ORIENTED_EDGE ( 'NONE', *, *, #2747, .F. ) ;
#3136 = LINE ( 'NONE', #7147, #3265 ) ;
#3137 = ORIENTED_EDGE ( 'NONE', *, *, #5406, .F. ) ;
#3138 = CARTESIAN_POINT ( 'NONE',  ( 28.09678751731752655, -15.50000000000012612, 67.50000000000000000 ) ) ;
#3139 = CARTESIAN_POINT ( 'NONE',  ( 33.46231238974483801, 10.26029480722307241, 69.66515748035297406 ) ) ;
#3140 = DIRECTION ( 'NONE',  ( 1.051347561198065757E-14, 1.000000000000000000, 0.000000000000000000 ) ) ;
#3141 = CYLINDRICAL_SURFACE ( 'NONE', #7570, 2.099999999999997868 ) ;
#3142 = ORIENTED_EDGE ( 'NONE', *, *, #1616, .F. ) ;
#3143 = CARTESIAN_POINT ( 'NONE',  ( -33.46231238974301192, 10.26029480722908893, 55.49999999999934630 ) ) ;
#3144 = EDGE_CURVE ( 'NONE', #3503, #5507, #2110, .T. ) ;
#3145 = LINE ( 'NONE', #7224, #3119 ) ;
#3146 = ORIENTED_EDGE ( 'NONE', *, *, #6458, .T. ) ;
#3147 = CARTESIAN_POINT ( 'NONE',  ( 25.83747673555085811, 6.923131025749080791, 55.49999999999999289 ) ) ;
#3148 = ORIENTED_EDGE ( 'NONE', *, *, #1137, .F. ) ;
#3149 = DIRECTION ( 'NONE',  ( -0.000000000000000000, -0.000000000000000000, -1.000000000000000000 ) ) ;
#3150 = STYLED_ITEM ( 'NONE', ( #6778 ), #4984 ) ;
#3151 = CARTESIAN_POINT ( 'NONE',  ( -1.249999999999997558, 31.00000000000000000, 67.50000000000000000 ) ) ;
#3152 = DIRECTION ( 'NONE',  ( -0.000000000000000000, -0.000000000000000000, -1.000000000000000000 ) ) ;
#3153 = CONICAL_SURFACE ( 'NONE', #6655, 1.249999999999987566, 1.029744258676642321 ) ;
#3154 = CARTESIAN_POINT ( 'NONE',  ( 28.00000000000000000, 3.429011037612589276E-15, 76.00000000000000000 ) ) ;
#3155 = PRESENTATION_LAYER_ASSIGNMENT (  '', '', ( #3037 ) ) ;
#3156 = ORIENTED_EDGE ( 'NONE', *, *, #3188, .F. ) ;
#3157 = DIRECTION ( 'NONE',  ( -0.2588190451025214611, 0.9659258262890682012, -0.000000000000000000 ) ) ;
#3158 = AXIS2_PLACEMENT_3D ( 'NONE', #5612, #1390, #3131 ) ;
#3159 = ORIENTED_EDGE ( 'NONE', *, *, #307, .F. ) ;
#3160 = DIRECTION ( 'NONE',  ( 0.6946583704589899266, 0.7193398003386581863, 1.049727191138612779E-16 ) ) ;
#3161 = LINE ( 'NONE', #1508, #6242 ) ;
#3162 = ORIENTED_EDGE ( 'NONE', *, *, #768, .T. ) ;
#3163 = ADVANCED_FACE ( 'NONE', ( #4010 ), #408, .F. ) ;
#3164 = CARTESIAN_POINT ( 'NONE',  ( -23.96447580921405773, 25.50897568155078332, 68.87019983082780072 ) ) ;
#3165 = CARTESIAN_POINT ( 'NONE',  ( 15.50000000000003197, 26.84678751731757984, 73.00000000000000000 ) ) ;
#3166 = PRESENTATION_LAYER_ASSIGNMENT (  '', '', ( #843 ) ) ;
#3167 = VERTEX_POINT ( 'NONE', #6254 ) ;
#3168 = CARTESIAN_POINT ( 'NONE',  ( -25.18987721940618130, -24.30006167257687366, 54.40755231783177948 ) ) ;
#3169 = CARTESIAN_POINT ( 'NONE',  ( -23.84906519527842406, -25.61683214824504518, 55.66515748035300959 ) ) ;
#3170 = AXIS2_PLACEMENT_3D ( 'NONE', #6395, #2368, #1210 ) ;
#3171 = CARTESIAN_POINT ( 'NONE',  ( -25.59678751731741997, 15.50000000000031442, 73.00000000000000000 ) ) ;
#3172 = CARTESIAN_POINT ( 'NONE',  ( -24.29905735647510312, 25.19084476727101318, 56.59162368380860642 ) ) ;
#3173 = ORIENTED_EDGE ( 'NONE', *, *, #1798, .T. ) ;
#3174 = CIRCLE ( 'NONE', #1448, 34.75000000000000711 ) ;
#3175 = CARTESIAN_POINT ( 'NONE',  ( 24.86458386967277789, -24.63289773148411044, 56.75013697141073266 ) ) ;
#3176 = CARTESIAN_POINT ( 'NONE',  ( 33.46231238974485223, 10.26029480722307774, 69.49999999999998579 ) ) ;
#3177 = CARTESIAN_POINT ( 'NONE',  ( -33.60056864402275778, -9.798729503278998720, 54.50065340017648197 ) ) ;
#3178 = FACE_OUTER_BOUND ( 'NONE', #364, .T. ) ;
#3179 = CARTESIAN_POINT ( 'NONE',  ( -34.10936000250129041, 7.845480241499960705, 69.49999999999998579 ) ) ;
#3180 = VERTEX_POINT ( 'NONE', #497 ) ;
#3181 = DIRECTION ( 'NONE',  ( 0.9659258262890708657, -0.2588190451025111360, -0.000000000000000000 ) ) ;
#3182 = VECTOR ( 'NONE', #5074, 1000.000000000000000 ) ;
#3183 = CARTESIAN_POINT ( 'NONE',  ( -33.99797689669437517, -8.315720026422061650, 68.49924284121848927 ) ) ;
#3184 = AXIS2_PLACEMENT_3D ( 'NONE', #5623, #5267, #3923 ) ;
#3185 = CARTESIAN_POINT ( 'NONE',  ( 24.35431995556165319, 25.13708109668446511, 56.62377514882769702 ) ) ;
#3186 = UNCERTAINTY_MEASURE_WITH_UNIT (LENGTH_MEASURE( 1.000000000000000082E-05 ), #1708, 'distance_accuracy_value', 'NONE');
#3187 = ADVANCED_FACE ( 'NONE', ( #3931 ), #5237, .F. ) ;
#3188 = EDGE_CURVE ( 'NONE', #1612, #2395, #2419, .T. ) ;
#3189 = CARTESIAN_POINT ( 'NONE',  ( -1.249999999999998002, 31.00000000000000000, 75.00000000000000000 ) ) ;
#3190 = ORIENTED_EDGE ( 'NONE', *, *, #6209, .F. ) ;
#3191 = CARTESIAN_POINT ( 'NONE',  ( 25.50897568155053463, 23.96447580921432063, 68.87019983082781494 ) ) ;
#3192 = FILL_AREA_STYLE ('',( #2500 ) ) ;
#3193 = CARTESIAN_POINT ( 'NONE',  ( -4.500000000000000000, 5.510910596163088569E-16, -15.35000000000000320 ) ) ;
#3194 = AXIS2_PLACEMENT_3D ( 'NONE', #2925, #2889, #539 ) ;
#3195 = EDGE_CURVE ( 'NONE', #6555, #977, #1530, .T. ) ;
#3196 = CARTESIAN_POINT ( 'NONE',  ( -24.86436037437312052, 24.63311137724502586, 54.25005803955802008 ) ) ;
#3197 = CONICAL_SURFACE ( 'NONE', #1473, 1.249999999999987343, 1.029744258676644764 ) ;
#3198 = STYLED_ITEM ( 'NONE', ( #4822 ), #3645 ) ;
#3199 = EDGE_LOOP ( 'NONE', ( #2407, #283, #5397 ) ) ;
#3200 = CYLINDRICAL_SURFACE ( 'NONE', #1626, 28.00000000000000000 ) ;
#3201 = ORIENTED_EDGE ( 'NONE', *, *, #1502, .F. ) ;
#3202 = DIRECTION ( 'NONE',  ( -0.000000000000000000, 0.000000000000000000, 1.000000000000000000 ) ) ;
#3203 = MECHANICAL_DESIGN_GEOMETRIC_PRESENTATION_REPRESENTATION (  '', ( #7447 ), #3699 ) ;
#3204 = ADVANCED_FACE ( 'NONE', ( #7535 ), #913, .F. ) ;
#3205 = CYLINDRICAL_SURFACE ( 'NONE', #1254, 1.249999999999987121 ) ;
#3206 = VECTOR ( 'NONE', #959, 1000.000000000000114 ) ;
#3207 = DIRECTION ( 'NONE',  ( -0.7071067811865437980, -0.7071067811865513475, -0.000000000000000000 ) ) ;
#3208 = FACE_OUTER_BOUND ( 'NONE', #3685, .T. ) ;
#3209 = AXIS2_PLACEMENT_3D ( 'NONE', #7211, #4305, #3022 ) ;
#3210 = VECTOR ( 'NONE', #2515, 999.9999999999998863 ) ;
#3211 = FILL_AREA_STYLE_COLOUR ( '', #375 ) ;
#3212 = FACE_BOUND ( 'NONE', #201, .T. ) ;
#3213 = ORIENTED_EDGE ( 'NONE', *, *, #674, .F. ) ;
#3214 = DIRECTION ( 'NONE',  ( -0.7071067811865487940, 0.7071067811865462405, -0.000000000000000000 ) ) ;
#3215 = CARTESIAN_POINT ( 'NONE',  ( -8.742990943867981812, 33.89075126011876193, 54.28232543929561160 ) ) ;
#3216 = PRODUCT_DEFINITION ( '鏈', '', #5229, #7580 ) ;
#3217 = DIRECTION ( 'NONE',  ( 1.000000000000000000, 0.000000000000000000, -0.000000000000000000 ) ) ;
#3218 = VERTEX_POINT ( 'NONE', #3253 ) ;
#3219 = AXIS2_PLACEMENT_3D ( 'NONE', #546, #3986, #6384 ) ;
#3220 = FACE_OUTER_BOUND ( 'NONE', #6726, .T. ) ;
#3221 = VERTEX_POINT ( 'NONE', #2802 ) ;
#3222 = DIRECTION ( 'NONE',  ( 0.2588190451025122463, 0.9659258262890706437, 0.000000000000000000 ) ) ;
#3223 = SURFACE_SIDE_STYLE ('',( #2641 ) ) ;
#3224 = ORIENTED_EDGE ( 'NONE', *, *, #1511, .T. ) ;
#3225 = DIRECTION ( 'NONE',  ( -0.000000000000000000, -0.000000000000000000, -1.000000000000000000 ) ) ;
#3226 = CARTESIAN_POINT ( 'NONE',  ( 31.00000000000000000, -1.082359215041371340E-13, 75.00000000000000000 ) ) ;
#3227 = DIRECTION ( 'NONE',  ( 1.000000000000000000, 0.000000000000000000, 0.000000000000000000 ) ) ;
#3228 =( LENGTH_UNIT ( ) NAMED_UNIT ( * ) SI_UNIT ( .MILLI., .METRE. ) );
#3229 = CARTESIAN_POINT ( 'NONE',  ( 15.49999999999946887, -26.84678751731790669, 75.00000000000000000 ) ) ;
#3230 = VERTEX_POINT ( 'NONE', #2766 ) ;
#3231 = CARTESIAN_POINT ( 'NONE',  ( -34.75000000000000711, 0.000000000000000000, 39.03621802532608598 ) ) ;
#3232 = ORIENTED_EDGE ( 'NONE', *, *, #7587, .T. ) ;
#3233 = CARTESIAN_POINT ( 'NONE',  ( -10.26029480722896992, -33.46231238974304745, 55.49999999999934630 ) ) ;
#3234 = CARTESIAN_POINT ( 'NONE',  ( -25.61683214824939725, -23.84906519527373092, 55.49999999999934630 ) ) ;
#3235 = DIRECTION ( 'NONE',  ( 0.9659258262890706437, -0.2588190451025124128, 0.000000000000000000 ) ) ;
#3236 = EDGE_CURVE ( 'NONE', #5108, #3218, #4573, .T. ) ;
#3237 = CARTESIAN_POINT ( 'NONE',  ( 34.10936000250269018, 7.845480241493834050, 69.49999999999936051 ) ) ;
#3238 = FILL_AREA_STYLE ('',( #3211 ) ) ;
#3239 = VERTEX_POINT ( 'NONE', #2725 ) ;
#3240 = ORIENTED_EDGE ( 'NONE', *, *, #5986, .F. ) ;
#3241 = CARTESIAN_POINT ( 'NONE',  ( -7.931855198189997402, -11.42243243440582212, -12.34999999999999964 ) ) ;
#3242 = CARTESIAN_POINT ( 'NONE',  ( -34.05270151420136671, -8.088705224614688660, 54.73257693896663056 ) ) ;
#3243 = CARTESIAN_POINT ( 'NONE',  ( 15.49999999999984368, -26.84678751731768998, 67.50000000000000000 ) ) ;
#3244 = DIRECTION ( 'NONE',  ( -0.000000000000000000, -0.000000000000000000, 1.000000000000000000 ) ) ;
#3245 = ORIENTED_EDGE ( 'NONE', *, *, #4586, .T. ) ;
#3246 = CARTESIAN_POINT ( 'NONE',  ( 25.59678751731753010, -15.50000000000012612, 67.50000000000000000 ) ) ;
#3247 = EDGE_CURVE ( 'NONE', #5996, #924, #7709, .T. ) ;
#3248 = VERTEX_POINT ( 'NONE', #534 ) ;
#3249 = CYLINDRICAL_SURFACE ( 'NONE', #5838, 1.249999999999997558 ) ;
#3250 = ORIENTED_EDGE ( 'NONE', *, *, #1889, .F. ) ;
#3251 = FACE_OUTER_BOUND ( 'NONE', #5733, .T. ) ;
#3252 = ORIENTED_EDGE ( 'NONE', *, *, #1198, .T. ) ;
#3253 = CARTESIAN_POINT ( 'NONE',  ( 1.649999999999348654, -31.00000000000000000, 75.00000000000000000 ) ) ;
#3254 =( LENGTH_UNIT ( ) NAMED_UNIT ( * ) SI_UNIT ( .MILLI., .METRE. ) );
#3255 = ORIENTED_EDGE ( 'NONE', *, *, #1523, .F. ) ;
#3256 = DIRECTION ( 'NONE',  ( 0.000000000000000000, 0.000000000000000000, 1.000000000000000000 ) ) ;
#3257 = CARTESIAN_POINT ( 'NONE',  ( -23.96447580921406839, 25.50897568155078332, 54.87019983082780072 ) ) ;
#3258 = ORIENTED_EDGE ( 'NONE', *, *, #2786, .F. ) ;
#3259 =( NAMED_UNIT ( * ) SI_UNIT ( $, .STERADIAN. ) SOLID_ANGLE_UNIT ( ) );
#3260 = CARTESIAN_POINT ( 'NONE',  ( -23.87291786938546423, -25.59468177588266968, 69.17270578215243404 ) ) ;
#3261 = AXIS2_PLACEMENT_3D ( 'NONE', #5071, #7585, #4484 ) ;
#3262 = ORIENTED_EDGE ( 'NONE', *, *, #2054, .T. ) ;
#3263 = DIRECTION ( 'NONE',  ( 0.9659258262890698665, -0.2588190451025149663, 0.000000000000000000 ) ) ;
#3264 = ORIENTED_EDGE ( 'NONE', *, *, #939, .F. ) ;
#3265 = VECTOR ( 'NONE', #6453, 1000.000000000000000 ) ;
#3266 = CIRCLE ( 'NONE', #6890, 1.249999999999988232 ) ;
#3267 = CARTESIAN_POINT ( 'NONE',  ( -23.85505451664663568, 25.61125982000469392, 69.33555798072745802 ) ) ;
#3268 = DIRECTION ( 'NONE',  ( 0.9659258262890654256, 0.2588190451025315642, -0.000000000000000000 ) ) ;
#3269 = CARTESIAN_POINT ( 'NONE',  ( -24.74873734152904348, -24.74873734152930638, 55.49999999999999289 ) ) ;
#3270 = EDGE_CURVE ( 'NONE', #3815, #4355, #158, .T. ) ;
#3271 = AXIS2_PLACEMENT_3D ( 'NONE', #2476, #4186, #5492 ) ;
#3272 = CARTESIAN_POINT ( 'NONE',  ( 7.117523740319341208, -26.56296022294938552, 55.49999999999999289 ) ) ;
#3273 = EDGE_CURVE ( 'NONE', #5404, #6028, #936, .T. ) ;
#3274 = CONICAL_SURFACE ( 'NONE', #4280, 1.249999999999987343, 1.029744258676644986 ) ;
#3275 = CARTESIAN_POINT ( 'NONE',  ( 33.72132837859817300, 9.375214494499269691, 68.28287014335595018 ) ) ;
#3276 = CARTESIAN_POINT ( 'NONE',  ( 26.23943641657132630, -8.324931023180388578, 69.49999999999998579 ) ) ;
#3277 = B_SPLINE_CURVE_WITH_KNOTS ( 'NONE', 3,
 ( #4013, #2147, #4048, #6375, #7075, #7034, #453, #7626, #4691, #4527, #1730, #6457, #6988, #538, #3423, #3937, #1000, #5152, #1116, #5282 ),
 .UNSPECIFIED., .F., .F.,
 ( 4, 2, 2, 2, 2, 2, 2, 2, 2, 4 ),
 ( 0.003908381719904423235, 0.004396818631769956916, 0.004885255543635490597, 0.005373692455501025145, 0.005862129367366557958, 0.006350566279232092506, 0.006594784735164852842, 0.006839003191097613177, 0.007327440102963142521, 0.007815877014828671865 ),
 .UNSPECIFIED. ) ;
#3278 = DIRECTION ( 'NONE',  ( 0.7071067811865537900, -0.7071067811865412445, -0.000000000000000000 ) ) ;
#3279 = VERTEX_POINT ( 'NONE', #6688 ) ;
#3280 = CARTESIAN_POINT ( 'NONE',  ( -25.13708109668420931, 24.35431995556190543, 56.62377514882767571 ) ) ;
#3281 = VERTEX_POINT ( 'NONE', #5951 ) ;
#3282 = SURFACE_STYLE_USAGE ( .BOTH. , #932 ) ;
#3283 = DIRECTION ( 'NONE',  ( 0.000000000000000000, 0.000000000000000000, 1.000000000000000000 ) ) ;
#3284 = CIRCLE ( 'NONE', #4036, 4.500000000000000000 ) ;
#3285 = DIRECTION ( 'NONE',  ( -0.000000000000000000, -0.000000000000000000, 1.000000000000000000 ) ) ;
#3286 = EDGE_CURVE ( 'NONE', #5148, #4073, #616, .T. ) ;
#3287 = AXIS2_PLACEMENT_3D ( 'NONE', #1139, #1709, #3484 ) ;
#3288 = CARTESIAN_POINT ( 'NONE',  ( 34.75000000000000711, 0.000000000000000000, 72.50000000000000000 ) ) ;
#3289 = SURFACE_SIDE_STYLE ('',( #6398 ) ) ;
#3290 = EDGE_LOOP ( 'NONE', ( #4815, #647, #7574 ) ) ;
#3291 = LINE ( 'NONE', #6808, #1552 ) ;
#3292 = EDGE_CURVE ( 'NONE', #4489, #1985, #3136, .T. ) ;
#3293 = EDGE_LOOP ( 'NONE', ( #774, #3069 ) ) ;
#3294 = AXIS2_PLACEMENT_3D ( 'NONE', #805, #6216, #212 ) ;
#3295 =( LENGTH_UNIT ( ) NAMED_UNIT ( * ) SI_UNIT ( .MILLI., .METRE. ) );
#3296 =( NAMED_UNIT ( * ) SI_UNIT ( $, .STERADIAN. ) SOLID_ANGLE_UNIT ( ) );
#3297 = AXIS2_PLACEMENT_3D ( 'NONE', #6567, #1197, #3084 ) ;
#3298 = VERTEX_POINT ( 'NONE', #7115 ) ;
#3299 =( NAMED_UNIT ( * ) SI_UNIT ( $, .STERADIAN. ) SOLID_ANGLE_UNIT ( ) );
#3300 = CONICAL_SURFACE ( 'NONE', #844, 1.249999999999987788, 1.029744258676644986 ) ;
#3301 = DIRECTION ( 'NONE',  ( 0.9659258262890654256, 0.2588190451025315642, -0.000000000000000000 ) ) ;
#3302 =( LENGTH_UNIT ( ) NAMED_UNIT ( * ) SI_UNIT ( .MILLI., .METRE. ) );
#3303 = B_SPLINE_CURVE_WITH_KNOTS ( 'NONE', 3,
 ( #730, #6138, #801, #5547, #3697, #6168, #7301, #4947, #206, #3618, #7226, #3185, #7343, #4840, #3768, #1906, #7260, #838, #6062, #1991 ),
 .UNSPECIFIED., .F., .F.,
 ( 4, 2, 2, 2, 2, 2, 2, 2, 2, 4 ),
 ( 0.003908381719904423235, 0.004396818631769954314, 0.004885255543635486260, 0.005373692455501017338, 0.005862129367366549285, 0.006350566279232080363, 0.006594784735164841566, 0.006839003191097603636, 0.007327440102963137317, 0.007815877014828670130 ),
 .UNSPECIFIED. ) ;
#3304 = EDGE_CURVE ( 'NONE', #6281, #2761, #3717, .T. ) ;
#3305 = ADVANCED_FACE ( 'NONE', ( #2305 ), #1113, .F. ) ;
#3306 = DIRECTION ( 'NONE',  ( 1.000000000000000000, 0.000000000000000000, 0.000000000000000000 ) ) ;
#3307 = CYLINDRICAL_SURFACE ( 'NONE', #4412, 34.75000000000000711 ) ;
#3308 = CIRCLE ( 'NONE', #3067, 1.249999999999987343 ) ;
#3309 = ORIENTED_EDGE ( 'NONE', *, *, #1559, .F. ) ;
#3310 = CARTESIAN_POINT ( 'NONE',  ( -6.505213034913026604E-13, -31.00000000000000000, 75.00000000000000000 ) ) ;
#3311 = EDGE_LOOP ( 'NONE', ( #5985, #4192 ) ) ;
#3312 = CARTESIAN_POINT ( 'NONE',  ( 33.99797689669432543, 8.315720026422306788, 54.49924284121849638 ) ) ;
#3313 = AXIS2_PLACEMENT_3D ( 'NONE', #2680, #6900, #7621 ) ;
#3314 = VERTEX_POINT ( 'NONE', #7072 ) ;
#3315 = AXIS2_PLACEMENT_3D ( 'NONE', #4500, #3910, #2125 ) ;
#3316 = CARTESIAN_POINT ( 'NONE',  ( 10.10894437270419921, -33.50840416585904080, 56.12992980600228776 ) ) ;
#3317 = DIRECTION ( 'NONE',  ( 1.000000000000000000, 0.000000000000000000, 0.000000000000000000 ) ) ;
#3318 = DIRECTION ( 'NONE',  ( 1.000000000000000000, 0.000000000000000000, 0.000000000000000000 ) ) ;
#3319 = MECHANICAL_DESIGN_GEOMETRIC_PRESENTATION_REPRESENTATION (  '', ( #5712 ), #988 ) ;
#3320 = CARTESIAN_POINT ( 'NONE',  ( -23.14298219578689952, 4.080732175172792964, -12.34999999999999964 ) ) ;
#3321 = ORIENTED_EDGE ( 'NONE', *, *, #3129, .F. ) ;
#3322 = FILL_AREA_STYLE ('',( #2664 ) ) ;
#3323 = CIRCLE ( 'NONE', #7088, 1.649999999999998579 ) ;
#3324 = CARTESIAN_POINT ( 'NONE',  ( -8.901579399977523011, 33.84949744289199458, 54.24994211835183933 ) ) ;
#3325 = LINE ( 'NONE', #2754, #3778 ) ;
#3326 = AXIS2_PLACEMENT_3D ( 'NONE', #6309, #5254, #2862 ) ;
#3327 = CARTESIAN_POINT ( 'NONE',  ( -27.64298219578689952, 4.080732175172793852, -13.84999999999999964 ) ) ;
#3328 = CARTESIAN_POINT ( 'NONE',  ( 25.61683214824923027, 23.84906519527391211, 55.49999999999934630 ) ) ;
#3329 = VERTEX_POINT ( 'NONE', #572 ) ;
#3330 = CARTESIAN_POINT ( 'NONE',  ( -8.165810755070980420, -12.06522004409231563, 0.000000000000000000 ) ) ;
#3331 = CIRCLE ( 'NONE', #5374, 1.649999999999998579 ) ;
#3332 = EDGE_LOOP ( 'NONE', ( #2863, #2594, #4294 ) ) ;
#3333 = FILL_AREA_STYLE ('',( #6776 ) ) ;
#3334 = UNCERTAINTY_MEASURE_WITH_UNIT (LENGTH_MEASURE( 1.000000000000000082E-05 ), #5168, 'distance_accuracy_value', 'NONE');
#3335 = EDGE_LOOP ( 'NONE', ( #2577, #3610, #407, #4308 ) ) ;
#3336 = DIRECTION ( 'NONE',  ( -0.9659258262890692004, 0.2588190451025179084, -0.000000000000000000 ) ) ;
#3337 = FACE_OUTER_BOUND ( 'NONE', #7622, .T. ) ;
#3338 = ORIENTED_EDGE ( 'NONE', *, *, #910, .F. ) ;
#3339 = CARTESIAN_POINT ( 'NONE',  ( 7.999599450723504646, 34.07360143426243582, 70.12992980600229487 ) ) ;
#3340 = DIRECTION ( 'NONE',  ( -0.000000000000000000, -0.000000000000000000, -1.000000000000000000 ) ) ;
#3341 = CARTESIAN_POINT ( 'NONE',  ( -25.28690242411474287, -24.19888087444821778, 70.49858126598911667 ) ) ;
#3342 = EDGE_LOOP ( 'NONE', ( #1565, #2292, #2966, #4519 ) ) ;
#3343 = SURFACE_SIDE_STYLE ('',( #1158 ) ) ;
#3344 = AXIS2_PLACEMENT_3D ( 'NONE', #3904, #1009, #6867 ) ;
#3345 = CARTESIAN_POINT ( 'NONE',  ( -25.59678751731774327, -15.49999999999974953, 73.00000000000000000 ) ) ;
#3346 = COLOUR_RGB ( '',1.000000000000000000, 1.000000000000000000, 1.000000000000000000 ) ;
#3347 = DIRECTION ( 'NONE',  ( -0.000000000000000000, -0.000000000000000000, 1.000000000000000000 ) ) ;
#3348 = CARTESIAN_POINT ( 'NONE',  ( 18.91434570980191054, 18.91434570980237240, 55.49999999999999289 ) ) ;
#3349 = ORIENTED_EDGE ( 'NONE', *, *, #5129, .T. ) ;
#3350 = CYLINDRICAL_SURFACE ( 'NONE', #374, 1.649999999999998579 ) ;
#3351 = CARTESIAN_POINT ( 'NONE',  ( -26.84678751731774327, -15.49999999999974953, 66.74892422621554999 ) ) ;
#3352 = FACE_OUTER_BOUND ( 'NONE', #5785, .T. ) ;
#3353 = EDGE_CURVE ( 'NONE', #2952, #3061, #4729, .T. ) ;
#3354 = CARTESIAN_POINT ( 'NONE',  ( -34.00000000000000000, -3.178005909718203197E-15, 66.19999999999998863 ) ) ;
#3355 = CARTESIAN_POINT ( 'NONE',  ( 8.089419755561475966, -34.05252645253751353, 70.26794143074936017 ) ) ;
#3356 = CARTESIAN_POINT ( 'NONE',  ( -1.650000000000649614, -31.00000000000000000, 75.00000000000000000 ) ) ;
#3357 = EDGE_CURVE ( 'NONE', #6651, #5463, #4087, .T. ) ;
#3358 = ORIENTED_EDGE ( 'NONE', *, *, #3144, .T. ) ;
#3359 = DIRECTION ( 'NONE',  ( -0.000000000000000000, -0.000000000000000000, 1.000000000000000000 ) ) ;
#3360 = AXIS2_PLACEMENT_3D ( 'NONE', #5260, #7640, #597 ) ;
#3361 = DIRECTION ( 'NONE',  ( -0.7071067811865461294, -0.7071067811865489050, 0.000000000000000000 ) ) ;
#3362 = CARTESIAN_POINT ( 'NONE',  ( -7.907643356624154407, 34.09501667146574277, 55.09744532331458799 ) ) ;
#3363 = CARTESIAN_POINT ( 'NONE',  ( -18.56155300614692649, 20.32931995911321010, 55.49999999999999289 ) ) ;
#3364 = DIRECTION ( 'NONE',  ( 1.000000000000000000, 0.000000000000000000, 0.000000000000000000 ) ) ;
#3365 = STYLED_ITEM ( 'NONE', ( #4037 ), #536 ) ;
#3366 = CARTESIAN_POINT ( 'NONE',  ( -8.315865184521719300, -10.63467847341232009, -12.34999999999999964 ) ) ;
#3367 = EDGE_LOOP ( 'NONE', ( #6853, #6129, #6089, #6977 ) ) ;
#3368 = CARTESIAN_POINT ( 'NONE',  ( -20.32931995911315326, -18.56155300614700465, 69.49999999999998579 ) ) ;
#3369 = EDGE_LOOP ( 'NONE', ( #5281, #2220, #2029, #2335 ) ) ;
#3370 = ORIENTED_EDGE ( 'NONE', *, *, #3521, .F. ) ;
#3371 = CARTESIAN_POINT ( 'NONE',  ( 32.65000000000000568, -5.429684479807406206E-13, 75.00000000000000000 ) ) ;
#3372 = EDGE_CURVE ( 'NONE', #7373, #3001, #1207, .T. ) ;
#3373 = CARTESIAN_POINT ( 'NONE',  ( -25.59678751731774327, -15.49999999999974953, 75.00000000000000000 ) ) ;
#3374 = ORIENTED_EDGE ( 'NONE', *, *, #547, .F. ) ;
#3375 = DIRECTION ( 'NONE',  ( -0.000000000000000000, -0.000000000000000000, 1.000000000000000000 ) ) ;
#3376 = FACE_OUTER_BOUND ( 'NONE', #5353, .T. ) ;
#3377 = ORIENTED_EDGE ( 'NONE', *, *, #704, .T. ) ;
#3378 = FACE_OUTER_BOUND ( 'NONE', #4219, .T. ) ;
#3379 = EDGE_CURVE ( 'NONE', #1519, #687, #3325, .T. ) ;
#3380 = CARTESIAN_POINT ( 'NONE',  ( -33.47406479658241096, 10.22190009509836806, 55.17537727027525563 ) ) ;
#3381 = DIRECTION ( 'NONE',  ( -0.7193398003386611839, 0.6946583704589868180, 1.049727191138612163E-16 ) ) ;
#3382 = DIRECTION ( 'NONE',  ( 0.000000000000000000, 0.000000000000000000, 1.000000000000000000 ) ) ;
#3383 = ORIENTED_EDGE ( 'NONE', *, *, #7406, .F. ) ;
#3384 = FACE_OUTER_BOUND ( 'NONE', #3545, .T. ) ;
#3385 = DIRECTION ( 'NONE',  ( 0.000000000000000000, 0.000000000000000000, 1.000000000000000000 ) ) ;
#3386 = FILL_AREA_STYLE_COLOUR ( '', #6361 ) ;
#3387 = DIRECTION ( 'NONE',  ( 1.000000000000000000, 0.000000000000000000, 0.000000000000000000 ) ) ;
#3388 = CONICAL_SURFACE ( 'NONE', #950, 1.249999999999988010, 1.029744258676646318 ) ;
#3389 = CARTESIAN_POINT ( 'NONE',  ( 24.03137496534104400, -25.44615196647974997, 54.73257693896664478 ) ) ;
#3390 = CARTESIAN_POINT ( 'NONE',  ( 7.845480241493476115, -34.10936000250277544, 69.49999999999936051 ) ) ;
#3391 = EDGE_CURVE ( 'NONE', #3455, #2738, #3406, .T. ) ;
#3392 = COLOUR_RGB ( '',1.000000000000000000, 1.000000000000000000, 1.000000000000000000 ) ;
#3393 = FACE_OUTER_BOUND ( 'NONE', #533, .T. ) ;
#3394 = CARTESIAN_POINT ( 'NONE',  ( -23.86485386504586259, -25.63262081801247660, 69.49999999999998579 ) ) ;
#3395 = EDGE_LOOP ( 'NONE', ( #4241, #4942, #3928, #4371 ) ) ;
#3396 = CARTESIAN_POINT ( 'NONE',  ( 28.09678751731762958, 15.49999999999993783, 75.00000000000000000 ) ) ;
#3397 = MECHANICAL_DESIGN_GEOMETRIC_PRESENTATION_REPRESENTATION (  '', ( #6771 ), #696 ) ;
#3398 = AXIS2_PLACEMENT_3D ( 'NONE', #3921, #2289, #1024 ) ;
#3399 = DIRECTION ( 'NONE',  ( 0.2588190451025076944, 0.9659258262890718649, -0.000000000000000000 ) ) ;
#3400 = EDGE_CURVE ( 'NONE', #1781, #4073, #6419, .T. ) ;
#3401 = CARTESIAN_POINT ( 'NONE',  ( 25.18987721940601432, 24.30006167257705485, 54.40755231783177948 ) ) ;
#3402 = EDGE_CURVE ( 'NONE', #4582, #3239, #5136, .T. ) ;
#3403 = CARTESIAN_POINT ( 'NONE',  ( -15.49999999999965716, 26.84678751731779656, 73.00000000000000000 ) ) ;
#3404 = ORIENTED_EDGE ( 'NONE', *, *, #6511, .T. ) ;
#3405 = ORIENTED_EDGE ( 'NONE', *, *, #4927, .T. ) ;
#3406 = CIRCLE ( 'NONE', #67, 1.249999999999985789 ) ;
#3407 = VECTOR ( 'NONE', #3056, 999.9999999999998863 ) ;
#3408 = CARTESIAN_POINT ( 'NONE',  ( -10.22854968441274082, 33.47208803505522923, 55.82922580273994839 ) ) ;
#3409 = CIRCLE ( 'NONE', #6909, 1.250000000000001110 ) ;
#3410 = ORIENTED_EDGE ( 'NONE', *, *, #6602, .F. ) ;
#3411 = CARTESIAN_POINT ( 'NONE',  ( -24.29905735647509957, 25.19084476727100963, 70.59162368380859220 ) ) ;
#3412 = AXIS2_PLACEMENT_3D ( 'NONE', #2277, #6824, #7632 ) ;
#3413 = PRESENTATION_LAYER_ASSIGNMENT (  '', '', ( #7056 ) ) ;
#3414 = EDGE_LOOP ( 'NONE', ( #6901, #989, #4380 ) ) ;
#3415 = FILL_AREA_STYLE_COLOUR ( '', #5023 ) ;
#3416 = DIRECTION ( 'NONE',  ( 0.7071067811865537900, -0.7071067811865412445, -0.000000000000000000 ) ) ;
#3417 = ORIENTED_EDGE ( 'NONE', *, *, #127, .T. ) ;
#3418 = CARTESIAN_POINT ( 'NONE',  ( 8.090343774675359256, 34.05230794512232961, 70.26921617977552614 ) ) ;
#3419 =( NAMED_UNIT ( * ) SI_UNIT ( $, .STERADIAN. ) SOLID_ANGLE_UNIT ( ) );
#3420 = CARTESIAN_POINT ( 'NONE',  ( 34.10936000250134725, -7.845480241499721785, 69.33480505326377852 ) ) ;
#3421 = EDGE_LOOP ( 'NONE', ( #48, #4968, #5519 ) ) ;
#3422 = VECTOR ( 'NONE', #3225, 1000.000000000000000 ) ;
#3423 = CARTESIAN_POINT ( 'NONE',  ( 8.258759448495347044, 34.01170720601005826, 56.44215622177353708 ) ) ;
#3424 = ADVANCED_FACE ( 'NONE', ( #240 ), #5005, .F. ) ;
#3425 = ADVANCED_FACE ( 'NONE', ( #2172 ), #351, .F. ) ;
#3426 = DIRECTION ( 'NONE',  ( -0.000000000000000000, -0.000000000000000000, 1.000000000000000000 ) ) ;
#3427 = AXIS2_PLACEMENT_3D ( 'NONE', #2620, #5567, #5084 ) ;
#3428 =( NAMED_UNIT ( * ) PLANE_ANGLE_UNIT ( ) SI_UNIT ( $, .RADIAN. ) );
#3429 = CIRCLE ( 'NONE', #3184, 1.249999999999997558 ) ;
#3430 = ORIENTED_EDGE ( 'NONE', *, *, #5383, .T. ) ;
#3431 = DIRECTION ( 'NONE',  ( -0.000000000000000000, -0.000000000000000000, 1.000000000000000000 ) ) ;
#3432 = CARTESIAN_POINT ( 'NONE',  ( 23.84906519527823932, 25.61683214824520149, 69.49999999999998579 ) ) ;
#3433 = VERTEX_POINT ( 'NONE', #522 ) ;
#3434 = EDGE_CURVE ( 'NONE', #7366, #7011, #1784, .T. ) ;
#3435 = CIRCLE ( 'NONE', #3064, 1.249999999999997558 ) ;
#3436 = DIRECTION ( 'NONE',  ( 1.000000000000000000, 0.000000000000000000, 0.000000000000000000 ) ) ;
#3437 = APPLICATION_CONTEXT ( 'automotive_design' ) ;
#3438 = CARTESIAN_POINT ( 'NONE',  ( 8.741236312987252788, -33.89120293265681028, 56.71716962019199570 ) ) ;
#3439 = CYLINDRICAL_SURFACE ( 'NONE', #23, 1.249999999999997558 ) ;
#3440 = CARTESIAN_POINT ( 'NONE',  ( 8.741236312987256341, -33.89120293265680317, 70.71716962019200992 ) ) ;
#3441 = EDGE_LOOP ( 'NONE', ( #1943, #3146 ) ) ;
#3442 = ADVANCED_FACE ( 'NONE', ( #5857, #434 ), #6, .F. ) ;
#3443 = CARTESIAN_POINT ( 'NONE',  ( 26.56296022294946368, -7.117523740319062320, 55.49999999999999289 ) ) ;
#3444 = DIRECTION ( 'NONE',  ( 0.7071067811865537900, -0.7071067811865412445, -0.000000000000000000 ) ) ;
#3445 = EDGE_LOOP ( 'NONE', ( #1021, #6101, #1149, #741 ) ) ;
#3446 = VERTEX_POINT ( 'NONE', #6510 ) ;
#3447 = FILL_AREA_STYLE ('',( #4065 ) ) ;
#3448 = AXIS2_PLACEMENT_3D ( 'NONE', #7604, #7510, #2250 ) ;
#3449 = FILL_AREA_STYLE ('',( #5933 ) ) ;
#3450 = CARTESIAN_POINT ( 'NONE',  ( -18.56155300614678794, -20.32931995911334511, 69.49999999999998579 ) ) ;
#3451 = AXIS2_PLACEMENT_3D ( 'NONE', #3972, #2800, #6815 ) ;
#3452 = LINE ( 'NONE', #3366, #486 ) ;
#3453 = DIRECTION ( 'NONE',  ( -1.000000000000000000, 0.000000000000000000, -0.000000000000000000 ) ) ;
#3454 = EDGE_LOOP ( 'NONE', ( #5697, #2513 ) ) ;
#3455 = VERTEX_POINT ( 'NONE', #4147 ) ;
#3456 = LINE ( 'NONE', #4078, #4367 ) ;
#3457 = PRESENTATION_LAYER_ASSIGNMENT (  '', '', ( #6814 ) ) ;
#3458 = EDGE_CURVE ( 'NONE', #5507, #5982, #2916, .T. ) ;
#3459 = CARTESIAN_POINT ( 'NONE',  ( -42.04961241126131455, -2.100000000000005418, 72.50000000000000000 ) ) ;
#3460 = ORIENTED_EDGE ( 'NONE', *, *, #3188, .T. ) ;
#3461 = DIRECTION ( 'NONE',  ( 0.000000000000000000, 0.000000000000000000, 1.000000000000000000 ) ) ;
#3462 = VERTEX_POINT ( 'NONE', #1752 ) ;
#3463 = CIRCLE ( 'NONE', #1740, 35.00000000000000711 ) ;
#3464 = CARTESIAN_POINT ( 'NONE',  ( -26.84678751731773971, -15.49999999999974953, 75.00000000000000000 ) ) ;
#3465 = CARTESIAN_POINT ( 'NONE',  ( 25.19084476727075383, 24.29905735647535892, 70.59162368380859220 ) ) ;
#3466 = CARTESIAN_POINT ( 'NONE',  ( 33.50833267993248654, -10.10918306013514290, 68.87019983082780072 ) ) ;
#3467 = ORIENTED_EDGE ( 'NONE', *, *, #6849, .F. ) ;
#3468 = CARTESIAN_POINT ( 'NONE',  ( -8.900423269452995001, -33.84981015140746052, 70.75013697141071134 ) ) ;
#3469 = PRESENTATION_LAYER_ASSIGNMENT (  '', '', ( #6826 ) ) ;
#3470 = ORIENTED_EDGE ( 'NONE', *, *, #5961, .F. ) ;
#3471 = DIRECTION ( 'NONE',  ( 0.2588190451025260130, -0.9659258262890668689, 0.000000000000000000 ) ) ;
#3472 = CARTESIAN_POINT ( 'NONE',  ( 16.74999999999984013, -26.84678751731768998, 73.00000000000000000 ) ) ;
#3473 = ORIENTED_EDGE ( 'NONE', *, *, #2445, .F. ) ;
#3474 = MECHANICAL_DESIGN_GEOMETRIC_PRESENTATION_REPRESENTATION (  '', ( #879 ), #1140 ) ;
#3475 = DIRECTION ( 'NONE',  ( -0.000000000000000000, -0.000000000000000000, 1.000000000000000000 ) ) ;
#3476 = FACE_OUTER_BOUND ( 'NONE', #5245, .T. ) ;
#3477 = CARTESIAN_POINT ( 'NONE',  ( -26.23943641657126946, 8.324931023180571543, 55.49999999999999289 ) ) ;
#3478 = DIRECTION ( 'NONE',  ( 0.7071067811865536790, -0.7071067811865412445, -0.000000000000000000 ) ) ;
#3479 = CARTESIAN_POINT ( 'NONE',  ( 23.84906519527883262, -25.61683214824466148, 55.41841486166934772 ) ) ;
#3480 = CARTESIAN_POINT ( 'NONE',  ( -15.49999999999965716, 26.84678751731779656, 73.00000000000000000 ) ) ;
#3481 = DIRECTION ( 'NONE',  ( 1.000000000000000000, 0.000000000000000000, 0.000000000000000000 ) ) ;
#3482 = CARTESIAN_POINT ( 'NONE',  ( 4.336808689942017736E-13, 31.00000000000000000, 73.00000000000000000 ) ) ;
#3483 = ORIENTED_EDGE ( 'NONE', *, *, #2858, .F. ) ;
#3484 = DIRECTION ( 'NONE',  ( 1.000000000000000000, 0.000000000000000000, 0.000000000000000000 ) ) ;
#3485 = EDGE_CURVE ( 'NONE', #7434, #5358, #4111, .T. ) ;
#3486 = CARTESIAN_POINT ( 'NONE',  ( 15.49999999999984368, -26.84678751731768998, 67.50000000000000000 ) ) ;
#3487 = EDGE_LOOP ( 'NONE', ( #2749, #1652 ) ) ;
#3488 = DIRECTION ( 'NONE',  ( 0.000000000000000000, 0.000000000000000000, 1.000000000000000000 ) ) ;
#3489 = CARTESIAN_POINT ( 'NONE',  ( -7.877419812029803126, 34.10205473297590828, 69.82754978985012428 ) ) ;
#3490 = VERTEX_POINT ( 'NONE', #3363 ) ;
#3491 = AXIS2_PLACEMENT_3D ( 'NONE', #7298, #3728, #1946 ) ;
#3492 = DIRECTION ( 'NONE',  ( -0.7071067811865489050, 0.7071067811865462405, -0.000000000000000000 ) ) ;
#3493 =( GEOMETRIC_REPRESENTATION_CONTEXT ( 3 ) GLOBAL_UNCERTAINTY_ASSIGNED_CONTEXT ( ( #3654 ) ) GLOBAL_UNIT_ASSIGNED_CONTEXT ( ( #4970, #7367, #5653 ) ) REPRESENTATION_CONTEXT ( 'NONE', 'WORKASPACE' ) );
#3494 = CARTESIAN_POINT ( 'NONE',  ( -23.87307303998062480, 25.59453581398955535, 69.82754978985012428 ) ) ;
#3495 = ORIENTED_EDGE ( 'NONE', *, *, #1907, .F. ) ;
#3496 = DIRECTION ( 'NONE',  ( -0.000000000000000000, -0.000000000000000000, 1.000000000000000000 ) ) ;
#3497 = DIRECTION ( 'NONE',  ( 0.000000000000000000, 0.000000000000000000, 1.000000000000000000 ) ) ;
#3498 = ORIENTED_EDGE ( 'NONE', *, *, #6343, .T. ) ;
#3499 = DIRECTION ( 'NONE',  ( 0.000000000000000000, -0.000000000000000000, 1.000000000000000000 ) ) ;
#3500 = CARTESIAN_POINT ( 'NONE',  ( -7.999523156526405998, -34.07361988511525652, 68.86992887182175593 ) ) ;
#3501 = EDGE_CURVE ( 'NONE', #2395, #1612, #2425, .T. ) ;
#3502 = CARTESIAN_POINT ( 'NONE',  ( -23.84906519527842050, -25.61683214824503452, 69.49999999999998579 ) ) ;
#3503 = VERTEX_POINT ( 'NONE', #1174 ) ;
#3504 = DIRECTION ( 'NONE',  ( -0.000000000000000000, -0.000000000000000000, 1.000000000000000000 ) ) ;
#3505 = CARTESIAN_POINT ( 'NONE',  ( -33.50815216293575816, 10.10977836212979142, 70.12841670645252634 ) ) ;
#3506 = ORIENTED_EDGE ( 'NONE', *, *, #7459, .F. ) ;
#3507 = CARTESIAN_POINT ( 'NONE',  ( -16.75000000000021672, -26.84678751731747326, 67.50000000000000000 ) ) ;
#3508 = DIRECTION ( 'NONE',  ( 0.9659258262890708657, -0.2588190451025111360, -0.000000000000000000 ) ) ;
#3509 = ORIENTED_EDGE ( 'NONE', *, *, #7525, .F. ) ;
#3510 = DIRECTION ( 'NONE',  ( -0.9612616959383141202, -0.2756373558170156501, 1.049727191138612040E-16 ) ) ;
#3511 = ADVANCED_FACE ( 'NONE', ( #4069 ), #600, .T. ) ;
#3512 = CARTESIAN_POINT ( 'NONE',  ( -15.49999999999965716, 26.84678751731779656, 73.00000000000000000 ) ) ;
#3513 = CARTESIAN_POINT ( 'NONE',  ( -25.59678751731774327, -15.49999999999974953, 67.50000000000000000 ) ) ;
#3514 = FILL_AREA_STYLE ('',( #1169 ) ) ;
#3515 = CARTESIAN_POINT ( 'NONE',  ( -33.96503105473748008, 8.449810642010740835, 68.40752953715787044 ) ) ;
#3516 = ORIENTED_EDGE ( 'NONE', *, *, #4496, .F. ) ;
#3517 = CARTESIAN_POINT ( 'NONE',  ( 25.59468177588275495, -23.87291786938536831, 69.17270578215243404 ) ) ;
#3518 = CARTESIAN_POINT ( 'NONE',  ( 34.75000000000000711, 4.255647627037053498E-15, 72.50000000000000000 ) ) ;
#3519 = DIRECTION ( 'NONE',  ( -0.000000000000000000, 0.000000000000000000, 1.000000000000000000 ) ) ;
#3520 = ADVANCED_FACE ( 'NONE', ( #5344 ), #5813, .F. ) ;
#3521 = EDGE_CURVE ( 'NONE', #5820, #3455, #2436, .T. ) ;
#3522 =( NAMED_UNIT ( * ) PLANE_ANGLE_UNIT ( ) SI_UNIT ( $, .RADIAN. ) );
#3523 = CARTESIAN_POINT ( 'NONE',  ( -19.44543648262997237, -19.44543648263017488, 69.49999999999998579 ) ) ;
#3524 = VECTOR ( 'NONE', #6502, 1000.000000000000000 ) ;
#3525 = ORIENTED_EDGE ( 'NONE', *, *, #90, .T. ) ;
#3526 = CARTESIAN_POINT ( 'NONE',  ( -26.56296022294935710, -7.117523740319432690, 69.49999999999998579 ) ) ;
#3527 = CARTESIAN_POINT ( 'NONE',  ( -8.448178575087041509, 33.96544018948454635, 70.59162368380859220 ) ) ;
#3528 = ORIENTED_EDGE ( 'NONE', *, *, #3402, .T. ) ;
#3529 = AXIS2_PLACEMENT_3D ( 'NONE', #2526, #5588, #4318 ) ;
#3530 = CARTESIAN_POINT ( 'NONE',  ( -7.845480241499945606, 34.10936000250131173, 55.66313326947209106 ) ) ;
#3531 = VECTOR ( 'NONE', #662, 1000.000000000000000 ) ;
#3532 = AXIS2_PLACEMENT_3D ( 'NONE', #5428, #2448, #1131 ) ;
#3533 = EDGE_CURVE ( 'NONE', #4008, #7420, #5934, .T. ) ;
#3534 = EDGE_CURVE ( 'NONE', #4301, #7153, #5672, .T. ) ;
#3535 = CARTESIAN_POINT ( 'NONE',  ( 15.50000000000040679, 26.84678751731736313, 73.00000000000000000 ) ) ;
#3536 = FACE_OUTER_BOUND ( 'NONE', #1816, .T. ) ;
#3537 = VECTOR ( 'NONE', #7695, 1000.000000000000000 ) ;
#3538 = AXIS2_PLACEMENT_3D ( 'NONE', #1669, #2709, #3364 ) ;
#3539 = ORIENTED_EDGE ( 'NONE', *, *, #803, .F. ) ;
#3540 = CARTESIAN_POINT ( 'NONE',  ( 24.51730871747272289, 24.97848192922802468, 70.71781442879139945 ) ) ;
#3541 = CARTESIAN_POINT ( 'NONE',  ( -18.56155300614678794, -20.32931995911334511, 55.49999999999999289 ) ) ;
#3542 = EDGE_CURVE ( 'NONE', #448, #6146, #7662, .T. ) ;
#3543 = AXIS2_PLACEMENT_3D ( 'NONE', #6029, #4766, #1236 ) ;
#3544 = VERTEX_POINT ( 'NONE', #4227 ) ;
#3545 = EDGE_LOOP ( 'NONE', ( #7499, #7146, #4895, #7299 ) ) ;
#3546 = AXIS2_PLACEMENT_3D ( 'NONE', #7360, #4299, #2011 ) ;
#3547 = VECTOR ( 'NONE', #3381, 1000.000000000000114 ) ;
#3548 = DIRECTION ( 'NONE',  ( -0.2588190451025177419, -0.9659258262890692004, 0.000000000000000000 ) ) ;
#3549 = AXIS2_PLACEMENT_3D ( 'NONE', #519, #3565, #2868 ) ;
#3550 = CARTESIAN_POINT ( 'NONE',  ( 4.500000000000000000, 0.000000000000000000, 76.00000000000000000 ) ) ;
#3551 = CARTESIAN_POINT ( 'NONE',  ( 25.19678751731742139, -15.50000000000031442, 75.00000000000000000 ) ) ;
#3552 = VERTEX_POINT ( 'NONE', #150 ) ;
#3553 = SURFACE_SIDE_STYLE ('',( #7266 ) ) ;
#3554 = COLOUR_RGB ( '',1.000000000000000000, 1.000000000000000000, 1.000000000000000000 ) ;
#3555 = EDGE_CURVE ( 'NONE', #4077, #6759, #6053, .T. ) ;
#3556 = ADVANCED_FACE ( 'NONE', ( #6605 ), #3041, .F. ) ;
#3557 = CARTESIAN_POINT ( 'NONE',  ( -25.61683214824494570, 23.84906519527850932, 55.49999999999999289 ) ) ;
#3558 =( NAMED_UNIT ( * ) PLANE_ANGLE_UNIT ( ) SI_UNIT ( $, .RADIAN. ) );
#3559 = DIRECTION ( 'NONE',  ( 1.000000000000000000, 0.000000000000000000, 0.000000000000000000 ) ) ;
#3560 =( GEOMETRIC_REPRESENTATION_CONTEXT ( 3 ) GLOBAL_UNCERTAINTY_ASSIGNED_CONTEXT ( ( #1492 ) ) GLOBAL_UNIT_ASSIGNED_CONTEXT ( ( #5198, #3978, #7500 ) ) REPRESENTATION_CONTEXT ( 'NONE', 'WORKASPACE' ) );
#3561 = CARTESIAN_POINT ( 'NONE',  ( 4.336808689942017736E-13, 31.00000000000000000, 73.00000000000000000 ) ) ;
#3562 = CARTESIAN_POINT ( 'NONE',  ( 24.30006167257695893, -25.18987721940611380, 68.40755231783180079 ) ) ;
#3563 = AXIS2_PLACEMENT_3D ( 'NONE', #7371, #1399, #243 ) ;
#3564 = CARTESIAN_POINT ( 'NONE',  ( 33.46471313008113668, -10.25247436872414220, 55.33555798072745091 ) ) ;
#3565 = DIRECTION ( 'NONE',  ( -0.000000000000000000, -0.000000000000000000, 1.000000000000000000 ) ) ;
#3566 = DIRECTION ( 'NONE',  ( -1.000000000000000000, 0.000000000000000000, 0.000000000000000000 ) ) ;
#3567 = CARTESIAN_POINT ( 'NONE',  ( 33.99646979411485859, -8.321337337680724033, 70.49490063177621835 ) ) ;
#3568 = B_SPLINE_CURVE_WITH_KNOTS ( 'NONE', 3,
 ( #2122, #812, #3828, #1386, #2005, #6793, #2583, #3746, #6147, #6187, #4374, #6265, #852, #1466, #3164, #2693, #925, #3267, #5679, #293 ),
 .UNSPECIFIED., .F., .F.,
 ( 4, 2, 2, 2, 2, 2, 2, 2, 2, 4 ),
 ( 0.000000000000000000, 0.0004885477149880596264, 0.0009770954299761192528, 0.001465643144964178879, 0.001954190859952238506, 0.002442738574940298349, 0.002931286289928357758, 0.003419834004916417602, 0.003664107862410428008, 0.003908381719904438847 ),
 .UNSPECIFIED. ) ;
#3569 = CARTESIAN_POINT ( 'NONE',  ( 0.000000000000000000, 0.000000000000000000, 58.50000000000000711 ) ) ;
#3570 = FILL_AREA_STYLE_COLOUR ( '', #7189 ) ;
#3571 = DIRECTION ( 'NONE',  ( -0.2588190451025214611, 0.9659258262890682012, -0.000000000000000000 ) ) ;
#3572 = AXIS2_PLACEMENT_3D ( 'NONE', #1762, #6551, #3575 ) ;
#3573 = ORIENTED_EDGE ( 'NONE', *, *, #5877, .F. ) ;
#3574 = ORIENTED_EDGE ( 'NONE', *, *, #3391, .F. ) ;
#3575 = DIRECTION ( 'NONE',  ( 1.000000000000000000, 0.000000000000000000, 0.000000000000000000 ) ) ;
#3576 = UNCERTAINTY_MEASURE_WITH_UNIT (LENGTH_MEASURE( 1.000000000000000082E-05 ), #6283, 'distance_accuracy_value', 'NONE');
#3577 = PRESENTATION_LAYER_ASSIGNMENT (  '', '', ( #625 ) ) ;
#3578 = VERTEX_POINT ( 'NONE', #1893 ) ;
#3579 = DIRECTION ( 'NONE',  ( 0.000000000000000000, 0.000000000000000000, 1.000000000000000000 ) ) ;
#3580 = ORIENTED_EDGE ( 'NONE', *, *, #1820, .T. ) ;
#3581 = CARTESIAN_POINT ( 'NONE',  ( 23.87340371386031634, 25.59422788810062954, 69.82922580273996971 ) ) ;
#3582 = CARTESIAN_POINT ( 'NONE',  ( -20.06048951366941324, -26.24074618740784359, 0.000000000000000000 ) ) ;
#3583 = COLOUR_RGB ( '',1.000000000000000000, 1.000000000000000000, 1.000000000000000000 ) ;
#3584 = MECHANICAL_DESIGN_GEOMETRIC_PRESENTATION_REPRESENTATION (  '', ( #628 ), #2351 ) ;
#3585 = ORIENTED_EDGE ( 'NONE', *, *, #1198, .F. ) ;
#3586 = FACE_BOUND ( 'NONE', #2051, .T. ) ;
#3587 = AXIS2_PLACEMENT_3D ( 'NONE', #3403, #3244, #3883 ) ;
#3588 = VECTOR ( 'NONE', #6032, 1000.000000000000000 ) ;
#3589 = ORIENTED_EDGE ( 'NONE', *, *, #6947, .F. ) ;
#3590 = CARTESIAN_POINT ( 'NONE',  ( 24.03233799897525813, 25.44523616284838141, 68.73126142467576472 ) ) ;
#3591 = CARTESIAN_POINT ( 'NONE',  ( 32.65000000000000568, -5.429684479807406206E-13, 73.00000000000000000 ) ) ;
#3592 = ORIENTED_EDGE ( 'NONE', *, *, #693, .T. ) ;
#3593 = CARTESIAN_POINT ( 'NONE',  ( -31.90000000000000568, -3.178005909718203197E-15, 66.19999999999998863 ) ) ;
#3594 = AXIS2_PLACEMENT_3D ( 'NONE', #679, #5385, #41 ) ;
#3595 = FACE_BOUND ( 'NONE', #2148, .T. ) ;
#3596 = CIRCLE ( 'NONE', #3712, 1.249999999999987566 ) ;
#3597 = DIRECTION ( 'NONE',  ( 0.2588190451025076944, 0.9659258262890718649, -0.000000000000000000 ) ) ;
#3598 = LINE ( 'NONE', #7202, #3725 ) ;
#3599 = EDGE_CURVE ( 'NONE', #4673, #1317, #3635, .T. ) ;
#3600 = DIRECTION ( 'NONE',  ( -0.000000000000000000, -0.000000000000000000, -1.000000000000000000 ) ) ;
#3601 = CARTESIAN_POINT ( 'NONE',  ( 1.249999999999997558, -31.00000000000000000, 67.50000000000000000 ) ) ;
#3602 = CIRCLE ( 'NONE', #4856, 1.649999999999998579 ) ;
#3603 = PRODUCT_DEFINITION_SHAPE ( 'NONE', 'NONE',  #3216 ) ;
#3604 =( NAMED_UNIT ( * ) SI_UNIT ( $, .STERADIAN. ) SOLID_ANGLE_UNIT ( ) );
#3605 = CARTESIAN_POINT ( 'NONE',  ( -26.56296022294935710, -7.117523740319432690, 69.49999999999998579 ) ) ;
#3606 = EDGE_CURVE ( 'NONE', #4990, #3977, #7408, .T. ) ;
#3607 = CYLINDRICAL_SURFACE ( 'NONE', #2358, 1.249999999999987121 ) ;
#3608 = SURFACE_SIDE_STYLE ('',( #1216 ) ) ;
#3609 = DIRECTION ( 'NONE',  ( -1.000000000000000000, 0.000000000000000000, 0.000000000000000000 ) ) ;
#3610 = ORIENTED_EDGE ( 'NONE', *, *, #900, .T. ) ;
#3611 = CARTESIAN_POINT ( 'NONE',  ( 24.51573417385858633, -24.98002454800063177, 56.71716962019198860 ) ) ;
#3612 = CARTESIAN_POINT ( 'NONE',  ( -25.13708109668421287, 24.35431995556189833, 70.62377514882767571 ) ) ;
#3613 = CARTESIAN_POINT ( 'NONE',  ( 4.336808689942017736E-13, 31.00000000000000000, 75.00000000000000000 ) ) ;
#3614 = ORIENTED_EDGE ( 'NONE', *, *, #7455, .F. ) ;
#3615 = DIRECTION ( 'NONE',  ( -0.9612616959383164517, 0.2756373558170076010, 0.000000000000000000 ) ) ;
#3616 = CARTESIAN_POINT ( 'NONE',  ( -33.47189422528863645, -10.22918568500023717, 69.17270578215243404 ) ) ;
#3617 = VECTOR ( 'NONE', #2167, 1000.000000000000000 ) ;
#3618 = CARTESIAN_POINT ( 'NONE',  ( 24.63289773148401807, 24.86458386967285961, 56.75013697141073266 ) ) ;
#3619 = EDGE_CURVE ( 'NONE', #6770, #3552, #708, .T. ) ;
#3620 = ORIENTED_EDGE ( 'NONE', *, *, #4071, .T. ) ;
#3621 = AXIS2_PLACEMENT_3D ( 'NONE', #5627, #2102, #2716 ) ;
#3622 = LINE ( 'NONE', #542, #6040 ) ;
#3623 = SURFACE_STYLE_USAGE ( .BOTH. , #1268 ) ;
#3624 = EDGE_CURVE ( 'NONE', #1326, #1261, #4035, .T. ) ;
#3625 = DIRECTION ( 'NONE',  ( 0.000000000000000000, 0.000000000000000000, 1.000000000000000000 ) ) ;
#3626 = ORIENTED_EDGE ( 'NONE', *, *, #4364, .F. ) ;
#3627 = DIRECTION ( 'NONE',  ( -0.9659258262890676461, -0.2588190451025230709, 0.000000000000000000 ) ) ;
#3628 = LINE ( 'NONE', #1273, #3588 ) ;
#3629 = VERTEX_POINT ( 'NONE', #1212 ) ;
#3630 = DIRECTION ( 'NONE',  ( 0.7071067811865516806, -0.7071067811865433539, 0.000000000000000000 ) ) ;
#3631 = ORIENTED_EDGE ( 'NONE', *, *, #768, .F. ) ;
#3632 = CARTESIAN_POINT ( 'NONE',  ( -19.44543648262997237, -19.44543648263017488, 55.49999999999999289 ) ) ;
#3633 = EDGE_CURVE ( 'NONE', #888, #76, #130, .T. ) ;
#3634 = CARTESIAN_POINT ( 'NONE',  ( -1.249999999999998002, 31.00000000000000000, 73.00000000000000000 ) ) ;
#3635 = LINE ( 'NONE', #4776, #2666 ) ;
#3636 = CARTESIAN_POINT ( 'NONE',  ( -28.09678751731741642, 15.50000000000031442, 67.50000000000000000 ) ) ;
#3637 = EDGE_CURVE ( 'NONE', #3970, #2395, #5973, .T. ) ;
#3638 = CARTESIAN_POINT ( 'NONE',  ( -10.26029480722896992, -33.46231238974304745, 55.49999999999934630 ) ) ;
#3639 = DIRECTION ( 'NONE',  ( -0.9659258262890692004, 0.2588190451025179084, -0.000000000000000000 ) ) ;
#3640 = VERTEX_POINT ( 'NONE', #4857 ) ;
#3641 = VERTEX_POINT ( 'NONE', #4888 ) ;
#3642 = CARTESIAN_POINT ( 'NONE',  ( 25.50880471513529102, -23.96465706155793285, 56.12992980600228776 ) ) ;
#3643 = CARTESIAN_POINT ( 'NONE',  ( 33.96544018948446819, 8.448178575087400333, 70.59162368380859220 ) ) ;
#3644 = CARTESIAN_POINT ( 'NONE',  ( 7.884607240989372379, -34.10034052931595028, 55.17537727027524141 ) ) ;
#3645 = ADVANCED_FACE ( 'NONE', ( #7278 ), #7244, .F. ) ;
#3646 = CIRCLE ( 'NONE', #4657, 33.99999999999999289 ) ;
#3647 = DIRECTION ( 'NONE',  ( 1.000000000000000000, 0.000000000000000000, 0.000000000000000000 ) ) ;
#3648 = ORIENTED_EDGE ( 'NONE', *, *, #4097, .F. ) ;
#3649 = FILL_AREA_STYLE_COLOUR ( '', #1324 ) ;
#3650 = VECTOR ( 'NONE', #6334, 1000.000000000000000 ) ;
#3651 = CIRCLE ( 'NONE', #7280, 1.649999999999998579 ) ;
#3652 = CARTESIAN_POINT ( 'NONE',  ( -19.44543648263010382, 19.44543648263003277, 55.49999999999999289 ) ) ;
#3653 = CARTESIAN_POINT ( 'NONE',  ( -8.321337337680843049, -33.99646979411483017, 70.49490063177623256 ) ) ;
#3654 = UNCERTAINTY_MEASURE_WITH_UNIT (LENGTH_MEASURE( 1.000000000000000082E-05 ), #4970, 'distance_accuracy_value', 'NONE');
#3655 = VECTOR ( 'NONE', #1857, 1000.000000000000114 ) ;
#3656 = LINE ( 'NONE', #3698, #2654 ) ;
#3657 = CARTESIAN_POINT ( 'NONE',  ( 25.58945755559274104, 23.87844043421780427, 69.17537727027526273 ) ) ;
#3658 = LINE ( 'NONE', #7306, #7415 ) ;
#3659 = EDGE_CURVE ( 'NONE', #3248, #40, #6811, .T. ) ;
#3660 = AXIS2_PLACEMENT_3D ( 'NONE', #6679, #2511, #116 ) ;
#3661 = AXIS2_PLACEMENT_3D ( 'NONE', #560, #70, #677 ) ;
#3662 = CARTESIAN_POINT ( 'NONE',  ( -15.49999999999965716, 26.84678751731779656, 75.00000000000000000 ) ) ;
#3663 = AXIS2_PLACEMENT_3D ( 'NONE', #6159, #4866, #239 ) ;
#3664 = AXIS2_PLACEMENT_3D ( 'NONE', #7347, #6743, #138 ) ;
#3665 = AXIS2_PLACEMENT_3D ( 'NONE', #2320, #6072, #667 ) ;
#3666 = CARTESIAN_POINT ( 'NONE',  ( 26.56296022294946368, -7.117523740319062320, 69.49999999999998579 ) ) ;
#3667 = ORIENTED_EDGE ( 'NONE', *, *, #6428, .T. ) ;
#3668 = CARTESIAN_POINT ( 'NONE',  ( -21.45764104638807979, -26.37365429219775592, -12.34999999999999964 ) ) ;
#3669 = DIRECTION ( 'NONE',  ( -0.000000000000000000, -0.000000000000000000, 1.000000000000000000 ) ) ;
#3670 = ADVANCED_FACE ( 'NONE', ( #1543 ), #4711, .F. ) ;
#3671 = ORIENTED_EDGE ( 'NONE', *, *, #1878, .F. ) ;
#3672 = COLOUR_RGB ( '',1.000000000000000000, 1.000000000000000000, 1.000000000000000000 ) ;
#3673 = CARTESIAN_POINT ( 'NONE',  ( 34.10936000250134725, -7.845480241499720009, 55.33480505326377141 ) ) ;
#3674 = DIRECTION ( 'NONE',  ( 1.000000000000000000, 0.000000000000000000, 0.000000000000000000 ) ) ;
#3675 = VECTOR ( 'NONE', #3181, 1000.000000000000000 ) ;
#3676 = DIRECTION ( 'NONE',  ( 0.2588190451025076944, 0.9659258262890718649, -0.000000000000000000 ) ) ;
#3677 = FACE_OUTER_BOUND ( 'NONE', #1417, .T. ) ;
#3678 = CIRCLE ( 'NONE', #4423, 1.249999999999997558 ) ;
#3679 = ADVANCED_FACE ( 'NONE', ( #5681 ), #6691, .F. ) ;
#3680 = DIRECTION ( 'NONE',  ( 0.000000000000000000, 0.000000000000000000, 1.000000000000000000 ) ) ;
#3681 = CONICAL_SURFACE ( 'NONE', #337, 1.249999999999997558, 1.029744258676648538 ) ;
#3682 =( LENGTH_UNIT ( ) NAMED_UNIT ( * ) SI_UNIT ( .MILLI., .METRE. ) );
#3683 = ORIENTED_EDGE ( 'NONE', *, *, #1167, .F. ) ;
#3684 = CARTESIAN_POINT ( 'NONE',  ( 8.742990943867971154, -33.89075126011875483, 68.28232543929560450 ) ) ;
#3685 = EDGE_LOOP ( 'NONE', ( #6749, #7539, #4042 ) ) ;
#3686 = CARTESIAN_POINT ( 'NONE',  ( 25.18700143793117974, -24.30266594666716884, 56.58541951627360334 ) ) ;
#3687 = CARTESIAN_POINT ( 'NONE',  ( -10.10901967084367747, 33.50838199766766934, 54.86992887182173462 ) ) ;
#3688 = CARTESIAN_POINT ( 'NONE',  ( -8.931855198189998291, -11.42243243440582212, 0.000000000000000000 ) ) ;
#3689 = CIRCLE ( 'NONE', #5963, 1.649999999999999245 ) ;
#3690 = CARTESIAN_POINT ( 'NONE',  ( 9.058666578587775575, 33.80740392011751538, 69.49999999999998579 ) ) ;
#3691 = VERTEX_POINT ( 'NONE', #7507 ) ;
#3692 = SURFACE_SIDE_STYLE ('',( #6699 ) ) ;
#3693 = CARTESIAN_POINT ( 'NONE',  ( 15.49999999999946887, -26.84678751731790669, 75.00000000000000000 ) ) ;
#3694 = ADVANCED_FACE ( 'NONE', ( #7468 ), #2088, .F. ) ;
#3695 = CIRCLE ( 'NONE', #1335, 1.249999999999988010 ) ;
#3696 = AXIS2_PLACEMENT_3D ( 'NONE', #5843, #511, #4655 ) ;
#3697 = CARTESIAN_POINT ( 'NONE',  ( 25.44564309315806483, 24.03190623646099411, 56.26794143074937438 ) ) ;
#3698 = CARTESIAN_POINT ( 'NONE',  ( -28.00000000000000000, 0.000000000000000000, 76.00000000000000000 ) ) ;
#3699 =( GEOMETRIC_REPRESENTATION_CONTEXT ( 3 ) GLOBAL_UNCERTAINTY_ASSIGNED_CONTEXT ( ( #4834 ) ) GLOBAL_UNIT_ASSIGNED_CONTEXT ( ( #5471, #1364, #4240 ) ) REPRESENTATION_CONTEXT ( 'NONE', 'WORKASPACE' ) );
#3700 = EDGE_CURVE ( 'NONE', #2112, #3942, #1840, .T. ) ;
#3701 = CARTESIAN_POINT ( 'NONE',  ( 25.28525165660254359, 24.20061324198790587, 68.49924284121851770 ) ) ;
#3702 = CARTESIAN_POINT ( 'NONE',  ( -23.14298219578689952, 4.080732175172792964, -13.84999999999999964 ) ) ;
#3703 = COLOUR_RGB ( '',1.000000000000000000, 1.000000000000000000, 1.000000000000000000 ) ;
#3704 = CARTESIAN_POINT ( 'NONE',  ( 4.336808689942017736E-13, 31.00000000000000000, 73.00000000000000000 ) ) ;
#3705 = AXIS2_PLACEMENT_3D ( 'NONE', #1423, #6717, #815 ) ;
#3706 = SURFACE_STYLE_USAGE ( .BOTH. , #6224 ) ;
#3707 = ORIENTED_EDGE ( 'NONE', *, *, #3458, .F. ) ;
#3708 = CIRCLE ( 'NONE', #2717, 1.249999999999987566 ) ;
#3709 = CARTESIAN_POINT ( 'NONE',  ( -10.77964482471933216, 9.697899641309026819, 0.000000000000000000 ) ) ;
#3710 = FACE_BOUND ( 'NONE', #6486, .T. ) ;
#3711 =( NAMED_UNIT ( * ) SI_UNIT ( $, .STERADIAN. ) SOLID_ANGLE_UNIT ( ) );
#3712 = AXIS2_PLACEMENT_3D ( 'NONE', #7597, #2245, #6421 ) ;
#3713 = EDGE_LOOP ( 'NONE', ( #245, #5133, #4877, #2841, #1526, #4800 ) ) ;
#3714 = CARTESIAN_POINT ( 'NONE',  ( 33.46231238974484512, 10.26029480722307952, 69.33480505326377852 ) ) ;
#3715 = DIRECTION ( 'NONE',  ( -0.000000000000000000, -0.000000000000000000, 1.000000000000000000 ) ) ;
#3716 = EDGE_LOOP ( 'NONE', ( #1382, #165 ) ) ;
#3717 = LINE ( 'NONE', #2962, #1553 ) ;
#3718 = ORIENTED_EDGE ( 'NONE', *, *, #5503, .F. ) ;
#3719 = DIRECTION ( 'NONE',  ( -0.000000000000000000, -0.000000000000000000, 1.000000000000000000 ) ) ;
#3720 = VECTOR ( 'NONE', #6926, 1000.000000000000000 ) ;
#3721 = DIRECTION ( 'NONE',  ( -0.000000000000000000, -0.000000000000000000, 1.000000000000000000 ) ) ;
#3722 = DIRECTION ( 'NONE',  ( -1.000000000000000000, 0.000000000000000000, 0.000000000000000000 ) ) ;
#3723 = UNCERTAINTY_MEASURE_WITH_UNIT (LENGTH_MEASURE( 1.000000000000000082E-05 ), #5422, 'distance_accuracy_value', 'NONE');
#3724 = B_SPLINE_CURVE_WITH_KNOTS ( 'NONE', 3,
 ( #6154, #2701, #5092, #1017, #5684, #7558, #515, #6964, #6922, #4546, #974, #1053, #425, #4023, #6875, #2128, #6427, #3951, #1090, #3988 ),
 .UNSPECIFIED., .F., .F.,
 ( 4, 2, 2, 2, 2, 2, 2, 2, 2, 4 ),
 ( 0.000000000000000000, 0.0004885477149880509528, 0.0009770954299761019056, 0.001465643144964152858, 0.001954190859952203811, 0.002442738574940254547, 0.002931286289928305717, 0.003419834004916356886, 0.003664107862410391579, 0.003908381719904426704 ),
 .UNSPECIFIED. ) ;
#3725 = VECTOR ( 'NONE', #6600, 1000.000000000000114 ) ;
#3726 = EDGE_LOOP ( 'NONE', ( #7272, #1063, #1121, #5937 ) ) ;
#3727 =( NAMED_UNIT ( * ) SI_UNIT ( $, .STERADIAN. ) SOLID_ANGLE_UNIT ( ) );
#3728 = DIRECTION ( 'NONE',  ( -0.000000000000000000, -0.000000000000000000, 1.000000000000000000 ) ) ;
#3729 = ORIENTED_EDGE ( 'NONE', *, *, #6657, .T. ) ;
#3730 = CARTESIAN_POINT ( 'NONE',  ( -8.090343774675591959, -34.05230794512225856, 70.26921617977554035 ) ) ;
#3731 = UNCERTAINTY_MEASURE_WITH_UNIT (LENGTH_MEASURE( 1.000000000000000082E-05 ), #4216, 'distance_accuracy_value', 'NONE');
#3732 = LINE ( 'NONE', #136, #56 ) ;
#3733 = EDGE_CURVE ( 'NONE', #1868, #5982, #5647, .T. ) ;
#3734 = CARTESIAN_POINT ( 'NONE',  ( 28.49678751731785908, 15.49999999999956835, 73.00000000000000000 ) ) ;
#3735 = FACE_OUTER_BOUND ( 'NONE', #4863, .T. ) ;
#3736 = AXIS2_PLACEMENT_3D ( 'NONE', #166, #247, #2568 ) ;
#3737 = FACE_OUTER_BOUND ( 'NONE', #2018, .T. ) ;
#3738 = CARTESIAN_POINT ( 'NONE',  ( -33.84972342168082093, 8.900720039759089985, 54.25005803955803430 ) ) ;
#3739 = VERTEX_POINT ( 'NONE', #6470 ) ;
#3740 = DIRECTION ( 'NONE',  ( -1.000000000000000000, 0.000000000000000000, 0.000000000000000000 ) ) ;
#3741 = CARTESIAN_POINT ( 'NONE',  ( -33.46231238974301192, 10.26029480722908893, 69.49999999999936051 ) ) ;
#3742 = ORIENTED_EDGE ( 'NONE', *, *, #6706, .F. ) ;
#3743 = CARTESIAN_POINT ( 'NONE',  ( -24.03259720677952416, -25.44499185062874602, 70.26921617977554035 ) ) ;
#3744 =( LENGTH_UNIT ( ) NAMED_UNIT ( * ) SI_UNIT ( .MILLI., .METRE. ) );
#3745 = EDGE_LOOP ( 'NONE', ( #2380, #2212, #6450, #3495 ) ) ;
#3746 = CARTESIAN_POINT ( 'NONE',  ( -24.97983810746330846, 24.51591977797373900, 68.28287014335595018 ) ) ;
#3747 = DIRECTION ( 'NONE',  ( 0.7193398003386644035, -0.6946583704589834873, 1.049727191138613395E-16 ) ) ;
#3748 = CARTESIAN_POINT ( 'NONE',  ( -24.51591977797364663, -24.97983810746339373, 54.28287014335595728 ) ) ;
#3749 = PRESENTATION_STYLE_ASSIGNMENT (( #230 ) ) ;
#3750 = CARTESIAN_POINT ( 'NONE',  ( -23.96465706155801811, -25.50880471513520931, 56.12992980600227355 ) ) ;
#3751 = CARTESIAN_POINT ( 'NONE',  ( 25.59678751731753010, -15.50000000000012612, 73.00000000000000000 ) ) ;
#3752 = DIRECTION ( 'NONE',  ( -0.000000000000000000, -0.000000000000000000, 1.000000000000000000 ) ) ;
#3753 = CARTESIAN_POINT ( 'NONE',  ( 26.84678751731763313, 15.49999999999993783, 75.00000000000000000 ) ) ;
#3754 = ORIENTED_EDGE ( 'NONE', *, *, #3292, .F. ) ;
#3755 = DIRECTION ( 'NONE',  ( 0.8571673007021095581, 0.000000000000000000, 0.5150380749100587074 ) ) ;
#3756 = EDGE_CURVE ( 'NONE', #2131, #7312, #355, .T. ) ;
#3757 = CARTESIAN_POINT ( 'NONE',  ( 30.00000000000000000, 0.000000000000000000, 52.98999999999999488 ) ) ;
#3758 = EDGE_CURVE ( 'NONE', #2651, #705, #2856, .T. ) ;
#3759 = CARTESIAN_POINT ( 'NONE',  ( -20.32931995911315326, -18.56155300614700465, 69.49999999999998579 ) ) ;
#3760 = LINE ( 'NONE', #4425, #4932 ) ;
#3761 = CARTESIAN_POINT ( 'NONE',  ( -25.19678751731796140, -15.49999999999937295, 73.00000000000000000 ) ) ;
#3762 = EDGE_LOOP ( 'NONE', ( #361, #22 ) ) ;
#3763 = DIRECTION ( 'NONE',  ( 0.8571673007021095581, 0.000000000000000000, 0.5150380749100587074 ) ) ;
#3764 = CARTESIAN_POINT ( 'NONE',  ( -33.63948505473538120, -9.664764854219384915, 68.40752953715787044 ) ) ;
#3765 = EDGE_CURVE ( 'NONE', #7326, #3810, #2830, .T. ) ;
#3766 = ADVANCED_FACE ( 'NONE', ( #2246 ), #422, .F. ) ;
#3767 = ORIENTED_EDGE ( 'NONE', *, *, #101, .T. ) ;
#3768 = CARTESIAN_POINT ( 'NONE',  ( 24.15814908914679293, 25.32562274223527155, 56.44215622177352998 ) ) ;
#3769 =( NAMED_UNIT ( * ) PLANE_ANGLE_UNIT ( ) SI_UNIT ( $, .RADIAN. ) );
#3770 = VECTOR ( 'NONE', #6730, 1000.000000000000114 ) ;
#3771 = ADVANCED_FACE ( 'NONE', ( #5251 ), #2774, .F. ) ;
#3772 =( NAMED_UNIT ( * ) PLANE_ANGLE_UNIT ( ) SI_UNIT ( $, .RADIAN. ) );
#3773 = DIRECTION ( 'NONE',  ( -0.8571673007021095581, 1.049727191138615244E-16, 0.5150380749100587074 ) ) ;
#3774 = AXIS2_PLACEMENT_3D ( 'NONE', #499, #1800, #1114 ) ;
#3775 = DIRECTION ( 'NONE',  ( 0.7071067811865516806, -0.7071067811865433539, 0.000000000000000000 ) ) ;
#3776 = MECHANICAL_DESIGN_GEOMETRIC_PRESENTATION_REPRESENTATION (  '', ( #7159 ), #1070 ) ;
#3777 = AXIS2_PLACEMENT_3D ( 'NONE', #2871, #2755, #524 ) ;
#3778 = VECTOR ( 'NONE', #3802, 1000.000000000000114 ) ;
#3779 = VERTEX_POINT ( 'NONE', #7001 ) ;
#3780 = DIRECTION ( 'NONE',  ( 0.7071067811865537900, -0.7071067811865412445, -0.000000000000000000 ) ) ;
#3781 = CONICAL_SURFACE ( 'NONE', #6777, 1.249999999999988232, 1.029744258676644764 ) ;
#3782 = ORIENTED_EDGE ( 'NONE', *, *, #7703, .T. ) ;
#3783 = DIRECTION ( 'NONE',  ( -0.000000000000000000, -0.000000000000000000, -1.000000000000000000 ) ) ;
#3784 = ORIENTED_EDGE ( 'NONE', *, *, #3372, .T. ) ;
#3785 = FACE_OUTER_BOUND ( 'NONE', #2432, .T. ) ;
#3786 = EDGE_CURVE ( 'NONE', #1533, #4086, #7082, .T. ) ;
#3787 = ORIENTED_EDGE ( 'NONE', *, *, #6321, .F. ) ;
#3788 = AXIS2_PLACEMENT_3D ( 'NONE', #2354, #4736, #4094 ) ;
#3789 = CARTESIAN_POINT ( 'NONE',  ( 19.44543648262982671, 19.44543648263030278, 55.49999999999999289 ) ) ;
#3790 = MECHANICAL_DESIGN_GEOMETRIC_PRESENTATION_REPRESENTATION (  '', ( #6437 ), #5311 ) ;
#3791 = FILL_AREA_STYLE_COLOUR ( '', #199 ) ;
#3792 = SURFACE_STYLE_USAGE ( .BOTH. , #3835 ) ;
#3793 = DIRECTION ( 'NONE',  ( 0.000000000000000000, 0.000000000000000000, 1.000000000000000000 ) ) ;
#3794 =( GEOMETRIC_REPRESENTATION_CONTEXT ( 3 ) GLOBAL_UNCERTAINTY_ASSIGNED_CONTEXT ( ( #7187 ) ) GLOBAL_UNIT_ASSIGNED_CONTEXT ( ( #4260, #3130, #3711 ) ) REPRESENTATION_CONTEXT ( 'NONE', 'WORKASPACE' ) );
#3795 = ORIENTED_EDGE ( 'NONE', *, *, #1596, .F. ) ;
#3796 = CARTESIAN_POINT ( 'NONE',  ( 35.00000000000000711, 4.286263797015737285E-15, 53.00000000000000000 ) ) ;
#3797 = ORIENTED_EDGE ( 'NONE', *, *, #2574, .T. ) ;
#3798 = AXIS2_PLACEMENT_3D ( 'NONE', #2211, #1632, #4548 ) ;
#3799 = CARTESIAN_POINT ( 'NONE',  ( -33.76500713912572849, -9.216912419923195543, 56.75013697141073976 ) ) ;
#3800 = CARTESIAN_POINT ( 'NONE',  ( 9.665042753927957975, 33.63940933168332492, 54.40755231783178658 ) ) ;
#3801 = PRESENTATION_LAYER_ASSIGNMENT (  '', '', ( #2807 ) ) ;
#3802 = DIRECTION ( 'NONE',  ( -0.7193398003386611839, 0.6946583704589868180, 1.049727191138612163E-16 ) ) ;
#3803 = CIRCLE ( 'NONE', #5959, 1.249999999999987788 ) ;
#3804 = DIRECTION ( 'NONE',  ( 1.000000000000000000, 0.000000000000000000, 0.000000000000000000 ) ) ;
#3805 = ORIENTED_EDGE ( 'NONE', *, *, #2270, .T. ) ;
#3806 =( NAMED_UNIT ( * ) PLANE_ANGLE_UNIT ( ) SI_UNIT ( $, .RADIAN. ) );
#3807 = VECTOR ( 'NONE', #2075, 1000.000000000000000 ) ;
#3808 = FACE_OUTER_BOUND ( 'NONE', #7271, .T. ) ;
#3809 = AXIS2_PLACEMENT_3D ( 'NONE', #1025, #5732, #4601 ) ;
#3810 = VERTEX_POINT ( 'NONE', #1741 ) ;
#3811 = DIRECTION ( 'NONE',  ( -0.000000000000000000, -0.000000000000000000, 1.000000000000000000 ) ) ;
#3812 = UNCERTAINTY_MEASURE_WITH_UNIT (LENGTH_MEASURE( 1.000000000000000082E-05 ), #5718, 'distance_accuracy_value', 'NONE');
#3813 = VERTEX_POINT ( 'NONE', #2159 ) ;
#3814 = DIRECTION ( 'NONE',  ( -0.000000000000000000, -0.000000000000000000, 1.000000000000000000 ) ) ;
#3815 = VERTEX_POINT ( 'NONE', #4701 ) ;
#3816 = LINE ( 'NONE', #3734, #1677 ) ;
#3817 = DIRECTION ( 'NONE',  ( 1.000000000000000000, 0.000000000000000000, 0.000000000000000000 ) ) ;
#3818 = CIRCLE ( 'NONE', #2689, 1.649999999999999245 ) ;
#3819 = CARTESIAN_POINT ( 'NONE',  ( 0.000000000000000000, 0.000000000000000000, 52.98999999999999488 ) ) ;
#3820 = AXIS2_PLACEMENT_3D ( 'NONE', #952, #6982, #2190 ) ;
#3821 = VECTOR ( 'NONE', #5040, 1000.000000000000000 ) ;
#3822 = ORIENTED_EDGE ( 'NONE', *, *, #678, .F. ) ;
#3823 = DIRECTION ( 'NONE',  ( 0.000000000000000000, 0.000000000000000000, -1.000000000000000000 ) ) ;
#3824 =( LENGTH_UNIT ( ) NAMED_UNIT ( * ) SI_UNIT ( .MILLI., .METRE. ) );
#3825 = ORIENTED_EDGE ( 'NONE', *, *, #1374, .F. ) ;
#3826 = CYLINDRICAL_SURFACE ( 'NONE', #2247, 4.500000000000000000 ) ;
#3827 = ORIENTED_EDGE ( 'NONE', *, *, #1493, .F. ) ;
#3828 = CARTESIAN_POINT ( 'NONE',  ( -25.59468177588258442, 23.87291786938554594, 69.17270578215243404 ) ) ;
#3829 = MECHANICAL_DESIGN_GEOMETRIC_PRESENTATION_REPRESENTATION (  '', ( #4591 ), #7086 ) ;
#3830 = CARTESIAN_POINT ( 'NONE',  ( 34.75000000000000711, 4.255647627037053498E-15, 39.03621802532608598 ) ) ;
#3831 = CIRCLE ( 'NONE', #1484, 1.249999999999997558 ) ;
#3832 = CARTESIAN_POINT ( 'NONE',  ( -24.97875607266821874, -24.51702789250644443, 54.28232543929561160 ) ) ;
#3833 = DIRECTION ( 'NONE',  ( -0.000000000000000000, -0.000000000000000000, 1.000000000000000000 ) ) ;
#3834 = CIRCLE ( 'NONE', #510, 1.249999999999987566 ) ;
#3835 = SURFACE_SIDE_STYLE ('',( #6153 ) ) ;
#3836 =( NAMED_UNIT ( * ) SI_UNIT ( $, .STERADIAN. ) SOLID_ANGLE_UNIT ( ) );
#3837 = EDGE_CURVE ( 'NONE', #4732, #6117, #1481, .T. ) ;
#3838 = CARTESIAN_POINT ( 'NONE',  ( -5.910116457457829320, -26.88648402932758330, 55.49999999999999289 ) ) ;
#3839 = ORIENTED_EDGE ( 'NONE', *, *, #5576, .F. ) ;
#3840 = VERTEX_POINT ( 'NONE', #6961 ) ;
#3841 = EDGE_LOOP ( 'NONE', ( #5533, #6754, #5907 ) ) ;
#3842 = CARTESIAN_POINT ( 'NONE',  ( -33.46231238974491617, -10.26029480722284681, 55.66515748035298117 ) ) ;
#3843 = DIRECTION ( 'NONE',  ( -0.000000000000000000, -0.000000000000000000, 1.000000000000000000 ) ) ;
#3844 = AXIS2_PLACEMENT_3D ( 'NONE', #3569, #6542, #1215 ) ;
#3845 = SURFACE_SIDE_STYLE ('',( #1483 ) ) ;
#3846 = ADVANCED_FACE ( 'NONE', ( #2282, #548, #3987, #6387, #4540, #4626, #1166, #2896, #474, #2206, #7635, #4100, #6500 ), #1583, .T. ) ;
#3847 = DIRECTION ( 'NONE',  ( 0.000000000000000000, 0.000000000000000000, -1.000000000000000000 ) ) ;
#3848 = EDGE_LOOP ( 'NONE', ( #7181, #2336 ) ) ;
#3849 = AXIS2_PLACEMENT_3D ( 'NONE', #1697, #5163, #6997 ) ;
#3850 = DIRECTION ( 'NONE',  ( -0.000000000000000000, -0.000000000000000000, 1.000000000000000000 ) ) ;
#3851 = SURFACE_STYLE_USAGE ( .BOTH. , #4433 ) ;
#3852 = VECTOR ( 'NONE', #3783, 1000.000000000000000 ) ;
#3853 = SURFACE_SIDE_STYLE ('',( #7452 ) ) ;
#3854 = VERTEX_POINT ( 'NONE', #2816 ) ;
#3855 = LINE ( 'NONE', #5743, #5690 ) ;
#3856 = ORIENTED_EDGE ( 'NONE', *, *, #6720, .F. ) ;
#3857 = EDGE_CURVE ( 'NONE', #1533, #4008, #4068, .T. ) ;
#3858 = ADVANCED_FACE ( 'NONE', ( #4057 ), #3947, .F. ) ;
#3859 = CARTESIAN_POINT ( 'NONE',  ( 18.56155300614707215, -20.32931995911308221, 69.49999999999998579 ) ) ;
#3860 = ORIENTED_EDGE ( 'NONE', *, *, #3434, .T. ) ;
#3861 = FILL_AREA_STYLE ('',( #4880 ) ) ;
#3862 = CARTESIAN_POINT ( 'NONE',  ( -23.84906519527842406, -25.61683214824504162, 69.33480505326377852 ) ) ;
#3863 = ORIENTED_EDGE ( 'NONE', *, *, #7234, .F. ) ;
#3864 = CARTESIAN_POINT ( 'NONE',  ( 5.910116457457639250, 26.88648402932761883, 55.49999999999999289 ) ) ;
#3865 = ORIENTED_EDGE ( 'NONE', *, *, #1465, .T. ) ;
#3866 = DIRECTION ( 'NONE',  ( -0.8660254037844413721, -0.4999999999999952816, 0.000000000000000000 ) ) ;
#3867 = FACE_OUTER_BOUND ( 'NONE', #7026, .T. ) ;
#3868 = EDGE_CURVE ( 'NONE', #1832, #1252, #1720, .T. ) ;
#3869 = VECTOR ( 'NONE', #3202, 1000.000000000000000 ) ;
#3870 = CARTESIAN_POINT ( 'NONE',  ( 10.26029480722272780, -33.46231238974495881, 55.49999999999999289 ) ) ;
#3871 = B_SPLINE_CURVE_WITH_KNOTS ( 'NONE', 3,
 ( #1843, #7229, #4763, #1880, #1805, #2971, #1192, #4211, #4249, #691, #7659, #5368, #1234, #7155, #2313, #5441, #4697, #1163, #5920, #2928 ),
 .UNSPECIFIED., .F., .F.,
 ( 4, 2, 2, 2, 2, 2, 2, 2, 2, 4 ),
 ( 0.003908381719904450123, 0.004396818631769994212, 0.004885255543635537434, 0.005373692455501080656, 0.005862129367366624745, 0.006350566279232168834, 0.006594784735164931772, 0.006839003191097696444, 0.007327440102963194563, 0.007815877014828692682 ),
 .UNSPECIFIED. ) ;
#3872 = CARTESIAN_POINT ( 'NONE',  ( 33.96510442650507144, 8.449532112277250206, 68.40755231783181500 ) ) ;
#3873 = DIRECTION ( 'NONE',  ( -1.000000000000000000, 0.000000000000000000, 0.000000000000000000 ) ) ;
#3874 = DIRECTION ( 'NONE',  ( 0.000000000000000000, 0.000000000000000000, 1.000000000000000000 ) ) ;
#3875 = EDGE_CURVE ( 'NONE', #5370, #6429, #7330, .T. ) ;
#3876 = DIRECTION ( 'NONE',  ( -0.000000000000000000, -0.000000000000000000, 1.000000000000000000 ) ) ;
#3877 = ORIENTED_EDGE ( 'NONE', *, *, #678, .T. ) ;
#3878 = ORIENTED_EDGE ( 'NONE', *, *, #297, .T. ) ;
#3879 = CARTESIAN_POINT ( 'NONE',  ( -10.26607386144933542, -33.48388011373932471, 69.49999999999998579 ) ) ;
#3880 = CARTESIAN_POINT ( 'NONE',  ( -26.84678751731741997, 15.50000000000031442, 67.50000000000000000 ) ) ;
#3881 = DIRECTION ( 'NONE',  ( -0.7071067811865558994, 0.7071067811865391350, 0.000000000000000000 ) ) ;
#3882 = SURFACE_SIDE_STYLE ('',( #6507 ) ) ;
#3883 = DIRECTION ( 'NONE',  ( 1.000000000000000000, 0.000000000000000000, 0.000000000000000000 ) ) ;
#3884 = ORIENTED_EDGE ( 'NONE', *, *, #6344, .T. ) ;
#3885 = DIRECTION ( 'NONE',  ( 0.000000000000000000, 0.000000000000000000, 1.000000000000000000 ) ) ;
#3886 = EDGE_CURVE ( 'NONE', #4732, #1285, #7046, .T. ) ;
#3887 = ORIENTED_EDGE ( 'NONE', *, *, #2508, .F. ) ;
#3888 = EDGE_CURVE ( 'NONE', #3810, #4125, #4809, .T. ) ;
#3889 = DIRECTION ( 'NONE',  ( -0.7071067811865461294, -0.7071067811865489050, 0.000000000000000000 ) ) ;
#3890 = UNCERTAINTY_MEASURE_WITH_UNIT (LENGTH_MEASURE( 1.000000000000000082E-05 ), #5964, 'distance_accuracy_value', 'NONE');
#3891 =( LENGTH_UNIT ( ) NAMED_UNIT ( * ) SI_UNIT ( .MILLI., .METRE. ) );
#3892 = DIRECTION ( 'NONE',  ( -0.000000000000000000, -0.000000000000000000, 1.000000000000000000 ) ) ;
#3893 = ORIENTED_EDGE ( 'NONE', *, *, #6170, .T. ) ;
#3894 = DIRECTION ( 'NONE',  ( -0.000000000000000000, -0.000000000000000000, 1.000000000000000000 ) ) ;
#3895 = CARTESIAN_POINT ( 'NONE',  ( 1.249999999999998002, -31.00000000000000000, 73.00000000000000000 ) ) ;
#3896 = ORIENTED_EDGE ( 'NONE', *, *, #1086, .T. ) ;
#3897 = CARTESIAN_POINT ( 'NONE',  ( 8.324931023180296208, 26.23943641657135473, 69.49999999999998579 ) ) ;
#3898 = CARTESIAN_POINT ( 'NONE',  ( -34.10936000250129041, 7.845480241499960705, 55.49999999999999289 ) ) ;
#3899 = ADVANCED_FACE ( 'NONE', ( #6631, #6672 ), #736, .T. ) ;
#3900 = EDGE_LOOP ( 'NONE', ( #5226, #532, #4869 ) ) ;
#3901 = DIRECTION ( 'NONE',  ( -0.7071067811865437980, -0.7071067811865513475, -0.000000000000000000 ) ) ;
#3902 = AXIS2_PLACEMENT_3D ( 'NONE', #632, #2980, #1851 ) ;
#3903 = VERTEX_POINT ( 'NONE', #3121 ) ;
#3904 = CARTESIAN_POINT ( 'NONE',  ( 9.058666578588249862, -33.80740392011739459, 69.49999999999998579 ) ) ;
#3905 = ORIENTED_EDGE ( 'NONE', *, *, #7556, .T. ) ;
#3906 = AXIS2_PLACEMENT_3D ( 'NONE', #3117, #876, #5634 ) ;
#3907 = CIRCLE ( 'NONE', #6412, 1.249999999999998002 ) ;
#3908 = SURFACE_STYLE_USAGE ( .BOTH. , #5036 ) ;
#3909 = CARTESIAN_POINT ( 'NONE',  ( 33.72132837859815879, 9.375214494499273243, 54.28287014335592886 ) ) ;
#3910 = DIRECTION ( 'NONE',  ( 0.000000000000000000, 0.000000000000000000, 1.000000000000000000 ) ) ;
#3911 =( NAMED_UNIT ( * ) SI_UNIT ( $, .STERADIAN. ) SOLID_ANGLE_UNIT ( ) );
#3912 = CARTESIAN_POINT ( 'NONE',  ( -10.26607386144933542, -33.48388011373932471, 55.49999999999999289 ) ) ;
#3913 = FACE_OUTER_BOUND ( 'NONE', #7435, .T. ) ;
#3914 = CARTESIAN_POINT ( 'NONE',  ( 10.26029480722873899, 33.46231238974311850, 55.49999999999934630 ) ) ;
#3915 = VERTEX_POINT ( 'NONE', #4740 ) ;
#3916 = DIRECTION ( 'NONE',  ( 1.000000000000000000, 0.000000000000000000, 0.000000000000000000 ) ) ;
#3917 = DIRECTION ( 'NONE',  ( -0.9659258262890670910, -0.2588190451025247918, -0.000000000000000000 ) ) ;
#3918 = PRESENTATION_LAYER_ASSIGNMENT (  '', '', ( #4041 ) ) ;
#3919 = CARTESIAN_POINT ( 'NONE',  ( -33.47189422528863645, -10.22918568500023362, 55.17270578215243404 ) ) ;
#3920 = EDGE_CURVE ( 'NONE', #5485, #7581, #1957, .T. ) ;
#3921 = CARTESIAN_POINT ( 'NONE',  ( -7.117523740319154690, -26.56296022294944237, 55.49999999999999289 ) ) ;
#3922 = AXIS2_PLACEMENT_3D ( 'NONE', #3165, #2435, #3674 ) ;
#3923 = DIRECTION ( 'NONE',  ( 1.000000000000000000, 0.000000000000000000, 0.000000000000000000 ) ) ;
#3924 = ORIENTED_EDGE ( 'NONE', *, *, #2535, .F. ) ;
#3925 = VECTOR ( 'NONE', #4846, 1000.000000000000000 ) ;
#3926 = ORIENTED_EDGE ( 'NONE', *, *, #2156, .F. ) ;
#3927 = STYLED_ITEM ( 'NONE', ( #725 ), #6148 ) ;
#3928 = ORIENTED_EDGE ( 'NONE', *, *, #215, .T. ) ;
#3929 = PRESENTATION_STYLE_ASSIGNMENT (( #5066 ) ) ;
#3930 = ORIENTED_EDGE ( 'NONE', *, *, #881, .F. ) ;
#3931 = FACE_OUTER_BOUND ( 'NONE', #1152, .T. ) ;
#3932 = CARTESIAN_POINT ( 'NONE',  ( 33.96391606373718730, -8.453225370535133010, 56.58541951627361044 ) ) ;
#3933 = VECTOR ( 'NONE', #6927, 1000.000000000000000 ) ;
#3934 = EDGE_CURVE ( 'NONE', #5404, #3973, #2428, .T. ) ;
#3935 = LINE ( 'NONE', #1961, #2532 ) ;
#3936 = ORIENTED_EDGE ( 'NONE', *, *, #6196, .F. ) ;
#3937 = CARTESIAN_POINT ( 'NONE',  ( 8.090343774675361033, 34.05230794512235093, 56.26921617977554035 ) ) ;
#3938 =( NAMED_UNIT ( * ) SI_UNIT ( $, .STERADIAN. ) SOLID_ANGLE_UNIT ( ) );
#3939 = ADVANCED_FACE ( 'NONE', ( #105 ), #6597, .F. ) ;
#3940 = CARTESIAN_POINT ( 'NONE',  ( 4.500000000000000000, 0.000000000000000000, 0.000000000000000000 ) ) ;
#3941 = DIRECTION ( 'NONE',  ( 0.2419218955996566278, 0.9702957262759991375, 1.049727191138612409E-16 ) ) ;
#3942 = VERTEX_POINT ( 'NONE', #6569 ) ;
#3943 = CARTESIAN_POINT ( 'NONE',  ( 18.91434570980230845, -18.91434570980197805, 69.49999999999998579 ) ) ;
#3944 = FACE_OUTER_BOUND ( 'NONE', #4114, .T. ) ;
#3945 = CARTESIAN_POINT ( 'NONE',  ( 33.89075126011866956, 8.742990943868337084, 54.28232543929561160 ) ) ;
#3946 = CIRCLE ( 'NONE', #1109, 1.649999999999998135 ) ;
#3947 = CYLINDRICAL_SURFACE ( 'NONE', #6092, 1.649999999999998579 ) ;
#3948 = COLOUR_RGB ( '',1.000000000000000000, 1.000000000000000000, 1.000000000000000000 ) ;
#3949 = CARTESIAN_POINT ( 'NONE',  ( -9.216612044435715134, 33.76508041413225669, 68.25005803955802719 ) ) ;
#3950 = CARTESIAN_POINT ( 'NONE',  ( 24.20061324198781705, -25.28525165660260754, 54.49924284121849638 ) ) ;
#3951 = CARTESIAN_POINT ( 'NONE',  ( -10.25247436872425588, -33.46471313008110116, 55.33555798072743670 ) ) ;
#3952 = ORIENTED_EDGE ( 'NONE', *, *, #7293, .F. ) ;
#3953 =( NAMED_UNIT ( * ) PLANE_ANGLE_UNIT ( ) SI_UNIT ( $, .RADIAN. ) );
#3954 = EDGE_LOOP ( 'NONE', ( #2961, #2663, #1223, #4756 ) ) ;
#3955 = ORIENTED_EDGE ( 'NONE', *, *, #7317, .F. ) ;
#3956 = CARTESIAN_POINT ( 'NONE',  ( -33.89120293265678185, -8.741236312987373580, 56.71716962019198860 ) ) ;
#3957 = AXIS2_PLACEMENT_3D ( 'NONE', #1776, #2393, #141 ) ;
#3958 = CARTESIAN_POINT ( 'NONE',  ( 10.22190009509801278, 33.47406479658251044, 55.17537727027524852 ) ) ;
#3959 = EDGE_CURVE ( 'NONE', #5625, #1899, #1271, .T. ) ;
#3960 = CARTESIAN_POINT ( 'NONE',  ( -34.07365886934945109, -7.999356998381711215, 54.87019983082779362 ) ) ;
#3961 = MECHANICAL_DESIGN_GEOMETRIC_PRESENTATION_REPRESENTATION (  '', ( #1360 ), #5859 ) ;
#3962 = CARTESIAN_POINT ( 'NONE',  ( -24.31238335834836661, 22.35862284302647041, -12.34999999999999964 ) ) ;
#3963 = CARTESIAN_POINT ( 'NONE',  ( 0.000000000000000000, 0.000000000000000000, 53.00000000000000000 ) ) ;
#3964 = EDGE_LOOP ( 'NONE', ( #3135, #6315, #6246, #6807 ) ) ;
#3965 = DIRECTION ( 'NONE',  ( -0.8660254037844344888, 0.5000000000000069944, 0.000000000000000000 ) ) ;
#3966 = CIRCLE ( 'NONE', #640, 1.650000000000000355 ) ;
#3967 = ADVANCED_FACE ( 'NONE', ( #4879, #3595 ), #665, .T. ) ;
#3968 = VERTEX_POINT ( 'NONE', #7268 ) ;
#3969 = LINE ( 'NONE', #6939, #493 ) ;
#3970 = VERTEX_POINT ( 'NONE', #2360 ) ;
#3971 = DIRECTION ( 'NONE',  ( -0.2588190451025177419, -0.9659258262890692004, 0.000000000000000000 ) ) ;
#3972 = CARTESIAN_POINT ( 'NONE',  ( 0.000000000000000000, 0.000000000000000000, 75.00000000000000000 ) ) ;
#3973 = VERTEX_POINT ( 'NONE', #1915 ) ;
#3974 = SURFACE_STYLE_USAGE ( .BOTH. , #4436 ) ;
#3975 = DIRECTION ( 'NONE',  ( -0.000000000000000000, -0.000000000000000000, 1.000000000000000000 ) ) ;
#3976 = LINE ( 'NONE', #4011, #4271 ) ;
#3977 = VERTEX_POINT ( 'NONE', #3010 ) ;
#3978 =( NAMED_UNIT ( * ) PLANE_ANGLE_UNIT ( ) SI_UNIT ( $, .RADIAN. ) );
#3979 = CARTESIAN_POINT ( 'NONE',  ( -34.05230794512225145, 8.090343774675714528, 70.26921617977551193 ) ) ;
#3980 = EDGE_CURVE ( 'NONE', #6651, #1947, #3831, .T. ) ;
#3981 = CARTESIAN_POINT ( 'NONE',  ( 14.25000000000003375, 26.84678751731757984, 73.00000000000000000 ) ) ;
#3982 = CARTESIAN_POINT ( 'NONE',  ( 0.000000000000000000, 0.000000000000000000, 39.03621802532608598 ) ) ;
#3983 = VERTEX_POINT ( 'NONE', #1201 ) ;
#3984 = CARTESIAN_POINT ( 'NONE',  ( -18.91434570980217700, 18.91434570980210950, 69.49999999999998579 ) ) ;
#3985 = CARTESIAN_POINT ( 'NONE',  ( 25.59678751731753010, -15.50000000000012612, 75.00000000000000000 ) ) ;
#3986 = DIRECTION ( 'NONE',  ( -0.000000000000000000, -0.000000000000000000, 1.000000000000000000 ) ) ;
#3987 = FACE_BOUND ( 'NONE', #7222, .T. ) ;
#3988 = CARTESIAN_POINT ( 'NONE',  ( -10.26029480722896992, -33.46231238974304745, 55.49999999999934630 ) ) ;
#3989 = ORIENTED_EDGE ( 'NONE', *, *, #6385, .F. ) ;
#3990 = CARTESIAN_POINT ( 'NONE',  ( -23.84906519527364210, 25.61683214824948607, 69.49999999999936051 ) ) ;
#3991 = DIRECTION ( 'NONE',  ( 1.000000000000000000, 0.000000000000000000, 0.000000000000000000 ) ) ;
#3992 = ORIENTED_EDGE ( 'NONE', *, *, #278, .F. ) ;
#3993 = CIRCLE ( 'NONE', #1033, 1.249999999999997558 ) ;
#3994 = DIRECTION ( 'NONE',  ( -1.000000000000000000, 0.000000000000000000, 0.000000000000000000 ) ) ;
#3995 = CARTESIAN_POINT ( 'NONE',  ( 33.53506284871991028, -10.02062021607649989, 70.26794143074936017 ) ) ;
#3996 = CONICAL_SURFACE ( 'NONE', #3621, 1.249999999999988232, 1.029744258676644764 ) ;
#3997 = CARTESIAN_POINT ( 'NONE',  ( 5.910116457457641026, 26.88648402932761527, 69.49999999999998579 ) ) ;
#3998 = FILL_AREA_STYLE_COLOUR ( '', #1349 ) ;
#3999 = ORIENTED_EDGE ( 'NONE', *, *, #4885, .F. ) ;
#4000 = EDGE_CURVE ( 'NONE', #6374, #2083, #6322, .T. ) ;
#4001 = EDGE_CURVE ( 'NONE', #705, #2910, #2646, .T. ) ;
#4002 = CARTESIAN_POINT ( 'NONE',  ( -35.00000000000000711, 0.000000000000000000, 75.00000000000000000 ) ) ;
#4003 = ORIENTED_EDGE ( 'NONE', *, *, #6440, .T. ) ;
#4004 = DIRECTION ( 'NONE',  ( 0.000000000000000000, -0.000000000000000000, 1.000000000000000000 ) ) ;
#4005 = EDGE_LOOP ( 'NONE', ( #4631, #4980, #4451, #3509 ) ) ;
#4006 = DIRECTION ( 'NONE',  ( 1.000000000000000000, 0.000000000000000000, 0.000000000000000000 ) ) ;
#4007 = CYLINDRICAL_SURFACE ( 'NONE', #3451, 14.00000000000000888 ) ;
#4008 = VERTEX_POINT ( 'NONE', #1503 ) ;
#4009 = EDGE_CURVE ( 'NONE', #2442, #346, #1458, .T. ) ;
#4010 = FACE_OUTER_BOUND ( 'NONE', #1529, .T. ) ;
#4011 = CARTESIAN_POINT ( 'NONE',  ( 7.851259295726926268, -34.13092772649554263, 69.49999999999998579 ) ) ;
#4012 = ORIENTED_EDGE ( 'NONE', *, *, #3758, .F. ) ;
#4013 = CARTESIAN_POINT ( 'NONE',  ( 10.26029480722873899, 33.46231238974311850, 55.49999999999934630 ) ) ;
#4014 = CARTESIAN_POINT ( 'NONE',  ( 29.75000000000000000, -1.080828406542437088E-13, 73.00000000000000000 ) ) ;
#4015 = EDGE_CURVE ( 'NONE', #2952, #6262, #5219, .T. ) ;
#4016 = ORIENTED_EDGE ( 'NONE', *, *, #6821, .T. ) ;
#4017 = CYLINDRICAL_SURFACE ( 'NONE', #5160, 1.249999999999986899 ) ;
#4018 = CARTESIAN_POINT ( 'NONE',  ( -25.61683214824474319, -23.84906519527875446, 69.41841486166937614 ) ) ;
#4019 = ORIENTED_EDGE ( 'NONE', *, *, #2036, .F. ) ;
#4020 =( LENGTH_UNIT ( ) NAMED_UNIT ( * ) SI_UNIT ( .MILLI., .METRE. ) );
#4021 = CARTESIAN_POINT ( 'NONE',  ( 15.50000000000003197, 26.84678751731757984, 67.50000000000000000 ) ) ;
#4022 = DIRECTION ( 'NONE',  ( -0.000000000000000000, -0.000000000000000000, 1.000000000000000000 ) ) ;
#4023 = CARTESIAN_POINT ( 'NONE',  ( -10.02132654886036534, -33.53485719109455943, 54.73257693896660925 ) ) ;
#4024 = MECHANICAL_DESIGN_GEOMETRIC_PRESENTATION_REPRESENTATION (  '', ( #1065 ), #5427 ) ;
#4025 = LINE ( 'NONE', #7004, #2490 ) ;
#4026 = ADVANCED_FACE ( 'NONE', ( #218 ), #6862, .T. ) ;
#4027 = DIRECTION ( 'NONE',  ( -0.9659258262890719759, 0.2588190451025069172, 0.000000000000000000 ) ) ;
#4028 = FACE_OUTER_BOUND ( 'NONE', #5295, .T. ) ;
#4029 = COLOUR_RGB ( '',1.000000000000000000, 1.000000000000000000, 1.000000000000000000 ) ;
#4030 = FILL_AREA_STYLE ('',( #4557 ) ) ;
#4031 = EDGE_LOOP ( 'NONE', ( #5233, #6660, #5522, #3122 ) ) ;
#4032 = CARTESIAN_POINT ( 'NONE',  ( 23.84906519527823932, 25.61683214824519794, 55.49999999999999289 ) ) ;
#4033 = LINE ( 'NONE', #1250, #365 ) ;
#4034 = VERTEX_POINT ( 'NONE', #4920 ) ;
#4035 = CIRCLE ( 'NONE', #6424, 1.249999999999987788 ) ;
#4036 = AXIS2_PLACEMENT_3D ( 'NONE', #4712, #5303, #6579 ) ;
#4037 = PRESENTATION_STYLE_ASSIGNMENT (( #7616 ) ) ;
#4038 = AXIS2_PLACEMENT_3D ( 'NONE', #2444, #1867, #4830 ) ;
#4039 = LINE ( 'NONE', #7579, #4442 ) ;
#4040 = AXIS2_PLACEMENT_3D ( 'NONE', #7462, #1045, #7502 ) ;
#4041 = STYLED_ITEM ( 'NONE', ( #629 ), #2727 ) ;
#4042 = ORIENTED_EDGE ( 'NONE', *, *, #7711, .T. ) ;
#4043 = SURFACE_SIDE_STYLE ('',( #2918 ) ) ;
#4044 = CARTESIAN_POINT ( 'NONE',  ( 8.901579399977514129, -33.84949744289199458, 68.24994211835186775 ) ) ;
#4045 = COLOUR_RGB ( '',1.000000000000000000, 1.000000000000000000, 1.000000000000000000 ) ;
#4046 = DIRECTION ( 'NONE',  ( -0.2588190451025214611, 0.9659258262890682012, -0.000000000000000000 ) ) ;
#4047 =( GEOMETRIC_REPRESENTATION_CONTEXT ( 3 ) GLOBAL_UNCERTAINTY_ASSIGNED_CONTEXT ( ( #7110 ) ) GLOBAL_UNIT_ASSIGNED_CONTEXT ( ( #1332, #4363, #770 ) ) REPRESENTATION_CONTEXT ( 'NONE', 'WORKASPACE' ) );
#4048 = CARTESIAN_POINT ( 'NONE',  ( 10.22898169299488380, 33.47195562601952901, 55.82754978985011718 ) ) ;
#4049 = CARTESIAN_POINT ( 'NONE',  ( -33.46231238974492328, -10.26029480722284504, 69.49999999999998579 ) ) ;
#4050 = PRESENTATION_LAYER_ASSIGNMENT (  '', '', ( #6188 ) ) ;
#4051 = CARTESIAN_POINT ( 'NONE',  ( -33.48388011373928208, 10.26607386144945444, 69.49999999999998579 ) ) ;
#4052 = SURFACE_SIDE_STYLE ('',( #2423 ) ) ;
#4053 = VERTEX_POINT ( 'NONE', #3154 ) ;
#4054 = LINE ( 'NONE', #6349, #6068 ) ;
#4055 = PRESENTATION_STYLE_ASSIGNMENT (( #471 ) ) ;
#4056 = AXIS2_PLACEMENT_3D ( 'NONE', #7173, #7103, #4747 ) ;
#4057 = FACE_OUTER_BOUND ( 'NONE', #618, .T. ) ;
#4058 =( NAMED_UNIT ( * ) SI_UNIT ( $, .STERADIAN. ) SOLID_ANGLE_UNIT ( ) );
#4059 = AXIS2_PLACEMENT_3D ( 'NONE', #2348, #4169, #3548 ) ;
#4060 = CARTESIAN_POINT ( 'NONE',  ( 25.18967441272479846, -24.30026620051798147, 54.40752953715787044 ) ) ;
#4061 = CARTESIAN_POINT ( 'NONE',  ( -16.75000000000021672, -26.84678751731747326, 67.50000000000000000 ) ) ;
#4062 = PRESENTATION_STYLE_ASSIGNMENT (( #1631 ) ) ;
#4063 = LINE ( 'NONE', #6475, #6320 ) ;
#4064 = ORIENTED_EDGE ( 'NONE', *, *, #6625, .F. ) ;
#4065 = FILL_AREA_STYLE_COLOUR ( '', #4748 ) ;
#4066 = COLOUR_RGB ( '',1.000000000000000000, 1.000000000000000000, 1.000000000000000000 ) ;
#4067 = CARTESIAN_POINT ( 'NONE',  ( 7.851259295726926268, -34.13092772649554263, 55.49999999999999289 ) ) ;
#4068 = CIRCLE ( 'NONE', #5075, 1.000000000000000888 ) ;
#4069 = FACE_OUTER_BOUND ( 'NONE', #6300, .T. ) ;
#4070 = FACE_OUTER_BOUND ( 'NONE', #7503, .T. ) ;
#4071 = EDGE_CURVE ( 'NONE', #5274, #333, #7590, .T. ) ;
#4072 = CONICAL_SURFACE ( 'NONE', #864, 1.249999999999997558, 1.029744258676649205 ) ;
#4073 = VERTEX_POINT ( 'NONE', #917 ) ;
#4074 = CARTESIAN_POINT ( 'NONE',  ( -26.84678751731741997, 15.50000000000031442, 73.00000000000000000 ) ) ;
#4075 = FILL_AREA_STYLE ('',( #2949 ) ) ;
#4076 = ORIENTED_EDGE ( 'NONE', *, *, #1340, .F. ) ;
#4077 = VERTEX_POINT ( 'NONE', #2686 ) ;
#4078 = CARTESIAN_POINT ( 'NONE',  ( -23.86485386504604023, 25.63262081801230252, 69.49999999999998579 ) ) ;
#4079 =( GEOMETRIC_REPRESENTATION_CONTEXT ( 3 ) GLOBAL_UNCERTAINTY_ASSIGNED_CONTEXT ( ( #2338 ) ) GLOBAL_UNIT_ASSIGNED_CONTEXT ( ( #4116, #5977, #646 ) ) REPRESENTATION_CONTEXT ( 'NONE', 'WORKASPACE' ) );
#4080 = COLOUR_RGB ( '',1.000000000000000000, 1.000000000000000000, 1.000000000000000000 ) ;
#4081 = DIRECTION ( 'NONE',  ( 0.2588190451025214611, -0.9659258262890682012, -0.000000000000000000 ) ) ;
#4082 = EDGE_LOOP ( 'NONE', ( #6746, #6272 ) ) ;
#4083 =( NAMED_UNIT ( * ) PLANE_ANGLE_UNIT ( ) SI_UNIT ( $, .RADIAN. ) );
#4084 = EDGE_LOOP ( 'NONE', ( #5464, #5012, #2647, #7646 ) ) ;
#4085 = FILL_AREA_STYLE ('',( #1184 ) ) ;
#4086 = VERTEX_POINT ( 'NONE', #6178 ) ;
#4087 = LINE ( 'NONE', #6489, #4541 ) ;
#4088 = FACE_OUTER_BOUND ( 'NONE', #1385, .T. ) ;
#4089 = CARTESIAN_POINT ( 'NONE',  ( 33.60097168302483794, -9.797363654706485292, 68.49924284121851770 ) ) ;
#4090 = ADVANCED_FACE ( 'NONE', ( #5600 ), #2116, .F. ) ;
#4091 = DIRECTION ( 'NONE',  ( 0.000000000000000000, 0.000000000000000000, 1.000000000000000000 ) ) ;
#4092 = CARTESIAN_POINT ( 'NONE',  ( -33.46471313008105852, 10.25247436872438023, 55.33555798072745802 ) ) ;
#4093 = DIRECTION ( 'NONE',  ( -0.9659258262890673130, -0.2588190451025248473, -0.000000000000000000 ) ) ;
#4094 = DIRECTION ( 'NONE',  ( 0.9659258262890683122, 0.2588190451025205174, 0.000000000000000000 ) ) ;
#4095 = ORIENTED_EDGE ( 'NONE', *, *, #2398, .F. ) ;
#4096 = EDGE_CURVE ( 'NONE', #655, #2449, #7311, .T. ) ;
#4097 = EDGE_CURVE ( 'NONE', #1317, #2910, #4818, .T. ) ;
#4098 = DIRECTION ( 'NONE',  ( -0.000000000000000000, -0.000000000000000000, -1.000000000000000000 ) ) ;
#4099 = ADVANCED_BREP_SHAPE_REPRESENTATION ( '60\X2\51738282\X0\-20260520', ( #2758, #1002 ), #5865 ) ;
#4100 = FACE_BOUND ( 'NONE', #1757, .T. ) ;
#4101 = CONICAL_SURFACE ( 'NONE', #5999, 1.249999999999997558, 1.029744258676649205 ) ;
#4102 = CARTESIAN_POINT ( 'NONE',  ( -19.44543648262997237, -19.44543648263017488, 69.49999999999998579 ) ) ;
#4103 = DIRECTION ( 'NONE',  ( 1.000000000000000000, 0.000000000000000000, 0.000000000000000000 ) ) ;
#4104 = CARTESIAN_POINT ( 'NONE',  ( -33.99831077896605791, 8.314335647359740733, 68.50065340017648907 ) ) ;
#4105 = CARTESIAN_POINT ( 'NONE',  ( -25.19678751731796140, -15.49999999999937295, 73.00000000000000000 ) ) ;
#4106 = FILL_AREA_STYLE ('',( #5338 ) ) ;
#4107 = ORIENTED_EDGE ( 'NONE', *, *, #6538, .T. ) ;
#4108 = ADVANCED_FACE ( 'NONE', ( #6497 ), #1120, .F. ) ;
#4109 = CARTESIAN_POINT ( 'NONE',  ( 15.50000000000003197, 26.84678751731757984, 75.00000000000000000 ) ) ;
#4110 = CARTESIAN_POINT ( 'NONE',  ( 26.84678751731786051, 15.49999999999956835, 73.00000000000000000 ) ) ;
#4111 = LINE ( 'NONE', #3450, #2177 ) ;
#4112 = CARTESIAN_POINT ( 'NONE',  ( -19.44543648263010382, 19.44543648263003277, 55.49999999999999289 ) ) ;
#4113 = ADVANCED_FACE ( 'NONE', ( #7543 ), #1654, .F. ) ;
#4114 = EDGE_LOOP ( 'NONE', ( #3148, #6825, #6505 ) ) ;
#4115 = CARTESIAN_POINT ( 'NONE',  ( 6.923131025748447520, 25.83747673555102864, 69.49999999999998579 ) ) ;
#4116 =( LENGTH_UNIT ( ) NAMED_UNIT ( * ) SI_UNIT ( .MILLI., .METRE. ) );
#4117 = ORIENTED_EDGE ( 'NONE', *, *, #6209, .T. ) ;
#4118 = AXIS2_PLACEMENT_3D ( 'NONE', #1988, #4838, #1263 ) ;
#4119 = CARTESIAN_POINT ( 'NONE',  ( 26.84678751731753010, -15.50000000000012612, 75.00000000000000000 ) ) ;
#4120 = VECTOR ( 'NONE', #6275, 1000.000000000000114 ) ;
#4121 = EDGE_LOOP ( 'NONE', ( #3573, #3856, #4533, #5392 ) ) ;
#4122 = CARTESIAN_POINT ( 'NONE',  ( 17.15000000000040714, 26.84678751731736313, 73.00000000000000000 ) ) ;
#4123 = UNCERTAINTY_MEASURE_WITH_UNIT (LENGTH_MEASURE( 1.000000000000000082E-05 ), #2014, 'distance_accuracy_value', 'NONE');
#4124 = FACE_OUTER_BOUND ( 'NONE', #7071, .T. ) ;
#4125 = VERTEX_POINT ( 'NONE', #4014 ) ;
#4126 = DIRECTION ( 'NONE',  ( -0.000000000000000000, -0.000000000000000000, 1.000000000000000000 ) ) ;
#4127 = CARTESIAN_POINT ( 'NONE',  ( -33.46231238974492328, -10.26029480722284504, 55.49999999999999289 ) ) ;
#4128 =( NAMED_UNIT ( * ) PLANE_ANGLE_UNIT ( ) SI_UNIT ( $, .RADIAN. ) );
#4129 = DIRECTION ( 'NONE',  ( -0.000000000000000000, -0.000000000000000000, 1.000000000000000000 ) ) ;
#4130 = ADVANCED_FACE ( 'NONE', ( #540 ), #4578, .F. ) ;
#4131 = EDGE_CURVE ( 'NONE', #2039, #3180, #6413, .T. ) ;
#4132 = ORIENTED_EDGE ( 'NONE', *, *, #4464, .F. ) ;
#4133 = DIRECTION ( 'NONE',  ( -1.000000000000000000, 0.000000000000000000, 0.000000000000000000 ) ) ;
#4134 = CARTESIAN_POINT ( 'NONE',  ( -33.46231238974495170, 10.26029480722274201, 69.66313326947209816 ) ) ;
#4135 = ORIENTED_EDGE ( 'NONE', *, *, #7137, .T. ) ;
#4136 = DIRECTION ( 'NONE',  ( 0.9659258262890708657, -0.2588190451025111360, -0.000000000000000000 ) ) ;
#4137 = CYLINDRICAL_SURFACE ( 'NONE', #4796, 1.000000000000000888 ) ;
#4138 = VERTEX_POINT ( 'NONE', #7078 ) ;
#4139 = FILL_AREA_STYLE_COLOUR ( '', #3554 ) ;
#4140 = DIRECTION ( 'NONE',  ( 0.2588190451025076388, 0.9659258262890717539, -0.000000000000000000 ) ) ;
#4141 = SURFACE_STYLE_USAGE ( .BOTH. , #7714 ) ;
#4142 = DIRECTION ( 'NONE',  ( -0.9612616959383141202, -0.2756373558170156501, 1.049727191138612040E-16 ) ) ;
#4143 = VERTEX_POINT ( 'NONE', #3345 ) ;
#4144 = CARTESIAN_POINT ( 'NONE',  ( 25.18967441272479846, -24.30026620051799569, 68.40752953715787044 ) ) ;
#4145 = CARTESIAN_POINT ( 'NONE',  ( 32.25000000000000000, -1.082359215041371340E-13, 73.00000000000000000 ) ) ;
#4146 = CYLINDRICAL_SURFACE ( 'NONE', #3549, 4.500000000000000888 ) ;
#4147 = CARTESIAN_POINT ( 'NONE',  ( 18.56155300614664228, 20.32931995911346945, 69.49999999999998579 ) ) ;
#4148 = CARTESIAN_POINT ( 'NONE',  ( 33.60029679248295764, -9.799659445077409714, 70.49858126598911667 ) ) ;
#4149 = CIRCLE ( 'NONE', #5930, 4.500000000000000000 ) ;
#4150 = CARTESIAN_POINT ( 'NONE',  ( 25.19678751731786193, 15.49999999999956835, 75.00000000000000000 ) ) ;
#4151 = PLANE ( 'NONE',  #1831 ) ;
#4152 = CARTESIAN_POINT ( 'NONE',  ( -9.791745369165646196, 33.60247514953424286, 70.49490063177624677 ) ) ;
#4153 = VERTEX_POINT ( 'NONE', #1079 ) ;
#4154 = FACE_OUTER_BOUND ( 'NONE', #6519, .T. ) ;
#4155 = AXIS2_PLACEMENT_3D ( 'NONE', #5791, #7544, #1618 ) ;
#4156 = PRESENTATION_LAYER_ASSIGNMENT (  '', '', ( #6420 ) ) ;
#4157 = ORIENTED_EDGE ( 'NONE', *, *, #2150, .F. ) ;
#4158 = FACE_BOUND ( 'NONE', #3091, .T. ) ;
#4159 = ORIENTED_EDGE ( 'NONE', *, *, #6682, .F. ) ;
#4160 = MECHANICAL_DESIGN_GEOMETRIC_PRESENTATION_REPRESENTATION (  '', ( #68 ), #709 ) ;
#4161 = DIRECTION ( 'NONE',  ( -0.9659258262890692004, 0.2588190451025179084, -0.000000000000000000 ) ) ;
#4162 = ORIENTED_EDGE ( 'NONE', *, *, #6058, .F. ) ;
#4163 = DIRECTION ( 'NONE',  ( 0.7071067811865388020, 0.7071067811865563435, -0.000000000000000000 ) ) ;
#4164 = CARTESIAN_POINT ( 'NONE',  ( -8.314335647359619941, -33.99831077896608633, 68.50065340017646065 ) ) ;
#4165 = CARTESIAN_POINT ( 'NONE',  ( 33.48097225825546985, -10.19928830482879789, 69.09744532331457378 ) ) ;
#4166 = ORIENTED_EDGE ( 'NONE', *, *, #98, .F. ) ;
#4167 = VECTOR ( 'NONE', #3773, 1000.000000000000000 ) ;
#4168 = VECTOR ( 'NONE', #3347, 1000.000000000000000 ) ;
#4169 = DIRECTION ( 'NONE',  ( -0.9659258262890692004, 0.2588190451025179084, -0.000000000000000000 ) ) ;
#4170 = EDGE_CURVE ( 'NONE', #3167, #6770, #4647, .T. ) ;
#4171 =( GEOMETRIC_REPRESENTATION_CONTEXT ( 3 ) GLOBAL_UNCERTAINTY_ASSIGNED_CONTEXT ( ( #3036 ) ) GLOBAL_UNIT_ASSIGNED_CONTEXT ( ( #2288, #5220, #1635 ) ) REPRESENTATION_CONTEXT ( 'NONE', 'WORKASPACE' ) );
#4172 = CARTESIAN_POINT ( 'NONE',  ( -33.80740392011735906, -9.058666578588368878, 55.49999999999999289 ) ) ;
#4173 = DIRECTION ( 'NONE',  ( 0.2588190451025122463, 0.9659258262890706437, 0.000000000000000000 ) ) ;
#4174 = VECTOR ( 'NONE', #5708, 999.9999999999998863 ) ;
#4175 = ORIENTED_EDGE ( 'NONE', *, *, #7000, .F. ) ;
#4176 = CARTESIAN_POINT ( 'NONE',  ( 23.86485386504567785, 25.63262081801263648, 69.49999999999998579 ) ) ;
#4177 = VECTOR ( 'NONE', #7466, 1000.000000000000114 ) ;
#4178 = EDGE_CURVE ( 'NONE', #999, #7316, #269, .T. ) ;
#4179 = STYLED_ITEM ( 'NONE', ( #430 ), #6198 ) ;
#4180 = LINE ( 'NONE', #4850, #982 ) ;
#4181 = FACE_OUTER_BOUND ( 'NONE', #6443, .T. ) ;
#4182 = VERTEX_POINT ( 'NONE', #414 ) ;
#4183 = CIRCLE ( 'NONE', #2809, 0.9999999999999991118 ) ;
#4184 = DIRECTION ( 'NONE',  ( 1.000000000000000000, 0.000000000000000000, 0.000000000000000000 ) ) ;
#4185 = CARTESIAN_POINT ( 'NONE',  ( -33.85033993624911375, -8.898408164504756357, 70.74986216034437803 ) ) ;
#4186 = DIRECTION ( 'NONE',  ( -0.000000000000000000, -0.000000000000000000, 1.000000000000000000 ) ) ;
#4187 = CARTESIAN_POINT ( 'NONE',  ( -26.84678751731741997, 15.50000000000031442, 67.50000000000000000 ) ) ;
#4188 = ORIENTED_EDGE ( 'NONE', *, *, #2685, .F. ) ;
#4189 = CARTESIAN_POINT ( 'NONE',  ( 33.80740392011729512, 9.058666578588603358, 69.49999999999998579 ) ) ;
#4190 = DIRECTION ( 'NONE',  ( -0.000000000000000000, -0.000000000000000000, 1.000000000000000000 ) ) ;
#4191 = CARTESIAN_POINT ( 'NONE',  ( -10.26029480722272780, 33.46231238974495881, 69.49999999999998579 ) ) ;
#4192 = ORIENTED_EDGE ( 'NONE', *, *, #6123, .T. ) ;
#4193 = ORIENTED_EDGE ( 'NONE', *, *, #685, .T. ) ;
#4194 = LINE ( 'NONE', #2559, #2756 ) ;
#4195 = AXIS2_PLACEMENT_3D ( 'NONE', #6704, #4567, #1528 ) ;
#4196 = EDGE_CURVE ( 'NONE', #4923, #4562, #3323, .T. ) ;
#4197 = VERTEX_POINT ( 'NONE', #4996 ) ;
#4198 = CARTESIAN_POINT ( 'NONE',  ( 19.44543648262982671, 19.44543648263030278, 55.49999999999999289 ) ) ;
#4199 = UNCERTAINTY_MEASURE_WITH_UNIT (LENGTH_MEASURE( 1.000000000000000082E-05 ), #6837, 'distance_accuracy_value', 'NONE');
#4200 = AXIS2_PLACEMENT_3D ( 'NONE', #6578, #639, #3566 ) ;
#4201 = FACE_OUTER_BOUND ( 'NONE', #2996, .T. ) ;
#4202 = ORIENTED_EDGE ( 'NONE', *, *, #6720, .T. ) ;
#4203 = SURFACE_SIDE_STYLE ('',( #2843 ) ) ;
#4204 = CARTESIAN_POINT ( 'NONE',  ( 33.89113427247274757, -8.741490271134674472, 68.28287014335593597 ) ) ;
#4205 = CIRCLE ( 'NONE', #1119, 1.650000000000000355 ) ;
#4206 = CARTESIAN_POINT ( 'NONE',  ( 10.22190009509801456, 33.47406479658251044, 69.17537727027524852 ) ) ;
#4207 = UNCERTAINTY_MEASURE_WITH_UNIT (LENGTH_MEASURE( 1.000000000000000082E-05 ), #6468, 'distance_accuracy_value', 'NONE');
#4208 = AXIS2_PLACEMENT_3D ( 'NONE', #1863, #5423, #7325 ) ;
#4209 = CONICAL_SURFACE ( 'NONE', #1972, 1.250000000000001110, 1.029744258676649871 ) ;
#4210 = ADVANCED_FACE ( 'NONE', ( #5748 ), #458, .F. ) ;
#4211 = CARTESIAN_POINT ( 'NONE',  ( 24.51573417385858633, -24.98002454800062466, 70.71716962019199570 ) ) ;
#4212 = DIRECTION ( 'NONE',  ( -0.000000000000000000, -0.000000000000000000, 1.000000000000000000 ) ) ;
#4213 = AXIS2_PLACEMENT_3D ( 'NONE', #7433, #2091, #1430 ) ;
#4214 = B_SPLINE_CURVE_WITH_KNOTS ( 'NONE', 3,
 ( #1973, #6721, #341, #5613, #4378, #4416, #268, #2048, #6799, #3132, #5683, #231, #2700, #4302, #7362, #187, #3750, #820, #3169, #2590 ),
 .UNSPECIFIED., .F., .F.,
 ( 4, 2, 2, 2, 2, 2, 2, 2, 2, 4 ),
 ( 0.003908381719904428439, 0.004396818631769957783, 0.004885255543635487127, 0.005373692455501017338, 0.005862129367366546683, 0.006350566279232076894, 0.006594784735164836362, 0.006839003191097597564, 0.007327440102963139051, 0.007815877014828680538 ),
 .UNSPECIFIED. ) ;
#4215 = ADVANCED_FACE ( 'NONE', ( #3378 ), #5570, .F. ) ;
#4216 =( LENGTH_UNIT ( ) NAMED_UNIT ( * ) SI_UNIT ( .MILLI., .METRE. ) );
#4217 = COLOUR_RGB ( '',1.000000000000000000, 1.000000000000000000, 1.000000000000000000 ) ;
#4218 = LINE ( 'NONE', #4704, #6462 ) ;
#4219 = EDGE_LOOP ( 'NONE', ( #4864, #2052, #88, #3718 ) ) ;
#4220 = CARTESIAN_POINT ( 'NONE',  ( 25.28623299666319113, -24.19958127568694906, 68.50065340017646065 ) ) ;
#4221 = ORIENTED_EDGE ( 'NONE', *, *, #3058, .F. ) ;
#4222 = FACE_OUTER_BOUND ( 'NONE', #3395, .T. ) ;
#4223 = EDGE_CURVE ( 'NONE', #1769, #3629, #1352, .T. ) ;
#4224 = CARTESIAN_POINT ( 'NONE',  ( 8.324931023180662137, -26.23943641657123749, 69.49999999999998579 ) ) ;
#4225 = EDGE_CURVE ( 'NONE', #888, #5839, #7154, .T. ) ;
#4226 = AXIS2_PLACEMENT_3D ( 'NONE', #3443, #4852, #594 ) ;
#4227 = CARTESIAN_POINT ( 'NONE',  ( -18.64298219578689952, 4.080732175172792964, -14.84999999999999964 ) ) ;
#4228 = LINE ( 'NONE', #6041, #7294 ) ;
#4229 = CARTESIAN_POINT ( 'NONE',  ( -9.666382833009286912, -33.63902334235813640, 56.59162368380860642 ) ) ;
#4230 = CARTESIAN_POINT ( 'NONE',  ( 0.000000000000000000, 0.000000000000000000, 52.98999999999999488 ) ) ;
#4231 = CARTESIAN_POINT ( 'NONE',  ( -17.14999999999965397, 26.84678751731779656, 73.00000000000000000 ) ) ;
#4232 = ORIENTED_EDGE ( 'NONE', *, *, #5860, .F. ) ;
#4233 = ORIENTED_EDGE ( 'NONE', *, *, #6428, .F. ) ;
#4234 = PRESENTATION_STYLE_ASSIGNMENT (( #5534 ) ) ;
#4235 = DIRECTION ( 'NONE',  ( 1.000000000000000000, 0.000000000000000000, 0.000000000000000000 ) ) ;
#4236 = ORIENTED_EDGE ( 'NONE', *, *, #2617, .T. ) ;
#4237 = CARTESIAN_POINT ( 'NONE',  ( 9.664764854219273005, -33.63948505473541672, 54.40752953715788465 ) ) ;
#4238 = EDGE_CURVE ( 'NONE', #3544, #5420, #4646, .T. ) ;
#4239 = EDGE_CURVE ( 'NONE', #5439, #3977, #5880, .T. ) ;
#4240 =( NAMED_UNIT ( * ) SI_UNIT ( $, .STERADIAN. ) SOLID_ANGLE_UNIT ( ) );
#4241 = ORIENTED_EDGE ( 'NONE', *, *, #1545, .F. ) ;
#4242 = CARTESIAN_POINT ( 'NONE',  ( -33.76445839378300917, 9.218922444420629247, 56.74986216034435671 ) ) ;
#4243 = CYLINDRICAL_SURFACE ( 'NONE', #4118, 1.649999999999998579 ) ;
#4244 = MECHANICAL_DESIGN_GEOMETRIC_PRESENTATION_REPRESENTATION (  '', ( #4365 ), #6610 ) ;
#4245 = CARTESIAN_POINT ( 'NONE',  ( 7.845480241499603657, 34.10936000250137567, 69.49999999999998579 ) ) ;
#4246 = EDGE_CURVE ( 'NONE', #5839, #399, #2710, .T. ) ;
#4247 = DIRECTION ( 'NONE',  ( 1.000000000000000000, 0.000000000000000000, 0.000000000000000000 ) ) ;
#4248 = VECTOR ( 'NONE', #5942, 1000.000000000000000 ) ;
#4249 = CARTESIAN_POINT ( 'NONE',  ( 24.63141749182865681, -24.86605022927815867, 70.74986216034436382 ) ) ;
#4250 = LINE ( 'NONE', #1453, #5559 ) ;
#4251 = ORIENTED_EDGE ( 'NONE', *, *, #900, .F. ) ;
#4252 = DIRECTION ( 'NONE',  ( 0.8571673007021095581, 0.000000000000000000, 0.5150380749100587074 ) ) ;
#4253 = EDGE_CURVE ( 'NONE', #5765, #4273, #2967, .T. ) ;
#4254 = CARTESIAN_POINT ( 'NONE',  ( 7.851259295726447540, 34.13092772649564921, 69.49999999999998579 ) ) ;
#4255 = CARTESIAN_POINT ( 'NONE',  ( -26.84678751731795998, -15.49999999999937295, 75.00000000000000000 ) ) ;
#4256 = CARTESIAN_POINT ( 'NONE',  ( -20.32931995911315326, -18.56155300614700465, 55.49999999999999289 ) ) ;
#4257 = CARTESIAN_POINT ( 'NONE',  ( 33.66000032175292489, 9.592190828937480873, 56.62377514882766860 ) ) ;
#4258 = ORIENTED_EDGE ( 'NONE', *, *, #2397, .F. ) ;
#4259 = FACE_BOUND ( 'NONE', #4728, .T. ) ;
#4260 =( LENGTH_UNIT ( ) NAMED_UNIT ( * ) SI_UNIT ( .MILLI., .METRE. ) );
#4261 = DIRECTION ( 'NONE',  ( -0.2588190451025144112, -0.9659258262890699775, -0.000000000000000000 ) ) ;
#4262 = ORIENTED_EDGE ( 'NONE', *, *, #3637, .T. ) ;
#4263 = DIRECTION ( 'NONE',  ( -1.000000000000000000, 0.000000000000000000, 0.000000000000000000 ) ) ;
#4264 = EDGE_CURVE ( 'NONE', #2519, #1919, #7035, .T. ) ;
#4265 = FACE_OUTER_BOUND ( 'NONE', #5035, .T. ) ;
#4266 = ORIENTED_EDGE ( 'NONE', *, *, #5669, .F. ) ;
#4267 = ORIENTED_EDGE ( 'NONE', *, *, #685, .F. ) ;
#4268 = CARTESIAN_POINT ( 'NONE',  ( 25.44499185062882418, -24.03259720677942468, 56.26921617977551904 ) ) ;
#4269 = CARTESIAN_POINT ( 'NONE',  ( 28.09678751731762958, 15.49999999999993783, 67.50000000000000000 ) ) ;
#4270 = CARTESIAN_POINT ( 'NONE',  ( 7.853453310076316640, -34.10752888537105321, 55.33555798072745091 ) ) ;
#4271 = VECTOR ( 'NONE', #5784, 1000.000000000000114 ) ;
#4272 = DIRECTION ( 'NONE',  ( -0.000000000000000000, -0.000000000000000000, 1.000000000000000000 ) ) ;
#4273 = VERTEX_POINT ( 'NONE', #5833 ) ;
#4274 = VECTOR ( 'NONE', #5069, 1000.000000000000000 ) ;
#4275 = AXIS2_PLACEMENT_3D ( 'NONE', #2455, #4656, #549 ) ;
#4276 = CARTESIAN_POINT ( 'NONE',  ( -34.05270151420138092, -8.088705224614686884, 68.73257693896664478 ) ) ;
#4277 = LINE ( 'NONE', #6023, #2089 ) ;
#4278 = UNCERTAINTY_MEASURE_WITH_UNIT (LENGTH_MEASURE( 1.000000000000000082E-05 ), #6969, 'distance_accuracy_value', 'NONE');
#4279 = AXIS2_PLACEMENT_3D ( 'NONE', #1969, #3095, #1280 ) ;
#4280 = AXIS2_PLACEMENT_3D ( 'NONE', #6449, #2764, #2799 ) ;
#4281 = DIRECTION ( 'NONE',  ( 0.000000000000000000, 0.000000000000000000, 1.000000000000000000 ) ) ;
#4282 = FACE_OUTER_BOUND ( 'NONE', #3342, .T. ) ;
#4283 = CARTESIAN_POINT ( 'NONE',  ( 33.60029679248295764, -9.799659445077423925, 56.49858126598910246 ) ) ;
#4284 = ORIENTED_EDGE ( 'NONE', *, *, #7215, .T. ) ;
#4285 = AXIS2_PLACEMENT_3D ( 'NONE', #3523, #2945, #7136 ) ;
#4286 = DIRECTION ( 'NONE',  ( 0.8660254037844375974, -0.5000000000000019984, 0.000000000000000000 ) ) ;
#4287 = CIRCLE ( 'NONE', #1418, 1.249999999999987566 ) ;
#4288 = DIRECTION ( 'NONE',  ( 0.4999999999999979461, -0.8660254037844397068, 0.000000000000000000 ) ) ;
#4289 = AXIS2_PLACEMENT_3D ( 'NONE', #5714, #6865, #6261 ) ;
#4290 = FILL_AREA_STYLE ('',( #4954 ) ) ;
#4291 = PRESENTATION_STYLE_ASSIGNMENT (( #2616 ) ) ;
#4292 = ORIENTED_EDGE ( 'NONE', *, *, #6780, .F. ) ;
#4293 = CARTESIAN_POINT ( 'NONE',  ( 24.51702789250653325, -24.97875607266814058, 68.28232543929560450 ) ) ;
#4294 = ORIENTED_EDGE ( 'NONE', *, *, #6321, .T. ) ;
#4295 = PRESENTATION_LAYER_ASSIGNMENT (  '', '', ( #5322 ) ) ;
#4296 = CARTESIAN_POINT ( 'NONE',  ( 33.76531439086971886, -9.215754827260909110, 54.24994211835184643 ) ) ;
#4297 = FILL_AREA_STYLE_COLOUR ( '', #3672 ) ;
#4298 = CARTESIAN_POINT ( 'NONE',  ( 18.56155300614664228, 20.32931995911346945, 69.49999999999998579 ) ) ;
#4299 = DIRECTION ( 'NONE',  ( -0.000000000000000000, -0.000000000000000000, 1.000000000000000000 ) ) ;
#4300 = CIRCLE ( 'NONE', #1450, 1.649999999999999245 ) ;
#4301 = VERTEX_POINT ( 'NONE', #502 ) ;
#4302 = CARTESIAN_POINT ( 'NONE',  ( -24.20472442494902765, -25.28113781185331987, 56.49490063177622545 ) ) ;
#4303 = DIRECTION ( 'NONE',  ( 1.000000000000000000, 0.000000000000000000, 0.000000000000000000 ) ) ;
#4304 = COLOUR_RGB ( '',1.000000000000000000, 1.000000000000000000, 1.000000000000000000 ) ;
#4305 = DIRECTION ( 'NONE',  ( 0.000000000000000000, 0.000000000000000000, -1.000000000000000000 ) ) ;
#4306 = ORIENTED_EDGE ( 'NONE', *, *, #1767, .T. ) ;
#4307 = CARTESIAN_POINT ( 'NONE',  ( -33.48388011373920392, -10.26607386144969070, 69.49999999999998579 ) ) ;
#4308 = ORIENTED_EDGE ( 'NONE', *, *, #4351, .F. ) ;
#4309 =( LENGTH_UNIT ( ) NAMED_UNIT ( * ) SI_UNIT ( .MILLI., .METRE. ) );
#4310 = CARTESIAN_POINT ( 'NONE',  ( 15.49999999999984368, -26.84678751731768998, 75.00000000000000000 ) ) ;
#4311 = B_SPLINE_CURVE_WITH_KNOTS ( 'NONE', 3,
 ( #1206, #2365, #4742, #7129, #1887, #1815, #6636, #1853, #5451, #2505, #7273, #4257, #109, #670, #2938, #5967, #3050, #1305, #5337, #6005 ),
 .UNSPECIFIED., .F., .F.,
 ( 4, 2, 2, 2, 2, 2, 2, 2, 2, 4 ),
 ( 0.003908381719904423235, 0.004396818631769953446, 0.004885255543635483658, 0.005373692455501014736, 0.005862129367366544948, 0.006350566279232075159, 0.006594784735164836362, 0.006839003191097597564, 0.007327440102963133847, 0.007815877014828670130 ),
 .UNSPECIFIED. ) ;
#4312 = EDGE_CURVE ( 'NONE', #5083, #1547, #2846, .T. ) ;
#4313 = CARTESIAN_POINT ( 'NONE',  ( -26.56296022294935710, -7.117523740319432690, 69.49999999999998579 ) ) ;
#4314 = CIRCLE ( 'NONE', #107, 1.249999999999987566 ) ;
#4315 = CYLINDRICAL_SURFACE ( 'NONE', #1345, 1.249999999999988232 ) ;
#4316 = ORIENTED_EDGE ( 'NONE', *, *, #1157, .F. ) ;
#4317 = CARTESIAN_POINT ( 'NONE',  ( -33.47195562601942243, 10.22898169299523197, 55.82754978985013850 ) ) ;
#4318 = DIRECTION ( 'NONE',  ( -0.8660254037844413721, -0.4999999999999952816, 0.000000000000000000 ) ) ;
#4319 = PRESENTATION_LAYER_ASSIGNMENT (  '', '', ( #5208 ) ) ;
#4320 = VECTOR ( 'NONE', #4140, 1000.000000000000114 ) ;
#4321 = PLANE ( 'NONE',  #4195 ) ;
#4322 = CARTESIAN_POINT ( 'NONE',  ( 24.51591977797347255, 24.97983810746357136, 68.28287014335593597 ) ) ;
#4323 = CARTESIAN_POINT ( 'NONE',  ( 35.00000000000000711, 4.286263797015737285E-15, 75.00000000000000000 ) ) ;
#4324 = STYLED_ITEM ( 'NONE', ( #459 ), #4113 ) ;
#4325 = DIRECTION ( 'NONE',  ( -0.000000000000000000, -0.000000000000000000, 1.000000000000000000 ) ) ;
#4326 = AXIS2_PLACEMENT_3D ( 'NONE', #6087, #3101, #189 ) ;
#4327 = CIRCLE ( 'NONE', #3089, 2.099999999999997868 ) ;
#4328 = CARTESIAN_POINT ( 'NONE',  ( -26.84678751731741997, 15.50000000000031442, 73.00000000000000000 ) ) ;
#4329 = EDGE_CURVE ( 'NONE', #6028, #5404, #2334, .T. ) ;
#4330 = LINE ( 'NONE', #3373, #233 ) ;
#4331 = ADVANCED_FACE ( 'NONE', ( #5326, #7119, #3586, #4761, #5283, #5993, #6525 ), #7701, .T. ) ;
#4332 = ORIENTED_EDGE ( 'NONE', *, *, #6292, .T. ) ;
#4333 =( GEOMETRIC_REPRESENTATION_CONTEXT ( 3 ) GLOBAL_UNCERTAINTY_ASSIGNED_CONTEXT ( ( #2105 ) ) GLOBAL_UNIT_ASSIGNED_CONTEXT ( ( #7509, #5759, #5127 ) ) REPRESENTATION_CONTEXT ( 'NONE', 'WORKASPACE' ) );
#4334 = CARTESIAN_POINT ( 'NONE',  ( -24.35431995556182017, -25.13708109668429103, 70.62377514882767571 ) ) ;
#4335 = CARTESIAN_POINT ( 'NONE',  ( 0.000000000000000000, 0.000000000000000000, -15.35000000000000320 ) ) ;
#4336 = VERTEX_POINT ( 'NONE', #1802 ) ;
#4337 = CARTESIAN_POINT ( 'NONE',  ( 1.320077352706858093E-15, 4.448690208978667384E-15, 0.000000000000000000 ) ) ;
#4338 = DIRECTION ( 'NONE',  ( 0.9659258262890676461, 0.2588190451025230709, 0.000000000000000000 ) ) ;
#4339 = CARTESIAN_POINT ( 'NONE',  ( -28.09678751731741642, 15.50000000000031442, 75.00000000000000000 ) ) ;
#4340 = ADVANCED_FACE ( 'NONE', ( #1189 ), #1468, .F. ) ;
#4341 = CARTESIAN_POINT ( 'NONE',  ( 33.76508041413216432, 9.216612044436066853, 68.25005803955802719 ) ) ;
#4342 = ADVANCED_FACE ( 'NONE', ( #1732 ), #2951, .F. ) ;
#4343 = CARTESIAN_POINT ( 'NONE',  ( -16.74999999999965539, 26.84678751731779656, 73.00000000000000000 ) ) ;
#4344 = ORIENTED_EDGE ( 'NONE', *, *, #282, .F. ) ;
#4345 = CARTESIAN_POINT ( 'NONE',  ( -24.03190623646072765, 25.44564309315831707, 56.26794143074935306 ) ) ;
#4346 = ORIENTED_EDGE ( 'NONE', *, *, #6522, .F. ) ;
#4347 = CARTESIAN_POINT ( 'NONE',  ( 24.63141749182864615, -24.86605022927815156, 56.74986216034435671 ) ) ;
#4348 = CIRCLE ( 'NONE', #7112, 28.00000000000000000 ) ;
#4349 = CARTESIAN_POINT ( 'NONE',  ( 33.99854031952572342, 8.313394368368374643, 70.49858126598911667 ) ) ;
#4350 = CARTESIAN_POINT ( 'NONE',  ( 9.216612044435722240, -33.76508041413225669, 54.25005803955803430 ) ) ;
#4351 = EDGE_CURVE ( 'NONE', #1547, #6374, #6496, .T. ) ;
#4352 = MECHANICAL_DESIGN_GEOMETRIC_PRESENTATION_REPRESENTATION (  '', ( #1981 ), #7099 ) ;
#4353 = SURFACE_STYLE_USAGE ( .BOTH. , #3882 ) ;
#4354 = PRESENTATION_STYLE_ASSIGNMENT (( #4975 ) ) ;
#4355 = VERTEX_POINT ( 'NONE', #4049 ) ;
#4356 = CARTESIAN_POINT ( 'NONE',  ( -34.10195339827336625, 7.877860146954801301, 55.82922580273997681 ) ) ;
#4357 = DIRECTION ( 'NONE',  ( -0.7071067811865461294, -0.7071067811865489050, 0.000000000000000000 ) ) ;
#4358 = VERTEX_POINT ( 'NONE', #5400 ) ;
#4359 = CARTESIAN_POINT ( 'NONE',  ( -25.19678751731796140, -15.49999999999937295, 75.00000000000000000 ) ) ;
#4360 = DIRECTION ( 'NONE',  ( 1.000000000000000000, 0.000000000000000000, -0.000000000000000000 ) ) ;
#4361 = EDGE_LOOP ( 'NONE', ( #5903, #7024 ) ) ;
#4362 = CARTESIAN_POINT ( 'NONE',  ( 10.26029480722873899, 33.46231238974311850, 69.49999999999936051 ) ) ;
#4363 =( NAMED_UNIT ( * ) PLANE_ANGLE_UNIT ( ) SI_UNIT ( $, .RADIAN. ) );
#4364 = EDGE_CURVE ( 'NONE', #6284, #977, #1199, .T. ) ;
#4365 = STYLED_ITEM ( 'NONE', ( #1209 ), #814 ) ;
#4366 = DIRECTION ( 'NONE',  ( 0.2588190451025214056, -0.9659258262890680902, -0.000000000000000000 ) ) ;
#4367 = VECTOR ( 'NONE', #3492, 999.9999999999998863 ) ;
#4368 = CARTESIAN_POINT ( 'NONE',  ( -33.53485719109453100, 10.02132654886048790, 54.73257693896660925 ) ) ;
#4369 = ORIENTED_EDGE ( 'NONE', *, *, #4536, .F. ) ;
#4370 = DIRECTION ( 'NONE',  ( 0.000000000000000000, 0.000000000000000000, -1.000000000000000000 ) ) ;
#4371 = ORIENTED_EDGE ( 'NONE', *, *, #3304, .F. ) ;
#4372 = DIRECTION ( 'NONE',  ( 1.000000000000000000, 0.000000000000000000, 0.000000000000000000 ) ) ;
#4373 = ORIENTED_EDGE ( 'NONE', *, *, #2494, .F. ) ;
#4374 = CARTESIAN_POINT ( 'NONE',  ( -24.51702789250635561, 24.97875607266831111, 68.28232543929560450 ) ) ;
#4375 = ORIENTED_EDGE ( 'NONE', *, *, #6011, .F. ) ;
#4376 = CARTESIAN_POINT ( 'NONE',  ( -23.87291786938546068, -25.59468177588266258, 55.17270578215241983 ) ) ;
#4377 =( LENGTH_UNIT ( ) NAMED_UNIT ( * ) SI_UNIT ( .MILLI., .METRE. ) );
#4378 = CARTESIAN_POINT ( 'NONE',  ( -25.44564309315823536, -24.03190623646082003, 56.26794143074937438 ) ) ;
#4379 = DIRECTION ( 'NONE',  ( -0.000000000000000000, -0.000000000000000000, 1.000000000000000000 ) ) ;
#4380 = ORIENTED_EDGE ( 'NONE', *, *, #2813, .T. ) ;
#4381 = DIRECTION ( 'NONE',  ( 0.000000000000000000, 0.000000000000000000, 1.000000000000000000 ) ) ;
#4382 = CARTESIAN_POINT ( 'NONE',  ( 34.10936000250269018, 7.845480241493834050, 69.49999999999936051 ) ) ;
#4383 = CARTESIAN_POINT ( 'NONE',  ( -7.117523740319341208, 26.56296022294938552, 55.49999999999999289 ) ) ;
#4384 = DIRECTION ( 'NONE',  ( -1.000000000000000000, 0.000000000000000000, 0.000000000000000000 ) ) ;
#4385 = ORIENTED_EDGE ( 'NONE', *, *, #8, .T. ) ;
#4386 = DIRECTION ( 'NONE',  ( -0.2588190451025179084, -0.9659258262890689783, 0.000000000000000000 ) ) ;
#4387 = DIRECTION ( 'NONE',  ( -0.7071067811865487940, 0.7071067811865462405, -0.000000000000000000 ) ) ;
#4388 = VERTEX_POINT ( 'NONE', #1329 ) ;
#4389 = CARTESIAN_POINT ( 'NONE',  ( 26.56296022294946368, -7.117523740319062320, 55.49999999999999289 ) ) ;
#4390 = CARTESIAN_POINT ( 'NONE',  ( -24.74873734152921401, 24.74873734152912519, 55.49999999999999289 ) ) ;
#4391 = STYLED_ITEM ( 'NONE', ( #591 ), #4979 ) ;
#4392 = VERTEX_POINT ( 'NONE', #3147 ) ;
#4393 = CARTESIAN_POINT ( 'NONE',  ( 25.44615196647967537, 24.03137496534112572, 68.73257693896664478 ) ) ;
#4394 = SURFACE_STYLE_USAGE ( .BOTH. , #2571 ) ;
#4395 = LINE ( 'NONE', #6784, #7188 ) ;
#4396 = COLOUR_RGB ( '',1.000000000000000000, 1.000000000000000000, 1.000000000000000000 ) ;
#4397 = VECTOR ( 'NONE', #1112, 1000.000000000000000 ) ;
#4398 = EDGE_CURVE ( 'NONE', #2750, #3973, #3303, .T. ) ;
#4399 = CARTESIAN_POINT ( 'NONE',  ( -33.63940933168321834, 9.665042753928311470, 54.40755231783177948 ) ) ;
#4400 = COLOUR_RGB ( '',1.000000000000000000, 1.000000000000000000, 1.000000000000000000 ) ;
#4401 = VERTEX_POINT ( 'NONE', #4359 ) ;
#4402 = CARTESIAN_POINT ( 'NONE',  ( 35.00000000000000711, 4.286263797015737285E-15, 0.000000000000000000 ) ) ;
#4403 = CARTESIAN_POINT ( 'NONE',  ( -7.931855198189997402, -11.42243243440582212, 0.000000000000000000 ) ) ;
#4404 = ORIENTED_EDGE ( 'NONE', *, *, #368, .T. ) ;
#4405 = FACE_OUTER_BOUND ( 'NONE', #596, .T. ) ;
#4406 = PRESENTATION_STYLE_ASSIGNMENT (( #3908 ) ) ;
#4407 = EDGE_CURVE ( 'NONE', #4392, #566, #4873, .T. ) ;
#4408 = CARTESIAN_POINT ( 'NONE',  ( 20.32931995911301470, 18.56155300614713966, 69.49999999999998579 ) ) ;
#4409 = CIRCLE ( 'NONE', #1580, 1.249999999999988232 ) ;
#4410 = FILL_AREA_STYLE ('',( #6797 ) ) ;
#4411 = ORIENTED_EDGE ( 'NONE', *, *, #7682, .T. ) ;
#4412 = AXIS2_PLACEMENT_3D ( 'NONE', #3982, #6380, #5080 ) ;
#4413 = FILL_AREA_STYLE_COLOUR ( '', #6577 ) ;
#4414 = AXIS2_PLACEMENT_3D ( 'NONE', #4703, #31, #4103 ) ;
#4415 = DIRECTION ( 'NONE',  ( 1.000000000000000000, 0.000000000000000000, 0.000000000000000000 ) ) ;
#4416 = CARTESIAN_POINT ( 'NONE',  ( -25.28690242411474287, -24.19888087444821068, 56.49858126598909536 ) ) ;
#4417 = PRESENTATION_LAYER_ASSIGNMENT (  '', '', ( #6786 ) ) ;
#4418 =( NAMED_UNIT ( * ) SI_UNIT ( $, .STERADIAN. ) SOLID_ANGLE_UNIT ( ) );
#4419 = PRESENTATION_STYLE_ASSIGNMENT (( #2050 ) ) ;
#4420 = ORIENTED_EDGE ( 'NONE', *, *, #1878, .T. ) ;
#4421 = CARTESIAN_POINT ( 'NONE',  ( -33.58438219073073583, -9.853558116862988214, 56.44215622177352998 ) ) ;
#4422 = CARTESIAN_POINT ( 'NONE',  ( -7.999356998381590422, 34.07365886934948662, 54.87019983082779362 ) ) ;
#4423 = AXIS2_PLACEMENT_3D ( 'NONE', #2244, #4098, #5249 ) ;
#4424 = FILL_AREA_STYLE ('',( #2058 ) ) ;
#4425 = CARTESIAN_POINT ( 'NONE',  ( 20.32931995911340550, -18.56155300614671333, 55.49999999999999289 ) ) ;
#4426 =( NAMED_UNIT ( * ) SI_UNIT ( $, .STERADIAN. ) SOLID_ANGLE_UNIT ( ) );
#4427 = ORIENTED_EDGE ( 'NONE', *, *, #5854, .F. ) ;
#4428 = EDGE_CURVE ( 'NONE', #4153, #7042, #4277, .T. ) ;
#4429 = EDGE_CURVE ( 'NONE', #1285, #3739, #2392, .T. ) ;
#4430 = CARTESIAN_POINT ( 'NONE',  ( 33.46231238974307587, -10.26029480722885445, 69.49999999999936051 ) ) ;
#4431 = CIRCLE ( 'NONE', #3809, 1.649999999999999467 ) ;
#4432 = EDGE_LOOP ( 'NONE', ( #234, #1707, #2375, #1607 ) ) ;
#4433 = SURFACE_SIDE_STYLE ('',( #2762 ) ) ;
#4434 = UNCERTAINTY_MEASURE_WITH_UNIT (LENGTH_MEASURE( 1.000000000000000082E-05 ), #4309, 'distance_accuracy_value', 'NONE');
#4435 = EDGE_LOOP ( 'NONE', ( #2424, #4369, #2347, #6312 ) ) ;
#4436 = SURFACE_SIDE_STYLE ('',( #1609 ) ) ;
#4437 = CARTESIAN_POINT ( 'NONE',  ( 34.10195339827341598, -7.877860146954561493, 55.82922580273995550 ) ) ;
#4438 = EDGE_CURVE ( 'NONE', #6925, #6555, #5437, .T. ) ;
#4439 = MECHANICAL_DESIGN_GEOMETRIC_PRESENTATION_REPRESENTATION (  '', ( #5208 ), #112 ) ;
#4440 = VERTEX_POINT ( 'NONE', #2495 ) ;
#4441 = CARTESIAN_POINT ( 'NONE',  ( -1.650000000000649614, -31.00000000000000000, 73.00000000000000000 ) ) ;
#4442 = VECTOR ( 'NONE', #2953, 1000.000000000000000 ) ;
#4443 = CARTESIAN_POINT ( 'NONE',  ( -25.28623299666299928, 24.19958127568711959, 54.50065340017644644 ) ) ;
#4444 = CIRCLE ( 'NONE', #7079, 1.249999999999987343 ) ;
#4445 = ADVANCED_FACE ( 'NONE', ( #168, #1948 ), #4321, .T. ) ;
#4446 = AXIS2_PLACEMENT_3D ( 'NONE', #1625, #2934, #3387 ) ;
#4447 =( NAMED_UNIT ( * ) SI_UNIT ( $, .STERADIAN. ) SOLID_ANGLE_UNIT ( ) );
#4448 = CARTESIAN_POINT ( 'NONE',  ( -33.46471313008104431, 10.25247436872437490, 69.33555798072744381 ) ) ;
#4449 = ORIENTED_EDGE ( 'NONE', *, *, #2254, .T. ) ;
#4450 = CARTESIAN_POINT ( 'NONE',  ( 15.50000000000003197, 26.84678751731757984, 67.50000000000000000 ) ) ;
#4451 = ORIENTED_EDGE ( 'NONE', *, *, #3555, .F. ) ;
#4452 = ADVANCED_FACE ( 'NONE', ( #5013 ), #3249, .F. ) ;
#4453 = DIRECTION ( 'NONE',  ( 0.000000000000000000, 0.000000000000000000, 1.000000000000000000 ) ) ;
#4454 = CARTESIAN_POINT ( 'NONE',  ( -1.249999999999997558, 31.00000000000000000, 67.50000000000000000 ) ) ;
#4455 = STYLED_ITEM ( 'NONE', ( #2806 ), #4210 ) ;
#4456 = CARTESIAN_POINT ( 'NONE',  ( -7.845480241500151664, 34.10936000250124778, 69.41841486166937614 ) ) ;
#4457 = CONICAL_SURFACE ( 'NONE', #1488, 1.249999999999988010, 1.029744258676646318 ) ;
#4458 = AXIS2_PLACEMENT_3D ( 'NONE', #4861, #752, #4716 ) ;
#4459 = CARTESIAN_POINT ( 'NONE',  ( 33.53523330087084986, 10.02005192283349722, 68.73126142467575050 ) ) ;
#4460 = DIRECTION ( 'NONE',  ( -0.7071067811865437980, -0.7071067811865513475, -0.000000000000000000 ) ) ;
#4461 =( NAMED_UNIT ( * ) SI_UNIT ( $, .STERADIAN. ) SOLID_ANGLE_UNIT ( ) );
#4462 = EDGE_CURVE ( 'NONE', #44, #541, #3969, .T. ) ;
#4463 = ORIENTED_EDGE ( 'NONE', *, *, #4364, .T. ) ;
#4464 = EDGE_CURVE ( 'NONE', #4608, #5852, #3308, .T. ) ;
#4465 = DIRECTION ( 'NONE',  ( -0.000000000000000000, -0.000000000000000000, -1.000000000000000000 ) ) ;
#4466 = CARTESIAN_POINT ( 'NONE',  ( -7.845480241493476115, 34.10936000250277544, 55.49999999999934630 ) ) ;
#4467 = COLOUR_RGB ( '',1.000000000000000000, 1.000000000000000000, 1.000000000000000000 ) ;
#4468 = CARTESIAN_POINT ( 'NONE',  ( 19.44543648262982671, 19.44543648263030278, 69.49999999999998579 ) ) ;
#4469 = PRESENTATION_STYLE_ASSIGNMENT (( #4353 ) ) ;
#4470 = DIRECTION ( 'NONE',  ( 0.2588190451025120797, 0.9659258262890706437, 0.000000000000000000 ) ) ;
#4471 = EDGE_LOOP ( 'NONE', ( #6881, #7630, #1371, #5204, #4332, #6613, #3905, #4306, #6896, #2251 ) ) ;
#4472 =( GEOMETRIC_REPRESENTATION_CONTEXT ( 3 ) GLOBAL_UNCERTAINTY_ASSIGNED_CONTEXT ( ( #4207 ) ) GLOBAL_UNIT_ASSIGNED_CONTEXT ( ( #6468, #1129, #2773 ) ) REPRESENTATION_CONTEXT ( 'NONE', 'WORKASPACE' ) );
#4473 = CARTESIAN_POINT ( 'NONE',  ( -34.10034052931591475, -7.884607240989488730, 69.17537727027524852 ) ) ;
#4474 = EDGE_LOOP ( 'NONE', ( #5586, #2016 ) ) ;
#4475 = B_SPLINE_CURVE_WITH_KNOTS ( 'NONE', 3,
 ( #3143, #6661, #4317, #796, #5543, #2566, #1291, #5431, #4242, #7339, #1367, #1987, #3070, #89, #835, #5587, #2450, #4356, #1904, #6736 ),
 .UNSPECIFIED., .F., .F.,
 ( 4, 2, 2, 2, 2, 2, 2, 2, 2, 4 ),
 ( 0.003908381719904424970, 0.004396818631769952579, 0.004885255543635480188, 0.005373692455501007798, 0.005862129367366535407, 0.006350566279232062149, 0.006594784735164824219, 0.006839003191097587156, 0.007327440102963128643, 0.007815877014828671865 ),
 .UNSPECIFIED. ) ;
#4476 = VECTOR ( 'NONE', #2472, 999.9999999999998863 ) ;
#4477 = EDGE_CURVE ( 'NONE', #4440, #3281, #5703, .T. ) ;
#4478 = ORIENTED_EDGE ( 'NONE', *, *, #6968, .T. ) ;
#4479 =( LENGTH_UNIT ( ) NAMED_UNIT ( * ) SI_UNIT ( .MILLI., .METRE. ) );
#4480 = FILL_AREA_STYLE_COLOUR ( '', #4066 ) ;
#4481 = ORIENTED_EDGE ( 'NONE', *, *, #5583, .F. ) ;
#4482 = CARTESIAN_POINT ( 'NONE',  ( -15.50000000000059508, -26.84678751731725654, 73.00000000000000000 ) ) ;
#4483 = CARTESIAN_POINT ( 'NONE',  ( 33.99646979411486569, -8.321337337680727586, 56.49490063177623966 ) ) ;
#4484 = DIRECTION ( 'NONE',  ( 1.000000000000000000, 0.000000000000000000, 0.000000000000000000 ) ) ;
#4485 = EDGE_LOOP ( 'NONE', ( #3955, #2763, #2027, #7534 ) ) ;
#4486 = CARTESIAN_POINT ( 'NONE',  ( 35.00000000000000711, 4.286263797015737285E-15, 52.98999999999999488 ) ) ;
#4487 = ADVANCED_FACE ( 'NONE', ( #2639 ), #5701, .F. ) ;
#4488 = CARTESIAN_POINT ( 'NONE',  ( -25.44523616284811141, 24.03233799897551393, 54.73126142467575761 ) ) ;
#4489 = VERTEX_POINT ( 'NONE', #6282 ) ;
#4490 = ORIENTED_EDGE ( 'NONE', *, *, #5742, .F. ) ;
#4491 = LINE ( 'NONE', #1506, #2796 ) ;
#4492 = ORIENTED_EDGE ( 'NONE', *, *, #3353, .F. ) ;
#4493 = CARTESIAN_POINT ( 'NONE',  ( 26.84678751731752655, -15.50000000000012612, 66.74892422621554999 ) ) ;
#4494 = EDGE_LOOP ( 'NONE', ( #1497, #2745, #1146, #5776 ) ) ;
#4495 = DIRECTION ( 'NONE',  ( 1.000000000000000000, 0.000000000000000000, 0.000000000000000000 ) ) ;
#4496 = EDGE_CURVE ( 'NONE', #76, #888, #7700, .T. ) ;
#4497 = CARTESIAN_POINT ( 'NONE',  ( -35.00000000000000711, 0.000000000000000000, 0.000000000000000000 ) ) ;
#4498 = MECHANICAL_DESIGN_GEOMETRIC_PRESENTATION_REPRESENTATION (  '', ( #5751 ), #3493 ) ;
#4499 = ORIENTED_EDGE ( 'NONE', *, *, #3555, .T. ) ;
#4500 = CARTESIAN_POINT ( 'NONE',  ( 26.84678751731786051, 15.49999999999956835, 73.00000000000000000 ) ) ;
#4501 = CARTESIAN_POINT ( 'NONE',  ( 9.791745369165642643, -33.60247514953424286, 56.49490063177623256 ) ) ;
#4502 = CARTESIAN_POINT ( 'NONE',  ( -8.324931023180662137, 26.23943641657123749, 69.49999999999998579 ) ) ;
#4503 = CARTESIAN_POINT ( 'NONE',  ( 4.336808689942017736E-13, 31.00000000000000000, 73.00000000000000000 ) ) ;
#4504 = CYLINDRICAL_SURFACE ( 'NONE', #4964, 1.249999999999997558 ) ;
#4505 = ORIENTED_EDGE ( 'NONE', *, *, #6765, .F. ) ;
#4506 = EDGE_LOOP ( 'NONE', ( #4251, #2555, #4859, #6211 ) ) ;
#4507 = CARTESIAN_POINT ( 'NONE',  ( 8.324931023180294432, 26.23943641657135473, 55.49999999999999289 ) ) ;
#4508 = CARTESIAN_POINT ( 'NONE',  ( -34.10752888537103189, -7.853453310076429439, 55.33555798072743670 ) ) ;
#4509 = FACE_OUTER_BOUND ( 'NONE', #5313, .T. ) ;
#4510 = EDGE_CURVE ( 'NONE', #6801, #4273, #3818, .T. ) ;
#4511 = DIRECTION ( 'NONE',  ( -0.9659258262890690894, 0.2588190451025179084, -0.000000000000000000 ) ) ;
#4512 = CARTESIAN_POINT ( 'NONE',  ( 33.80740392011748696, -9.058666578587894591, 55.49999999999999289 ) ) ;
#4513 = ORIENTED_EDGE ( 'NONE', *, *, #910, .T. ) ;
#4514 = CARTESIAN_POINT ( 'NONE',  ( -25.59678751731741997, 15.50000000000031442, 67.50000000000000000 ) ) ;
#4515 = ADVANCED_FACE ( 'NONE', ( #7067, #4158 ), #649, .T. ) ;
#4516 = ORIENTED_EDGE ( 'NONE', *, *, #5419, .T. ) ;
#4517 = DIRECTION ( 'NONE',  ( -1.000000000000000000, 0.000000000000000000, 0.000000000000000000 ) ) ;
#4518 = UNCERTAINTY_MEASURE_WITH_UNIT (LENGTH_MEASURE( 1.000000000000000082E-05 ), #1958, 'distance_accuracy_value', 'NONE');
#4519 = ORIENTED_EDGE ( 'NONE', *, *, #242, .F. ) ;
#4520 = CYLINDRICAL_SURFACE ( 'NONE', #2777, 1.249999999999988232 ) ;
#4521 = LINE ( 'NONE', #4611, #5462 ) ;
#4522 = ORIENTED_EDGE ( 'NONE', *, *, #3534, .T. ) ;
#4523 = FILL_AREA_STYLE ('',( #6285 ) ) ;
#4524 = CARTESIAN_POINT ( 'NONE',  ( 10.26029480722272780, -33.46231238974495881, 69.49999999999998579 ) ) ;
#4525 = CARTESIAN_POINT ( 'NONE',  ( 28.49678751731741855, -15.50000000000031442, 73.00000000000000000 ) ) ;
#4526 = ORIENTED_EDGE ( 'NONE', *, *, #2036, .T. ) ;
#4527 = CARTESIAN_POINT ( 'NONE',  ( 8.900423269452767627, 33.84981015140750316, 56.75013697141074687 ) ) ;
#4528 = ORIENTED_EDGE ( 'NONE', *, *, #85, .F. ) ;
#4529 = CIRCLE ( 'NONE', #4275, 35.00000000000000711 ) ;
#4530 = FACE_OUTER_BOUND ( 'NONE', #7377, .T. ) ;
#4531 = LINE ( 'NONE', #1577, #5316 ) ;
#4532 = VECTOR ( 'NONE', #1402, 1000.000000000000114 ) ;
#4533 = ORIENTED_EDGE ( 'NONE', *, *, #575, .T. ) ;
#4534 = DIRECTION ( 'NONE',  ( 1.000000000000000000, 0.000000000000000000, 0.000000000000000000 ) ) ;
#4535 = VECTOR ( 'NONE', #2353, 1000.000000000000000 ) ;
#4536 = EDGE_CURVE ( 'NONE', #5765, #7614, #3689, .T. ) ;
#4537 = AXIS2_PLACEMENT_3D ( 'NONE', #1647, #5317, #4006 ) ;
#4538 = CYLINDRICAL_SURFACE ( 'NONE', #726, 1.249999999999997558 ) ;
#4539 = FILL_AREA_STYLE_COLOUR ( '', #4217 ) ;
#4540 = FACE_BOUND ( 'NONE', #6816, .T. ) ;
#4541 = VECTOR ( 'NONE', #1153, 1000.000000000000000 ) ;
#4542 = CARTESIAN_POINT ( 'NONE',  ( -8.742990943867971154, 33.89075126011875483, 68.28232543929560450 ) ) ;
#4543 = VECTOR ( 'NONE', #5190, 1000.000000000000000 ) ;
#4544 = ADVANCED_FACE ( 'NONE', ( #6403 ), #5906, .T. ) ;
#4545 = CARTESIAN_POINT ( 'NONE',  ( 23.96447580921424958, -25.50897568155061634, 54.87019983082780072 ) ) ;
#4546 = CARTESIAN_POINT ( 'NONE',  ( -9.215754827261021020, -33.76531439086967623, 54.24994211835183933 ) ) ;
#4547 = CARTESIAN_POINT ( 'NONE',  ( -7.117523740319154690, -26.56296022294944237, 69.49999999999998579 ) ) ;
#4548 = DIRECTION ( 'NONE',  ( -0.7071067811865558994, 0.7071067811865391350, 0.000000000000000000 ) ) ;
#4549 = ORIENTED_EDGE ( 'NONE', *, *, #5510, .F. ) ;
#4550 = CIRCLE ( 'NONE', #1200, 1.649999999999999467 ) ;
#4551 = ORIENTED_EDGE ( 'NONE', *, *, #85, .T. ) ;
#4552 = CARTESIAN_POINT ( 'NONE',  ( -34.10936000250274702, -7.845480241493596019, 55.49999999999934630 ) ) ;
#4553 = PLANE ( 'NONE',  #1322 ) ;
#4554 = MECHANICAL_DESIGN_GEOMETRIC_PRESENTATION_REPRESENTATION (  '', ( #5941 ), #7168 ) ;
#4555 = VECTOR ( 'NONE', #7591, 1000.000000000000114 ) ;
#4556 = SURFACE_STYLE_FILL_AREA ( #6277 ) ;
#4557 = FILL_AREA_STYLE_COLOUR ( '', #2539 ) ;
#4558 = CIRCLE ( 'NONE', #2804, 30.00000000000000000 ) ;
#4559 = CARTESIAN_POINT ( 'NONE',  ( 25.57332890163093353, 23.89572836663693423, 55.09744532331460931 ) ) ;
#4560 = CIRCLE ( 'NONE', #6436, 1.649999999999998579 ) ;
#4561 = FACE_OUTER_BOUND ( 'NONE', #4435, .T. ) ;
#4562 = VERTEX_POINT ( 'NONE', #7649 ) ;
#4563 = DIRECTION ( 'NONE',  ( -0.7071067811865558994, 0.7071067811865391350, 0.000000000000000000 ) ) ;
#4564 = EDGE_CURVE ( 'NONE', #4853, #2449, #7197, .T. ) ;
#4565 = COLOUR_RGB ( '',1.000000000000000000, 1.000000000000000000, 1.000000000000000000 ) ;
#4566 = ORIENTED_EDGE ( 'NONE', *, *, #2613, .T. ) ;
#4567 = DIRECTION ( 'NONE',  ( 0.000000000000000000, -0.000000000000000000, 1.000000000000000000 ) ) ;
#4568 = ORIENTED_EDGE ( 'NONE', *, *, #4760, .F. ) ;
#4569 = DIRECTION ( 'NONE',  ( 1.000000000000000000, 0.000000000000000000, 0.000000000000000000 ) ) ;
#4570 = AXIS2_PLACEMENT_3D ( 'NONE', #373, #6338, #5786 ) ;
#4571 = FACE_OUTER_BOUND ( 'NONE', #3367, .T. ) ;
#4572 = ORIENTED_EDGE ( 'NONE', *, *, #1043, .F. ) ;
#4573 = LINE ( 'NONE', #5193, #3650 ) ;
#4574 = FACE_BOUND ( 'NONE', #789, .T. ) ;
#4575 = AXIS2_PLACEMENT_3D ( 'NONE', #7607, #1094, #517 ) ;
#4576 = ORIENTED_EDGE ( 'NONE', *, *, #178, .F. ) ;
#4577 = FILL_AREA_STYLE ('',( #412 ) ) ;
#4578 = CYLINDRICAL_SURFACE ( 'NONE', #121, 1.249999999999986677 ) ;
#4579 = CARTESIAN_POINT ( 'NONE',  ( 7.851259295726447540, 34.13092772649564921, 55.49999999999999289 ) ) ;
#4580 = CARTESIAN_POINT ( 'NONE',  ( 25.83747673555100732, -6.923131025748539891, 55.49999999999999289 ) ) ;
#4581 = CONICAL_SURFACE ( 'NONE', #2453, 1.249999999999987566, 1.029744258676643875 ) ;
#4582 = VERTEX_POINT ( 'NONE', #4122 ) ;
#4583 = LINE ( 'NONE', #380, #7232 ) ;
#4584 = DIRECTION ( 'NONE',  ( -0.9659258262890719759, 0.2588190451025066952, 0.000000000000000000 ) ) ;
#4585 = MECHANICAL_DESIGN_GEOMETRIC_PRESENTATION_REPRESENTATION (  '', ( #3198 ), #738 ) ;
#4586 = EDGE_CURVE ( 'NONE', #3125, #5826, #491, .T. ) ;
#4587 = CARTESIAN_POINT ( 'NONE',  ( 33.80740392011729512, 9.058666578588603358, 69.49999999999998579 ) ) ;
#4588 = ADVANCED_FACE ( 'NONE', ( #5272 ), #979, .F. ) ;
#4589 = SURFACE_STYLE_USAGE ( .BOTH. , #1052 ) ;
#4590 = CARTESIAN_POINT ( 'NONE',  ( 9.592190828937127378, -33.66000032175302437, 70.62377514882768992 ) ) ;
#4591 = STYLED_ITEM ( 'NONE', ( #5872 ), #7309 ) ;
#4592 = DIRECTION ( 'NONE',  ( 0.000000000000000000, 0.000000000000000000, 1.000000000000000000 ) ) ;
#4593 = ORIENTED_EDGE ( 'NONE', *, *, #6952, .T. ) ;
#4594 =( NAMED_UNIT ( * ) PLANE_ANGLE_UNIT ( ) SI_UNIT ( $, .RADIAN. ) );
#4595 = FACE_BOUND ( 'NONE', #1674, .T. ) ;
#4596 = SURFACE_STYLE_USAGE ( .BOTH. , #4745 ) ;
#4597 = CIRCLE ( 'NONE', #1971, 0.9999999999999974465 ) ;
#4598 = CIRCLE ( 'NONE', #2471, 0.9999999999999991118 ) ;
#4599 = EDGE_CURVE ( 'NONE', #6555, #6828, #4314, .T. ) ;
#4600 = CARTESIAN_POINT ( 'NONE',  ( 33.46231238974502986, -10.26029480722250398, 69.66313326947211237 ) ) ;
#4601 = DIRECTION ( 'NONE',  ( -0.5000000000000039968, -0.8660254037844363761, 0.000000000000000000 ) ) ;
#4602 = ORIENTED_EDGE ( 'NONE', *, *, #3066, .T. ) ;
#4603 = CARTESIAN_POINT ( 'NONE',  ( -8.898408164504633788, 33.85033993624914928, 56.74986216034435671 ) ) ;
#4604 = CONICAL_SURFACE ( 'NONE', #5230, 1.249999999999987343, 1.029744258676644764 ) ;
#4605 = ADVANCED_FACE ( 'NONE', ( #5825 ), #4581, .F. ) ;
#4606 = ORIENTED_EDGE ( 'NONE', *, *, #2304, .T. ) ;
#4607 = CARTESIAN_POINT ( 'NONE',  ( 26.23943641657132630, -8.324931023180392131, 69.49999999999998579 ) ) ;
#4608 = VERTEX_POINT ( 'NONE', #4607 ) ;
#4609 = CARTESIAN_POINT ( 'NONE',  ( -7.845480241499837248, -34.10936000250131173, 55.49999999999999289 ) ) ;
#4610 = MECHANICAL_DESIGN_GEOMETRIC_PRESENTATION_REPRESENTATION (  '', ( #5730 ), #4472 ) ;
#4611 = CARTESIAN_POINT ( 'NONE',  ( -25.63262081801222436, -23.86485386504613260, 69.49999999999998579 ) ) ;
#4612 = ORIENTED_EDGE ( 'NONE', *, *, #2086, .F. ) ;
#4613 = CARTESIAN_POINT ( 'NONE',  ( 7.117523740318969061, 26.56296022294948500, 55.49999999999999289 ) ) ;
#4614 = FILL_AREA_STYLE_COLOUR ( '', #5569 ) ;
#4615 = CYLINDRICAL_SURFACE ( 'NONE', #4570, 1.249999999999986899 ) ;
#4616 = STYLED_ITEM ( 'NONE', ( #7390 ), #2416 ) ;
#4617 = CARTESIAN_POINT ( 'NONE',  ( -26.84678751731741997, 15.50000000000031442, 75.00000000000000000 ) ) ;
#4618 = PRESENTATION_STYLE_ASSIGNMENT (( #4693 ) ) ;
#4619 = ADVANCED_FACE ( 'NONE', ( #6447 ), #1678, .F. ) ;
#4620 = DIRECTION ( 'NONE',  ( -0.000000000000000000, -0.000000000000000000, 1.000000000000000000 ) ) ;
#4621 = CARTESIAN_POINT ( 'NONE',  ( -23.84906519527842050, -25.61683214824503452, 69.49999999999998579 ) ) ;
#4622 = ORIENTED_EDGE ( 'NONE', *, *, #4874, .T. ) ;
#4623 = CARTESIAN_POINT ( 'NONE',  ( -6.505213034913026604E-13, -31.00000000000000000, 73.00000000000000000 ) ) ;
#4624 = CARTESIAN_POINT ( 'NONE',  ( -26.23943641657126946, 8.324931023180571543, 69.49999999999998579 ) ) ;
#4625 = FACE_OUTER_BOUND ( 'NONE', #3023, .T. ) ;
#4626 = FACE_BOUND ( 'NONE', #4361, .T. ) ;
#4627 = CARTESIAN_POINT ( 'NONE',  ( -8.315720026421939082, 33.99797689669440359, 68.49924284121851770 ) ) ;
#4628 = CARTESIAN_POINT ( 'NONE',  ( 10.26029480722272957, -33.46231238974495881, 69.66515748035298827 ) ) ;
#4629 = CARTESIAN_POINT ( 'NONE',  ( -13.85000000000059650, -26.84678751731725654, 73.00000000000000000 ) ) ;
#4630 = CARTESIAN_POINT ( 'NONE',  ( 15.49999999999984368, -26.84678751731768998, 73.00000000000000000 ) ) ;
#4631 = ORIENTED_EDGE ( 'NONE', *, *, #3542, .F. ) ;
#4632 = AXIS2_PLACEMENT_3D ( 'NONE', #5097, #3214, #3361 ) ;
#4633 = CARTESIAN_POINT ( 'NONE',  ( 9.058666578587775575, 33.80740392011751538, 55.49999999999999289 ) ) ;
#4634 = AXIS2_PLACEMENT_3D ( 'NONE', #2833, #5821, #4675 ) ;
#4635 = CARTESIAN_POINT ( 'NONE',  ( -5.910116457457830208, -26.88648402932758330, 55.49999999999999289 ) ) ;
#4636 = DIRECTION ( 'NONE',  ( 0.9702957262760018020, -0.2419218955996463027, 1.049727191138612409E-16 ) ) ;
#4637 = EDGE_LOOP ( 'NONE', ( #3142, #2805, #4720, #2209 ) ) ;
#4638 = CARTESIAN_POINT ( 'NONE',  ( 33.46231238974485223, 10.26029480722307774, 55.49999999999999289 ) ) ;
#4639 = ORIENTED_EDGE ( 'NONE', *, *, #1914, .T. ) ;
#4640 = CARTESIAN_POINT ( 'NONE',  ( -24.86458386967261447, 24.63289773148427386, 70.75013697141071134 ) ) ;
#4641 = ORIENTED_EDGE ( 'NONE', *, *, #3273, .F. ) ;
#4642 = ORIENTED_EDGE ( 'NONE', *, *, #6549, .T. ) ;
#4643 = EDGE_CURVE ( 'NONE', #5727, #4923, #4039, .T. ) ;
#4644 = CARTESIAN_POINT ( 'NONE',  ( -8.741490271134795265, -33.89113427247273336, 68.28287014335595018 ) ) ;
#4645 = CARTESIAN_POINT ( 'NONE',  ( 33.72174701653639062, -9.373723367612120327, 68.28232543929560450 ) ) ;
#4646 = LINE ( 'NONE', #2418, #1735 ) ;
#4647 = LINE ( 'NONE', #5749, #2705 ) ;
#4648 = VERTEX_POINT ( 'NONE', #1719 ) ;
#4649 = DIRECTION ( 'NONE',  ( 0.9659258262890683122, 0.2588190451025205174, 0.000000000000000000 ) ) ;
#4650 = CARTESIAN_POINT ( 'NONE',  ( -6.505213034913026604E-13, -31.00000000000000000, 75.00000000000000000 ) ) ;
#4651 = EDGE_LOOP ( 'NONE', ( #2341, #2581 ) ) ;
#4652 = CARTESIAN_POINT ( 'NONE',  ( 7.117523740319341208, -26.56296022294938552, 69.49999999999998579 ) ) ;
#4653 = CARTESIAN_POINT ( 'NONE',  ( -25.59678751731741997, 15.50000000000031442, 75.00000000000000000 ) ) ;
#4654 = ADVANCED_FACE ( 'NONE', ( #1224 ), #6042, .F. ) ;
#4655 = DIRECTION ( 'NONE',  ( -0.7071067811865461294, -0.7071067811865489050, 0.000000000000000000 ) ) ;
#4656 = DIRECTION ( 'NONE',  ( 0.000000000000000000, 0.000000000000000000, 1.000000000000000000 ) ) ;
#4657 = AXIS2_PLACEMENT_3D ( 'NONE', #6100, #2451, #6700 ) ;
#4658 = CARTESIAN_POINT ( 'NONE',  ( 23.87844043421770834, -25.58945755559281920, 55.17537727027525563 ) ) ;
#4659 = CARTESIAN_POINT ( 'NONE',  ( 10.22854968441274082, -33.47208803505523633, 69.82922580273994129 ) ) ;
#4660 = VECTOR ( 'NONE', #6617, 1000.000000000000000 ) ;
#4661 = ORIENTED_EDGE ( 'NONE', *, *, #4821, .T. ) ;
#4662 = CARTESIAN_POINT ( 'NONE',  ( 0.000000000000000000, 0.000000000000000000, 75.00000000000000000 ) ) ;
#4663 = CARTESIAN_POINT ( 'NONE',  ( 19.44543648263023883, -19.44543648262989777, 69.49999999999998579 ) ) ;
#4664 = VERTEX_POINT ( 'NONE', #2224 ) ;
#4665 = SURFACE_SIDE_STYLE ('',( #2942 ) ) ;
#4666 = AXIS2_PLACEMENT_3D ( 'NONE', #6007, #3676, #6081 ) ;
#4667 = STYLED_ITEM ( 'NONE', ( #2226 ), #5027 ) ;
#4668 = CARTESIAN_POINT ( 'NONE',  ( -24.74873734152921401, 24.74873734152912519, 55.49999999999999289 ) ) ;
#4669 = FACE_OUTER_BOUND ( 'NONE', #2605, .T. ) ;
#4670 = DIRECTION ( 'NONE',  ( 1.000000000000000000, 0.000000000000000000, 0.000000000000000000 ) ) ;
#4671 = LINE ( 'NONE', #1217, #125 ) ;
#4672 = ORIENTED_EDGE ( 'NONE', *, *, #7124, .F. ) ;
#4673 = VERTEX_POINT ( 'NONE', #5359 ) ;
#4674 = AXIS2_PLACEMENT_3D ( 'NONE', #3605, #6606, #4858 ) ;
#4675 = DIRECTION ( 'NONE',  ( -1.000000000000000000, -2.693799693929904232E-16, 0.000000000000000000 ) ) ;
#4676 = EDGE_LOOP ( 'NONE', ( #3825, #2041, #501 ) ) ;
#4677 = DIRECTION ( 'NONE',  ( -0.000000000000000000, 0.000000000000000000, 1.000000000000000000 ) ) ;
#4678 = EDGE_LOOP ( 'NONE', ( #6078, #3592, #6197, #152 ) ) ;
#4679 = DIRECTION ( 'NONE',  ( 1.000000000000000000, 0.000000000000000000, 0.000000000000000000 ) ) ;
#4680 = EDGE_CURVE ( 'NONE', #7366, #145, #15, .T. ) ;
#4681 = ORIENTED_EDGE ( 'NONE', *, *, #635, .F. ) ;
#4682 = EDGE_CURVE ( 'NONE', #2217, #717, #5299, .T. ) ;
#4683 = CARTESIAN_POINT ( 'NONE',  ( 26.84678751731786051, 15.49999999999956835, 73.00000000000000000 ) ) ;
#4684 = EDGE_LOOP ( 'NONE', ( #4750, #724, #6779 ) ) ;
#4685 = DIRECTION ( 'NONE',  ( 1.000000000000000000, 0.000000000000000000, 0.000000000000000000 ) ) ;
#4686 = CARTESIAN_POINT ( 'NONE',  ( -9.373723367612232238, -33.72174701653636930, 68.28232543929560450 ) ) ;
#4687 = AXIS2_PLACEMENT_3D ( 'NONE', #3880, #5050, #5620 ) ;
#4688 = CARTESIAN_POINT ( 'NONE',  ( 7.117523740318969061, 26.56296022294948500, 69.49999999999998579 ) ) ;
#4689 = EDGE_LOOP ( 'NONE', ( #5739, #544, #4346, #5008 ) ) ;
#4690 = AXIS2_PLACEMENT_3D ( 'NONE', #6021, #7297, #6099 ) ;
#4691 = CARTESIAN_POINT ( 'NONE',  ( 9.218922444420277529, 33.76445839378312286, 56.74986216034437092 ) ) ;
#4692 = CARTESIAN_POINT ( 'NONE',  ( -8.453225370535250249, -33.96391606373715177, 70.58541951627358912 ) ) ;
#4693 = SURFACE_STYLE_USAGE ( .BOTH. , #2311 ) ;
#4694 = COLOUR_RGB ( '',1.000000000000000000, 1.000000000000000000, 1.000000000000000000 ) ;
#4695 = EDGE_CURVE ( 'NONE', #3815, #687, #6899, .T. ) ;
#4696 = EDGE_LOOP ( 'NONE', ( #5389, #7647, #3232 ) ) ;
#4697 = CARTESIAN_POINT ( 'NONE',  ( 25.50880471513528747, -23.96465706155792574, 70.12992980600229487 ) ) ;
#4698 =( NAMED_UNIT ( * ) PLANE_ANGLE_UNIT ( ) SI_UNIT ( $, .RADIAN. ) );
#4699 = LINE ( 'NONE', #6499, #2679 ) ;
#4700 = EDGE_CURVE ( 'NONE', #7062, #494, #7037, .T. ) ;
#4701 = CARTESIAN_POINT ( 'NONE',  ( -26.23943641657120196, -8.324931023180758061, 69.49999999999998579 ) ) ;
#4702 = VECTOR ( 'NONE', #7688, 1000.000000000000000 ) ;
#4703 = CARTESIAN_POINT ( 'NONE',  ( 26.84678751731753010, -15.50000000000012612, 67.50000000000000000 ) ) ;
#4704 = CARTESIAN_POINT ( 'NONE',  ( -26.23943641657120196, -8.324931023180754508, 69.49999999999998579 ) ) ;
#4705 = VERTEX_POINT ( 'NONE', #1323 ) ;
#4706 = FILL_AREA_STYLE ('',( #7512 ) ) ;
#4707 = CARTESIAN_POINT ( 'NONE',  ( 14.25000000000003375, 26.84678751731757984, 67.50000000000000000 ) ) ;
#4708 = DIRECTION ( 'NONE',  ( -1.000000000000000000, 0.000000000000000000, 0.000000000000000000 ) ) ;
#4709 = AXIS2_PLACEMENT_3D ( 'NONE', #7199, #3047, #1848 ) ;
#4710 = DIRECTION ( 'NONE',  ( 0.2588190451025260130, -0.9659258262890668689, 0.000000000000000000 ) ) ;
#4711 = CONICAL_SURFACE ( 'NONE', #1336, 1.249999999999997558, 1.029744258676648538 ) ;
#4712 = CARTESIAN_POINT ( 'NONE',  ( 0.000000000000000000, 0.000000000000000000, 76.00000000000000000 ) ) ;
#4713 = VECTOR ( 'NONE', #1151, 1000.000000000000000 ) ;
#4714 = EDGE_CURVE ( 'NONE', #1832, #5826, #7292, .T. ) ;
#4715 = ORIENTED_EDGE ( 'NONE', *, *, #2878, .T. ) ;
#4716 = DIRECTION ( 'NONE',  ( 0.9659258262890676461, 0.2588190451025230709, 0.000000000000000000 ) ) ;
#4717 = EDGE_CURVE ( 'NONE', #1373, #2801, #196, .T. ) ;
#4718 = VECTOR ( 'NONE', #5518, 1000.000000000000000 ) ;
#4719 = CARTESIAN_POINT ( 'NONE',  ( -33.80740392011735906, -9.058666578588368878, 55.49999999999999289 ) ) ;
#4720 = ORIENTED_EDGE ( 'NONE', *, *, #6492, .T. ) ;
#4721 = AXIS2_PLACEMENT_3D ( 'NONE', #7061, #43, #2405 ) ;
#4722 = ORIENTED_EDGE ( 'NONE', *, *, #5628, .F. ) ;
#4723 = VECTOR ( 'NONE', #578, 1000.000000000000000 ) ;
#4724 = DIRECTION ( 'NONE',  ( -0.2588190451025144112, -0.9659258262890699775, -0.000000000000000000 ) ) ;
#4725 = DIRECTION ( 'NONE',  ( -0.000000000000000000, -0.000000000000000000, 1.000000000000000000 ) ) ;
#4726 = CARTESIAN_POINT ( 'NONE',  ( 13.85000000000040821, 26.84678751731736313, 75.00000000000000000 ) ) ;
#4727 = AXIS2_PLACEMENT_3D ( 'NONE', #5804, #7127, #3627 ) ;
#4728 = EDGE_LOOP ( 'NONE', ( #782, #1558 ) ) ;
#4729 = LINE ( 'NONE', #1726, #3537 ) ;
#4730 = CARTESIAN_POINT ( 'NONE',  ( -9.215754827261031679, -33.76531439086968334, 68.24994211835186775 ) ) ;
#4731 = CARTESIAN_POINT ( 'NONE',  ( 33.96503105473753692, -8.449810642010501027, 68.40752953715787044 ) ) ;
#4732 = VERTEX_POINT ( 'NONE', #4867 ) ;
#4733 = ORIENTED_EDGE ( 'NONE', *, *, #575, .F. ) ;
#4734 = CARTESIAN_POINT ( 'NONE',  ( -13.84999999999965858, 26.84678751731779656, 73.00000000000000000 ) ) ;
#4735 = CARTESIAN_POINT ( 'NONE',  ( -33.94651078449908255, 8.522919225068767091, 70.62377514882766150 ) ) ;
#4736 = DIRECTION ( 'NONE',  ( 0.2588190451025214611, -0.9659258262890682012, -0.000000000000000000 ) ) ;
#4737 = ORIENTED_EDGE ( 'NONE', *, *, #2028, .F. ) ;
#4738 = AXIS2_PLACEMENT_3D ( 'NONE', #7238, #3669, #6077 ) ;
#4739 = DIRECTION ( 'NONE',  ( 1.000000000000000000, 0.000000000000000000, 0.000000000000000000 ) ) ;
#4740 = CARTESIAN_POINT ( 'NONE',  ( -28.09678751731741642, 15.50000000000031442, 73.00000000000000000 ) ) ;
#4741 = CARTESIAN_POINT ( 'NONE',  ( -26.84678751731742352, 15.50000000000031442, 66.74892422621554999 ) ) ;
#4742 = CARTESIAN_POINT ( 'NONE',  ( 34.10205473297583012, 7.877419812030158397, 55.82754978985014560 ) ) ;
#4743 = ORIENTED_EDGE ( 'NONE', *, *, #1939, .T. ) ;
#4744 = FILL_AREA_STYLE ('',( #2367 ) ) ;
#4745 = SURFACE_SIDE_STYLE ('',( #2215 ) ) ;
#4746 = CARTESIAN_POINT ( 'NONE',  ( -1.650000000000649614, -31.00000000000000000, 73.00000000000000000 ) ) ;
#4747 = DIRECTION ( 'NONE',  ( 1.000000000000000000, 0.000000000000000000, 0.000000000000000000 ) ) ;
#4748 = COLOUR_RGB ( '',1.000000000000000000, 1.000000000000000000, 1.000000000000000000 ) ;
#4749 = PRESENTATION_STYLE_ASSIGNMENT (( #2874 ) ) ;
#4750 = ORIENTED_EDGE ( 'NONE', *, *, #207, .F. ) ;
#4751 = CARTESIAN_POINT ( 'NONE',  ( -9.373345539945246330, 33.72185314637117415, 56.71781442879142077 ) ) ;
#4752 = EDGE_CURVE ( 'NONE', #2191, #5439, #5418, .T. ) ;
#4753 = CONICAL_SURFACE ( 'NONE', #2387, 1.249999999999987788, 1.029744258676644986 ) ;
#4754 = CARTESIAN_POINT ( 'NONE',  ( -23.96402182591192798, 25.50940096970254345, 70.12841670645252634 ) ) ;
#4755 = UNCERTAINTY_MEASURE_WITH_UNIT (LENGTH_MEASURE( 1.000000000000000082E-05 ), #7337, 'distance_accuracy_value', 'NONE');
#4756 = ORIENTED_EDGE ( 'NONE', *, *, #7406, .T. ) ;
#4757 = DIRECTION ( 'NONE',  ( 0.7071067811865536790, -0.7071067811865412445, -0.000000000000000000 ) ) ;
#4758 = CARTESIAN_POINT ( 'NONE',  ( 24.35431995556164253, 25.13708109668446866, 70.62377514882766150 ) ) ;
#4759 = DIRECTION ( 'NONE',  ( 1.000000000000000000, 2.693799693929904232E-16, 0.000000000000000000 ) ) ;
#4760 = EDGE_CURVE ( 'NONE', #2332, #448, #6131, .T. ) ;
#4761 = FACE_BOUND ( 'NONE', #4474, .T. ) ;
#4762 = EDGE_LOOP ( 'NONE', ( #3506, #3126, #3060 ) ) ;
#4763 = CARTESIAN_POINT ( 'NONE',  ( 23.87307303998081665, -25.59453581398939193, 69.82754978985012428 ) ) ;
#4764 = CARTESIAN_POINT ( 'NONE',  ( -25.19678751731742139, 15.50000000000031442, 73.00000000000000000 ) ) ;
#4765 = ORIENTED_EDGE ( 'NONE', *, *, #1283, .F. ) ;
#4766 = DIRECTION ( 'NONE',  ( -0.000000000000000000, -1.000000000000000000, -0.000000000000000000 ) ) ;
#4767 = CARTESIAN_POINT ( 'NONE',  ( -25.50885884114110169, 23.96460021427149911, 54.86992887182174172 ) ) ;
#4768 = CARTESIAN_POINT ( 'NONE',  ( 13.85000000000040821, 26.84678751731736313, 73.00000000000000000 ) ) ;
#4769 = CARTESIAN_POINT ( 'NONE',  ( -7.851259295726685572, -34.13092772649559947, 55.49999999999999289 ) ) ;
#4770 = EDGE_CURVE ( 'NONE', #219, #6400, #7150, .T. ) ;
#4771 = FACE_OUTER_BOUND ( 'NONE', #4902, .T. ) ;
#4772 = CARTESIAN_POINT ( 'NONE',  ( 23.96447580921423182, -25.50897568155060924, 68.87019983082780072 ) ) ;
#4773 = ORIENTED_EDGE ( 'NONE', *, *, #6602, .T. ) ;
#4774 = CARTESIAN_POINT ( 'NONE',  ( 33.89113427247276178, -8.741490271134674472, 54.28287014335593597 ) ) ;
#4775 = FACE_OUTER_BOUND ( 'NONE', #7494, .T. ) ;
#4776 = CARTESIAN_POINT ( 'NONE',  ( -34.13092772649557105, 7.851259295726807252, 55.49999999999999289 ) ) ;
#4777 = EDGE_CURVE ( 'NONE', #1781, #3329, #46, .T. ) ;
#4778 =( GEOMETRIC_REPRESENTATION_CONTEXT ( 3 ) GLOBAL_UNCERTAINTY_ASSIGNED_CONTEXT ( ( #6024 ) ) GLOBAL_UNIT_ASSIGNED_CONTEXT ( ( #3228, #6181, #4447 ) ) REPRESENTATION_CONTEXT ( 'NONE', 'WORKASPACE' ) );
#4779 = FACE_OUTER_BOUND ( 'NONE', #5096, .T. ) ;
#4780 = CIRCLE ( 'NONE', #3532, 35.00000000000000711 ) ;
#4781 = CARTESIAN_POINT ( 'NONE',  ( 26.56296022294946368, -7.117523740319062320, 55.49999999999999289 ) ) ;
#4782 = PRESENTATION_STYLE_ASSIGNMENT (( #6010 ) ) ;
#4783 = DIRECTION ( 'NONE',  ( -0.2588190451025315642, 0.9659258262890653146, 0.000000000000000000 ) ) ;
#4784 = ORIENTED_EDGE ( 'NONE', *, *, #6860, .T. ) ;
#4785 = ORIENTED_EDGE ( 'NONE', *, *, #4599, .T. ) ;
#4786 = AXIS2_PLACEMENT_3D ( 'NONE', #2415, #7074, #5876 ) ;
#4787 = DIRECTION ( 'NONE',  ( -0.9659258262890673130, -0.2588190451025248473, -0.000000000000000000 ) ) ;
#4788 = COLOUR_RGB ( '',1.000000000000000000, 1.000000000000000000, 1.000000000000000000 ) ;
#4789 = AXIS2_PLACEMENT_3D ( 'NONE', #4587, #2699, #6388 ) ;
#4790 = LINE ( 'NONE', #1724, #504 ) ;
#4791 = ORIENTED_EDGE ( 'NONE', *, *, #686, .F. ) ;
#4792 = CARTESIAN_POINT ( 'NONE',  ( -9.797363654706600755, -33.60097168302480952, 68.49924284121851770 ) ) ;
#4793 = EDGE_CURVE ( 'NONE', #4336, #1005, #4898, .T. ) ;
#4794 = LINE ( 'NONE', #7184, #2417 ) ;
#4795 = AXIS2_PLACEMENT_3D ( 'NONE', #4878, #1334, #4739 ) ;
#4796 = AXIS2_PLACEMENT_3D ( 'NONE', #1193, #6564, #3007 ) ;
#4797 = AXIS2_PLACEMENT_3D ( 'NONE', #6910, #2687, #1576 ) ;
#4798 = CARTESIAN_POINT ( 'NONE',  ( -10.26029480722261944, -33.46231238974500855, 69.66313326947209816 ) ) ;
#4799 = VECTOR ( 'NONE', #598, 1000.000000000000114 ) ;
#4800 = ORIENTED_EDGE ( 'NONE', *, *, #3045, .T. ) ;
#4801 = EDGE_CURVE ( 'NONE', #7434, #391, #1398, .T. ) ;
#4802 = CARTESIAN_POINT ( 'NONE',  ( -26.88648402932750869, -5.910116457458112649, 55.49999999999999289 ) ) ;
#4803 = CARTESIAN_POINT ( 'NONE',  ( -8.315865184521719300, -10.63467847341231831, 0.000000000000000000 ) ) ;
#4804 = AXIS2_PLACEMENT_3D ( 'NONE', #4977, #4903, #4386 ) ;
#4805 = ADVANCED_FACE ( 'NONE', ( #83 ), #2042, .F. ) ;
#4806 = ORIENTED_EDGE ( 'NONE', *, *, #2959, .F. ) ;
#4807 = SURFACE_STYLE_FILL_AREA ( #2427 ) ;
#4808 = CIRCLE ( 'NONE', #5824, 30.00000000000000000 ) ;
#4809 = LINE ( 'NONE', #57, #984 ) ;
#4810 = DIRECTION ( 'NONE',  ( 1.000000000000000000, 0.000000000000000000, 0.000000000000000000 ) ) ;
#4811 = DIRECTION ( 'NONE',  ( -0.2588190451025144112, -0.9659258262890700886, -0.000000000000000000 ) ) ;
#4812 = MECHANICAL_DESIGN_GEOMETRIC_PRESENTATION_REPRESENTATION (  '', ( #6931 ), #3560 ) ;
#4813 = ORIENTED_EDGE ( 'NONE', *, *, #1479, .F. ) ;
#4814 = CARTESIAN_POINT ( 'NONE',  ( -23.14298219578689952, 4.080732175172792964, -14.84999999999999964 ) ) ;
#4815 = ORIENTED_EDGE ( 'NONE', *, *, #5288, .F. ) ;
#4816 = STYLED_ITEM ( 'NONE', ( #4782 ), #6630 ) ;
#4817 = CARTESIAN_POINT ( 'NONE',  ( 34.07361988511528494, -7.999523156526287870, 54.86992887182175593 ) ) ;
#4818 = B_SPLINE_CURVE_WITH_KNOTS ( 'NONE', 3,
 ( #3898, #7384, #1955, #4953, #174, #6709, #1380, #2034, #3738, #808, #1999, #4399, #5637, #4368, #6745, #1411, #3380, #4092, #5790, #5117 ),
 .UNSPECIFIED., .F., .F.,
 ( 4, 2, 2, 2, 2, 2, 2, 2, 2, 4 ),
 ( 0.000000000000000000, 0.0004885477149880507360, 0.0009770954299761014719, 0.001465643144964152208, 0.001954190859952202944, 0.002442738574940253246, 0.002931286289928304416, 0.003419834004916355152, 0.003664107862410390277, 0.003908381719904424970 ),
 .UNSPECIFIED. ) ;
#4819 = DIRECTION ( 'NONE',  ( 0.2588190451025214611, -0.9659258262890682012, -0.000000000000000000 ) ) ;
#4820 = EDGE_CURVE ( 'NONE', #1462, #190, #4780, .T. ) ;
#4821 = EDGE_CURVE ( 'NONE', #6262, #2952, #4149, .T. ) ;
#4822 = PRESENTATION_STYLE_ASSIGNMENT (( #1347 ) ) ;
#4823 = FACE_BOUND ( 'NONE', #1879, .T. ) ;
#4824 = EDGE_LOOP ( 'NONE', ( #1477, #6256, #3258, #3173, #6274 ) ) ;
#4825 = SURFACE_STYLE_FILL_AREA ( #1248 ) ;
#4826 = DIRECTION ( 'NONE',  ( 0.000000000000000000, 0.000000000000000000, 1.000000000000000000 ) ) ;
#4827 = FACE_OUTER_BOUND ( 'NONE', #2130, .T. ) ;
#4828 = ORIENTED_EDGE ( 'NONE', *, *, #5129, .F. ) ;
#4829 = ORIENTED_EDGE ( 'NONE', *, *, #1056, .T. ) ;
#4830 = DIRECTION ( 'NONE',  ( 1.051347561198065757E-14, 1.000000000000000000, 0.000000000000000000 ) ) ;
#4831 = EDGE_CURVE ( 'NONE', #190, #4301, #96, .T. ) ;
#4832 = EDGE_LOOP ( 'NONE', ( #5018, #4420, #3013 ) ) ;
#4833 = CARTESIAN_POINT ( 'NONE',  ( -25.18700143793101986, 24.30266594666734647, 70.58541951627360334 ) ) ;
#4834 = UNCERTAINTY_MEASURE_WITH_UNIT (LENGTH_MEASURE( 1.000000000000000082E-05 ), #5471, 'distance_accuracy_value', 'NONE');
#4835 = CARTESIAN_POINT ( 'NONE',  ( 32.25000000000000000, -1.082359215041371340E-13, 67.50000000000000000 ) ) ;
#4836 = VERTEX_POINT ( 'NONE', #3513 ) ;
#4837 = CARTESIAN_POINT ( 'NONE',  ( -15.49999999999965716, 26.84678751731779656, 67.50000000000000000 ) ) ;
#4838 = DIRECTION ( 'NONE',  ( -0.000000000000000000, 0.000000000000000000, 1.000000000000000000 ) ) ;
#4839 = EDGE_CURVE ( 'NONE', #1478, #3813, #7636, .T. ) ;
#4840 = CARTESIAN_POINT ( 'NONE',  ( 24.20472442494885357, 25.28113781185349040, 56.49490063177621835 ) ) ;
#4841 = AXIS2_PLACEMENT_3D ( 'NONE', #3963, #5055, #2374 ) ;
#4842 = LINE ( 'NONE', #7089, #6646 ) ;
#4843 = DIRECTION ( 'NONE',  ( 0.9659258262890698665, -0.2588190451025149663, 0.000000000000000000 ) ) ;
#4844 = CARTESIAN_POINT ( 'NONE',  ( 33.47195562601950058, -10.22898169299499571, 55.82754978985011007 ) ) ;
#4845 = EDGE_LOOP ( 'NONE', ( #1381, #7258, #6368, #7699 ) ) ;
#4846 = DIRECTION ( 'NONE',  ( 0.7071067811865388020, 0.7071067811865563435, -0.000000000000000000 ) ) ;
#4847 = EDGE_CURVE ( 'NONE', #1612, #2109, #5477, .T. ) ;
#4848 = CARTESIAN_POINT ( 'NONE',  ( 23.86485386504567785, 25.63262081801263648, 55.49999999999999289 ) ) ;
#4849 =( NAMED_UNIT ( * ) SI_UNIT ( $, .STERADIAN. ) SOLID_ANGLE_UNIT ( ) );
#4850 = CARTESIAN_POINT ( 'NONE',  ( -10.03622104370420587, 9.029078976391161859, -12.34999999999999964 ) ) ;
#4851 = EDGE_LOOP ( 'NONE', ( #5945, #4236 ) ) ;
#4852 = DIRECTION ( 'NONE',  ( 0.9659258262890708657, -0.2588190451025111360, -0.000000000000000000 ) ) ;
#4853 = VERTEX_POINT ( 'NONE', #2283 ) ;
#4854 = DIRECTION ( 'NONE',  ( 0.000000000000000000, 0.000000000000000000, -1.000000000000000000 ) ) ;
#4855 = CYLINDRICAL_SURFACE ( 'NONE', #5312, 1.249999999999988676 ) ;
#4856 = AXIS2_PLACEMENT_3D ( 'NONE', #1275, #6034, #332 ) ;
#4857 = CARTESIAN_POINT ( 'NONE',  ( 14.00000000000000888, 0.000000000000000000, 58.39999999999999147 ) ) ;
#4858 = DIRECTION ( 'NONE',  ( 0.2588190451025260130, -0.9659258262890668689, 0.000000000000000000 ) ) ;
#4859 = ORIENTED_EDGE ( 'NONE', *, *, #4351, .T. ) ;
#4860 = CARTESIAN_POINT ( 'NONE',  ( -9.799659445077537612, -33.60029679248291501, 56.49858126598912378 ) ) ;
#4861 = CARTESIAN_POINT ( 'NONE',  ( 9.058666578588249862, -33.80740392011739459, 69.49999999999998579 ) ) ;
#4862 = LINE ( 'NONE', #6013, #2227 ) ;
#4863 = EDGE_LOOP ( 'NONE', ( #6974, #4641, #444, #6744 ) ) ;
#4864 = ORIENTED_EDGE ( 'NONE', *, *, #1699, .F. ) ;
#4865 = CARTESIAN_POINT ( 'NONE',  ( 24.29905735647527720, -25.19084476727084265, 56.59162368380860642 ) ) ;
#4866 = DIRECTION ( 'NONE',  ( 0.000000000000000000, 0.000000000000000000, 1.000000000000000000 ) ) ;
#4867 = CARTESIAN_POINT ( 'NONE',  ( 5.910116457457639250, 26.88648402932761883, 69.49999999999998579 ) ) ;
#4868 = FILL_AREA_STYLE_COLOUR ( '', #5214 ) ;
#4869 = ORIENTED_EDGE ( 'NONE', *, *, #5525, .T. ) ;
#4870 =( LENGTH_UNIT ( ) NAMED_UNIT ( * ) SI_UNIT ( .MILLI., .METRE. ) );
#4871 = CARTESIAN_POINT ( 'NONE',  ( -33.96510442650512118, -8.449532112277013951, 68.40755231783180079 ) ) ;
#4872 = MECHANICAL_DESIGN_GEOMETRIC_PRESENTATION_REPRESENTATION (  '', ( #6991 ), #2501 ) ;
#4873 = LINE ( 'NONE', #6740, #619 ) ;
#4874 = EDGE_CURVE ( 'NONE', #5638, #4440, #3732, .T. ) ;
#4875 = CARTESIAN_POINT ( 'NONE',  ( 8.258759448495343491, 34.01170720601007247, 70.44215622177352998 ) ) ;
#4876 = CARTESIAN_POINT ( 'NONE',  ( -25.83747673555090429, -6.923131025748900491, 55.49999999999999289 ) ) ;
#4877 = ORIENTED_EDGE ( 'NONE', *, *, #2858, .T. ) ;
#4878 = CARTESIAN_POINT ( 'NONE',  ( 15.49999999999984368, -26.84678751731768998, 75.00000000000000000 ) ) ;
#4879 = FACE_OUTER_BOUND ( 'NONE', #2222, .T. ) ;
#4880 = FILL_AREA_STYLE_COLOUR ( '', #2061 ) ;
#4881 = CARTESIAN_POINT ( 'NONE',  ( 14.00000000000000888, 0.000000000000000000, 58.50000000000000711 ) ) ;
#4882 = ORIENTED_EDGE ( 'NONE', *, *, #1137, .T. ) ;
#4883 = CARTESIAN_POINT ( 'NONE',  ( 24.63374261563096823, -24.86373499089190631, 68.24994211835186775 ) ) ;
#4884 = VERTEX_POINT ( 'NONE', #6665 ) ;
#4885 = EDGE_CURVE ( 'NONE', #399, #5839, #3651, .T. ) ;
#4886 = DIRECTION ( 'NONE',  ( 0.000000000000000000, -0.000000000000000000, 1.000000000000000000 ) ) ;
#4887 = CARTESIAN_POINT ( 'NONE',  ( -34.05252645253749222, -8.089419755561600311, 70.26794143074937438 ) ) ;
#4888 = CARTESIAN_POINT ( 'NONE',  ( -34.93694319770979462, -2.100000000000003642, 66.19999999999998863 ) ) ;
#4889 = CARTESIAN_POINT ( 'NONE',  ( 1.249999999999998002, 31.00000000000000000, 73.00000000000000000 ) ) ;
#4890 = EDGE_LOOP ( 'NONE', ( #5197, #577 ) ) ;
#4891 = CARTESIAN_POINT ( 'NONE',  ( -7.877860146954677845, -34.10195339827338046, 55.82922580273994839 ) ) ;
#4892 = CARTESIAN_POINT ( 'NONE',  ( 26.84678751731753010, -15.50000000000012612, 75.00000000000000000 ) ) ;
#4893 = ORIENTED_EDGE ( 'NONE', *, *, #5287, .T. ) ;
#4894 = CARTESIAN_POINT ( 'NONE',  ( 19.44543648262982671, 19.44543648263030278, 55.49999999999999289 ) ) ;
#4895 = ORIENTED_EDGE ( 'NONE', *, *, #2494, .T. ) ;
#4896 = CARTESIAN_POINT ( 'NONE',  ( 24.03190623646090174, -25.44564309315815009, 56.26794143074935306 ) ) ;
#4897 = CARTESIAN_POINT ( 'NONE',  ( 33.76500713912567164, 9.216912419923433575, 70.75013697141073976 ) ) ;
#4898 = LINE ( 'NONE', #3028, #4905 ) ;
#4899 = UNCERTAINTY_MEASURE_WITH_UNIT (LENGTH_MEASURE( 1.000000000000000082E-05 ), #7180, 'distance_accuracy_value', 'NONE');
#4900 = EDGE_CURVE ( 'NONE', #346, #2296, #7263, .T. ) ;
#4901 = CARTESIAN_POINT ( 'NONE',  ( -15.50000000000022027, -26.84678751731747326, 75.00000000000000000 ) ) ;
#4902 = EDGE_LOOP ( 'NONE', ( #582, #1306, #3460 ) ) ;
#4903 = DIRECTION ( 'NONE',  ( -0.9659258262890692004, 0.2588190451025179084, -0.000000000000000000 ) ) ;
#4904 = VECTOR ( 'NONE', #5707, 999.9999999999998863 ) ;
#4905 = VECTOR ( 'NONE', #6656, 1000.000000000000000 ) ;
#4906 = DIRECTION ( 'NONE',  ( 0.000000000000000000, 0.000000000000000000, 1.000000000000000000 ) ) ;
#4907 = EDGE_LOOP ( 'NONE', ( #3370, #4969, #441 ) ) ;
#4908 = CARTESIAN_POINT ( 'NONE',  ( -7.999599450723740901, -34.07360143426239318, 70.12992980600230908 ) ) ;
#4909 = EDGE_CURVE ( 'NONE', #3903, #5863, #3656, .T. ) ;
#4910 = MECHANICAL_DESIGN_GEOMETRIC_PRESENTATION_REPRESENTATION (  '', ( #6050 ), #6654 ) ;
#4911 = EDGE_CURVE ( 'NONE', #3640, #7131, #4842, .T. ) ;
#4912 = STYLED_ITEM ( 'NONE', ( #7611 ), #5154 ) ;
#4913 = CARTESIAN_POINT ( 'NONE',  ( -25.19678751731742139, 15.50000000000031442, 75.00000000000000000 ) ) ;
#4914 = CARTESIAN_POINT ( 'NONE',  ( 9.666382833009048881, 33.63902334235820035, 70.59162368380859220 ) ) ;
#4915 = SURFACE_STYLE_FILL_AREA ( #3192 ) ;
#4916 = CARTESIAN_POINT ( 'NONE',  ( 26.84678751731786051, 15.49999999999956835, 75.00000000000000000 ) ) ;
#4917 = AXIS2_PLACEMENT_3D ( 'NONE', #2038, #5560, #920 ) ;
#4918 = EDGE_CURVE ( 'NONE', #5358, #391, #3266, .T. ) ;
#4919 = VECTOR ( 'NONE', #6653, 999.9999999999998863 ) ;
#4920 = CARTESIAN_POINT ( 'NONE',  ( -17.14298219578689952, 4.080732175172793852, -12.34999999999999964 ) ) ;
#4921 = AXIS2_PLACEMENT_3D ( 'NONE', #26, #3508, #4173 ) ;
#4922 = LINE ( 'NONE', #2578, #6061 ) ;
#4923 = VERTEX_POINT ( 'NONE', #4913 ) ;
#4924 = CARTESIAN_POINT ( 'NONE',  ( -24.51730871747290763, -24.97848192922785771, 70.71781442879142787 ) ) ;
#4925 = CONICAL_SURFACE ( 'NONE', #2561, 1.249999999999987343, 1.029744258676644986 ) ;
#4926 = CARTESIAN_POINT ( 'NONE',  ( 32.25000000000000000, -1.082359215041371340E-13, 67.50000000000000000 ) ) ;
#4927 = EDGE_CURVE ( 'NONE', #787, #3125, #5438, .T. ) ;
#4928 = CYLINDRICAL_SURFACE ( 'NONE', #4789, 1.249999999999987121 ) ;
#4929 = MECHANICAL_DESIGN_GEOMETRIC_PRESENTATION_REPRESENTATION (  '', ( #2794 ), #1945 ) ;
#4930 = CYLINDRICAL_SURFACE ( 'NONE', #4213, 1.250000000000001110 ) ;
#4931 = CARTESIAN_POINT ( 'NONE',  ( 26.56296022294946368, -7.117523740319062320, 69.49999999999998579 ) ) ;
#4932 = VECTOR ( 'NONE', #2100, 1000.000000000000227 ) ;
#4933 = CARTESIAN_POINT ( 'NONE',  ( -24.51573417385841225, 24.98002454800080585, 56.71716962019198860 ) ) ;
#4934 = ORIENTED_EDGE ( 'NONE', *, *, #6763, .F. ) ;
#4935 = DIRECTION ( 'NONE',  ( -0.8571673007021095581, 1.049727191138615244E-16, 0.5150380749100587074 ) ) ;
#4936 = LINE ( 'NONE', #720, #7052 ) ;
#4937 = CARTESIAN_POINT ( 'NONE',  ( -25.44499185062866076, 24.03259720677960942, 70.26921617977552614 ) ) ;
#4938 = EDGE_CURVE ( 'NONE', #1373, #2519, #4529, .T. ) ;
#4939 = EDGE_CURVE ( 'NONE', #5463, #1903, #3907, .T. ) ;
#4940 =( NAMED_UNIT ( * ) SI_UNIT ( $, .STERADIAN. ) SOLID_ANGLE_UNIT ( ) );
#4941 = SURFACE_SIDE_STYLE ('',( #1984 ) ) ;
#4942 = ORIENTED_EDGE ( 'NONE', *, *, #5510, .T. ) ;
#4943 = CARTESIAN_POINT ( 'NONE',  ( 8.324931023180294432, 26.23943641657135473, 69.49999999999998579 ) ) ;
#4944 = CARTESIAN_POINT ( 'NONE',  ( 18.56155300614707215, -20.32931995911307865, 69.49999999999998579 ) ) ;
#4945 = ORIENTED_EDGE ( 'NONE', *, *, #4801, .F. ) ;
#4946 = COLOUR_RGB ( '',1.000000000000000000, 1.000000000000000000, 1.000000000000000000 ) ;
#4947 = CARTESIAN_POINT ( 'NONE',  ( 24.98002454800053940, 24.51573417385866804, 56.71716962019198860 ) ) ;
#4948 = B_SPLINE_CURVE_WITH_KNOTS ( 'NONE', 3,
 ( #5875, #7624, #7031, #3500, #7148, #4164, #617, #4644, #7116, #4730, #4686, #2919, #4792, #1727, #5321, #7182, #2306, #20, #6556, #1228 ),
 .UNSPECIFIED., .F., .F.,
 ( 4, 2, 2, 2, 2, 2, 2, 2, 2, 4 ),
 ( 0.000000000000000000, 0.0004885477149880597348, 0.0009770954299761194697, 0.001465643144964179313, 0.001954190859952238939, 0.002442738574940298783, 0.002931286289928358626, 0.003419834004916418035, 0.003664107862410428875, 0.003908381719904439715 ),
 .UNSPECIFIED. ) ;
#4949 = PLANE ( 'NONE',  #2783 ) ;
#4950 = AXIS2_PLACEMENT_3D ( 'NONE', #4901, #833, #3647 ) ;
#4951 = CARTESIAN_POINT ( 'NONE',  ( 10.26607386144957346, -33.48388011373923945, 55.49999999999999289 ) ) ;
#4952 = VECTOR ( 'NONE', #4811, 999.9999999999998863 ) ;
#4953 = CARTESIAN_POINT ( 'NONE',  ( -34.07361988511522100, 7.999523156526527679, 54.86992887182174883 ) ) ;
#4954 = FILL_AREA_STYLE_COLOUR ( '', #2671 ) ;
#4955 = DIRECTION ( 'NONE',  ( -0.2588190451025315642, 0.9659258262890653146, 0.000000000000000000 ) ) ;
#4956 = ORIENTED_EDGE ( 'NONE', *, *, #4428, .T. ) ;
#4957 = AXIS2_PLACEMENT_3D ( 'NONE', #7247, #2947, #6009 ) ;
#4958 =( NAMED_UNIT ( * ) PLANE_ANGLE_UNIT ( ) SI_UNIT ( $, .RADIAN. ) );
#4959 = ORIENTED_EDGE ( 'NONE', *, *, #6422, .F. ) ;
#4960 = DIRECTION ( 'NONE',  ( -0.000000000000000000, -0.000000000000000000, -1.000000000000000000 ) ) ;
#4961 = SURFACE_STYLE_FILL_AREA ( #1041 ) ;
#4962 = ORIENTED_EDGE ( 'NONE', *, *, #2958, .F. ) ;
#4963 = FILL_AREA_STYLE ('',( #4413 ) ) ;
#4964 = AXIS2_PLACEMENT_3D ( 'NONE', #3753, #3876, #6879 ) ;
#4965 = LINE ( 'NONE', #7279, #2923 ) ;
#4966 = CARTESIAN_POINT ( 'NONE',  ( 16.74999999999984013, -26.84678751731768998, 67.50000000000000000 ) ) ;
#4967 = SURFACE_SIDE_STYLE ('',( #5461 ) ) ;
#4968 = ORIENTED_EDGE ( 'NONE', *, *, #3521, .T. ) ;
#4969 = ORIENTED_EDGE ( 'NONE', *, *, #1908, .T. ) ;
#4970 =( LENGTH_UNIT ( ) NAMED_UNIT ( * ) SI_UNIT ( .MILLI., .METRE. ) );
#4971 = DIRECTION ( 'NONE',  ( 1.000000000000000000, 0.000000000000000000, 0.000000000000000000 ) ) ;
#4972 = CARTESIAN_POINT ( 'NONE',  ( -34.10034052931591475, -7.884607240989490506, 55.17537727027524852 ) ) ;
#4973 = AXIS2_PLACEMENT_3D ( 'NONE', #6513, #3680, #6647 ) ;
#4974 = DIRECTION ( 'NONE',  ( -0.000000000000000000, -0.000000000000000000, -1.000000000000000000 ) ) ;
#4975 = SURFACE_STYLE_USAGE ( .BOTH. , #4941 ) ;
#4976 = ORIENTED_EDGE ( 'NONE', *, *, #3270, .F. ) ;
#4977 = CARTESIAN_POINT ( 'NONE',  ( -33.80740392011742301, 9.058666578588130847, 55.49999999999999289 ) ) ;
#4978 = CARTESIAN_POINT ( 'NONE',  ( 29.75000000000000000, -1.080828406542437088E-13, 67.50000000000000000 ) ) ;
#4979 = ADVANCED_FACE ( 'NONE', ( #767 ), #6626, .F. ) ;
#4980 = ORIENTED_EDGE ( 'NONE', *, *, #1125, .T. ) ;
#4981 = CARTESIAN_POINT ( 'NONE',  ( 10.10918306013502388, 33.50833267993251496, 68.87019983082780072 ) ) ;
#4982 = UNCERTAINTY_MEASURE_WITH_UNIT (LENGTH_MEASURE( 1.000000000000000082E-05 ), #6596, 'distance_accuracy_value', 'NONE');
#4983 = DIRECTION ( 'NONE',  ( -0.000000000000000000, -0.000000000000000000, 1.000000000000000000 ) ) ;
#4984 = ADVANCED_FACE ( 'NONE', ( #1563 ), #4520, .F. ) ;
#4985 = CARTESIAN_POINT ( 'NONE',  ( 28.49678751731741855, -15.50000000000031442, 73.00000000000000000 ) ) ;
#4986 = AXIS2_PLACEMENT_3D ( 'NONE', #4633, #7007, #4027 ) ;
#4987 = DIRECTION ( 'NONE',  ( -3.154042683594197586E-15, -1.000000000000000000, 0.000000000000000000 ) ) ;
#4988 = MECHANICAL_DESIGN_GEOMETRIC_PRESENTATION_REPRESENTATION (  '', ( #3365 ), #6615 ) ;
#4989 = DIRECTION ( 'NONE',  ( -0.000000000000000000, -0.000000000000000000, 1.000000000000000000 ) ) ;
#4990 = VERTEX_POINT ( 'NONE', #2722 ) ;
#4991 = CYLINDRICAL_SURFACE ( 'NONE', #1083, 28.00000000000000000 ) ;
#4992 = DIRECTION ( 'NONE',  ( 1.000000000000000000, 0.000000000000000000, 0.000000000000000000 ) ) ;
#4993 = EDGE_LOOP ( 'NONE', ( #4568, #18, #6983 ) ) ;
#4994 = FACE_OUTER_BOUND ( 'NONE', #3290, .T. ) ;
#4995 = VERTEX_POINT ( 'NONE', #6169 ) ;
#4996 = CARTESIAN_POINT ( 'NONE',  ( -28.09678751731741642, 15.50000000000031442, 67.50000000000000000 ) ) ;
#4997 =( NAMED_UNIT ( * ) PLANE_ANGLE_UNIT ( ) SI_UNIT ( $, .RADIAN. ) );
#4998 = ADVANCED_FACE ( 'NONE', ( #6897 ), #992, .F. ) ;
#4999 = CARTESIAN_POINT ( 'NONE',  ( 34.07365886934939425, 7.999356998381938588, 68.87019983082780072 ) ) ;
#5000 = DIRECTION ( 'NONE',  ( 0.000000000000000000, 0.000000000000000000, -1.000000000000000000 ) ) ;
#5001 = CARTESIAN_POINT ( 'NONE',  ( 19.44543648263023883, -19.44543648262989777, 69.49999999999998579 ) ) ;
#5002 = CARTESIAN_POINT ( 'NONE',  ( -25.28113781185323461, 24.20472442494912002, 56.49490063177622545 ) ) ;
#5003 = EDGE_LOOP ( 'NONE', ( #6637, #62, #6298, #6278 ) ) ;
#5004 = DIRECTION ( 'NONE',  ( 0.000000000000000000, 0.000000000000000000, 1.000000000000000000 ) ) ;
#5005 = CYLINDRICAL_SURFACE ( 'NONE', #2790, 1.249999999999988232 ) ;
#5006 = EDGE_CURVE ( 'NONE', #3813, #3298, #2678, .T. ) ;
#5007 = SURFACE_STYLE_USAGE ( .BOTH. , #5102 ) ;
#5008 = ORIENTED_EDGE ( 'NONE', *, *, #3934, .F. ) ;
#5009 = ADVANCED_FACE ( 'NONE', ( #209 ), #4949, .T. ) ;
#5010 = CYLINDRICAL_SURFACE ( 'NONE', #779, 1.249999999999985789 ) ;
#5011 = EDGE_CURVE ( 'NONE', #1947, #1903, #1406, .T. ) ;
#5012 = ORIENTED_EDGE ( 'NONE', *, *, #4462, .F. ) ;
#5013 = FACE_OUTER_BOUND ( 'NONE', #6937, .T. ) ;
#5014 = VECTOR ( 'NONE', #7625, 1000.000000000000114 ) ;
#5015 = SURFACE_SIDE_STYLE ('',( #5065 ) ) ;
#5016 = ADVANCED_FACE ( 'NONE', ( #2340 ), #495, .F. ) ;
#5017 = VECTOR ( 'NONE', #1148, 999.9999999999998863 ) ;
#5018 = ORIENTED_EDGE ( 'NONE', *, *, #1056, .F. ) ;
#5019 = CARTESIAN_POINT ( 'NONE',  ( 10.10977836212944148, 33.50815216293585763, 70.12841670645251213 ) ) ;
#5020 = CARTESIAN_POINT ( 'NONE',  ( -28.09678751731773971, -15.49999999999974953, 67.50000000000000000 ) ) ;
#5021 = DIRECTION ( 'NONE',  ( 1.000000000000000000, 0.000000000000000000, 0.000000000000000000 ) ) ;
#5022 = AXIS2_PLACEMENT_3D ( 'NONE', #7009, #6438, #7641 ) ;
#5023 = COLOUR_RGB ( '',1.000000000000000000, 1.000000000000000000, 1.000000000000000000 ) ;
#5024 = EDGE_CURVE ( 'NONE', #5144, #6157, #7663, .T. ) ;
#5025 = CARTESIAN_POINT ( 'NONE',  ( 0.000000000000000000, 0.000000000000000000, 58.39999999999999147 ) ) ;
#5026 = EDGE_CURVE ( 'NONE', #6971, #516, #404, .T. ) ;
#5027 = ADVANCED_FACE ( 'NONE', ( #2839 ), #1763, .F. ) ;
#5028 = AXIS2_PLACEMENT_3D ( 'NONE', #1822, #3018, #3055 ) ;
#5029 = VERTEX_POINT ( 'NONE', #3371 ) ;
#5030 = CARTESIAN_POINT ( 'NONE',  ( 25.61683214824923027, 23.84906519527391211, 55.49999999999934630 ) ) ;
#5031 = DIRECTION ( 'NONE',  ( -0.8660254037844349329, 0.5000000000000064393, 0.000000000000000000 ) ) ;
#5032 = PRESENTATION_LAYER_ASSIGNMENT (  '', '', ( #5941 ) ) ;
#5033 = ORIENTED_EDGE ( 'NONE', *, *, #6990, .T. ) ;
#5034 = DIRECTION ( 'NONE',  ( -0.000000000000000000, -0.000000000000000000, 1.000000000000000000 ) ) ;
#5035 = EDGE_LOOP ( 'NONE', ( #157, #4642, #6938 ) ) ;
#5036 = SURFACE_SIDE_STYLE ('',( #2655 ) ) ;
#5037 = CARTESIAN_POINT ( 'NONE',  ( 33.46231238974485223, 10.26029480722307774, 55.49999999999999289 ) ) ;
#5038 = CIRCLE ( 'NONE', #320, 35.00000000000000711 ) ;
#5039 = CIRCLE ( 'NONE', #3412, 1.649999999999998135 ) ;
#5040 = DIRECTION ( 'NONE',  ( -0.000000000000000000, -0.000000000000000000, 1.000000000000000000 ) ) ;
#5041 =( GEOMETRIC_REPRESENTATION_CONTEXT ( 3 ) GLOBAL_UNCERTAINTY_ASSIGNED_CONTEXT ( ( #1265 ) ) GLOBAL_UNIT_ASSIGNED_CONTEXT ( ( #2935, #3558, #6570 ) ) REPRESENTATION_CONTEXT ( 'NONE', 'WORKASPACE' ) );
#5042 = FILL_AREA_STYLE ('',( #5528 ) ) ;
#5043 = CARTESIAN_POINT ( 'NONE',  ( 26.88648402932760106, -5.910116457457736949, 69.49999999999998579 ) ) ;
#5044 = AXIS2_PLACEMENT_3D ( 'NONE', #37, #5897, #1750 ) ;
#5045 = ORIENTED_EDGE ( 'NONE', *, *, #5288, .T. ) ;
#5046 =( NAMED_UNIT ( * ) PLANE_ANGLE_UNIT ( ) SI_UNIT ( $, .RADIAN. ) );
#5047 = ORIENTED_EDGE ( 'NONE', *, *, #5063, .F. ) ;
#5048 = SURFACE_STYLE_FILL_AREA ( #3322 ) ;
#5049 = ADVANCED_FACE ( 'NONE', ( #1606 ), #3153, .F. ) ;
#5050 = DIRECTION ( 'NONE',  ( -0.000000000000000000, -0.000000000000000000, 1.000000000000000000 ) ) ;
#5051 = CIRCLE ( 'NONE', #2069, 1.249999999999997558 ) ;
#5052 = SURFACE_SIDE_STYLE ('',( #4556 ) ) ;
#5053 =( GEOMETRIC_REPRESENTATION_CONTEXT ( 3 ) GLOBAL_UNCERTAINTY_ASSIGNED_CONTEXT ( ( #6618 ) ) GLOBAL_UNIT_ASSIGNED_CONTEXT ( ( #6697, #6844, #4940 ) ) REPRESENTATION_CONTEXT ( 'NONE', 'WORKASPACE' ) );
#5054 = FACE_OUTER_BOUND ( 'NONE', #4084, .T. ) ;
#5055 = DIRECTION ( 'NONE',  ( 0.000000000000000000, 0.000000000000000000, 1.000000000000000000 ) ) ;
#5056 = ORIENTED_EDGE ( 'NONE', *, *, #1664, .T. ) ;
#5057 = CARTESIAN_POINT ( 'NONE',  ( 34.10936000250134015, -7.845480241499721785, 55.49999999999999289 ) ) ;
#5058 = EDGE_CURVE ( 'NONE', #4836, #4153, #586, .T. ) ;
#5059 = AXIS2_PLACEMENT_3D ( 'NONE', #2290, #2218, #4670 ) ;
#5060 = ORIENTED_EDGE ( 'NONE', *, *, #865, .T. ) ;
#5061 = SURFACE_STYLE_USAGE ( .BOTH. , #7450 ) ;
#5062 = UNCERTAINTY_MEASURE_WITH_UNIT (LENGTH_MEASURE( 1.000000000000000082E-05 ), #2660, 'distance_accuracy_value', 'NONE');
#5063 = EDGE_CURVE ( 'NONE', #4182, #825, #5908, .T. ) ;
#5064 = AXIS2_PLACEMENT_3D ( 'NONE', #5630, #6850, #3889 ) ;
#5065 = SURFACE_STYLE_FILL_AREA ( #7379 ) ;
#5066 = SURFACE_STYLE_USAGE ( .BOTH. , #3853 ) ;
#5067 = EDGE_LOOP ( 'NONE', ( #743, #1738 ) ) ;
#5068 = EDGE_CURVE ( 'NONE', #7420, #1073, #6405, .T. ) ;
#5069 = DIRECTION ( 'NONE',  ( -0.000000000000000000, -0.000000000000000000, 1.000000000000000000 ) ) ;
#5070 = CARTESIAN_POINT ( 'NONE',  ( -33.80740392011742301, 9.058666578588130847, 55.49999999999999289 ) ) ;
#5071 = CARTESIAN_POINT ( 'NONE',  ( 0.000000000000000000, 31.00000000000000000, 73.00000000000000000 ) ) ;
#5072 = COLOUR_RGB ( '',1.000000000000000000, 1.000000000000000000, 1.000000000000000000 ) ;
#5073 = ORIENTED_EDGE ( 'NONE', *, *, #1029, .F. ) ;
#5074 = DIRECTION ( 'NONE',  ( -0.000000000000000000, -0.000000000000000000, 1.000000000000000000 ) ) ;
#5075 = AXIS2_PLACEMENT_3D ( 'NONE', #5209, #5924, #590 ) ;
#5076 = CARTESIAN_POINT ( 'NONE',  ( -24.97983810746330136, 24.51591977797372124, 54.28287014335591465 ) ) ;
#5077 = AXIS2_PLACEMENT_3D ( 'NONE', #3704, #3625, #4288 ) ;
#5078 = ORIENTED_EDGE ( 'NONE', *, *, #6952, .F. ) ;
#5079 = LINE ( 'NONE', #5201, #4555 ) ;
#5080 = DIRECTION ( 'NONE',  ( -1.000000000000000000, 0.000000000000000000, 0.000000000000000000 ) ) ;
#5081 = ORIENTED_EDGE ( 'NONE', *, *, #6051, .T. ) ;
#5082 = FILL_AREA_STYLE_COLOUR ( '', #386 ) ;
#5083 = VERTEX_POINT ( 'NONE', #445 ) ;
#5084 = DIRECTION ( 'NONE',  ( 1.000000000000000000, 0.000000000000000000, 0.000000000000000000 ) ) ;
#5085 = AXIS2_PLACEMENT_3D ( 'NONE', #1394, #2015, #715 ) ;
#5086 = DIRECTION ( 'NONE',  ( 0.9702957262760018020, -0.2419218955996463027, 1.049727191138612409E-16 ) ) ;
#5087 = ADVANCED_FACE ( 'NONE', ( #4124 ), #3274, .F. ) ;
#5088 = VECTOR ( 'NONE', #3426, 1000.000000000000000 ) ;
#5089 = SURFACE_SIDE_STYLE ('',( #927 ) ) ;
#5090 = CARTESIAN_POINT ( 'NONE',  ( 9.216912419923074751, -33.76500713912577112, 56.75013697141072555 ) ) ;
#5091 = CONICAL_SURFACE ( 'NONE', #3326, 1.249999999999997558, 1.029744258676649205 ) ;
#5092 = CARTESIAN_POINT ( 'NONE',  ( -7.877212449405906369, -34.10210355438574226, 55.17270578215241983 ) ) ;
#5093 = EDGE_CURVE ( 'NONE', #4648, #3314, #7532, .T. ) ;
#5094 = VERTEX_POINT ( 'NONE', #7582 ) ;
#5095 = FILL_AREA_STYLE ('',( #2661 ) ) ;
#5096 = EDGE_LOOP ( 'NONE', ( #7315, #1922 ) ) ;
#5097 = CARTESIAN_POINT ( 'NONE',  ( -24.74873734152921401, 24.74873734152912519, 69.49999999999998579 ) ) ;
#5098 = CARTESIAN_POINT ( 'NONE',  ( 8.449810642010378459, 33.96503105473757245, 54.40752953715788465 ) ) ;
#5099 = CARTESIAN_POINT ( 'NONE',  ( -33.96510442650512118, -8.449532112277022833, 54.40755231783179369 ) ) ;
#5100 = DIRECTION ( 'NONE',  ( 1.000000000000000000, 0.000000000000000000, 0.000000000000000000 ) ) ;
#5101 = CARTESIAN_POINT ( 'NONE',  ( -25.61683214824494570, 23.84906519527850932, 55.49999999999999289 ) ) ;
#5102 = SURFACE_SIDE_STYLE ('',( #5773 ) ) ;
#5103 = ORIENTED_EDGE ( 'NONE', *, *, #3758, .T. ) ;
#5104 = PRESENTATION_LAYER_ASSIGNMENT (  '', '', ( #766 ) ) ;
#5105 = LINE ( 'NONE', #986, #1890 ) ;
#5106 = EDGE_LOOP ( 'NONE', ( #3049, #931, #2922, #669 ) ) ;
#5107 = CONICAL_SURFACE ( 'NONE', #1758, 1.249999999999987566, 1.029744258676642321 ) ;
#5108 = VERTEX_POINT ( 'NONE', #2189 ) ;
#5109 = FILL_AREA_STYLE ('',( #6251 ) ) ;
#5110 = CARTESIAN_POINT ( 'NONE',  ( 0.000000000000000000, -31.00000000000000000, 75.00000000000000000 ) ) ;
#5111 = ORIENTED_EDGE ( 'NONE', *, *, #2261, .T. ) ;
#5112 = CARTESIAN_POINT ( 'NONE',  ( 9.798729503278877928, -33.60056864402281462, 68.50065340017646065 ) ) ;
#5113 = DIRECTION ( 'NONE',  ( 0.000000000000000000, 0.000000000000000000, 1.000000000000000000 ) ) ;
#5114 = CARTESIAN_POINT ( 'NONE',  ( -25.61683214824939725, -23.84906519527372737, 69.49999999999936051 ) ) ;
#5115 = VERTEX_POINT ( 'NONE', #4609 ) ;
#5116 = DIRECTION ( 'NONE',  ( 0.9659258262890708657, -0.2588190451025111360, -0.000000000000000000 ) ) ;
#5117 = CARTESIAN_POINT ( 'NONE',  ( -33.46231238974301192, 10.26029480722908893, 55.49999999999934630 ) ) ;
#5118 = EDGE_LOOP ( 'NONE', ( #2778, #4962, #5200, #4003 ) ) ;
#5119 = CARTESIAN_POINT ( 'NONE',  ( -24.03233799897543577, -25.44523616284821088, 68.73126142467575050 ) ) ;
#5120 = ORIENTED_EDGE ( 'NONE', *, *, #133, .F. ) ;
#5121 = DIRECTION ( 'NONE',  ( -0.4999999999999921174, 0.8660254037844431485, 0.000000000000000000 ) ) ;
#5122 =( NAMED_UNIT ( * ) SI_UNIT ( $, .STERADIAN. ) SOLID_ANGLE_UNIT ( ) );
#5123 = CARTESIAN_POINT ( 'NONE',  ( 34.09501667146565040, 7.907643356624511455, 55.09744532331458799 ) ) ;
#5124 = PRESENTATION_LAYER_ASSIGNMENT (  '', '', ( #6991 ) ) ;
#5125 = DIRECTION ( 'NONE',  ( -0.2588190451025289551, 0.9659258262890659807, 0.000000000000000000 ) ) ;
#5126 = CARTESIAN_POINT ( 'NONE',  ( -9.798729503278877928, 33.60056864402281462, 68.50065340017646065 ) ) ;
#5127 =( NAMED_UNIT ( * ) SI_UNIT ( $, .STERADIAN. ) SOLID_ANGLE_UNIT ( ) );
#5128 = DIRECTION ( 'NONE',  ( -0.000000000000000000, -0.000000000000000000, 1.000000000000000000 ) ) ;
#5129 = EDGE_CURVE ( 'NONE', #3968, #5863, #5301, .T. ) ;
#5130 = PRODUCT_CONTEXT ( 'NONE', #3437, 'mechanical' ) ;
#5131 = DIRECTION ( 'NONE',  ( -1.000000000000000000, 0.000000000000000000, 0.000000000000000000 ) ) ;
#5132 = CARTESIAN_POINT ( 'NONE',  ( -4.500000000000000000, 5.510910596163088569E-16, 0.000000000000000000 ) ) ;
#5133 = ORIENTED_EDGE ( 'NONE', *, *, #2233, .T. ) ;
#5134 = PLANE ( 'NONE',  #6856 ) ;
#5135 = CARTESIAN_POINT ( 'NONE',  ( -8.088705224614574973, 34.05270151420140223, 54.73257693896662346 ) ) ;
#5136 = LINE ( 'NONE', #5582, #455 ) ;
#5137 =( NAMED_UNIT ( * ) SI_UNIT ( $, .STERADIAN. ) SOLID_ANGLE_UNIT ( ) );
#5138 = CARTESIAN_POINT ( 'NONE',  ( 24.63311137724477717, 24.86436037437338342, 54.25005803955803430 ) ) ;
#5139 = DIRECTION ( 'NONE',  ( 0.2588190451025120797, 0.9659258262890706437, 0.000000000000000000 ) ) ;
#5140 = ORIENTED_EDGE ( 'NONE', *, *, #4312, .T. ) ;
#5141 = ORIENTED_EDGE ( 'NONE', *, *, #7525, .T. ) ;
#5142 = UNCERTAINTY_MEASURE_WITH_UNIT (LENGTH_MEASURE( 1.000000000000000082E-05 ), #6760, 'distance_accuracy_value', 'NONE');
#5144 = VERTEX_POINT ( 'NONE', #6942 ) ;
#5143 = B_SPLINE_CURVE_WITH_KNOTS ( 'NONE', 3,
 ( #4621, #3862, #3260, #2735, #5119, #5675, #330, #5752, #464, #5202, #7592, #2688, #417, #2770, #2241, #6993, #1081, #1656, #4018, #5837 ),
 .UNSPECIFIED., .F., .F.,
 ( 4, 2, 2, 2, 2, 2, 2, 2, 2, 4 ),
 ( 0.000000000000000000, 0.0004885477149880601685, 0.0009770954299761203370, 0.001465643144964180614, 0.001954190859952240674, 0.002442738574940300951, 0.002931286289928361228, 0.003419834004916421071, 0.003664107862410431911, 0.003908381719904443184 ),
 .UNSPECIFIED. ) ;
#5145 = B_SPLINE_CURVE_WITH_KNOTS ( 'NONE', 3,
 ( #5037, #2123, #7428, #2085, #926, #6752, #6301, #3909, #294, #1541, #3945, #970, #3312, #383, #5608, #5123, #5646, #2656, #264, #1467 ),
 .UNSPECIFIED., .F., .F.,
 ( 4, 2, 2, 2, 2, 2, 2, 2, 2, 4 ),
 ( 0.000000000000000000, 0.0004885477149880550728, 0.0009770954299761101455, 0.001465643144964165218, 0.001954190859952220291, 0.002442738574940275364, 0.002931286289928330437, 0.003419834004916385509, 0.003664107862410404155, 0.003908381719904423235 ),
 .UNSPECIFIED. ) ;
#5146 = DIRECTION ( 'NONE',  ( 0.000000000000000000, 0.000000000000000000, 1.000000000000000000 ) ) ;
#5147 = LINE ( 'NONE', #406, #2087 ) ;
#5148 = VERTEX_POINT ( 'NONE', #2957 ) ;
#5149 = CARTESIAN_POINT ( 'NONE',  ( 10.26029480722272957, -33.46231238974495881, 69.33480505326377852 ) ) ;
#5150 = CARTESIAN_POINT ( 'NONE',  ( 34.01170720601004405, -8.258759448495467836, 56.44215622177353708 ) ) ;
#5151 = EDGE_LOOP ( 'NONE', ( #6514, #568, #7593 ) ) ;
#5152 = CARTESIAN_POINT ( 'NONE',  ( 7.877860146954442477, 34.10195339827344441, 55.82922580273993418 ) ) ;
#5153 = EDGE_CURVE ( 'NONE', #6028, #2750, #5360, .T. ) ;
#5154 = ADVANCED_FACE ( 'NONE', ( #3536 ), #613, .F. ) ;
#5155 =( GEOMETRIC_REPRESENTATION_CONTEXT ( 3 ) GLOBAL_UNCERTAINTY_ASSIGNED_CONTEXT ( ( #3029 ) ) GLOBAL_UNIT_ASSIGNED_CONTEXT ( ( #3891, #3769, #3296 ) ) REPRESENTATION_CONTEXT ( 'NONE', 'WORKASPACE' ) );
#5156 = FACE_OUTER_BOUND ( 'NONE', #4824, .T. ) ;
#5157 = CARTESIAN_POINT ( 'NONE',  ( 31.00000000000000000, -1.082359215041371340E-13, 67.50000000000000000 ) ) ;
#5158 = CIRCLE ( 'NONE', #3261, 1.249999999999998002 ) ;
#5159 = ORIENTED_EDGE ( 'NONE', *, *, #61, .F. ) ;
#5160 = AXIS2_PLACEMENT_3D ( 'NONE', #4172, #4093, #5960 ) ;
#5161 =( NAMED_UNIT ( * ) PLANE_ANGLE_UNIT ( ) SI_UNIT ( $, .RADIAN. ) );
#5162 = ADVANCED_FACE ( 'NONE', ( #4070 ), #396, .F. ) ;
#5163 = DIRECTION ( 'NONE',  ( 0.000000000000000000, -0.000000000000000000, 1.000000000000000000 ) ) ;
#5164 = ADVANCED_FACE ( 'NONE', ( #2173 ), #2420, .F. ) ;
#5165 = DIRECTION ( 'NONE',  ( -0.2756373558170137628, 0.9612616959383146753, 1.049727191138611054E-16 ) ) ;
#5166 = CARTESIAN_POINT ( 'NONE',  ( 7.998751193233164081, -34.07380018804175847, 56.12841670645253345 ) ) ;
#5167 = AXIS2_PLACEMENT_3D ( 'NONE', #1928, #4261, #3235 ) ;
#5168 =( LENGTH_UNIT ( ) NAMED_UNIT ( * ) SI_UNIT ( .MILLI., .METRE. ) );
#5169 = CARTESIAN_POINT ( 'NONE',  ( 8.448178575087041509, -33.96544018948454635, 70.59162368380859220 ) ) ;
#5170 = ADVANCED_FACE ( 'NONE', ( #4669 ), #7058, .F. ) ;
#5171 = DIRECTION ( 'NONE',  ( -0.000000000000000000, -0.000000000000000000, 1.000000000000000000 ) ) ;
#5172 = CIRCLE ( 'NONE', #6171, 1.249999999999998002 ) ;
#5173 = FACE_OUTER_BOUND ( 'NONE', #6347, .T. ) ;
#5174 = AXIS2_PLACEMENT_3D ( 'NONE', #3702, #255, #1881 ) ;
#5175 = CONICAL_SURFACE ( 'NONE', #4917, 1.249999999999997558, 1.029744258676649205 ) ;
#5176 = DIRECTION ( 'NONE',  ( -0.9659258262890719759, 0.2588190451025066952, 0.000000000000000000 ) ) ;
#5177 = AXIS2_PLACEMENT_3D ( 'NONE', #2740, #5719, #6794 ) ;
#5178 = ORIENTED_EDGE ( 'NONE', *, *, #3533, .F. ) ;
#5179 = DIRECTION ( 'NONE',  ( -0.000000000000000000, -0.000000000000000000, 1.000000000000000000 ) ) ;
#5180 = CIRCLE ( 'NONE', #6179, 1.249999999999997558 ) ;
#5181 = FACE_OUTER_BOUND ( 'NONE', #4485, .T. ) ;
#5182 = ORIENTED_EDGE ( 'NONE', *, *, #2597, .F. ) ;
#5183 = ORIENTED_EDGE ( 'NONE', *, *, #3286, .F. ) ;
#5184 = DIRECTION ( 'NONE',  ( -1.000000000000000000, 0.000000000000000000, 0.000000000000000000 ) ) ;
#5185 = ORIENTED_EDGE ( 'NONE', *, *, #7234, .T. ) ;
#5186 = AXIS2_PLACEMENT_3D ( 'NONE', #7482, #2599, #198 ) ;
#5187 = ADVANCED_FACE ( 'NONE', ( #4509 ), #317, .F. ) ;
#5188 =( NAMED_UNIT ( * ) PLANE_ANGLE_UNIT ( ) SI_UNIT ( $, .RADIAN. ) );
#5189 = ORIENTED_EDGE ( 'NONE', *, *, #1712, .F. ) ;
#5190 = DIRECTION ( 'NONE',  ( -0.6427876096864910682, -0.7660444431190185366, 0.000000000000000000 ) ) ;
#5191 = FILL_AREA_STYLE ('',( #4480 ) ) ;
#5192 = ORIENTED_EDGE ( 'NONE', *, *, #7361, .T. ) ;
#5193 = CARTESIAN_POINT ( 'NONE',  ( 1.649999999999348654, -31.00000000000000000, 73.00000000000000000 ) ) ;
#5194 = SURFACE_STYLE_USAGE ( .BOTH. , #450 ) ;
#5195 = VECTOR ( 'NONE', #7572, 1000.000000000000114 ) ;
#5196 = DIRECTION ( 'NONE',  ( 1.000000000000000000, 0.000000000000000000, 0.000000000000000000 ) ) ;
#5197 = ORIENTED_EDGE ( 'NONE', *, *, #2731, .T. ) ;
#5198 =( LENGTH_UNIT ( ) NAMED_UNIT ( * ) SI_UNIT ( .MILLI., .METRE. ) );
#5199 = PRESENTATION_STYLE_ASSIGNMENT (( #7589 ) ) ;
#5200 = ORIENTED_EDGE ( 'NONE', *, *, #1767, .F. ) ;
#5201 = CARTESIAN_POINT ( 'NONE',  ( -7.851259295726926268, 34.13092772649554263, 69.49999999999998579 ) ) ;
#5202 = CARTESIAN_POINT ( 'NONE',  ( -24.86373499089199512, -24.63374261563088652, 68.24994211835186775 ) ) ;
#5203 = STYLED_ITEM ( 'NONE', ( #6812 ), #4487 ) ;
#5204 = ORIENTED_EDGE ( 'NONE', *, *, #5068, .T. ) ;
#5205 = FACE_OUTER_BOUND ( 'NONE', #7145, .T. ) ;
#5206 = CARTESIAN_POINT ( 'NONE',  ( 30.99999999999999645, -1.082359215041371340E-13, 66.74892422621554999 ) ) ;
#5207 = LINE ( 'NONE', #4653, #1986 ) ;
#5208 = STYLED_ITEM ( 'NONE', ( #4291 ), #7029 ) ;
#5209 = CARTESIAN_POINT ( 'NONE',  ( -8.931855198189998291, -11.42243243440582212, -12.34999999999999964 ) ) ;
#5210 = AXIS2_PLACEMENT_3D ( 'NONE', #2587, #5720, #5125 ) ;
#5211 = CARTESIAN_POINT ( 'NONE',  ( -10.26029480722272957, 33.46231238974495881, 69.33480505326377852 ) ) ;
#5212 = CARTESIAN_POINT ( 'NONE',  ( 25.61683214824511623, -23.84906519527833524, 55.33480505326377852 ) ) ;
#5213 = CARTESIAN_POINT ( 'NONE',  ( 7.845480241499947383, -34.10936000250130462, 69.66313326947211237 ) ) ;
#5214 = COLOUR_RGB ( '',1.000000000000000000, 1.000000000000000000, 1.000000000000000000 ) ;
#5215 = ORIENTED_EDGE ( 'NONE', *, *, #1157, .T. ) ;
#5216 = LINE ( 'NONE', #1665, #5371 ) ;
#5217 =( LENGTH_UNIT ( ) NAMED_UNIT ( * ) SI_UNIT ( .MILLI., .METRE. ) );
#5218 = ORIENTED_EDGE ( 'NONE', *, *, #6968, .F. ) ;
#5219 = CIRCLE ( 'NONE', #7713, 4.500000000000000000 ) ;
#5220 =( NAMED_UNIT ( * ) PLANE_ANGLE_UNIT ( ) SI_UNIT ( $, .RADIAN. ) );
#5221 = FILL_AREA_STYLE ('',( #2825 ) ) ;
#5222 = STYLED_ITEM ( 'NONE', ( #275 ), #7444 ) ;
#5223 = SURFACE_SIDE_STYLE ('',( #7642 ) ) ;
#5224 = CARTESIAN_POINT ( 'NONE',  ( 23.87291786938527238, 25.59468177588283311, 55.17270578215241983 ) ) ;
#5225 = CYLINDRICAL_SURFACE ( 'NONE', #5858, 1.249999999999986899 ) ;
#5226 = ORIENTED_EDGE ( 'NONE', *, *, #6549, .F. ) ;
#5227 = ORIENTED_EDGE ( 'NONE', *, *, #4700, .T. ) ;
#5228 = FACE_OUTER_BOUND ( 'NONE', #4005, .T. ) ;
#5229 = PRODUCT_DEFINITION_FORMATION_WITH_SPECIFIED_SOURCE ( '浠', '', #1997, .NOT_KNOWN. ) ;
#5230 = AXIS2_PLACEMENT_3D ( 'NONE', #4781, #6580, #3021 ) ;
#5231 = VERTEX_POINT ( 'NONE', #3327 ) ;
#5232 = CARTESIAN_POINT ( 'NONE',  ( 7.117523740319341208, -26.56296022294938552, 69.49999999999998579 ) ) ;
#5233 = ORIENTED_EDGE ( 'NONE', *, *, #2325, .F. ) ;
#5234 = VECTOR ( 'NONE', #6195, 1000.000000000000000 ) ;
#5235 = FILL_AREA_STYLE_COLOUR ( '', #5072 ) ;
#5236 = VERTEX_POINT ( 'NONE', #5731 ) ;
#5237 = CYLINDRICAL_SURFACE ( 'NONE', #579, 1.649999999999998579 ) ;
#5238 = CARTESIAN_POINT ( 'NONE',  ( 24.98002454800053940, 24.51573417385867160, 70.71716962019198149 ) ) ;
#5239 = EDGE_CURVE ( 'NONE', #413, #6892, #7019, .T. ) ;
#5240 = DIRECTION ( 'NONE',  ( -0.6427876096864910682, -0.7660444431190185366, 0.000000000000000000 ) ) ;
#5241 = CONICAL_SURFACE ( 'NONE', #4226, 1.249999999999987343, 1.029744258676644764 ) ;
#5242 = CARTESIAN_POINT ( 'NONE',  ( 0.000000000000000000, 0.000000000000000000, 75.00000000000000000 ) ) ;
#5243 = DIRECTION ( 'NONE',  ( -0.2588190451025214611, 0.9659258262890682012, -0.000000000000000000 ) ) ;
#5244 = ADVANCED_FACE ( 'NONE', ( #2478 ), #949, .F. ) ;
#5245 = EDGE_LOOP ( 'NONE', ( #7578, #7017, #3878 ) ) ;
#5246 = CARTESIAN_POINT ( 'NONE',  ( -10.13685721503284398, 10.46394408442804647, -12.34999999999999964 ) ) ;
#5247 = DIRECTION ( 'NONE',  ( 0.2588190451025076388, 0.9659258262890717539, -0.000000000000000000 ) ) ;
#5248 = ORIENTED_EDGE ( 'NONE', *, *, #792, .T. ) ;
#5249 = DIRECTION ( 'NONE',  ( 1.000000000000000000, 0.000000000000000000, 0.000000000000000000 ) ) ;
#5250 = SURFACE_SIDE_STYLE ('',( #2895 ) ) ;
#5251 = FACE_OUTER_BOUND ( 'NONE', #1641, .T. ) ;
#5252 = AXIS2_PLACEMENT_3D ( 'NONE', #689, #1327, #1292 ) ;
#5253 = CARTESIAN_POINT ( 'NONE',  ( 24.51702789250653325, -24.97875607266813347, 54.28232543929561160 ) ) ;
#5254 = DIRECTION ( 'NONE',  ( -0.000000000000000000, -0.000000000000000000, 1.000000000000000000 ) ) ;
#5255 = B_SPLINE_CURVE_WITH_KNOTS ( 'NONE', 3,
 ( #6276, #349, #6243, #5654, #6930, #1594, #5098, #303, #1550, #6317, #2665, #3800, #7480, #272, #2134, #7517, #3958, #6360, #1023, #7566 ),
 .UNSPECIFIED., .F., .F.,
 ( 4, 2, 2, 2, 2, 2, 2, 2, 2, 4 ),
 ( 0.000000000000000000, 0.0004885477149880505191, 0.0009770954299761010382, 0.001465643144964151557, 0.001954190859952202076, 0.002442738574940252379, 0.002931286289928303115, 0.003419834004916353851, 0.003664107862410388543, 0.003908381719904423235 ),
 .UNSPECIFIED. ) ;
#5256 = DIRECTION ( 'NONE',  ( -0.000000000000000000, -0.000000000000000000, -1.000000000000000000 ) ) ;
#5257 = FILL_AREA_STYLE ('',( #6205 ) ) ;
#5258 = ORIENTED_EDGE ( 'NONE', *, *, #4170, .F. ) ;
#5259 = CIRCLE ( 'NONE', #7249, 33.99999999999999289 ) ;
#5260 = CARTESIAN_POINT ( 'NONE',  ( -26.84678751731741997, 15.50000000000031442, 67.50000000000000000 ) ) ;
#5261 = CARTESIAN_POINT ( 'NONE',  ( 0.9641814145297419314, 1.149066664678534133, -12.34999999999999964 ) ) ;
#5262 = ADVANCED_FACE ( 'NONE', ( #6479 ), #2547, .F. ) ;
#5263 = EDGE_CURVE ( 'NONE', #516, #4197, #6659, .T. ) ;
#5264 = CARTESIAN_POINT ( 'NONE',  ( -20.32931995911315326, -18.56155300614700465, 55.49999999999999289 ) ) ;
#5265 = SURFACE_STYLE_FILL_AREA ( #2826 ) ;
#5266 = PRESENTATION_LAYER_ASSIGNMENT (  '', '', ( #907 ) ) ;
#5267 = DIRECTION ( 'NONE',  ( -0.000000000000000000, -0.000000000000000000, 1.000000000000000000 ) ) ;
#5268 = DIRECTION ( 'NONE',  ( 0.2588190451025234595, -0.9659258262890675351, 0.000000000000000000 ) ) ;
#5269 = EDGE_LOOP ( 'NONE', ( #7302, #3102 ) ) ;
#5270 = ORIENTED_EDGE ( 'NONE', *, *, #4477, .T. ) ;
#5271 = EDGE_CURVE ( 'NONE', #3813, #2618, #2178, .T. ) ;
#5272 = FACE_OUTER_BOUND ( 'NONE', #2074, .T. ) ;
#5273 = EDGE_LOOP ( 'NONE', ( #6402, #7191, #2517 ) ) ;
#5274 = VERTEX_POINT ( 'NONE', #5899 ) ;
#5275 = DIRECTION ( 'NONE',  ( -3.491481338843133355E-15, -1.000000000000000000, 0.000000000000000000 ) ) ;
#5276 = ORIENTED_EDGE ( 'NONE', *, *, #4927, .F. ) ;
#5277 = CARTESIAN_POINT ( 'NONE',  ( 8.088705224614564315, -34.05270151420141644, 68.73257693896665899 ) ) ;
#5278 = CARTESIAN_POINT ( 'NONE',  ( 24.30266594666708002, 25.18700143793126855, 70.58541951627360334 ) ) ;
#5279 = CARTESIAN_POINT ( 'NONE',  ( 33.46231238974507960, -10.26029480722230858, 69.41841486166934772 ) ) ;
#5280 = EDGE_CURVE ( 'NONE', #3239, #7288, #6426, .T. ) ;
#5281 = ORIENTED_EDGE ( 'NONE', *, *, #75, .F. ) ;
#5282 = CARTESIAN_POINT ( 'NONE',  ( 7.845480241499603657, 34.10936000250137567, 55.49999999999999289 ) ) ;
#5283 = FACE_BOUND ( 'NONE', #3487, .T. ) ;
#5284 = CARTESIAN_POINT ( 'NONE',  ( -26.56296022294935710, -7.117523740319432690, 55.49999999999999289 ) ) ;
#5285 = PRESENTATION_STYLE_ASSIGNMENT (( #5331 ) ) ;
#5286 = FACE_OUTER_BOUND ( 'NONE', #6365, .T. ) ;
#5287 = EDGE_CURVE ( 'NONE', #7614, #6801, #4228, .T. ) ;
#5288 = EDGE_CURVE ( 'NONE', #4489, #1039, #2907, .T. ) ;
#5289 = DIRECTION ( 'NONE',  ( 1.000000000000000000, 0.000000000000000000, -0.000000000000000000 ) ) ;
#5290 = DIRECTION ( 'NONE',  ( 0.2588190451025076388, 0.9659258262890717539, -0.000000000000000000 ) ) ;
#5291 = CIRCLE ( 'NONE', #2782, 1.249999999999997558 ) ;
#5292 = CARTESIAN_POINT ( 'NONE',  ( 25.50885884114126512, -23.96460021427131437, 54.86992887182174172 ) ) ;
#5293 = CARTESIAN_POINT ( 'NONE',  ( -34.10210355438572094, 7.877212449406024497, 69.17270578215243404 ) ) ;
#5294 = MECHANICAL_DESIGN_GEOMETRIC_PRESENTATION_REPRESENTATION (  '', ( #4391 ), #580 ) ;
#5295 = EDGE_LOOP ( 'NONE', ( #5183, #3498, #6253 ) ) ;
#5296 = CARTESIAN_POINT ( 'NONE',  ( 25.63262081801205028, 23.86485386504630668, 69.49999999999998579 ) ) ;
#5297 = ORIENTED_EDGE ( 'NONE', *, *, #4717, .T. ) ;
#5298 = PRESENTATION_STYLE_ASSIGNMENT (( #518 ) ) ;
#5299 = B_SPLINE_CURVE_WITH_KNOTS ( 'NONE', 3,
 ( #567, #6485, #3494, #4754, #1790, #2915, #3411, #5983, #7619, #4640, #7022, #3612, #4833, #162, #1361, #4937, #6160, #7219, #1869, #6693 ),
 .UNSPECIFIED., .F., .F.,
 ( 4, 2, 2, 2, 2, 2, 2, 2, 2, 4 ),
 ( 0.003908381719904438847, 0.004396818631769981202, 0.004885255543635523556, 0.005373692455501065043, 0.005862129367366608265, 0.006350566279232149752, 0.006594784735164913557, 0.006839003191097676494, 0.007327440102963173746, 0.007815877014828670130 ),
 .UNSPECIFIED. ) ;
#5300 = CARTESIAN_POINT ( 'NONE',  ( -25.71138827009653127, 22.24689895748039703, -12.34999999999999964 ) ) ;
#5301 = CIRCLE ( 'NONE', #5797, 28.00000000000000000 ) ;
#5302 = CARTESIAN_POINT ( 'NONE',  ( 7.117523740318969061, 26.56296022294948500, 55.49999999999999289 ) ) ;
#5303 = DIRECTION ( 'NONE',  ( 0.000000000000000000, 0.000000000000000000, 1.000000000000000000 ) ) ;
#5304 = ORIENTED_EDGE ( 'NONE', *, *, #2870, .F. ) ;
#5305 = DIRECTION ( 'NONE',  ( -0.000000000000000000, -0.000000000000000000, 1.000000000000000000 ) ) ;
#5306 = CARTESIAN_POINT ( 'NONE',  ( -9.661250117069730692, 33.64022680846644420, 70.58541951627361755 ) ) ;
#5307 = ORIENTED_EDGE ( 'NONE', *, *, #3077, .F. ) ;
#5308 = ADVANCED_FACE ( 'NONE', ( #2328 ), #1859, .F. ) ;
#5309 = AXIS2_PLACEMENT_3D ( 'NONE', #6933, #6885, #981 ) ;
#5310 =( NAMED_UNIT ( * ) PLANE_ANGLE_UNIT ( ) SI_UNIT ( $, .RADIAN. ) );
#5311 =( GEOMETRIC_REPRESENTATION_CONTEXT ( 3 ) GLOBAL_UNCERTAINTY_ASSIGNED_CONTEXT ( ( #4518 ) ) GLOBAL_UNIT_ASSIGNED_CONTEXT ( ( #1958, #1413, #3259 ) ) REPRESENTATION_CONTEXT ( 'NONE', 'WORKASPACE' ) );
#5312 = AXIS2_PLACEMENT_3D ( 'NONE', #7242, #4819, #1279 ) ;
#5313 = EDGE_LOOP ( 'NONE', ( #663, #259, #2225 ) ) ;
#5314 = DIRECTION ( 'NONE',  ( -0.2588190451025214611, 0.9659258262890682012, -0.000000000000000000 ) ) ;
#5315 = UNCERTAINTY_MEASURE_WITH_UNIT (LENGTH_MEASURE( 1.000000000000000082E-05 ), #4479, 'distance_accuracy_value', 'NONE');
#5316 = VECTOR ( 'NONE', #6417, 1000.000000000000000 ) ;
#5317 = DIRECTION ( 'NONE',  ( -0.000000000000000000, -0.000000000000000000, 1.000000000000000000 ) ) ;
#5318 = LINE ( 'NONE', #17, #6469 ) ;
#5319 = VERTEX_POINT ( 'NONE', #641 ) ;
#5320 = SURFACE_SIDE_STYLE ('',( #3103 ) ) ;
#5321 = CARTESIAN_POINT ( 'NONE',  ( -10.10918306013525481, -33.50833267993244391, 68.87019983082780072 ) ) ;
#5322 = STYLED_ITEM ( 'NONE', ( #2204 ), #1142 ) ;
#5323 = CARTESIAN_POINT ( 'NONE',  ( 33.46471313008111537, -10.25247436872414042, 69.33555798072744381 ) ) ;
#5324 = CIRCLE ( 'NONE', #4690, 1.649999999999998579 ) ;
#5325 = DIRECTION ( 'NONE',  ( -0.000000000000000000, -0.000000000000000000, 1.000000000000000000 ) ) ;
#5326 = FACE_OUTER_BOUND ( 'NONE', #4121, .T. ) ;
#5327 = CIRCLE ( 'NONE', #484, 1.649999999999997913 ) ;
#5328 = CARTESIAN_POINT ( 'NONE',  ( -33.76445839378300917, 9.218922444420620366, 70.74986216034436382 ) ) ;
#5329 = EDGE_CURVE ( 'NONE', #3061, #5355, #3284, .T. ) ;
#5330 = CARTESIAN_POINT ( 'NONE',  ( 23.84906519527823932, 25.61683214824520149, 69.49999999999998579 ) ) ;
#5331 = SURFACE_STYLE_USAGE ( .BOTH. , #4052 ) ;
#5332 = EDGE_LOOP ( 'NONE', ( #367, #4882, #6394 ) ) ;
#5333 = LINE ( 'NONE', #3985, #5953 ) ;
#5334 = DIRECTION ( 'NONE',  ( -0.000000000000000000, -0.000000000000000000, 1.000000000000000000 ) ) ;
#5335 = DIRECTION ( 'NONE',  ( 0.000000000000000000, 0.000000000000000000, 1.000000000000000000 ) ) ;
#5336 = DIRECTION ( 'NONE',  ( 1.000000000000000000, 0.000000000000000000, 0.000000000000000000 ) ) ;
#5337 = CARTESIAN_POINT ( 'NONE',  ( 33.46231238974483801, 10.26029480722307419, 55.66515748035297406 ) ) ;
#5338 = FILL_AREA_STYLE_COLOUR ( '', #4694 ) ;
#5339 = EDGE_LOOP ( 'NONE', ( #4513, #6075 ) ) ;
#5340 = EDGE_CURVE ( 'NONE', #6971, #4197, #2437, .T. ) ;
#5341 =( NAMED_UNIT ( * ) SI_UNIT ( $, .STERADIAN. ) SOLID_ANGLE_UNIT ( ) );
#5342 = CYLINDRICAL_SURFACE ( 'NONE', #5044, 1.249999999999985789 ) ;
#5343 = AXIS2_PLACEMENT_3D ( 'NONE', #6002, #3085, #6030 ) ;
#5344 = FACE_OUTER_BOUND ( 'NONE', #482, .T. ) ;
#5345 = CARTESIAN_POINT ( 'NONE',  ( 33.72126086098817410, -9.375468758798103153, 70.71716962019202413 ) ) ;
#5346 = VECTOR ( 'NONE', #4757, 1000.000000000000114 ) ;
#5347 = EDGE_CURVE ( 'NONE', #1354, #7707, #6512, .T. ) ;
#5348 = ORIENTED_EDGE ( 'NONE', *, *, #5006, .F. ) ;
#5349 = CARTESIAN_POINT ( 'NONE',  ( -8.900423269452995001, -33.84981015140744631, 56.75013697141072555 ) ) ;
#5350 = CYLINDRICAL_SURFACE ( 'NONE', #995, 1.249999999999997558 ) ;
#5351 = PRESENTATION_LAYER_ASSIGNMENT (  '', '', ( #4455 ) ) ;
#5352 = CARTESIAN_POINT ( 'NONE',  ( -8.741236312987256341, 33.89120293265680317, 70.71716962019200992 ) ) ;
#5353 = EDGE_LOOP ( 'NONE', ( #1104, #1019, #3865, #4733 ) ) ;
#5354 =( NAMED_UNIT ( * ) SI_UNIT ( $, .STERADIAN. ) SOLID_ANGLE_UNIT ( ) );
#5355 = VERTEX_POINT ( 'NONE', #1247 ) ;
#5356 = AXIS2_PLACEMENT_3D ( 'NONE', #7250, #5496, #2592 ) ;
#5357 = CIRCLE ( 'NONE', #1241, 1.249999999999987343 ) ;
#5358 = VERTEX_POINT ( 'NONE', #1175 ) ;
#5359 = CARTESIAN_POINT ( 'NONE',  ( -26.88648402932755488, 5.910116457457923467, 55.49999999999999289 ) ) ;
#5360 = LINE ( 'NONE', #1183, #446 ) ;
#5361 = DIRECTION ( 'NONE',  ( -0.2588190451025179084, -0.9659258262890689783, 0.000000000000000000 ) ) ;
#5362 = ORIENTED_EDGE ( 'NONE', *, *, #5669, .T. ) ;
#5363 = CARTESIAN_POINT ( 'NONE',  ( 25.61683214824923027, 23.84906519527391211, 69.49999999999936051 ) ) ;
#5364 = DIRECTION ( 'NONE',  ( -0.9659258262890683122, -0.2588190451025205174, 0.000000000000000000 ) ) ;
#5365 = DIRECTION ( 'NONE',  ( -1.000000000000000000, 0.000000000000000000, 0.000000000000000000 ) ) ;
#5366 = MECHANICAL_DESIGN_GEOMETRIC_PRESENTATION_REPRESENTATION (  '', ( #521 ), #2853 ) ;
#5367 = ADVANCED_FACE ( 'NONE', ( #3019 ), #5554, .F. ) ;
#5368 = CARTESIAN_POINT ( 'NONE',  ( 25.13708109668438340, -24.35431995556172424, 70.62377514882767571 ) ) ;
#5369 =( LENGTH_UNIT ( ) NAMED_UNIT ( * ) SI_UNIT ( .MILLI., .METRE. ) );
#5370 = VERTEX_POINT ( 'NONE', #5382 ) ;
#5371 = VECTOR ( 'NONE', #2323, 1000.000000000000000 ) ;
#5372 = DIRECTION ( 'NONE',  ( 0.000000000000000000, 0.000000000000000000, 1.000000000000000000 ) ) ;
#5373 = ADVANCED_FACE ( 'NONE', ( #4779, #4823 ), #7207, .F. ) ;
#5374 = AXIS2_PLACEMENT_3D ( 'NONE', #3310, #6348, #5121 ) ;
#5375 = DIRECTION ( 'NONE',  ( 0.000000000000000000, 0.000000000000000000, 1.000000000000000000 ) ) ;
#5376 = CARTESIAN_POINT ( 'NONE',  ( 25.19678751731786193, 15.49999999999956835, 73.00000000000000000 ) ) ;
#5377 = CARTESIAN_POINT ( 'NONE',  ( 24.20061324198781350, -25.28525165660262175, 68.49924284121848927 ) ) ;
#5378 = ORIENTED_EDGE ( 'NONE', *, *, #6086, .T. ) ;
#5379 = LINE ( 'NONE', #1278, #3869 ) ;
#5380 = CARTESIAN_POINT ( 'NONE',  ( -7.851259295726926268, 34.13092772649554263, 55.49999999999999289 ) ) ;
#5381 = DIRECTION ( 'NONE',  ( -0.6946583704590002517, 0.7193398003386483053, 0.000000000000000000 ) ) ;
#5382 = CARTESIAN_POINT ( 'NONE',  ( -20.32931995911327760, 18.56155300614685544, 69.49999999999998579 ) ) ;
#5383 = EDGE_CURVE ( 'NONE', #4197, #3915, #1970, .T. ) ;
#5384 = EDGE_LOOP ( 'NONE', ( #6987, #2771 ) ) ;
#5385 = DIRECTION ( 'NONE',  ( -0.7071067811865487940, 0.7071067811865462405, -0.000000000000000000 ) ) ;
#5386 = FACE_OUTER_BOUND ( 'NONE', #5384, .T. ) ;
#5387 = AXIS2_PLACEMENT_3D ( 'NONE', #2543, #3600, #1891 ) ;
#5388 = DIRECTION ( 'NONE',  ( -0.9659258262890673130, -0.2588190451025248473, -0.000000000000000000 ) ) ;
#5389 = ORIENTED_EDGE ( 'NONE', *, *, #5478, .F. ) ;
#5390 = ORIENTED_EDGE ( 'NONE', *, *, #2523, .T. ) ;
#5391 = CARTESIAN_POINT ( 'NONE',  ( -9.791745369165642643, 33.60247514953424286, 56.49490063177623256 ) ) ;
#5392 = ORIENTED_EDGE ( 'NONE', *, *, #1037, .T. ) ;
#5393 = ORIENTED_EDGE ( 'NONE', *, *, #2064, .T. ) ;
#5394 = DIRECTION ( 'NONE',  ( 0.000000000000000000, 0.000000000000000000, -1.000000000000000000 ) ) ;
#5395 = UNCERTAINTY_MEASURE_WITH_UNIT (LENGTH_MEASURE( 1.000000000000000082E-05 ), #3295, 'distance_accuracy_value', 'NONE');
#5396 = CARTESIAN_POINT ( 'NONE',  ( 15.50000000000040679, 26.84678751731736313, 73.00000000000000000 ) ) ;
#5397 = ORIENTED_EDGE ( 'NONE', *, *, #5263, .T. ) ;
#5398 = CARTESIAN_POINT ( 'NONE',  ( 23.96465706155786179, 25.50880471513537984, 70.12992980600232329 ) ) ;
#5399 = CARTESIAN_POINT ( 'NONE',  ( 33.47406479658247491, -10.22190009509813180, 69.17537727027522010 ) ) ;
#5400 = CARTESIAN_POINT ( 'NONE',  ( 35.00000000000000711, 4.286263797015737285E-15, 72.50000000000000000 ) ) ;
#5401 = ORIENTED_EDGE ( 'NONE', *, *, #5024, .F. ) ;
#5402 =( NAMED_UNIT ( * ) PLANE_ANGLE_UNIT ( ) SI_UNIT ( $, .RADIAN. ) );
#5403 = CARTESIAN_POINT ( 'NONE',  ( 19.44543648263023883, -19.44543648262989777, 69.49999999999998579 ) ) ;
#5404 = VERTEX_POINT ( 'NONE', #2512 ) ;
#5405 = EDGE_CURVE ( 'NONE', #3977, #4990, #2426, .T. ) ;
#5406 = EDGE_CURVE ( 'NONE', #5940, #1578, #2791, .T. ) ;
#5407 = CARTESIAN_POINT ( 'NONE',  ( 0.000000000000000000, -31.00000000000000000, 73.00000000000000000 ) ) ;
#5408 = CARTESIAN_POINT ( 'NONE',  ( 0.000000000000000000, 31.00000000000000000, 67.50000000000000000 ) ) ;
#5409 = DIRECTION ( 'NONE',  ( -0.2588190451025144112, -0.9659258262890699775, -0.000000000000000000 ) ) ;
#5410 = CARTESIAN_POINT ( 'NONE',  ( -26.84678751731773971, -15.49999999999974953, 73.00000000000000000 ) ) ;
#5411 = FACE_OUTER_BOUND ( 'NONE', #4890, .T. ) ;
#5412 = ADVANCED_FACE ( 'NONE', ( #3208 ), #3781, .F. ) ;
#5413 = ORIENTED_EDGE ( 'NONE', *, *, #6625, .T. ) ;
#5414 = CARTESIAN_POINT ( 'NONE',  ( 15.49999999999984368, -26.84678751731768998, 67.50000000000000000 ) ) ;
#5415 = CARTESIAN_POINT ( 'NONE',  ( -33.58438219073073583, -9.853558116862997096, 70.44215622177354419 ) ) ;
#5416 = SURFACE_STYLE_FILL_AREA ( #38 ) ;
#5417 = CARTESIAN_POINT ( 'NONE',  ( 34.05230794512230830, -8.090343774675480049, 70.26921617977552614 ) ) ;
#5418 = CIRCLE ( 'NONE', #1299, 1.649999999999998579 ) ;
#5419 = EDGE_CURVE ( 'NONE', #3221, #3027, #1196, .T. ) ;
#5420 = VERTEX_POINT ( 'NONE', #7322 ) ;
#5421 = CARTESIAN_POINT ( 'NONE',  ( -10.02062021607662601, -33.53506284871987475, 56.26794143074936727 ) ) ;
#5422 =( LENGTH_UNIT ( ) NAMED_UNIT ( * ) SI_UNIT ( .MILLI., .METRE. ) );
#5423 = DIRECTION ( 'NONE',  ( 0.2588190451025076944, 0.9659258262890718649, -0.000000000000000000 ) ) ;
#5424 = ORIENTED_EDGE ( 'NONE', *, *, #6947, .T. ) ;
#5425 = EDGE_LOOP ( 'NONE', ( #3585, #5778, #1932, #5452 ) ) ;
#5426 = CARTESIAN_POINT ( 'NONE',  ( 23.96402182591210206, -25.50940096970237647, 56.12841670645253345 ) ) ;
#5427 =( GEOMETRIC_REPRESENTATION_CONTEXT ( 3 ) GLOBAL_UNCERTAINTY_ASSIGNED_CONTEXT ( ( #5315 ) ) GLOBAL_UNIT_ASSIGNED_CONTEXT ( ( #4479, #7492, #839 ) ) REPRESENTATION_CONTEXT ( 'NONE', 'WORKASPACE' ) );
#5428 = CARTESIAN_POINT ( 'NONE',  ( 0.000000000000000000, 0.000000000000000000, 66.19999999999998863 ) ) ;
#5429 =( NAMED_UNIT ( * ) SI_UNIT ( $, .STERADIAN. ) SOLID_ANGLE_UNIT ( ) );
#5430 = ORIENTED_EDGE ( 'NONE', *, *, #1545, .T. ) ;
#5431 = CARTESIAN_POINT ( 'NONE',  ( -33.72126086098811726, 9.375468758798342961, 56.71716962019198860 ) ) ;
#5432 = LINE ( 'NONE', #4978, #182 ) ;
#5433 = PRESENTATION_LAYER_ASSIGNMENT (  '', '', ( #6931 ) ) ;
#5434 = ORIENTED_EDGE ( 'NONE', *, *, #1410, .F. ) ;
#5435 = AXIS2_PLACEMENT_3D ( 'NONE', #5883, #584, #5442 ) ;
#5436 = AXIS2_PLACEMENT_3D ( 'NONE', #6823, #3780, #2502 ) ;
#5437 = LINE ( 'NONE', #94, #1231 ) ;
#5438 = LINE ( 'NONE', #6109, #3524 ) ;
#5439 = VERTEX_POINT ( 'NONE', #6189 ) ;
#5440 = AXIS2_PLACEMENT_3D ( 'NONE', #4110, #3519, #6509 ) ;
#5441 = CARTESIAN_POINT ( 'NONE',  ( 25.44499185062883129, -24.03259720677943179, 70.26921617977552614 ) ) ;
#5442 = DIRECTION ( 'NONE',  ( -0.9659258262890683122, -0.2588190451025205174, 0.000000000000000000 ) ) ;
#5443 = STYLED_ITEM ( 'NONE', ( #6903 ), #6001 ) ;
#5444 = ORIENTED_EDGE ( 'NONE', *, *, #4510, .F. ) ;
#5445 = DIRECTION ( 'NONE',  ( -0.9659258262890719759, 0.2588190451025066952, 0.000000000000000000 ) ) ;
#5446 =( GEOMETRIC_REPRESENTATION_CONTEXT ( 3 ) GLOBAL_UNCERTAINTY_ASSIGNED_CONTEXT ( ( #1405 ) ) GLOBAL_UNIT_ASSIGNED_CONTEXT ( ( #4020, #5161, #1623 ) ) REPRESENTATION_CONTEXT ( 'NONE', 'WORKASPACE' ) );
#5447 = DIRECTION ( 'NONE',  ( 0.9612616959383164517, -0.2756373558170076010, 0.000000000000000000 ) ) ;
#5448 = FILL_AREA_STYLE ('',( #3046 ) ) ;
#5449 = DIRECTION ( 'NONE',  ( -0.000000000000000000, -0.000000000000000000, 1.000000000000000000 ) ) ;
#5450 = DIRECTION ( 'NONE',  ( 0.000000000000000000, 0.000000000000000000, 1.000000000000000000 ) ) ;
#5451 = CARTESIAN_POINT ( 'NONE',  ( 33.85033993624905690, 8.898408164504989060, 56.74986216034435671 ) ) ;
#5452 = ORIENTED_EDGE ( 'NONE', *, *, #101, .F. ) ;
#5453 = CIRCLE ( 'NONE', #2815, 1.249999999999987788 ) ;
#5454 = DIRECTION ( 'NONE',  ( -0.000000000000000000, -0.000000000000000000, -1.000000000000000000 ) ) ;
#5455 = CARTESIAN_POINT ( 'NONE',  ( -33.47208803505519370, -10.22854968441285628, 69.82922580273994129 ) ) ;
#5456 = CARTESIAN_POINT ( 'NONE',  ( -8.931855198189998291, -11.42243243440582212, -12.34999999999999964 ) ) ;
#5457 = AXIS2_PLACEMENT_3D ( 'NONE', #5242, #1232, #4133 ) ;
#5458 = CARTESIAN_POINT ( 'NONE',  ( 33.84981015140748184, -8.900423269452879538, 70.75013697141072555 ) ) ;
#5459 = EDGE_LOOP ( 'NONE', ( #3020, #2703, #994, #7281 ) ) ;
#5460 = DIRECTION ( 'NONE',  ( 0.9659258262890654256, 0.2588190451025315642, -0.000000000000000000 ) ) ;
#5461 = SURFACE_STYLE_FILL_AREA ( #6758 ) ;
#5462 = VECTOR ( 'NONE', #5828, 1000.000000000000000 ) ;
#5463 = VERTEX_POINT ( 'NONE', #4889 ) ;
#5464 = ORIENTED_EDGE ( 'NONE', *, *, #6058, .T. ) ;
#5465 = FACE_OUTER_BOUND ( 'NONE', #2286, .T. ) ;
#5466 = CARTESIAN_POINT ( 'NONE',  ( 33.53533562530431311, 10.01971073834294579, 70.26921617977554035 ) ) ;
#5467 = ADVANCED_FACE ( 'NONE', ( #892 ), #2549, .F. ) ;
#5468 = CARTESIAN_POINT ( 'NONE',  ( 7.845480241500155216, -34.10936000250126199, 55.41841486166936193 ) ) ;
#5469 = VECTOR ( 'NONE', #4272, 1000.000000000000000 ) ;
#5470 = AXIS2_PLACEMENT_3D ( 'NONE', #3512, #5334, #7554 ) ;
#5471 =( LENGTH_UNIT ( ) NAMED_UNIT ( * ) SI_UNIT ( .MILLI., .METRE. ) );
#5472 = EDGE_LOOP ( 'NONE', ( #2441, #5869 ) ) ;
#5473 = CARTESIAN_POINT ( 'NONE',  ( -33.60056864402277199, -9.798729503278998720, 68.50065340017646065 ) ) ;
#5474 = MECHANICAL_DESIGN_GEOMETRIC_PRESENTATION_REPRESENTATION (  '', ( #2695 ), #6342 ) ;
#5475 = CARTESIAN_POINT ( 'NONE',  ( 10.25247436872402673, 33.46471313008115800, 69.33555798072745802 ) ) ;
#5476 = STYLED_ITEM ( 'NONE', ( #4749 ), #7475 ) ;
#5477 = LINE ( 'NONE', #1909, #2298 ) ;
#5478 = EDGE_CURVE ( 'NONE', #4884, #3503, #4965, .T. ) ;
#5479 = SURFACE_SIDE_STYLE ('',( #254 ) ) ;
#5480 = DIRECTION ( 'NONE',  ( -0.000000000000000000, -0.000000000000000000, 1.000000000000000000 ) ) ;
#5481 = CARTESIAN_POINT ( 'NONE',  ( 26.56296022294930737, 7.117523740319618319, 55.49999999999999289 ) ) ;
#5482 = FILL_AREA_STYLE_COLOUR ( '', #3948 ) ;
#5483 = SURFACE_STYLE_USAGE ( .BOTH. , #7269 ) ;
#5484 = DIRECTION ( 'NONE',  ( 0.9659258262890708657, -0.2588190451025111360, -0.000000000000000000 ) ) ;
#5485 = VERTEX_POINT ( 'NONE', #2658 ) ;
#5486 = CARTESIAN_POINT ( 'NONE',  ( 25.44523616284829259, -24.03233799897534695, 68.73126142467575050 ) ) ;
#5487 = ORIENTED_EDGE ( 'NONE', *, *, #1710, .F. ) ;
#5488 = LINE ( 'NONE', #1817, #28 ) ;
#5489 = CARTESIAN_POINT ( 'NONE',  ( -33.60247514953422154, -9.791745369165761659, 70.49490063177621835 ) ) ;
#5490 = ADVANCED_FACE ( 'NONE', ( #1311 ), #6912, .F. ) ;
#5491 = VECTOR ( 'NONE', #3359, 1000.000000000000000 ) ;
#5492 = DIRECTION ( 'NONE',  ( 1.000000000000000000, 0.000000000000000000, 0.000000000000000000 ) ) ;
#5493 = DIRECTION ( 'NONE',  ( 0.7071067811865405783, 0.7071067811865544561, 0.000000000000000000 ) ) ;
#5494 = CARTESIAN_POINT ( 'NONE',  ( -8.453225370535250249, -33.96391606373715888, 56.58541951627361755 ) ) ;
#5495 = LINE ( 'NONE', #1249, #1457 ) ;
#5496 = DIRECTION ( 'NONE',  ( 0.2588190451025214611, -0.9659258262890682012, -0.000000000000000000 ) ) ;
#5497 = ORIENTED_EDGE ( 'NONE', *, *, #4680, .F. ) ;
#5498 = SURFACE_STYLE_USAGE ( .BOTH. , #5320 ) ;
#5499 = ORIENTED_EDGE ( 'NONE', *, *, #660, .F. ) ;
#5500 = LINE ( 'NONE', #160, #4120 ) ;
#5501 = ADVANCED_FACE ( 'NONE', ( #3677 ), #4928, .F. ) ;
#5502 = CARTESIAN_POINT ( 'NONE',  ( -1.649999999999565370, 31.00000000000000000, 73.00000000000000000 ) ) ;
#5503 = EDGE_CURVE ( 'NONE', #6400, #219, #3097, .T. ) ;
#5504 = DIRECTION ( 'NONE',  ( 0.7071067811865388020, 0.7071067811865563435, -0.000000000000000000 ) ) ;
#5505 = PRESENTATION_LAYER_ASSIGNMENT (  '', '', ( #1159 ) ) ;
#5506 = FACE_OUTER_BOUND ( 'NONE', #6698, .T. ) ;
#5507 = VERTEX_POINT ( 'NONE', #6425 ) ;
#5508 =( NAMED_UNIT ( * ) PLANE_ANGLE_UNIT ( ) SI_UNIT ( $, .RADIAN. ) );
#5509 = CARTESIAN_POINT ( 'NONE',  ( 10.26029480722272780, -33.46231238974495881, 55.49999999999999289 ) ) ;
#5510 = EDGE_CURVE ( 'NONE', #7643, #323, #2090, .T. ) ;
#5511 = ORIENTED_EDGE ( 'NONE', *, *, #5329, .F. ) ;
#5512 = CARTESIAN_POINT ( 'NONE',  ( 9.665042753927968633, 33.63940933168332492, 68.40755231783181500 ) ) ;
#5513 = DIRECTION ( 'NONE',  ( 0.7193398003386508588, 0.6946583704589975872, 0.000000000000000000 ) ) ;
#5514 = EDGE_CURVE ( 'NONE', #5319, #2713, #7669, .T. ) ;
#5515 = DIRECTION ( 'NONE',  ( -0.000000000000000000, -0.000000000000000000, 1.000000000000000000 ) ) ;
#5516 = LINE ( 'NONE', #4985, #5680 ) ;
#5517 = CYLINDRICAL_SURFACE ( 'NONE', #830, 1.649999999999998579 ) ;
#5518 = DIRECTION ( 'NONE',  ( -0.000000000000000000, -0.000000000000000000, 1.000000000000000000 ) ) ;
#5519 = ORIENTED_EDGE ( 'NONE', *, *, #3391, .T. ) ;
#5520 = FACE_OUTER_BOUND ( 'NONE', #1356, .T. ) ;
#5521 = DIRECTION ( 'NONE',  ( -1.000000000000000000, 0.000000000000000000, 0.000000000000000000 ) ) ;
#5522 = ORIENTED_EDGE ( 'NONE', *, *, #2445, .T. ) ;
#5523 = DIRECTION ( 'NONE',  ( -0.9659258262890692004, 0.2588190451025179084, -0.000000000000000000 ) ) ;
#5524 = CARTESIAN_POINT ( 'NONE',  ( 33.47406479658248202, -10.22190009509813002, 55.17537727027523431 ) ) ;
#5525 = EDGE_CURVE ( 'NONE', #1261, #1326, #5803, .T. ) ;
#5526 = DIRECTION ( 'NONE',  ( -1.000000000000000000, 0.000000000000000000, 0.000000000000000000 ) ) ;
#5527 = ADVANCED_FACE ( 'NONE', ( #928 ), #5682, .T. ) ;
#5528 = FILL_AREA_STYLE_COLOUR ( '', #7667 ) ;
#5529 = CARTESIAN_POINT ( 'NONE',  ( 33.47189422528855118, 10.22918568500046810, 69.17270578215243404 ) ) ;
#5530 = DIRECTION ( 'NONE',  ( 1.000000000000000000, 0.000000000000000000, 0.000000000000000000 ) ) ;
#5531 = SURFACE_STYLE_USAGE ( .BOTH. , #4967 ) ;
#5532 = ORIENTED_EDGE ( 'NONE', *, *, #1101, .F. ) ;
#5533 = ORIENTED_EDGE ( 'NONE', *, *, #2261, .F. ) ;
#5534 = SURFACE_STYLE_USAGE ( .BOTH. , #2520 ) ;
#5535 = DIRECTION ( 'NONE',  ( 1.000000000000000000, 0.000000000000000000, 0.000000000000000000 ) ) ;
#5536 = AXIS2_PLACEMENT_3D ( 'NONE', #4390, #1495, #2030 ) ;
#5537 = CARTESIAN_POINT ( 'NONE',  ( 8.315720026421949740, -33.99797689669439649, 54.49924284121849638 ) ) ;
#5538 = UNCERTAINTY_MEASURE_WITH_UNIT (LENGTH_MEASURE( 1.000000000000000082E-05 ), #1722, 'distance_accuracy_value', 'NONE');
#5539 = CARTESIAN_POINT ( 'NONE',  ( -34.00000000000000000, -3.178005909718203197E-15, 66.19999999999998863 ) ) ;
#5540 = CONICAL_SURFACE ( 'NONE', #6641, 1.249999999999987343, 1.029744258676644986 ) ;
#5541 = FILL_AREA_STYLE_COLOUR ( '', #2463 ) ;
#5542 = EDGE_LOOP ( 'NONE', ( #2124, #2300 ) ) ;
#5543 = CARTESIAN_POINT ( 'NONE',  ( -33.53506284871984633, 10.02062021607674147, 56.26794143074935306 ) ) ;
#5544 =( GEOMETRIC_REPRESENTATION_CONTEXT ( 3 ) GLOBAL_UNCERTAINTY_ASSIGNED_CONTEXT ( ( #659 ) ) GLOBAL_UNIT_ASSIGNED_CONTEXT ( ( #6111, #3772, #2609 ) ) REPRESENTATION_CONTEXT ( 'NONE', 'WORKASPACE' ) );
#5545 = FACE_OUTER_BOUND ( 'NONE', #5771, .T. ) ;
#5546 = ORIENTED_EDGE ( 'NONE', *, *, #4643, .T. ) ;
#5547 = CARTESIAN_POINT ( 'NONE',  ( 25.50940096970229476, 23.96402182591220154, 56.12841670645251924 ) ) ;
#5548 = UNCERTAINTY_MEASURE_WITH_UNIT (LENGTH_MEASURE( 1.000000000000000082E-05 ), #6989, 'distance_accuracy_value', 'NONE');
#5549 = COLOUR_RGB ( '',1.000000000000000000, 1.000000000000000000, 1.000000000000000000 ) ;
#5550 = PRESENTATION_LAYER_ASSIGNMENT (  '', '', ( #68 ) ) ;
#5551 = CARTESIAN_POINT ( 'NONE',  ( -15.49999999999965716, 26.84678751731779656, 75.00000000000000000 ) ) ;
#5552 = AXIS2_PLACEMENT_3D ( 'NONE', #6175, #842, #4987 ) ;
#5553 = CARTESIAN_POINT ( 'NONE',  ( 26.84678751731763313, 15.49999999999993783, 67.50000000000000000 ) ) ;
#5554 = CONICAL_SURFACE ( 'NONE', #4285, 1.249999999999988232, 1.029744258676644764 ) ;
#5555 = DIRECTION ( 'NONE',  ( -0.000000000000000000, -0.000000000000000000, 1.000000000000000000 ) ) ;
#5556 = MECHANICAL_DESIGN_GEOMETRIC_PRESENTATION_REPRESENTATION (  '', ( #4041 ), #5041 ) ;
#5557 = VECTOR ( 'NONE', #5086, 1000.000000000000114 ) ;
#5558 = DIRECTION ( 'NONE',  ( -1.000000000000000000, 0.000000000000000000, 0.000000000000000000 ) ) ;
#5559 = VECTOR ( 'NONE', #6112, 1000.000000000000000 ) ;
#5560 = DIRECTION ( 'NONE',  ( -0.000000000000000000, -0.000000000000000000, 1.000000000000000000 ) ) ;
#5561 = DIRECTION ( 'NONE',  ( 0.2588190451025122463, 0.9659258262890706437, 0.000000000000000000 ) ) ;
#5562 = ORIENTED_EDGE ( 'NONE', *, *, #5347, .F. ) ;
#5563 = CARTESIAN_POINT ( 'NONE',  ( -25.59453581398947719, -23.87307303998072072, 69.82754978985013850 ) ) ;
#5564 = CARTESIAN_POINT ( 'NONE',  ( 23.84906519527381974, -25.61683214824931554, 69.49999999999936051 ) ) ;
#5565 = ORIENTED_EDGE ( 'NONE', *, *, #6406, .F. ) ;
#5566 = AXIS2_PLACEMENT_3D ( 'NONE', #7551, #7044, #1048 ) ;
#5567 = DIRECTION ( 'NONE',  ( -0.000000000000000000, 0.000000000000000000, 1.000000000000000000 ) ) ;
#5568 = CARTESIAN_POINT ( 'NONE',  ( -34.10936000250125488, -7.845480241500066398, 69.66313326947209816 ) ) ;
#5569 = COLOUR_RGB ( '',1.000000000000000000, 1.000000000000000000, 1.000000000000000000 ) ;
#5570 = CYLINDRICAL_SURFACE ( 'NONE', #370, 1.249999999999988676 ) ;
#5571 = ORIENTED_EDGE ( 'NONE', *, *, #5878, .F. ) ;
#5572 = CARTESIAN_POINT ( 'NONE',  ( -25.44615196647982458, -24.03137496534094453, 54.73257693896660925 ) ) ;
#5573 = SURFACE_SIDE_STYLE ('',( #185 ) ) ;
#5574 = COLOUR_RGB ( '',1.000000000000000000, 1.000000000000000000, 1.000000000000000000 ) ;
#5575 =( GEOMETRIC_REPRESENTATION_CONTEXT ( 3 ) GLOBAL_UNCERTAINTY_ASSIGNED_CONTEXT ( ( #2410 ) ) GLOBAL_UNIT_ASSIGNED_CONTEXT ( ( #5217, #3806, #7561 ) ) REPRESENTATION_CONTEXT ( 'NONE', 'WORKASPACE' ) );
#5576 = EDGE_CURVE ( 'NONE', #3903, #4053, #2197, .T. ) ;
#5577 = CARTESIAN_POINT ( 'NONE',  ( 28.09678751731752655, -15.50000000000012612, 75.00000000000000000 ) ) ;
#5578 = CARTESIAN_POINT ( 'NONE',  ( -25.59422788810038440, 23.87340371386058635, 55.82922580273998392 ) ) ;
#5579 = ORIENTED_EDGE ( 'NONE', *, *, #1941, .F. ) ;
#5580 = CARTESIAN_POINT ( 'NONE',  ( 1.249999999999997558, -31.00000000000000000, 67.50000000000000000 ) ) ;
#5581 = CARTESIAN_POINT ( 'NONE',  ( -20.32931995911327760, 18.56155300614685544, 55.49999999999999289 ) ) ;
#5582 = CARTESIAN_POINT ( 'NONE',  ( 17.15000000000040714, 26.84678751731736313, 73.00000000000000000 ) ) ;
#5583 = EDGE_CURVE ( 'NONE', #4388, #6488, #4531, .T. ) ;
#5584 = COLOUR_RGB ( '',1.000000000000000000, 1.000000000000000000, 1.000000000000000000 ) ;
#5585 = CARTESIAN_POINT ( 'NONE',  ( 15.49999999999984368, -26.84678751731768998, 67.50000000000000000 ) ) ;
#5586 = ORIENTED_EDGE ( 'NONE', *, *, #4770, .T. ) ;
#5587 = CARTESIAN_POINT ( 'NONE',  ( -34.05230794512224435, 8.090343774675718080, 56.26921617977554035 ) ) ;
#5588 = DIRECTION ( 'NONE',  ( 0.000000000000000000, 0.000000000000000000, 1.000000000000000000 ) ) ;
#5589 = AXIS2_PLACEMENT_3D ( 'NONE', #1339, #290, #4992 ) ;
#5590 = ORIENTED_EDGE ( 'NONE', *, *, #4777, .F. ) ;
#5591 = CARTESIAN_POINT ( 'NONE',  ( 7.877212449405668337, 34.10210355438579199, 69.17270578215243404 ) ) ;
#5592 = CARTESIAN_POINT ( 'NONE',  ( 14.24999999999984546, -26.84678751731768998, 75.00000000000000000 ) ) ;
#5593 = PRESENTATION_LAYER_ASSIGNMENT (  '', '', ( #7447 ) ) ;
#5594 = DIRECTION ( 'NONE',  ( -0.000000000000000000, 0.000000000000000000, 1.000000000000000000 ) ) ;
#5595 = CYLINDRICAL_SURFACE ( 'NONE', #3294, 1.249999999999985789 ) ;
#5596 = FACE_OUTER_BOUND ( 'NONE', #4993, .T. ) ;
#5597 = EDGE_CURVE ( 'NONE', #4153, #4836, #6663, .T. ) ;
#5598 = AXIS2_PLACEMENT_3D ( 'NONE', #3134, #4379, #7285 ) ;
#5599 = AXIS2_PLACEMENT_3D ( 'NONE', #3480, #5375, #700 ) ;
#5600 = FACE_OUTER_BOUND ( 'NONE', #1205, .T. ) ;
#5601 = VERTEX_POINT ( 'NONE', #3348 ) ;
#5602 = DIRECTION ( 'NONE',  ( 0.9659258262890706437, -0.2588190451025124128, 0.000000000000000000 ) ) ;
#5603 = CARTESIAN_POINT ( 'NONE',  ( -23.14298219578689952, 4.080732175172792964, -13.84999999999999964 ) ) ;
#5604 = ORIENTED_EDGE ( 'NONE', *, *, #6511, .F. ) ;
#5605 = VECTOR ( 'NONE', #1517, 1000.000000000000000 ) ;
#5606 = FACE_OUTER_BOUND ( 'NONE', #2037, .T. ) ;
#5607 = LINE ( 'NONE', #889, #4177 ) ;
#5608 = CARTESIAN_POINT ( 'NONE',  ( 34.07365886934940136, 7.999356998381947470, 54.87019983082779362 ) ) ;
#5609 = CARTESIAN_POINT ( 'NONE',  ( -33.96391606373712335, 8.453225370535371042, 70.58541951627360334 ) ) ;
#5610 = CARTESIAN_POINT ( 'NONE',  ( -24.63311137724495481, -24.86436037437321289, 54.25005803955803430 ) ) ;
#5611 = PRESENTATION_LAYER_ASSIGNMENT (  '', '', ( #5730 ) ) ;
#5612 = CARTESIAN_POINT ( 'NONE',  ( -26.56296022294935710, -7.117523740319432690, 55.49999999999999289 ) ) ;
#5613 = CARTESIAN_POINT ( 'NONE',  ( -25.50940096970246174, -23.96402182591201679, 56.12841670645251213 ) ) ;
#5614 = DIRECTION ( 'NONE',  ( 0.7193398003386508588, 0.6946583704589975872, 0.000000000000000000 ) ) ;
#5615 = ORIENTED_EDGE ( 'NONE', *, *, #4695, .T. ) ;
#5616 = ADVANCED_FACE ( 'NONE', ( #921 ), #599, .F. ) ;
#5617 = FACE_BOUND ( 'NONE', #2447, .T. ) ;
#5618 = EDGE_LOOP ( 'NONE', ( #6370, #4076 ) ) ;
#5619 = CARTESIAN_POINT ( 'NONE',  ( -33.66000032175299594, -9.592190828937249947, 56.62377514882767571 ) ) ;
#5620 = DIRECTION ( 'NONE',  ( 1.000000000000000000, 0.000000000000000000, 0.000000000000000000 ) ) ;
#5621 = EDGE_CURVE ( 'NONE', #2479, #6429, #1537, .T. ) ;
#5622 = CARTESIAN_POINT ( 'NONE',  ( 19.44543648263023883, -19.44543648262989777, 55.49999999999999289 ) ) ;
#5623 = CARTESIAN_POINT ( 'NONE',  ( 0.000000000000000000, -31.00000000000000000, 67.50000000000000000 ) ) ;
#5624 = DIRECTION ( 'NONE',  ( 0.2588190451025076944, 0.9659258262890718649, -0.000000000000000000 ) ) ;
#5625 = VERTEX_POINT ( 'NONE', #5792 ) ;
#5626 = FACE_OUTER_BOUND ( 'NONE', #5003, .T. ) ;
#5627 = CARTESIAN_POINT ( 'NONE',  ( -19.44543648263010382, 19.44543648263003277, 69.49999999999998579 ) ) ;
#5628 = EDGE_CURVE ( 'NONE', #6281, #7643, #5039, .T. ) ;
#5629 = EDGE_LOOP ( 'NONE', ( #4157, #3574, #5215, #4375 ) ) ;
#5630 = CARTESIAN_POINT ( 'NONE',  ( -24.74873734152921401, 24.74873734152912519, 69.49999999999998579 ) ) ;
#5631 = UNCERTAINTY_MEASURE_WITH_UNIT (LENGTH_MEASURE( 1.000000000000000082E-05 ), #6951, 'distance_accuracy_value', 'NONE');
#5632 = SURFACE_STYLE_USAGE ( .BOTH. , #3223 ) ;
#5633 = ORIENTED_EDGE ( 'NONE', *, *, #3082, .F. ) ;
#5634 = DIRECTION ( 'NONE',  ( 0.7071067811865405783, 0.7071067811865544561, 0.000000000000000000 ) ) ;
#5635 = CARTESIAN_POINT ( 'NONE',  ( 33.46231238974307587, -10.26029480722885445, 55.49999999999934630 ) ) ;
#5636 =( NAMED_UNIT ( * ) SI_UNIT ( $, .STERADIAN. ) SOLID_ANGLE_UNIT ( ) );
#5637 = CARTESIAN_POINT ( 'NONE',  ( -33.60097168302478110, 9.797363654706712666, 54.49924284121849638 ) ) ;
#5638 = VERTEX_POINT ( 'NONE', #4580 ) ;
#5639 = EDGE_CURVE ( 'NONE', #391, #5358, #958, .T. ) ;
#5640 = EDGE_LOOP ( 'NONE', ( #4959, #3358, #5949, #7684 ) ) ;
#5641 = EDGE_CURVE ( 'NONE', #6848, #3983, #6918, .T. ) ;
#5642 = VERTEX_POINT ( 'NONE', #7545 ) ;
#5643 = DIRECTION ( 'NONE',  ( -0.000000000000000000, -0.000000000000000000, -1.000000000000000000 ) ) ;
#5644 = EDGE_LOOP ( 'NONE', ( #6620, #661, #6014 ) ) ;
#5645 = CARTESIAN_POINT ( 'NONE',  ( 31.00000000000000355, -5.429684479807406206E-13, 73.00000000000000000 ) ) ;
#5646 = CARTESIAN_POINT ( 'NONE',  ( 34.10034052931587212, 7.884607240989730315, 55.17537727027524141 ) ) ;
#5647 = LINE ( 'NONE', #295, #3821 ) ;
#5648 = EDGE_CURVE ( 'NONE', #5835, #5715, #4491, .T. ) ;
#5649 = FACE_OUTER_BOUND ( 'NONE', #5106, .T. ) ;
#5650 = LINE ( 'NONE', #3838, #5605 ) ;
#5651 = CARTESIAN_POINT ( 'NONE',  ( -25.44499185062864655, 24.03259720677960587, 56.26921617977551193 ) ) ;
#5652 = ORIENTED_EDGE ( 'NONE', *, *, #5840, .F. ) ;
#5653 =( NAMED_UNIT ( * ) SI_UNIT ( $, .STERADIAN. ) SOLID_ANGLE_UNIT ( ) );
#5654 = CARTESIAN_POINT ( 'NONE',  ( 7.999523156526170631, 34.07361988511530626, 54.86992887182174172 ) ) ;
#5655 = CARTESIAN_POINT ( 'NONE',  ( -33.53523330087092802, -10.02005192283326629, 54.73126142467578603 ) ) ;
#5656 = ADVANCED_FACE ( 'NONE', ( #1007 ), #3307, .T. ) ;
#5657 = CARTESIAN_POINT ( 'NONE',  ( 33.80740392011748696, -9.058666578587894591, 69.49999999999998579 ) ) ;
#5658 = CYLINDRICAL_SURFACE ( 'NONE', #2350, 1.249999999999988232 ) ;
#5659 = ORIENTED_EDGE ( 'NONE', *, *, #2390, .T. ) ;
#5660 = FACE_OUTER_BOUND ( 'NONE', #7239, .T. ) ;
#5661 = ORIENTED_EDGE ( 'NONE', *, *, #5822, .F. ) ;
#5662 = DIRECTION ( 'NONE',  ( 0.9659258262890708657, -0.2588190451025111360, -0.000000000000000000 ) ) ;
#5663 = AXIS2_PLACEMENT_3D ( 'NONE', #5667, #2144, #449 ) ;
#5664 = AXIS2_PLACEMENT_3D ( 'NONE', #3688, #5394, #3722 ) ;
#5665 = PRESENTATION_STYLE_ASSIGNMENT (( #1072 ) ) ;
#5666 = ORIENTED_EDGE ( 'NONE', *, *, #4717, .F. ) ;
#5667 = CARTESIAN_POINT ( 'NONE',  ( 0.000000000000000000, 31.00000000000000000, 75.00000000000000000 ) ) ;
#5668 = CARTESIAN_POINT ( 'NONE',  ( 34.05230794512230830, -8.090343774675481825, 56.26921617977554035 ) ) ;
#5669 = EDGE_CURVE ( 'NONE', #6888, #167, #5143, .T. ) ;
#5670 = ORIENTED_EDGE ( 'NONE', *, *, #4223, .F. ) ;
#5671 = LINE ( 'NONE', #4951, #1222 ) ;
#5672 = CIRCLE ( 'NONE', #3271, 35.00000000000000711 ) ;
#5673 = DIRECTION ( 'NONE',  ( 0.000000000000000000, 0.000000000000000000, 1.000000000000000000 ) ) ;
#5674 = LINE ( 'NONE', #5246, #1203 ) ;
#5675 = CARTESIAN_POINT ( 'NONE',  ( -24.19958127568704498, -25.28623299666310231, 68.50065340017646065 ) ) ;
#5676 = ORIENTED_EDGE ( 'NONE', *, *, #2634, .T. ) ;
#5677 = DIRECTION ( 'NONE',  ( -0.2588190451025177419, -0.9659258262890692004, 0.000000000000000000 ) ) ;
#5678 = ORIENTED_EDGE ( 'NONE', *, *, #7215, .F. ) ;
#5679 = CARTESIAN_POINT ( 'NONE',  ( -23.84906519527866209, 25.61683214824482491, 69.41841486166937614 ) ) ;
#5680 = VECTOR ( 'NONE', #5480, 1000.000000000000000 ) ;
#5681 = FACE_OUTER_BOUND ( 'NONE', #682, .T. ) ;
#5682 = CYLINDRICAL_SURFACE ( 'NONE', #1812, 0.9999999999999991118 ) ;
#5683 = CARTESIAN_POINT ( 'NONE',  ( -24.51730871747290408, -24.97848192922785771, 56.71781442879142787 ) ) ;
#5684 = CARTESIAN_POINT ( 'NONE',  ( -8.089997138022669176, -34.05238992180873936, 54.73126142467577182 ) ) ;
#5685 = CARTESIAN_POINT ( 'NONE',  ( 0.000000000000000000, 0.000000000000000000, 0.000000000000000000 ) ) ;
#5686 = ORIENTED_EDGE ( 'NONE', *, *, #2685, .T. ) ;
#5687 = CARTESIAN_POINT ( 'NONE',  ( -23.84906519527849156, 25.61683214824495991, 55.66313326947208395 ) ) ;
#5688 = VERTEX_POINT ( 'NONE', #3432 ) ;
#5689 = ORIENTED_EDGE ( 'NONE', *, *, #7355, .T. ) ;
#5690 = VECTOR ( 'NONE', #3975, 1000.000000000000000 ) ;
#5691 = CYLINDRICAL_SURFACE ( 'NONE', #4632, 1.249999999999988232 ) ;
#5692 = LINE ( 'NONE', #3241, #3052 ) ;
#5693 = CONICAL_SURFACE ( 'NONE', #6186, 1.249999999999997558, 1.029744258676648538 ) ;
#5694 = CARTESIAN_POINT ( 'NONE',  ( -24.74873734152904348, -24.74873734152930638, 55.49999999999999289 ) ) ;
#5695 = DIRECTION ( 'NONE',  ( -0.000000000000000000, -0.000000000000000000, 1.000000000000000000 ) ) ;
#5696 = FILL_AREA_STYLE ('',( #1525 ) ) ;
#5697 = ORIENTED_EDGE ( 'NONE', *, *, #1584, .T. ) ;
#5698 = CARTESIAN_POINT ( 'NONE',  ( -10.77964482471933216, 9.697899641309026819, -12.34999999999999964 ) ) ;
#5699 = EDGE_CURVE ( 'NONE', #6117, #3739, #507, .T. ) ;
#5700 = ORIENTED_EDGE ( 'NONE', *, *, #224, .F. ) ;
#5701 = CYLINDRICAL_SURFACE ( 'NONE', #5064, 1.249999999999988232 ) ;
#5702 = UNCERTAINTY_MEASURE_WITH_UNIT (LENGTH_MEASURE( 1.000000000000000082E-05 ), #7565, 'distance_accuracy_value', 'NONE');
#5703 = CIRCLE ( 'NONE', #1716, 1.249999999999987343 ) ;
#5704 = ORIENTED_EDGE ( 'NONE', *, *, #7152, .T. ) ;
#5705 =( LENGTH_UNIT ( ) NAMED_UNIT ( * ) SI_UNIT ( .MILLI., .METRE. ) );
#5706 = ORIENTED_EDGE ( 'NONE', *, *, #368, .F. ) ;
#5707 = DIRECTION ( 'NONE',  ( -0.2588190451025144112, -0.9659258262890700886, -0.000000000000000000 ) ) ;
#5708 = DIRECTION ( 'NONE',  ( -0.8571673007021092250, 1.049727191138614998E-16, 0.5150380749100592626 ) ) ;
#5709 = DIRECTION ( 'NONE',  ( 1.000000000000000000, 0.000000000000000000, 0.000000000000000000 ) ) ;
#5710 = B_SPLINE_CURVE_WITH_KNOTS ( 'NONE', 3,
 ( #7128, #6633, #5293, #7672, #2321, #4104, #3515, #1778, #5929, #593, #773, #1301, #6225, #1461, #885, #6790, #2538, #4448, #848, #3741 ),
 .UNSPECIFIED., .F., .F.,
 ( 4, 2, 2, 2, 2, 2, 2, 2, 2, 4 ),
 ( 0.000000000000000000, 0.0004885477149880593012, 0.0009770954299761186023, 0.001465643144964178012, 0.001954190859952237205, 0.002442738574940296614, 0.002931286289928356024, 0.003419834004916415433, 0.003664107862410427140, 0.003908381719904438847 ),
 .UNSPECIFIED. ) ;
#5711 = ADVANCED_FACE ( 'NONE', ( #100 ), #6026, .F. ) ;
#5712 = STYLED_ITEM ( 'NONE', ( #6973 ), #7418 ) ;
#5713 = DIRECTION ( 'NONE',  ( 0.2588190451025120797, 0.9659258262890706437, 0.000000000000000000 ) ) ;
#5714 = CARTESIAN_POINT ( 'NONE',  ( 0.000000000000000000, 0.000000000000000000, 76.00000000000000000 ) ) ;
#5715 = VERTEX_POINT ( 'NONE', #7660 ) ;
#5716 = CARTESIAN_POINT ( 'NONE',  ( 1.650000000000432898, 31.00000000000000000, 75.00000000000000000 ) ) ;
#5717 = VERTEX_POINT ( 'NONE', #3591 ) ;
#5718 =( LENGTH_UNIT ( ) NAMED_UNIT ( * ) SI_UNIT ( .MILLI., .METRE. ) );
#5719 = DIRECTION ( 'NONE',  ( -0.9659258262890692004, 0.2588190451025179084, -0.000000000000000000 ) ) ;
#5720 = DIRECTION ( 'NONE',  ( 0.9659258262890654256, 0.2588190451025315642, -0.000000000000000000 ) ) ;
#5721 = CARTESIAN_POINT ( 'NONE',  ( 13.84999999999947029, -26.84678751731790669, 73.00000000000000000 ) ) ;
#5722 = COLOUR_RGB ( '',1.000000000000000000, 1.000000000000000000, 1.000000000000000000 ) ;
#5723 = PRESENTATION_LAYER_ASSIGNMENT (  '', '', ( #1360 ) ) ;
#5724 = B_SPLINE_CURVE_WITH_KNOTS ( 'NONE', 3,
 ( #3638, #119, #2480, #1176, #5421, #4860, #4229, #6084, #644, #5349, #751, #3099, #5494, #153, #2514, #2987, #9, #4891, #1786, #2372 ),
 .UNSPECIFIED., .F., .F.,
 ( 4, 2, 2, 2, 2, 2, 2, 2, 2, 4 ),
 ( 0.003908381719904426704, 0.004396818631769963855, 0.004885255543635501005, 0.005373692455501038155, 0.005862129367366575305, 0.006350566279232111588, 0.006594784735164878862, 0.006839003191097645269, 0.007327440102963161603, 0.007815877014828677069 ),
 .UNSPECIFIED. ) ;
#5725 = DIRECTION ( 'NONE',  ( -0.2588190451025214056, 0.9659258262890680902, -0.000000000000000000 ) ) ;
#5726 = VERTEX_POINT ( 'NONE', #1164 ) ;
#5727 = VERTEX_POINT ( 'NONE', #4764 ) ;
#5728 = DIRECTION ( 'NONE',  ( -0.000000000000000000, -0.000000000000000000, -1.000000000000000000 ) ) ;
#5729 = FACE_BOUND ( 'NONE', #357, .T. ) ;
#5730 = STYLED_ITEM ( 'NONE', ( #4055 ), #2035 ) ;
#5731 = CARTESIAN_POINT ( 'NONE',  ( -10.03622104370420587, 9.029078976391161859, 0.000000000000000000 ) ) ;
#5732 = DIRECTION ( 'NONE',  ( 0.000000000000000000, 0.000000000000000000, 1.000000000000000000 ) ) ;
#5733 = EDGE_LOOP ( 'NONE', ( #7693, #123 ) ) ;
#5734 = ADVANCED_FACE ( 'NONE', ( #2972 ), #7300, .F. ) ;
#5735 = ADVANCED_FACE ( 'NONE', ( #1694 ), #465, .F. ) ;
#5736 = CARTESIAN_POINT ( 'NONE',  ( -34.10752888537102478, -7.853453310076434768, 69.33555798072745802 ) ) ;
#5737 = EDGE_LOOP ( 'NONE', ( #5348, #3787, #3896, #418 ) ) ;
#5738 = AXIS2_PLACEMENT_3D ( 'NONE', #2155, #419, #468 ) ;
#5739 = ORIENTED_EDGE ( 'NONE', *, *, #4329, .F. ) ;
#5740 = CARTESIAN_POINT ( 'NONE',  ( -34.00000000000000000, -3.178005909718203197E-15, 72.50000000000000000 ) ) ;
#5741 = EDGE_LOOP ( 'NONE', ( #7515, #7448, #5998, #176 ) ) ;
#5742 = EDGE_CURVE ( 'NONE', #3281, #4440, #3044, .T. ) ;
#5743 = CARTESIAN_POINT ( 'NONE',  ( 14.25000000000003375, 26.84678751731757984, 75.00000000000000000 ) ) ;
#5744 = ADVANCED_FACE ( 'NONE', ( #6464 ), #4137, .T. ) ;
#5745 = CARTESIAN_POINT ( 'NONE',  ( -24.15814908914695991, -25.32562274223509746, 70.44215622177351577 ) ) ;
#5746 = ORIENTED_EDGE ( 'NONE', *, *, #307, .T. ) ;
#5747 = SURFACE_STYLE_USAGE ( .BOTH. , #3343 ) ;
#5748 = FACE_OUTER_BOUND ( 'NONE', #7376, .T. ) ;
#5749 = CARTESIAN_POINT ( 'NONE',  ( -8.324931023180663914, 26.23943641657123749, 69.49999999999998579 ) ) ;
#5750 = ADVANCED_FACE ( 'NONE', ( #3040 ), #1570, .F. ) ;
#5751 = STYLED_ITEM ( 'NONE', ( #2133 ), #694 ) ;
#5752 = CARTESIAN_POINT ( 'NONE',  ( -24.51591977797365018, -24.97983810746338662, 68.28287014335595018 ) ) ;
#5753 = ORIENTED_EDGE ( 'NONE', *, *, #3633, .F. ) ;
#5754 = DIRECTION ( 'NONE',  ( -0.000000000000000000, -0.000000000000000000, 1.000000000000000000 ) ) ;
#5755 = DIRECTION ( 'NONE',  ( -0.000000000000000000, -0.000000000000000000, 1.000000000000000000 ) ) ;
#5756 = SURFACE_STYLE_USAGE ( .BOTH. , #6916 ) ;
#5757 = DIRECTION ( 'NONE',  ( 0.5000000000000099920, 0.8660254037844328234, 0.000000000000000000 ) ) ;
#5758 = DIRECTION ( 'NONE',  ( 0.2588190451025214611, -0.9659258262890682012, -0.000000000000000000 ) ) ;
#5759 =( NAMED_UNIT ( * ) PLANE_ANGLE_UNIT ( ) SI_UNIT ( $, .RADIAN. ) );
#5760 = CARTESIAN_POINT ( 'NONE',  ( 9.216912419923083633, -33.76500713912576401, 70.75013697141072555 ) ) ;
#5761 = CARTESIAN_POINT ( 'NONE',  ( 1.320077352706858093E-15, 4.448690208978667384E-15, -12.34999999999999964 ) ) ;
#5762 = ORIENTED_EDGE ( 'NONE', *, *, #6113, .T. ) ;
#5763 = CYLINDRICAL_SURFACE ( 'NONE', #6495, 1.650000000000000355 ) ;
#5764 = CARTESIAN_POINT ( 'NONE',  ( -8.931855198189998291, -11.42243243440582212, -12.34999999999999964 ) ) ;
#5765 = VERTEX_POINT ( 'NONE', #7156 ) ;
#5766 = EDGE_CURVE ( 'NONE', #787, #4358, #7546, .T. ) ;
#5767 = CARTESIAN_POINT ( 'NONE',  ( 0.000000000000000000, -31.00000000000000000, 67.50000000000000000 ) ) ;
#5768 = FACE_OUTER_BOUND ( 'NONE', #6091, .T. ) ;
#5769 = DIRECTION ( 'NONE',  ( 0.000000000000000000, 0.000000000000000000, 1.000000000000000000 ) ) ;
#5770 = PRESENTATION_STYLE_ASSIGNMENT (( #1099 ) ) ;
#5771 = EDGE_LOOP ( 'NONE', ( #2721, #5185, #4516 ) ) ;
#5772 = DIRECTION ( 'NONE',  ( 0.000000000000000000, 0.000000000000000000, 1.000000000000000000 ) ) ;
#5773 = SURFACE_STYLE_FILL_AREA ( #5696 ) ;
#5774 = VERTEX_POINT ( 'NONE', #4803 ) ;
#5775 = FACE_OUTER_BOUND ( 'NONE', #5629, .T. ) ;
#5776 = ORIENTED_EDGE ( 'NONE', *, *, #1455, .F. ) ;
#5777 = UNCERTAINTY_MEASURE_WITH_UNIT (LENGTH_MEASURE( 1.000000000000000082E-05 ), #4377, 'distance_accuracy_value', 'NONE');
#5778 = ORIENTED_EDGE ( 'NONE', *, *, #4793, .T. ) ;
#5779 = CARTESIAN_POINT ( 'NONE',  ( 29.35000000000000497, -5.427663812588813366E-13, 73.00000000000000000 ) ) ;
#5780 = PLANE ( 'NONE',  #3313 ) ;
#5781 = ORIENTED_EDGE ( 'NONE', *, *, #3033, .T. ) ;
#5782 = CARTESIAN_POINT ( 'NONE',  ( -7.851259295726685572, -34.13092772649559947, 69.49999999999998579 ) ) ;
#5783 = FILL_AREA_STYLE ('',( #4614 ) ) ;
#5784 = DIRECTION ( 'NONE',  ( 0.2588190451025214056, -0.9659258262890680902, -0.000000000000000000 ) ) ;
#5785 = EDGE_LOOP ( 'NONE', ( #1539, #4672, #3767, #6194 ) ) ;
#5786 = DIRECTION ( 'NONE',  ( 0.2588190451025234595, -0.9659258262890675351, 0.000000000000000000 ) ) ;
#5787 = SURFACE_STYLE_FILL_AREA ( #4410 ) ;
#5788 = PRESENTATION_LAYER_ASSIGNMENT (  '', '', ( #6437 ) ) ;
#5789 = VECTOR ( 'NONE', #3478, 1000.000000000000114 ) ;
#5790 = CARTESIAN_POINT ( 'NONE',  ( -33.46231238974501565, 10.26029480722254128, 55.41841486166934772 ) ) ;
#5791 = CARTESIAN_POINT ( 'NONE',  ( 0.000000000000000000, 0.000000000000000000, 39.03621802532608598 ) ) ;
#5792 = CARTESIAN_POINT ( 'NONE',  ( 6.923131025748809897, -25.83747673555092916, 69.49999999999998579 ) ) ;
#5793 = AXIS2_PLACEMENT_3D ( 'NONE', #4688, #2345, #7149 ) ;
#5794 = ORIENTED_EDGE ( 'NONE', *, *, #3837, .F. ) ;
#5795 = CARTESIAN_POINT ( 'NONE',  ( -6.505213034913026604E-13, -31.00000000000000000, 73.00000000000000000 ) ) ;
#5796 = AXIS2_PLACEMENT_3D ( 'NONE', #1295, #6782, #7346 ) ;
#5797 = AXIS2_PLACEMENT_3D ( 'NONE', #5870, #3461, #4569 ) ;
#5798 = LINE ( 'NONE', #7084, #91 ) ;
#5799 = CARTESIAN_POINT ( 'NONE',  ( 28.00000000000000000, 3.429011037612589276E-15, 76.00000000000000000 ) ) ;
#5800 = DIRECTION ( 'NONE',  ( 0.000000000000000000, 0.000000000000000000, -1.000000000000000000 ) ) ;
#5801 = VECTOR ( 'NONE', #485, 1000.000000000000000 ) ;
#5802 = CARTESIAN_POINT ( 'NONE',  ( 10.22854968441274082, -33.47208803505522923, 55.82922580273994839 ) ) ;
#5803 = CIRCLE ( 'NONE', #1688, 1.249999999999987788 ) ;
#5804 = CARTESIAN_POINT ( 'NONE',  ( -9.058666578588249862, 33.80740392011739459, 69.49999999999998579 ) ) ;
#5805 = CARTESIAN_POINT ( 'NONE',  ( 9.373345539945248106, -33.72185314637117415, 70.71781442879139945 ) ) ;
#5806 = VERTEX_POINT ( 'NONE', #3472 ) ;
#5807 = DIRECTION ( 'NONE',  ( 1.000000000000000000, 0.000000000000000000, 0.000000000000000000 ) ) ;
#5808 = SURFACE_SIDE_STYLE ('',( #869 ) ) ;
#5809 = AXIS2_PLACEMENT_3D ( 'NONE', #878, #3301, #1379 ) ;
#5810 = LINE ( 'NONE', #5261, #6177 ) ;
#5811 = COLOUR_RGB ( '',1.000000000000000000, 1.000000000000000000, 1.000000000000000000 ) ;
#5812 = CIRCLE ( 'NONE', #7547, 1.250000000000001110 ) ;
#5813 = CYLINDRICAL_SURFACE ( 'NONE', #4666, 1.249999999999986455 ) ;
#5814 = SURFACE_SIDE_STYLE ('',( #5265 ) ) ;
#5815 = EDGE_CURVE ( 'NONE', #3552, #6770, #5947, .T. ) ;
#5816 = CONICAL_SURFACE ( 'NONE', #3170, 1.249999999999988232, 1.029744258676644764 ) ;
#5817 = DIRECTION ( 'NONE',  ( 0.000000000000000000, 0.000000000000000000, -1.000000000000000000 ) ) ;
#5818 = VECTOR ( 'NONE', #3615, 1000.000000000000114 ) ;
#5819 = CARTESIAN_POINT ( 'NONE',  ( -7.845480241493476115, 34.10936000250277544, 69.49999999999936051 ) ) ;
#5820 = VERTEX_POINT ( 'NONE', #7193 ) ;
#5821 = DIRECTION ( 'NONE',  ( -2.693799693929904232E-16, 1.000000000000000000, 0.000000000000000000 ) ) ;
#5822 = EDGE_CURVE ( 'NONE', #3218, #7707, #4560, .T. ) ;
#5823 = VERTEX_POINT ( 'NONE', #7041 ) ;
#5824 = AXIS2_PLACEMENT_3D ( 'NONE', #1639, #3488, #6441 ) ;
#5825 = FACE_OUTER_BOUND ( 'NONE', #2462, .T. ) ;
#5826 = VERTEX_POINT ( 'NONE', #2929 ) ;
#5827 = SURFACE_SIDE_STYLE ('',( #2264 ) ) ;
#5828 = DIRECTION ( 'NONE',  ( -0.7071067811865437980, -0.7071067811865513475, -0.000000000000000000 ) ) ;
#5829 = ORIENTED_EDGE ( 'NONE', *, *, #3980, .F. ) ;
#5830 = CARTESIAN_POINT ( 'NONE',  ( 24.20472442494885001, 25.28113781185348330, 70.49490063177621835 ) ) ;
#5831 = CARTESIAN_POINT ( 'NONE',  ( 5.910116457458018502, -26.88648402932753356, 69.49999999999998579 ) ) ;
#5832 = ORIENTED_EDGE ( 'NONE', *, *, #1101, .T. ) ;
#5833 = CARTESIAN_POINT ( 'NONE',  ( -13.84999999999965858, 26.84678751731779656, 75.00000000000000000 ) ) ;
#5834 = CARTESIAN_POINT ( 'NONE',  ( -7.117523740319341208, 26.56296022294938552, 55.49999999999999289 ) ) ;
#5835 = VERTEX_POINT ( 'NONE', #6527 ) ;
#5836 = LINE ( 'NONE', #329, #3547 ) ;
#5837 = CARTESIAN_POINT ( 'NONE',  ( -25.61683214824939725, -23.84906519527372737, 69.49999999999936051 ) ) ;
#5838 = AXIS2_PLACEMENT_3D ( 'NONE', #6208, #3811, #1491 ) ;
#5839 = VERTEX_POINT ( 'NONE', #3551 ) ;
#5840 = EDGE_CURVE ( 'NONE', #2191, #4990, #3658, .T. ) ;
#5841 = EDGE_CURVE ( 'NONE', #1960, #1947, #2531, .T. ) ;
#5842 = DIRECTION ( 'NONE',  ( 1.000000000000000000, 0.000000000000000000, 0.000000000000000000 ) ) ;
#5843 = CARTESIAN_POINT ( 'NONE',  ( -19.44543648263010382, 19.44543648263003277, 69.49999999999998579 ) ) ;
#5844 = VECTOR ( 'NONE', #5381, 1000.000000000000000 ) ;
#5845 = CARTESIAN_POINT ( 'NONE',  ( -7.853453310076313088, 34.10752888537105321, 69.33555798072745802 ) ) ;
#5846 = DIRECTION ( 'NONE',  ( 1.000000000000000000, 0.000000000000000000, 0.000000000000000000 ) ) ;
#5847 = FACE_OUTER_BOUND ( 'NONE', #12, .T. ) ;
#5848 = AXIS2_PLACEMENT_3D ( 'NONE', #7372, #2600, #4384 ) ;
#5849 = ORIENTED_EDGE ( 'NONE', *, *, #1086, .F. ) ;
#5850 = CARTESIAN_POINT ( 'NONE',  ( 0.000000000000000000, 0.000000000000000000, 75.00000000000000000 ) ) ;
#5851 = DIRECTION ( 'NONE',  ( 0.7071067811865405783, 0.7071067811865544561, 0.000000000000000000 ) ) ;
#5852 = VERTEX_POINT ( 'NONE', #3118 ) ;
#5853 = ORIENTED_EDGE ( 'NONE', *, *, #3236, .T. ) ;
#5854 = EDGE_CURVE ( 'NONE', #2188, #3544, #1318, .T. ) ;
#5855 = DIRECTION ( 'NONE',  ( 1.000000000000000000, 0.000000000000000000, 0.000000000000000000 ) ) ;
#5856 = SURFACE_SIDE_STYLE ('',( #6477 ) ) ;
#5857 = FACE_BOUND ( 'NONE', #3441, .T. ) ;
#5858 = AXIS2_PLACEMENT_3D ( 'NONE', #4719, #5388, #5268 ) ;
#5859 =( GEOMETRIC_REPRESENTATION_CONTEXT ( 3 ) GLOBAL_UNCERTAINTY_ASSIGNED_CONTEXT ( ( #4123 ) ) GLOBAL_UNIT_ASSIGNED_CONTEXT ( ( #2014, #2627, #154 ) ) REPRESENTATION_CONTEXT ( 'NONE', 'WORKASPACE' ) );
#5860 = EDGE_CURVE ( 'NONE', #5715, #4995, #4250, .T. ) ;
#5861 = CARTESIAN_POINT ( 'NONE',  ( 23.84906519527823932, 25.61683214824519794, 55.33480505326377141 ) ) ;
#5862 = LINE ( 'NONE', #5577, #6701 ) ;
#5863 = VERTEX_POINT ( 'NONE', #7230 ) ;
#5864 = CARTESIAN_POINT ( 'NONE',  ( -8.089419755561470637, 34.05252645253751353, 56.26794143074935306 ) ) ;
#5865 =( GEOMETRIC_REPRESENTATION_CONTEXT ( 3 ) GLOBAL_UNCERTAINTY_ASSIGNED_CONTEXT ( ( #4199 ) ) GLOBAL_UNIT_ASSIGNED_CONTEXT ( ( #6837, #6876, #4418 ) ) REPRESENTATION_CONTEXT ( 'NONE', 'WORKASPACE' ) );
#5866 = ORIENTED_EDGE ( 'NONE', *, *, #3195, .T. ) ;
#5867 = EDGE_CURVE ( 'NONE', #5108, #1354, #2186, .T. ) ;
#5868 = DIRECTION ( 'NONE',  ( 0.8660254037844375974, -0.5000000000000019984, 0.000000000000000000 ) ) ;
#5869 = ORIENTED_EDGE ( 'NONE', *, *, #2293, .T. ) ;
#5870 = CARTESIAN_POINT ( 'NONE',  ( 0.000000000000000000, 0.000000000000000000, 75.00000000000000000 ) ) ;
#5871 = CIRCLE ( 'NONE', #2484, 1.249999999999997558 ) ;
#5872 = PRESENTATION_STYLE_ASSIGNMENT (( #7113 ) ) ;
#5873 = ORIENTED_EDGE ( 'NONE', *, *, #5340, .T. ) ;
#5874 = CARTESIAN_POINT ( 'NONE',  ( 7.884607240989372379, -34.10034052931595028, 69.17537727027524852 ) ) ;
#5875 = CARTESIAN_POINT ( 'NONE',  ( -7.845480241499837248, -34.10936000250131173, 69.49999999999998579 ) ) ;
#5876 = DIRECTION ( 'NONE',  ( -1.000000000000000000, 0.000000000000000000, 0.000000000000000000 ) ) ;
#5877 = EDGE_CURVE ( 'NONE', #5274, #2103, #2610, .T. ) ;
#5878 = EDGE_CURVE ( 'NONE', #76, #399, #5516, .T. ) ;
#5879 = FACE_OUTER_BOUND ( 'NONE', #5737, .T. ) ;
#5880 = LINE ( 'NONE', #5916, #753 ) ;
#5881 =( NAMED_UNIT ( * ) SI_UNIT ( $, .STERADIAN. ) SOLID_ANGLE_UNIT ( ) );
#5882 = EDGE_LOOP ( 'NONE', ( #5047, #6247, #886, #1718 ) ) ;
#5883 = CARTESIAN_POINT ( 'NONE',  ( -7.117523740319341208, 26.56296022294938552, 69.49999999999998579 ) ) ;
#5884 = ORIENTED_EDGE ( 'NONE', *, *, #5271, .F. ) ;
#5885 = SURFACE_SIDE_STYLE ('',( #6996 ) ) ;
#5886 = CARTESIAN_POINT ( 'NONE',  ( 1.320077352706858093E-15, 4.448690208978667384E-15, -12.34999999999999964 ) ) ;
#5887 = CIRCLE ( 'NONE', #5252, 1.249999999999985789 ) ;
#5888 = ADVANCED_FACE ( 'NONE', ( #6173 ), #831, .F. ) ;
#5889 = DIRECTION ( 'NONE',  ( 1.000000000000000000, 0.000000000000000000, 0.000000000000000000 ) ) ;
#5890 = FILL_AREA_STYLE ('',( #1016 ) ) ;
#5891 = CARTESIAN_POINT ( 'NONE',  ( -8.324931023180479173, -26.23943641657130144, 55.49999999999999289 ) ) ;
#5892 = FACE_OUTER_BOUND ( 'NONE', #7213, .T. ) ;
#5893 = DIRECTION ( 'NONE',  ( -0.000000000000000000, -0.000000000000000000, 1.000000000000000000 ) ) ;
#5894 = ORIENTED_EDGE ( 'NONE', *, *, #880, .F. ) ;
#5895 = AXIS2_PLACEMENT_3D ( 'NONE', #6359, #4465, #7478 ) ;
#5896 = CARTESIAN_POINT ( 'NONE',  ( 0.000000000000000000, 0.000000000000000000, 58.39999999999999147 ) ) ;
#5897 = DIRECTION ( 'NONE',  ( 0.7071067811865388020, 0.7071067811865563435, -0.000000000000000000 ) ) ;
#5898 = EDGE_CURVE ( 'NONE', #5370, #717, #7381, .T. ) ;
#5899 = CARTESIAN_POINT ( 'NONE',  ( 35.00000000000000711, 4.286263797015737285E-15, 58.39999999999999147 ) ) ;
#5900 = ORIENTED_EDGE ( 'NONE', *, *, #7617, .T. ) ;
#5901 = CARTESIAN_POINT ( 'NONE',  ( 24.30026620051789976, 25.18967441272489083, 54.40752953715788465 ) ) ;
#5902 = CARTESIAN_POINT ( 'NONE',  ( -10.01971073834258874, 33.53533562530441969, 70.26921617977554035 ) ) ;
#5903 = ORIENTED_EDGE ( 'NONE', *, *, #217, .F. ) ;
#5904 = PLANE ( 'NONE',  #4634 ) ;
#5905 = ADVANCED_FACE ( 'NONE', ( #3735 ), #5595, .F. ) ;
#5906 = CYLINDRICAL_SURFACE ( 'NONE', #3572, 0.9999999999999991118 ) ;
#5907 = ORIENTED_EDGE ( 'NONE', *, *, #5597, .T. ) ;
#5908 = LINE ( 'NONE', #5779, #4397 ) ;
#5909 = ORIENTED_EDGE ( 'NONE', *, *, #3058, .T. ) ;
#5910 = LINE ( 'NONE', #614, #5346 ) ;
#5911 = VERTEX_POINT ( 'NONE', #4876 ) ;
#5912 = FILL_AREA_STYLE ('',( #755 ) ) ;
#5913 = CARTESIAN_POINT ( 'NONE',  ( 26.56296022294946368, -7.117523740319062320, 69.49999999999998579 ) ) ;
#5914 = CARTESIAN_POINT ( 'NONE',  ( -28.49678751731795856, -15.49999999999937295, 73.00000000000000000 ) ) ;
#5915 = CARTESIAN_POINT ( 'NONE',  ( 26.23943641657114867, 8.324931023180939249, 69.49999999999998579 ) ) ;
#5916 = CARTESIAN_POINT ( 'NONE',  ( -17.15000000000059543, -26.84678751731725654, 73.00000000000000000 ) ) ;
#5917 = CARTESIAN_POINT ( 'NONE',  ( -33.53506284871983922, 10.02062021607673437, 70.26794143074936017 ) ) ;
#5918 = EDGE_CURVE ( 'NONE', #4358, #7153, #877, .T. ) ;
#5919 = ORIENTED_EDGE ( 'NONE', *, *, #955, .T. ) ;
#5920 = CARTESIAN_POINT ( 'NONE',  ( 25.61683214824511978, -23.84906519527832458, 69.66515748035297406 ) ) ;
#5921 = DIRECTION ( 'NONE',  ( 1.000000000000000000, 0.000000000000000000, 0.000000000000000000 ) ) ;
#5922 = LINE ( 'NONE', #1126, #7065 ) ;
#5923 = EDGE_CURVE ( 'NONE', #102, #467, #423, .T. ) ;
#5924 = DIRECTION ( 'NONE',  ( 0.000000000000000000, 0.000000000000000000, -1.000000000000000000 ) ) ;
#5925 = SURFACE_SIDE_STYLE ('',( #7303 ) ) ;
#5926 = CIRCLE ( 'NONE', #3774, 1.649999999999998579 ) ;
#5927 = AXIS2_PLACEMENT_3D ( 'NONE', #3006, #2459, #4843 ) ;
#5928 = SURFACE_STYLE_USAGE ( .BOTH. , #1813 ) ;
#5929 = CARTESIAN_POINT ( 'NONE',  ( -33.84972342168082093, 8.900720039759097091, 68.25005803955802719 ) ) ;
#5930 = AXIS2_PLACEMENT_3D ( 'NONE', #1372, #802, #5889 ) ;
#5931 = CARTESIAN_POINT ( 'NONE',  ( -19.44543648262997237, -19.44543648263017488, 55.49999999999999289 ) ) ;
#5932 = CARTESIAN_POINT ( 'NONE',  ( -23.14298219578689952, 4.080732175172792964, -13.84999999999999964 ) ) ;
#5933 = FILL_AREA_STYLE_COLOUR ( '', #4045 ) ;
#5934 = CIRCLE ( 'NONE', #1300, 1.000000000000000888 ) ;
#5935 =( LENGTH_UNIT ( ) NAMED_UNIT ( * ) SI_UNIT ( .MILLI., .METRE. ) );
#5936 = CARTESIAN_POINT ( 'NONE',  ( -26.84678751731741997, 15.50000000000031442, 73.00000000000000000 ) ) ;
#5937 = ORIENTED_EDGE ( 'NONE', *, *, #4643, .F. ) ;
#5938 = FILL_AREA_STYLE_COLOUR ( '', #6220 ) ;
#5939 = CARTESIAN_POINT ( 'NONE',  ( -10.10894437270419033, 33.50840416585903370, 70.12992980600232329 ) ) ;
#5940 = VERTEX_POINT ( 'NONE', #1650 ) ;
#5941 = STYLED_ITEM ( 'NONE', ( #1348 ), #5501 ) ;
#5942 = DIRECTION ( 'NONE',  ( -1.000000000000000000, -2.693799693929904232E-16, -0.000000000000000000 ) ) ;
#5943 = EDGE_CURVE ( 'NONE', #3983, #6848, #3174, .T. ) ;
#5944 = VECTOR ( 'NONE', #3747, 1000.000000000000114 ) ;
#5945 = ORIENTED_EDGE ( 'NONE', *, *, #3700, .T. ) ;
#5946 = DIRECTION ( 'NONE',  ( 1.000000000000000000, 0.000000000000000000, 0.000000000000000000 ) ) ;
#5947 = CIRCLE ( 'NONE', #5435, 1.249999999999987788 ) ;
#5948 = DIRECTION ( 'NONE',  ( 0.7071067811865388020, 0.7071067811865563435, -0.000000000000000000 ) ) ;
#5949 = ORIENTED_EDGE ( 'NONE', *, *, #1238, .F. ) ;
#5950 = VERTEX_POINT ( 'NONE', #7496 ) ;
#5951 = CARTESIAN_POINT ( 'NONE',  ( 26.23943641657132630, -8.324931023180392131, 55.49999999999999289 ) ) ;
#5952 = CARTESIAN_POINT ( 'NONE',  ( 25.50940096970229121, 23.96402182591219443, 70.12841670645252634 ) ) ;
#5953 = VECTOR ( 'NONE', #6915, 1000.000000000000000 ) ;
#5954 = CARTESIAN_POINT ( 'NONE',  ( -7.117523740319341208, 26.56296022294938552, 55.49999999999999289 ) ) ;
#5955 = STYLED_ITEM ( 'NONE', ( #2886 ), #6074 ) ;
#5956 = EDGE_LOOP ( 'NONE', ( #2119, #2950, #2946 ) ) ;
#5957 = CARTESIAN_POINT ( 'NONE',  ( 26.84678751731741997, -15.50000000000031442, 75.00000000000000000 ) ) ;
#5958 = AXIS2_PLACEMENT_3D ( 'NONE', #286, #4325, #3817 ) ;
#5959 = AXIS2_PLACEMENT_3D ( 'NONE', #4383, #354, #2711 ) ;
#5960 = DIRECTION ( 'NONE',  ( 0.2588190451025234595, -0.9659258262890675351, 0.000000000000000000 ) ) ;
#5961 = EDGE_CURVE ( 'NONE', #5715, #2412, #86, .T. ) ;
#5962 = CARTESIAN_POINT ( 'NONE',  ( -25.61683214824494570, 23.84906519527851287, 55.33480505326377852 ) ) ;
#5963 = AXIS2_PLACEMENT_3D ( 'NONE', #1644, #2993, #5868 ) ;
#5964 =( LENGTH_UNIT ( ) NAMED_UNIT ( * ) SI_UNIT ( .MILLI., .METRE. ) );
#5965 = CARTESIAN_POINT ( 'NONE',  ( -23.84906519527842050, -25.61683214824503452, 69.49999999999998579 ) ) ;
#5966 = PLANE ( 'NONE',  #3902 ) ;
#5967 = CARTESIAN_POINT ( 'NONE',  ( 33.53533562530432022, 10.01971073834294046, 56.26921617977552614 ) ) ;
#5968 = ORIENTED_EDGE ( 'NONE', *, *, #3765, .F. ) ;
#5969 = CARTESIAN_POINT ( 'NONE',  ( 33.46231238974509381, -10.26029480722230680, 55.41841486166933350 ) ) ;
#5970 = AXIS2_PLACEMENT_3D ( 'NONE', #2579, #6073, #3087 ) ;
#5971 = CYLINDRICAL_SURFACE ( 'NONE', #5440, 1.649999999999998579 ) ;
#5972 = PRESENTATION_LAYER_ASSIGNMENT (  '', '', ( #3083 ) ) ;
#5973 = LINE ( 'NONE', #2984, #5844 ) ;
#5974 = DIRECTION ( 'NONE',  ( -0.2756373558170137628, 0.9612616959383146753, 1.049727191138611054E-16 ) ) ;
#5975 = SURFACE_STYLE_USAGE ( .BOTH. , #1787 ) ;
#5976 = AXIS2_PLACEMENT_3D ( 'NONE', #5025, #6259, #5558 ) ;
#5977 =( NAMED_UNIT ( * ) PLANE_ANGLE_UNIT ( ) SI_UNIT ( $, .RADIAN. ) );
#5978 = EDGE_LOOP ( 'NONE', ( #4012, #6432, #5900 ) ) ;
#5979 = DIRECTION ( 'NONE',  ( -0.9659258262890683122, -0.2588190451025205174, 0.000000000000000000 ) ) ;
#5980 =( GEOMETRIC_REPRESENTATION_CONTEXT ( 3 ) GLOBAL_UNCERTAINTY_ASSIGNED_CONTEXT ( ( #7178 ) ) GLOBAL_UNIT_ASSIGNED_CONTEXT ( ( #7403, #2712, #4426 ) ) REPRESENTATION_CONTEXT ( 'NONE', 'WORKASPACE' ) );
#5981 = VECTOR ( 'NONE', #5614, 1000.000000000000114 ) ;
#5982 = VERTEX_POINT ( 'NONE', #3895 ) ;
#5983 = CARTESIAN_POINT ( 'NONE',  ( -24.51573417385841225, 24.98002454800080230, 70.71716962019199570 ) ) ;
#5984 = EDGE_CURVE ( 'NONE', #6157, #2994, #3855, .T. ) ;
#5985 = ORIENTED_EDGE ( 'NONE', *, *, #4097, .T. ) ;
#5986 = EDGE_CURVE ( 'NONE', #1136, #4153, #2644, .T. ) ;
#5987 =( NAMED_UNIT ( * ) PLANE_ANGLE_UNIT ( ) SI_UNIT ( $, .RADIAN. ) );
#5988 = CIRCLE ( 'NONE', #4957, 1.649999999999998579 ) ;
#5989 = ORIENTED_EDGE ( 'NONE', *, *, #4253, .F. ) ;
#5990 = CARTESIAN_POINT ( 'NONE',  ( 24.03259720677934297, 25.44499185062890945, 70.26921617977554035 ) ) ;
#5991 = CARTESIAN_POINT ( 'NONE',  ( 34.07361988511527784, -7.999523156526287870, 68.86992887182174172 ) ) ;
#5992 = ORIENTED_EDGE ( 'NONE', *, *, #1362, .T. ) ;
#5993 = FACE_BOUND ( 'NONE', #4851, .T. ) ;
#5994 = AXIS2_PLACEMENT_3D ( 'NONE', #4662, #5256, #5131 ) ;
#5995 = ADVANCED_FACE ( 'NONE', ( #1038, #2193, #7413, #954, #4574, #6946, #3376 ), #6335, .T. ) ;
#5996 = VERTEX_POINT ( 'NONE', #4524 ) ;
#5997 = DIRECTION ( 'NONE',  ( -0.000000000000000000, -0.000000000000000000, 1.000000000000000000 ) ) ;
#5998 = ORIENTED_EDGE ( 'NONE', *, *, #1584, .F. ) ;
#5999 = AXIS2_PLACEMENT_3D ( 'NONE', #4450, #2040, #775 ) ;
#6000 = FACE_OUTER_BOUND ( 'NONE', #1123, .T. ) ;
#6001 = ADVANCED_FACE ( 'NONE', ( #997 ), #2726, .F. ) ;
#6002 = CARTESIAN_POINT ( 'NONE',  ( -26.84678751731741997, 15.50000000000031442, 73.00000000000000000 ) ) ;
#6003 = FACE_BOUND ( 'NONE', #1807, .T. ) ;
#6004 = ORIENTED_EDGE ( 'NONE', *, *, #7445, .F. ) ;
#6005 = CARTESIAN_POINT ( 'NONE',  ( 33.46231238974485223, 10.26029480722307774, 55.49999999999999289 ) ) ;
#6006 = DIRECTION ( 'NONE',  ( 1.000000000000000000, 0.000000000000000000, 0.000000000000000000 ) ) ;
#6007 = CARTESIAN_POINT ( 'NONE',  ( 9.058666578587775575, 33.80740392011751538, 55.49999999999999289 ) ) ;
#6008 = CARTESIAN_POINT ( 'NONE',  ( 33.76445839378309444, -9.218922444420389439, 70.74986216034440645 ) ) ;
#6009 = DIRECTION ( 'NONE',  ( 1.000000000000000000, 0.000000000000000000, 0.000000000000000000 ) ) ;
#6010 = SURFACE_STYLE_USAGE ( .BOTH. , #3608 ) ;
#6011 = EDGE_CURVE ( 'NONE', #5950, #5688, #7389, .T. ) ;
#6012 = AXIS2_PLACEMENT_3D ( 'NONE', #148, #5454, #744 ) ;
#6013 = CARTESIAN_POINT ( 'NONE',  ( 16.75000000000002842, 26.84678751731757984, 67.50000000000000000 ) ) ;
#6014 = ORIENTED_EDGE ( 'NONE', *, *, #1124, .T. ) ;
#6015 = ORIENTED_EDGE ( 'NONE', *, *, #6406, .T. ) ;
#6016 = CARTESIAN_POINT ( 'NONE',  ( 25.13708109668437984, -24.35431995556173490, 56.62377514882769702 ) ) ;
#6017 = CARTESIAN_POINT ( 'NONE',  ( -34.00000000000000000, -2.100000000000003197, 66.19999999999998863 ) ) ;
#6018 = UNCERTAINTY_MEASURE_WITH_UNIT (LENGTH_MEASURE( 1.000000000000000082E-05 ), #435, 'distance_accuracy_value', 'NONE');
#6019 = CYLINDRICAL_SURFACE ( 'NONE', #4950, 1.249999999999999334 ) ;
#6020 = ORIENTED_EDGE ( 'NONE', *, *, #1421, .T. ) ;
#6021 = CARTESIAN_POINT ( 'NONE',  ( 15.50000000000040679, 26.84678751731736313, 73.00000000000000000 ) ) ;
#6022 = DIRECTION ( 'NONE',  ( 0.2588190451025260130, -0.9659258262890668689, 0.000000000000000000 ) ) ;
#6023 = CARTESIAN_POINT ( 'NONE',  ( -28.09678751731773971, -15.49999999999974953, 75.00000000000000000 ) ) ;
#6024 = UNCERTAINTY_MEASURE_WITH_UNIT (LENGTH_MEASURE( 1.000000000000000082E-05 ), #3228, 'distance_accuracy_value', 'NONE');
#6025 = CARTESIAN_POINT ( 'NONE',  ( -20.32931995911327760, 18.56155300614685544, 69.49999999999998579 ) ) ;
#6026 = CYLINDRICAL_SURFACE ( 'NONE', #1082, 1.249999999999988232 ) ;
#6027 = VERTEX_POINT ( 'NONE', #2413 ) ;
#6028 = VERTEX_POINT ( 'NONE', #49 ) ;
#6029 = CARTESIAN_POINT ( 'NONE',  ( -29.14298219578690308, 4.080732175172792964, -13.84999999999999964 ) ) ;
#6030 = DIRECTION ( 'NONE',  ( 1.000000000000000000, 0.000000000000000000, -0.000000000000000000 ) ) ;
#6031 = DIRECTION ( 'NONE',  ( -0.000000000000000000, -0.000000000000000000, 1.000000000000000000 ) ) ;
#6032 = DIRECTION ( 'NONE',  ( -0.7193398003386575201, -0.6946583704589907038, 0.000000000000000000 ) ) ;
#6033 = ORIENTED_EDGE ( 'NONE', *, *, #5766, .T. ) ;
#6034 = DIRECTION ( 'NONE',  ( 0.000000000000000000, 0.000000000000000000, 1.000000000000000000 ) ) ;
#6035 = EDGE_LOOP ( 'NONE', ( #4232, #2891, #985, #2176 ) ) ;
#6036 = LINE ( 'NONE', #673, #3000 ) ;
#6037 = CARTESIAN_POINT ( 'NONE',  ( -33.53533562530437706, -10.01971073834270598, 70.26921617977551193 ) ) ;
#6038 = AXIS2_PLACEMENT_3D ( 'NONE', #5954, #4046, #5364 ) ;
#6039 = DIRECTION ( 'NONE',  ( 0.000000000000000000, 0.000000000000000000, 1.000000000000000000 ) ) ;
#6040 = VECTOR ( 'NONE', #99, 1000.000000000000000 ) ;
#6041 = CARTESIAN_POINT ( 'NONE',  ( -17.14999999999965397, 26.84678751731779656, 73.00000000000000000 ) ) ;
#6042 = CONICAL_SURFACE ( 'NONE', #305, 1.249999999999987788, 1.029744258676644986 ) ;
#6043 =( LENGTH_UNIT ( ) NAMED_UNIT ( * ) SI_UNIT ( .MILLI., .METRE. ) );
#6044 =( NAMED_UNIT ( * ) SI_UNIT ( $, .STERADIAN. ) SOLID_ANGLE_UNIT ( ) );
#6045 = DIRECTION ( 'NONE',  ( 0.000000000000000000, 0.000000000000000000, -1.000000000000000000 ) ) ;
#6046 = ORIENTED_EDGE ( 'NONE', *, *, #1494, .F. ) ;
#6047 = ORIENTED_EDGE ( 'NONE', *, *, #4496, .T. ) ;
#6048 = CARTESIAN_POINT ( 'NONE',  ( 25.59422788810054428, -23.87340371386040516, 55.82922580273996260 ) ) ;
#6049 = CARTESIAN_POINT ( 'NONE',  ( 33.64022680846633051, 9.661250117070082410, 70.58541951627357491 ) ) ;
#6050 = STYLED_ITEM ( 'NONE', ( #2869 ), #3520 ) ;
#6051 = EDGE_CURVE ( 'NONE', #977, #6284, #4948, .T. ) ;
#6052 = DIRECTION ( 'NONE',  ( -0.000000000000000000, -0.000000000000000000, 1.000000000000000000 ) ) ;
#6053 = CIRCLE ( 'NONE', #3660, 1.249999999999997558 ) ;
#6054 = LINE ( 'NONE', #2524, #3078 ) ;
#6055 = EDGE_LOOP ( 'NONE', ( #496, #875, #5670, #3952 ) ) ;
#6056 = SURFACE_STYLE_USAGE ( .BOTH. , #3692 ) ;
#6057 = CARTESIAN_POINT ( 'NONE',  ( -33.50838199766764092, -10.10901967084380360, 68.86992887182175593 ) ) ;
#6058 = EDGE_CURVE ( 'NONE', #103, #541, #961, .T. ) ;
#6059 = CIRCLE ( 'NONE', #713, 1.249999999999997558 ) ;
#6060 = AXIS2_PLACEMENT_3D ( 'NONE', #2893, #5997, #5921 ) ;
#6061 = VECTOR ( 'NONE', #6789, 1000.000000000000000 ) ;
#6062 = CARTESIAN_POINT ( 'NONE',  ( 23.84906519527825353, 25.61683214824520860, 55.66515748035302380 ) ) ;
#6063 = FILL_AREA_STYLE ('',( #3116 ) ) ;
#6064 = VECTOR ( 'NONE', #638, 1000.000000000000114 ) ;
#6065 = CARTESIAN_POINT ( 'NONE',  ( -34.68648872399742800, -2.100000000000003642, 72.50000000000000000 ) ) ;
#6066 = DIRECTION ( 'NONE',  ( -0.000000000000000000, -0.000000000000000000, -1.000000000000000000 ) ) ;
#6067 = FILL_AREA_STYLE ('',( #4139 ) ) ;
#6068 = VECTOR ( 'NONE', #3510, 1000.000000000000227 ) ;
#6069 = AXIS2_PLACEMENT_3D ( 'NONE', #3288, #6201, #3217 ) ;
#6070 = DIRECTION ( 'NONE',  ( -0.000000000000000000, -0.000000000000000000, 1.000000000000000000 ) ) ;
#6071 = ADVANCED_FACE ( 'NONE', ( #6490 ), #7179, .F. ) ;
#6072 = DIRECTION ( 'NONE',  ( -0.2588190451025144112, -0.9659258262890699775, -0.000000000000000000 ) ) ;
#6073 = DIRECTION ( 'NONE',  ( 0.000000000000000000, 0.000000000000000000, 1.000000000000000000 ) ) ;
#6074 = ADVANCED_FACE ( 'NONE', ( #4088 ), #1836, .F. ) ;
#6075 = ORIENTED_EDGE ( 'NONE', *, *, #5923, .T. ) ;
#6076 = FACE_OUTER_BOUND ( 'NONE', #1920, .T. ) ;
#6077 = DIRECTION ( 'NONE',  ( 1.000000000000000000, 0.000000000000000000, 0.000000000000000000 ) ) ;
#6078 = ORIENTED_EDGE ( 'NONE', *, *, #3048, .F. ) ;
#6079 = DIRECTION ( 'NONE',  ( 0.000000000000000000, 0.000000000000000000, 1.000000000000000000 ) ) ;
#6080 = CARTESIAN_POINT ( 'NONE',  ( -33.66000032175299594, -9.592190828937244618, 70.62377514882764729 ) ) ;
#6081 = DIRECTION ( 'NONE',  ( -0.9659258262890719759, 0.2588190451025069172, 0.000000000000000000 ) ) ;
#6082 =( NAMED_UNIT ( * ) PLANE_ANGLE_UNIT ( ) SI_UNIT ( $, .RADIAN. ) );
#6083 = ORIENTED_EDGE ( 'NONE', *, *, #5984, .T. ) ;
#6084 = CARTESIAN_POINT ( 'NONE',  ( -9.375468758798222169, -33.72126086098813147, 56.71716962019197439 ) ) ;
#6085 = CYLINDRICAL_SURFACE ( 'NONE', #4458, 1.249999999999988676 ) ;
#6086 = EDGE_CURVE ( 'NONE', #4664, #3691, #3031, .T. ) ;
#6087 = CARTESIAN_POINT ( 'NONE',  ( 0.000000000000000000, -31.00000000000000000, 67.50000000000000000 ) ) ;
#6088 = AXIS2_PLACEMENT_3D ( 'NONE', #2079, #7270, #3124 ) ;
#6089 = ORIENTED_EDGE ( 'NONE', *, *, #6327, .F. ) ;
#6090 = DIRECTION ( 'NONE',  ( -0.2419218955996497444, -0.9702957262760009138, 1.049727191138612409E-16 ) ) ;
#6091 = EDGE_LOOP ( 'NONE', ( #6047, #762 ) ) ;
#6092 = AXIS2_PLACEMENT_3D ( 'NONE', #6352, #4022, #1013 ) ;
#6093 = CARTESIAN_POINT ( 'NONE',  ( 15.49999999999984190, -26.84678751731768998, 66.74892422621554999 ) ) ;
#6094 = DIRECTION ( 'NONE',  ( -0.8571673007021092250, 1.049727191138614998E-16, 0.5150380749100592626 ) ) ;
#6095 = AXIS2_PLACEMENT_3D ( 'NONE', #3690, #5624, #6734 ) ;
#6096 = EDGE_CURVE ( 'NONE', #3446, #7142, #688, .T. ) ;
#6097 = VECTOR ( 'NONE', #1042, 1000.000000000000000 ) ;
#6098 = ORIENTED_EDGE ( 'NONE', *, *, #3599, .F. ) ;
#6099 = DIRECTION ( 'NONE',  ( -3.154042683594197586E-15, -1.000000000000000000, 0.000000000000000000 ) ) ;
#6100 = CARTESIAN_POINT ( 'NONE',  ( 1.320077352706858093E-15, 4.448690208978667384E-15, -12.34999999999999964 ) ) ;
#6101 = ORIENTED_EDGE ( 'NONE', *, *, #4752, .F. ) ;
#6102 = VECTOR ( 'NONE', #6271, 1000.000000000000227 ) ;
#6103 = AXIS2_PLACEMENT_3D ( 'NONE', #5957, #4091, #5365 ) ;
#6104 = CARTESIAN_POINT ( 'NONE',  ( 7.845480241499603657, 34.10936000250136857, 69.33480505326377852 ) ) ;
#6105 = UNCERTAINTY_MEASURE_WITH_UNIT (LENGTH_MEASURE( 1.000000000000000082E-05 ), #2010, 'distance_accuracy_value', 'NONE');
#6106 = STYLED_ITEM ( 'NONE', ( #1391 ), #2604 ) ;
#6107 = STYLED_ITEM ( 'NONE', ( #42 ), #6645 ) ;
#6108 = B_SPLINE_CURVE_WITH_KNOTS ( 'NONE', 3,
 ( #3014, #2981, #3517, #3090, #5486, #4220, #4144, #146, #6534, #4883, #4293, #3562, #5377, #6675, #4772, #634, #34, #2396, #7163, #1921 ),
 .UNSPECIFIED., .F., .F.,
 ( 4, 2, 2, 2, 2, 2, 2, 2, 2, 4 ),
 ( 0.000000000000000000, 0.0004885477149880610359, 0.0009770954299761220718, 0.001465643144964183216, 0.001954190859952244144, 0.002442738574940305288, 0.002931286289928366432, 0.003419834004916427143, 0.003664107862410438416, 0.003908381719904450123 ),
 .UNSPECIFIED. ) ;
#6109 = CARTESIAN_POINT ( 'NONE',  ( -42.04961241126131455, -2.100000000000005418, 72.50000000000000000 ) ) ;
#6110 = EDGE_CURVE ( 'NONE', #4440, #467, #2492, .T. ) ;
#6111 =( LENGTH_UNIT ( ) NAMED_UNIT ( * ) SI_UNIT ( .MILLI., .METRE. ) );
#6112 = DIRECTION ( 'NONE',  ( -0.000000000000000000, -0.000000000000000000, 1.000000000000000000 ) ) ;
#6113 = EDGE_CURVE ( 'NONE', #2681, #4582, #5324, .T. ) ;
#6114 = FACE_OUTER_BOUND ( 'NONE', #331, .T. ) ;
#6115 = DIRECTION ( 'NONE',  ( 1.000000000000000000, 0.000000000000000000, 0.000000000000000000 ) ) ;
#6116 = CARTESIAN_POINT ( 'NONE',  ( 26.56296022294930737, 7.117523740319618319, 55.49999999999999289 ) ) ;
#6117 = VERTEX_POINT ( 'NONE', #4943 ) ;
#6118 = VERTEX_POINT ( 'NONE', #7374 ) ;
#6119 = CARTESIAN_POINT ( 'NONE',  ( 26.56296022294930737, 7.117523740319618319, 69.49999999999998579 ) ) ;
#6120 = CARTESIAN_POINT ( 'NONE',  ( 25.19678751731742139, -15.50000000000031442, 73.00000000000000000 ) ) ;
#6121 = SURFACE_STYLE_FILL_AREA ( #3054 ) ;
#6122 = PRESENTATION_LAYER_ASSIGNMENT (  '', '', ( #4616 ) ) ;
#6123 = EDGE_CURVE ( 'NONE', #2910, #1317, #4475, .T. ) ;
#6124 = CARTESIAN_POINT ( 'NONE',  ( -15.50000000000059508, -26.84678751731725654, 75.00000000000000000 ) ) ;
#6125 = CARTESIAN_POINT ( 'NONE',  ( 33.84949744289190221, 8.901579399977869400, 68.24994211835186775 ) ) ;
#6126 = DIRECTION ( 'NONE',  ( 1.000000000000000000, 0.000000000000000000, 0.000000000000000000 ) ) ;
#6127 = ORIENTED_EDGE ( 'NONE', *, *, #6861, .T. ) ;
#6128 = CARTESIAN_POINT ( 'NONE',  ( 8.315720026421939082, -33.99797689669440359, 68.49924284121851770 ) ) ;
#6129 = ORIENTED_EDGE ( 'NONE', *, *, #2747, .T. ) ;
#6130 = CARTESIAN_POINT ( 'NONE',  ( 34.10205473297582301, 7.877419812030161950, 69.82754978985012428 ) ) ;
#6131 = LINE ( 'NONE', #829, #2414 ) ;
#6132 = CARTESIAN_POINT ( 'NONE',  ( 7.845480241493476115, -34.10936000250277544, 55.49999999999934630 ) ) ;
#6133 = ORIENTED_EDGE ( 'NONE', *, *, #7690, .F. ) ;
#6134 = CARTESIAN_POINT ( 'NONE',  ( -8.324931023180663914, 26.23943641657123749, 55.49999999999999289 ) ) ;
#6135 = DIRECTION ( 'NONE',  ( 0.2588190451025214056, -0.9659258262890680902, -0.000000000000000000 ) ) ;
#6136 = VECTOR ( 'NONE', #2326, 1000.000000000000227 ) ;
#6137 = ORIENTED_EDGE ( 'NONE', *, *, #980, .T. ) ;
#6138 = CARTESIAN_POINT ( 'NONE',  ( 25.61683214824471833, 23.84906519527876867, 55.66313326947209816 ) ) ;
#6139 = SURFACE_STYLE_USAGE ( .BOTH. , #5479 ) ;
#6140 = CARTESIAN_POINT ( 'NONE',  ( 7.845480241499603657, 34.10936000250137567, 69.49999999999998579 ) ) ;
#6141 = ADVANCED_FACE ( 'NONE', ( #1874 ), #2318, .F. ) ;
#6142 = CARTESIAN_POINT ( 'NONE',  ( -25.18967441272463148, 24.30026620051815200, 54.40752953715787044 ) ) ;
#6143 = SURFACE_STYLE_FILL_AREA ( #4290 ) ;
#6144 = CARTESIAN_POINT ( 'NONE',  ( -9.058666578588249862, 33.80740392011739459, 69.49999999999998579 ) ) ;
#6145 = ORIENTED_EDGE ( 'NONE', *, *, #4001, .T. ) ;
#6146 = VERTEX_POINT ( 'NONE', #2025 ) ;
#6147 = CARTESIAN_POINT ( 'NONE',  ( -24.86436037437312052, 24.63311137724504718, 68.25005803955802719 ) ) ;
#6148 = ADVANCED_FACE ( 'NONE', ( #7223 ), #6621, .F. ) ;
#6149 = DIRECTION ( 'NONE',  ( 1.000000000000000000, 0.000000000000000000, 0.000000000000000000 ) ) ;
#6150 =( NAMED_UNIT ( * ) PLANE_ANGLE_UNIT ( ) SI_UNIT ( $, .RADIAN. ) );
#6151 = ORIENTED_EDGE ( 'NONE', *, *, #5597, .F. ) ;
#6152 = CARTESIAN_POINT ( 'NONE',  ( -24.86373499089198447, -24.63374261563087941, 54.24994211835183933 ) ) ;
#6153 = SURFACE_STYLE_FILL_AREA ( #857 ) ;
#6154 = CARTESIAN_POINT ( 'NONE',  ( -7.845480241499837248, -34.10936000250131173, 55.49999999999999289 ) ) ;
#6155 = ORIENTED_EDGE ( 'NONE', *, *, #3920, .T. ) ;
#6156 = CARTESIAN_POINT ( 'NONE',  ( 0.9641814145297419314, 1.149066664678534133, 0.000000000000000000 ) ) ;
#6157 = VERTEX_POINT ( 'NONE', #4707 ) ;
#6158 = DIRECTION ( 'NONE',  ( 1.000000000000000000, 0.000000000000000000, 0.000000000000000000 ) ) ;
#6159 = CARTESIAN_POINT ( 'NONE',  ( 26.84678751731786051, 15.49999999999956835, 75.00000000000000000 ) ) ;
#6160 = CARTESIAN_POINT ( 'NONE',  ( -25.50880471513512049, 23.96465706155810693, 70.12992980600229487 ) ) ;
#6161 = FACE_OUTER_BOUND ( 'NONE', #7356, .T. ) ;
#6162 = VERTEX_POINT ( 'NONE', #1018 ) ;
#6163 = CARTESIAN_POINT ( 'NONE',  ( 34.13092772649562789, -7.851259295726567444, 55.49999999999999289 ) ) ;
#6164 = COLOUR_RGB ( '',1.000000000000000000, 1.000000000000000000, 1.000000000000000000 ) ;
#6165 = ADVANCED_FACE ( 'NONE', ( #2865 ), #6358, .T. ) ;
#6166 = AXIS2_PLACEMENT_3D ( 'NONE', #5551, #6212, #6813 ) ;
#6167 = CARTESIAN_POINT ( 'NONE',  ( -33.84949744289197326, -8.901579399977634921, 68.24994211835186775 ) ) ;
#6168 = CARTESIAN_POINT ( 'NONE',  ( 25.28690242411458300, 24.19888087444839186, 56.49858126598912378 ) ) ;
#6169 = CARTESIAN_POINT ( 'NONE',  ( 25.59678751731763668, 15.49999999999993783, 73.00000000000000000 ) ) ;
#6170 = EDGE_CURVE ( 'NONE', #3298, #5806, #5180, .T. ) ;
#6171 = AXIS2_PLACEMENT_3D ( 'NONE', #5407, #626, #2974 ) ;
#6172 = FACE_OUTER_BOUND ( 'NONE', #7694, .T. ) ;
#6173 = FACE_OUTER_BOUND ( 'NONE', #338, .T. ) ;
#6174 = VECTOR ( 'NONE', #1376, 999.9999999999998863 ) ;
#6175 = CARTESIAN_POINT ( 'NONE',  ( 15.50000000000040679, 26.84678751731736313, 73.00000000000000000 ) ) ;
#6176 = AXIS2_PLACEMENT_3D ( 'NONE', #1917, #3823, #3740 ) ;
#6177 = VECTOR ( 'NONE', #6435, 1000.000000000000000 ) ;
#6178 = CARTESIAN_POINT ( 'NONE',  ( -10.03622104370420587, 9.029078976391161859, -12.34999999999999964 ) ) ;
#6179 = AXIS2_PLACEMENT_3D ( 'NONE', #4630, #6393, #3991 ) ;
#6180 = EDGE_LOOP ( 'NONE', ( #2473, #4551, #6328 ) ) ;
#6181 =( NAMED_UNIT ( * ) PLANE_ANGLE_UNIT ( ) SI_UNIT ( $, .RADIAN. ) );
#6182 =( NAMED_UNIT ( * ) SI_UNIT ( $, .STERADIAN. ) SOLID_ANGLE_UNIT ( ) );
#6183 = ORIENTED_EDGE ( 'NONE', *, *, #5628, .T. ) ;
#6184 = ORIENTED_EDGE ( 'NONE', *, *, #3619, .T. ) ;
#6185 = ADVANCED_FACE ( 'NONE', ( #2748 ), #216, .F. ) ;
#6186 = AXIS2_PLACEMENT_3D ( 'NONE', #2278, #3475, #587 ) ;
#6187 = CARTESIAN_POINT ( 'NONE',  ( -24.63374261563079060, 24.86373499089208039, 68.24994211835186775 ) ) ;
#6188 = STYLED_ITEM ( 'NONE', ( #4469 ), #6280 ) ;
#6189 = CARTESIAN_POINT ( 'NONE',  ( -17.15000000000059543, -26.84678751731725654, 73.00000000000000000 ) ) ;
#6190 = AXIS2_PLACEMENT_3D ( 'NONE', #3226, #5555, #5709 ) ;
#6191 = CARTESIAN_POINT ( 'NONE',  ( 33.63948505473531014, 9.664764854219621171, 68.40752953715787044 ) ) ;
#6192 = DIRECTION ( 'NONE',  ( -0.2588190451025177419, -0.9659258262890692004, 0.000000000000000000 ) ) ;
#6193 = AXIS2_PLACEMENT_3D ( 'NONE', #7248, #2481, #4263 ) ;
#6194 = ORIENTED_EDGE ( 'NONE', *, *, #2254, .F. ) ;
#6195 = DIRECTION ( 'NONE',  ( 0.7660444431190185366, -0.6427876096864910682, 0.000000000000000000 ) ) ;
#6196 = EDGE_CURVE ( 'NONE', #5358, #6888, #1666, .T. ) ;
#6197 = ORIENTED_EDGE ( 'NONE', *, *, #6051, .F. ) ;
#6198 = ADVANCED_FACE ( 'NONE', ( #1590 ), #6431, .F. ) ;
#6199 = PLANE ( 'NONE',  #6439 ) ;
#6200 = FILL_AREA_STYLE_COLOUR ( '', #4400 ) ;
#6201 = DIRECTION ( 'NONE',  ( 0.000000000000000000, 0.000000000000000000, 1.000000000000000000 ) ) ;
#6202 = AXIS2_PLACEMENT_3D ( 'NONE', #363, #7488, #4517 ) ;
#6203 = FILL_AREA_STYLE ('',( #5541 ) ) ;
#6204 = ORIENTED_EDGE ( 'NONE', *, *, #6741, .F. ) ;
#6205 = FILL_AREA_STYLE_COLOUR ( '', #4304 ) ;
#6206 = CARTESIAN_POINT ( 'NONE',  ( -15.50000000000022027, -26.84678751731747326, 67.50000000000000000 ) ) ;
#6207 = ORIENTED_EDGE ( 'NONE', *, *, #6492, .F. ) ;
#6208 = CARTESIAN_POINT ( 'NONE',  ( -15.49999999999965716, 26.84678751731779656, 75.00000000000000000 ) ) ;
#6209 = EDGE_CURVE ( 'NONE', #437, #346, #2205, .T. ) ;
#6210 = ADVANCED_FACE ( 'NONE', ( #7675 ), #3300, .F. ) ;
#6211 = ORIENTED_EDGE ( 'NONE', *, *, #2064, .F. ) ;
#6212 = DIRECTION ( 'NONE',  ( -0.000000000000000000, -0.000000000000000000, 1.000000000000000000 ) ) ;
#6213 = AXIS2_PLACEMENT_3D ( 'NONE', #2379, #3497, #6554 ) ;
#6214 = ORIENTED_EDGE ( 'NONE', *, *, #5641, .T. ) ;
#6215 = CARTESIAN_POINT ( 'NONE',  ( 24.30026620051789976, 25.18967441272489438, 68.40752953715787044 ) ) ;
#6216 = DIRECTION ( 'NONE',  ( 0.7071067811865388020, 0.7071067811865563435, -0.000000000000000000 ) ) ;
#6217 = AXIS2_PLACEMENT_3D ( 'NONE', #5834, #5243, #503 ) ;
#6218 = CARTESIAN_POINT ( 'NONE',  ( -35.00000000000000711, 0.000000000000000000, 53.00000000000000000 ) ) ;
#6219 = CONICAL_SURFACE ( 'NONE', #5356, 1.249999999999987788, 1.029744258676644986 ) ;
#6220 = COLOUR_RGB ( '',1.000000000000000000, 1.000000000000000000, 1.000000000000000000 ) ;
#6221 = EDGE_CURVE ( 'NONE', #1073, #103, #4063, .T. ) ;
#6222 = DIRECTION ( 'NONE',  ( 1.000000000000000000, 0.000000000000000000, 0.000000000000000000 ) ) ;
#6223 = EDGE_LOOP ( 'NONE', ( #4481, #5781, #6524 ) ) ;
#6224 = SURFACE_SIDE_STYLE ('',( #6143 ) ) ;
#6225 = CARTESIAN_POINT ( 'NONE',  ( -33.60097168302478110, 9.797363654706723324, 68.49924284121850349 ) ) ;
#6226 = ORIENTED_EDGE ( 'NONE', *, *, #4438, .T. ) ;
#6227 = STYLED_ITEM ( 'NONE', ( #603 ), #2510 ) ;
#6228 = DIRECTION ( 'NONE',  ( -0.7071067811865437980, -0.7071067811865513475, -0.000000000000000000 ) ) ;
#6229 = ORIENTED_EDGE ( 'NONE', *, *, #1523, .T. ) ;
#6230 = CYLINDRICAL_SURFACE ( 'NONE', #3427, 1.650000000000002132 ) ;
#6231 = ADVANCED_FACE ( 'NONE', ( #3220 ), #1135, .F. ) ;
#6232 =( LENGTH_UNIT ( ) NAMED_UNIT ( * ) SI_UNIT ( .MILLI., .METRE. ) );
#6233 = CARTESIAN_POINT ( 'NONE',  ( -25.61125982000460155, -23.85505451664671739, 55.33555798072743670 ) ) ;
#6234 = CARTESIAN_POINT ( 'NONE',  ( 35.00000000000000711, 0.000000000000000000, 58.50000000000000711 ) ) ;
#6235 = CARTESIAN_POINT ( 'NONE',  ( 34.10752888537096794, 7.853453310076672800, 69.33555798072745802 ) ) ;
#6236 = DIRECTION ( 'NONE',  ( -0.000000000000000000, -0.000000000000000000, 1.000000000000000000 ) ) ;
#6237 = DIRECTION ( 'NONE',  ( 0.000000000000000000, 0.000000000000000000, 1.000000000000000000 ) ) ;
#6238 = CARTESIAN_POINT ( 'NONE',  ( -15.49999999999965716, 26.84678751731779656, 67.50000000000000000 ) ) ;
#6239 = ORIENTED_EDGE ( 'NONE', *, *, #4131, .T. ) ;
#6240 = EDGE_LOOP ( 'NONE', ( #3470, #1218, #4813, #110 ) ) ;
#6241 = CARTESIAN_POINT ( 'NONE',  ( -33.46231238974492328, -10.26029480722284504, 55.49999999999999289 ) ) ;
#6242 = VECTOR ( 'NONE', #6228, 1000.000000000000000 ) ;
#6243 = CARTESIAN_POINT ( 'NONE',  ( 7.877212449405670114, 34.10210355438578489, 55.17270578215241983 ) ) ;
#6244 = SURFACE_STYLE_USAGE ( .BOTH. , #3845 ) ;
#6245 = ADVANCED_FACE ( 'NONE', ( #5626 ), #1454, .F. ) ;
#6246 = ORIENTED_EDGE ( 'NONE', *, *, #4911, .T. ) ;
#6247 = ORIENTED_EDGE ( 'NONE', *, *, #929, .F. ) ;
#6248 = PRESENTATION_STYLE_ASSIGNMENT (( #5061 ) ) ;
#6249 = UNCERTAINTY_MEASURE_WITH_UNIT (LENGTH_MEASURE( 1.000000000000000082E-05 ), #6232, 'distance_accuracy_value', 'NONE');
#6250 = MECHANICAL_DESIGN_GEOMETRIC_PRESENTATION_REPRESENTATION (  '', ( #1159 ), #6851 ) ;
#6251 = FILL_AREA_STYLE_COLOUR ( '', #1799 ) ;
#6252 = CARTESIAN_POINT ( 'NONE',  ( 35.00000000000000711, 4.286263797015737285E-15, 58.50000000000000711 ) ) ;
#6253 = ORIENTED_EDGE ( 'NONE', *, *, #3400, .T. ) ;
#6254 = CARTESIAN_POINT ( 'NONE',  ( -6.923131025748809897, 25.83747673555092916, 69.49999999999998579 ) ) ;
#6255 = CIRCLE ( 'NONE', #1270, 14.00000000000000888 ) ;
#6256 = ORIENTED_EDGE ( 'NONE', *, *, #1941, .T. ) ;
#6257 = DIRECTION ( 'NONE',  ( -0.000000000000000000, -0.000000000000000000, 1.000000000000000000 ) ) ;
#6258 = MECHANICAL_DESIGN_GEOMETRIC_PRESENTATION_REPRESENTATION (  '', ( #907 ), #1651 ) ;
#6259 = DIRECTION ( 'NONE',  ( -0.000000000000000000, -0.000000000000000000, 1.000000000000000000 ) ) ;
#6260 = SURFACE_STYLE_FILL_AREA ( #3861 ) ;
#6261 = DIRECTION ( 'NONE',  ( 1.000000000000000000, 0.000000000000000000, 0.000000000000000000 ) ) ;
#6262 = VERTEX_POINT ( 'NONE', #5132 ) ;
#6263 = LINE ( 'NONE', #6714, #6975 ) ;
#6264 = VERTEX_POINT ( 'NONE', #3518 ) ;
#6265 = CARTESIAN_POINT ( 'NONE',  ( -24.30006167257678484, 25.18987721940628077, 68.40755231783180079 ) ) ;
#6266 = CARTESIAN_POINT ( 'NONE',  ( -26.88648402932755488, 5.910116457457923467, 69.49999999999998579 ) ) ;
#6267 = CARTESIAN_POINT ( 'NONE',  ( -7.999356998381581541, 34.07365886934947241, 68.87019983082780072 ) ) ;
#6268 = EDGE_CURVE ( 'NONE', #2442, #437, #2, .T. ) ;
#6269 = CARTESIAN_POINT ( 'NONE',  ( 34.05270151420132407, 8.088705224614923139, 68.73257693896665899 ) ) ;
#6270 = LINE ( 'NONE', #3276, #3210 ) ;
#6271 = DIRECTION ( 'NONE',  ( -0.9659258262890670910, -0.2588190451025247918, -0.000000000000000000 ) ) ;
#6272 = ORIENTED_EDGE ( 'NONE', *, *, #5405, .F. ) ;
#6273 = CARTESIAN_POINT ( 'NONE',  ( -24.19888087444812541, 25.28690242411483524, 56.49858126598910246 ) ) ;
#6274 = ORIENTED_EDGE ( 'NONE', *, *, #2304, .F. ) ;
#6275 = DIRECTION ( 'NONE',  ( -0.2419218955996704501, 0.9702957262759958068, 0.000000000000000000 ) ) ;
#6276 = CARTESIAN_POINT ( 'NONE',  ( 7.845480241499603657, 34.10936000250137567, 55.49999999999999289 ) ) ;
#6277 = FILL_AREA_STYLE ('',( #6200 ) ) ;
#6278 = ORIENTED_EDGE ( 'NONE', *, *, #2054, .F. ) ;
#6279 =( NAMED_UNIT ( * ) SI_UNIT ( $, .STERADIAN. ) SOLID_ANGLE_UNIT ( ) );
#6280 = ADVANCED_FACE ( 'NONE', ( #2366 ), #7093, .F. ) ;
#6281 = VERTEX_POINT ( 'NONE', #308 ) ;
#6282 = CARTESIAN_POINT ( 'NONE',  ( -25.83747673555095759, 6.923131025748720191, 69.49999999999998579 ) ) ;
#6283 =( LENGTH_UNIT ( ) NAMED_UNIT ( * ) SI_UNIT ( .MILLI., .METRE. ) );
#6284 = VERTEX_POINT ( 'NONE', #1524 ) ;
#6285 = FILL_AREA_STYLE_COLOUR ( '', #7531 ) ;
#6286 = CARTESIAN_POINT ( 'NONE',  ( 34.10936000250134015, -7.845480241499721785, 55.49999999999999289 ) ) ;
#6287 = CARTESIAN_POINT ( 'NONE',  ( -25.50940096970246174, -23.96402182591201679, 70.12841670645252634 ) ) ;
#6288 = ORIENTED_EDGE ( 'NONE', *, *, #7361, .F. ) ;
#6289 = DIRECTION ( 'NONE',  ( 0.9612616959383125659, 0.2756373558170213123, 1.049727191138612533E-16 ) ) ;
#6290 =( GEOMETRIC_REPRESENTATION_CONTEXT ( 3 ) GLOBAL_UNCERTAINTY_ASSIGNED_CONTEXT ( ( #5538 ) ) GLOBAL_UNIT_ASSIGNED_CONTEXT ( ( #1722, #4083, #7111 ) ) REPRESENTATION_CONTEXT ( 'NONE', 'WORKASPACE' ) );
#6291 = DIRECTION ( 'NONE',  ( -0.000000000000000000, -0.000000000000000000, 1.000000000000000000 ) ) ;
#6292 = EDGE_CURVE ( 'NONE', #1073, #44, #2073, .T. ) ;
#6293 = ORIENTED_EDGE ( 'NONE', *, *, #3700, .F. ) ;
#6294 = CARTESIAN_POINT ( 'NONE',  ( 26.56296022294930737, 7.117523740319618319, 55.49999999999999289 ) ) ;
#6295 = DIRECTION ( 'NONE',  ( 0.7071067811865516806, -0.7071067811865433539, 0.000000000000000000 ) ) ;
#6296 = VECTOR ( 'NONE', #3833, 1000.000000000000000 ) ;
#6297 = AXIS2_PLACEMENT_3D ( 'NONE', #2769, #2276, #3306 ) ;
#6298 = ORIENTED_EDGE ( 'NONE', *, *, #1244, .T. ) ;
#6299 = FACE_OUTER_BOUND ( 'NONE', #2811, .T. ) ;
#6300 = EDGE_LOOP ( 'NONE', ( #1424, #5297, #4016, #6451 ) ) ;
#6301 = CARTESIAN_POINT ( 'NONE',  ( 33.63948505473531014, 9.664764854219628276, 54.40752953715789175 ) ) ;
#6302 = CIRCLE ( 'NONE', #3287, 34.75000000000000711 ) ;
#6303 = ORIENTED_EDGE ( 'NONE', *, *, #3756, .T. ) ;
#6304 = PRESENTATION_LAYER_ASSIGNMENT (  '', '', ( #7055 ) ) ;
#6305 =( NAMED_UNIT ( * ) SI_UNIT ( $, .STERADIAN. ) SOLID_ANGLE_UNIT ( ) );
#6306 = ADVANCED_FACE ( 'NONE', ( #3178 ), #1983, .T. ) ;
#6307 = CARTESIAN_POINT ( 'NONE',  ( 9.373345539945246330, -33.72185314637117415, 56.71781442879142077 ) ) ;
#6308 = ADVANCED_FACE ( 'NONE', ( #5054 ), #7402, .T. ) ;
#6309 = CARTESIAN_POINT ( 'NONE',  ( -15.49999999999965716, 26.84678751731779656, 67.50000000000000000 ) ) ;
#6310 = CIRCLE ( 'NONE', #1091, 1.249999999999987788 ) ;
#6311 = DIRECTION ( 'NONE',  ( -0.000000000000000000, -0.000000000000000000, 1.000000000000000000 ) ) ;
#6312 = ORIENTED_EDGE ( 'NONE', *, *, #1179, .T. ) ;
#6313 = DIRECTION ( 'NONE',  ( -0.000000000000000000, -0.000000000000000000, -1.000000000000000000 ) ) ;
#6314 = ORIENTED_EDGE ( 'NONE', *, *, #4909, .T. ) ;
#6315 = ORIENTED_EDGE ( 'NONE', *, *, #798, .T. ) ;
#6316 = CARTESIAN_POINT ( 'NONE',  ( -25.61683214824494925, 23.84906519527850932, 69.49999999999998579 ) ) ;
#6317 = CARTESIAN_POINT ( 'NONE',  ( 9.215754827260788318, 33.76531439086974018, 54.24994211835183933 ) ) ;
#6318 = DIRECTION ( 'NONE',  ( 0.7071067811865405783, 0.7071067811865544561, 0.000000000000000000 ) ) ;
#6319 = SURFACE_STYLE_USAGE ( .BOTH. , #5814 ) ;
#6320 = VECTOR ( 'NONE', #5171, 1000.000000000000000 ) ;
#6321 = EDGE_CURVE ( 'NONE', #2618, #3813, #610, .T. ) ;
#6322 = B_SPLINE_CURVE_WITH_KNOTS ( 'NONE', 3,
 ( #3557, #5962, #29, #4767, #4488, #4443, #6142, #5076, #3196, #845, #7458, #7350, #7419, #287, #3257, #2076, #6787, #2536, #326, #882 ),
 .UNSPECIFIED., .F., .F.,
 ( 4, 2, 2, 2, 2, 2, 2, 2, 2, 4 ),
 ( 0.000000000000000000, 0.0004885477149880557233, 0.0009770954299761114466, 0.001465643144964167170, 0.001954190859952222893, 0.002442738574940278833, 0.002931286289928334340, 0.003419834004916389846, 0.003664107862410408492, 0.003908381719904426704 ),
 .UNSPECIFIED. ) ;
#6323 = CARTESIAN_POINT ( 'NONE',  ( 23.96460021427122555, 25.50885884114134683, 54.86992887182174172 ) ) ;
#6324 = DIRECTION ( 'NONE',  ( 0.2588190451025234595, -0.9659258262890675351, 0.000000000000000000 ) ) ;
#6325 = ORIENTED_EDGE ( 'NONE', *, *, #6422, .T. ) ;
#6326 = CARTESIAN_POINT ( 'NONE',  ( 15.49999999999946887, -26.84678751731790669, 73.00000000000000000 ) ) ;
#6327 = EDGE_CURVE ( 'NONE', #7131, #552, #7066, .T. ) ;
#6328 = ORIENTED_EDGE ( 'NONE', *, *, #114, .T. ) ;
#6329 = CARTESIAN_POINT ( 'NONE',  ( -15.49999999999965716, 26.84678751731779656, 75.00000000000000000 ) ) ;
#6330 = UNCERTAINTY_MEASURE_WITH_UNIT (LENGTH_MEASURE( 1.000000000000000082E-05 ), #1031, 'distance_accuracy_value', 'NONE');
#6331 = VERTEX_POINT ( 'NONE', #274 ) ;
#6332 = CARTESIAN_POINT ( 'NONE',  ( -14.24999999999965894, 26.84678751731779656, 67.50000000000000000 ) ) ;
#6333 = EDGE_LOOP ( 'NONE', ( #7201, #5401, #6810, #5532 ) ) ;
#6334 = DIRECTION ( 'NONE',  ( 0.000000000000000000, -0.000000000000000000, 1.000000000000000000 ) ) ;
#6335 = CYLINDRICAL_SURFACE ( 'NONE', #1575, 35.00000000000000711 ) ;
#6336 = AXIS2_PLACEMENT_3D ( 'NONE', #32, #2394, #2468 ) ;
#6337 = EDGE_LOOP ( 'NONE', ( #3404, #5390 ) ) ;
#6338 = DIRECTION ( 'NONE',  ( -0.9659258262890673130, -0.2588190451025248473, -0.000000000000000000 ) ) ;
#6339 = AXIS2_PLACEMENT_3D ( 'NONE', #1811, #1884, #2465 ) ;
#6340 = CARTESIAN_POINT ( 'NONE',  ( -34.10936000250129752, 7.845480241499962482, 69.66515748035300248 ) ) ;
#6341 = SURFACE_STYLE_FILL_AREA ( #7038 ) ;
#6342 =( GEOMETRIC_REPRESENTATION_CONTEXT ( 3 ) GLOBAL_UNCERTAINTY_ASSIGNED_CONTEXT ( ( #3576 ) ) GLOBAL_UNIT_ASSIGNED_CONTEXT ( ( #6283, #5987, #6518 ) ) REPRESENTATION_CONTEXT ( 'NONE', 'WORKASPACE' ) );
#6343 = EDGE_CURVE ( 'NONE', #5148, #1781, #3760, .T. ) ;
#6344 = EDGE_CURVE ( 'NONE', #3691, #3779, #3803, .T. ) ;
#6345 = DIRECTION ( 'NONE',  ( 1.000000000000000000, 0.000000000000000000, 0.000000000000000000 ) ) ;
#6346 = CARTESIAN_POINT ( 'NONE',  ( -19.44543648262997237, -19.44543648263017488, 69.49999999999998579 ) ) ;
#6347 = EDGE_LOOP ( 'NONE', ( #2032, #280 ) ) ;
#6348 = DIRECTION ( 'NONE',  ( 0.000000000000000000, 0.000000000000000000, 1.000000000000000000 ) ) ;
#6349 = CARTESIAN_POINT ( 'NONE',  ( -8.324931023180479173, -26.23943641657130144, 69.49999999999998579 ) ) ;
#6350 = MECHANICAL_DESIGN_GEOMETRIC_PRESENTATION_REPRESENTATION (  '', ( #4816 ), #1852 ) ;
#6351 = FACE_OUTER_BOUND ( 'NONE', #2718, .T. ) ;
#6352 = CARTESIAN_POINT ( 'NONE',  ( 26.84678751731741997, -15.50000000000031442, 73.00000000000000000 ) ) ;
#6353 = CARTESIAN_POINT ( 'NONE',  ( -7.884607240989372379, 34.10034052931595028, 69.17537727027524852 ) ) ;
#6354 = CIRCLE ( 'NONE', #6588, 1.249999999999988232 ) ;
#6355 = PRESENTATION_LAYER_ASSIGNMENT (  '', '', ( #1981 ) ) ;
#6356 = CARTESIAN_POINT ( 'NONE',  ( 23.84906519527381974, -25.61683214824931198, 55.49999999999934630 ) ) ;
#6357 = CARTESIAN_POINT ( 'NONE',  ( -16.75000000000022027, -26.84678751731747326, 75.00000000000000000 ) ) ;
#6358 = CYLINDRICAL_SURFACE ( 'NONE', #1819, 1.000000000000000888 ) ;
#6359 = CARTESIAN_POINT ( 'NONE',  ( 15.49999999999984368, -26.84678751731768998, 73.00000000000000000 ) ) ;
#6360 = CARTESIAN_POINT ( 'NONE',  ( 10.25247436872402318, 33.46471313008115800, 55.33555798072743670 ) ) ;
#6361 = COLOUR_RGB ( '',1.000000000000000000, 1.000000000000000000, 1.000000000000000000 ) ;
#6362 = DIRECTION ( 'NONE',  ( 0.7071067811865388020, 0.7071067811865563435, -0.000000000000000000 ) ) ;
#6363 = CARTESIAN_POINT ( 'NONE',  ( -14.25000000000022204, -26.84678751731747326, 67.50000000000000000 ) ) ;
#6364 = FILL_AREA_STYLE ('',( #3998 ) ) ;
#6365 = EDGE_LOOP ( 'NONE', ( #3240, #5111, #7457 ) ) ;
#6366 = CONICAL_SURFACE ( 'NONE', #2857, 1.249999999999987566, 1.029744258676643875 ) ;
#6367 = PRESENTATION_STYLE_ASSIGNMENT (( #1446 ) ) ;
#6368 = ORIENTED_EDGE ( 'NONE', *, *, #2012, .T. ) ;
#6369 = DIRECTION ( 'NONE',  ( 0.8660254037844375974, -0.5000000000000019984, 0.000000000000000000 ) ) ;
#6370 = ORIENTED_EDGE ( 'NONE', *, *, #1511, .F. ) ;
#6371 = ORIENTED_EDGE ( 'NONE', *, *, #4001, .F. ) ;
#6372 = CARTESIAN_POINT ( 'NONE',  ( 10.10901967084367925, -33.50838199766766934, 68.86992887182175593 ) ) ;
#6373 = CARTESIAN_POINT ( 'NONE',  ( 34.10936000250133304, -7.845480241499718232, 55.66515748035298827 ) ) ;
#6374 = VERTEX_POINT ( 'NONE', #5101 ) ;
#6375 = CARTESIAN_POINT ( 'NONE',  ( 10.10977836212944325, 33.50815216293587184, 56.12841670645251213 ) ) ;
#6376 = DIRECTION ( 'NONE',  ( 1.000000000000000000, 0.000000000000000000, 0.000000000000000000 ) ) ;
#6377 = DIRECTION ( 'NONE',  ( 0.9659258262890706437, -0.2588190451025124128, 0.000000000000000000 ) ) ;
#6378 = CIRCLE ( 'NONE', #785, 1.249999999999988232 ) ;
#6379 = FACE_OUTER_BOUND ( 'NONE', #2540, .T. ) ;
#6380 = DIRECTION ( 'NONE',  ( -0.000000000000000000, -0.000000000000000000, -1.000000000000000000 ) ) ;
#6381 = ORIENTED_EDGE ( 'NONE', *, *, #4599, .F. ) ;
#6382 = CARTESIAN_POINT ( 'NONE',  ( -23.86485386504586259, -25.63262081801247660, 55.49999999999999289 ) ) ;
#6383 = CARTESIAN_POINT ( 'NONE',  ( 34.10936000250269018, 7.845480241493834050, 55.49999999999934630 ) ) ;
#6384 = DIRECTION ( 'NONE',  ( 1.000000000000000000, 0.000000000000000000, 0.000000000000000000 ) ) ;
#6385 = EDGE_CURVE ( 'NONE', #2519, #1373, #7429, .T. ) ;
#6386 = VECTOR ( 'NONE', #3755, 1000.000000000000000 ) ;
#6387 = FACE_BOUND ( 'NONE', #1451, .T. ) ;
#6388 = DIRECTION ( 'NONE',  ( -0.2588190451025289551, 0.9659258262890659807, 0.000000000000000000 ) ) ;
#6389 =( NAMED_UNIT ( * ) PLANE_ANGLE_UNIT ( ) SI_UNIT ( $, .RADIAN. ) );
#6390 = CARTESIAN_POINT ( 'NONE',  ( 9.661250117069730692, -33.64022680846644420, 70.58541951627361755 ) ) ;
#6391 = ADVANCED_FACE ( 'NONE', ( #2136 ), #3681, .F. ) ;
#6392 = CARTESIAN_POINT ( 'NONE',  ( 0.000000000000000000, 0.000000000000000000, 66.19999999999998863 ) ) ;
#6393 = DIRECTION ( 'NONE',  ( -0.000000000000000000, -0.000000000000000000, -1.000000000000000000 ) ) ;
#6394 = ORIENTED_EDGE ( 'NONE', *, *, #3980, .T. ) ;
#6395 = CARTESIAN_POINT ( 'NONE',  ( 19.44543648263023883, -19.44543648262989777, 55.49999999999999289 ) ) ;
#6396 = FILL_AREA_STYLE_COLOUR ( '', #4029 ) ;
#6397 = DIRECTION ( 'NONE',  ( -0.6946583704590002517, 0.7193398003386483053, 0.000000000000000000 ) ) ;
#6398 = SURFACE_STYLE_FILL_AREA ( #6364 ) ;
#6399 = ORIENTED_EDGE ( 'NONE', *, *, #2057, .F. ) ;
#6400 = VERTEX_POINT ( 'NONE', #6132 ) ;
#6401 = DIRECTION ( 'NONE',  ( -0.000000000000000000, -0.000000000000000000, -1.000000000000000000 ) ) ;
#6402 = ORIENTED_EDGE ( 'NONE', *, *, #906, .F. ) ;
#6403 = FACE_OUTER_BOUND ( 'NONE', #7385, .T. ) ;
#6404 = ORIENTED_EDGE ( 'NONE', *, *, #5822, .T. ) ;
#6405 = LINE ( 'NONE', #7689, #4543 ) ;
#6406 = EDGE_CURVE ( 'NONE', #7581, #5485, #6562, .T. ) ;
#6407 = ORIENTED_EDGE ( 'NONE', *, *, #1779, .F. ) ;
#6408 = DIRECTION ( 'NONE',  ( 0.2588190451025076944, 0.9659258262890718649, -0.000000000000000000 ) ) ;
#6409 = ORIENTED_EDGE ( 'NONE', *, *, #4682, .F. ) ;
#6410 = CARTESIAN_POINT ( 'NONE',  ( -10.10977836212967240, -33.50815216293580079, 70.12841670645251213 ) ) ;
#6411 = PRESENTATION_LAYER_ASSIGNMENT (  '', '', ( #6771 ) ) ;
#6412 = AXIS2_PLACEMENT_3D ( 'NONE', #1168, #1877, #4247 ) ;
#6413 = LINE ( 'NONE', #1733, #6097 ) ;
#6414 = ADVANCED_FACE ( 'NONE', ( #1440 ), #3141, .F. ) ;
#6415 = ORIENTED_EDGE ( 'NONE', *, *, #6729, .T. ) ;
#6416 = CARTESIAN_POINT ( 'NONE',  ( -42.04961241126131455, -2.100000000000005418, 66.19999999999998863 ) ) ;
#6417 = DIRECTION ( 'NONE',  ( 0.8571673007021095581, 0.000000000000000000, 0.5150380749100587074 ) ) ;
#6418 = EDGE_LOOP ( 'NONE', ( #6452, #3374, #6590, #3742, #6476, #3024 ) ) ;
#6419 = CIRCLE ( 'NONE', #7540, 1.249999999999988232 ) ;
#6420 = STYLED_ITEM ( 'NONE', ( #5770 ), #5162 ) ;
#6421 = DIRECTION ( 'NONE',  ( -0.2588190451025177419, -0.9659258262890692004, 0.000000000000000000 ) ) ;
#6422 = EDGE_CURVE ( 'NONE', #3503, #1868, #3429, .T. ) ;
#6423 = CARTESIAN_POINT ( 'NONE',  ( -26.84678751731795998, -15.49999999999937295, 73.00000000000000000 ) ) ;
#6424 = AXIS2_PLACEMENT_3D ( 'NONE', #183, #6540, #7169 ) ;
#6425 = CARTESIAN_POINT ( 'NONE',  ( -1.249999999999998002, -31.00000000000000000, 73.00000000000000000 ) ) ;
#6426 = CIRCLE ( 'NONE', #3661, 1.649999999999998579 ) ;
#6427 = CARTESIAN_POINT ( 'NONE',  ( -10.22190009509824549, -33.47406479658244649, 55.17537727027524852 ) ) ;
#6428 = EDGE_CURVE ( 'NONE', #2239, #5236, #4183, .T. ) ;
#6429 = VERTEX_POINT ( 'NONE', #2873 ) ;
#6430 = LINE ( 'NONE', #5296, #3720 ) ;
#6431 = CYLINDRICAL_SURFACE ( 'NONE', #4575, 1.249999999999986899 ) ;
#6432 = ORIENTED_EDGE ( 'NONE', *, *, #6871, .T. ) ;
#6433 = CIRCLE ( 'NONE', #3663, 1.649999999999999467 ) ;
#6434 = CARTESIAN_POINT ( 'NONE',  ( -30.00000000000000000, 3.673940397442058389E-15, 53.00000000000000000 ) ) ;
#6435 = DIRECTION ( 'NONE',  ( 0.7660444431190185366, -0.6427876096864910682, 0.000000000000000000 ) ) ;
#6436 = AXIS2_PLACEMENT_3D ( 'NONE', #4650, #543, #624 ) ;
#6437 = STYLED_ITEM ( 'NONE', ( #142 ), #2834 ) ;
#6438 = DIRECTION ( 'NONE',  ( -0.000000000000000000, -0.000000000000000000, -1.000000000000000000 ) ) ;
#6439 = AXIS2_PLACEMENT_3D ( 'NONE', #2633, #5004, #1173 ) ;
#6440 = EDGE_CURVE ( 'NONE', #3462, #3578, #397, .T. ) ;
#6441 = DIRECTION ( 'NONE',  ( 1.000000000000000000, 0.000000000000000000, 0.000000000000000000 ) ) ;
#6442 = AXIS2_PLACEMENT_3D ( 'NONE', #5913, #6591, #573 ) ;
#6443 = EDGE_LOOP ( 'NONE', ( #5497, #3860, #7608 ) ) ;
#6444 = ORIENTED_EDGE ( 'NONE', *, *, #4015, .T. ) ;
#6445 = MECHANICAL_DESIGN_GEOMETRIC_PRESENTATION_REPRESENTATION (  '', ( #7425 ), #7559 ) ;
#6446 = AXIS2_PLACEMENT_3D ( 'NONE', #5932, #595, #1748 ) ;
#6447 = FACE_OUTER_BOUND ( 'NONE', #2141, .T. ) ;
#6448 = EDGE_LOOP ( 'NONE', ( #5579, #33, #4606, #1396, #6761 ) ) ;
#6449 = CARTESIAN_POINT ( 'NONE',  ( 7.117523740318969061, 26.56296022294948500, 55.49999999999999289 ) ) ;
#6450 = ORIENTED_EDGE ( 'NONE', *, *, #3270, .T. ) ;
#6451 = ORIENTED_EDGE ( 'NONE', *, *, #4264, .F. ) ;
#6452 = ORIENTED_EDGE ( 'NONE', *, *, #1798, .F. ) ;
#6453 = DIRECTION ( 'NONE',  ( -0.7193398003386575201, -0.6946583704589907038, 0.000000000000000000 ) ) ;
#6454 = CARTESIAN_POINT ( 'NONE',  ( 24.86605022927806630, 24.63141749182873497, 70.74986216034436382 ) ) ;
#6455 = CONICAL_SURFACE ( 'NONE', #4056, 1.249999999999997558, 1.029744258676649205 ) ;
#6456 = CARTESIAN_POINT ( 'NONE',  ( 33.76531439086971176, -9.215754827260914439, 68.24994211835182512 ) ) ;
#6457 = CARTESIAN_POINT ( 'NONE',  ( 8.522919225068415372, 33.94651078449917492, 56.62377514882767571 ) ) ;
#6458 = EDGE_CURVE ( 'NONE', #834, #2798, #4808, .T. ) ;
#6459 = EDGE_CURVE ( 'NONE', #6601, #4732, #7060, .T. ) ;
#6460 = VECTOR ( 'NONE', #1770, 1000.000000000000000 ) ;
#6461 = CARTESIAN_POINT ( 'NONE',  ( -9.375468758798215063, -33.72126086098814568, 70.71716962019200992 ) ) ;
#6462 = VECTOR ( 'NONE', #2979, 1000.000000000000114 ) ;
#6463 = PRESENTATION_STYLE_ASSIGNMENT (( #1693 ) ) ;
#6464 = FACE_OUTER_BOUND ( 'NONE', #4637, .T. ) ;
#6465 = AXIS2_PLACEMENT_3D ( 'NONE', #3269, #3207, #6718 ) ;
#6466 = ORIENTED_EDGE ( 'NONE', *, *, #6741, .T. ) ;
#6467 = DIRECTION ( 'NONE',  ( 0.2756373558169961657, 0.9612616959383196713, 0.000000000000000000 ) ) ;
#6468 =( LENGTH_UNIT ( ) NAMED_UNIT ( * ) SI_UNIT ( .MILLI., .METRE. ) );
#6469 = VECTOR ( 'NONE', #7027, 1000.000000000000114 ) ;
#6470 = CARTESIAN_POINT ( 'NONE',  ( 10.26029480722873899, 33.46231238974311850, 69.49999999999936051 ) ) ;
#6471 = CARTESIAN_POINT ( 'NONE',  ( 7.877419812029803126, -34.10205473297590828, 69.82754978985012428 ) ) ;
#6472 = CIRCLE ( 'NONE', #4326, 1.249999999999997558 ) ;
#6473 = EDGE_CURVE ( 'NONE', #1985, #7316, #7681, .T. ) ;
#6474 =( LENGTH_UNIT ( ) NAMED_UNIT ( * ) SI_UNIT ( .MILLI., .METRE. ) );
#6475 = CARTESIAN_POINT ( 'NONE',  ( -20.06048951366941324, -26.24074618740784359, -12.34999999999999964 ) ) ;
#6476 = ORIENTED_EDGE ( 'NONE', *, *, #4586, .F. ) ;
#6477 = SURFACE_STYLE_FILL_AREA ( #3449 ) ;
#6478 =( GEOMETRIC_REPRESENTATION_CONTEXT ( 3 ) GLOBAL_UNCERTAINTY_ASSIGNED_CONTEXT ( ( #1791 ) ) GLOBAL_UNIT_ASSIGNED_CONTEXT ( ( #3682, #1353, #6611 ) ) REPRESENTATION_CONTEXT ( 'NONE', 'WORKASPACE' ) );
#6479 = FACE_OUTER_BOUND ( 'NONE', #7033, .T. ) ;
#6480 = CARTESIAN_POINT ( 'NONE',  ( 34.10936000250269018, 7.845480241493834050, 69.49999999999936051 ) ) ;
#6481 = FACE_BOUND ( 'NONE', #1670, .T. ) ;
#6482 = ORIENTED_EDGE ( 'NONE', *, *, #7243, .F. ) ;
#6483 = CARTESIAN_POINT ( 'NONE',  ( -9.216912419923074751, 33.76500713912577112, 56.75013697141072555 ) ) ;
#6484 = EDGE_CURVE ( 'NONE', #40, #3248, #4431, .T. ) ;
#6485 = CARTESIAN_POINT ( 'NONE',  ( -23.84906519527849511, 25.61683214824495636, 69.66313326947209816 ) ) ;
#6486 = EDGE_LOOP ( 'NONE', ( #1076, #2866 ) ) ;
#6487 = CARTESIAN_POINT ( 'NONE',  ( -26.84678751731773971, -15.49999999999974953, 75.00000000000000000 ) ) ;
#6488 = VERTEX_POINT ( 'NONE', #6363 ) ;
#6489 = CARTESIAN_POINT ( 'NONE',  ( 1.249999999999998002, 31.00000000000000000, 75.00000000000000000 ) ) ;
#6490 = FACE_OUTER_BOUND ( 'NONE', #6981, .T. ) ;
#6491 = CARTESIAN_POINT ( 'NONE',  ( -23.87340371386049398, -25.59422788810046256, 69.82922580273998392 ) ) ;
#6492 = EDGE_CURVE ( 'NONE', #1533, #5774, #3452, .T. ) ;
#6493 = VERTEX_POINT ( 'NONE', #4635 ) ;
#6494 = FILL_AREA_STYLE ('',( #2198 ) ) ;
#6495 = AXIS2_PLACEMENT_3D ( 'NONE', #429, #7606, #2779 ) ;
#6496 = LINE ( 'NONE', #1160, #855 ) ;
#6497 = FACE_OUTER_BOUND ( 'NONE', #6180, .T. ) ;
#6498 = CARTESIAN_POINT ( 'NONE',  ( 34.13092772649562789, -7.851259295726567444, 69.49999999999998579 ) ) ;
#6499 = CARTESIAN_POINT ( 'NONE',  ( 34.13092772649545026, 7.851259295727284204, 69.49999999999998579 ) ) ;
#6500 = FACE_OUTER_BOUND ( 'NONE', #1630, .T. ) ;
#6501 = AXIS2_PLACEMENT_3D ( 'NONE', #6326, #3885, #3965 ) ;
#6502 = DIRECTION ( 'NONE',  ( 1.000000000000000000, 2.693799693929904232E-16, 0.000000000000000000 ) ) ;
#6503 = CYLINDRICAL_SURFACE ( 'NONE', #7417, 1.249999999999986677 ) ;
#6504 = PLANE ( 'NONE',  #2230 ) ;
#6505 = ORIENTED_EDGE ( 'NONE', *, *, #6537, .T. ) ;
#6506 = SURFACE_SIDE_STYLE ('',( #7050 ) ) ;
#6507 = SURFACE_STYLE_FILL_AREA ( #4106 ) ;
#6508 = DIRECTION ( 'NONE',  ( -0.000000000000000000, -0.000000000000000000, 1.000000000000000000 ) ) ;
#6509 = DIRECTION ( 'NONE',  ( 1.000000000000000000, 0.000000000000000000, 0.000000000000000000 ) ) ;
#6510 = CARTESIAN_POINT ( 'NONE',  ( -15.49999999999965894, 26.84678751731779656, 66.74892422621554999 ) ) ;
#6511 = EDGE_CURVE ( 'NONE', #5727, #622, #2446, .T. ) ;
#6512 = LINE ( 'NONE', #4746, #2667 ) ;
#6513 = CARTESIAN_POINT ( 'NONE',  ( -15.49999999999965716, 26.84678751731779656, 73.00000000000000000 ) ) ;
#6514 = ORIENTED_EDGE ( 'NONE', *, *, #6343, .F. ) ;
#6515 = DIRECTION ( 'NONE',  ( -0.9659258262890683122, -0.2588190451025205174, 0.000000000000000000 ) ) ;
#6516 = DIRECTION ( 'NONE',  ( 1.000000000000000000, 0.000000000000000000, 0.000000000000000000 ) ) ;
#6517 = VERTEX_POINT ( 'NONE', #6480 ) ;
#6518 =( NAMED_UNIT ( * ) SI_UNIT ( $, .STERADIAN. ) SOLID_ANGLE_UNIT ( ) );
#6519 = EDGE_LOOP ( 'NONE', ( #4528, #5378, #3884 ) ) ;
#6520 = CARTESIAN_POINT ( 'NONE',  ( 7.999356998381581541, -34.07365886934947241, 68.87019983082780072 ) ) ;
#6521 = CARTESIAN_POINT ( 'NONE',  ( 25.59453581398930666, 23.87307303998089836, 69.82754978985013850 ) ) ;
#6522 = EDGE_CURVE ( 'NONE', #3973, #2750, #1412, .T. ) ;
#6523 = CARTESIAN_POINT ( 'NONE',  ( 33.84972342168087067, -8.900720039758859059, 68.25005803955802719 ) ) ;
#6524 = ORIENTED_EDGE ( 'NONE', *, *, #405, .T. ) ;
#6525 = FACE_BOUND ( 'NONE', #2728, .T. ) ;
#6526 = CARTESIAN_POINT ( 'NONE',  ( 0.000000000000000000, 0.000000000000000000, 0.000000000000000000 ) ) ;
#6527 = CARTESIAN_POINT ( 'NONE',  ( 26.84678751731762958, 15.49999999999993783, 66.74892422621554999 ) ) ;
#6528 = LINE ( 'NONE', #1775, #2322 ) ;
#6529 = DIRECTION ( 'NONE',  ( -0.000000000000000000, -0.000000000000000000, 1.000000000000000000 ) ) ;
#6530 = AXIS2_PLACEMENT_3D ( 'NONE', #451, #957, #5196 ) ;
#6531 = AXIS2_PLACEMENT_3D ( 'NONE', #5284, #623, #3471 ) ;
#6532 = SURFACE_STYLE_FILL_AREA ( #3514 ) ;
#6533 = PLANE ( 'NONE',  #5599 ) ;
#6534 = CARTESIAN_POINT ( 'NONE',  ( 24.86436037437329460, -24.63311137724486954, 68.25005803955802719 ) ) ;
#6535 = ORIENTED_EDGE ( 'NONE', *, *, #4820, .F. ) ;
#6536 = SURFACE_SIDE_STYLE ('',( #1138 ) ) ;
#6537 = EDGE_CURVE ( 'NONE', #1947, #6651, #3435, .T. ) ;
#6538 = EDGE_CURVE ( 'NONE', #5083, #3490, #525, .T. ) ;
#6539 = AXIS2_PLACEMENT_3D ( 'NONE', #267, #7432, #856 ) ;
#6540 = DIRECTION ( 'NONE',  ( 0.2588190451025214611, -0.9659258262890682012, -0.000000000000000000 ) ) ;
#6541 = CARTESIAN_POINT ( 'NONE',  ( 34.01170720601004405, -8.258759448495458955, 70.44215622177350156 ) ) ;
#6542 = DIRECTION ( 'NONE',  ( -0.000000000000000000, -0.000000000000000000, 1.000000000000000000 ) ) ;
#6543 = DIRECTION ( 'NONE',  ( -0.000000000000000000, -0.000000000000000000, 1.000000000000000000 ) ) ;
#6544 = ORIENTED_EDGE ( 'NONE', *, *, #1476, .T. ) ;
#6545 = VECTOR ( 'NONE', #6066, 1000.000000000000000 ) ;
#6546 = CARTESIAN_POINT ( 'NONE',  ( -7.117523740319341208, 26.56296022294938552, 55.49999999999999289 ) ) ;
#6547 = VECTOR ( 'NONE', #463, 1000.000000000000114 ) ;
#6548 = ADVANCED_FACE ( 'NONE', ( #6972 ), #733, .F. ) ;
#6549 = EDGE_CURVE ( 'NONE', #3051, #1326, #1711, .T. ) ;
#6550 = CONICAL_SURFACE ( 'NONE', #4687, 1.249999999999997558, 1.029744258676648538 ) ;
#6551 = DIRECTION ( 'NONE',  ( -0.000000000000000000, -0.000000000000000000, 1.000000000000000000 ) ) ;
#6552 = UNCERTAINTY_MEASURE_WITH_UNIT (LENGTH_MEASURE( 1.000000000000000082E-05 ), #4870, 'distance_accuracy_value', 'NONE');
#6553 = AXIS2_PLACEMENT_3D ( 'NONE', #964, #3382, #1619 ) ;
#6554 = DIRECTION ( 'NONE',  ( -0.4999999999999919509, 0.8660254037844432595, 0.000000000000000000 ) ) ;
#6555 = VERTEX_POINT ( 'NONE', #2908 ) ;
#6556 = CARTESIAN_POINT ( 'NONE',  ( -10.26029480722242759, -33.46231238974506539, 69.41841486166937614 ) ) ;
#6557 = CARTESIAN_POINT ( 'NONE',  ( 33.46231238974307587, -10.26029480722885445, 55.49999999999934630 ) ) ;
#6558 = ADVANCED_FACE ( 'NONE', ( #1896 ), #6455, .F. ) ;
#6559 = MECHANICAL_DESIGN_GEOMETRIC_PRESENTATION_REPRESENTATION (  '', ( #3927 ), #7564 ) ;
#6560 = VERTEX_POINT ( 'NONE', #1824 ) ;
#6561 = CARTESIAN_POINT ( 'NONE',  ( -26.56296022294935710, -7.117523740319432690, 69.49999999999998579 ) ) ;
#6562 = CIRCLE ( 'NONE', #2324, 1.249999999999997558 ) ;
#6563 = CARTESIAN_POINT ( 'NONE',  ( 23.96460021427122911, 25.50885884114135749, 68.86992887182174172 ) ) ;
#6564 = DIRECTION ( 'NONE',  ( -0.000000000000000000, -0.000000000000000000, 1.000000000000000000 ) ) ;
#6565 = EDGE_LOOP ( 'NONE', ( #3309, #554, #7522 ) ) ;
#6566 = ORIENTED_EDGE ( 'NONE', *, *, #6657, .F. ) ;
#6567 = CARTESIAN_POINT ( 'NONE',  ( -26.84678751731741997, 15.50000000000031442, 73.00000000000000000 ) ) ;
#6568 = ADVANCED_FACE ( 'NONE', ( #7209, #5386 ), #4151, .T. ) ;
#6569 = CARTESIAN_POINT ( 'NONE',  ( -25.61683214824939725, -23.84906519527373092, 55.49999999999934630 ) ) ;
#6570 =( NAMED_UNIT ( * ) SI_UNIT ( $, .STERADIAN. ) SOLID_ANGLE_UNIT ( ) );
#6571 = FACE_OUTER_BOUND ( 'NONE', #4907, .T. ) ;
#6572 = DIRECTION ( 'NONE',  ( 0.000000000000000000, 0.000000000000000000, -1.000000000000000000 ) ) ;
#6573 = ORIENTED_EDGE ( 'NONE', *, *, #6658, .F. ) ;
#6574 = DIRECTION ( 'NONE',  ( -1.000000000000000000, 0.000000000000000000, 0.000000000000000000 ) ) ;
#6575 = CIRCLE ( 'NONE', #5970, 2.099999999999997868 ) ;
#6576 = DIRECTION ( 'NONE',  ( -0.000000000000000000, -0.000000000000000000, 1.000000000000000000 ) ) ;
#6577 = COLOUR_RGB ( '',1.000000000000000000, 1.000000000000000000, 1.000000000000000000 ) ;
#6578 = CARTESIAN_POINT ( 'NONE',  ( 26.84678751731741997, -15.50000000000031442, 73.00000000000000000 ) ) ;
#6579 = DIRECTION ( 'NONE',  ( 1.000000000000000000, 0.000000000000000000, 0.000000000000000000 ) ) ;
#6580 = DIRECTION ( 'NONE',  ( 0.9659258262890708657, -0.2588190451025111360, -0.000000000000000000 ) ) ;
#6581 =( GEOMETRIC_REPRESENTATION_CONTEXT ( 3 ) GLOBAL_UNCERTAINTY_ASSIGNED_CONTEXT ( ( #5631 ) ) GLOBAL_UNIT_ASSIGNED_CONTEXT ( ( #6951, #376, #3938 ) ) REPRESENTATION_CONTEXT ( 'NONE', 'WORKASPACE' ) );
#6582 = CARTESIAN_POINT ( 'NONE',  ( -8.898408164504639117, 33.85033993624914217, 70.74986216034434960 ) ) ;
#6583 = ORIENTED_EDGE ( 'NONE', *, *, #2028, .T. ) ;
#6584 = ORIENTED_EDGE ( 'NONE', *, *, #5639, .F. ) ;
#6585 = CARTESIAN_POINT ( 'NONE',  ( 23.84906519527381974, -25.61683214824931198, 55.49999999999934630 ) ) ;
#6586 = STYLED_ITEM ( 'NONE', ( #122 ), #7550 ) ;
#6587 = DIRECTION ( 'NONE',  ( 0.2588190451025260130, -0.9659258262890668689, 0.000000000000000000 ) ) ;
#6588 = AXIS2_PLACEMENT_3D ( 'NONE', #5001, #3278, #2163 ) ;
#6589 = MECHANICAL_DESIGN_GEOMETRIC_PRESENTATION_REPRESENTATION (  '', ( #6106 ), #2975 ) ;
#6590 = ORIENTED_EDGE ( 'NONE', *, *, #5093, .F. ) ;
#6591 = DIRECTION ( 'NONE',  ( 0.9659258262890708657, -0.2588190451025111360, -0.000000000000000000 ) ) ;
#6592 = LINE ( 'NONE', #5831, #5014 ) ;
#6593 = CARTESIAN_POINT ( 'NONE',  ( 10.26029480722219489, 33.46231238974513644, 69.41841486166937614 ) ) ;
#6594 = VECTOR ( 'NONE', #7506, 1000.000000000000000 ) ;
#6595 =( LENGTH_UNIT ( ) NAMED_UNIT ( * ) SI_UNIT ( .MILLI., .METRE. ) );
#6596 =( LENGTH_UNIT ( ) NAMED_UNIT ( * ) SI_UNIT ( .MILLI., .METRE. ) );
#6597 = CYLINDRICAL_SURFACE ( 'NONE', #3957, 1.249999999999988232 ) ;
#6598 = CYLINDRICAL_SURFACE ( 'NONE', #3096, 30.00000000000000000 ) ;
#6599 = CARTESIAN_POINT ( 'NONE',  ( 7.117523740318969061, 26.56296022294948500, 69.49999999999998579 ) ) ;
#6600 = DIRECTION ( 'NONE',  ( 0.9612616959383125659, 0.2756373558170213123, 1.049727191138612533E-16 ) ) ;
#6601 = VERTEX_POINT ( 'NONE', #4115 ) ;
#6602 = EDGE_CURVE ( 'NONE', #1854, #2239, #604, .T. ) ;
#6603 = CARTESIAN_POINT ( 'NONE',  ( 33.72174701653640483, -9.373723367612109669, 54.28232543929561871 ) ) ;
#6604 = FACE_OUTER_BOUND ( 'NONE', #3841, .T. ) ;
#6605 = FACE_OUTER_BOUND ( 'NONE', #3900, .T. ) ;
#6606 = DIRECTION ( 'NONE',  ( -0.9659258262890673130, -0.2588190451025248473, -0.000000000000000000 ) ) ;
#6607 = EDGE_CURVE ( 'NONE', #3433, #7581, #5495, .T. ) ;
#6608 = DIRECTION ( 'NONE',  ( -1.000000000000000000, 0.000000000000000000, 0.000000000000000000 ) ) ;
#6609 = DIRECTION ( 'NONE',  ( -0.9659258262890673130, -0.2588190451025248473, -0.000000000000000000 ) ) ;
#6610 =( GEOMETRIC_REPRESENTATION_CONTEXT ( 3 ) GLOBAL_UNCERTAINTY_ASSIGNED_CONTEXT ( ( #5702 ) ) GLOBAL_UNIT_ASSIGNED_CONTEXT ( ( #7565, #4594, #1057 ) ) REPRESENTATION_CONTEXT ( 'NONE', 'WORKASPACE' ) );
#6611 =( NAMED_UNIT ( * ) SI_UNIT ( $, .STERADIAN. ) SOLID_ANGLE_UNIT ( ) );
#6612 = ORIENTED_EDGE ( 'NONE', *, *, #880, .T. ) ;
#6613 = ORIENTED_EDGE ( 'NONE', *, *, #278, .T. ) ;
#6614 = CARTESIAN_POINT ( 'NONE',  ( 24.19888087444829949, -25.28690242411467182, 56.49858126598913088 ) ) ;
#6615 =( GEOMETRIC_REPRESENTATION_CONTEXT ( 3 ) GLOBAL_UNCERTAINTY_ASSIGNED_CONTEXT ( ( #6705 ) ) GLOBAL_UNIT_ASSIGNED_CONTEXT ( ( #608, #5310, #5354 ) ) REPRESENTATION_CONTEXT ( 'NONE', 'WORKASPACE' ) );
#6616 = ORIENTED_EDGE ( 'NONE', *, *, #3886, .T. ) ;
#6617 = DIRECTION ( 'NONE',  ( -0.000000000000000000, -0.000000000000000000, -1.000000000000000000 ) ) ;
#6618 = UNCERTAINTY_MEASURE_WITH_UNIT (LENGTH_MEASURE( 1.000000000000000082E-05 ), #6697, 'distance_accuracy_value', 'NONE');
#6619 =( NAMED_UNIT ( * ) PLANE_ANGLE_UNIT ( ) SI_UNIT ( $, .RADIAN. ) );
#6620 = ORIENTED_EDGE ( 'NONE', *, *, #3959, .F. ) ;
#6621 = CYLINDRICAL_SURFACE ( 'NONE', #3798, 1.249999999999985789 ) ;
#6622 = CARTESIAN_POINT ( 'NONE',  ( -33.46231238974493749, -10.26029480722284859, 69.33480505326377852 ) ) ;
#6623 = CARTESIAN_POINT ( 'NONE',  ( 9.797363654706368052, 33.60097168302487347, 68.49924284121851770 ) ) ;
#6624 = ADVANCED_FACE ( 'NONE', ( #1862 ), #2330, .T. ) ;
#6625 = EDGE_CURVE ( 'NONE', #687, #3815, #5453, .T. ) ;
#6626 = CYLINDRICAL_SURFACE ( 'NONE', #5536, 1.249999999999988232 ) ;
#6627 = CARTESIAN_POINT ( 'NONE',  ( 8.743371217143002028, 33.89065425741836890, 70.71781442879139945 ) ) ;
#6628 = ORIENTED_EDGE ( 'NONE', *, *, #3120, .T. ) ;
#6629 = B_SPLINE_CURVE_WITH_KNOTS ( 'NONE', 3,
 ( #1320, #7698, #576, #3687, #757, #161, #791, #978, #2753, #3324, #3215, #6804, #2781, #5135, #4422, #3362, #1521, #6843, #1482, #4466 ),
 .UNSPECIFIED., .F., .F.,
 ( 4, 2, 2, 2, 2, 2, 2, 2, 2, 4 ),
 ( 0.000000000000000000, 0.0004885477149880555064, 0.0009770954299761110129, 0.001465643144964166519, 0.001954190859952222026, 0.002442738574940277532, 0.002931286289928333039, 0.003419834004916388545, 0.003664107862410407625, 0.003908381719904426704 ),
 .UNSPECIFIED. ) ;
#6630 = ADVANCED_FACE ( 'NONE', ( #6648 ), #6085, .F. ) ;
#6631 = FACE_OUTER_BOUND ( 'NONE', #6337, .T. ) ;
#6632 =( NAMED_UNIT ( * ) PLANE_ANGLE_UNIT ( ) SI_UNIT ( $, .RADIAN. ) );
#6633 = CARTESIAN_POINT ( 'NONE',  ( -34.10936000250128330, 7.845480241499962482, 69.33480505326376431 ) ) ;
#6634 = ORIENTED_EDGE ( 'NONE', *, *, #1455, .T. ) ;
#6635 = ORIENTED_EDGE ( 'NONE', *, *, #1374, .T. ) ;
#6636 = CARTESIAN_POINT ( 'NONE',  ( 33.96544018948446109, 8.448178575087391451, 56.59162368380860642 ) ) ;
#6637 = ORIENTED_EDGE ( 'NONE', *, *, #7355, .F. ) ;
#6638 = CARTESIAN_POINT ( 'NONE',  ( -28.49678751731795856, -15.49999999999937295, 75.00000000000000000 ) ) ;
#6639 = ADVANCED_FACE ( 'NONE', ( #1755 ), #1128, .F. ) ;
#6640 = CARTESIAN_POINT ( 'NONE',  ( -33.99854031952579447, -8.313394368368136611, 70.49858126598913088 ) ) ;
#6641 = AXIS2_PLACEMENT_3D ( 'NONE', #2234, #2195, #1611 ) ;
#6642 = DIRECTION ( 'NONE',  ( -0.9659258262890690894, 0.2588190451025179084, -0.000000000000000000 ) ) ;
#6643 = VECTOR ( 'NONE', #6090, 1000.000000000000114 ) ;
#6644 = DIRECTION ( 'NONE',  ( 0.000000000000000000, -0.000000000000000000, 1.000000000000000000 ) ) ;
#6645 = ADVANCED_FACE ( 'NONE', ( #74 ), #5350, .F. ) ;
#6646 = VECTOR ( 'NONE', #3076, 1000.000000000000000 ) ;
#6647 = DIRECTION ( 'NONE',  ( 0.8660254037844375974, -0.5000000000000019984, 0.000000000000000000 ) ) ;
#6648 = FACE_OUTER_BOUND ( 'NONE', #1062, .T. ) ;
#6649 = CARTESIAN_POINT ( 'NONE',  ( -7.845480241493476115, 34.10936000250277544, 55.49999999999934630 ) ) ;
#6650 = CARTESIAN_POINT ( 'NONE',  ( 7.853453310076313088, -34.10752888537105321, 69.33555798072745802 ) ) ;
#6651 = VERTEX_POINT ( 'NONE', #1350 ) ;
#6652 = CARTESIAN_POINT ( 'NONE',  ( 25.61683214824511978, -23.84906519527833169, 55.49999999999999289 ) ) ;
#6653 = DIRECTION ( 'NONE',  ( 0.8571673007021092250, 0.000000000000000000, 0.5150380749100592626 ) ) ;
#6654 =( GEOMETRIC_REPRESENTATION_CONTEXT ( 3 ) GLOBAL_UNCERTAINTY_ASSIGNED_CONTEXT ( ( #4278 ) ) GLOBAL_UNIT_ASSIGNED_CONTEXT ( ( #6969, #2255, #1098 ) ) REPRESENTATION_CONTEXT ( 'NONE', 'WORKASPACE' ) );
#6655 = AXIS2_PLACEMENT_3D ( 'NONE', #1680, #3336, #3971 ) ;
#6656 = DIRECTION ( 'NONE',  ( 0.9659258262890654256, 0.2588190451025315642, -0.000000000000000000 ) ) ;
#6657 = EDGE_CURVE ( 'NONE', #6944, #5852, #821, .T. ) ;
#6658 = EDGE_CURVE ( 'NONE', #4138, #1854, #4598, .T. ) ;
#6659 = CIRCLE ( 'NONE', #592, 1.249999999999997558 ) ;
#6660 = ORIENTED_EDGE ( 'NONE', *, *, #1377, .F. ) ;
#6661 = CARTESIAN_POINT ( 'NONE',  ( -33.46231238974496591, 10.26029480722274556, 55.66313326947208395 ) ) ;
#6662 = CARTESIAN_POINT ( 'NONE',  ( -35.00000000000000711, 0.000000000000000000, 58.39999999999999147 ) ) ;
#6663 = CIRCLE ( 'NONE', #4040, 1.249999999999997558 ) ;
#6664 = CARTESIAN_POINT ( 'NONE',  ( 8.314335647359383685, 33.99831077896615028, 68.50065340017646065 ) ) ;
#6665 = CARTESIAN_POINT ( 'NONE',  ( -2.020930707177479894E-15, -31.00000000000000000, 66.74892422621554999 ) ) ;
#6666 = AXIS2_PLACEMENT_3D ( 'NONE', #2905, #2400, #4710 ) ;
#6667 = AXIS2_PLACEMENT_3D ( 'NONE', #4837, #246, #763 ) ;
#6668 = ORIENTED_EDGE ( 'NONE', *, *, #3357, .F. ) ;
#6669 = EDGE_CURVE ( 'NONE', #2406, #3125, #7218, .T. ) ;
#6670 = PRESENTATION_STYLE_ASSIGNMENT (( #104 ) ) ;
#6671 = CIRCLE ( 'NONE', #3297, 1.249999999999997558 ) ;
#6672 = FACE_BOUND ( 'NONE', #911, .T. ) ;
#6673 = FACE_OUTER_BOUND ( 'NONE', #1685, .T. ) ;
#6674 = EDGE_LOOP ( 'NONE', ( #3377, #3893 ) ) ;
#6675 = CARTESIAN_POINT ( 'NONE',  ( 24.03137496534104045, -25.44615196647975708, 68.73257693896664478 ) ) ;
#6676 = ORIENTED_EDGE ( 'NONE', *, *, #3372, .F. ) ;
#6677 = FACE_BOUND ( 'NONE', #1286, .T. ) ;
#6678 = SURFACE_STYLE_USAGE ( .BOTH. , #2475 ) ;
#6679 = CARTESIAN_POINT ( 'NONE',  ( 26.84678751731753010, -15.50000000000012612, 73.00000000000000000 ) ) ;
#6680 = PRESENTATION_LAYER_ASSIGNMENT (  '', '', ( #2080 ) ) ;
#6681 = FILL_AREA_STYLE ('',( #3791 ) ) ;
#6682 = EDGE_CURVE ( 'NONE', #1985, #1039, #3708, .T. ) ;
#6683 = CARTESIAN_POINT ( 'NONE',  ( 33.60056864402269383, 9.798729503279229647, 68.50065340017646065 ) ) ;
#6684 = CARTESIAN_POINT ( 'NONE',  ( 0.000000000000000000, 0.000000000000000000, 58.39999999999999147 ) ) ;
#6685 = DIRECTION ( 'NONE',  ( 0.7660444431190185366, -0.6427876096864910682, 0.000000000000000000 ) ) ;
#6686 = MECHANICAL_DESIGN_GEOMETRIC_PRESENTATION_REPRESENTATION (  '', ( #3073 ), #2576 ) ;
#6687 = ORIENTED_EDGE ( 'NONE', *, *, #5815, .T. ) ;
#6688 = CARTESIAN_POINT ( 'NONE',  ( 25.61683214824511623, -23.84906519527832813, 69.49999999999998579 ) ) ;
#6689 = ORIENTED_EDGE ( 'NONE', *, *, #6123, .F. ) ;
#6690 =( NAMED_UNIT ( * ) PLANE_ANGLE_UNIT ( ) SI_UNIT ( $, .RADIAN. ) );
#6691 = CONICAL_SURFACE ( 'NONE', #1599, 1.249999999999985789, 1.029744258676644764 ) ;
#6692 = CARTESIAN_POINT ( 'NONE',  ( 34.07380018804168742, 7.998751193233528234, 70.12841670645254055 ) ) ;
#6693 = CARTESIAN_POINT ( 'NONE',  ( -25.61683214824494925, 23.84906519527850932, 69.49999999999998579 ) ) ;
#6694 = UNCERTAINTY_MEASURE_WITH_UNIT (LENGTH_MEASURE( 1.000000000000000082E-05 ), #352, 'distance_accuracy_value', 'NONE');
#6695 = PRESENTATION_LAYER_ASSIGNMENT (  '', '', ( #5712 ) ) ;
#6696 =( GEOMETRIC_REPRESENTATION_CONTEXT ( 3 ) GLOBAL_UNCERTAINTY_ASSIGNED_CONTEXT ( ( #1561 ) ) GLOBAL_UNIT_ASSIGNED_CONTEXT ( ( #3302, #3428, #5881 ) ) REPRESENTATION_CONTEXT ( 'NONE', 'WORKASPACE' ) );
#6697 =( LENGTH_UNIT ( ) NAMED_UNIT ( * ) SI_UNIT ( .MILLI., .METRE. ) );
#6698 = EDGE_LOOP ( 'NONE', ( #7338, #7064, #1180 ) ) ;
#6699 = SURFACE_STYLE_FILL_AREA ( #3111 ) ;
#6700 = DIRECTION ( 'NONE',  ( -1.000000000000000000, 0.000000000000000000, 0.000000000000000000 ) ) ;
#6701 = VECTOR ( 'NONE', #3752, 1000.000000000000000 ) ;
#6702 =( GEOMETRIC_REPRESENTATION_CONTEXT ( 3 ) GLOBAL_UNCERTAINTY_ASSIGNED_CONTEXT ( ( #3723 ) ) GLOBAL_UNIT_ASSIGNED_CONTEXT ( ( #5422, #784, #3836 ) ) REPRESENTATION_CONTEXT ( 'NONE', 'WORKASPACE' ) );
#6703 = ADVANCED_FACE ( 'NONE', ( #188 ), #7363, .F. ) ;
#6704 = CARTESIAN_POINT ( 'NONE',  ( -15.50000000000059508, -26.84678751731725654, 73.00000000000000000 ) ) ;
#6705 = UNCERTAINTY_MEASURE_WITH_UNIT (LENGTH_MEASURE( 1.000000000000000082E-05 ), #608, 'distance_accuracy_value', 'NONE');
#6706 = EDGE_CURVE ( 'NONE', #5826, #4648, #4327, .T. ) ;
#6707 = CARTESIAN_POINT ( 'NONE',  ( -25.63262081801238779, 23.86485386504594786, 69.49999999999998579 ) ) ;
#6708 = CARTESIAN_POINT ( 'NONE',  ( 8.324931023180662137, -26.23943641657123749, 55.49999999999999289 ) ) ;
#6709 = CARTESIAN_POINT ( 'NONE',  ( -33.99831077896605791, 8.314335647359742509, 54.50065340017647486 ) ) ;
#6710 = VECTOR ( 'NONE', #2812, 1000.000000000000000 ) ;
#6711 = SURFACE_STYLE_FILL_AREA ( #6748 ) ;
#6712 = ORIENTED_EDGE ( 'NONE', *, *, #4831, .F. ) ;
#6713 = CARTESIAN_POINT ( 'NONE',  ( -24.30266594666725410, -25.18700143793110158, 70.58541951627360334 ) ) ;
#6714 = CARTESIAN_POINT ( 'NONE',  ( 26.23943641657132630, -8.324931023180388578, 55.49999999999999289 ) ) ;
#6715 = EDGE_LOOP ( 'NONE', ( #7460, #2452, #4117 ) ) ;
#6716 = CARTESIAN_POINT ( 'NONE',  ( 34.05238992180876068, -8.089997138022548384, 54.73126142467577182 ) ) ;
#6717 = DIRECTION ( 'NONE',  ( -0.000000000000000000, -0.000000000000000000, -1.000000000000000000 ) ) ;
#6718 = DIRECTION ( 'NONE',  ( 0.7071067811865516806, -0.7071067811865433539, 0.000000000000000000 ) ) ;
#6719 = DIRECTION ( 'NONE',  ( 0.7071067811865537900, -0.7071067811865412445, -0.000000000000000000 ) ) ;
#6720 = EDGE_CURVE ( 'NONE', #333, #5274, #1608, .T. ) ;
#6721 = CARTESIAN_POINT ( 'NONE',  ( -25.61683214824488530, -23.84906519527859103, 55.66313326947208395 ) ) ;
#6722 = SURFACE_STYLE_FILL_AREA ( #3238 ) ;
#6723 = CYLINDRICAL_SURFACE ( 'NONE', #5085, 14.00000000000000888 ) ;
#6724 = EDGE_LOOP ( 'NONE', ( #2876, #4526, #3349, #7443 ) ) ;
#6725 = SURFACE_SIDE_STYLE ('',( #2093 ) ) ;
#6726 = EDGE_LOOP ( 'NONE', ( #6133, #6229, #2235, #7252 ) ) ;
#6727 =( NAMED_UNIT ( * ) SI_UNIT ( $, .STERADIAN. ) SOLID_ANGLE_UNIT ( ) );
#6728 = CARTESIAN_POINT ( 'NONE',  ( 33.85033993624905690, 8.898408164504994389, 70.74986216034437803 ) ) ;
#6729 = EDGE_CURVE ( 'NONE', #6944, #4608, #6270, .T. ) ;
#6730 = DIRECTION ( 'NONE',  ( 0.7071067811865536790, -0.7071067811865412445, -0.000000000000000000 ) ) ;
#6731 = AXIS2_PLACEMENT_3D ( 'NONE', #5414, #2474, #6006 ) ;
#6732 = AXIS2_PLACEMENT_3D ( 'NONE', #6206, #945, #2792 ) ;
#6733 = CARTESIAN_POINT ( 'NONE',  ( -20.82653395678843111, -25.59795857772134653, -12.34999999999999964 ) ) ;
#6734 = DIRECTION ( 'NONE',  ( -0.9659258262890719759, 0.2588190451025069172, 0.000000000000000000 ) ) ;
#6735 = ORIENTED_EDGE ( 'NONE', *, *, #6011, .T. ) ;
#6736 = CARTESIAN_POINT ( 'NONE',  ( -34.10936000250129041, 7.845480241499960705, 55.49999999999999289 ) ) ;
#6737 = CARTESIAN_POINT ( 'NONE',  ( -33.46231238974492328, -10.26029480722284504, 69.49999999999998579 ) ) ;
#6738 = COLOUR_RGB ( '',1.000000000000000000, 1.000000000000000000, 1.000000000000000000 ) ;
#6739 = ORIENTED_EDGE ( 'NONE', *, *, #4918, .F. ) ;
#6740 = CARTESIAN_POINT ( 'NONE',  ( 26.23943641657114867, 8.324931023180939249, 55.49999999999999289 ) ) ;
#6741 = EDGE_CURVE ( 'NONE', #5852, #4608, #5357, .T. ) ;
#6742 = CARTESIAN_POINT ( 'NONE',  ( 25.61683214824923027, 23.84906519527391211, 69.49999999999936051 ) ) ;
#6743 = DIRECTION ( 'NONE',  ( 0.000000000000000000, 0.000000000000000000, 1.000000000000000000 ) ) ;
#6744 = ORIENTED_EDGE ( 'NONE', *, *, #4398, .F. ) ;
#6745 = CARTESIAN_POINT ( 'NONE',  ( -33.50833267993240838, 10.10918306013537027, 54.87019983082778651 ) ) ;
#6746 = ORIENTED_EDGE ( 'NONE', *, *, #3606, .F. ) ;
#6747 = DIRECTION ( 'NONE',  ( -0.000000000000000000, -0.000000000000000000, -1.000000000000000000 ) ) ;
#6748 = FILL_AREA_STYLE ('',( #2503 ) ) ;
#6749 = ORIENTED_EDGE ( 'NONE', *, *, #6268, .F. ) ;
#6750 = ORIENTED_EDGE ( 'NONE', *, *, #242, .T. ) ;
#6751 = CARTESIAN_POINT ( 'NONE',  ( -26.84678751731773971, -15.49999999999974953, 73.00000000000000000 ) ) ;
#6752 = CARTESIAN_POINT ( 'NONE',  ( 33.60056864402269383, 9.798729503279234976, 54.50065340017646065 ) ) ;
#6753 = CARTESIAN_POINT ( 'NONE',  ( -26.84678751731741997, 15.50000000000031442, 75.00000000000000000 ) ) ;
#6754 = ORIENTED_EDGE ( 'NONE', *, *, #5986, .T. ) ;
#6755 = CARTESIAN_POINT ( 'NONE',  ( -24.19958127568704498, -25.28623299666309876, 54.50065340017647486 ) ) ;
#6756 = CARTESIAN_POINT ( 'NONE',  ( 33.99797689669432543, 8.315720026422294353, 68.49924284121851770 ) ) ;
#6757 = CARTESIAN_POINT ( 'NONE',  ( -24.74873734152904348, -24.74873734152930638, 69.49999999999998579 ) ) ;
#6758 = FILL_AREA_STYLE ('',( #232 ) ) ;
#6759 = VERTEX_POINT ( 'NONE', #3751 ) ;
#6760 =( LENGTH_UNIT ( ) NAMED_UNIT ( * ) SI_UNIT ( .MILLI., .METRE. ) );
#6761 = ORIENTED_EDGE ( 'NONE', *, *, #6774, .F. ) ;
#6762 = CARTESIAN_POINT ( 'NONE',  ( -34.07380018804173005, -7.998751193233285761, 56.12841670645254055 ) ) ;
#6763 = EDGE_CURVE ( 'NONE', #5115, #991, #3724, .T. ) ;
#6764 = CARTESIAN_POINT ( 'NONE',  ( -25.83747673555090429, -6.923131025748900491, 69.49999999999998579 ) ) ;
#6765 = EDGE_CURVE ( 'NONE', #924, #5996, #520, .T. ) ;
#6766 = COLOUR_RGB ( '',1.000000000000000000, 1.000000000000000000, 1.000000000000000000 ) ;
#6767 = CARTESIAN_POINT ( 'NONE',  ( -33.99797689669436807, -8.315720026422065203, 54.49924284121849638 ) ) ;
#6768 = CARTESIAN_POINT ( 'NONE',  ( -15.49999999999965716, 26.84678751731779656, 73.00000000000000000 ) ) ;
#6769 = FILL_AREA_STYLE ('',( #4868 ) ) ;
#6770 = VERTEX_POINT ( 'NONE', #4502 ) ;
#6771 = STYLED_ITEM ( 'NONE', ( #6902 ), #3204 ) ;
#6772 = AXIS2_PLACEMENT_3D ( 'NONE', #6487, #3496, #7025 ) ;
#6773 = SURFACE_STYLE_FILL_AREA ( #7405 ) ;
#6774 = EDGE_CURVE ( 'NONE', #6264, #3125, #6805, .T. ) ;
#6775 = ORIENTED_EDGE ( 'NONE', *, *, #1502, .T. ) ;
#6776 = FILL_AREA_STYLE_COLOUR ( '', #5584 ) ;
#6777 = AXIS2_PLACEMENT_3D ( 'NONE', #6798, #6719, #5493 ) ;
#6778 = PRESENTATION_STYLE_ASSIGNMENT (( #7451 ) ) ;
#6779 = ORIENTED_EDGE ( 'NONE', *, *, #2989, .T. ) ;
#6780 = EDGE_CURVE ( 'NONE', #6770, #5319, #342, .T. ) ;
#6781 =( GEOMETRIC_REPRESENTATION_CONTEXT ( 3 ) GLOBAL_UNCERTAINTY_ASSIGNED_CONTEXT ( ( #4982 ) ) GLOBAL_UNIT_ASSIGNED_CONTEXT ( ( #6596, #771, #3009 ) ) REPRESENTATION_CONTEXT ( 'NONE', 'WORKASPACE' ) );
#6782 = DIRECTION ( 'NONE',  ( -0.7071067811865487940, 0.7071067811865462405, -0.000000000000000000 ) ) ;
#6783 = PRESENTATION_LAYER_ASSIGNMENT (  '', '', ( #2429 ) ) ;
#6784 = CARTESIAN_POINT ( 'NONE',  ( 33.48388011373935313, -10.26607386144922174, 69.49999999999998579 ) ) ;
#6785 = CIRCLE ( 'NONE', #2170, 1.249999999999987788 ) ;
#6786 = STYLED_ITEM ( 'NONE', ( #2943 ), #1692 ) ;
#6787 = CARTESIAN_POINT ( 'NONE',  ( -23.87844043421752716, 25.58945755559298263, 55.17537727027525563 ) ) ;
#6788 = VECTOR ( 'NONE', #3763, 1000.000000000000000 ) ;
#6789 = DIRECTION ( 'NONE',  ( -0.000000000000000000, -0.000000000000000000, 1.000000000000000000 ) ) ;
#6790 = CARTESIAN_POINT ( 'NONE',  ( -33.48097225825539169, 10.19928830482903237, 69.09744532331461642 ) ) ;
#6791 = ORIENTED_EDGE ( 'NONE', *, *, #5943, .T. ) ;
#6792 = CARTESIAN_POINT ( 'NONE',  ( 28.09678751731762958, 15.49999999999993783, 67.50000000000000000 ) ) ;
#6793 = CARTESIAN_POINT ( 'NONE',  ( -25.28623299666301349, 24.19958127568713024, 68.50065340017646065 ) ) ;
#6794 = DIRECTION ( 'NONE',  ( -0.2588190451025177419, -0.9659258262890692004, 0.000000000000000000 ) ) ;
#6795 = VECTOR ( 'NONE', #6397, 1000.000000000000000 ) ;
#6796 = ADVANCED_FACE ( 'NONE', ( #5847 ), #5091, .F. ) ;
#6797 = FILL_AREA_STYLE_COLOUR ( '', #4080 ) ;
#6798 = CARTESIAN_POINT ( 'NONE',  ( 19.44543648263023883, -19.44543648262989777, 69.49999999999998579 ) ) ;
#6799 = CARTESIAN_POINT ( 'NONE',  ( -24.86605022927824749, -24.63141749182856444, 56.74986216034435671 ) ) ;
#6800 = AXIS2_PLACEMENT_3D ( 'NONE', #4074, #5772, #1060 ) ;
#6801 = VERTEX_POINT ( 'NONE', #7638 ) ;
#6802 = ORIENTED_EDGE ( 'NONE', *, *, #7459, .T. ) ;
#6803 = CARTESIAN_POINT ( 'NONE',  ( -33.53533562530439838, -10.01971073834270420, 56.26921617977553325 ) ) ;
#6804 = CARTESIAN_POINT ( 'NONE',  ( -8.449532112276903817, 33.96510442650515671, 54.40755231783179369 ) ) ;
#6805 = CIRCLE ( 'NONE', #3448, 34.75000000000000711 ) ;
#6806 =( GEOMETRIC_REPRESENTATION_CONTEXT ( 3 ) GLOBAL_UNCERTAINTY_ASSIGNED_CONTEXT ( ( #5395 ) ) GLOBAL_UNIT_ASSIGNED_CONTEXT ( ( #3295, #5188, #315 ) ) REPRESENTATION_CONTEXT ( 'NONE', 'WORKASPACE' ) );
#6807 = ORIENTED_EDGE ( 'NONE', *, *, #2270, .F. ) ;
#6808 = CARTESIAN_POINT ( 'NONE',  ( -28.49678751731741855, 15.50000000000031442, 73.00000000000000000 ) ) ;
#6809 = CIRCLE ( 'NONE', #3820, 4.500000000000000000 ) ;
#6810 = ORIENTED_EDGE ( 'NONE', *, *, #2970, .T. ) ;
#6811 = CIRCLE ( 'NONE', #3315, 1.649999999999999467 ) ;
#6812 = PRESENTATION_STYLE_ASSIGNMENT (( #3851 ) ) ;
#6813 = DIRECTION ( 'NONE',  ( 1.000000000000000000, 0.000000000000000000, 0.000000000000000000 ) ) ;
#6814 = STYLED_ITEM ( 'NONE', ( #129 ), #7382 ) ;
#6815 = DIRECTION ( 'NONE',  ( 1.000000000000000000, 0.000000000000000000, 0.000000000000000000 ) ) ;
#6816 = EDGE_LOOP ( 'NONE', ( #3999, #7296 ) ) ;
#6817 = EDGE_LOOP ( 'NONE', ( #4945, #1542, #7423 ) ) ;
#6818 =( NAMED_UNIT ( * ) PLANE_ANGLE_UNIT ( ) SI_UNIT ( $, .RADIAN. ) );
#6819 = PRESENTATION_LAYER_ASSIGNMENT (  '', '', ( #5476 ) ) ;
#6820 = VECTOR ( 'NONE', #5725, 1000.000000000000114 ) ;
#6821 = EDGE_CURVE ( 'NONE', #2801, #1919, #3463, .T. ) ;
#6822 = DIRECTION ( 'NONE',  ( -0.9659258262890690894, 0.2588190451025179084, -0.000000000000000000 ) ) ;
#6823 = CARTESIAN_POINT ( 'NONE',  ( 19.44543648263023883, -19.44543648262989777, 55.49999999999999289 ) ) ;
#6824 = DIRECTION ( 'NONE',  ( 0.000000000000000000, 0.000000000000000000, 1.000000000000000000 ) ) ;
#6825 = ORIENTED_EDGE ( 'NONE', *, *, #5841, .T. ) ;
#6826 = STYLED_ITEM ( 'NONE', ( #739 ), #2714 ) ;
#6827 = FACE_OUTER_BOUND ( 'NONE', #6724, .T. ) ;
#6828 = VERTEX_POINT ( 'NONE', #388 ) ;
#6829 = CARTESIAN_POINT ( 'NONE',  ( -33.46231238974301192, 10.26029480722908893, 69.49999999999936051 ) ) ;
#6830 = DIRECTION ( 'NONE',  ( -0.7071067811865461294, -0.7071067811865489050, 0.000000000000000000 ) ) ;
#6831 = DIRECTION ( 'NONE',  ( -0.000000000000000000, -0.000000000000000000, 1.000000000000000000 ) ) ;
#6832 = COLOUR_RGB ( '',1.000000000000000000, 1.000000000000000000, 1.000000000000000000 ) ;
#6833 = CARTESIAN_POINT ( 'NONE',  ( 8.089419755561470637, -34.05252645253751353, 56.26794143074935306 ) ) ;
#6834 = CARTESIAN_POINT ( 'NONE',  ( 34.10034052931587212, 7.884607240989730315, 69.17537727027524852 ) ) ;
#6835 = DIRECTION ( 'NONE',  ( 0.7071067811865516806, -0.7071067811865433539, 0.000000000000000000 ) ) ;
#6836 = ADVANCED_FACE ( 'NONE', ( #2744 ), #4209, .F. ) ;
#6837 =( LENGTH_UNIT ( ) NAMED_UNIT ( * ) SI_UNIT ( .MILLI., .METRE. ) );
#6838 = EDGE_LOOP ( 'NONE', ( #1768, #1743, #3114 ) ) ;
#6839 = EDGE_LOOP ( 'NONE', ( #3410, #6573, #1046, #5659 ) ) ;
#6840 = VERTEX_POINT ( 'NONE', #4061 ) ;
#6841 = LINE ( 'NONE', #7516, #3617 ) ;
#6842 = CIRCLE ( 'NONE', #4738, 14.00000000000000888 ) ;
#6843 = CARTESIAN_POINT ( 'NONE',  ( -7.853453310076316640, 34.10752888537105321, 55.33555798072745091 ) ) ;
#6844 =( NAMED_UNIT ( * ) PLANE_ANGLE_UNIT ( ) SI_UNIT ( $, .RADIAN. ) );
#6845 = LINE ( 'NONE', #2672, #1729 ) ;
#6846 = ORIENTED_EDGE ( 'NONE', *, *, #4312, .F. ) ;
#6847 = DIRECTION ( 'NONE',  ( 0.000000000000000000, 0.000000000000000000, -1.000000000000000000 ) ) ;
#6848 = VERTEX_POINT ( 'NONE', #1546 ) ;
#6849 = EDGE_CURVE ( 'NONE', #144, #991, #2162, .T. ) ;
#6850 = DIRECTION ( 'NONE',  ( -0.7071067811865487940, 0.7071067811865462405, -0.000000000000000000 ) ) ;
#6851 =( GEOMETRIC_REPRESENTATION_CONTEXT ( 3 ) GLOBAL_UNCERTAINTY_ASSIGNED_CONTEXT ( ( #6330 ) ) GLOBAL_UNIT_ASSIGNED_CONTEXT ( ( #1031, #7523, #6279 ) ) REPRESENTATION_CONTEXT ( 'NONE', 'WORKASPACE' ) );
#6852 = CYLINDRICAL_SURFACE ( 'NONE', #2964, 1.249999999999986899 ) ;
#6853 = ORIENTED_EDGE ( 'NONE', *, *, #1830, .T. ) ;
#6854 = DIRECTION ( 'NONE',  ( 1.000000000000000000, 0.000000000000000000, 0.000000000000000000 ) ) ;
#6855 = CARTESIAN_POINT ( 'NONE',  ( 33.94651078449915360, -8.522919225068534388, 56.62377514882768992 ) ) ;
#6856 = AXIS2_PLACEMENT_3D ( 'NONE', #2095, #4381, #2632 ) ;
#6857 = CARTESIAN_POINT ( 'NONE',  ( -25.19084476727092792, -24.29905735647518839, 70.59162368380860642 ) ) ;
#6858 = ORIENTED_EDGE ( 'NONE', *, *, #6196, .T. ) ;
#6859 =( LENGTH_UNIT ( ) NAMED_UNIT ( * ) SI_UNIT ( .MILLI., .METRE. ) );
#6860 = EDGE_CURVE ( 'NONE', #6493, #5115, #1814, .T. ) ;
#6861 = EDGE_CURVE ( 'NONE', #4143, #7042, #6959, .T. ) ;
#6862 = CYLINDRICAL_SURFACE ( 'NONE', #2099, 30.00000000000000000 ) ;
#6863 = ORIENTED_EDGE ( 'NONE', *, *, #3400, .F. ) ;
#6864 = LINE ( 'NONE', #4051, #2187 ) ;
#6865 = DIRECTION ( 'NONE',  ( 0.000000000000000000, 0.000000000000000000, 1.000000000000000000 ) ) ;
#6866 = ORIENTED_EDGE ( 'NONE', *, *, #7243, .T. ) ;
#6867 = DIRECTION ( 'NONE',  ( 0.9659258262890676461, 0.2588190451025230709, 0.000000000000000000 ) ) ;
#6868 = ORIENTED_EDGE ( 'NONE', *, *, #4238, .F. ) ;
#6869 = FACE_OUTER_BOUND ( 'NONE', #4845, .T. ) ;
#6870 = CARTESIAN_POINT ( 'NONE',  ( -7.117523740319154690, -26.56296022294944237, 69.49999999999998579 ) ) ;
#6871 = EDGE_CURVE ( 'NONE', #2651, #4673, #3628, .T. ) ;
#6872 = PRESENTATION_STYLE_ASSIGNMENT (( #2624 ) ) ;
#6873 = CARTESIAN_POINT ( 'NONE',  ( -9.664764854219267676, 33.63948505473541672, 68.40752953715787044 ) ) ;
#6874 = CARTESIAN_POINT ( 'NONE',  ( 24.63374261563097889, -24.86373499089189210, 54.24994211835183933 ) ) ;
#6875 = CARTESIAN_POINT ( 'NONE',  ( -10.10918306013524948, -33.50833267993244391, 54.87019983082778651 ) ) ;
#6876 =( NAMED_UNIT ( * ) PLANE_ANGLE_UNIT ( ) SI_UNIT ( $, .RADIAN. ) );
#6877 = ORIENTED_EDGE ( 'NONE', *, *, #3304, .T. ) ;
#6878 = ADVANCED_FACE ( 'NONE', ( #2363, #6003 ), #6533, .T. ) ;
#6879 = DIRECTION ( 'NONE',  ( 1.000000000000000000, 0.000000000000000000, 0.000000000000000000 ) ) ;
#6880 = EDGE_LOOP ( 'NONE', ( #3417, #2631 ) ) ;
#6881 = ORIENTED_EDGE ( 'NONE', *, *, #3786, .F. ) ;
#6882 = LINE ( 'NONE', #3879, #273 ) ;
#6883 = DIRECTION ( 'NONE',  ( -0.000000000000000000, -0.000000000000000000, 1.000000000000000000 ) ) ;
#6884 =( LENGTH_UNIT ( ) NAMED_UNIT ( * ) SI_UNIT ( .MILLI., .METRE. ) );
#6885 = DIRECTION ( 'NONE',  ( -0.7071067811865437980, -0.7071067811865513475, -0.000000000000000000 ) ) ;
#6886 = CARTESIAN_POINT ( 'NONE',  ( 24.51591977797346900, 24.97983810746357136, 54.28287014335595728 ) ) ;
#6887 = FACE_OUTER_BOUND ( 'NONE', #3745, .T. ) ;
#6888 = VERTEX_POINT ( 'NONE', #5965 ) ;
#6889 = FACE_OUTER_BOUND ( 'NONE', #1827, .T. ) ;
#6890 = AXIS2_PLACEMENT_3D ( 'NONE', #4102, #3039, #1742 ) ;
#6891 = ADVANCED_FACE ( 'NONE', ( #630 ), #6504, .F. ) ;
#6892 = VERTEX_POINT ( 'NONE', #2430 ) ;
#6893 = ADVANCED_FACE ( 'NONE', ( #1744 ), #1841, .F. ) ;
#6894 = CARTESIAN_POINT ( 'NONE',  ( 26.56296022294946368, -7.117523740319062320, 69.49999999999998579 ) ) ;
#6895 = CIRCLE ( 'NONE', #2650, 1.649999999999998135 ) ;
#6896 = ORIENTED_EDGE ( 'NONE', *, *, #6658, .T. ) ;
#6897 = FACE_OUTER_BOUND ( 'NONE', #3369, .T. ) ;
#6898 = AXIS2_PLACEMENT_3D ( 'NONE', #6526, #25, #53 ) ;
#6899 = CIRCLE ( 'NONE', #440, 1.249999999999987788 ) ;
#6900 = DIRECTION ( 'NONE',  ( 0.000000000000000000, 0.000000000000000000, 1.000000000000000000 ) ) ;
#6901 = ORIENTED_EDGE ( 'NONE', *, *, #7703, .F. ) ;
#6902 = PRESENTATION_STYLE_ASSIGNMENT (( #3974 ) ) ;
#6903 = PRESENTATION_STYLE_ASSIGNMENT (( #5194 ) ) ;
#6904 = EDGE_LOOP ( 'NONE', ( #2569, #6863, #2765, #4267 ) ) ;
#6905 = SURFACE_STYLE_FILL_AREA ( #6494 ) ;
#6906 = STYLED_ITEM ( 'NONE', ( #1636 ), #3425 ) ;
#6907 = AXIS2_PLACEMENT_3D ( 'NONE', #6980, #4725, #4679 ) ;
#6908 = CARTESIAN_POINT ( 'NONE',  ( 24.74873734152938809, -24.74873734152895111, 69.49999999999998579 ) ) ;
#6909 = AXIS2_PLACEMENT_3D ( 'NONE', #916, #3152, #2113 ) ;
#6910 = CARTESIAN_POINT ( 'NONE',  ( 26.84678751731763313, 15.49999999999993783, 73.00000000000000000 ) ) ;
#6911 = DIRECTION ( 'NONE',  ( -0.000000000000000000, -0.000000000000000000, 1.000000000000000000 ) ) ;
#6912 = CONICAL_SURFACE ( 'NONE', #3546, 1.249999999999997558, 1.029744258676649205 ) ;
#6913 = ORIENTED_EDGE ( 'NONE', *, *, #5280, .T. ) ;
#6914 = DIRECTION ( 'NONE',  ( 0.000000000000000000, -0.000000000000000000, 1.000000000000000000 ) ) ;
#6915 = DIRECTION ( 'NONE',  ( -0.000000000000000000, -0.000000000000000000, 1.000000000000000000 ) ) ;
#6916 = SURFACE_SIDE_STYLE ('',( #336 ) ) ;
#6917 = CIRCLE ( 'NONE', #1208, 1.249999999999999334 ) ;
#6918 = CIRCLE ( 'NONE', #6553, 34.75000000000000711 ) ;
#6919 = DIRECTION ( 'NONE',  ( 0.2588190451025076944, 0.9659258262890718649, -0.000000000000000000 ) ) ;
#6920 =( NAMED_UNIT ( * ) PLANE_ANGLE_UNIT ( ) SI_UNIT ( $, .RADIAN. ) );
#6921 = FACE_OUTER_BOUND ( 'NONE', #221, .T. ) ;
#6922 = CARTESIAN_POINT ( 'NONE',  ( -8.900720039758969193, -33.84972342168084936, 54.25005803955803430 ) ) ;
#6923 = CIRCLE ( 'NONE', #602, 1.249999999999988010 ) ;
#6924 = APPLICATION_PROTOCOL_DEFINITION ( 'draft international standard', 'automotive_design', 1998, #7097 ) ;
#6925 = VERTEX_POINT ( 'NONE', #1204 ) ;
#6926 = DIRECTION ( 'NONE',  ( 0.7071067811865388020, 0.7071067811865563435, -0.000000000000000000 ) ) ;
#6927 = DIRECTION ( 'NONE',  ( -0.7071067811865437980, -0.7071067811865513475, -0.000000000000000000 ) ) ;
#6928 = ORIENTED_EDGE ( 'NONE', *, *, #6538, .F. ) ;
#6929 = CARTESIAN_POINT ( 'NONE',  ( -34.05252645253748511, -8.089419755561589653, 56.26794143074935306 ) ) ;
#6930 = CARTESIAN_POINT ( 'NONE',  ( 8.089997138022424039, 34.05238992180880331, 54.73126142467577182 ) ) ;
#6931 = STYLED_ITEM ( 'NONE', ( #2767 ), #1445 ) ;
#6932 = CARTESIAN_POINT ( 'NONE',  ( -34.10936000250274702, -7.845480241493596019, 55.49999999999934630 ) ) ;
#6933 = CARTESIAN_POINT ( 'NONE',  ( -19.44543648262997237, -19.44543648263017488, 69.49999999999998579 ) ) ;
#6934 = AXIS2_PLACEMENT_3D ( 'NONE', #6733, #2060, #1485 ) ;
#6935 = CARTESIAN_POINT ( 'NONE',  ( 25.28525165660252227, 24.20061324198790587, 54.49924284121849638 ) ) ;
#6936 = DIRECTION ( 'NONE',  ( -0.000000000000000000, -0.000000000000000000, 1.000000000000000000 ) ) ;
#6937 = EDGE_LOOP ( 'NONE', ( #379, #6399, #2456, #5565 ) ) ;
#6938 = ORIENTED_EDGE ( 'NONE', *, *, #3624, .T. ) ;
#6939 = CARTESIAN_POINT ( 'NONE',  ( -21.45764104638807979, -26.37365429219775592, -12.34999999999999964 ) ) ;
#6940 = UNCERTAINTY_MEASURE_WITH_UNIT (LENGTH_MEASURE( 1.000000000000000082E-05 ), #6595, 'distance_accuracy_value', 'NONE');
#6941 = ORIENTED_EDGE ( 'NONE', *, *, #5815, .F. ) ;
#6942 = CARTESIAN_POINT ( 'NONE',  ( 16.75000000000002842, 26.84678751731757984, 67.50000000000000000 ) ) ;
#6943 = SURFACE_SIDE_STYLE ('',( #2142 ) ) ;
#6944 = VERTEX_POINT ( 'NONE', #3012 ) ;
#6945 = CARTESIAN_POINT ( 'NONE',  ( 9.664764854219267676, -33.63948505473541672, 68.40752953715787044 ) ) ;
#6946 = FACE_BOUND ( 'NONE', #7430, .T. ) ;
#6947 = EDGE_CURVE ( 'NONE', #5420, #5231, #2216, .T. ) ;
#6948 = ORIENTED_EDGE ( 'NONE', *, *, #4225, .T. ) ;
#6949 = SURFACE_SIDE_STYLE ('',( #6905 ) ) ;
#6950 = CARTESIAN_POINT ( 'NONE',  ( -34.01170720600998010, 8.258759448495700539, 70.44215622177352998 ) ) ;
#6951 =( LENGTH_UNIT ( ) NAMED_UNIT ( * ) SI_UNIT ( .MILLI., .METRE. ) );
#6952 = EDGE_CURVE ( 'NONE', #1519, #3815, #4218, .T. ) ;
#6953 = COLOUR_RGB ( '',1.000000000000000000, 1.000000000000000000, 1.000000000000000000 ) ;
#6954 = DIRECTION ( 'NONE',  ( 1.000000000000000000, 2.693799693929904232E-16, 0.000000000000000000 ) ) ;
#6955 = DIRECTION ( 'NONE',  ( 1.000000000000000000, 0.000000000000000000, 0.000000000000000000 ) ) ;
#6956 = ORIENTED_EDGE ( 'NONE', *, *, #115, .T. ) ;
#6957 = CYLINDRICAL_SURFACE ( 'NONE', #1359, 1.649999999999999023 ) ;
#6958 = AXIS2_PLACEMENT_3D ( 'NONE', #2175, #1061, #6324 ) ;
#6959 = CIRCLE ( 'NONE', #126, 1.249999999999997558 ) ;
#6960 = FILL_AREA_STYLE ('',( #3386 ) ) ;
#6961 = CARTESIAN_POINT ( 'NONE',  ( -14.00000000000000888, 1.714505518806295427E-15, 58.39999999999999147 ) ) ;
#6962 = CARTESIAN_POINT ( 'NONE',  ( 7.845480241499945606, -34.10936000250131173, 55.66313326947209106 ) ) ;
#6963 = CIRCLE ( 'NONE', #3844, 35.00000000000000711 ) ;
#6964 = CARTESIAN_POINT ( 'NONE',  ( -8.741490271134789936, -33.89113427247272625, 54.28287014335595728 ) ) ;
#6965 = CARTESIAN_POINT ( 'NONE',  ( -27.64298219578689952, 4.080732175172793852, -14.84999999999999964 ) ) ;
#6966 = ORIENTED_EDGE ( 'NONE', *, *, #133, .T. ) ;
#6967 = FACE_BOUND ( 'NONE', #1028, .T. ) ;
#6968 = EDGE_CURVE ( 'NONE', #6117, #4732, #4444, .T. ) ;
#6969 =( LENGTH_UNIT ( ) NAMED_UNIT ( * ) SI_UNIT ( .MILLI., .METRE. ) );
#6970 = CARTESIAN_POINT ( 'NONE',  ( 33.47195562601950058, -10.22898169299499749, 69.82754978985013850 ) ) ;
#6971 = VERTEX_POINT ( 'NONE', #4741 ) ;
#6972 = FACE_OUTER_BOUND ( 'NONE', #2024, .T. ) ;
#6973 = PRESENTATION_STYLE_ASSIGNMENT (( #5007 ) ) ;
#6974 = ORIENTED_EDGE ( 'NONE', *, *, #5153, .F. ) ;
#6975 = VECTOR ( 'NONE', #2619, 999.9999999999998863 ) ;
#6976 = LINE ( 'NONE', #4002, #1277 ) ;
#6977 = ORIENTED_EDGE ( 'NONE', *, *, #4911, .F. ) ;
#6978 = DIRECTION ( 'NONE',  ( 0.5000000000000101030, 0.8660254037844328234, 0.000000000000000000 ) ) ;
#6979 = ORIENTED_EDGE ( 'NONE', *, *, #7262, .T. ) ;
#6980 = CARTESIAN_POINT ( 'NONE',  ( 15.50000000000003197, 26.84678751731757984, 67.50000000000000000 ) ) ;
#6981 = EDGE_LOOP ( 'NONE', ( #6566, #6415, #671 ) ) ;
#6982 = DIRECTION ( 'NONE',  ( 0.000000000000000000, 0.000000000000000000, 1.000000000000000000 ) ) ;
#6983 = ORIENTED_EDGE ( 'NONE', *, *, #2715, .T. ) ;
#6984 = DIRECTION ( 'NONE',  ( -0.9659258262890719759, 0.2588190451025066952, 0.000000000000000000 ) ) ;
#6985 = DIRECTION ( 'NONE',  ( -0.2588190451025179084, -0.9659258262890689783, 0.000000000000000000 ) ) ;
#6986 = ADVANCED_FACE ( 'NONE', ( #551 ), #500, .F. ) ;
#6987 = ORIENTED_EDGE ( 'NONE', *, *, #6385, .T. ) ;
#6988 = CARTESIAN_POINT ( 'NONE',  ( 8.453225370535019323, 33.96391606373721572, 56.58541951627361044 ) ) ;
#6989 =( LENGTH_UNIT ( ) NAMED_UNIT ( * ) SI_UNIT ( .MILLI., .METRE. ) );
#6990 = EDGE_CURVE ( 'NONE', #4086, #5236, #4180, .T. ) ;
#6991 = STYLED_ITEM ( 'NONE', ( #5298 ), #799 ) ;
#6992 = CARTESIAN_POINT ( 'NONE',  ( -34.10936000250274702, -7.845480241493596019, 55.49999999999934630 ) ) ;
#6993 = CARTESIAN_POINT ( 'NONE',  ( -25.57332890163110761, -23.89572836663675659, 69.09744532331460221 ) ) ;
#6994 = ORIENTED_EDGE ( 'NONE', *, *, #3048, .T. ) ;
#6995 = DIRECTION ( 'NONE',  ( 1.000000000000000000, 0.000000000000000000, 0.000000000000000000 ) ) ;
#6996 = SURFACE_STYLE_FILL_AREA ( #1696 ) ;
#6997 = DIRECTION ( 'NONE',  ( 1.000000000000000000, 0.000000000000000000, 0.000000000000000000 ) ) ;
#6998 = PRESENTATION_LAYER_ASSIGNMENT (  '', '', ( #3365 ) ) ;
#6999 = ADVANCED_FACE ( 'NONE', ( #6571 ), #7586, .F. ) ;
#7000 = EDGE_CURVE ( 'NONE', #3230, #144, #2899, .T. ) ;
#7001 = CARTESIAN_POINT ( 'NONE',  ( -5.910116457458017614, 26.88648402932753356, 55.49999999999999289 ) ) ;
#7002 = CARTESIAN_POINT ( 'NONE',  ( -7.907643356624150854, 34.09501667146574277, 69.09744532331460221 ) ) ;
#7003 = CARTESIAN_POINT ( 'NONE',  ( 10.01971073834258874, -33.53533562530441969, 70.26921617977554035 ) ) ;
#7004 = CARTESIAN_POINT ( 'NONE',  ( 26.88648402932746961, 5.910116457458299166, 55.49999999999999289 ) ) ;
#7005 = DIRECTION ( 'NONE',  ( -0.000000000000000000, -0.000000000000000000, 1.000000000000000000 ) ) ;
#7006 = ORIENTED_EDGE ( 'NONE', *, *, #2932, .F. ) ;
#7007 = DIRECTION ( 'NONE',  ( 0.2588190451025076944, 0.9659258262890718649, -0.000000000000000000 ) ) ;
#7008 = FACE_OUTER_BOUND ( 'NONE', #2902, .T. ) ;
#7009 = CARTESIAN_POINT ( 'NONE',  ( 0.000000000000000000, -31.00000000000000000, 73.00000000000000000 ) ) ;
#7010 =( NAMED_UNIT ( * ) SI_UNIT ( $, .STERADIAN. ) SOLID_ANGLE_UNIT ( ) );
#7011 = VERTEX_POINT ( 'NONE', #4256 ) ;
#7012 = CARTESIAN_POINT ( 'NONE',  ( -18.56155300614692649, 20.32931995911321010, 55.49999999999999289 ) ) ;
#7013 = PLANE ( 'NONE',  #2708 ) ;
#7014 = ORIENTED_EDGE ( 'NONE', *, *, #2989, .F. ) ;
#7015 = EDGE_CURVE ( 'NONE', #7316, #999, #5710, .T. ) ;
#7016 = EDGE_CURVE ( 'NONE', #6429, #5370, #2458, .T. ) ;
#7017 = ORIENTED_EDGE ( 'NONE', *, *, #296, .T. ) ;
#7018 = SURFACE_SIDE_STYLE ('',( #1676 ) ) ;
#7019 = B_SPLINE_CURVE_WITH_KNOTS ( 'NONE', 3,
 ( #7569, #4600, #6970, #1637, #3995, #4148, #1823, #5345, #6008, #5458, #39, #7245, #7170, #3567, #6541, #5417, #1894, #117, #2402, #7 ),
 .UNSPECIFIED., .F., .F.,
 ( 4, 2, 2, 2, 2, 2, 2, 2, 2, 4 ),
 ( 0.003908381719904444052, 0.004396818631769989008, 0.004885255543635533097, 0.005373692455501078054, 0.005862129367366622143, 0.006350566279232167100, 0.006594784735164929169, 0.006839003191097691239, 0.007327440102963185889, 0.007815877014828680538 ),
 .UNSPECIFIED. ) ;
#7020 = B_SPLINE_CURVE_WITH_KNOTS ( 'NONE', 3,
 ( #2284, #5212, #1702, #5292, #514, #2861, #4060, #2775, #1628, #6874, #5253, #2161, #3950, #3389, #4545, #2127, #4658, #1587, #3479, #6356 ),
 .UNSPECIFIED., .F., .F.,
 ( 4, 2, 2, 2, 2, 2, 2, 2, 2, 4 ),
 ( 0.000000000000000000, 0.0004885477149880565906, 0.0009770954299761131813, 0.001465643144964169772, 0.001954190859952226363, 0.002442738574940283170, 0.002931286289928339544, 0.003419834004916395918, 0.003664107862410414997, 0.003908381719904433643 ),
 .UNSPECIFIED. ) ;
#7021 = ORIENTED_EDGE ( 'NONE', *, *, #4239, .T. ) ;
#7022 = CARTESIAN_POINT ( 'NONE',  ( -24.97848192922776533, 24.51730871747298579, 70.71781442879139945 ) ) ;
#7023 = CIRCLE ( 'NONE', #642, 0.9999999999999991118 ) ;
#7024 = ORIENTED_EDGE ( 'NONE', *, *, #1337, .F. ) ;
#7025 = DIRECTION ( 'NONE',  ( 1.000000000000000000, 0.000000000000000000, 0.000000000000000000 ) ) ;
#7026 = EDGE_LOOP ( 'NONE', ( #2506, #3008, #6994 ) ) ;
#7027 = DIRECTION ( 'NONE',  ( -0.2756373558170049365, -0.9612616959383172288, 0.000000000000000000 ) ) ;
#7028 = ORIENTED_EDGE ( 'NONE', *, *, #3434, .F. ) ;
#7029 = ADVANCED_FACE ( 'NONE', ( #7354 ), #7387, .F. ) ;
#7030 =( NAMED_UNIT ( * ) SI_UNIT ( $, .STERADIAN. ) SOLID_ANGLE_UNIT ( ) );
#7031 = CARTESIAN_POINT ( 'NONE',  ( -7.877212449405906369, -34.10210355438574936, 69.17270578215243404 ) ) ;
#7032 = CARTESIAN_POINT ( 'NONE',  ( 33.53485719109460206, -10.02132654886026053, 68.73257693896664478 ) ) ;
#7033 = EDGE_LOOP ( 'NONE', ( #6846, #4107, #716 ) ) ;
#7034 = CARTESIAN_POINT ( 'NONE',  ( 9.799659445077301356, 33.60029679248300738, 56.49858126598913088 ) ) ;
#7035 = LINE ( 'NONE', #7077, #4723 ) ;
#7036 = AXIS2_PLACEMENT_3D ( 'NONE', #4482, #3375, #6854 ) ;
#7037 = CIRCLE ( 'NONE', #5664, 1.000000000000000888 ) ;
#7038 = FILL_AREA_STYLE ('',( #1574 ) ) ;
#7039 = EDGE_CURVE ( 'NONE', #5231, #5420, #1233, .T. ) ;
#7040 = SURFACE_SIDE_STYLE ('',( #1080 ) ) ;
#7041 = CARTESIAN_POINT ( 'NONE',  ( 33.46231238974485223, 10.26029480722307774, 69.49999999999998579 ) ) ;
#7042 = VERTEX_POINT ( 'NONE', #261 ) ;
#7043 = AXIS2_PLACEMENT_3D ( 'NONE', #3464, #7653, #4685 ) ;
#7044 = DIRECTION ( 'NONE',  ( -0.000000000000000000, -0.000000000000000000, 1.000000000000000000 ) ) ;
#7045 = DIRECTION ( 'NONE',  ( -0.000000000000000000, -0.000000000000000000, 1.000000000000000000 ) ) ;
#7046 = LINE ( 'NONE', #4254, #4320 ) ;
#7047 = SURFACE_STYLE_FILL_AREA ( #7557 ) ;
#7048 = DIRECTION ( 'NONE',  ( 0.000000000000000000, 0.000000000000000000, 1.000000000000000000 ) ) ;
#7049 = ORIENTED_EDGE ( 'NONE', *, *, #4000, .T. ) ;
#7050 = SURFACE_STYLE_FILL_AREA ( #4706 ) ;
#7051 = CARTESIAN_POINT ( 'NONE',  ( -26.56296022294941395, 7.117523740319247061, 69.49999999999998579 ) ) ;
#7052 = VECTOR ( 'NONE', #1936, 1000.000000000000000 ) ;
#7053 = ADVANCED_FACE ( 'NONE', ( #6673 ), #740, .F. ) ;
#7054 = CARTESIAN_POINT ( 'NONE',  ( 20.32931995911340906, -18.56155300614671333, 55.49999999999999289 ) ) ;
#7055 = STYLED_ITEM ( 'NONE', ( #5285 ), #5711 ) ;
#7056 = STYLED_ITEM ( 'NONE', ( #175 ), #2758 ) ;
#7057 = DIRECTION ( 'NONE',  ( 1.000000000000000000, 0.000000000000000000, -0.000000000000000000 ) ) ;
#7058 = CYLINDRICAL_SURFACE ( 'NONE', #312, 2.099999999999997868 ) ;
#7059 = AXIS2_PLACEMENT_3D ( 'NONE', #2055, #3843, #2168 ) ;
#7060 = LINE ( 'NONE', #3997, #6795 ) ;
#7061 = CARTESIAN_POINT ( 'NONE',  ( -23.14298219578689952, 4.080732175172792964, -12.34999999999999964 ) ) ;
#7062 = VERTEX_POINT ( 'NONE', #4403 ) ;
#7063 = FILL_AREA_STYLE ('',( #7106 ) ) ;
#7064 = ORIENTED_EDGE ( 'NONE', *, *, #4839, .T. ) ;
#7065 = VECTOR ( 'NONE', #1739, 1000.000000000000000 ) ;
#7066 = CIRCLE ( 'NONE', #3563, 14.00000000000000888 ) ;
#7067 = FACE_OUTER_BOUND ( 'NONE', #7251, .T. ) ;
#7068 = ORIENTED_EDGE ( 'NONE', *, *, #3659, .F. ) ;
#7069 = CARTESIAN_POINT ( 'NONE',  ( -25.59678751731741997, 15.50000000000031442, 67.50000000000000000 ) ) ;
#7070 = FACE_BOUND ( 'NONE', #2759, .T. ) ;
#7071 = EDGE_LOOP ( 'NONE', ( #7548, #4262, #2973 ) ) ;
#7072 = CARTESIAN_POINT ( 'NONE',  ( -34.00000000000000000, 2.099999999999997424, 72.50000000000000000 ) ) ;
#7073 = CARTESIAN_POINT ( 'NONE',  ( 23.84906519527823932, 25.61683214824519439, 69.66515748035300248 ) ) ;
#7074 = DIRECTION ( 'NONE',  ( 0.000000000000000000, 0.000000000000000000, -1.000000000000000000 ) ) ;
#7075 = CARTESIAN_POINT ( 'NONE',  ( 10.02062021607638975, 33.53506284871993870, 56.26794143074933885 ) ) ;
#7076 = PRESENTATION_LAYER_ASSIGNMENT (  '', '', ( #5203 ) ) ;
#7077 = CARTESIAN_POINT ( 'NONE',  ( -35.00000000000000711, 0.000000000000000000, 75.00000000000000000 ) ) ;
#7078 = CARTESIAN_POINT ( 'NONE',  ( -10.13685721503284398, 10.46394408442804647, -12.34999999999999964 ) ) ;
#7079 = AXIS2_PLACEMENT_3D ( 'NONE', #6599, #3597, #7715 ) ;
#7080 = LINE ( 'NONE', #3507, #4535 ) ;
#7081 =( NAMED_UNIT ( * ) SI_UNIT ( $, .STERADIAN. ) SOLID_ANGLE_UNIT ( ) );
#7082 = CIRCLE ( 'NONE', #2339, 13.49999999999999822 ) ;
#7083 = ORIENTED_EDGE ( 'NONE', *, *, #426, .F. ) ;
#7084 = CARTESIAN_POINT ( 'NONE',  ( 26.23943641657114867, 8.324931023180939249, 69.49999999999998579 ) ) ;
#7085 = EDGE_CURVE ( 'NONE', #2761, #323, #3946, .T. ) ;
#7086 =( GEOMETRIC_REPRESENTATION_CONTEXT ( 3 ) GLOBAL_UNCERTAINTY_ASSIGNED_CONTEXT ( ( #4899 ) ) GLOBAL_UNIT_ASSIGNED_CONTEXT ( ( #7180, #1260, #5429 ) ) REPRESENTATION_CONTEXT ( 'NONE', 'WORKASPACE' ) );
#7087 = DIRECTION ( 'NONE',  ( 0.000000000000000000, 0.000000000000000000, 1.000000000000000000 ) ) ;
#7088 = AXIS2_PLACEMENT_3D ( 'NONE', #4617, #2623, #853 ) ;
#7089 = CARTESIAN_POINT ( 'NONE',  ( 14.00000000000000888, 0.000000000000000000, 75.00000000000000000 ) ) ;
#7090 = DIRECTION ( 'NONE',  ( -0.000000000000000000, -0.000000000000000000, -1.000000000000000000 ) ) ;
#7091 = CIRCLE ( 'NONE', #7344, 1.650000000000000355 ) ;
#7092 = CARTESIAN_POINT ( 'NONE',  ( -15.50000000000022027, -26.84678751731747326, 75.00000000000000000 ) ) ;
#7093 = CYLINDRICAL_SURFACE ( 'NONE', #1328, 1.249999999999988232 ) ;
#7094 = DIRECTION ( 'NONE',  ( -0.000000000000000000, -0.000000000000000000, 1.000000000000000000 ) ) ;
#7095 = VECTOR ( 'NONE', #3504, 1000.000000000000000 ) ;
#7096 = DIRECTION ( 'NONE',  ( -0.000000000000000000, -0.000000000000000000, 1.000000000000000000 ) ) ;
#7097 = APPLICATION_CONTEXT ( 'automotive_design' ) ;
#7098 = DIRECTION ( 'NONE',  ( -0.7071067811865461294, -0.7071067811865489050, 0.000000000000000000 ) ) ;
#7099 =( GEOMETRIC_REPRESENTATION_CONTEXT ( 3 ) GLOBAL_UNCERTAINTY_ASSIGNED_CONTEXT ( ( #3334 ) ) GLOBAL_UNIT_ASSIGNED_CONTEXT ( ( #5168, #6389, #7603 ) ) REPRESENTATION_CONTEXT ( 'NONE', 'WORKASPACE' ) );
#7100 = DIRECTION ( 'NONE',  ( -0.000000000000000000, -0.000000000000000000, 1.000000000000000000 ) ) ;
#7101 = EDGE_CURVE ( 'NONE', #1252, #6027, #6575, .T. ) ;
#7102 = ORIENTED_EDGE ( 'NONE', *, *, #759, .F. ) ;
#7103 = DIRECTION ( 'NONE',  ( -0.000000000000000000, -0.000000000000000000, 1.000000000000000000 ) ) ;
#7104 = CARTESIAN_POINT ( 'NONE',  ( -9.216912419923083633, 33.76500713912576401, 70.75013697141072555 ) ) ;
#7105 = ORIENTED_EDGE ( 'NONE', *, *, #2057, .T. ) ;
#7106 = FILL_AREA_STYLE_COLOUR ( '', #279 ) ;
#7107 = AXIS2_PLACEMENT_3D ( 'NONE', #6870, #1582, #7467 ) ;
#7108 = ORIENTED_EDGE ( 'NONE', *, *, #7241, .T. ) ;
#7109 = ORIENTED_EDGE ( 'NONE', *, *, #1710, .T. ) ;
#7110 = UNCERTAINTY_MEASURE_WITH_UNIT (LENGTH_MEASURE( 1.000000000000000082E-05 ), #1332, 'distance_accuracy_value', 'NONE');
#7111 =( NAMED_UNIT ( * ) SI_UNIT ( $, .STERADIAN. ) SOLID_ANGLE_UNIT ( ) );
#7112 = AXIS2_PLACEMENT_3D ( 'NONE', #5850, #4592, #5807 ) ;
#7113 = SURFACE_STYLE_USAGE ( .BOTH. , #4043 ) ;
#7114 = ORIENTED_EDGE ( 'NONE', *, *, #6484, .F. ) ;
#7115 = CARTESIAN_POINT ( 'NONE',  ( 14.24999999999984546, -26.84678751731768998, 73.00000000000000000 ) ) ;
#7116 = CARTESIAN_POINT ( 'NONE',  ( -8.900720039758974522, -33.84972342168084936, 68.25005803955802719 ) ) ;
#7117 = CARTESIAN_POINT ( 'NONE',  ( -23.96465706155802522, -25.50880471513520575, 70.12992980600230908 ) ) ;
#7118 = ORIENTED_EDGE ( 'NONE', *, *, #6860, .F. ) ;
#7119 = FACE_BOUND ( 'NONE', #5339, .T. ) ;
#7120 = CARTESIAN_POINT ( 'NONE',  ( -33.84981015140741789, 8.900423269453115793, 70.75013697141073976 ) ) ;
#7121 = ORIENTED_EDGE ( 'NONE', *, *, #5898, .F. ) ;
#7122 = CARTESIAN_POINT ( 'NONE',  ( 23.87291786938527594, 25.59468177588282956, 69.17270578215241983 ) ) ;
#7123 = DIRECTION ( 'NONE',  ( 0.000000000000000000, 0.000000000000000000, 1.000000000000000000 ) ) ;
#7124 = EDGE_CURVE ( 'NONE', #566, #4336, #3695, .T. ) ;
#7125 = ADVANCED_FACE ( 'NONE', ( #7314 ), #3197, .F. ) ;
#7126 = DIRECTION ( 'NONE',  ( 1.000000000000000000, 0.000000000000000000, 0.000000000000000000 ) ) ;
#7127 = DIRECTION ( 'NONE',  ( -0.2588190451025214611, 0.9659258262890682012, -0.000000000000000000 ) ) ;
#7128 = CARTESIAN_POINT ( 'NONE',  ( -34.10936000250129041, 7.845480241499960705, 69.49999999999998579 ) ) ;
#7129 = CARTESIAN_POINT ( 'NONE',  ( 34.07380018804168742, 7.998751193233522905, 56.12841670645252634 ) ) ;
#7130 = EDGE_CURVE ( 'NONE', #7326, #800, #1959, .T. ) ;
#7131 = VERTEX_POINT ( 'NONE', #4881 ) ;
#7132 = EDGE_CURVE ( 'NONE', #4836, #4143, #4330, .T. ) ;
#7133 = CIRCLE ( 'NONE', #3360, 1.249999999999997558 ) ;
#7134 = FACE_OUTER_BOUND ( 'NONE', #6333, .T. ) ;
#7135 = LINE ( 'NONE', #4067, #4799 ) ;
#7136 = DIRECTION ( 'NONE',  ( 0.7071067811865516806, -0.7071067811865433539, 0.000000000000000000 ) ) ;
#7137 = EDGE_CURVE ( 'NONE', #391, #167, #4521, .T. ) ;
#7138 = DIRECTION ( 'NONE',  ( -0.7071067811865437980, -0.7071067811865513475, -0.000000000000000000 ) ) ;
#7139 = CARTESIAN_POINT ( 'NONE',  ( -7.845480241499947383, 34.10936000250130462, 69.66313326947211237 ) ) ;
#7140 = ORIENTED_EDGE ( 'NONE', *, *, #51, .T. ) ;
#7141 = CARTESIAN_POINT ( 'NONE',  ( -10.26029480722272957, 33.46231238974495881, 55.66515748035299538 ) ) ;
#7142 = VERTEX_POINT ( 'NONE', #6332 ) ;
#7143 = DIRECTION ( 'NONE',  ( 0.9659258262890683122, 0.2588190451025205174, 0.000000000000000000 ) ) ;
#7144 = PLANE ( 'NONE',  #2835 ) ;
#7145 = EDGE_LOOP ( 'NONE', ( #5562, #795, #5853, #6404 ) ) ;
#7146 = ORIENTED_EDGE ( 'NONE', *, *, #5347, .T. ) ;
#7147 = CARTESIAN_POINT ( 'NONE',  ( -26.88648402932755488, 5.910116457457923467, 69.49999999999998579 ) ) ;
#7148 = CARTESIAN_POINT ( 'NONE',  ( -8.089997138022662071, -34.05238992180873936, 68.73126142467575050 ) ) ;
#7149 = DIRECTION ( 'NONE',  ( -0.9659258262890719759, 0.2588190451025066952, 0.000000000000000000 ) ) ;
#7150 = B_SPLINE_CURVE_WITH_KNOTS ( 'NONE', 3,
 ( #3065, #793, #7177, #760, #7333, #128, #4237, #7256, #4350, #1289, #1938, #2522, #5537, #1902, #721, #684, #3644, #4270, #5468, #2488 ),
 .UNSPECIFIED., .F., .F.,
 ( 4, 2, 2, 2, 2, 2, 2, 2, 2, 4 ),
 ( 0.000000000000000000, 0.0004885477149880555064, 0.0009770954299761110129, 0.001465643144964166519, 0.001954190859952222026, 0.002442738574940277532, 0.002931286289928333039, 0.003419834004916388545, 0.003664107862410407625, 0.003908381719904426704 ),
 .UNSPECIFIED. ) ;
#7151 = VERTEX_POINT ( 'NONE', #2108 ) ;
#7152 = EDGE_CURVE ( 'NONE', #2188, #5231, #5147, .T. ) ;
#7153 = VERTEX_POINT ( 'NONE', #6252 ) ;
#7154 = LINE ( 'NONE', #620, #7095 ) ;
#7155 = CARTESIAN_POINT ( 'NONE',  ( 25.28113781185340159, -24.20472442494893528, 70.49490063177623256 ) ) ;
#7156 = CARTESIAN_POINT ( 'NONE',  ( -13.84999999999965858, 26.84678751731779656, 73.00000000000000000 ) ) ;
#7157 = PRESENTATION_LAYER_ASSIGNMENT (  '', '', ( #3150 ) ) ;
#7158 = CARTESIAN_POINT ( 'NONE',  ( 8.324931023180663914, -26.23943641657123749, 69.49999999999998579 ) ) ;
#7159 = STYLED_ITEM ( 'NONE', ( #6463 ), #3026 ) ;
#7160 = CARTESIAN_POINT ( 'NONE',  ( 0.000000000000000000, 0.000000000000000000, 52.98999999999999488 ) ) ;
#7161 = DIRECTION ( 'NONE',  ( -0.000000000000000000, -0.000000000000000000, 1.000000000000000000 ) ) ;
#7162 = VECTOR ( 'NONE', #1150, 999.9999999999998863 ) ;
#7163 = CARTESIAN_POINT ( 'NONE',  ( 23.84906519527884328, -25.61683214824465793, 69.41841486166937614 ) ) ;
#7164 = ORIENTED_EDGE ( 'NONE', *, *, #51, .F. ) ;
#7165 = DIRECTION ( 'NONE',  ( 0.7071067811865516806, -0.7071067811865433539, 0.000000000000000000 ) ) ;
#7166 = DIRECTION ( 'NONE',  ( -0.000000000000000000, -0.000000000000000000, -1.000000000000000000 ) ) ;
#7167 = PRESENTATION_LAYER_ASSIGNMENT (  '', '', ( #6906 ) ) ;
#7168 =( GEOMETRIC_REPRESENTATION_CONTEXT ( 3 ) GLOBAL_UNCERTAINTY_ASSIGNED_CONTEXT ( ( #1256 ) ) GLOBAL_UNIT_ASSIGNED_CONTEXT ( ( #1089, #6920, #3911 ) ) REPRESENTATION_CONTEXT ( 'NONE', 'WORKASPACE' ) );
#7169 = DIRECTION ( 'NONE',  ( 0.9659258262890683122, 0.2588190451025205174, 0.000000000000000000 ) ) ;
#7170 = CARTESIAN_POINT ( 'NONE',  ( 33.96391606373718020, -8.453225370535129457, 70.58541951627358912 ) ) ;
#7171 = PRESENTATION_LAYER_ASSIGNMENT (  '', '', ( #2794 ) ) ;
#7172 = ORIENTED_EDGE ( 'NONE', *, *, #2398, .T. ) ;
#7173 = CARTESIAN_POINT ( 'NONE',  ( -15.50000000000022027, -26.84678751731747326, 67.50000000000000000 ) ) ;
#7174 = CARTESIAN_POINT ( 'NONE',  ( 26.56296022294930737, 7.117523740319618319, 69.49999999999998579 ) ) ;
#7175 = ORIENTED_EDGE ( 'NONE', *, *, #4428, .F. ) ;
#7176 = DIRECTION ( 'NONE',  ( -0.9659258262890676461, -0.2588190451025230709, 0.000000000000000000 ) ) ;
#7177 = CARTESIAN_POINT ( 'NONE',  ( 10.22918568500011460, -33.47189422528865066, 55.17270578215241272 ) ) ;
#7178 = UNCERTAINTY_MEASURE_WITH_UNIT (LENGTH_MEASURE( 1.000000000000000082E-05 ), #7403, 'distance_accuracy_value', 'NONE');
#7179 = CONICAL_SURFACE ( 'NONE', #6442, 1.249999999999987343, 1.029744258676644764 ) ;
#7180 =( LENGTH_UNIT ( ) NAMED_UNIT ( * ) SI_UNIT ( .MILLI., .METRE. ) );
#7181 = ORIENTED_EDGE ( 'NONE', *, *, #1321, .T. ) ;
#7182 = CARTESIAN_POINT ( 'NONE',  ( -10.19928830482891335, -33.48097225825542722, 69.09744532331460221 ) ) ;
#7183 = CIRCLE ( 'NONE', #2933, 1.649999999999997913 ) ;
#7184 = CARTESIAN_POINT ( 'NONE',  ( 1.149066664678525695, -0.9641814145297351590, 0.000000000000000000 ) ) ;
#7185 = VECTOR ( 'NONE', #5305, 1000.000000000000000 ) ;
#7186 = DIRECTION ( 'NONE',  ( -0.000000000000000000, -0.000000000000000000, 1.000000000000000000 ) ) ;
#7187 = UNCERTAINTY_MEASURE_WITH_UNIT (LENGTH_MEASURE( 1.000000000000000082E-05 ), #4260, 'distance_accuracy_value', 'NONE');
#7188 = VECTOR ( 'NONE', #5116, 1000.000000000000000 ) ;
#7189 = COLOUR_RGB ( '',1.000000000000000000, 1.000000000000000000, 1.000000000000000000 ) ;
#7190 = ADVANCED_FACE ( 'NONE', ( #2266 ), #7583, .F. ) ;
#7191 = ORIENTED_EDGE ( 'NONE', *, *, #224, .T. ) ;
#7192 = LINE ( 'NONE', #6498, #1427 ) ;
#7193 = CARTESIAN_POINT ( 'NONE',  ( 18.91434570980191054, 18.91434570980237240, 69.49999999999998579 ) ) ;
#7194 = DIRECTION ( 'NONE',  ( 1.000000000000000000, 0.000000000000000000, 0.000000000000000000 ) ) ;
#7195 = ADVANCED_FACE ( 'NONE', ( #3251, #7493 ), #5780, .T. ) ;
#7196 = DIRECTION ( 'NONE',  ( 0.7071067811865388020, 0.7071067811865563435, -0.000000000000000000 ) ) ;
#7197 = CIRCLE ( 'NONE', #350, 1.650000000000000355 ) ;
#7198 = FACE_OUTER_BOUND ( 'NONE', #861, .T. ) ;
#7199 = CARTESIAN_POINT ( 'NONE',  ( -23.14298219578689952, 4.080732175172792964, -13.84999999999999964 ) ) ;
#7200 = ORIENTED_EDGE ( 'NONE', *, *, #1559, .T. ) ;
#7201 = ORIENTED_EDGE ( 'NONE', *, *, #5984, .F. ) ;
#7202 = CARTESIAN_POINT ( 'NONE',  ( 8.324931023180296208, 26.23943641657135473, 55.49999999999999289 ) ) ;
#7203 = EDGE_LOOP ( 'NONE', ( #4064, #5248, #5706, #4976 ) ) ;
#7204 = CARTESIAN_POINT ( 'NONE',  ( 33.99831077896611475, -8.314335647359502701, 54.50065340017645354 ) ) ;
#7205 = CIRCLE ( 'NONE', #737, 1.249999999999988232 ) ;
#7206 = DIRECTION ( 'NONE',  ( 1.000000000000000000, 0.000000000000000000, 0.000000000000000000 ) ) ;
#7207 = PLANE ( 'NONE',  #1309 ) ;
#7208 = CARTESIAN_POINT ( 'NONE',  ( -8.931855198189998291, -11.42243243440582212, 0.000000000000000000 ) ) ;
#7209 = FACE_BOUND ( 'NONE', #1592, .T. ) ;
#7210 = VECTOR ( 'NONE', #5447, 1000.000000000000114 ) ;
#7211 = CARTESIAN_POINT ( 'NONE',  ( -24.95517096803486368, 21.59257839990745609, 0.000000000000000000 ) ) ;
#7212 = ORIENTED_EDGE ( 'NONE', *, *, #557, .F. ) ;
#7213 = EDGE_LOOP ( 'NONE', ( #4572, #6226, #4785 ) ) ;
#7214 = CARTESIAN_POINT ( 'NONE',  ( 23.87307303998080599, -25.59453581398939193, 55.82754978985014560 ) ) ;
#7215 = EDGE_CURVE ( 'NONE', #5355, #3061, #6809, .T. ) ;
#7216 = CARTESIAN_POINT ( 'NONE',  ( 33.89120293265671080, 8.741236312987609836, 70.71716962019199570 ) ) ;
#7217 = ADVANCED_FACE ( 'NONE', ( #4571 ), #4007, .T. ) ;
#7218 = CIRCLE ( 'NONE', #758, 34.75000000000000711 ) ;
#7219 = CARTESIAN_POINT ( 'NONE',  ( -25.59422788810037730, 23.87340371386058280, 69.82922580273995550 ) ) ;
#7220 = DIRECTION ( 'NONE',  ( 0.9659258262890708657, -0.2588190451025111360, -0.000000000000000000 ) ) ;
#7221 = PRESENTATION_LAYER_ASSIGNMENT (  '', '', ( #1858 ) ) ;
#7222 = EDGE_LOOP ( 'NONE', ( #5661, #4373 ) ) ;
#7223 = FACE_OUTER_BOUND ( 'NONE', #4689, .T. ) ;
#7224 = CARTESIAN_POINT ( 'NONE',  ( 10.26607386144957346, -33.48388011373923945, 69.49999999999998579 ) ) ;
#7225 = EDGE_CURVE ( 'NONE', #4073, #1781, #7205, .T. ) ;
#7226 = CARTESIAN_POINT ( 'NONE',  ( 24.51730871747272644, 24.97848192922802468, 56.71781442879142077 ) ) ;
#7227 = CARTESIAN_POINT ( 'NONE',  ( 23.86485386504622142, -25.63262081801213554, 69.49999999999998579 ) ) ;
#7228 = ADVANCED_FACE ( 'NONE', ( #3337 ), #6852, .F. ) ;
#7229 = CARTESIAN_POINT ( 'NONE',  ( 23.84906519527867630, -25.61683214824478583, 69.66313326947209816 ) ) ;
#7230 = CARTESIAN_POINT ( 'NONE',  ( -28.00000000000000000, 0.000000000000000000, 75.00000000000000000 ) ) ;
#7231 = ORIENTED_EDGE ( 'NONE', *, *, #5093, .T. ) ;
#7232 = VECTOR ( 'NONE', #1047, 1000.000000000000000 ) ;
#7233 = FACE_OUTER_BOUND ( 'NONE', #1092, .T. ) ;
#7234 = EDGE_CURVE ( 'NONE', #5911, #3221, #5318, .T. ) ;
#7235 = PRESENTATION_STYLE_ASSIGNMENT (( #7712 ) ) ;
#7236 = CARTESIAN_POINT ( 'NONE',  ( 19.44543648262982671, 19.44543648263030278, 69.49999999999998579 ) ) ;
#7237 = EDGE_LOOP ( 'NONE', ( #3213, #1267, #7615, #7246 ) ) ;
#7238 = CARTESIAN_POINT ( 'NONE',  ( 0.000000000000000000, 0.000000000000000000, 58.50000000000000711 ) ) ;
#7239 = EDGE_LOOP ( 'NONE', ( #1990, #7404 ) ) ;
#7240 = FACE_BOUND ( 'NONE', #1620, .T. ) ;
#7241 = EDGE_CURVE ( 'NONE', #2449, #4853, #7710, .T. ) ;
#7242 = CARTESIAN_POINT ( 'NONE',  ( 9.058666578588249862, -33.80740392011739459, 55.49999999999999289 ) ) ;
#7243 = EDGE_CURVE ( 'NONE', #1578, #5823, #1225, .T. ) ;
#7244 = CYLINDRICAL_SURFACE ( 'NONE', #5210, 1.249999999999987121 ) ;
#7245 = CARTESIAN_POINT ( 'NONE',  ( 33.94651078449914650, -8.522919225068532612, 70.62377514882766150 ) ) ;
#7246 = ORIENTED_EDGE ( 'NONE', *, *, #6706, .T. ) ;
#7247 = CARTESIAN_POINT ( 'NONE',  ( -26.84678751731741997, 15.50000000000031442, 73.00000000000000000 ) ) ;
#7248 = CARTESIAN_POINT ( 'NONE',  ( 0.000000000000000000, 0.000000000000000000, 75.00000000000000000 ) ) ;
#7249 = AXIS2_PLACEMENT_3D ( 'NONE', #4337, #4854, #6574 ) ;
#7250 = CARTESIAN_POINT ( 'NONE',  ( 7.117523740319341208, -26.56296022294938552, 55.49999999999999289 ) ) ;
#7251 = EDGE_LOOP ( 'NONE', ( #6303, #147 ) ) ;
#7252 = ORIENTED_EDGE ( 'NONE', *, *, #4096, .F. ) ;
#7253 = DIRECTION ( 'NONE',  ( -0.2588190451025214611, 0.9659258262890682012, -0.000000000000000000 ) ) ;
#7254 = CARTESIAN_POINT ( 'NONE',  ( -8.315865184521719300, -10.63467847341232009, -12.34999999999999964 ) ) ;
#7255 = AXIS2_PLACEMENT_3D ( 'NONE', #3062, #7253, #7176 ) ;
#7256 = CARTESIAN_POINT ( 'NONE',  ( 9.375214494498921525, -33.72132837859827958, 54.28287014335593597 ) ) ;
#7257 = ADVANCED_FACE ( 'NONE', ( #87, #651 ), #2342, .T. ) ;
#7258 = ORIENTED_EDGE ( 'NONE', *, *, #5263, .F. ) ;
#7259 = LINE ( 'NONE', #2603, #7489 ) ;
#7260 = CARTESIAN_POINT ( 'NONE',  ( 23.96465706155784758, 25.50880471513538339, 56.12992980600228776 ) ) ;
#7261 = UNCERTAINTY_MEASURE_WITH_UNIT (LENGTH_MEASURE( 1.000000000000000082E-05 ), #6474, 'distance_accuracy_value', 'NONE');
#7262 = EDGE_CURVE ( 'NONE', #4073, #5094, #5910, .T. ) ;
#7263 = LINE ( 'NONE', #7227, #5789 ) ;
#7264 = CARTESIAN_POINT ( 'NONE',  ( 24.19958127568686024, 25.28623299666326218, 68.50065340017644644 ) ) ;
#7265 = CARTESIAN_POINT ( 'NONE',  ( 33.50815216293583632, -10.10977836212956227, 56.12841670645250503 ) ) ;
#7266 = SURFACE_STYLE_FILL_AREA ( #6067 ) ;
#7267 = ADVANCED_FACE ( 'NONE', ( #2995, #2960 ), #7144, .T. ) ;
#7268 = CARTESIAN_POINT ( 'NONE',  ( 28.00000000000000000, 3.429011037612589276E-15, 75.00000000000000000 ) ) ;
#7269 = SURFACE_SIDE_STYLE ('',( #6260 ) ) ;
#7270 = DIRECTION ( 'NONE',  ( -0.7071067811865487940, 0.7071067811865462405, -0.000000000000000000 ) ) ;
#7271 = EDGE_LOOP ( 'NONE', ( #6183, #5430 ) ) ;
#7272 = ORIENTED_EDGE ( 'NONE', *, *, #2523, .F. ) ;
#7273 = CARTESIAN_POINT ( 'NONE',  ( 33.72185314637107467, 9.373345539945601601, 56.71781442879142787 ) ) ;
#7274 = ORIENTED_EDGE ( 'NONE', *, *, #4831, .T. ) ;
#7275 = CYLINDRICAL_SURFACE ( 'NONE', #6012, 35.00000000000000711 ) ;
#7276 = FACE_OUTER_BOUND ( 'NONE', #4432, .T. ) ;
#7277 = CONICAL_SURFACE ( 'NONE', #5793, 1.249999999999987343, 1.029744258676644986 ) ;
#7278 = FACE_OUTER_BOUND ( 'NONE', #5425, .T. ) ;
#7279 = CARTESIAN_POINT ( 'NONE',  ( -1.249999999999997558, -31.00000000000000000, 67.50000000000000000 ) ) ;
#7280 = AXIS2_PLACEMENT_3D ( 'NONE', #2529, #4281, #1294 ) ;
#7281 = ORIENTED_EDGE ( 'NONE', *, *, #6458, .F. ) ;
#7282 = CARTESIAN_POINT ( 'NONE',  ( -35.00000000000000711, 0.000000000000000000, 52.98999999999999488 ) ) ;
#7283 = SURFACE_SIDE_STYLE ('',( #6722 ) ) ;
#7284 = ADVANCED_FACE ( 'NONE', ( #1834, #7070 ), #2883, .T. ) ;
#7285 = DIRECTION ( 'NONE',  ( 1.000000000000000000, 0.000000000000000000, 0.000000000000000000 ) ) ;
#7286 = EDGE_LOOP ( 'NONE', ( #1888, #2903 ) ) ;
#7287 = CARTESIAN_POINT ( 'NONE',  ( 7.907643356624150854, -34.09501667146574277, 69.09744532331460221 ) ) ;
#7288 = VERTEX_POINT ( 'NONE', #4726 ) ;
#7289 = CARTESIAN_POINT ( 'NONE',  ( 24.97848192922793942, -24.51730871747281171, 56.71781442879142077 ) ) ;
#7290 = LINE ( 'NONE', #3757, #2669 ) ;
#7291 = AXIS2_PLACEMENT_3D ( 'NONE', #559, #7568, #3994 ) ;
#7292 = LINE ( 'NONE', #6017, #2913 ) ;
#7293 = EDGE_CURVE ( 'NONE', #6488, #1769, #4790, .T. ) ;
#7294 = VECTOR ( 'NONE', #7100, 1000.000000000000000 ) ;
#7295 = LINE ( 'NONE', #3761, #5469 ) ;
#7296 = ORIENTED_EDGE ( 'NONE', *, *, #4246, .F. ) ;
#7297 = DIRECTION ( 'NONE',  ( 0.000000000000000000, 0.000000000000000000, 1.000000000000000000 ) ) ;
#7298 = CARTESIAN_POINT ( 'NONE',  ( 15.50000000000003197, 26.84678751731757984, 67.50000000000000000 ) ) ;
#7299 = ORIENTED_EDGE ( 'NONE', *, *, #3236, .F. ) ;
#7300 = CONICAL_SURFACE ( 'NONE', #3788, 1.249999999999987788, 1.029744258676644986 ) ;
#7301 = CARTESIAN_POINT ( 'NONE',  ( 25.19084476727076094, 24.29905735647536602, 56.59162368380860642 ) ) ;
#7302 = ORIENTED_EDGE ( 'NONE', *, *, #2273, .T. ) ;
#7303 = SURFACE_STYLE_FILL_AREA ( #6063 ) ;
#7304 = AXIS2_PLACEMENT_3D ( 'NONE', #2854, #5755, #7194 ) ;
#7305 = CARTESIAN_POINT ( 'NONE',  ( 24.97875607266805886, 24.51702789250661851, 68.28232543929560450 ) ) ;
#7306 = CARTESIAN_POINT ( 'NONE',  ( -13.85000000000059650, -26.84678751731725654, 73.00000000000000000 ) ) ;
#7307 = MECHANICAL_DESIGN_GEOMETRIC_PRESENTATION_REPRESENTATION (  '', ( #5955 ), #2677 ) ;
#7308 = DIRECTION ( 'NONE',  ( 1.000000000000000000, 0.000000000000000000, 0.000000000000000000 ) ) ;
#7309 = ADVANCED_FACE ( 'NONE', ( #4201 ), #6019, .F. ) ;
#7310 = AXIS2_PLACEMENT_3D ( 'NONE', #903, #3847, #2670 ) ;
#7311 = LINE ( 'NONE', #1534, #4718 ) ;
#7312 = VERTEX_POINT ( 'NONE', #1400 ) ;
#7313 = FACE_OUTER_BOUND ( 'NONE', #5151, .T. ) ;
#7314 = FACE_OUTER_BOUND ( 'NONE', #2154, .T. ) ;
#7315 = ORIENTED_EDGE ( 'NONE', *, *, #3534, .F. ) ;
#7316 = VERTEX_POINT ( 'NONE', #3179 ) ;
#7317 = EDGE_CURVE ( 'NONE', #3281, #102, #6054, .T. ) ;
#7318 = CARTESIAN_POINT ( 'NONE',  ( 33.50833267993249365, -10.10918306013514290, 54.87019983082780072 ) ) ;
#7319 = CARTESIAN_POINT ( 'NONE',  ( 26.88648402932746961, 5.910116457458299166, 69.49999999999998579 ) ) ;
#7320 = CARTESIAN_POINT ( 'NONE',  ( 9.058666578588249862, -33.80740392011739459, 55.49999999999999289 ) ) ;
#7321 = DIRECTION ( 'NONE',  ( 0.2588190451025214611, -0.9659258262890682012, -0.000000000000000000 ) ) ;
#7322 = CARTESIAN_POINT ( 'NONE',  ( -18.64298219578689952, 4.080732175172792964, -13.84999999999999964 ) ) ;
#7323 = FILL_AREA_STYLE_COLOUR ( '', #1022 ) ;
#7324 = DIRECTION ( 'NONE',  ( 0.9659258262890708657, -0.2588190451025111360, -0.000000000000000000 ) ) ;
#7325 = DIRECTION ( 'NONE',  ( -0.9659258262890719759, 0.2588190451025069172, 0.000000000000000000 ) ) ;
#7326 = VERTEX_POINT ( 'NONE', #4835 ) ;
#7327 = DIRECTION ( 'NONE',  ( -0.000000000000000000, -0.000000000000000000, 1.000000000000000000 ) ) ;
#7328 = ORIENTED_EDGE ( 'NONE', *, *, #3079, .F. ) ;
#7329 = CYLINDRICAL_SURFACE ( 'NONE', #7255, 1.249999999999988676 ) ;
#7330 = CIRCLE ( 'NONE', #3696, 1.249999999999988232 ) ;
#7331 = DIRECTION ( 'NONE',  ( 0.000000000000000000, 0.000000000000000000, 1.000000000000000000 ) ) ;
#7332 = EDGE_CURVE ( 'NONE', #909, #4401, #4205, .T. ) ;
#7333 = CARTESIAN_POINT ( 'NONE',  ( 10.02005192283314550, -33.53523330087094934, 54.73126142467577182 ) ) ;
#7334 = AXIS2_PLACEMENT_3D ( 'NONE', #4683, #2411, #570 ) ;
#7335 = AXIS2_PLACEMENT_3D ( 'NONE', #6908, #1690, #2274 ) ;
#7336 = DIRECTION ( 'NONE',  ( 0.9659258262890708657, -0.2588190451025111360, -0.000000000000000000 ) ) ;
#7337 =( LENGTH_UNIT ( ) NAMED_UNIT ( * ) SI_UNIT ( .MILLI., .METRE. ) );
#7338 = ORIENTED_EDGE ( 'NONE', *, *, #1156, .F. ) ;
#7339 = CARTESIAN_POINT ( 'NONE',  ( -33.84981015140741789, 8.900423269453124675, 56.75013697141073266 ) ) ;
#7340 = FACE_OUTER_BOUND ( 'NONE', #288, .T. ) ;
#7341 = AXIS2_PLACEMENT_3D ( 'NONE', #680, #7138, #1177 ) ;
#7342 = EDGE_LOOP ( 'NONE', ( #7049, #5393 ) ) ;
#7343 = CARTESIAN_POINT ( 'NONE',  ( 24.30266594666708357, 25.18700143793126500, 56.58541951627360334 ) ) ;
#7344 = AXIS2_PLACEMENT_3D ( 'NONE', #4503, #3874, #7511 ) ;
#7345 = CARTESIAN_POINT ( 'NONE',  ( -42.04961241126131455, 0.000000000000000000, 66.19999999999998863 ) ) ;
#7346 = DIRECTION ( 'NONE',  ( -0.7071067811865461294, -0.7071067811865489050, 0.000000000000000000 ) ) ;
#7347 = CARTESIAN_POINT ( 'NONE',  ( -6.505213034913026604E-13, -31.00000000000000000, 73.00000000000000000 ) ) ;
#7348 = CARTESIAN_POINT ( 'NONE',  ( -34.00000000000000000, 2.099999999999997424, 66.19999999999998863 ) ) ;
#7349 = PRESENTATION_LAYER_ASSIGNMENT (  '', '', ( #879 ) ) ;
#7350 = CARTESIAN_POINT ( 'NONE',  ( -24.30006167257678840, 25.18987721940627011, 54.40755231783179369 ) ) ;
#7351 = CONICAL_SURFACE ( 'NONE', #2607, 1.249999999999988010, 1.029744258676646318 ) ;
#7352 = ADVANCED_FACE ( 'NONE', ( #5506 ), #4072, .F. ) ;
#7353 = ORIENTED_EDGE ( 'NONE', *, *, #1907, .T. ) ;
#7354 = FACE_OUTER_BOUND ( 'NONE', #2378, .T. ) ;
#7355 = EDGE_CURVE ( 'NONE', #5420, #4034, #1115, .T. ) ;
#7356 = EDGE_LOOP ( 'NONE', ( #4490, #933, #3338, #1679 ) ) ;
#7357 = CARTESIAN_POINT ( 'NONE',  ( 25.83747673555085811, 6.923131025749080791, 69.49999999999998579 ) ) ;
#7358 = LINE ( 'NONE', #3830, #6594 ) ;
#7359 = SURFACE_SIDE_STYLE ('',( #4961 ) ) ;
#7360 = CARTESIAN_POINT ( 'NONE',  ( 0.000000000000000000, -31.00000000000000000, 67.50000000000000000 ) ) ;
#7361 = EDGE_CURVE ( 'NONE', #2131, #4401, #7295, .T. ) ;
#7362 = CARTESIAN_POINT ( 'NONE',  ( -24.15814908914697057, -25.32562274223510812, 56.44215622177352998 ) ) ;
#7363 = CYLINDRICAL_SURFACE ( 'NONE', #633, 1.249999999999988232 ) ;
#7364 = FACE_OUTER_BOUND ( 'NONE', #3964, .T. ) ;
#7365 = CARTESIAN_POINT ( 'NONE',  ( -25.32562274223502286, 24.15814908914705939, 56.44215622177352998 ) ) ;
#7366 = VERTEX_POINT ( 'NONE', #1942 ) ;
#7367 =( NAMED_UNIT ( * ) PLANE_ANGLE_UNIT ( ) SI_UNIT ( $, .RADIAN. ) );
#7368 = CARTESIAN_POINT ( 'NONE',  ( 33.72185314637106757, 9.373345539945599825, 70.71781442879138524 ) ) ;
#7369 = ADVANCED_FACE ( 'NONE', ( #244 ), #1443, .F. ) ;
#7370 = VECTOR ( 'NONE', #706, 1000.000000000000000 ) ;
#7371 = CARTESIAN_POINT ( 'NONE',  ( 0.000000000000000000, 0.000000000000000000, 58.50000000000000711 ) ) ;
#7372 = CARTESIAN_POINT ( 'NONE',  ( -17.14298219578689952, 4.080732175172793852, -13.84999999999999964 ) ) ;
#7373 = VERTEX_POINT ( 'NONE', #2491 ) ;
#7374 = CARTESIAN_POINT ( 'NONE',  ( -10.13685721503284398, 10.46394408442804647, 0.000000000000000000 ) ) ;
#7375 = CARTESIAN_POINT ( 'NONE',  ( -34.07365886934945109, -7.999356998381703221, 68.87019983082780072 ) ) ;
#7376 = EDGE_LOOP ( 'NONE', ( #3539, #3430, #3683, #1646 ) ) ;
#7377 = EDGE_LOOP ( 'NONE', ( #7414, #2003, #3252 ) ) ;
#7378 = CARTESIAN_POINT ( 'NONE',  ( 10.02132654886014329, 33.53485719109464469, 68.73257693896665899 ) ) ;
#7379 = FILL_AREA_STYLE ('',( #2068 ) ) ;
#7380 = FILL_AREA_STYLE ('',( #1407 ) ) ;
#7381 = LINE ( 'NONE', #6707, #6174 ) ;
#7382 = ADVANCED_FACE ( 'NONE', ( #6161 ), #4315, .F. ) ;
#7383 = CARTESIAN_POINT ( 'NONE',  ( 0.000000000000000000, 0.000000000000000000, 72.50000000000000000 ) ) ;
#7384 = CARTESIAN_POINT ( 'NONE',  ( -34.10936000250129041, 7.845480241499962482, 55.33480505326377141 ) ) ;
#7385 = EDGE_LOOP ( 'NONE', ( #2872, #4773, #3667, #607 ) ) ;
#7386 = CARTESIAN_POINT ( 'NONE',  ( 0.000000000000000000, 0.000000000000000000, 72.50000000000000000 ) ) ;
#7387 = CYLINDRICAL_SURFACE ( 'NONE', #7439, 1.249999999999988676 ) ;
#7388 = EDGE_LOOP ( 'NONE', ( #4743, #4449 ) ) ;
#7389 = B_SPLINE_CURVE_WITH_KNOTS ( 'NONE', 3,
 ( #5363, #1154, #6521, #5952, #2963, #2381, #3465, #5238, #6454, #1797, #3540, #4758, #5278, #5830, #2997, #5990, #5398, #3581, #7073, #1262 ),
 .UNSPECIFIED., .F., .F.,
 ( 4, 2, 2, 2, 2, 2, 2, 2, 2, 4 ),
 ( 0.003908381719904435378, 0.004396818631769973396, 0.004885255543635511413, 0.005373692455501049431, 0.005862129367366587449, 0.006350566279232125466, 0.006594784735164890138, 0.006839003191097653943, 0.007327440102963158133, 0.007815877014828663191 ),
 .UNSPECIFIED. ) ;
#7390 = PRESENTATION_STYLE_ASSIGNMENT (( #2542 ) ) ;
#7391 = ORIENTED_EDGE ( 'NONE', *, *, #7241, .F. ) ;
#7392 = B_SPLINE_CURVE_WITH_KNOTS ( 'NONE', 3,
 ( #7470, #3714, #5529, #2013, #4459, #6683, #6191, #3275, #4341, #6125, #2626, #3872, #6756, #6269, #4999, #783, #6834, #6235, #1471, #3237 ),
 .UNSPECIFIED., .F., .F.,
 ( 4, 2, 2, 2, 2, 2, 2, 2, 2, 4 ),
 ( 0.000000000000000000, 0.0004885477149880595180, 0.0009770954299761190360, 0.001465643144964178662, 0.001954190859952238072, 0.002442738574940297482, 0.002931286289928357325, 0.003419834004916416734, 0.003664107862410427140, 0.003908381719904437980 ),
 .UNSPECIFIED. ) ;
#7393 = CARTESIAN_POINT ( 'NONE',  ( -19.44543648263010382, 19.44543648263003277, 55.49999999999999289 ) ) ;
#7394 = CARTESIAN_POINT ( 'NONE',  ( -25.28525165660269280, -24.20061324198772468, 54.49924284121849638 ) ) ;
#7395 = SURFACE_STYLE_USAGE ( .BOTH. , #7283 ) ;
#7396 = ORIENTED_EDGE ( 'NONE', *, *, #75, .T. ) ;
#7397 = CARTESIAN_POINT ( 'NONE',  ( -24.86458386967261092, 24.63289773148429163, 56.75013697141074687 ) ) ;
#7398 = ORIENTED_EDGE ( 'NONE', *, *, #6459, .F. ) ;
#7399 = CYLINDRICAL_SURFACE ( 'NONE', #7059, 4.500000000000000000 ) ;
#7400 = PRESENTATION_LAYER_ASSIGNMENT (  '', '', ( #1065 ) ) ;
#7401 = DIRECTION ( 'NONE',  ( -0.7071067811865437980, -0.7071067811865513475, -0.000000000000000000 ) ) ;
#7402 = CYLINDRICAL_SURFACE ( 'NONE', #6934, 1.000000000000000888 ) ;
#7403 =( LENGTH_UNIT ( ) NAMED_UNIT ( * ) SI_UNIT ( .MILLI., .METRE. ) );
#7404 = ORIENTED_EDGE ( 'NONE', *, *, #939, .T. ) ;
#7405 = FILL_AREA_STYLE ('',( #277 ) ) ;
#7406 = EDGE_CURVE ( 'NONE', #7420, #494, #6845, .T. ) ;
#7407 = ORIENTED_EDGE ( 'NONE', *, *, #5699, .F. ) ;
#7408 = CIRCLE ( 'NONE', #1687, 1.649999999999998579 ) ;
#7409 = DIRECTION ( 'NONE',  ( -0.7071067811865437980, -0.7071067811865513475, -0.000000000000000000 ) ) ;
#7410 = EDGE_LOOP ( 'NONE', ( #301, #2364, #1560, #7121 ) ) ;
#7411 = CIRCLE ( 'NONE', #4038, 1.649999999999998579 ) ;
#7412 = CARTESIAN_POINT ( 'NONE',  ( 8.900423269452756969, 33.84981015140750316, 70.75013697141072555 ) ) ;
#7413 = FACE_BOUND ( 'NONE', #3311, .T. ) ;
#7414 = ORIENTED_EDGE ( 'NONE', *, *, #4407, .F. ) ;
#7415 = VECTOR ( 'NONE', #841, 1000.000000000000000 ) ;
#7416 = LINE ( 'NONE', #3193, #3807 ) ;
#7417 = AXIS2_PLACEMENT_3D ( 'NONE', #3011, #5409, #5602 ) ;
#7418 = ADVANCED_FACE ( 'NONE', ( #6887 ), #398, .F. ) ;
#7419 = CARTESIAN_POINT ( 'NONE',  ( -24.20061324198763586, 25.28525165660278162, 54.49924284121849638 ) ) ;
#7420 = VERTEX_POINT ( 'NONE', #1640 ) ;
#7421 = CARTESIAN_POINT ( 'NONE',  ( 17.14999999999946922, -26.84678751731790669, 75.00000000000000000 ) ) ;
#7422 = DIRECTION ( 'NONE',  ( 0.9659258262890654256, 0.2588190451025315642, -0.000000000000000000 ) ) ;
#7423 = ORIENTED_EDGE ( 'NONE', *, *, #4918, .T. ) ;
#7424 = DIRECTION ( 'NONE',  ( -1.000000000000000000, 0.000000000000000000, 0.000000000000000000 ) ) ;
#7425 = STYLED_ITEM ( 'NONE', ( #4406 ), #1004 ) ;
#7426 = DIRECTION ( 'NONE',  ( -0.8660254037844413721, -0.4999999999999952816, 0.000000000000000000 ) ) ;
#7427 = ADVANCED_FACE ( 'NONE', ( #4561 ), #356, .F. ) ;
#7428 = CARTESIAN_POINT ( 'NONE',  ( 33.47189422528854408, 10.22918568500046632, 55.17270578215241272 ) ) ;
#7429 = CIRCLE ( 'NONE', #5186, 35.00000000000000711 ) ;
#7430 = EDGE_LOOP ( 'NONE', ( #5056, #6634 ) ) ;
#7431 = CARTESIAN_POINT ( 'NONE',  ( -23.96460021427140674, -25.50885884114118340, 54.86992887182174172 ) ) ;
#7432 = DIRECTION ( 'NONE',  ( 0.000000000000000000, 0.000000000000000000, 1.000000000000000000 ) ) ;
#7433 = CARTESIAN_POINT ( 'NONE',  ( 31.00000000000000000, -1.082359215041371340E-13, 75.00000000000000000 ) ) ;
#7434 = VERTEX_POINT ( 'NONE', #1600 ) ;
#7435 = EDGE_LOOP ( 'NONE', ( #1788, #1403, #3992, #967 ) ) ;
#7436 = DIRECTION ( 'NONE',  ( -0.2588190451025214056, 0.9659258262890680902, -0.000000000000000000 ) ) ;
#7437 = AXIS2_PLACEMENT_3D ( 'NONE', #6561, #7627, #658 ) ;
#7438 = CARTESIAN_POINT ( 'NONE',  ( -33.84949744289195905, -8.901579399977642026, 54.24994211835184643 ) ) ;
#7439 = AXIS2_PLACEMENT_3D ( 'NONE', #6144, #3157, #1414 ) ;
#7440 = DIRECTION ( 'NONE',  ( 1.000000000000000000, 0.000000000000000000, 0.000000000000000000 ) ) ;
#7441 = AXIS2_PLACEMENT_3D ( 'NONE', #1050, #1701, #5289 ) ;
#7442 = CARTESIAN_POINT ( 'NONE',  ( 33.80740392011748696, -9.058666578587894591, 55.49999999999999289 ) ) ;
#7443 = ORIENTED_EDGE ( 'NONE', *, *, #4909, .F. ) ;
#7444 = ADVANCED_FACE ( 'NONE', ( #5181 ), #5658, .F. ) ;
#7445 = EDGE_CURVE ( 'NONE', #2798, #834, #7716, .T. ) ;
#7446 = FACE_OUTER_BOUND ( 'NONE', #1683, .T. ) ;
#7447 = STYLED_ITEM ( 'NONE', ( #4354 ), #7369 ) ;
#7448 = ORIENTED_EDGE ( 'NONE', *, *, #1712, .T. ) ;
#7449 = VECTOR ( 'NONE', #6822, 1000.000000000000114 ) ;
#7450 = SURFACE_SIDE_STYLE ('',( #1449 ) ) ;
#7451 = SURFACE_STYLE_USAGE ( .BOTH. , #5015 ) ;
#7452 = SURFACE_STYLE_FILL_AREA ( #1496 ) ;
#7453 = EDGE_LOOP ( 'NONE', ( #72, #77 ) ) ;
#7454 = CARTESIAN_POINT ( 'NONE',  ( 26.84678751731763313, 15.49999999999993783, 67.50000000000000000 ) ) ;
#7455 = EDGE_CURVE ( 'NONE', #2713, #5319, #1237, .T. ) ;
#7456 = PRESENTATION_LAYER_ASSIGNMENT (  '', '', ( #505 ) ) ;
#7457 = ORIENTED_EDGE ( 'NONE', *, *, #5058, .T. ) ;
#7458 = CARTESIAN_POINT ( 'NONE',  ( -24.51702789250636272, 24.97875607266830045, 54.28232543929561160 ) ) ;
#7459 = EDGE_CURVE ( 'NONE', #5601, #6028, #4671, .T. ) ;
#7460 = ORIENTED_EDGE ( 'NONE', *, *, #4009, .F. ) ;
#7461 = CARTESIAN_POINT ( 'NONE',  ( 31.00000000000000000, -1.082359215041371340E-13, 67.50000000000000000 ) ) ;
#7462 = CARTESIAN_POINT ( 'NONE',  ( -26.84678751731773971, -15.49999999999974953, 67.50000000000000000 ) ) ;
#7463 = ORIENTED_EDGE ( 'NONE', *, *, #7332, .T. ) ;
#7464 = FILL_AREA_STYLE ('',( #5082 ) ) ;
#7465 = ORIENTED_EDGE ( 'NONE', *, *, #1731, .T. ) ;
#7466 = DIRECTION ( 'NONE',  ( -0.6946583704589899266, -0.7193398003386581863, 1.049727191138612779E-16 ) ) ;
#7467 = DIRECTION ( 'NONE',  ( 0.9659258262890698665, -0.2588190451025149663, 0.000000000000000000 ) ) ;
#7468 = FACE_OUTER_BOUND ( 'NONE', #7529, .T. ) ;
#7469 = CARTESIAN_POINT ( 'NONE',  ( 9.853558116862872751, -33.58438219073077136, 56.44215622177350866 ) ) ;
#7470 = CARTESIAN_POINT ( 'NONE',  ( 33.46231238974485223, 10.26029480722307774, 69.49999999999998579 ) ) ;
#7471 = CARTESIAN_POINT ( 'NONE',  ( 9.853558116862876304, -33.58438219073075715, 70.44215622177352998 ) ) ;
#7472 = SHAPE_DEFINITION_REPRESENTATION ( #3603, #4099 ) ;
#7473 = ORIENTED_EDGE ( 'NONE', *, *, #2634, .F. ) ;
#7474 = CARTESIAN_POINT ( 'NONE',  ( -23.84906519527364210, 25.61683214824948251, 55.49999999999934630 ) ) ;
#7475 = ADVANCED_FACE ( 'NONE', ( #2331 ), #5225, .F. ) ;
#7476 = ORIENTED_EDGE ( 'NONE', *, *, #1476, .F. ) ;
#7477 = EDGE_CURVE ( 'NONE', #5642, #4034, #2588, .T. ) ;
#7478 = DIRECTION ( 'NONE',  ( 1.000000000000000000, 0.000000000000000000, 0.000000000000000000 ) ) ;
#7479 = CIRCLE ( 'NONE', #650, 0.9999999999999991118 ) ;
#7480 = CARTESIAN_POINT ( 'NONE',  ( 9.797363654706357394, 33.60097168302488058, 54.49924284121848927 ) ) ;
#7481 = CARTESIAN_POINT ( 'NONE',  ( -34.10936000250121225, -7.845480241500268015, 55.41841486166934061 ) ) ;
#7482 = CARTESIAN_POINT ( 'NONE',  ( 0.000000000000000000, 0.000000000000000000, 52.98999999999999488 ) ) ;
#7483 =( NAMED_UNIT ( * ) SI_UNIT ( $, .STERADIAN. ) SOLID_ANGLE_UNIT ( ) );
#7484 = ORIENTED_EDGE ( 'NONE', *, *, #3875, .T. ) ;
#7485 = CARTESIAN_POINT ( 'NONE',  ( 31.00000000000000355, -5.429684479807406206E-13, 73.00000000000000000 ) ) ;
#7486 = B_SPLINE_CURVE_WITH_KNOTS ( 'NONE', 3,
 ( #4552, #1520, #1020, #6762, #6929, #1434, #1593, #3956, #2595, #3799, #862, #5619, #271, #2053, #4421, #6803, #302, #1480, #3842, #6241 ),
 .UNSPECIFIED., .F., .F.,
 ( 4, 2, 2, 2, 2, 2, 2, 2, 2, 4 ),
 ( 0.003908381719904424102, 0.004396818631769958650, 0.004885255543635493199, 0.005373692455501028614, 0.005862129367366563162, 0.006350566279232097711, 0.006594784735164855444, 0.006839003191097614912, 0.007327440102963142521, 0.007815877014828670130 ),
 .UNSPECIFIED. ) ;
#7487 = ORIENTED_EDGE ( 'NONE', *, *, #1820, .F. ) ;
#7488 = DIRECTION ( 'NONE',  ( 0.000000000000000000, 0.000000000000000000, 1.000000000000000000 ) ) ;
#7489 = VECTOR ( 'NONE', #1875, 1000.000000000000000 ) ;
#7490 = ADVANCED_FACE ( 'NONE', ( #1103 ), #4457, .F. ) ;
#7491 = EDGE_LOOP ( 'NONE', ( #159, #1714 ) ) ;
#7492 =( NAMED_UNIT ( * ) PLANE_ANGLE_UNIT ( ) SI_UNIT ( $, .RADIAN. ) );
#7493 = FACE_BOUND ( 'NONE', #2101, .T. ) ;
#7494 = EDGE_LOOP ( 'NONE', ( #3201, #7068, #431, #3224 ) ) ;
#7495 = CARTESIAN_POINT ( 'NONE',  ( 9.375214494498916196, -33.72132837859827958, 68.28287014335595018 ) ) ;
#7496 = CARTESIAN_POINT ( 'NONE',  ( 25.61683214824923027, 23.84906519527391211, 69.49999999999936051 ) ) ;
#7497 = COLOUR_RGB ( '',1.000000000000000000, 1.000000000000000000, 1.000000000000000000 ) ;
#7498 = CARTESIAN_POINT ( 'NONE',  ( -24.86605022927824749, -24.63141749182857509, 70.74986216034437803 ) ) ;
#7499 = ORIENTED_EDGE ( 'NONE', *, *, #2293, .F. ) ;
#7500 =( NAMED_UNIT ( * ) SI_UNIT ( $, .STERADIAN. ) SOLID_ANGLE_UNIT ( ) );
#7501 = FILL_AREA_STYLE_COLOUR ( '', #3703 ) ;
#7502 = DIRECTION ( 'NONE',  ( 1.000000000000000000, 0.000000000000000000, 0.000000000000000000 ) ) ;
#7503 = EDGE_LOOP ( 'NONE', ( #5189, #2263, #2504, #7571 ) ) ;
#7504 = CARTESIAN_POINT ( 'NONE',  ( -15.50000000000059508, -26.84678751731725654, 73.00000000000000000 ) ) ;
#7505 = EDGE_CURVE ( 'NONE', #3167, #3552, #4033, .T. ) ;
#7506 = DIRECTION ( 'NONE',  ( -0.000000000000000000, -0.000000000000000000, -1.000000000000000000 ) ) ;
#7507 = CARTESIAN_POINT ( 'NONE',  ( -8.324931023180662137, 26.23943641657123749, 55.49999999999999289 ) ) ;
#7508 = CARTESIAN_POINT ( 'NONE',  ( -9.375214494498916196, 33.72132837859827958, 68.28287014335595018 ) ) ;
#7509 =( LENGTH_UNIT ( ) NAMED_UNIT ( * ) SI_UNIT ( .MILLI., .METRE. ) );
#7510 = DIRECTION ( 'NONE',  ( -0.000000000000000000, -0.000000000000000000, -1.000000000000000000 ) ) ;
#7511 = DIRECTION ( 'NONE',  ( 0.4999999999999976685, -0.8660254037844400399, 0.000000000000000000 ) ) ;
#7512 = FILL_AREA_STYLE_COLOUR ( '', #3106 ) ;
#7513 = DIRECTION ( 'NONE',  ( -0.2588190451025214611, 0.9659258262890682012, -0.000000000000000000 ) ) ;
#7514 = EDGE_LOOP ( 'NONE', ( #2673, #1898, #849, #6712, #6535, #6612 ) ) ;
#7515 = ORIENTED_EDGE ( 'NONE', *, *, #114, .F. ) ;
#7516 = CARTESIAN_POINT ( 'NONE',  ( -34.93694319770979462, -2.100000000000003642, 75.00000000000000000 ) ) ;
#7517 = CARTESIAN_POINT ( 'NONE',  ( 10.19928830482867355, 33.48097225825549828, 55.09744532331460931 ) ) ;
#7518 = DIRECTION ( 'NONE',  ( -0.000000000000000000, 0.000000000000000000, 1.000000000000000000 ) ) ;
#7519 = ADVANCED_FACE ( 'NONE', ( #6481, #2257 ), #7013, .T. ) ;
#7520 = CARTESIAN_POINT ( 'NONE',  ( 25.61683214824456911, 23.84906519527892854, 55.41841486166934772 ) ) ;
#7521 = DIRECTION ( 'NONE',  ( 0.9659258262890708657, -0.2588190451025111360, -0.000000000000000000 ) ) ;
#7522 = ORIENTED_EDGE ( 'NONE', *, *, #5961, .T. ) ;
#7523 =( NAMED_UNIT ( * ) PLANE_ANGLE_UNIT ( ) SI_UNIT ( $, .RADIAN. ) );
#7524 = AXIS2_PLACEMENT_3D ( 'NONE', #4198, #5504, #1255 ) ;
#7525 = EDGE_CURVE ( 'NONE', #6146, #4077, #5862, .T. ) ;
#7526 = VERTEX_POINT ( 'NONE', #6649 ) ;
#7527 = DIRECTION ( 'NONE',  ( -0.000000000000000000, -0.000000000000000000, 1.000000000000000000 ) ) ;
#7528 = VECTOR ( 'NONE', #2920, 1000.000000000000000 ) ;
#7529 = EDGE_LOOP ( 'NONE', ( #3930, #1341, #6293, #3473 ) ) ;
#7530 = DIRECTION ( 'NONE',  ( 1.000000000000000000, 0.000000000000000000, 0.000000000000000000 ) ) ;
#7531 = COLOUR_RGB ( '',1.000000000000000000, 1.000000000000000000, 1.000000000000000000 ) ;
#7532 = CIRCLE ( 'NONE', #944, 2.099999999999997868 ) ;
#7533 = DIRECTION ( 'NONE',  ( 1.000000000000000000, 0.000000000000000000, 0.000000000000000000 ) ) ;
#7534 = ORIENTED_EDGE ( 'NONE', *, *, #5923, .F. ) ;
#7535 = FACE_OUTER_BOUND ( 'NONE', #1486, .T. ) ;
#7536 = DIRECTION ( 'NONE',  ( 1.000000000000000000, 0.000000000000000000, 0.000000000000000000 ) ) ;
#7537 = VERTEX_POINT ( 'NONE', #3171 ) ;
#7538 = CYLINDRICAL_SURFACE ( 'NONE', #1691, 1.249999999999997558 ) ;
#7539 = ORIENTED_EDGE ( 'NONE', *, *, #4009, .T. ) ;
#7540 = AXIS2_PLACEMENT_3D ( 'NONE', #5622, #2135, #6318 ) ;
#7541 = VECTOR ( 'NONE', #5974, 1000.000000000000114 ) ;
#7542 = DIRECTION ( 'NONE',  ( -0.000000000000000000, -0.000000000000000000, 1.000000000000000000 ) ) ;
#7543 = FACE_OUTER_BOUND ( 'NONE', #1303, .T. ) ;
#7544 = DIRECTION ( 'NONE',  ( -0.000000000000000000, -0.000000000000000000, -1.000000000000000000 ) ) ;
#7545 = CARTESIAN_POINT ( 'NONE',  ( -29.14298219578690308, 4.080732175172792964, -12.34999999999999964 ) ) ;
#7546 = CIRCLE ( 'NONE', #1441, 35.00000000000000711 ) ;
#7547 = AXIS2_PLACEMENT_3D ( 'NONE', #7461, #4620, #6345 ) ;
#7548 = ORIENTED_EDGE ( 'NONE', *, *, #2281, .F. ) ;
#7549 = CYLINDRICAL_SURFACE ( 'NONE', #883, 13.49999999999999822 ) ;
#7550 = ADVANCED_FACE ( 'NONE', ( #2554 ), #1975, .F. ) ;
#7551 = CARTESIAN_POINT ( 'NONE',  ( 0.000000000000000000, 31.00000000000000000, 67.50000000000000000 ) ) ;
#7552 = AXIS2_PLACEMENT_3D ( 'NONE', #181, #6576, #7206 ) ;
#7553 = AXIS2_PLACEMENT_3D ( 'NONE', #535, #1686, #2268 ) ;
#7554 = DIRECTION ( 'NONE',  ( 1.000000000000000000, 0.000000000000000000, 0.000000000000000000 ) ) ;
#7555 = CARTESIAN_POINT ( 'NONE',  ( -8.088705224614564315, 34.05270151420141644, 68.73257693896665899 ) ) ;
#7556 = EDGE_CURVE ( 'NONE', #874, #3462, #4597, .T. ) ;
#7557 = FILL_AREA_STYLE ('',( #476 ) ) ;
#7558 = CARTESIAN_POINT ( 'NONE',  ( -8.314335647359628823, -33.99831077896608633, 54.50065340017647486 ) ) ;
#7559 =( GEOMETRIC_REPRESENTATION_CONTEXT ( 3 ) GLOBAL_UNCERTAINTY_ASSIGNED_CONTEXT ( ( #3812 ) ) GLOBAL_UNIT_ASSIGNED_CONTEXT ( ( #5718, #2739, #5122 ) ) REPRESENTATION_CONTEXT ( 'NONE', 'WORKASPACE' ) );
#7560 =( NAMED_UNIT ( * ) SI_UNIT ( $, .STERADIAN. ) SOLID_ANGLE_UNIT ( ) );
#7561 =( NAMED_UNIT ( * ) SI_UNIT ( $, .STERADIAN. ) SOLID_ANGLE_UNIT ( ) );
#7562 = ORIENTED_EDGE ( 'NONE', *, *, #1259, .T. ) ;
#7563 = ORIENTED_EDGE ( 'NONE', *, *, #1596, .T. ) ;
#7564 =( GEOMETRIC_REPRESENTATION_CONTEXT ( 3 ) GLOBAL_UNCERTAINTY_ASSIGNED_CONTEXT ( ( #6552 ) ) GLOBAL_UNIT_ASSIGNED_CONTEXT ( ( #4870, #5508, #1944 ) ) REPRESENTATION_CONTEXT ( 'NONE', 'WORKASPACE' ) );
#7565 =( LENGTH_UNIT ( ) NAMED_UNIT ( * ) SI_UNIT ( .MILLI., .METRE. ) );
#7566 = CARTESIAN_POINT ( 'NONE',  ( 10.26029480722873899, 33.46231238974311850, 55.49999999999934630 ) ) ;
#7567 = COLOUR_RGB ( '',1.000000000000000000, 1.000000000000000000, 1.000000000000000000 ) ;
#7568 = DIRECTION ( 'NONE',  ( -0.000000000000000000, -0.000000000000000000, -1.000000000000000000 ) ) ;
#7569 = CARTESIAN_POINT ( 'NONE',  ( 33.46231238974307587, -10.26029480722885445, 69.49999999999936051 ) ) ;
#7570 = AXIS2_PLACEMENT_3D ( 'NONE', #5539, #2564, #866 ) ;
#7571 = ORIENTED_EDGE ( 'NONE', *, *, #558, .F. ) ;
#7572 = DIRECTION ( 'NONE',  ( 0.2419218955996566278, 0.9702957262759991375, 1.049727191138612409E-16 ) ) ;
#7573 =( LENGTH_UNIT ( ) NAMED_UNIT ( * ) SI_UNIT ( .MILLI., .METRE. ) );
#7574 = ORIENTED_EDGE ( 'NONE', *, *, #6682, .T. ) ;
#7575 = ORIENTED_EDGE ( 'NONE', *, *, #7617, .F. ) ;
#7576 = DIRECTION ( 'NONE',  ( -0.8660254037844415942, -0.4999999999999949485, 0.000000000000000000 ) ) ;
#7577 = ADVANCED_FACE ( 'NONE', ( #4827 ), #786, .T. ) ;
#7578 = ORIENTED_EDGE ( 'NONE', *, *, #7599, .F. ) ;
#7579 = CARTESIAN_POINT ( 'NONE',  ( -25.19678751731742139, 15.50000000000031442, 73.00000000000000000 ) ) ;
#7580 = PRODUCT_DEFINITION_CONTEXT ( 'detailed design', #7097, 'design' ) ;
#7581 = VERTEX_POINT ( 'NONE', #4343 ) ;
#7582 = CARTESIAN_POINT ( 'NONE',  ( 23.84906519527381974, -25.61683214824931198, 55.49999999999934630 ) ) ;
#7583 = CYLINDRICAL_SURFACE ( 'NONE', #2827, 1.249999999999998002 ) ;
#7584 = CARTESIAN_POINT ( 'NONE',  ( 10.02005192283314550, -33.53523330087094934, 68.73126142467575050 ) ) ;
#7585 = DIRECTION ( 'NONE',  ( -0.000000000000000000, -0.000000000000000000, -1.000000000000000000 ) ) ;
#7586 = CONICAL_SURFACE ( 'NONE', #859, 1.249999999999985789, 1.029744258676644764 ) ;
#7587 = EDGE_CURVE ( 'NONE', #1868, #3503, #6472, .T. ) ;
#7588 = EDGE_LOOP ( 'NONE', ( #7212, #2937, #1178, #6409 ) ) ;
#7589 = SURFACE_STYLE_USAGE ( .BOTH. , #2546 ) ;
#7590 = CIRCLE ( 'NONE', #5976, 35.00000000000000711 ) ;
#7591 = DIRECTION ( 'NONE',  ( -0.2588190451025214056, 0.9659258262890680902, -0.000000000000000000 ) ) ;
#7592 = CARTESIAN_POINT ( 'NONE',  ( -24.97875607266822229, -24.51702789250644798, 68.28232543929560450 ) ) ;
#7593 = ORIENTED_EDGE ( 'NONE', *, *, #7225, .T. ) ;
#7594 = FACE_OUTER_BOUND ( 'NONE', #488, .T. ) ;
#7595 = CARTESIAN_POINT ( 'NONE',  ( -20.06048951366941324, -26.24074618740784359, -12.34999999999999964 ) ) ;
#7596 = MECHANICAL_DESIGN_GEOMETRIC_PRESENTATION_REPRESENTATION (  '', ( #5222 ), #5980 ) ;
#7597 = CARTESIAN_POINT ( 'NONE',  ( -26.56296022294941395, 7.117523740319247061, 55.49999999999999289 ) ) ;
#7598 = DIRECTION ( 'NONE',  ( 0.000000000000000000, 0.000000000000000000, 1.000000000000000000 ) ) ;
#7599 = EDGE_CURVE ( 'NONE', #3854, #5144, #4862, .T. ) ;
#7600 = CARTESIAN_POINT ( 'NONE',  ( -10.10901967084367925, 33.50838199766766934, 68.86992887182175593 ) ) ;
#7601 = EDGE_CURVE ( 'NONE', #6162, #3578, #993, .T. ) ;
#7602 = CIRCLE ( 'NONE', #5738, 1.249999999999988010 ) ;
#7603 =( NAMED_UNIT ( * ) SI_UNIT ( $, .STERADIAN. ) SOLID_ANGLE_UNIT ( ) );
#7604 = CARTESIAN_POINT ( 'NONE',  ( 0.000000000000000000, 0.000000000000000000, 72.50000000000000000 ) ) ;
#7605 = ORIENTED_EDGE ( 'NONE', *, *, #90, .F. ) ;
#7606 = DIRECTION ( 'NONE',  ( -0.000000000000000000, 0.000000000000000000, 1.000000000000000000 ) ) ;
#7607 = CARTESIAN_POINT ( 'NONE',  ( -33.80740392011742301, 9.058666578588130847, 69.49999999999998579 ) ) ;
#7608 = ORIENTED_EDGE ( 'NONE', *, *, #881, .T. ) ;
#7609 = DIRECTION ( 'NONE',  ( 0.000000000000000000, 0.000000000000000000, 1.000000000000000000 ) ) ;
#7610 = ADVANCED_FACE ( 'NONE', ( #4265 ), #6219, .F. ) ;
#7611 = PRESENTATION_STYLE_ASSIGNMENT (( #6319 ) ) ;
#7612 = CARTESIAN_POINT ( 'NONE',  ( 25.58945755559273749, 23.87844043421779361, 55.17537727027525563 ) ) ;
#7613 = DIRECTION ( 'NONE',  ( 0.6946583704589899266, 0.7193398003386581863, 1.049727191138612779E-16 ) ) ;
#7614 = VERTEX_POINT ( 'NONE', #4231 ) ;
#7615 = ORIENTED_EDGE ( 'NONE', *, *, #4714, .T. ) ;
#7616 = SURFACE_STYLE_USAGE ( .BOTH. , #7018 ) ;
#7617 = EDGE_CURVE ( 'NONE', #4673, #705, #3834, .T. ) ;
#7618 = ORIENTED_EDGE ( 'NONE', *, *, #5026, .F. ) ;
#7619 = CARTESIAN_POINT ( 'NONE',  ( -24.63141749182848628, 24.86605022927832565, 70.74986216034436382 ) ) ;
#7620 = EDGE_LOOP ( 'NONE', ( #5178, #2143, #5227, #3383 ) ) ;
#7621 = DIRECTION ( 'NONE',  ( 1.000000000000000000, 0.000000000000000000, -0.000000000000000000 ) ) ;
#7622 = EDGE_LOOP ( 'NONE', ( #811, #4159, #942, #1185 ) ) ;
#7623 = DIRECTION ( 'NONE',  ( 1.000000000000000000, 0.000000000000000000, 0.000000000000000000 ) ) ;
#7624 = CARTESIAN_POINT ( 'NONE',  ( -7.845480241499842577, -34.10936000250131883, 69.33480505326377852 ) ) ;
#7625 = DIRECTION ( 'NONE',  ( -0.6946583704589899266, -0.7193398003386581863, 1.049727191138612779E-16 ) ) ;
#7626 = CARTESIAN_POINT ( 'NONE',  ( 9.375468758797987689, 33.72126086098818831, 56.71716962019198149 ) ) ;
#7627 = DIRECTION ( 'NONE',  ( -0.9659258262890673130, -0.2588190451025248473, -0.000000000000000000 ) ) ;
#7628 = ADVANCED_FACE ( 'NONE', ( #7364 ), #6723, .T. ) ;
#7629 = CIRCLE ( 'NONE', #5387, 1.249999999999997558 ) ;
#7630 = ORIENTED_EDGE ( 'NONE', *, *, #3857, .T. ) ;
#7631 = CARTESIAN_POINT ( 'NONE',  ( 7.117523740319341208, -26.56296022294938552, 69.49999999999998579 ) ) ;
#7632 = DIRECTION ( 'NONE',  ( -0.8660254037844349329, 0.5000000000000064393, 0.000000000000000000 ) ) ;
#7633 = ORIENTED_EDGE ( 'NONE', *, *, #2180, .F. ) ;
#7634 = FACE_OUTER_BOUND ( 'NONE', #1605, .T. ) ;
#7635 = FACE_BOUND ( 'NONE', #2875, .T. ) ;
#7636 = LINE ( 'NONE', #1950, #1419 ) ;
#7637 = FACE_OUTER_BOUND ( 'NONE', #6240, .T. ) ;
#7638 = CARTESIAN_POINT ( 'NONE',  ( -17.14999999999965397, 26.84678751731779656, 75.00000000000000000 ) ) ;
#7639 = ORIENTED_EDGE ( 'NONE', *, *, #5878, .T. ) ;
#7640 = DIRECTION ( 'NONE',  ( -0.000000000000000000, -0.000000000000000000, 1.000000000000000000 ) ) ;
#7641 = DIRECTION ( 'NONE',  ( 1.000000000000000000, 0.000000000000000000, 0.000000000000000000 ) ) ;
#7642 = SURFACE_STYLE_FILL_AREA ( #4030 ) ;
#7643 = VERTEX_POINT ( 'NONE', #3059 ) ;
#7644 = CARTESIAN_POINT ( 'NONE',  ( 24.03233799897525458, 25.44523616284838141, 54.73126142467577182 ) ) ;
#7645 = CARTESIAN_POINT ( 'NONE',  ( -8.089419755561475966, 34.05252645253751353, 70.26794143074936017 ) ) ;
#7646 = ORIENTED_EDGE ( 'NONE', *, *, #6221, .T. ) ;
#7647 = ORIENTED_EDGE ( 'NONE', *, *, #635, .T. ) ;
#7648 = CYLINDRICAL_SURFACE ( 'NONE', #1393, 1.249999999999997558 ) ;
#7649 = CARTESIAN_POINT ( 'NONE',  ( -28.49678751731741855, 15.50000000000031442, 75.00000000000000000 ) ) ;
#7650 = UNCERTAINTY_MEASURE_WITH_UNIT (LENGTH_MEASURE( 1.000000000000000082E-05 ), #3254, 'distance_accuracy_value', 'NONE');
#7651 = ORIENTED_EDGE ( 'NONE', *, *, #4196, .F. ) ;
#7652 = ORIENTED_EDGE ( 'NONE', *, *, #5011, .T. ) ;
#7653 = DIRECTION ( 'NONE',  ( -0.000000000000000000, -0.000000000000000000, 1.000000000000000000 ) ) ;
#7654 =( LENGTH_UNIT ( ) NAMED_UNIT ( * ) SI_UNIT ( .MILLI., .METRE. ) );
#7655 = CARTESIAN_POINT ( 'NONE',  ( -42.04961241126131455, -2.100000000000005418, 66.19999999999998863 ) ) ;
#7656 = CARTESIAN_POINT ( 'NONE',  ( -8.743371217143232954, -33.89065425741831916, 70.71781442879138524 ) ) ;
#7657 = CIRCLE ( 'NONE', #6898, 35.00000000000000711 ) ;
#7658 = VECTOR ( 'NONE', #1833, 1000.000000000000000 ) ;
#7659 = CARTESIAN_POINT ( 'NONE',  ( 24.97848192922793942, -24.51730871747280105, 70.71781442879139945 ) ) ;
#7660 = CARTESIAN_POINT ( 'NONE',  ( 25.59678751731763668, 15.49999999999993783, 67.50000000000000000 ) ) ;
#7661 = ORIENTED_EDGE ( 'NONE', *, *, #327, .F. ) ;
#7662 = CIRCLE ( 'NONE', #4279, 1.249999999999997558 ) ;
#7663 = CIRCLE ( 'NONE', #6907, 1.249999999999997558 ) ;
#7664 = ADVANCED_FACE ( 'NONE', ( #1314 ), #156, .F. ) ;
#7665 = CARTESIAN_POINT ( 'NONE',  ( 31.00000000000000000, -1.082359215041371340E-13, 67.50000000000000000 ) ) ;
#7666 =( LENGTH_UNIT ( ) NAMED_UNIT ( * ) SI_UNIT ( .MILLI., .METRE. ) );
#7667 = COLOUR_RGB ( '',1.000000000000000000, 1.000000000000000000, 1.000000000000000000 ) ;
#7668 = AXIS2_PLACEMENT_3D ( 'NONE', #2152, #2200, #5713 ) ;
#7669 = B_SPLINE_CURVE_WITH_KNOTS ( 'NONE', 3,
 ( #2817, #5211, #2126, #7600, #2742, #5126, #6873, #7508, #3949, #2160, #4542, #2248, #4627, #7555, #6267, #7002, #6353, #5845, #4456, #1015 ),
 .UNSPECIFIED., .F., .F.,
 ( 4, 2, 2, 2, 2, 2, 2, 2, 2, 4 ),
 ( 0.000000000000000000, 0.0004885477149880603854, 0.0009770954299761207707, 0.001465643144964181264, 0.001954190859952241541, 0.002442738574940301818, 0.002931286289928362529, 0.003419834004916422806, 0.003664107862410433646, 0.003908381719904444919 ),
 .UNSPECIFIED. ) ;
#7670 = B_SPLINE_CURVE_WITH_KNOTS ( 'NONE', 3,
 ( #7474, #5687, #930, #2017, #4345, #6273, #3172, #4933, #300, #7397, #824, #3280, #344, #5002, #7365, #5651, #896, #5578, #2556, #235 ),
 .UNSPECIFIED., .F., .F.,
 ( 4, 2, 2, 2, 2, 2, 2, 2, 2, 4 ),
 ( 0.003908381719904426704, 0.004396818631769956048, 0.004885255543635485392, 0.005373692455501013869, 0.005862129367366543213, 0.006350566279232072557, 0.006594784735164832892, 0.006839003191097594095, 0.007327440102963133847, 0.007815877014828675334 ),
 .UNSPECIFIED. ) ;
#7671 = CYLINDRICAL_SURFACE ( 'NONE', #3665, 1.249999999999986677 ) ;
#7672 = CARTESIAN_POINT ( 'NONE',  ( -34.07361988511522810, 7.999523156526525902, 68.86992887182175593 ) ) ;
#7673 = EDGE_LOOP ( 'NONE', ( #571, #6381, #5866, #3626 ) ) ;
#7674 = DIRECTION ( 'NONE',  ( 0.7193398003386644035, -0.6946583704589834873, 1.049727191138613395E-16 ) ) ;
#7675 = FACE_OUTER_BOUND ( 'NONE', #1617, .T. ) ;
#7676 = CIRCLE ( 'NONE', #7680, 1.649999999999998135 ) ;
#7677 = DIRECTION ( 'NONE',  ( -0.000000000000000000, -0.000000000000000000, 1.000000000000000000 ) ) ;
#7678 =( GEOMETRIC_REPRESENTATION_CONTEXT ( 3 ) GLOBAL_UNCERTAINTY_ASSIGNED_CONTEXT ( ( #2489 ) ) GLOBAL_UNIT_ASSIGNED_CONTEXT ( ( #5369, #4698, #7081 ) ) REPRESENTATION_CONTEXT ( 'NONE', 'WORKASPACE' ) );
#7679 = CARTESIAN_POINT ( 'NONE',  ( -26.23943641657126946, 8.324931023180571543, 69.49999999999998579 ) ) ;
#7680 = AXIS2_PLACEMENT_3D ( 'NONE', #3107, #1435, #3063 ) ;
#7681 = LINE ( 'NONE', #1671, #93 ) ;
#7682 = EDGE_CURVE ( 'NONE', #3027, #3001, #343, .T. ) ;
#7683 = CARTESIAN_POINT ( 'NONE',  ( -9.853558116862876304, 33.58438219073075715, 70.44215622177352998 ) ) ;
#7684 = ORIENTED_EDGE ( 'NONE', *, *, #3733, .F. ) ;
#7685 = CARTESIAN_POINT ( 'NONE',  ( -9.661250117069727139, 33.64022680846644420, 56.58541951627361755 ) ) ;
#7686 = CIRCLE ( 'NONE', #210, 1.649999999999997913 ) ;
#7687 = MECHANICAL_DESIGN_GEOMETRIC_PRESENTATION_REPRESENTATION (  '', ( #4179 ), #5575 ) ;
#7688 = DIRECTION ( 'NONE',  ( 1.000000000000000000, 2.693799693929904232E-16, 0.000000000000000000 ) ) ;
#7689 = CARTESIAN_POINT ( 'NONE',  ( 1.149066664678525695, -0.9641814145297351590, -12.34999999999999964 ) ) ;
#7690 = EDGE_CURVE ( 'NONE', #904, #655, #7091, .T. ) ;
#7691 = ADVANCED_FACE ( 'NONE', ( #3913 ), #975, .T. ) ;
#7692 = DIRECTION ( 'NONE',  ( 0.4999999999999976685, -0.8660254037844400399, 0.000000000000000000 ) ) ;
#7693 = ORIENTED_EDGE ( 'NONE', *, *, #5576, .T. ) ;
#7694 = EDGE_LOOP ( 'NONE', ( #4221, #2990, #656 ) ) ;
#7695 = DIRECTION ( 'NONE',  ( -0.000000000000000000, -0.000000000000000000, 1.000000000000000000 ) ) ;
#7696 = FILL_AREA_STYLE_COLOUR ( '', #722 ) ;
#7697 = FACE_OUTER_BOUND ( 'NONE', #1736, .T. ) ;
#7698 = CARTESIAN_POINT ( 'NONE',  ( -10.26029480722272957, 33.46231238974495881, 55.33480505326377141 ) ) ;
#7699 = ORIENTED_EDGE ( 'NONE', *, *, #712, .F. ) ;
#7700 = CIRCLE ( 'NONE', #6202, 1.649999999999998579 ) ;
#7701 = CYLINDRICAL_SURFACE ( 'NONE', #5457, 35.00000000000000711 ) ;
#7702 = CARTESIAN_POINT ( 'NONE',  ( -33.60029679248287948, 9.799659445077640640, 70.49858126598910246 ) ) ;
#7703 = EDGE_CURVE ( 'NONE', #3230, #6493, #5650, .T. ) ;
#7704 = PRESENTATION_LAYER_ASSIGNMENT (  '', '', ( #2695 ) ) ;
#7705 = CARTESIAN_POINT ( 'NONE',  ( 23.84906519527824642, 25.61683214824520505, 69.33480505326377852 ) ) ;
#7706 = VECTOR ( 'NONE', #5165, 1000.000000000000114 ) ;
#7707 = VERTEX_POINT ( 'NONE', #3356 ) ;
#7708 = CARTESIAN_POINT ( 'NONE',  ( 1.249999999999997558, 31.00000000000000000, 67.50000000000000000 ) ) ;
#7709 = B_SPLINE_CURVE_WITH_KNOTS ( 'NONE', 3,
 ( #321, #5149, #2192, #6372, #7584, #5112, #6945, #7495, #2344, #4044, #3684, #1796, #6128, #5277, #6520, #7287, #5874, #6650, #1933, #1765 ),
 .UNSPECIFIED., .F., .F.,
 ( 4, 2, 2, 2, 2, 2, 2, 2, 2, 4 ),
 ( 0.000000000000000000, 0.0004885477149880603854, 0.0009770954299761207707, 0.001465643144964181264, 0.001954190859952241541, 0.002442738574940301818, 0.002931286289928362529, 0.003419834004916422806, 0.003664107862410433646, 0.003908381719904444919 ),
 .UNSPECIFIED. ) ;
#7710 = CIRCLE ( 'NONE', #1846, 1.650000000000000355 ) ;
#7711 = EDGE_CURVE ( 'NONE', #346, #437, #6354, .T. ) ;
#7712 = SURFACE_STYLE_USAGE ( .BOTH. , #3043 ) ;
#7713 = AXIS2_PLACEMENT_3D ( 'NONE', #2612, #5673, #3227 ) ;
#7714 = SURFACE_SIDE_STYLE ('',( #59 ) ) ;
#7715 = DIRECTION ( 'NONE',  ( -0.9659258262890719759, 0.2588190451025066952, 0.000000000000000000 ) ) ;
#7716 = CIRCLE ( 'NONE', #4841, 30.00000000000000000 ) ;
ENDSEC;
END-ISO-10303-21;
